source_id,source_type,video_id,parent_id,is_reply,author,text,like_count,public
UgziTg8W-jC-schBybV4AaABAg,comment,52O3cYsyZMo,,False,@triplejj9341,"TSLA NEEDS TO SELL STOCK, IMPROVE THE QUALITY ON THE TESLA MODEL 3, AND TAKE MARKET SHARE AWAY FROM TOYOTA CAMRY AND LEXUS!",0,True
UgwNUiVNELOnPC8tZix4AaABAg,comment,52O3cYsyZMo,,False,@0x8badbeef,You say it handles better.  But can you feel the road with steer-by-wire?  Do you feel the forces acting on the front wheels in the steering wheel when you go hard around a corner?  Or that feel you get when you start to lose traction?,0,True
UgyzmurabdwANtPsZKR4AaABAg,comment,52O3cYsyZMo,,False,@IGoFast76,"It still looks pretty much the same as every other Tesla model 3. Minimum body modifications,  same old spartan plain Jane interior. They could've done so much better on styling. A wasted opportunity",0,True
UgwCS7jZWSwOQTYaWm54AaABAg,comment,52O3cYsyZMo,,False,@triplicateatom8927,Jesus loves y'all! ✝Put your faith and trust in Him!,0,True
UgxkUeKllNvx0W_E_L14AaABAg,comment,52O3cYsyZMo,,False,@nagasreenu926,"You are blessed buddy, May God continue to bless you, AMEN.",0,True
UgxPEsDxNIYtIWc13d14AaABAg,comment,52O3cYsyZMo,,False,@SirSquatchington-q2r,"For anyone who cares - I've had aluminum pedals on every car I've had before buying an AWD Model 3 which came with rubber ones. I got a set of carbon fiber pedal covers - which is all these are iirc, but aluminum. Install took 5 mins and the feel under your sole is exponentially better. Random thought, but it makes a huge difference. They cost significantly less than these pedal covers (Tesla sells, or sold them at one point), are stronger, and better made. Thing I've learned is that there is a third party maker of whatever tesla-brand accessory that you want, and half of them are better quality.",0,True
Ugwp5aDoZm6DklhY7X14AaABAg,comment,52O3cYsyZMo,,False,@PhatVu-vl9xk,Dừng lại cho thua đều đi,0,True
UgwRVAs8Omj6HabpMVZ4AaABAg,comment,52O3cYsyZMo,,False,@PhatVu-vl9xk,Thôi,0,True
UgyqE-NB9nJ9yghS7oJ4AaABAg,comment,52O3cYsyZMo,,False,@zr0dotiO,its gay,0,True
UgxAgGLzSuTbPF_Sw6d4AaABAg,comment,52O3cYsyZMo,,False,@seeny13,Please review the new Model Y performance when it comes to the US!,0,True
UgwrOITlbckRO1NAlpR4AaABAg,comment,52O3cYsyZMo,,False,@ghaithbm2731,Can’t wait till my 2026 get into production and delivered 🫠,0,True
Ugw4AEc7P1YtMTqgw554AaABAg,comment,52O3cYsyZMo,,False,@chrisp6044,I have a 992.2 GT3 Touring. Drove this today. Mind blown!,0,True
UgwigGrfiT9o4cxiodp4AaABAg,comment,52O3cYsyZMo,,False,@edaay334,"Have you ever, EVER, even taken a corner at speed? Try a track day already man, jesus christ...",0,True
Ugxi5dSfkjlWrvgqovJ4AaABAg,comment,52O3cYsyZMo,,False,@keithjames4658,You did Elon a real solid. He should put you on the payroll . I still would not own another Tesla but nice car if you don’t mind Elons political stance.,0,True
Ugx919i1fESAzzvrBvR4AaABAg,comment,52O3cYsyZMo,,False,@JamesTheCarGuy,The buttons aren’t bad geez everyone complaining about something so small,1,True
Ugze74ztkCo7lKP0uQh4AaABAg,comment,52O3cYsyZMo,,False,@07flameisback,"5:15 water bottle coming in like ""lemme drive the boat""😂",1,True
Ugy2PLvHKJ9E-3hyQuF4AaABAg,comment,52O3cYsyZMo,,False,@robthewindowcleaner,Awesome car. Just got mine in May. Really enjoying it. Much better than the dual motor.,1,True
UgxjzHB7Dw32Eu2s7Fd4AaABAg,comment,52O3cYsyZMo,,False,@z6316,"Im hoping they discontinue model s and all specs from that car, like yoke steering wheel, digital gauge cluster, door handles, and insane acceleration are ported over to duture performance versions of their cars. I think that the best way to do it",0,True
UgxjzHB7Dw32Eu2s7Fd4AaABAg.AIi9SkHz7O2AJAQfzFjyEf,comment,52O3cYsyZMo,UgxjzHB7Dw32Eu2s7Fd4AaABAg,True,@sufficetosay,Yoke is terrible. I traded in my Plaid after the yoke slipped out of my hands during a turn on a super busy road! Almost crashed in into a pole. I thought the yoke was super cool till I had it.,0,True
UgxjzHB7Dw32Eu2s7Fd4AaABAg.AIi9SkHz7O2AJAco-kgoUq,comment,52O3cYsyZMo,UgxjzHB7Dw32Eu2s7Fd4AaABAg,True,@z6316,@sufficetosay this is why they need steer by wire.,0,True
UgxjzHB7Dw32Eu2s7Fd4AaABAg.AIi9SkHz7O2AJBV4ZWrabu,comment,52O3cYsyZMo,UgxjzHB7Dw32Eu2s7Fd4AaABAg,True,@sufficetosay,"@z6316 We have steer by wire, don't we? I don't think any Tesla has a steering shaft anymore. The model3 has fantastic steering imo AND a good steering wheel.",0,True
Ugy9h_CitDVaFivaEyh4AaABAg,comment,52O3cYsyZMo,,False,@tdogg8291,"1. No engine, less engaging. 
2. Can't do a full refuel in 3mins.
3. Battery pack degrades over time and will need to switch out in 7yrs.
4. Ugly car, not a flex at all, not luxurious. 
5. Every Joe can get one.
6. Requires you own or rent a house, otherwise you live at charging stations.
7. Can't take long road trips easily, or you'll need to map out stations and add hours to trip to refuel. 
8. Unlike a BMW M3, you drive this hard for 10 or 15mins, you'll be stuck at a charging station. 
9. You won't be turning any heads.
10. You get in an accident, good luck getting your car back quickly. 
11. Lacks the soul of an ICE performance sports car, no eargasms or feeling the engine. 
12. Horrible choice if you live where winters get below 32 degrees, battery charge capacity decreases substantially. 

Conclusion: I'd take a slower more engaging ICE sports car any day of the week over this EV. Respect for Elon, but hard pass on any EV. To each their own though, do you 👍",1,True
Ugy9h_CitDVaFivaEyh4AaABAg.AI6HOB4HQhmAJASyaOjoJ1,comment,52O3cYsyZMo,Ugy9h_CitDVaFivaEyh4AaABAg,True,@sufficetosay,"Makes me laugh at most of your ignorant negs which are totally untrue. ICE cars are great too but since you obviously don't own an EV nor have you ever why ignorantly bash it? If I lived in an apartment I would definitely go ice but as you mentioned if you live in a house it's a no brainer, for me. Are you mad because you live in an apartment and the car wont work well with your lifestyle? I have owned badass ice cars and will buy more but Tesla's will always be my dd. One day you will figure it out.",2,True
Ugy9h_CitDVaFivaEyh4AaABAg.AI6HOB4HQhmAJAdMD0AU2G,comment,52O3cYsyZMo,Ugy9h_CitDVaFivaEyh4AaABAg,True,@tdogg8291,"​@sufficetosay lol I've been in Teslas and know people have owned them, even the performance versions too. Guess what? They've all owned them for a year or two and went back to sporty ice cars 🤷‍♂️ it is what it is..",0,True
Ugy9h_CitDVaFivaEyh4AaABAg.AI6HOB4HQhmAJBVnUF0D2z,comment,52O3cYsyZMo,Ugy9h_CitDVaFivaEyh4AaABAg,True,@sufficetosay,@tdogg8291 Now I totally believe that. As much as I love Tesla's and will probably always have one as a dd they are not as enjoyable to drive as a good ice car. I have always owned an ice car as well to drive for enjoyment.,0,True
UgwwHyv1dFhkBO8gp6R4AaABAg,comment,52O3cYsyZMo,,False,@tanveerkhalili5268,Too bland. Older model s way better,0,True
UgwwHyv1dFhkBO8gp6R4AaABAg.AHQncU2m7fvAJAT7caJWKU,comment,52O3cYsyZMo,UgwwHyv1dFhkBO8gp6R4AaABAg,True,@sufficetosay,I owned 3 of them and I disagree.,1,True
Ugx3-KLXsjb_BNUX_5B4AaABAg,comment,52O3cYsyZMo,,False,@deanprater12,Does anybody know what type of camera this dude is using?,0,True
Ugx3-KLXsjb_BNUX_5B4AaABAg.AHHi6w0j6mJAJZsS2t8i2S,comment,52O3cYsyZMo,Ugx3-KLXsjb_BNUX_5B4AaABAg,True,@wurly164,Why don't you ask him,0,True
Ugzq6mq077ytJU8j8pt4AaABAg,comment,52O3cYsyZMo,,False,@JacobAsmuth,So crazy that just a few shorts months after this video Elon Musk would get up on stage at Donald Trump's inauguration and do a double Roman Salute,0,True
UgyO3Gnt0sZ4H0tMa2B4AaABAg,comment,52O3cYsyZMo,,False,@the_farsickness,"""It's like a golf cart that goes really fast""...",0,True
UgyB67ys148JhGIN1uJ4AaABAg,comment,52O3cYsyZMo,,False,@7Fauday,I NEED TO GET MY MONEY UP 1ST,0,True
Ugx7bvggJnUw6pN5NTV4AaABAg,comment,52O3cYsyZMo,,False,@liam1902,"UPDATE (MARCH 4 2025) - For Model 3 in US, Tesla just introduced 0% Financing (on top of $7500 tax credit) & $500 off when using a Tesla Referral -- mine is available right when you land on my page! 🙂",1,True
UgwRirhYYVVVnT5TiXB4AaABAg,comment,52O3cYsyZMo,,False,@blackmonk72,I am so tempted to buy this Tesla,2,True
UgwRirhYYVVVnT5TiXB4AaABAg.AE0RQRjy3deAEUDZwgr7Vs,comment,52O3cYsyZMo,UgwRirhYYVVVnT5TiXB4AaABAg,True,@tiff0920,They have some savings going on right now. $2500 off Model 3! Posted a YouTube short yesterday with the referral code to use,0,True
UgwRirhYYVVVnT5TiXB4AaABAg.AE0RQRjy3deAFGNMZE5XPE,comment,52O3cYsyZMo,UgwRirhYYVVVnT5TiXB4AaABAg,True,@liam1902,"UPDATE (MARCH 4 2025) - For Model 3 in US, Tesla just introduced 0% Financing (on top of $7500 tax credit) & $500 off when using a Tesla Referral -- mine is available right when you land on my page! 🙂",0,True
UgzYuZAp3CCClE_jkD94AaABAg,comment,52O3cYsyZMo,,False,@vladdracul9813,Here's where democracy lives. Choose not to buy MUSK mobiles in support of democracy or Buy them in support of Oligarchs and become like Russia. Same goes for YouTubers who promote products that support the demise of Democracy. Auto Focus is a good channel. We will see if they have a spine or are part of the problem.,0,True
UgzYuZAp3CCClE_jkD94AaABAg.ADgpbpRPP1VAFW3C1d62-p,comment,52O3cYsyZMo,UgzYuZAp3CCClE_jkD94AaABAg,True,@OfficialXM394,😂,0,True
UgzYuZAp3CCClE_jkD94AaABAg.ADgpbpRPP1VAIgaqpFJzw3,comment,52O3cYsyZMo,UgzYuZAp3CCClE_jkD94AaABAg,True,@pickledpeppers1577,"I pledge allegiance to the flag and to THE REPUBLIC for which it stands.....   News flash dolt, we are a Constitutional Republic and ""Democracy"" as described rightly so by Plato is the second worst form of government to live in.",1,True
UgzYuZAp3CCClE_jkD94AaABAg.ADgpbpRPP1VAJZsfTe3Nr4,comment,52O3cYsyZMo,UgzYuZAp3CCClE_jkD94AaABAg,True,@wurly164,"It's about the car, not your stupid liberal thinking",0,True
Ugxxu2V-Yg_p3j8XWzR4AaABAg,comment,52O3cYsyZMo,,False,@ibbi2206,"bought it 2 weeks ago, never had a tesla. the car is fantastic! not going back to another company",23,True
UgxV9XGyh_7zugOr8T14AaABAg,comment,52O3cYsyZMo,,False,@grouponful,Bought 2024 m3p. After incentives 42k 0% financing for 36 months but then tax after.  Hate taxes! Doing full satin black ppf🔥🔥🔥,1,True
UgxYm7pMvtluv_cQdRR4AaABAg,comment,52O3cYsyZMo,,False,@Paultricounty,"Whaaat, no drive time, no 1/4 mile numbers?",0,True
UgybCJdSbZBbIY_4ZEF4AaABAg,comment,52O3cYsyZMo,,False,@MultiShawnt,Moving from a 2023 w/75k miles to 24 MP3     ; ),1,True
UgzWg1o4lliEJd2U67B4AaABAg,comment,52O3cYsyZMo,,False,@David_Smith_,Where is the Speedometer? How does the driver know what speed the vehicle is traveling?,0,True
UgzWg1o4lliEJd2U67B4AaABAg.ACGTqyOj5VyACUkWQcnLX9,comment,52O3cYsyZMo,UgzWg1o4lliEJd2U67B4AaABAg,True,@Tschacki_Quacki,It's on the screen as soon as you put the car into drive.,0,True
UgwtqRwXzt3MIi-IsxZ4AaABAg,comment,52O3cYsyZMo,,False,@cherifdiallo3997,rewiews r great but do POV driving,0,True
UgwM5j-UmryNJ9mfLXp4AaABAg,comment,52O3cYsyZMo,,False,@GregMintel,Thanks for this well done Video.,0,True
UgwQmPnDJl5iHbeIMNh4AaABAg,comment,52O3cYsyZMo,,False,@b-7478i,But what about the 0-96 time?,11,True
UgxxcevRE5llfokVmQp4AaABAg,comment,52O3cYsyZMo,,False,@CorgEV,"Baffling stats, No track pads, no carbon ceramic brakes, 510 hp & 0-60 in 2.9s. 😮 this is utmost GT-like car, don’t take it to track or the brakes will get cooked.",1,True
UgxxcevRE5llfokVmQp4AaABAg.AAaTgzdAGhaAAaVrdlzi4g,comment,52O3cYsyZMo,UgxxcevRE5llfokVmQp4AaABAg,True,@CorgEV,Would slap a suspension upgrade and sports kit with performance brakes and that would be an additional $$$,1,True
Ugz1OO03v1b0TPyWuYN4AaABAg,comment,52O3cYsyZMo,,False,@BrianSeattleClarets,Where is the fuckin 0-60????,1,True
Ugz1OO03v1b0TPyWuYN4AaABAg.AAJMpjVs8zJAJZsmSrwsRU,comment,52O3cYsyZMo,Ugz1OO03v1b0TPyWuYN4AaABAg,True,@wurly164,In the title 🤦‍♂️,0,True
UgzHC6aCIJucxu_hzEJ4AaABAg,comment,52O3cYsyZMo,,False,@OCloker,why do people even care about the 0-60 speed? In what kind of a trackmania world are you all living?,1,True
UgxDRRUld0dpHQnDBJZ4AaABAg,comment,52O3cYsyZMo,,False,@edwardthecar2300,"I love tech, i Love cars marques does it all",0,True
UgzOAg7QfNUoAg7x7fh4AaABAg,comment,52O3cYsyZMo,,False,@felipefc9747,"Anyone else is having problems with automatic breaking enhancement improvements? 2024 26.8. After this update my car breaks unexpectedly, I almost had 2 accidents already while in the highway. The car breaks unexpectedly because potential obstacles on the sides. Luckily the cars behind managed to break before hitting but I’m afraid one distracted driver will hit me one of this days",0,True
Ugzs82CJzG9KSGdM3v54AaABAg,comment,52O3cYsyZMo,,False,@Icantfindabetterhandle,"I like the model 3. It has a lot of passenger and trunk space. And, it's cheap!",0,True
UgwDIxHE5AVAMOX98694AaABAg,comment,52O3cYsyZMo,,False,@Lukadoinkkic,This car is amazing…. Several incorrect things in this review tho.,1,True
UgwDIxHE5AVAMOX98694AaABAg.A9-323QEtPvAD7VaPUPzfT,comment,52O3cYsyZMo,UgwDIxHE5AVAMOX98694AaABAg,True,@Bnslamb,It would be nice if you could share what is incorrect.,0,True
UgzR9sTWiREjCsgDYhV4AaABAg,comment,52O3cYsyZMo,,False,@Pt0118,“Can you not” 😂 I’m watching all the reviews like I’m listening to an audiobook. Every review is very eloquently explained and descriptive.,2,True
UgwhAgPSmjPJmD7HRWJ4AaABAg,comment,52O3cYsyZMo,,False,@Valhalla99911,They should have put a seperate instrument cluster for the driver seat,1,True
UgwhAgPSmjPJmD7HRWJ4AaABAg.A8Rykium5iUA9lshyahLMF,comment,52O3cYsyZMo,UgwhAgPSmjPJmD7HRWJ4AaABAg,True,@B41LL13,"Yeah or even a head up display, I would of preferred indicator and drive/reverse stalk to stay as well",0,True
UgzReQysv2I8E7g_spt4AaABAg,comment,52O3cYsyZMo,,False,@AyeP22,Test drove the M3P and my gosh that car is fast,1,True
UgytLlS3BTTYFWKn-CN4AaABAg,comment,52O3cYsyZMo,,False,@bradhespe4629,You can’t put up the OK sign.  It triggers democrats,2,True
Ugy7Mzff4nE2eGBsgl54AaABAg,comment,52O3cYsyZMo,,False,@randomjunk4138,"My uncle has one of these and it’s quick, like quick quick",1,True
Ugw-px2runLbJbwo9cZ4AaABAg,comment,52O3cYsyZMo,,False,@EdvinDzafcic,Delivery T-Minus  2hrs 11 minutes,0,True
Ugx_t_UVcputNprreLV4AaABAg,comment,52O3cYsyZMo,,False,@WBK83,It’s nice but I got my 2023 M3b for 21.8k so I’m happy,1,True
Ugy9K1Imib1orwIeqVd4AaABAg,comment,52O3cYsyZMo,,False,@ferdinandhe5239,"4 piston brakes, might need to upgrade to 6 pistons Brembo aftermarket and ps4s",0,True
UgwBKWdC8Rvt2awmIsx4AaABAg,comment,52O3cYsyZMo,,False,@mintyurban14006,Marques should keep switching betwen pixel 9 pro and 15 pro max on different color cars for his autofocus channel,0,True
UgyNV0j95ejuVoXaBBh4AaABAg,comment,52O3cYsyZMo,,False,@Iamjbaldwin307,i’ve been watching this for over a decade and he’s still good looking😍,0,True
Ugyf-tKkLKaFBFPljvB4AaABAg,comment,52O3cYsyZMo,,False,@kevinperry93,"You've got terrific video content with just an iPhone 15 pro, a lot of information, and relationships in business. thank you",0,True
Ugzv3Ka84StCn3V35DZ4AaABAg,comment,52O3cYsyZMo,,False,@Aetherlight021,"You mentioned that the seats are an upgrade from the base Model 3 seats, but is that from a performance perspective, comfort, or both?",0,True
Ugzv3Ka84StCn3V35DZ4AaABAg.A6w8snuSTqVA7pT8Gm0RAv,comment,52O3cYsyZMo,Ugzv3Ka84StCn3V35DZ4AaABAg,True,@mcsike7264,both,0,True
Ugw0_OnEclytZfdQD2N4AaABAg,comment,52O3cYsyZMo,,False,@Supramandon,it's a 10 second 1/4 mile car. yeah high 10's BUT WHO THE FREAK RUNS 10'S lol car is fasttttttttttt,1,True
UgwQM-LTXlrHQPUJhp94AaABAg,comment,52O3cYsyZMo,,False,@GreenohoLlc,I would like to know what canyon road did you go to in the video,0,True
Ugx_chLe51p6UnxAoDF4AaABAg,comment,52O3cYsyZMo,,False,@JabbaTheNutz,Still firmly believe Tesla would benefit heavily from a heads up display in the windshield.,1,True
Ugw_qw0IndyJ9ISlJYZ4AaABAg,comment,52O3cYsyZMo,,False,@ic3kendee,Can you please compare it side by side with the ioniq 5n on track and on normal road.,1,True
Ugytx_FHKMh2kdjMSAN4AaABAg,comment,52O3cYsyZMo,,False,@mattg7271,I will never understand how car manufacturers don’t make all seat bolsters adjustable….its like making a jacket only in one size,0,True
UgxgRBvlLQnHg_BOzH94AaABAg,comment,52O3cYsyZMo,,False,@tananazc,Amazing,0,True
UgyVZOTPkWll3q024Jx4AaABAg,comment,52O3cYsyZMo,,False,@tvman8,I just ordered that exact car. I appreciate your review.  Thank you.,1,True
Ugy4vjn8lVUtOXluVc54AaABAg,comment,52O3cYsyZMo,,False,@JaradVonNguyen,can you not?,0,True
UgyjPGeKl-Hqj8m8nZl4AaABAg,comment,52O3cYsyZMo,,False,@bmwmd110,"These fast Tesla's are like watching porn with the sound off. Nothing replaces the visceral feel of a real car. I was bored of my Plaid in a month, then it started falling apart from the inside out. Back to the M5 i went after 1 year. Took a bath on the trade in, no one wanted it.",0,True
Ugzmkptp7b-C5qZKSmp4AaABAg,comment,52O3cYsyZMo,,False,@jimbo9953,Too bad it still looks like a model 3. Still ugly. The Model S is so much better looking.,1,True
UgxKAAEiomn4qanm1id4AaABAg,comment,52O3cYsyZMo,,False,@jimbo9953,Did you actually do 0-60 in 2.9secs or is this just a theoretical like the Dodge Demon 0-60 in under 2 secs.,0,True
Ugy2DEq7tWPAlu7Gcl14AaABAg,comment,52O3cYsyZMo,,False,@kchandra3638,Where can I find a list of restaurants visited? I am planning a trip to Tamilnadu from US just for the amazing food! Will you cover other cities?,0,True
UgzgLFxCguN5cNY1OHd4AaABAg,comment,52O3cYsyZMo,,False,@LearningFast,"10.75 @ 127 mph 1/4 mile, 0-60 mph in 2.7, and 313 miles of range with my new Highland Model 3 Performance.
https://youtu.be/0dAJoGz4bx0?si=iIaZ3lQNWxMN8r-D",3,True
UgxexeaxkhaSmELfbuN4AaABAg,comment,52O3cYsyZMo,,False,@MageEditz-ontop,"Now it is only $33,000 after savings",1,True
Ugw8n-YRmGbjbjFNcmh4AaABAg,comment,52O3cYsyZMo,,False,@mariohess1851,Missing the Geese,0,True
UgxijHUcRapmZgRvD0R4AaABAg,comment,52O3cYsyZMo,,False,@stevendumont4156,Excellent review! Thank you,0,True
UgxEFPQ9lwXtVTvyuHR4AaABAg,comment,52O3cYsyZMo,,False,@Blake-wk4nx,Hey why u don’t have a camera man ?,0,True
Ugz0Y4p8QZGgXa39xzx4AaABAg,comment,52O3cYsyZMo,,False,@alijabbar99,Can you get your hands on a NIO? Would be awesome.,0,True
Ugx1XQF6VoIN7opO41d4AaABAg,comment,52O3cYsyZMo,,False,@shawnriv9,Which color looks the best on the performance?,1,True
Ugzt7YDkkrGTL9NL-QV4AaABAg,comment,52O3cYsyZMo,,False,@9mmaster538,Good job I really liked the review I'm considering getting one.,0,True
UgzDUBgJiFi_PZTGfmJ4AaABAg,comment,52O3cYsyZMo,,False,@MisterJohnwick99,Its gone off Tesla website you can't even buy one what gives?,0,True
UgzGu3YOI5jJM_Bu8Np4AaABAg,comment,52O3cYsyZMo,,False,@A1R4RC1,I get mines in two days 😆😛,2,True
UgwBAm5bed35uNtl_Mx4AaABAg,comment,52O3cYsyZMo,,False,@Fanzindel,Herr Kraemer (JP Performance) sent me here,0,True
UgyFi17vphFd8Htdxcp4AaABAg,comment,52O3cYsyZMo,,False,@KirPrajay,What about the cabin noise?,0,True
UgzbkfNR0oMmfHlG3ZZ4AaABAg,comment,52O3cYsyZMo,,False,@wreckinball11,I'm glad you speak for everybody on the steering wheel buttons.(insert sarcasm),1,True
UgwOT4JtFsX7xri3OMd4AaABAg,comment,52O3cYsyZMo,,False,@LazyDisciplined,"A heads up display would’ve been nice, but overall it’s definitely an upgrade from the outgoing model 3.",0,True
UgzEHLuXw_uubM_okhh4AaABAg,comment,52O3cYsyZMo,,False,@jodiwright3062,I hate the m3 so much. The no HUD is annoying. The model S plaid is still better to me.,0,True
UgytstvKTEk721YN3jF4AaABAg,comment,52O3cYsyZMo,,False,@samislam5946,Tryna think of a custom license plate for my 2024 M3P that’s sum baller shit (so far have come up with ENVYD and QUIET) give me some ideas please 🙏🏽,0,True
Ugxmf0JalclbA1wgHbF4AaABAg,comment,52O3cYsyZMo,,False,@belovedsonia,This Tesla Model 3 looks sick! I would love to own a Tesla Model 3 one day.,1,True
UgyAHhDyzO42FKFOyRl4AaABAg,comment,52O3cYsyZMo,,False,@EvCharging-mbo,"Can we take electricity from Tesla vehicles and actually realize V2L, will everyone order it?",0,True
Ugz54gEjivSWxyAmfIx4AaABAg,comment,52O3cYsyZMo,,False,@Comraderevolutionary12,1k subscribers and then I'll definitely buy the tesla,1,True
UgyPRv-y_Ijl8mmQjZN4AaABAg,comment,52O3cYsyZMo,,False,@madanwaiba3106,🇺🇸🦅💪🏻,0,True
Ugwge9VJQ8O0zVK0OjV4AaABAg,comment,52O3cYsyZMo,,False,@podge5555,Rear privacy glass would finish this off nicely,0,True
Ugxh_Mdszd1QfB2qSxp4AaABAg,comment,52O3cYsyZMo,,False,@DwightSchrute1966,5% tint all around and this things beautiful.,0,True
UgwuYgf1JBlqAElPXgB4AaABAg,comment,52O3cYsyZMo,,False,@raceGPT,Was considering getting the G80 BMW M3 for my DD... but likely going '24 M3P instead and pocketing the change instead 🤪,0,True
Ugy1NQeI7_KDjRthK6R4AaABAg,comment,52O3cYsyZMo,,False,@chrisb1047,The 2.9s 0-60 is not real look at teslas website they put an asterisk on the 0-60 time they don’t include a 1 foot rollout on the timing which is deceptive.,0,True
Ugy1NQeI7_KDjRthK6R4AaABAg.A4Oc8ghYBogACUlMrVFegY,comment,52O3cYsyZMo,Ugy1NQeI7_KDjRthK6R4AaABAg,True,@Tschacki_Quacki,"It's very real and it's an average.
You can do better than 2.9 secs with a warm battery and a high state of charge.",0,True
UgwH1Eo65zam_77jjGZ4AaABAg,comment,52O3cYsyZMo,,False,@justinsmith4839,need those windows tinted!,0,True
UgxzwMnbH6M1eMBSY894AaABAg,comment,52O3cYsyZMo,,False,@mr_eduard8280,"For 54k its amazing, If only the UK model didn't cost 90k tho D:",0,True
Ugzk7qWI1o1lUg-eScx4AaABAg,comment,52O3cYsyZMo,,False,@xorkatoss,"why you put ""0-60 in 2.9 seconds"" in the title if you are not gonna launch it and show us the results?? doesn't make sense!

also Tesla is the KING of EVs, can't wait for Tesla Model 2 (rumoured), us poor people need more affordable choices lol",1,True
UgwbdNeVhXjzJXlYXDZ4AaABAg,comment,52O3cYsyZMo,,False,@WillProwse,4050 lbs??? My porsche gt4 is 3858 lbs. Thats insane. I almost cant believe it.,1,True
UgwbdNeVhXjzJXlYXDZ4AaABAg.A46tW9LOrr5AK1HnMIgGHz,comment,52O3cYsyZMo,UgwbdNeVhXjzJXlYXDZ4AaABAg,True,@jameswillard1,"Unless you drive around with about 700lbs of junk in the car, your GT4 is not anywhere near 3,800 lbs",0,True
UgwNhecxuj-wDxaIdyd4AaABAg,comment,52O3cYsyZMo,,False,@killianlanders4924,I love you kermit the frog,0,True
UgxXXzg2DauMXRuu_pR4AaABAg,comment,52O3cYsyZMo,,False,@nickcouI,I'll consider buying a tesla when they do physical climate control and options to remove all the cameras.,0,True
Ugy6hnNXojBueH8bQa94AaABAg,comment,52O3cYsyZMo,,False,@EraserHeadTv,Still debating if I want a model 3 or S…anybody have recommendations?,0,True
UgymfqezTjoArFMjjyF4AaABAg,comment,52O3cYsyZMo,,False,@petilee1,"Finally my car exists(95born here) i want my hands on it in 4 years.
Nice video the place is gorgeous and feels peaceful.",0,True
UgwpjMup9h2tqCsXCmh4AaABAg,comment,52O3cYsyZMo,,False,@itsmohitkhudotiya,bruh do u even ball,0,True
UgyL3inP9tCp-Ma_JV54AaABAg,comment,52O3cYsyZMo,,False,@jamnorge,I am just waiting for the day my model 3 offers me an update that includes EV sounds by Hans Zimmer or the sound design team that worked on Elite Dangerous.  I still miss my ice and the feelings it gave me on the road.  I want my car pulling off sounding like a starship.  😂,0,True
Ugx6m9WdxAR6YvIO6cN4AaABAg,comment,52O3cYsyZMo,,False,@anthonybertolini6153,Boring... How about an ID.4 review?,0,True
UgzzzpGm3KjcmHfSrLR4AaABAg,comment,52O3cYsyZMo,,False,@christopher-aceto,How much quieter is it inside? How much smoother is the ride?,1,True
UgzL9pjqBeMz_xTMX9t4AaABAg,comment,52O3cYsyZMo,,False,@rkworth1,"i heard the stereo /speaker system is better than the last gen model 3, is this correct?",0,True
UgzOi3qoySyoWEXD6jZ4AaABAg,comment,52O3cYsyZMo,,False,@dafunk1080,this or model s?,0,True
Ugz2v4U5ArV_rKx4SbR4AaABAg,comment,52O3cYsyZMo,,False,@207GTBEE,"Think it should have black roof lining as well as A,B and C piller. The cream one they went with looks cheaper",0,True
UgwRLj9PbAKtmkcnpJR4AaABAg,comment,52O3cYsyZMo,,False,@ifzarik,nice!,0,True
UgyasYni5nfXJhj38nx4AaABAg,comment,52O3cYsyZMo,,False,@theGRguy,just imagine a model 3 performance shooting brake under $60k,0,True
UgzMEpNjhvl0h1fK2DV4AaABAg,comment,52O3cYsyZMo,,False,@DmJeTeamster,Why nobody posts videos in HDR...,0,True
Ugy284eh2hw0GLHyseB4AaABAg,comment,52O3cYsyZMo,,False,@rahimk,Can you review SU7 or BYD seal,0,True
UgwAj-NWEZFX84-zY254AaABAg,comment,52O3cYsyZMo,,False,@hugdeath929,Like the look of the front and rear splitters. Don’t like the wheels and the car looks really bland to me in that color. Their minimal interior looks boring and labor intensive to operate. Yes new seats look nice 👍. I would imagine that it really is fun to drive and their software it’s definitely advanced.  If I could own 4 vehicles I might lease one.,0,True
UgxMfdTryOyyEF8CRsp4AaABAg,comment,52O3cYsyZMo,,False,@marienguyen2501,"I ,love the simplicity of the model 3 interior.  I love my 2018 lrm3 and happy to see they kept the clean and modern looking",4,True
UgxMfdTryOyyEF8CRsp4AaABAg.A3b7JytkCZwA3b8-eTj-S4,comment,52O3cYsyZMo,UgxMfdTryOyyEF8CRsp4AaABAg,True,@marienguyen2501,Don’t ever want to drive a car that makes noise again.  Hope they steer clear of fake or simulated noises,2,True
UgxMfdTryOyyEF8CRsp4AaABAg.A3b7JytkCZwA4mxZTykZjO,comment,52O3cYsyZMo,UgxMfdTryOyyEF8CRsp4AaABAg,True,@marienguyen2501,"@Ryne785 mine is great, does not rattle and worth every penny I spent on it almost 6 years ago.  I have driven it 2018 and still do and it is something I look forward to every time.  Also on losing value, all cars do that…at least the ones your average person drives; I am not concerned about that.",1,True
Ugzf54G5sYCB92UEGCF4AaABAg,comment,52O3cYsyZMo,,False,@hunternewberry5860,to say theres no noise is incorrect. its just not so loud and obnoxious that it will wake up your neighbors,1,True
UgwLf3QTnnaNlJvuB194AaABAg,comment,52O3cYsyZMo,,False,@ahmadalkilani,"Look, 2 things that have me look away from this car (and any similar car) the stupid Capacitive buttons for turn signals and the range. When the turn signals are stalks again and the range is 400+ miles at least, you can have my money. Until then, meh… don’t care. From someone driving electric cars from 2014.",0,True
Ugy6nImuCLNitDepw894AaABAg,comment,52O3cYsyZMo,,False,@GregVamos,Bro's held at gunpoint 😅,0,True
Ugwqilh7W6AIV-WwbpJ4AaABAg,comment,52O3cYsyZMo,,False,@muhammadusmanansari3480,"But, it's no (992) 911 Turbo S, is it? 😁😉",0,True
Ugznmaj5jyaDjBKFoAN4AaABAg,comment,52O3cYsyZMo,,False,@pourtierbeatz7804,So u can drift in this model 3? Since it has s drift mode?,0,True
Ugyjc2Ik9D78hUAt5Ud4AaABAg,comment,52O3cYsyZMo,,False,@MultiIDK1234,"bruh tesla is cooked, but yall keep falling for it.",0,True
UgwageFwXuQw6dPeBKt4AaABAg,comment,52O3cYsyZMo,,False,@DD-xx8wh,"an amazing accomplishment Tesla team, congrats",0,True
UgxkXPPaZAA0AbHCdsp4AaABAg,comment,52O3cYsyZMo,,False,@xxxmarekxxx505,SUPER💚💚💚,0,True
Ugy3kdwD4xtzmKbmFe14AaABAg,comment,52O3cYsyZMo,,False,@bikerdude22,How's the steering feel?,0,True
Ugy3kdwD4xtzmKbmFe14AaABAg.A3O1FReQOwkA3XRuguO9Tv,comment,52O3cYsyZMo,Ugy3kdwD4xtzmKbmFe14AaABAg,True,@jeremyventurino9481,"Feedback is decent, not amazing. It's still electric. But very quick steering ratio. Low center of gravity and quick steering make it feel very sporty.",1,True
Ugy3AdXfZO_20zzbPe14AaABAg,comment,52O3cYsyZMo,,False,@kslshaw,"@autofocus Hi MKHHD , have you tested NIO cars ?",0,True
UgyUeHt1vfE4Etn8axp4AaABAg,comment,52O3cYsyZMo,,False,@alaindimanche6956,De   la  merde  cette   voiture,1,True
Ugz-Uyh4HVrRe4ivj5h4AaABAg,comment,52O3cYsyZMo,,False,@yzth3ory630,Where’s the speedo/rpm gauges on the touchscreen?!?,0,True
UgxA0ESSx4_Y_PrvunJ4AaABAg,comment,52O3cYsyZMo,,False,@Coyote.five.0,"i take my long range non performance model to the track often , i cant even comprehend how this is going to drive im impressed 👍👍",0,True
UgyWPdOQJCse9x4VxhB4AaABAg,comment,52O3cYsyZMo,,False,@douglaskrueger357,Meh,0,True
UgyDHKOWSfxCKlxSb7F4AaABAg,comment,52O3cYsyZMo,,False,@rachaelturin6384,I love Tesla,1,True
UgxjWhhfHwBPwyHHFQl4AaABAg,comment,52O3cYsyZMo,,False,@csmoore,"Nice review.    Are the rims same width front/back, or just the tires wider with same size rims?",0,True
Ugycez9_cJBRPaZL_Xp4AaABAg,comment,52O3cYsyZMo,,False,@eryu8263,"Upgraded from 2020 Model 3 (which I loved to death and couldn't even imagine how it could ever be improved aside from body/trim issues) => 2024 Model 3 LR few days ago. Oh boy, the difference is like switching from Camry to BMW 3. The overall heft, the way doors open/close, overall trim, handling, mood lights, no-stalk driving, backseat screen, ventilated seats, improved struts, etc., all make it feel like a completely different class of car. Highly recommend.

The 1 and only negative is that it feels a bit heavier - what I liked the most about my 2020 Model 3 was that for a very heavy car it felt so light and handling overall felt so effortless like a work of art. 2024 Model 3 LR on the other hand feels a bit more like a hefty luxury car with, and it leads to more physical exertion when handling.",23,True
UgyNVr-_pqLOsHYZ-up4AaABAg,comment,52O3cYsyZMo,,False,@taylorsmunich5360,"All talk ,no test drive. Sounds good, doesn't drive",1,True
Ugycdkmmxl3zsxKIU1l4AaABAg,comment,52O3cYsyZMo,,False,@KenFerris,"The track stuff is good and all but how does this ""Highland"" performance compare to the 2024 so-called ""Highland"" M3LR as far as handling and ride quality/quietness?",0,True
Ugzn_g-p_PO8tZnLr_54AaABAg,comment,52O3cYsyZMo,,False,@TODDesigner,I don't care about buttons. Opening sunroof would be amazing. I need it in Quicksilver.,2,True
UgztSKfE3C4ZnzPzgqV4AaABAg,comment,52O3cYsyZMo,,False,@EV_2point9,"Nice! I just saw one today at the dealership in Vegas

https://youtube.com/shorts/E7q4u0EBQUU?si=9BBAN8THjJj07VQ5",0,True
Ugz1wNB-LNm-dKSHZ9R4AaABAg,comment,52O3cYsyZMo,,False,@alexnutcasio936,"So, what did we learn?  It’s quicker and faster in the qtr mile than a G80 M3 for $45k less.",0,True
UgwjfRJOLW2cd5Gu3rN4AaABAg,comment,52O3cYsyZMo,,False,@2ile1,"So, can we fully close regenerative mode as 0?",0,True
Ugz8LooIW0lxFDY9H9N4AaABAg,comment,52O3cYsyZMo,,False,@SergeiFedorov77,"I think that the design changes were pretty subtle but definitely improvements! It looks sportier that the previous model, definitely more ""sleek"". Great video as always!",0,True
UgwAnNbHlTIThzBcKSJ4AaABAg,comment,52O3cYsyZMo,,False,@svfun5263,Too bad we have a dog and need my Y. My wife has the ‘21 sr+ which I find so much more entertaining to drive! Can’t afford changing into this one for my wife… Yet😉 Great review!,0,True
UgyBZzjMRCEYYtQBYgd4AaABAg,comment,52O3cYsyZMo,,False,@knowname_ly,I feel like everyone else knows this but I aways thought he recorded on a camera not an iPhone,0,True
Ugx5q9T0ci-FF8_UIgZ4AaABAg,comment,52O3cYsyZMo,,False,@funnymemes54321,Test fsd,1,True
Ugx7fcyDG7wt9D4K4Ax4AaABAg,comment,52O3cYsyZMo,,False,@TheUKNZ,If they made it a hatch back opening trunk like the MY and MS it would be the perfect car.,2,True
Ugx7fcyDG7wt9D4K4Ax4AaABAg.A39-Lfem1_6A3GbqrnZjQA,comment,52O3cYsyZMo,Ugx7fcyDG7wt9D4K4Ax4AaABAg,True,@jacobslegos4182,this and a tilt screen :),1,True
Ugxq4eph-AUGPd9b43V4AaABAg,comment,52O3cYsyZMo,,False,@johnmcelhinny5419,"Great video, just convinced me to order new. Thank you.",0,True
UgyUl4AiUmRY_JAlW7Z4AaABAg,comment,52O3cYsyZMo,,False,@andreasl4507,Volvo EX30. Is wayyyy better❤,1,True
Ugw0uKk8hEjIeW3Puid4AaABAg,comment,52O3cYsyZMo,,False,@Brockpurdythegreat,didn't touch on the suspension system its not dumb anymore,0,True
UgyV-SLYCZQGhhqz6RB4AaABAg,comment,52O3cYsyZMo,,False,@AI.Overlord.X,Same 0-60 as the new Ferrari V12,1,True
UgykAqtQE7efEJMdTsF4AaABAg,comment,52O3cYsyZMo,,False,@thang619,People need to stop supporting this 🤡.,0,True
UgykAqtQE7efEJMdTsF4AaABAg.A36A8kJEqkNA373jFkLlJx,comment,52O3cYsyZMo,UgykAqtQE7efEJMdTsF4AaABAg,True,@AI.Overlord.X,Imagine being this fragile..,2,True
UgyRytIltULjRv3lR0t4AaABAg,comment,52O3cYsyZMo,,False,@tezla4672,I wonder how it does with cooling on track.,0,True
UgxN5iBqAl4_7Jqt_xx4AaABAg,comment,52O3cYsyZMo,,False,@Jeff_Furlong,How come you never talk about the extremely bad build quality of the Teslas question?,0,True
UgxN5iBqAl4_7Jqt_xx4AaABAg.A35vOOsXibuA373qvzc9Kr,comment,52O3cYsyZMo,UgxN5iBqAl4_7Jqt_xx4AaABAg,True,@AI.Overlord.X,"Because generalizing it shows ignorance on the topic.   It's not as bad as it once was.  And the only people who bring it up constantly, have never been around a Tesla in person.",3,True
UgyDsCbQXs9QTwBUWWt4AaABAg,comment,52O3cYsyZMo,,False,@ramalhoeanes,"Really can't understand the power figures. In other countries Tesla is talking about 461kw, which means 618 hp!",0,True
UgwKi95QdM_pxwmkI5J4AaABAg,comment,52O3cYsyZMo,,False,@ShishRobot,"Would a Model 3 performance rwd possible? the fun of driving rwd is a miss from a ""performance"" car, it's a big selling point of the base model 3",0,True
Ugyqp2cRwByUL7Kg8ah4AaABAg,comment,52O3cYsyZMo,,False,@51KTM51Hurricane,"please pick up the garbage...
even it is not yours...
Earth will thank you🙏🏾",0,True
Ugygm7-5h--erapzUr54AaABAg,comment,52O3cYsyZMo,,False,@KrystalRook,"Are you going to respond to CNBC hit piece on Tesla's FSD? It titled ""Tesla's big gamble: Full Self-Driving in the wild"" and it was aired a couple days ago, especially since they featured you in it.❓❓❓",0,True
Ugygm7-5h--erapzUr54AaABAg.A350nkvAzPIA374-x9Swq9,comment,52O3cYsyZMo,Ugygm7-5h--erapzUr54AaABAg,True,@AI.Overlord.X,CNBC 😂,1,True
UgxA-3sIFD2-UETPIUF4AaABAg,comment,52O3cYsyZMo,,False,@timd1893,looks nice until you put a front plate on it,0,True
UgxFWpEGdsJ8AzWqLJB4AaABAg,comment,52O3cYsyZMo,,False,@wardleworld,"Not having air suspension which enables adjusting height for an even lower model 3 vs an S will be an issue   those parking lots, ramps or other irregular areas makes it a no go for me",0,True
Ugys4RnmlvOfou6LaYN4AaABAg,comment,52O3cYsyZMo,,False,@marcusmason3100,I would like to see  take at this car at this price point with these performance specs compared to the new Porsche all electric Macan.,0,True
UgwQrmrmvhd3oyAFOu14AaABAg,comment,52O3cYsyZMo,,False,@Jthuma,Just ordered the new 3 performance today. I own 23 model 3 performance.  Can’t wait.,0,True
UgyRLW828qfunhLWdRN4AaABAg,comment,52O3cYsyZMo,,False,@sunpwrd,"To those who feel EVs are ""soulless"" because they don't make noise, keep in mind that noise, in addition to being a problem in itself, means that pollution is being generated that contributes to over 7 million deaths every year. It means you are contributing 19lbs of CO2 for every gallon of gas you burn, and it means you are supporting the oil industry and all the harm that causes. So maybe it's better to forgo that aspect of driving since noisy polluting cars can't hold a candle to the performance of EVs anymore. ICE loses on every metric now. Only foolish people who enjoy causing harm will buy new ICE from here on.",0,True
UgzWWY-51qWnU7jTk4l4AaABAg,comment,52O3cYsyZMo,,False,@ryanniemiller659,just ordered mine,1,True
UgwXPct4z1mK88cJ7hF4AaABAg,comment,52O3cYsyZMo,,False,@MrWaz411,The thumbnail refers to how fast the charge is gone😂,0,True
UgwXPct4z1mK88cJ7hF4AaABAg.A31X_7ZueUoA374EblVjt9,comment,52O3cYsyZMo,UgwXPct4z1mK88cJ7hF4AaABAg,True,@AI.Overlord.X,Car guys never worry about MPG.   But the equivalent is all they talk about for EVs.  The hypocrisy is wild.,1,True
UgwXPct4z1mK88cJ7hF4AaABAg.A31X_7ZueUoA374Fi6LG8H,comment,52O3cYsyZMo,UgwXPct4z1mK88cJ7hF4AaABAg,True,@AI.Overlord.X,Stay mad with your slower car.,2,True
UgwXPct4z1mK88cJ7hF4AaABAg.A31X_7ZueUoA3EH62QhvhQ,comment,52O3cYsyZMo,UgwXPct4z1mK88cJ7hF4AaABAg,True,@MrWaz411,"Apparently, your point of view isn't helping sales",0,True
UgwXPct4z1mK88cJ7hF4AaABAg.A31X_7ZueUoA3cUgLMIbsH,comment,52O3cYsyZMo,UgwXPct4z1mK88cJ7hF4AaABAg,True,@slefficit,"@MrWaz411 Sales need to slow down, they can't keep up with demand!",0,True
UgzXsy-HtXdUcs3L6uJ4AaABAg,comment,52O3cYsyZMo,,False,@TheEngine-q5h,"These cars are stupid great values. But man, theres no soul. Im conflicted.",0,True
UgxXDHWWZTXuRP8whdh4AaABAg,comment,52O3cYsyZMo,,False,@dioscur87,Tesla is so basic...,0,True
UgymNru76GhDMekvirN4AaABAg,comment,52O3cYsyZMo,,False,@pepinobatenburgo2638,Love the pixel fold 2 though!,0,True
UgxwzjC-YF8Oyaq2MVp4AaABAg,comment,52O3cYsyZMo,,False,@KaZe-gs2ru,Wtf this car looks insanely good. Almost like the latest Ferrari,1,True
UgwxAYuL4DDRZnaElLB4AaABAg,comment,52O3cYsyZMo,,False,@fengstar1,"It's fast.  I'd never buy one.
But I guess in an era where most people under 30 don't know how to drive a stick anymore, this is peak ""performance car"" for the price.",0,True
UgxJ7WUtDRYt-A81_o94AaABAg,comment,52O3cYsyZMo,,False,@มดแดง-ฃ3ข,โลกนี้มีมนุษย์เจ็ดพันล้านเรามีเหตุผลที่คิดต่างกัน แต่บทสรุปของเรื่องนี้มันจะมีแค่สองคำตอบเท่านั้นไม่ทำถูก ก็ทำผิด?,1,True
UgxrdhEFx455IlLSxVN4AaABAg,comment,52O3cYsyZMo,,False,@deeagnol,They tried to rip off Nio with the front end.  Chinese EVs got Elon and the US government shooketh 😂,0,True
UgztgC3jCMfXTsS-Mbl4AaABAg,comment,52O3cYsyZMo,,False,@foolishEmporer,"FYI.   If you choose this car, be careful about picking the red color.  If you do, you may loose your tax break because it brings the MSRP over the limit for the tax credit.   I believe that all other colors are OK.   I think the limit is $55k.   With the current price at $53k, the $2000 red color adder will bring you over.",0,True
Ugz-IIslfEyko-3s0Zd4AaABAg,comment,52O3cYsyZMo,,False,@ConstantineTitan,Thanks man. Seriously. I just put my order in today for a white performance based off your review! It tipped me over to go grab it! I'm sooooo excited!!!! And to let everyone know. I got a white performance with black interior and after the 7500 tax credit it came to 53k and some change out the door.,1,True
Ugz-IIslfEyko-3s0Zd4AaABAg.A2zh3GF5MZRA43wkmQ5N_D,comment,52O3cYsyZMo,Ugz-IIslfEyko-3s0Zd4AaABAg,True,@Neuro_Divergent,"It starts at 52,990 for everyone else and ends up at around 45k",0,True
UgzZeA-FDnXDdRw7mER4AaABAg,comment,52O3cYsyZMo,,False,@ashok845,Funny how Tesla's only advertising point for most of their new cars is just 0-60 numbers. Under 2 sec is impressive but 2.9 is not that out of the world because many ICE cars can do it too. I know at least BMW M5 and M3 xdrive versions can do that stock.,0,True
UgzHpdCSr_UfYoZWC1N4AaABAg,comment,52O3cYsyZMo,,False,@Jasper.191,hi can you please go check it out CANOO EV Cars. I would like you to take a look and love to hear your thoughts.,0,True
UgyD30mDHL7vddvzG9Z4AaABAg,comment,52O3cYsyZMo,,False,@flatline1877,"....""a little less than a mile a day"" that part made my jaw drop. (Usable solar power)",0,True
UgwiAbOqjE4Nnkfe9Lt4AaABAg,comment,52O3cYsyZMo,,False,@johnmuzquiz1650,A Tesla cane do 0-60 in -2 seconds. But its still a pile of 💩,0,True
Ugzo09MPXgqt-vs8h8N4AaABAg,comment,52O3cYsyZMo,,False,@thatmidlifevlogger4463,Thanks man. Wondering what phone you are using for this channel,0,True
UgyKQ1P9ingq4iaEQaV4AaABAg,comment,52O3cYsyZMo,,False,@maeguk1,"Volkswagen got an insane flood of negative feedback with the ID family having these idiotic capacitive buttons on the steering wheel. And now Tesla adopts the same thing. An absolute deal breaker. In a moving car that shakes and vibrates the chances that you accidentally press, mis-press or get distracted by making sure you really did press the button, are increasingly higher than with a ""traditional"" button solution. Let alone the missing stalks; so these all make me perfectly satisfied with my 2022 M3 LR...",0,True
Ugx9CtcjZhW_CILK5c94AaABAg,comment,52O3cYsyZMo,,False,@Uptownv,this build and quality of this car looks amazing. i love these new sport bucket seats. I have a 23 MSLR which I love due to the elegant ride with the air suspension but if I didnt have that i would get this one!,0,True
UgwNB-auFcGlftaGvFV4AaABAg,comment,52O3cYsyZMo,,False,@rustyosgood5667,Love your videos and the way you review stuff. I would add that the physics difference between a 4 second 0-60 car and a 2 second 0-60 car is staggering. It takes twice the horsepower to begin with. That the only difference between the S and S Plaid is roughly 500 horsepower is actually profound. The extra cost is well worth it in my opinion...I am soon to upgrade my M3P to a Plaid.,0,True
Ugw9nYhn0jfVzEm61t54AaABAg,comment,52O3cYsyZMo,,False,@TheLokkiee,Speak for yourself Marcus I do NOT want any buttons.. 5 year tesla owner,0,True
UgzmUllDAJs53l-OIB94AaABAg,comment,52O3cYsyZMo,,False,@mcguirehome,Well done 🙌🏼,0,True
Ugyt4VLnWlYUaOemRd54AaABAg,comment,52O3cYsyZMo,,False,@jeffery672002,Pretty chill on the sub-3 second for under $60k comment. How much do other sub-3 cars cost. The Honda Civic or Toyota Corolla that people always use for cost comparisons are NOT an appropriate comparison.,0,True
UgzzZJ4TgRJxHbSiot54AaABAg,comment,52O3cYsyZMo,,False,@stevenhill3136,Very nice improvements to an already great car. Anyone who’s driven an electric car knows there’s no going back to gas. No comparison and being much more efficient is a bonus. Getting about 3OO miles for just $7 of electricity,0,True
UgxGtj3hcERKqe4f1w54AaABAg,comment,52O3cYsyZMo,,False,@bogdan2142,"Nobody cares about 0-60 as long as you drive it with 55 on the highway! Nobody needs 0 to 60 in day by day usage! We only need high speed charging and higher mileage!
I need 400-500 km with 130km/h and 20-30 min full charged!",0,True
Ugybsn3gjig7i1mapp94AaABAg,comment,52O3cYsyZMo,,False,@ddb5736,"The spoiler is the very same spoiler from the previous Performance and the pedals are also the same, those are not updates. Just saying...",0,True
UgwXVADaT7yGjzvjWlZ4AaABAg,comment,52O3cYsyZMo,,False,@pva527,"Cheap looking car.. nothing exciting.. cheap interiors.. no dash .. overall ugly !  If you want to buy a Tesla, buy a model S. Period ! Everything else is junk.",0,True
Ugx7LC86R-cDF0_2cr54AaABAg,comment,52O3cYsyZMo,,False,@victorvek5227,"If they’re working with Pirelli for the summer, they should work with Nokian for the winters. Forums are always flooded with people trying to become engineers every November to figure out what wheels / tires fit each model for winters (in places where all-season just doesn’t cut it).",0,True
UgxcXjBzhJ8mCLuPhPF4AaABAg,comment,52O3cYsyZMo,,False,@minoberi,I would feel ripped off buying this and receiving a car with hub caps! haha,0,True
UgzgyPT_fMmCQ2GEUih4AaABAg,comment,52O3cYsyZMo,,False,@alonzosaiz77,Great info! Thanks!,0,True
UgwD3QehWn850gXqUol4AaABAg,comment,52O3cYsyZMo,,False,@максимкай-к5л,Купи ладу веста из россии 😂,0,True
Ugx3rjmN314d97a9wrd4AaABAg,comment,52O3cYsyZMo,,False,@benington2144,How much better is it than the 2023 M3P?,0,True
UgymLuSb4xs653eYt6J4AaABAg,comment,52O3cYsyZMo,,False,@gopiganth8975,Mkhbd under a knife,0,True
UgwjfZSwZE8pTZ3O8jJ4AaABAg,comment,52O3cYsyZMo,,False,@mackan7086,"This is not a sub 3 second car! 
If one read the fine print it shows that 2.9 seconds is with rollout. So that means it does like 6-60 in 2.9.
I wish Tesla would be more honest about these things and not try to fool people about their cars performance. 
It is fast anyway, even without the attempt to fool people. NONE of the other car makers is using rollout in their numbers. This is something only used in the world of dragracing. Last time I checked Tesla is not!",0,True
UgwNfaIUyb_CKnykaqB4AaABAg,comment,52O3cYsyZMo,,False,@AL3Xmedia,"what they should have done is made the Plaid/performance versions widebody, just like Audi does with RS versions, and Porsche with turbo s, its need to be special or its just another boring car. I see hundreds of model 3s on the road every day (in norway) and there isnt really anything that sticks out with the performance versions other than the red brakes and a spoiler which is cheap AF and could have been done as a mod for 100-300usd.",0,True
UgwhMA35mcL_uFLxAX94AaABAg,comment,52O3cYsyZMo,,False,@DavidBrown-X,"Turn buttons is a deal breaker for me, such a shame",3,True
UgwhMA35mcL_uFLxAX94AaABAg.A2tBgJL29tYA4AThNgbFAQ,comment,52O3cYsyZMo,UgwhMA35mcL_uFLxAX94AaABAg,True,@julle5417,Oh noooo no buttons 😟 0-100kmh in 2.9 sec for 53k but theres no buttons 😔 degen,0,True
UgyuooMuZpgbq8hPVvN4AaABAg,comment,52O3cYsyZMo,,False,@quicky4059,Bro the breathing in after every sentence is driving me nuts lol,0,True
UgxNRm09jbZSm1IecWh4AaABAg,comment,52O3cYsyZMo,,False,@AdrianClavijo,"Do you have a segment for the most affordable cars on the market. Or what would you say is the simplest car on the market. I jsut need a car. Not a tracking device nor do i need a computer. An electric car that is just that, a bare bones, affordable, car.",0,True
Ugysid2PZQzzlDz7oHd4AaABAg,comment,52O3cYsyZMo,,False,@elmacron19,"what is that in the middle of your chest, a mic ?",0,True
UgyBMR-ZkQRw4RcncAl4AaABAg,comment,52O3cYsyZMo,,False,@bakrznagui7384,can anyone tell if that small circular thing stuck to his chest is a mic? if so which mic is it?,0,True
Ugw6ZrcS5cOwUW107Xl4AaABAg,comment,52O3cYsyZMo,,False,@lekanoyebamiji7782,“Can you not” 😂😂😂😂,0,True
UgzKT1Rls0x-rkrPWFB4AaABAg,comment,52O3cYsyZMo,,False,@Keluoduo,Is it tiring to look so handsome every day ? Greating from France,0,True
UgziwbZKF-jWxamQqSx4AaABAg,comment,52O3cYsyZMo,,False,@nmalele0909,Aesthetically looks like a Kia 3 😂,0,True
UgxiW8baDuBKc3zElBB4AaABAg,comment,52O3cYsyZMo,,False,@RACETOTHEFINISH7,"An ""American Beauty"" moment with the plastic water bottle blowing in the wind. lol",0,True
UgyPIjPGcxiHaVfm7Gx4AaABAg,comment,52O3cYsyZMo,,False,@kelvinmuller5586,"I'm favoured, $22K Every DAY TRADE! With WONGHUATRADE I can now give back to the locals in my community and also support Less Privilege. God bless America.",17,True
UgyPIjPGcxiHaVfm7Gx4AaABAg.A2rClgqF00WA2rCqVyAHV5,comment,52O3cYsyZMo,UgyPIjPGcxiHaVfm7Gx4AaABAg,True,@mengmanyuen7186,"How can i Meet him, I want to Trade!",0,True
UgyPIjPGcxiHaVfm7Gx4AaABAg.A2rClgqF00WA2rCxdlrQJf,comment,52O3cYsyZMo,UgyPIjPGcxiHaVfm7Gx4AaABAg,True,@hendrikusjoop9550,"Investing in crypto/forex is a good idea,
a good trading system would put you
through many days of success.",0,True
UgyPIjPGcxiHaVfm7Gx4AaABAg.A2rClgqF00WA2rD0nc7DZ_,comment,52O3cYsyZMo,UgyPIjPGcxiHaVfm7Gx4AaABAg,True,@lodewijkschuyler7890,"Investing $15,000 and received $174,000",0,True
UgyPIjPGcxiHaVfm7Gx4AaABAg.A2rClgqF00WA2rD31lgzVA,comment,52O3cYsyZMo,UgyPIjPGcxiHaVfm7Gx4AaABAg,True,@millerdavis1729,"Same, I met Wonghuatrade last
year for the first time at a conference in
Manchester, after then my family
changed for good.",0,True
UgyPIjPGcxiHaVfm7Gx4AaABAg.A2rClgqF00WA2rD6Fsom9j,comment,52O3cYsyZMo,UgyPIjPGcxiHaVfm7Gx4AaABAg,True,@rheekim7854,"YES!!! That's exactly His Wonghuatrade so many people have
recommended highly about him and am
just starting with him from United States",0,True
UgyPIjPGcxiHaVfm7Gx4AaABAg.A2rClgqF00WA2rDBam8992,comment,52O3cYsyZMo,UgyPIjPGcxiHaVfm7Gx4AaABAg,True,@semhelen2384,I just Googled his name and his website came up right away. It looks interesting so far. I'm going to book a call with him and let you know how it goes thanks,0,True
UgyPIjPGcxiHaVfm7Gx4AaABAg.A2rClgqF00WA2rDFtbLiSQ,comment,52O3cYsyZMo,UgyPIjPGcxiHaVfm7Gx4AaABAg,True,@jeansricherwin5839,He appears to be well-educated and well-read. I ran a Google search on his name and came across his website; thank you for sharing.,0,True
UgyPIjPGcxiHaVfm7Gx4AaABAg.A2rClgqF00WA2rDK3ti9x9,comment,52O3cYsyZMo,UgyPIjPGcxiHaVfm7Gx4AaABAg,True,@michaelsmith-tw7eo,"Thanks for sharing, I just looked him up on the web and I would say he really has an impressive background in investing. I will write him an e-mail shortly..",0,True
UgyPIjPGcxiHaVfm7Gx4AaABAg.A2rClgqF00WA2rDUFVKc4P,comment,52O3cYsyZMo,UgyPIjPGcxiHaVfm7Gx4AaABAg,True,@utewaltraud8813,"Thanks, I just googled him I'm really impressed with his credentials. I reached out to him since I need all the assistance I can get.",0,True
UgyPIjPGcxiHaVfm7Gx4AaABAg.A2rClgqF00WA2rD_X1dRNS,comment,52O3cYsyZMo,UgyPIjPGcxiHaVfm7Gx4AaABAg,True,@lucaslucymato9835,"Thanks, I just googled him I'm really impressed with his credentials. I reached out to him since I need all the assistance I can get.",0,True
UgyPIjPGcxiHaVfm7Gx4AaABAg.A2rClgqF00WA2rDdNUb1zC,comment,52O3cYsyZMo,UgyPIjPGcxiHaVfm7Gx4AaABAg,True,@nelsonkingowen3266,Investing in Crypto market is the best financial decision anyone can make because the crypto market is much more better than anything else currently,0,True
UgyPIjPGcxiHaVfm7Gx4AaABAg.A2rClgqF00WA2rDic04w4x,comment,52O3cYsyZMo,UgyPIjPGcxiHaVfm7Gx4AaABAg,True,@gibssongareth7064,Please how do y'all even make so much from crypto trading?,0,True
UgyPIjPGcxiHaVfm7Gx4AaABAg.A2rClgqF00WA2rDkxGD4md,comment,52O3cYsyZMo,UgyPIjPGcxiHaVfm7Gx4AaABAg,True,@catharinaabigael9701,"I need a financial advisor who will help me with financial planning, investment decisions, and wealth management",0,True
UgyPIjPGcxiHaVfm7Gx4AaABAg.A2rClgqF00WA2rDnbuj17X,comment,52O3cYsyZMo,UgyPIjPGcxiHaVfm7Gx4AaABAg,True,@adelheydgreetje8836,"Any recommendations on investments, assistance with portfolio building?",0,True
UgyPIjPGcxiHaVfm7Gx4AaABAg.A2rClgqF00WA2rDpjSt3FX,comment,52O3cYsyZMo,UgyPIjPGcxiHaVfm7Gx4AaABAg,True,@robertoabidal4141,I will mention and recommend wonghuatrade,0,True
UgyPIjPGcxiHaVfm7Gx4AaABAg.A2rClgqF00WA2rE7CTqZ2r,comment,52O3cYsyZMo,UgyPIjPGcxiHaVfm7Gx4AaABAg,True,@anabelleauton9183,Tell him one of his clients directed you to him,0,True
UgyPIjPGcxiHaVfm7Gx4AaABAg.A2rClgqF00WA2rEJQRWBny,comment,52O3cYsyZMo,UgyPIjPGcxiHaVfm7Gx4AaABAg,True,@antoinettairena5274,"He's often interacts on Telegrams, using the user-name",0,True
UgyPIjPGcxiHaVfm7Gx4AaABAg.A2rClgqF00WA2rEVdonwSt,comment,52O3cYsyZMo,UgyPIjPGcxiHaVfm7Gx4AaABAg,True,@kamilajudita1901,"I searched him up on the web, and I have sent him a message. I hope he gets back to me soon",0,True
UgyPIjPGcxiHaVfm7Gx4AaABAg.A2rClgqF00WA2zFsYs82_u,comment,52O3cYsyZMo,UgyPIjPGcxiHaVfm7Gx4AaABAg,True,@carolusfrits1816,"He's often interacts on Telegrams, using the user-name",0,True
UgwPhCpCkad4GKbUUoZ4AaABAg,comment,52O3cYsyZMo,,False,@usabloggerbook,👉super info bro.,0,True
Ugz38ezRH907B79apbZ4AaABAg,comment,52O3cYsyZMo,,False,@MyTubeLux,Love it and happy its quiet. Woohoo,0,True
Ugx8jF2rGf5u4ZRFzLN4AaABAg,comment,52O3cYsyZMo,,False,@NorroTaku,"Like the facelift
Rest is just smoke and mirrors 

Okays the facelift is also just a nothing burger
This is the model 3.5
More if what the 3 should gave been

But still a Tesla 
Shit quality 
Asinine design choices (no buttons or levers)
And stupid elon tax
(Dont want to fund that moron)",0,True
UgzdVHyyxohufDJo10N4AaABAg,comment,52O3cYsyZMo,,False,@Thecsyu,Probably only review pointing out its 10mm lower! Could be a big deal for those who live in area with a lot of speed bump,0,True
UgzmsLE-GDzwzvlmvpR4AaABAg,comment,52O3cYsyZMo,,False,@jackjeter7527,shot in iPhone 😉,0,True
Ugz48GbuqF7tjRNFT4d4AaABAg,comment,52O3cYsyZMo,,False,@alexi007,и этому парню с макияжем можно верить?,0,True
UgxR73DUyo8kiWfclZJ4AaABAg,comment,52O3cYsyZMo,,False,@Theguyintheplacewiththething,Attacked by geese filming videos at home. Attacked by trash in California. Makes sense. P.S. the performance model in the Santa Monica showroom has the clicky buttons on the steering wheel. I guess we’ll see what happens in mass production,1,True
UgzZb1iAogDCHXxkjex4AaABAg,comment,52O3cYsyZMo,,False,@cinthe3,"The savage geese will fly in soon,  don't worry ;)",0,True
UgwjmBKgUZlb0V6bbhF4AaABAg,comment,52O3cYsyZMo,,False,@AadidevSooknananNXS,Please do the Pagani Utopia!,0,True
Ugxe8IapT4_KfW11JGR4AaABAg,comment,52O3cYsyZMo,,False,@olegvorkunov5400,Wow. It will take me to work in 6 seconds.,0,True
UgzCBS4IjWkoT6hyQdd4AaABAg,comment,52O3cYsyZMo,,False,@hpautosport715,"How much ""bigger"" are the brakes front and rear? Diameter and thickness of the rotors?",0,True
UgziVOdeLqONMoG1gAh4AaABAg,comment,52O3cYsyZMo,,False,@110341,"Dude that beard is lit.
Marques Plaid Performance!",0,True
UgxUOt6grjuJsKbAP3R4AaABAg,comment,52O3cYsyZMo,,False,@tranquility701,Too much talking 😢😮,0,True
Ugwd_tFjtnbuR721wXd4AaABAg,comment,52O3cYsyZMo,,False,@wakematta,Does someone really care about 2.9s ? 😅,0,True
UgxBbbqbufLg8v_KhYF4AaABAg,comment,52O3cYsyZMo,,False,@bosslic_,his neck is so short,0,True
UgwgWApJJnlhoZmDyqR4AaABAg,comment,52O3cYsyZMo,,False,@JustDave-m7y,I thought the tires were 19 inch in the front and 20 inch in the back not 20 all around,0,True
UgyE5UPfetRP1E3z4aJ4AaABAg,comment,52O3cYsyZMo,,False,@775lineman,No heated middle seat? I’m sure my 2021 has it,0,True
UgyeH9UF4VuzdRz5nYl4AaABAg,comment,52O3cYsyZMo,,False,@dangrass,kind of a less than great episode. Please take a look at what some of your competitors are doing.,0,True
UgzPsInivC3OilMkehJ4AaABAg,comment,52O3cYsyZMo,,False,@Petar120,When you have 1 good thing about the car so you market it forever everything else is subpart,0,True
Ugx-TsZX521-MO5RHAZ4AaABAg,comment,52O3cYsyZMo,,False,@user-re8jn7iz3f,your hair isn‘t rendering correctly in the sun,0,True
Ugx-TsZX521-MO5RHAZ4AaABAg.A2ot_o1Ea6MA2r3ievILJ0,comment,52O3cYsyZMo,Ugx-TsZX521-MO5RHAZ4AaABAg,True,@usabloggerbook,ha ha ha 😉,0,True
Ugzm8ZRcf1ook1Ihlzp4AaABAg,comment,52O3cYsyZMo,,False,@yahoopyro1112,"Who cares, useless feature",0,True
Ugzo0RkUZsx8cEIgJLR4AaABAg,comment,52O3cYsyZMo,,False,@HoBoFilms-mu2cc,no stalks no buy,0,True
UgwsSh6kzp6k7iRnUQd4AaABAg,comment,52O3cYsyZMo,,False,@marcgras9064,"Now something that makes this look more like a ""real car"". Some guts to an otherwise appliance look. It would only need a F... Head Up Display to convince a car lover like me to actually get one. It really can't be that expensive. Offer it like a payable otpion. Is it that hard to understand?",0,True
UgzhCFqjqkwaPNqYfh94AaABAg,comment,52O3cYsyZMo,,False,@iustitiaepervenit,Oh. Proper seats! maybe in 10 years tesla will be a proper car,0,True
UgyAdOsIMVfqyR1h-tB4AaABAg,comment,52O3cYsyZMo,,False,@LadybugAdventures,Great. Performance that 99% of people don’t care about. Now can we get to the more affordable cars tesla?,0,True
Ugzg0IyPUQGwf8VJmFZ4AaABAg,comment,52O3cYsyZMo,,False,@gokhansoydan7494,Where is the test drive? Please,0,True
UgyOo4xQcSP1FkDwAKN4AaABAg,comment,52O3cYsyZMo,,False,@MrJoanGaming,Can somebody tell me what real value does it bring to the everyday average life  person a 0-60 in 2.9 sec?,0,True
Ugz4QfpvIyUNPqTHZwl4AaABAg,comment,52O3cYsyZMo,,False,@ThrottleBody,EWW.,0,True
UgwWWoG0kLf0ZJ8YKzd4AaABAg,comment,52O3cYsyZMo,,False,@JustLevlup,Scared to buy one and then Trump wins and makes gas more affordable and car companies go back to making more gas powered cars,0,True
Ugx0rruWrpfcUkmGED54AaABAg,comment,52O3cYsyZMo,,False,@martinwang5219,"Try some Chinese EV Bro, Chinese EVs kind of Chinese smartphones to the world",0,True
UgzGh2apwkSSzBP6Git4AaABAg,comment,52O3cYsyZMo,,False,@ericchang7759,Isn’t the Plaid badge a plaid badge? And insane stars blurring? Ala Space Balls? Marques…this is must watch if you’re gonna review Tesla’s?,0,True
UgwzuAaByHdIUrShv994AaABAg,comment,52O3cYsyZMo,,False,@wojiaobill,omg they finally have a real steering wheel lol,0,True
UgxzCNw9vSw51xpAH1l4AaABAg,comment,52O3cYsyZMo,,False,@kingmiller1476,The iPhone did a damn good job for this video,0,True
UgyQ4uHdTbrlNZcw3Kl4AaABAg,comment,52O3cYsyZMo,,False,@tedlessor3887,The old model 3 looks so dated now it doesn’t make sense 😂😂😂,0,True
UgzEaRlNWv3qhGgjnnJ4AaABAg,comment,52O3cYsyZMo,,False,@markedwards4879,A performance car is to be driven. Give it indicator and gear selector stalks.,0,True
UgxIeaFJ9LnRzrlChvB4AaABAg,comment,52O3cYsyZMo,,False,@terrytandev,Which park is this in Cali?,0,True
UgzqtizLH__5ezwmlAJ4AaABAg,comment,52O3cYsyZMo,,False,@hustle_simmons,The did the capacitive touch buttons on the wheel to save money.,0,True
UgwytsNfw_dXx9gbb-l4AaABAg,comment,52O3cYsyZMo,,False,@cathyjones4702,I wanna try this car so bad. The regular version has the most comfy suspension of all time. I love it,0,True
Ugzs1Vc7IcMm-2zRN4V4AaABAg,comment,52O3cYsyZMo,,False,@holypowers,Imagine when the great hack happens and these become guided missiles.,0,True
UgzsuUBLHnHJJXCiUFh4AaABAg,comment,52O3cYsyZMo,,False,@nismo7243,I'd wait 2 years when it's half off,0,True
Ugz16qNwAYdBm0BGvrx4AaABAg,comment,52O3cYsyZMo,,False,@nbtc539,Tesla best company in the world!,0,True
Ugz7CWRgcMI4Ak3Bo8Z4AaABAg,comment,52O3cYsyZMo,,False,@WalkWitMeNYC,Why cant they do a legitimate refresh same car for 10 years,0,True
UgwcL56FlguuFBpMJV14AaABAg,comment,52O3cYsyZMo,,False,@stockey,The Ioniq5 N is a much better car.,1,True
UgwrCUENx9iIqI4-2Ip4AaABAg,comment,52O3cYsyZMo,,False,@antoinemaxima6036,But will it fall apart before it hit 100k miles?,1,True
UgwrCUENx9iIqI4-2Ip4AaABAg.A2mVDSeEAn2A2meOeNiJzK,comment,52O3cYsyZMo,UgwrCUENx9iIqI4-2Ip4AaABAg,True,@stockey,"Yep, Tesla's are thowaway cars.",1,True
UgwrCUENx9iIqI4-2Ip4AaABAg.A2mVDSeEAn2A3cUtkV99JS,comment,52O3cYsyZMo,UgwrCUENx9iIqI4-2Ip4AaABAg,True,@slefficit,"@stockey 130k miles still going strong with my 2019 Tesla Model 3!

Keep crying, my brother already pre ordered this one! I love seeing people like you get mad!",0,True
UgxGD7h2VhwZddI5zIh4AaABAg,comment,52O3cYsyZMo,,False,@elliotjackson1,0-60 bragging times is so meaningless for cars. Only kids care about that.,1,True
UgzwAePYUfPpiLM7Yq14AaABAg,comment,52O3cYsyZMo,,False,@mau3304,you should test out the xiaomi su7 for us,1,True
UgzvmtdVTFPEqcRV4B94AaABAg,comment,52O3cYsyZMo,,False,@breakthrough8628,nothing like a supercar.,0,True
UgwbIpDBkCwgnn_9usx4AaABAg,comment,52O3cYsyZMo,,False,@breakthrough8628,Qucik but slow after 80mph. Model s is not a very Fun cR to drive. Not my style,0,True
UgxxiI09SYQMowjRdDp4AaABAg,comment,52O3cYsyZMo,,False,@Lukadoinkkic,That color is boring. Looks way better in the showroom with the lights. In real life conditions it looks dull,0,True
UgwECG0dUAtcz5UIWBV4AaABAg,comment,52O3cYsyZMo,,False,@TheTeslaBaz,"I like it, but the wheels look way too tame compared to some other designs",0,True
UgxSRkKsy8t-ml0p_214AaABAg,comment,52O3cYsyZMo,,False,@bibioMiami,"There is only one problem with the review....You did NOT drive the car....Where is that 0-60 in 2.9S?I was waiting for that part,not how the head lights look like...",25,True
UgxSRkKsy8t-ml0p_214AaABAg.A2m0IchZwn5A3Fo2iECGDD,comment,52O3cYsyZMo,UgxSRkKsy8t-ml0p_214AaABAg,True,@alexnutcasio936,@werolierasome have driven it. No one yet has instrumented it ( yet…),0,True
UgxSRkKsy8t-ml0p_214AaABAg.A2m0IchZwn5A4mKeXuY1HX,comment,52O3cYsyZMo,UgxSRkKsy8t-ml0p_214AaABAg,True,@xXYannuschXx,"@weroliera Smells like the ""Cybertruck pulls Porsche"" fiasco again.",0,True
UgySBHAxk5XcNJ-dkfd4AaABAg,comment,52O3cYsyZMo,,False,@semi82,And yet build Quality and design intuitivity is worest than AMC Pacer !,0,True
UgzNng64QNNuBr0tVQp4AaABAg,comment,52O3cYsyZMo,,False,@sankul4330,What about driving dynamic compare to BMW 330e G20,0,True
UgxvbdNJ8aH4QUucZlF4AaABAg,comment,52O3cYsyZMo,,False,@barito7,"if you’ve got the budget, try a camera man",1,True
Ugz83jPWl_BUSWn8W6t4AaABAg,comment,52O3cYsyZMo,,False,@vqsxd,God bless Marques Jesus loves you man ❤,0,True
UgxJwhyxOiPpbOqN9494AaABAg,comment,52O3cYsyZMo,,False,@sandunlasantha,"Chinese electric car market is evolving and MKBHD refuses to talk even a single word about it and talking the same shit again and again about tesla, His go to brands are like Apple and Tesla only, bro there are so many other great brands in this world you have to consider reviewing them as well, ",1,True
UgzcEV60lkJzl8XoKXF4AaABAg,comment,52O3cYsyZMo,,False,@JG-hz5kh,You didn’t launch it?!,0,True
UgzZsGt7aw1AzoUEZOZ4AaABAg,comment,52O3cYsyZMo,,False,@hyypersonic,the more of these videos I watch the more I realize that Marques doesnt know shit about cars beyond whats on a spec sheet,0,True
UgxvbI4WBl2W7_p3A4h4AaABAg,comment,52O3cYsyZMo,,False,@makowako,Please do a review on the Model Y 2024,0,True
UgxFXvMs1eNrvk1VXAZ4AaABAg,comment,52O3cYsyZMo,,False,@ralphz3849,"Speaking of fun, check out the Model S going against two jets, a formula 1 a GP motorcycle and other ""supercars.""
https://www.youtube.com/watch?v=c7-fiOyzsGQ",0,True
Ugw191LnUuFZ9Gnfg3F4AaABAg,comment,52O3cYsyZMo,,False,@carycary3822,Model S Plaid does offer its track package which further and significantly differentiates it from the standard Model S.,0,True
UgxSIJOMgHhgtSmMHuB4AaABAg,comment,52O3cYsyZMo,,False,@danielphilips5321,Is it still Steer by wire??,0,True
Ugy40V9tl3gEk_r-tAN4AaABAg,comment,52O3cYsyZMo,,False,@thesco41510,True car enthusiasts don’t fuck with a microwave called Tesla 😂😂😂 big facts 😂😂,0,True
UgzCL0cd2waz-yACuOd4AaABAg,comment,52O3cYsyZMo,,False,@hadylabban6597,water bottle roll,0,True
Ugzxftlx6uvajRf5l3N4AaABAg,comment,52O3cYsyZMo,,False,@WhirlwindFamilyFarm,Great car!,0,True
UgxabL-9TH1NGi-aqH94AaABAg,comment,52O3cYsyZMo,,False,@sjtanman,BUT DONT MOVE HERE PLEASE.  #NOTOURESTS,0,True
UgwS7P9vdKh9xIHqTi14AaABAg,comment,52O3cYsyZMo,,False,@sjtanman,THATS WHY WE LIVE IN CALIFORNIA HAHAHAHAH,0,True
UgyJm5KMRi3Qhqmddwh4AaABAg,comment,52O3cYsyZMo,,False,@teslamotics,https://youtube.com/shorts/kVKsmyAkdII,0,True
UgzCSFowtu8tehH9fdd4AaABAg,comment,52O3cYsyZMo,,False,@teslamotics,https://youtube.com/shorts/kVKsmyAkdII,0,True
Ugy8gc4P9NrwPJvS-od4AaABAg,comment,52O3cYsyZMo,,False,@robnelsonbayvillage,Great video.TY.,0,True
UgydBP0-XFa5SdsSoft4AaABAg,comment,52O3cYsyZMo,,False,@Oklm23,Would anyone else like Tesla to add an acceleration noise like all their competitors instead of the goofy fart noise we get?,0,True
UgwB5hsqH5dl9aMP3Np4AaABAg,comment,52O3cYsyZMo,,False,@muhannedeltinai,front or back camera of the 15 Pro?,1,True
UgwB5hsqH5dl9aMP3Np4AaABAg.A2k9YVudczaA3QZXyZoseo,comment,52O3cYsyZMo,UgwB5hsqH5dl9aMP3Np4AaABAg,True,@Hhhh22222-w,Both,0,True
Ugw7YqTZVzz7tM1SKw14AaABAg,comment,52O3cYsyZMo,,False,@shijersey8336,please review XiaoMi su7,0,True
UgyeN2aoCTowS7UdWPJ4AaABAg,comment,52O3cYsyZMo,,False,@WangRealEstate,M3P is only 460 hp outside US. Fuck this.,0,True
UgwZUE5EDPCatBKf_q94AaABAg,comment,52O3cYsyZMo,,False,@mcartier8812,So your not gonna talk about how bright those ambient lighting is during the day?  Thats crazy,0,True
UgwZUE5EDPCatBKf_q94AaABAg.A2k4H31Fr2PA3cUxiEPkQN,comment,52O3cYsyZMo,UgwZUE5EDPCatBKf_q94AaABAg,True,@slefficit,You can turn them off. Great job doing research stupid.,0,True
Ugy5riijvGIDlXLKGmZ4AaABAg,comment,52O3cYsyZMo,,False,@saulosilva1236,06:10 Omg someone please hire some old designers what th is this,0,True
Ugy8d_WaBFIbT_sbwqp4AaABAg,comment,52O3cYsyZMo,,False,@mcartier8812,NPC ass car,0,True
Ugya5UxDcH4lP2NGHvR4AaABAg,comment,52O3cYsyZMo,,False,@andrew-o5i,"why dont you review phones ?
tesla are reviewed to death ...........",0,True
Ugwbw32f0-0EQ416XI14AaABAg,comment,52O3cYsyZMo,,False,@ZENTracks,Interior ceiling of it needs to be all black,0,True
UgzVlmLlD2yLmmjJGtx4AaABAg,comment,52O3cYsyZMo,,False,@mikey631,"Just FYI regarding the  lack of a carbon ceramic brakes on the performance model. For this price range, it makes way more sense to have traditional steel brakes.  When you start doing track days in this, you are going to be replacing brake parts at a much higher interval. And when replacing a carbon ceramic setup can be $10,000 or more, it gets painful unless you're stupid rich.  So even though the CC brakes may offer better track performance,  it's much more practical to stick with steel brakes (which also work and feel better in normal street driving to)",3,True
UgzVlmLlD2yLmmjJGtx4AaABAg.A2jwqReaKGxA3RZolG2bcX,comment,52O3cYsyZMo,UgzVlmLlD2yLmmjJGtx4AaABAg,True,@Player-oz2nk,Yeah and with regen you just simply dont use brakes as much ice vehicles. I havent changed brakes on my 2021 m3p,0,True
UgzOyQ1KIPMJ_nVAOiR4AaABAg,comment,52O3cYsyZMo,,False,@RocketLR,I need a tesla that has high ground clearance for swedish winters... This would not be drivable some days when the night frost freezes the piled up and half melted snow ;C,0,True
UgxUzxYrdzOWsfTWbzl4AaABAg,comment,52O3cYsyZMo,,False,@marcuslundin3937,So far behind China its sad to see:(,0,True
UgyHClYP9cqjxAr11A94AaABAg,comment,52O3cYsyZMo,,False,@Casualzz,is that a panel gap under the tail-light at 5:46?,0,True
UgxBvsqP0kYGIKb_Kih4AaABAg,comment,52O3cYsyZMo,,False,@BoDiddly,"As a fellow Black American, I have to ask you to stop giving Elon your money and Attention. Stop helping him make more money to oppress our people.",0,True
UgyWhWSKXavNw97XWWd4AaABAg,comment,52O3cYsyZMo,,False,@bigjimstream,W,0,True
UgwDz32ulPXrDt4L1214AaABAg,comment,52O3cYsyZMo,,False,@carl_dtz1222,"I don't care about 0-60 if it's not a sport car, the only thing I see is this interior",1,True
UgwgkqNtvL8YA4y37xx4AaABAg,comment,52O3cYsyZMo,,False,@TomKressman,There needs to be a launch mode!,0,True
Ugxp4ffNgHx8-ZjcTuB4AaABAg,comment,52O3cYsyZMo,,False,@theobserver3753,The non clicky buttons are probably cheaper,0,True
UgzLIFyGdBuak2skOWh4AaABAg,comment,52O3cYsyZMo,,False,@ph_low628,"I’ve only been in Teslas on Uber rides, but they feel so cheap inside.",0,True
UgxJRsicNq7Ochh4pAh4AaABAg,comment,52O3cYsyZMo,,False,@mit6089,Mic sucks,0,True
UgxdLhhXBy2uRf5WUtV4AaABAg,comment,52O3cYsyZMo,,False,@carpediem9944,Why didn't you test 1/4mile and/or 60 to 130mph time?,0,True
UgzXo_ko99YlaISo7-54AaABAg,comment,52O3cYsyZMo,,False,@Fernando_janiski_racing30,"The car even does not have a decent dashboard, are you guys getting crazy?",0,True
UgwUmn7OPmhpIMYqK5t4AaABAg,comment,52O3cYsyZMo,,False,@saxophonecsb7398,Awesome.,0,True
UgzbXesDmU7Otg1B5qN4AaABAg,comment,52O3cYsyZMo,,False,@lodzplaying,"Recently I whatched new SKODA SUPERB L&K 2024, damn, why can't Tesla have an interior like this?",0,True
UgxhxcW0wlzofo-zJLp4AaABAg,comment,52O3cYsyZMo,,False,@The_HDR_Dissector,Just bought one and I love it! Amazing car,1,True
Ugy4BSFCWEqIrFnb-1t4AaABAg,comment,52O3cYsyZMo,,False,@bauerdraws6163,Thank god we have you and don't have to listen to Doug DeMuro anymore. 😜,0,True
UgyY_TR4PEGJEcJgkm54AaABAg,comment,52O3cYsyZMo,,False,@edgaralvarez3531,“Can you not “ to the plastic water bottle lol you like green energy but can’t even pick up a water bottle lmao 🤣,1,True
UgxqeIrE4DnyrOGyKqd4AaABAg,comment,52O3cYsyZMo,,False,@SikNiEx,tesla body looks like a car from 2010 LMAOOO,0,True
UgxVAXl2whUerDxduYB4AaABAg,comment,52O3cYsyZMo,,False,@tubejorrit,"Let's hope they make a more track focus version as in the GT3RS for the model 3. Wider arches, black roofliner, limited slip differential at the rear, different steering wheel so the whole car feels more special and can compete with a BMW M3 etc. This Performance is more comparable with a BMW M340i.",0,True
UgyAP34C4wn68MfXVJR4AaABAg,comment,52O3cYsyZMo,,False,@2499517,Great review,0,True
Ugzcb37CEG96w1JI1F14AaABAg,comment,52O3cYsyZMo,,False,@FaktenWehr,"#NiceVideos #NiceVideo #Love
Love From Germany / Heidelberg
🖤 ❤️ 💛",1,True
UgzrFAJGzY6fSNJ8JoZ4AaABAg,comment,52O3cYsyZMo,,False,@instantDeen,5:16 Introducing the new Tesla Bottle.,1,True
Ugzf2zAye0iTwWFzer94AaABAg,comment,52O3cYsyZMo,,False,@Gem1421,How many ways can you review a Tesla?,0,True
UgxKi1kylx0HfrqloXF4AaABAg,comment,52O3cYsyZMo,,False,@KG_2134,JUNK!!! JUNK!!! JUNK!!!,2,True
UgwqFyb7uh-wc8sSy4R4AaABAg,comment,52O3cYsyZMo,,False,@sexyturopita,Another Tesla paycheck.,0,True
Ugz_-yWXPB-1GgIlnvF4AaABAg,comment,52O3cYsyZMo,,False,@GoodtimeswiththeGoodies,Shot out to marques barber! That man is clean!!!! Great video as always,0,True
UgzpQLssYN0IiezBk114AaABAg,comment,52O3cYsyZMo,,False,@illegalfreakTV,"If the model 3 had a gas version, I would seriously consider buying the performance model. I’m still not convinced by EVs.",0,True
Ugw7ybXj-KDr8PSXSJN4AaABAg,comment,52O3cYsyZMo,,False,@jamisonlenz,"I hate that I like this car, it's such an amazing value for what you get....especially if one qualifies for the tax credit! However, I simply can't support the man child that runs this company :(",0,True
Ugz7GJixsRmaFTAtUlV4AaABAg,comment,52O3cYsyZMo,,False,@kdub2627,I just ordered this tonight. Cant wait,0,True
UgyP9tw9VC8cJoFFEA14AaABAg,comment,52O3cYsyZMo,,False,@andrewadamson4762,"8:24 he says it's obviously not a horn while pressing it,  I'm pretty sure I hear a horn sound if you listen carefully 😂 🔊",0,True
UgzgsUiYyATKsiaX3-J4AaABAg,comment,52O3cYsyZMo,,False,@LukeVesty,Performance car enthusiasts and tech enthusiasts are not interchangeable terms.,0,True
Ugya5LmCWEUY3rU0YYV4AaABAg,comment,52O3cYsyZMo,,False,@victorrios5642,Tesla is trash,1,True
Ugx-AQrWscPZEJDpPKl4AaABAg,comment,52O3cYsyZMo,,False,@KontrollerModz,"like to own for a little and pretty much throw out, yeah good value, but to actually maybe have it for a lifetime?? no value at all lmao,",0,True
UgxsS-Hf_dKklLTzYzx4AaABAg,comment,52O3cYsyZMo,,False,@mr.rogers4891,And for the price I need a heads up display I don’t wanna look to the side for my speed,0,True
Ugzs9Tp3aJZS2FPn9Op4AaABAg,comment,52O3cYsyZMo,,False,@mr.rogers4891,That screen needs to tilt towards driver and passenger,0,True
UgzmJtxSOKtkoT9HgEB4AaABAg,comment,52O3cYsyZMo,,False,@ecotts,"No coil overs, no magnesium alloy wheels, and no ceramic brakes ..?     

ffs",0,True
UgzhVvenHMG4MsTG64N4AaABAg,comment,52O3cYsyZMo,,False,@rjolson6743,Don't drive it so fast you fly through a house. Bad pub results.,0,True
UgyRFcHIdMQ7HDyJJvB4AaABAg,comment,52O3cYsyZMo,,False,@NikhilNemade,"9:25 I’m surprised nobody noticed this, but what happened to your visualization there? The Tesla camera did not capture (visualize) the car coming from the opposite lane!",0,True
UgwVBfX1AnUMXz8mUed4AaABAg,comment,52O3cYsyZMo,,False,@SaitachainUchiha,U shouldve taken off those wheel covers so we could see the actual wheels,0,True
UgyfuYk9h9VUEZMAyul4AaABAg,comment,52O3cYsyZMo,,False,@nuckv7544,"2.9 is ridiculous but for everyday normal driving, you're getting diminishing returns at a certain point(probably once you get lower than the mid 3's). Reminds me of to 4k to 8k tv leap, will most people even be able to tell?",2,True
Ugxlez_ClTK1nq2pU_N4AaABAg,comment,52O3cYsyZMo,,False,@martywhite3857,"Wow, totally fixes the ‘feels the same’ when I’m poking around town in my buddies performance 3 versus my rear wheel drive 3. Only time I really flog my car is on twisty 2 lane highway where I can hammer between corners and relatively flat seats just don’t cut it in the corners. May finally be time to upgrade after 5 years and 90,000 miles of trouble free driving.",0,True
UgzbI4SqaEznYjM1vzd4AaABAg,comment,52O3cYsyZMo,,False,@emilnovruzov1389,Are u gonna review the Ioniq 5n ?,0,True
UgyXLBfu87uuVSuK9PN4AaABAg,comment,52O3cYsyZMo,,False,@stevenlamontagne526,"I wonder how this would compare against an alfa romeo giulia Quadrifoglio. That car cost 80,000, weighs 400lbs less, has roughly the same power but takes 3.8 seconds to get to 60. it might be a good alternative for someone who wasn't ready to go electric but was able to spend more and didn't prioritize 0-60 time. I bet they would be competitive with each other on track...",0,True
UgyUX7lWsi0F3kLId_p4AaABAg,comment,52O3cYsyZMo,,False,@PrimitiveMLG,No way those are the performance wheels vs the old ones…L,0,True
UgwaD04JfqjtdQ7TpTx4AaABAg,comment,52O3cYsyZMo,,False,@zeekweeks1723,"LOL ....""no geese though....""",0,True
UgwiuqB3mWVoXY9O6gF4AaABAg,comment,52O3cYsyZMo,,False,@jazzs2965,Very clear & concise video - Thanks .....,0,True
Ugzk_23bMftoHfxuWKJ4AaABAg,comment,52O3cYsyZMo,,False,@Pat77-0,🍌 🍌 🍌,0,True
UgxYVlJ6jUCN8ZVnu-14AaABAg,comment,52O3cYsyZMo,,False,@Akujelppi,Wow😮,0,True
Ugwbu5X-4_x6iYwpV4p4AaABAg,comment,52O3cYsyZMo,,False,@hdzavalanche,@ 7:30 Are those the same aluminum pedals that are on the Cyber Truck? 😅,0,True
UgxvneU5_g5-Zmpr3K94AaABAg,comment,52O3cYsyZMo,,False,@chrissanchez3745,Is someone able to explain the $7500 tax credit? I’m looking to get this performance model on the Tesla website and place an order but does the $7500 get deducted right away?,0,True
UgxpqgOFznC13W1yaDl4AaABAg,comment,52O3cYsyZMo,,False,@renragged,I think the older wheels look way better.,0,True
UgxQJs4ILX6YSES6ObJ4AaABAg,comment,52O3cYsyZMo,,False,@DrDajom,”Model 3 has always been nimble” 😂,0,True
UgwqK6Q_D8lA0eJfQ9d4AaABAg,comment,52O3cYsyZMo,,False,@Geo-gr9vt,wilddd😍😍,0,True
UgxHevzUc9R992N6JQ54AaABAg,comment,52O3cYsyZMo,,False,@fatguy9,I remember when unaffordable exotic cars were the only way to go 0-60 in under 3 seconds,1,True
UgxYaD9iUzK6EahOWat4AaABAg,comment,52O3cYsyZMo,,False,@josephhartrich2495,The water bottle wanted a shoutout,0,True
UgxaQFUGRwCzACUuZLJ4AaABAg,comment,52O3cYsyZMo,,False,@seanrussell9039,"It’s truly remarkable the gap between Tesla and other EV Manufacturers. It would be incredibly difficult to justify purchasing other vehicles in the 35-65k range. Performance, Infrastructure & Software is unmatched in this price bracket.",1,True
UgztHq5QBvcdxcLzg9Z4AaABAg,comment,52O3cYsyZMo,,False,@Jdsmitty10,Imagine spending $40k+ on a Prius prime when this is an option…,0,True
UgxtKhb-RZdZtLrXgbd4AaABAg,comment,52O3cYsyZMo,,False,@KingElrosTarMinyatur,"FYI, individual filers will qualify only with income below $150,000",0,True
Ugz-Lbj_QINmIaiai6J4AaABAg,comment,52O3cYsyZMo,,False,@snpsnp5790,"Feel like Tesla could crush every other car company the moment they would make to a more classic interior design with actual buttons, a drive mode stick, real indicator stick etc.
Call it the boomer edition and a lot more people would happily get one, because as much as I like the exterior design and performance, I wont go full touch in my car, and I'm just 33 years old.
Also there are news the EuroNCAP could require car companies to bring back real buttons for essential functions to get 5 safety stars.",0,True
Ugxn775vzv-9w3N8zlV4AaABAg,comment,52O3cYsyZMo,,False,@AwesomeLosesWeight,So no real negatives by Mr reviewer? MKBHD just tows the line for big names now,1,True
Ugxn775vzv-9w3N8zlV4AaABAg.A2hJa9kpOPVA2hMVYsoSUa,comment,52O3cYsyZMo,Ugxn775vzv-9w3N8zlV4AaABAg,True,@KingElrosTarMinyatur,He literally talks about the capacitive buttons on the steering wheel buttons,0,True
Ugxn775vzv-9w3N8zlV4AaABAg.A2hJa9kpOPVAJAS2CZeNJm,comment,52O3cYsyZMo,Ugxn775vzv-9w3N8zlV4AaABAg,True,@sufficetosay,@KingElrosTarMinyatur It does not have capacitive buttons on the steering wheel! You mistake this for a VW Golf!,0,True
UgzggfgQbc6LF03Aqu14AaABAg,comment,52O3cYsyZMo,,False,@jonathanjohnson1575,The bottle wanted an autograph,0,True
UgwEEZTgDxyfVR3d8x14AaABAg,comment,52O3cYsyZMo,,False,@optionscalper5,I’ll get one in a few years when it costs 35 grand.,0,True
UgysMtF5Eecw2UpPZud4AaABAg,comment,52O3cYsyZMo,,False,@alr5373,Is the spoiler de-laminating already?,0,True
UgxhytP08d9jYEBVnct4AaABAg,comment,52O3cYsyZMo,,False,@buixote,I'm more interested in V2H. Hopefully it will come to other Tesla Models besides the CT.,0,True
Ugztq6no7rPWLC6YZiJ4AaABAg,comment,52O3cYsyZMo,,False,@natnathutchins,I wanna see these seats in white. All ours r elite interior,0,True
Ugy2FQgmjzHmXdoDCfR4AaABAg,comment,52O3cYsyZMo,,False,@natnathutchins,Ohhhh I will be out of $$$ burning through tires!!! Luv this car.,0,True
Ugxki8zI8Vi4p0som-t4AaABAg,comment,52O3cYsyZMo,,False,@redcars72,It's just so cookie cutter looking. Tesla has been so wildly successful that the design has turned tired and played out.,0,True
UgwzS1lkNxWJE6gX8jN4AaABAg,comment,52O3cYsyZMo,,False,@CoreyMarlin,Was this shot in Malibu Creek State Park?,0,True
Ugwcul_g8kuirmYtBal4AaABAg,comment,52O3cYsyZMo,,False,@natnathutchins,I love EVERYTHING Tesla. We own a few. I’m Such a fan girl!! I just hate the carbon fiber. Not sure why-just don’t like it. Wish it was just the color of car. 😅❤,0,True
UgyB49mMe4Xn6SZxPkx4AaABAg,comment,52O3cYsyZMo,,False,@Novosadjanin82,That interior looks cheap AF.,0,True
UgwbyMdOwbwh9RmEayR4AaABAg,comment,52O3cYsyZMo,,False,@phantomphotography7392,"According to Tesla, my 2022 Tesla Model 3 Performance has depreciated 63% in just 25 months. I reserved a new 2024 Tesla Model 3 Performance, expecting to receive a trade in value in the $35 ,000 - $40,000 range and they offered me slightly over $22,000. My car has 45,000 miles on it and is in very good condition with no accidents. So, my car had lost $38,000 in value in just 25 months? This was the most stupid purchase I have ever made. I've never had an asset depreciate this much in value in just 25 months. I would be an idiot to ever consider purchasing a Tesla ever again.",2,True
UgwbyMdOwbwh9RmEayR4AaABAg.A2hAyFDvjGPA2hHXAAd4Ii,comment,52O3cYsyZMo,UgwbyMdOwbwh9RmEayR4AaABAg,True,@orsomethinglike,"If it was any another brand of car, it would be less good and depreciate more.",0,True
UgwbyMdOwbwh9RmEayR4AaABAg.A2hAyFDvjGPA2hIO5iduuP,comment,52O3cYsyZMo,UgwbyMdOwbwh9RmEayR4AaABAg,True,@phantomphotography7392,"@orsomethinglike Yes, if it was a Toyota or Honda it would have depreciated 15-20%, not 63%",0,True
UgwbyMdOwbwh9RmEayR4AaABAg.A2hAyFDvjGPA2hJJ4TLF2P,comment,52O3cYsyZMo,UgwbyMdOwbwh9RmEayR4AaABAg,True,@orsomethinglike,"@phantomphotography7392 to be fair, I probably wrote that too dismissively. You have a point. 
But If they solve FSD, it’ll be worth more than you’ve originally paid.",0,True
UgwbyMdOwbwh9RmEayR4AaABAg.A2hAyFDvjGPA2mKHcEyfCv,comment,52O3cYsyZMo,UgwbyMdOwbwh9RmEayR4AaABAg,True,@Lukadoinkkic,You bought it at that wrong time. Now it’s much more decently priced at 45k,0,True
UgyCkUHTyESK44H7SHp4AaABAg,comment,52O3cYsyZMo,,False,@lnope403,Does this one have the feature where the accelerator pedal gets stuck or is that an additional charge?,0,True
UgzU4Rs6LeexEqli10x4AaABAg,comment,52O3cYsyZMo,,False,@LuisJimenezV,Such an ugly car.,0,True
Ugx5LJgzx7zphnUgQqd4AaABAg,comment,52O3cYsyZMo,,False,@neubauerjoseph,Tesla are some of the worst cars ever made period.,1,True
UgzSfrs7IzmOFiAvid14AaABAg,comment,52O3cYsyZMo,,False,@jackmass,What percent does it recommend to charge to?,0,True
UgyOhYeUL7fs7EBbjkF4AaABAg,comment,52O3cYsyZMo,,False,@jonlivingstone,"You should do a review of your sale on Cars and Bids. 

I really liked your interview with Doug a few years ago!",0,True
UgxLTczIaDyo_iBl0d14AaABAg,comment,52O3cYsyZMo,,False,@cwbracing1916,I own 3 of them I have 3 diffent  models I love all of them great cars.,1,True
UgyTrePS7GwGKO5N3LF4AaABAg,comment,52O3cYsyZMo,,False,@shlain7,NO GEESE THOUGH,0,True
UgywqXDhnKKJB5hjvAt4AaABAg,comment,52O3cYsyZMo,,False,@johncrighton4738,BS review,1,True
Ugy48pLdi7Ph_yuX_pV4AaABAg,comment,52O3cYsyZMo,,False,@tehillahkachila,shoutout to the magnets😂😂,0,True
UgxswyPl5IM0pd4imhx4AaABAg,comment,52O3cYsyZMo,,False,@MiguelPena_FL,Tesla continues to bring intriguing products to market.  I already have a 2022 M3 Performance while I wait on my Cybertruck.  But in the meantime this new M3 Performance has me thinking maybe I should test drive this new M3 Performance.  Nice upgrades.,0,True
Ugy_WlvUzptM1pqw9Gl4AaABAg,comment,52O3cYsyZMo,,False,@IamThePenguinLord,Tesla fan boi reviews a Tesla….,1,True
Ugy_WlvUzptM1pqw9Gl4AaABAg.A2geaEdYzPBA2gpQdXa5oT,comment,52O3cYsyZMo,Ugy_WlvUzptM1pqw9Gl4AaABAg,True,@CoolaeGamesOfficial,Let the haters hate,0,True
Ugy_WlvUzptM1pqw9Gl4AaABAg.A2geaEdYzPBA2gr6yeEfHS,comment,52O3cYsyZMo,Ugy_WlvUzptM1pqw9Gl4AaABAg,True,@user-sc8ph2ds2m,"@CoolaeGamesOfficial The hate is 100% justified when they sell overpriced plastic with cheap materials and horrible built quality and ranges that are not as advertised. Cope harder, elon meatrider 🤡",0,True
Ugy_WlvUzptM1pqw9Gl4AaABAg.A2geaEdYzPBA2hlxDpGxHR,comment,52O3cYsyZMo,Ugy_WlvUzptM1pqw9Gl4AaABAg,True,@limitbreak2321,​@user-sc8ph2ds2mAre you chinese?,0,True
UgxOSrc3mFmjcDOiOFF4AaABAg,comment,52O3cYsyZMo,,False,@JustPaul.R,You need to feel buttons ..or you not looking at the road while pushing them,0,True
UgyX3cMoPE9s3vaySNN4AaABAg,comment,52O3cYsyZMo,,False,@XIKaMuIX,Man bots are wild,0,True
Ugxxklcb1xb_hRafDdp4AaABAg,comment,52O3cYsyZMo,,False,@shahbazfawbush,"Dude, you should start with the driving experience, not save that till 9 minutes in.... Too cerebral...",0,True
Ugyzb2YXR-YN1Wqjech4AaABAg,comment,52O3cYsyZMo,,False,@ColdPotato,The performance is not the issue.  Charging and the battery is the issue.  You have to charge it.  And the energy source to charge it likely is not 'green'.,1,True
UgxyN9gvjPwyESCbuXB4AaABAg,comment,52O3cYsyZMo,,False,@TheJPomp,As a Model 3 owner the whole soulless argument gets my goat. I'll take smooth and powerful over loud and shuddery any day.,1,True
UgygRWKAtUEzlAAzgWV4AaABAg,comment,52O3cYsyZMo,,False,@HofstadAndreas,why would they NOT tint the rear windows on the model 3s?,0,True
Ugzv8kj__zulzZ5UlTN4AaABAg,comment,52O3cYsyZMo,,False,@ALFOONUS,"It's a one trick pony! Yes it can do 0-60 in stupid time, but that'll all its good at. The ride isnt great, the refinement is not good, the interface is ridiculous overly complex and it still doesn't look that great. Oh, and it won't do 0-60 that quick repeatedly due to overheat protection.",0,True
UgzqYmh25gv0iTsfdwR4AaABAg,comment,52O3cYsyZMo,,False,@sammyhernandezpinto9018,Anybody knows the longest mileage electric vehicle?  Please name it.,0,True
UgwbQjxKUSP52cMkaUZ4AaABAg,comment,52O3cYsyZMo,,False,@Ugglytrewth,This guy can make/break a company with his reviews.  He only likes Apple and Tesla.,0,True
Ugx3GxHueVEtM_Tj8314AaABAg,comment,52O3cYsyZMo,,False,@adisornsuksa-p1y,"Still no real test by Youtuber 2.9 second😂😂😂

Tesla prohibit ha ha",0,True
Ugzj3kvc-18tss2o8754AaABAg,comment,52O3cYsyZMo,,False,@ridingwestcoast,"god damn it man, get a dji pocket 3...",0,True
UgxZeYsnJt1t_TRVH7Z4AaABAg,comment,52O3cYsyZMo,,False,@RichLifestyle2026,Layoff is a sign of downfall,0,True
Ugy5qylDSAXhQW-S37t4AaABAg,comment,52O3cYsyZMo,,False,@superfly19751,"At just $53k plus $7500 rebate, this thing is in a class of its own.  Amazing!!",0,True
Ugy4KzHh_wKtLjdLmhp4AaABAg,comment,52O3cYsyZMo,,False,@lazorgaming6660,DO A PORSCHE MACAN EV REVIEW‼‼,0,True
Ugzhf_K0cLPb4Pyoxax4AaABAg,comment,52O3cYsyZMo,,False,@GGori_99,Thats not a batch !!! Thats a trimmed down batch called sticker.. lets see whats other parts broken inside the interior..,0,True
UgzNTAR4xrVzibmzgFZ4AaABAg,comment,52O3cYsyZMo,,False,@Athithan_2000,(Checked the description) I was wondering why the camera quality was soo good absorbing sunlight into the video!,2,True
UgwWZacNg0VMVYzfem14AaABAg,comment,52O3cYsyZMo,,False,@christuttle3980,"Great Video!
Greetings from Vancouver Island British Columbia Canada 🇨🇦",2,True
Ugx8kDZ3bgpR_w0K7e54AaABAg,comment,52O3cYsyZMo,,False,@poloboy,"i got SHAFTED by Tesla's BBC when purchasing my Plaid before the price drop 😭😭😭




it still HURTS 😭🤣",0,True
Ugx8kDZ3bgpR_w0K7e54AaABAg.A2fsNp7PLnwA2fvhwAavBX,comment,52O3cYsyZMo,Ugx8kDZ3bgpR_w0K7e54AaABAg,True,@Glock7eventeen,The plaid is still on another level,1,True
Ugw44_T4YWx-b0OS9y14AaABAg,comment,52O3cYsyZMo,,False,@YoMcNeely,"The fact this man said “the only complaint about the plaid is it is ~too similar~ to the regular model S” is INSANE. What regular consumer is buying both models?? That is such an L take to say there’s nothing special about the plaid because it’s too similar to the base. Not to mention, when the base is far superior to most cars anyways.",0,True
UgxmXlbLQPCttYd3Bvt4AaABAg,comment,52O3cYsyZMo,,False,@ZA-dh1fd,Same boring characterless shit,0,True
UgztO4YC15eBk6qZDWx4AaABAg,comment,52O3cYsyZMo,,False,@yaroslavdarin3361,the interior still ugly,0,True
UgzTsnFBmP6iFoZHTXR4AaABAg,comment,52O3cYsyZMo,,False,@travisyarbrough4033,Still no interior for the money ......,0,True
UgxDJ0dOBd_bRhM4RnB4AaABAg,comment,52O3cYsyZMo,,False,@Illphella,Looks like the back of the new prius,0,True
UgxpaKL0LMqSlBUPvSp4AaABAg,comment,52O3cYsyZMo,,False,@BondiBaz,Ravens. We have Ravens in CA. Crows live in the country. Amazing car BTW!!!! 😊,0,True
UgwmxP2hwwcIFOygPsZ4AaABAg,comment,52O3cYsyZMo,,False,@K.u.l.a,seats look like nice gamer chairs,0,True
UgyQKhpa-3fODWtKqZh4AaABAg,comment,52O3cYsyZMo,,False,@tanali8440,Combustion engines >>>>>> electric motors,0,True
UgxjGwtj2aa2QPnFuAR4AaABAg,comment,52O3cYsyZMo,,False,@delwoodkelp8590,"Honestly,  how many times (seconds per month) do you spend in 0-60 @ 2.9 sec mode?
Once a week,  once a month,   combined total of 5 minutes a year?  
Is that worth,  $10,000 extra?",0,True
Ugx-SSkAB4OgaeFC-Wp4AaABAg,comment,52O3cYsyZMo,,False,@oopsallluke,"Not one mention in these comments of Elon… Y’all are living in denial… He will sink this company, driving a Tesla in 24 is a direct endorsement of his batshit behaviour",2,True
Ugwm6oilTlMQYj8pR6B4AaABAg,comment,52O3cYsyZMo,,False,@lucasblanc11,dang no sleeve behind the front seats?,0,True
UgzhC9lRDU8HqTcXASp4AaABAg,comment,52O3cYsyZMo,,False,@Macdaddy-tf5cu,After driving the 2024 Model 3 Performance is the 2024 Model S Plaid worth the extra money?,0,True
UgxsMlWVgrZFTjPd4W94AaABAg,comment,52O3cYsyZMo,,False,@mehtab3661,1:58 Marques still fears the mighty geese’s presence😂,4,True
UgwdNE3ffGK-OGoFjoZ4AaABAg,comment,52O3cYsyZMo,,False,@DjSuperK,I rather get the new Camry,0,True
UgyBxxFpsA_5W27cjqx4AaABAg,comment,52O3cYsyZMo,,False,@videogamingandf1468,Have you ever thought about starting your own car project?,0,True
UgxeZ3uf4X7DbGJKfIJ4AaABAg,comment,52O3cYsyZMo,,False,@Random.ChanneI,"The Lamborghini Aventador does 0-100 in 2.9 seconds, and it was one of just few cars that were that fast (but also only available for the very few.). And that was just in 2012. Now we have this.. for 60k..",0,True
UgyLQby8cUJN5CmXJFh4AaABAg,comment,52O3cYsyZMo,,False,@DavetheLeg,I like capacitive buttons.,0,True
UgzIYAjJJX_RPSB_-x94AaABAg,comment,52O3cYsyZMo,,False,@alvaro1728,Looks great but it's still missing an HUD. It should be an option.,0,True
UgyPqivA_mCnzP8XlxF4AaABAg,comment,52O3cYsyZMo,,False,@DitsyShoebill,IS THAT A CASE ON THE IPHONE HE USING ?????,0,True
UgxC9DePhN5CJFnGJQh4AaABAg,comment,52O3cYsyZMo,,False,@seanlindy,Fuck Tesla,0,True
UgwDhQUlEGBkGgCsMcJ4AaABAg,comment,52O3cYsyZMo,,False,@oceyho,"Dude is asking for ceramics on a 57k Euro car, what a troll.",0,True
UgyQ5prxnUBzDktcM_54AaABAg,comment,52O3cYsyZMo,,False,@BillyBreezeArt,"there will come a day, when an EV can sound, act, and look like an actual muscle car, and a regular muscle car will just be a novelty of combustion.",0,True
UgzewzHTzKj_sGzUgtx4AaABAg,comment,52O3cYsyZMo,,False,@PalmAngel777,Cool Car Men!!,0,True
UgyNYptskGqpQ2XYTM54AaABAg,comment,52O3cYsyZMo,,False,@xrexo6508,Yo can you try out TOGG if thats in the US,0,True
Ugyf9E_Q3R_eqfSHPXN4AaABAg,comment,52O3cYsyZMo,,False,@Odioswar1908,just watched the JP Performance video xDD,0,True
Ugxv37ma9kSL7j9NRRB4AaABAg,comment,52O3cYsyZMo,,False,@mcintoshkid,"boring Plastic Car, for to much money",0,True
UgwISVnpteDiRcqbQdh4AaABAg,comment,52O3cYsyZMo,,False,@paulweber624,hate the new wheels,0,True
Ugxz9pbCzsbvft45ZEp4AaABAg,comment,52O3cYsyZMo,,False,@dan2695,"I don't know if it was intentional, but couldn't help but chuckle when he said 'Ludicrous Speed"" and talking about Plaid. If you know you know.",0,True
UgzJ7tbjKLCkLT90vtN4AaABAg,comment,52O3cYsyZMo,,False,@TechBoss19,Use a Samsung to record next time please. This iPhone video hurts my eyes. Lol,0,True
Ugz2hh_C9XP0IUhQeFh4AaABAg,comment,52O3cYsyZMo,,False,@AdrianZamfir-t9d,"Strongly considering getting one in Europe, starts at 51k euro with govt programs +3k for interior and paint",0,True
Ugw0-Bi7H1eBgYtVa1d4AaABAg,comment,52O3cYsyZMo,,False,@galesal1109,“We dont want” please dont speak for everyone.,0,True
UgzaiLmCTYXZBcKkSyB4AaABAg,comment,52O3cYsyZMo,,False,@WhiteArtsMagic,Its a cool car. Still not a major tesla fan. Ill stick to my non Tesla EV that I have been having amazing time with,0,True
Ugy4Ykvly7PprcYMBsB4AaABAg,comment,52O3cYsyZMo,,False,@scupking,Best bang for your buck supercar on the market. It's actually crazy how inexpensive it is for the performance.,0,True
Ugww14M1C7VDuItWxKl4AaABAg,comment,52O3cYsyZMo,,False,@SldOnEmWithDa45,I KNEW I SHOULD’VE WAITED 😂😂😂,0,True
UgzOFtRq94ARg69HFFh4AaABAg,comment,52O3cYsyZMo,,False,@raisis2k34,Let's just watch trash blow around and blame it for ruining your video. Wahoo society! Could of at least picked it up,0,True
Ugy7hjXuYs7gCK0ijkd4AaABAg,comment,52O3cYsyZMo,,False,@RANDOMCOMMENT1,""" they fixed it after the review!!""
What are the chances Tesla was listening when they gave marques the car.. 🤔🤷🏻‍♂️",0,True
Ugx9P9ITpOJb_0SFZaB4AaABAg,comment,52O3cYsyZMo,,False,@Nokenify,Touch buttons are THE WORST. Period.,0,True
UgzpU_Ntb0cnovlLDvF4AaABAg,comment,52O3cYsyZMo,,False,@DcisvMedia,If the M3 Performance the same buttons as the refresh M3 then Its way better then the model S/X buttons. I do not like the model s/x buttons because when you make a turn sometimes you do not press it hard enough even though it felt like you did. Then you look like a horrible person not putting your turn signals lol. Model 3 refresh buttons feel clicky to me,0,True
Ugz4if-jqtFy3Je7fqR4AaABAg,comment,52O3cYsyZMo,,False,@marcinmerrimack1726,To say that spoiler is in any way functional must be a joke.,0,True
UgybPcxGEEjuMSxb1aZ4AaABAg,comment,52O3cYsyZMo,,False,@davedeboy5726,It will never be a mini model S until it has a lift back.,0,True
UgyZTMNWP178M3J2ewF4AaABAg,comment,52O3cYsyZMo,,False,@davedeboy5726,The porsche 911 that's 130grand can't do it in 3.4!  Tesla is the berries.,0,True
UgzPg5qUjWTKtkSv56F4AaABAg,comment,52O3cYsyZMo,,False,@davedeboy5726,We unlocked it-the software and it goes 0-60 in 2.4,0,True
Ugwc6B_8tf_L8FUjnMh4AaABAg,comment,52O3cYsyZMo,,False,@willklep1,How is it from 60mph-120mph?,0,True
Ugz6GBjhPUEjb0XUEq14AaABAg,comment,52O3cYsyZMo,,False,@Blessindisguise,"Nice impressions. Great value, but Hyundai is still killing them with their design! Especially the 2024 refreshes ❤️‍🔥",0,True
UgygELG9rBlN9GgK8h14AaABAg,comment,52O3cYsyZMo,,False,@joey160000,"Nice video. Ouch but the price tag $52,000 dollars. I want the actual Tesla model that fly.",0,True
UgygELG9rBlN9GgK8h14AaABAg.A2emCZoh9qzA2mKVtXNDLi,comment,52O3cYsyZMo,UgygELG9rBlN9GgK8h14AaABAg,True,@Lukadoinkkic,53k is nothin for this much car,0,True
Ugz3IYBNBtP53kntiSp4AaABAg,comment,52O3cYsyZMo,,False,@versquared,they couldnt think of a better badge option?,0,True
UgyMcrQPvicXXX3ZsX14AaABAg,comment,52O3cYsyZMo,,False,@bryan9178,"Love that you’re such a fanboy. Tesla is absolute crap. Poor build quality, they look ridiculous and have recalls constantly. Yet you’re a fan. Paid hack, that’s all you are",1,True
UgxHifOAtCeK444YuQh4AaABAg,comment,52O3cYsyZMo,,False,@1990heaven_,"With the depreciation on the previous models, why would anyone pay $60k for this soulless computer on wheels?",0,True
UgxkVSWub4oaM65vebh4AaABAg,comment,52O3cYsyZMo,,False,@macfanguy,A stalk for indicators. Not these stupid buttons.,0,True
UgxM0Lgp2ufDACjtBTB4AaABAg,comment,52O3cYsyZMo,,False,@alatmancave7093,"cars are not cellphones, stop embarrassing yourself and give up this whole car review  chrade",0,True
UgwlRNxEJHDEB41eobV4AaABAg,comment,52O3cYsyZMo,,False,@Charlie1821,My god this is a tempting toy at that price.,1,True
UgzyXVoSE7U-qZM4zwF4AaABAg,comment,52O3cYsyZMo,,False,@iBackBeat,"I cannot understand, why a pro youtuber like you doesn’t use a wind protection for the microphone. It sucks!",0,True
UgwsjHmfuhpR_MyavF94AaABAg,comment,52O3cYsyZMo,,False,@joshbotelho1994,Wish the headliner was Alcantara also even if it was just an option.,0,True
UgzJHgy4wa6h2cav_CJ4AaABAg,comment,52O3cYsyZMo,,False,@ZipZoomZip,"""Soulless"" is just a codeword for ""it doesn't burn gas and cause asthma and cancer"".",1,True
Ugxe2HCcbodo0cLKpgV4AaABAg,comment,52O3cYsyZMo,,False,@PrankstarDK,"Damn, someone took rotary polisher to paintwork of this car, without knowing how to polish cars. The holograms are real!",0,True
UgyVXn4sTlzr5NtyQ214AaABAg,comment,52O3cYsyZMo,,False,@imyourhuckleberry1881,"I’m sorry, but it pi$$es me off when manufacturers feel it necessary to produce a car that has that much power. Really, 0-60 in 2.9 seconds? Don’t we already have enough Loony Tunes on the road. Where is one going to use that much power? And please don’t insult my intelligence by saying, ‘it’s for overtaking.’ We need cars with reasonable speed on our roadways, not cars that are track ready. Totally irresponsible!!",0,True
UgyVXn4sTlzr5NtyQ214AaABAg.A2e_MyAEpNmA2herWxM8xv,comment,52O3cYsyZMo,UgyVXn4sTlzr5NtyQ214AaABAg,True,@hamzahkhan238,"By your logic no sports cars should ever exist, might as well call Ferrari and Lambo irresponsible",0,True
UgyVXn4sTlzr5NtyQ214AaABAg.A2e_MyAEpNmA2hhxEZ61b8,comment,52O3cYsyZMo,UgyVXn4sTlzr5NtyQ214AaABAg,True,@imyourhuckleberry1881,"@hamzahkhan238on the track, but not on the streets where loony bins drive them. I’ve seen many situations where that happens. High speed accidents and innocent people hurt/killed. Off the streets with them. I’m adamant about it.",0,True
UgypyVJdloyVbLwTKxp4AaABAg,comment,52O3cYsyZMo,,False,@TySchmidt,7:17 Marques puts two companies out of business and then bullies a third into updating their interior,0,True
Ugy9WNKcRS51lsvlYRV4AaABAg,comment,52O3cYsyZMo,,False,@TySchmidt,What was this filmed with? The lens flaring from 5:20 - 5:30 is atrocious,0,True
UgwGfwswlYBjr-pInY14AaABAg,comment,52O3cYsyZMo,,False,@daniallegacy,"BMW: ""Hey there party boy, I know u want all this B58 twin turbo power all for the daily driver fun""
Tesla: (Literally the Guy she told you not to worry about)",0,True
Ugz9RrC4yGJtb4Jdf_p4AaABAg,comment,52O3cYsyZMo,,False,@bloxoss,"For filming on an iPhone 15 pro, the quality is incredible! Makes me want to get out and use mine more  📸",5,True
Ugx-sf7kyUpJSBhiqAV4AaABAg,comment,52O3cYsyZMo,,False,@stuna101a,"For an electric car that simply designed to make you go from point A to point B the performance doesn’t make sense to me.
Speed and acceleration is fun in a fast gas car. I’ve driven a plaid and a model 3 performance. Both those cars are incredibly quick, but the thrill is not the same compared to a gasoline engine, putting down those numbers.
It’s like cooking a steak, you could put that steak in a microwave to cook it and cook it quick. Or you could put that steak on a grill and it’ll take longer to cook, but it’ll taste a lot better and it’s more fun to grill. At the end of the day you end up with two cooked steaks.
I just personally would rather have an electric car that is adequate all the way around but gets 500 miles of range. If I wanna really exhilarating driving experience, I’ll get a Mustang GT 350 or a ZL1 Camaro.",0,True
Ugx-sf7kyUpJSBhiqAV4AaABAg.A2eVi9LLphuA2mKdYgzXbd,comment,52O3cYsyZMo,Ugx-sf7kyUpJSBhiqAV4AaABAg,True,@Lukadoinkkic,Most of us want it to be fun and have decent range. This makes it so we don’t have to buy a second car,0,True
UgzyL5e2asGjWgR4NnV4AaABAg,comment,52O3cYsyZMo,,False,@ajithanandhan7009,Hi brother 👋 Please do review of the new hyndai ioniq 5 N line. It’s a kind request.,0,True
Ugyy1SRVZrd7aFrfp2x4AaABAg,comment,52O3cYsyZMo,,False,@BrianCanon,I like how they copied the Fisker headlights 😂,0,True
UgyXRafFvmuhFDoTrYR4AaABAg,comment,52O3cYsyZMo,,False,@exhaust4568,Looks like the lucid air chat,0,True
UgyW09TBqqBsWS-WkXl4AaABAg,comment,52O3cYsyZMo,,False,@MegaRetr,A $549 lease on this thing is insane! But,0,True
Ugyb0spJiQdwyNKm_uh4AaABAg,comment,52O3cYsyZMo,,False,@MainPilot,Tesla needs to stop with staggered on all wheel drive!!,0,True
UgwGaRi1-4-pzyRSG-l4AaABAg,comment,52O3cYsyZMo,,False,@HansiFlummi,"Oh no, if its the same car, all the same parts are going to break after short period of time due to lack of quality parts Tesla uses. :-(",0,True
Ugx7pxYOxeFfOuebxT54AaABAg,comment,52O3cYsyZMo,,False,@raheeb1,"Yeah the Plaid S is now 87,990 which is an incredible price but that’s double literally this new M3P that is chock-full of advanced and bespoke tech and features since it’s $45,490 with the fed credit",0,True
Ugx71_M1mR18q3GKNj14AaABAg,comment,52O3cYsyZMo,,False,@JacobLongActingJourney,Why don’t all new cars come with memory seats??,0,True
UgzrOM6AnwPZIc9pd-J4AaABAg,comment,52O3cYsyZMo,,False,@JacobLongActingJourney,Can someone swap the steering wheel to one with the buttons if they wanted?,0,True
UgxfYEbezl1qevhadMB4AaABAg,comment,52O3cYsyZMo,,False,@whatsyourone0,Under 60k this guy kinda extremely crazy..i love tesla❤❤,0,True
UgzAfQuAQhUECaw9fP54AaABAg,comment,52O3cYsyZMo,,False,@vaderundershorts,EV + performance = I gave  up on driving ...,0,True
UgzJAyAY1MKiXJyHj454AaABAg,comment,52O3cYsyZMo,,False,@danielbass09,Can you convert HP to KWs in your subtitles please. You’ve started doing it for Mph to km/h. Be good for all the metric countries (everywhere else but America) to also display this.,0,True
UgwUR3jCdKlebGH58YZ4AaABAg,comment,52O3cYsyZMo,,False,@FazliHalim,0:47 pause it,10,True
UgwUR3jCdKlebGH58YZ4AaABAg.A2eMfkdh3DgA7fN4mtrJWm,comment,52O3cYsyZMo,UgwUR3jCdKlebGH58YZ4AaABAg,True,@swoopes7777,???,1,True
UgwUR3jCdKlebGH58YZ4AaABAg.A2eMfkdh3DgAC_5vHyAQK3,comment,52O3cYsyZMo,UgwUR3jCdKlebGH58YZ4AaABAg,True,@MattSeabolt,Ded,0,True
UgzeFwLD4FIsL6ETtiJ4AaABAg,comment,52O3cYsyZMo,,False,@raheeb1,"“Under 60k, I think that’s in a pretty good spot”

Then realizes it’s 45K with the tax credit. 🔥",369,True
UgzeFwLD4FIsL6ETtiJ4AaABAg.A2eL9pQY0nEA3qLrToGkgM,comment,52O3cYsyZMo,UgzeFwLD4FIsL6ETtiJ4AaABAg,True,@xKyriakoZ,"in cyprus it costs closer to 100k thanks to communism taxes. we have to pay taxes and then pay taxes again, and also pay taxes on the first tax amount. its unreal. we need to reduce governments asap",21,True
UgzeFwLD4FIsL6ETtiJ4AaABAg.A2eL9pQY0nEA40B0SNveP8,comment,52O3cYsyZMo,UgzeFwLD4FIsL6ETtiJ4AaABAg,True,@MasterGoku21,​@xKyriakoZcommunism is awful,0,True
UgzeFwLD4FIsL6ETtiJ4AaABAg.A2eL9pQY0nEA4Xiqs1OxMQ,comment,52O3cYsyZMo,UgzeFwLD4FIsL6ETtiJ4AaABAg,True,@state.ofmind,@xKyriakoZi see american brain rot has been exported to even cyprus,0,True
UgzeFwLD4FIsL6ETtiJ4AaABAg.A2eL9pQY0nEA6SIFEfdT1d,comment,52O3cYsyZMo,UgzeFwLD4FIsL6ETtiJ4AaABAg,True,@Akis__,​@xKyriakoZΔεν έχετε καν αντιπροσωπεία Tesla στη Κύπρο. Τί φάση;,0,True
UgzeFwLD4FIsL6ETtiJ4AaABAg.A2eL9pQY0nEA6SN0gAVGOg,comment,52O3cYsyZMo,UgzeFwLD4FIsL6ETtiJ4AaABAg,True,@xKyriakoZ,@Akis__ ne oti nane.,1,True
UgzeFwLD4FIsL6ETtiJ4AaABAg.A2eL9pQY0nEA6mMBISdRZc,comment,52O3cYsyZMo,UgzeFwLD4FIsL6ETtiJ4AaABAg,True,@luderx,@Akis__ what in the math language,2,True
UgzeFwLD4FIsL6ETtiJ4AaABAg.A2eL9pQY0nEA6oogHB3_Ei,comment,52O3cYsyZMo,UgzeFwLD4FIsL6ETtiJ4AaABAg,True,@Bobspineable,"​@xKyriakoZ You pay taxes for all the government services like healthcare, education, transit, and public works. If you wish to lower taxes then all of those services the government provides must be paid out of pocket which may be more expensive.",4,True
UgzeFwLD4FIsL6ETtiJ4AaABAg.A2eL9pQY0nEA6opGynxows,comment,52O3cYsyZMo,UgzeFwLD4FIsL6ETtiJ4AaABAg,True,@xKyriakoZ,"@Bobspineable except it won't be more expensive. There's no chance at all that any of those will be more expensive. Because now we overpay government to do all that, but also to steal as much as possible and offer as little as possible",0,True
UgzeFwLD4FIsL6ETtiJ4AaABAg.A2eL9pQY0nEA8IyJ_b-Irx,comment,52O3cYsyZMo,UgzeFwLD4FIsL6ETtiJ4AaABAg,True,@knight5799,buddy needs a calculator XD,0,True
UgzeFwLD4FIsL6ETtiJ4AaABAg.A2eL9pQY0nEA8IztY39q4H,comment,52O3cYsyZMo,UgzeFwLD4FIsL6ETtiJ4AaABAg,True,@xKyriakoZ,@Bobspineable I wish all those services were paid out of pocket. My pocket would be full and I would be able to choose where I want to spend it,6,True
UgzeFwLD4FIsL6ETtiJ4AaABAg.A2eL9pQY0nEAGniNAUKHe7,comment,52O3cYsyZMo,UgzeFwLD4FIsL6ETtiJ4AaABAg,True,@daytodaytech7687,@xKyriakoZwell this aged well,0,True
UgzeFwLD4FIsL6ETtiJ4AaABAg.A2eL9pQY0nEAGpqqk2jVk9,comment,52O3cYsyZMo,UgzeFwLD4FIsL6ETtiJ4AaABAg,True,@xKyriakoZ,@ what aged well?,0,True
UgzBix098hMMjLAJYNZ4AaABAg,comment,52O3cYsyZMo,,False,@MoneyMindWorld-M,Have you seen Chinese cars? Why Tesla looks like Chinese and Chinese like European cars? And the price is 2x for Tesla vs the higher quality and 10x better Chinese cars!,0,True
UgxNecoN11dw5rcrRRJ4AaABAg,comment,52O3cYsyZMo,,False,@User3005-h9r,Bring buttons back,0,True
UgxtKTGlSU4dhhW3pGl4AaABAg,comment,52O3cYsyZMo,,False,@twintriode,Ugly mofo car.,0,True
Ugyn1YCVIL6Urdtv1gd4AaABAg,comment,52O3cYsyZMo,,False,@WoodFurnitureInc,"im 6'5, I dont fit in the model 3 well at all.. model S suits me better. Waiting for next gen to come out... and hopefully it is higher quality",0,True
UgzjjN0dhy5oFDvCqW14AaABAg,comment,52O3cYsyZMo,,False,@TheExxl,they should have done the tow spot more above the bumper lip,0,True
UgxNyoCH3r4C7QcN3xN4AaABAg,comment,52O3cYsyZMo,,False,@Me30404938398,from jp here,1,True
Ugy5CoGy5Y0FzYR94u94AaABAg,comment,52O3cYsyZMo,,False,@disappoointeed6094,Saw these driving in China 3weeks ago or something.,0,True
Ugz3ghRMuBZYAlSqvmJ4AaABAg,comment,52O3cYsyZMo,,False,@KyleXx_7,I always watching your videos,1,True
Ugw53NRESQ1xKnHgnT14AaABAg,comment,52O3cYsyZMo,,False,@victormarinov4470,What is this video filmed on??? Looks weird…,0,True
UgzTnXtFf2k0010PJFV4AaABAg,comment,52O3cYsyZMo,,False,@eddieair23,I can’t wait to the next iteration of the Model S! This is nice though! 👏🏾👏🏾👏🏾,0,True
Ugy79Egps703cZtp6gF4AaABAg,comment,52O3cYsyZMo,,False,@JudoHighlights2015,"Dudes hair looks like umi budou, ngl",0,True
UgyVwgOjxXZZ73a6wGN4AaABAg,comment,52O3cYsyZMo,,False,@tr0nd15c,Kewl story br0; still buying a Lucid Grand Touring Stealth package. #DreamCar #ElonOverratedMusk #TheFutureIsLucid #ZeroDragCoefficient #BehindTheDesign #LucidMotors #AutomotiveInnovation #RallyAgainstRangeAnxiety #TeslaSucks #LeftInTheDust #InferiorTechSpecs,0,True
Ugx2SYjc0D5EdEHPKn54AaABAg,comment,52O3cYsyZMo,,False,@Bobby-xh6sr,"0-100kph in 3.1sec. With roll out is quite poor, sticking with my 2020 model 3 performance until 0-100 times get to at least 2.7sec, without rollout.",0,True
Ugx2SYjc0D5EdEHPKn54AaABAg.A2dznS2RXtaA2e2sJ23Xf9,comment,52O3cYsyZMo,Ugx2SYjc0D5EdEHPKn54AaABAg,True,@Just_a_random_birb,"Ahem, Autotrader hit 2.9 sec and Jason Carissa hit 2.8 sec.",0,True
Ugx2SYjc0D5EdEHPKn54AaABAg.A2dznS2RXtaA2eKJtc9irQ,comment,52O3cYsyZMo,Ugx2SYjc0D5EdEHPKn54AaABAg,True,@Bobby-xh6sr,"@Just_a_random_birb will see when Carwow do their tests shortly, the real truth will come out",0,True
UgwHT4Zp1VrK0UP_P-l4AaABAg,comment,52O3cYsyZMo,,False,@michael4563,"Rocks up nearly 1m views in a day, 4 times that of Top Gear and AutoTrader, and its casually filmed handheld on a phone. Mad",0,True
Ugx01YHy7B0eVlmdmVt4AaABAg,comment,52O3cYsyZMo,,False,@shayanfazeli8211,MachE gt 2023 or this?,0,True
UgzGeDHtajpi6MYrZQd4AaABAg,comment,52O3cYsyZMo,,False,@FreehuntX93,136kmh for 60k? Srsly?,0,True
UgzDTcgwToh5X_WUIUh4AaABAg,comment,52O3cYsyZMo,,False,@skip741x3,"I only just drove a tesla for the 1st time about 2 months ago..it was a base model trim, single motor  one from 2020.
probably just around 320hp more or less...Still, that car was incredibly quick and would leap off the line and close gaps like noones business..One of the most Surreal and utterly unique car experiences ive ever had...those cars look,drive and feel Otherworldly... The one this dude is driving would be Dream car material in my book if I could afford one...cant even fathom the speed ...",4,True
UgzDTcgwToh5X_WUIUh4AaABAg.A2duMPbCdswA2hQsWyNKGH,comment,52O3cYsyZMo,UgzDTcgwToh5X_WUIUh4AaABAg,True,@patrutherford9600,@Glazenbol-uo2ni you can't be talking about their electric offerings,0,True
UgzDTcgwToh5X_WUIUh4AaABAg.A2duMPbCdswA2huIOIcYt0,comment,52O3cYsyZMo,UgzDTcgwToh5X_WUIUh4AaABAg,True,@martywhite3857,Thinking it’s time to trade in our BMW and have 2 model 3’s,0,True
UgzDTcgwToh5X_WUIUh4AaABAg.A2duMPbCdswA2jnZsj9zAn,comment,52O3cYsyZMo,UgzDTcgwToh5X_WUIUh4AaABAg,True,@patrutherford9600,"@Glazenbol-uo2ni  to each their own of course. I bet many of those cars are better for folks who like the familiarity of the ICE cars they come from. But an entry e35 costs more than the most expensive model 3. Im betting a less exciting driving experience..at least for my taste.
While not a fan of the value for money on many European cars, I can still appreciate some of their ICE offerings. Not convinced their EVs will be great but haven't driven one.. The Mercedes personnel urged a family member of mine to avoid the EQS and one other EV model last I was there. Too many coming back with issues.. Of course this may have just been local..
  I remember when people were gravitating towards Scion back in the day because they thought they looked neat and too many people drive civics and corollas, etc. Im sure it worked out for some of them but I never felt a compulsion to stand out after high school.",0,True
UgzDTcgwToh5X_WUIUh4AaABAg.A2duMPbCdswA30s21C5JJp,comment,52O3cYsyZMo,UgzDTcgwToh5X_WUIUh4AaABAg,True,@patrutherford9600,"@Glazenbol-uo2ni When you said, ""now with the price drops, it's just an entry level car."" I am curious as to what you meant. As far as feeling premium, it is better in every way than the previous model. I think people want more expensive cars because there is an illusion they're better and that an affordable car is for the lesser folks lol
I any event, I've spent some time in my brothers e46 M3. Fun car, but it can't route power to the front or back at a moments notice or be AWD if it likes. And for the price of the cheapest BMW I'd certainly take the Long range or performance Model 3. I guess I don't see a lot of value in running my fingers across leather I only know is nice because I paid a lot for it.",0,True
UgwmO0AUB8DUZpyp5FZ4AaABAg,comment,52O3cYsyZMo,,False,@popsrobloxgg,Did they fix the rain sensors? Because I hate my tesla when it rains 🤦🏻‍♂️ specially launching the car while it’s raining I noticed water coming inside the cabin 🤦🏻‍♂️,0,True
UgzVBIJaxHG218teXFp4AaABAg,comment,52O3cYsyZMo,,False,@eastmanwebb5477,"""Can you not?""😂",0,True
UgweZPcXOg5Fdz-FaCN4AaABAg,comment,52O3cYsyZMo,,False,@KingAfsheen,As a content creator the “can you not” for the water bottle was felt 😂,0,True
UgzGaZV1CkDnn2mPKGh4AaABAg,comment,52O3cYsyZMo,,False,@PanzerGandhi,But how are the wipers?,1,True
UgzEJSH4-UdD7yrQp0J4AaABAg,comment,52O3cYsyZMo,,False,@ibrahimkacar1,"Buddy! All this talking, at least launch the car from 0-100.",1,True
UgxmiKrFuVoFr8DTCBt4AaABAg,comment,52O3cYsyZMo,,False,@Accuaro,"I want a HUD so I don't need to look at the iPad touch screen, your eyes should always be on the road. Capacitive buttons are cheaper than physical buttons, as can see from cost cuttings (no stalks). I'm still bitter over no physical glovebox button, wish that was a thing. If those would be in a Tesla I would consider it, but they are not so it's not for me :/",0,True
UgzTYOHXCCY3oEkGaaF4AaABAg,comment,52O3cYsyZMo,,False,@Torque2000,Marques casually hates anything other than Tesla in new automobiles!,1,True
UgzTYOHXCCY3oEkGaaF4AaABAg.A2dinqJfBVGA2e2yJwAc93,comment,52O3cYsyZMo,UgzTYOHXCCY3oEkGaaF4AaABAg,True,@Just_a_random_birb,His daily driver is Porsche 911 💀,0,True
UgzTYOHXCCY3oEkGaaF4AaABAg.A2dinqJfBVGA2edX5egYZa,comment,52O3cYsyZMo,UgzTYOHXCCY3oEkGaaF4AaABAg,True,@Torque2000,​@Just_a_random_birb doesn't still show up praises on his channel though,0,True
Ugz5p5l9bKcBWHIufZh4AaABAg,comment,52O3cYsyZMo,,False,@Torque2000,Tesla puppet,1,True
Ugz5p5l9bKcBWHIufZh4AaABAg.A2dii1S5tDHA2e2z3sPsuD,comment,52O3cYsyZMo,Ugz5p5l9bKcBWHIufZh4AaABAg,True,@Just_a_random_birb,Nope,0,True
Ugx6z3dhYPjtRtJ-OBp4AaABAg,comment,52O3cYsyZMo,,False,@Torque2000,Tesla fanboy spotted!,0,True
Ugx6z3dhYPjtRtJ-OBp4AaABAg.A2digWCk7C7A2e32mUXXY8,comment,52O3cYsyZMo,Ugx6z3dhYPjtRtJ-OBp4AaABAg,True,@Just_a_random_birb,He daily drives a Porsche 911!,0,True
Ugw2ZUvnT2SU0ZLhUHl4AaABAg,comment,52O3cYsyZMo,,False,@MrKameleonu,"De acord cu 90% din video insa nu sunt de acord cu faptul ca razboaiele nu se mai duc cu armate marsaluind s.a.m.d. 
Mai acum cativa ani Rusia intra in Ucraina cu sute de blindate, avioane si mii de militari. Razboaiele de care pomenesti nu au magnitudine. Ok, sunt sustinute tacit sau nu insa ele doar clocotesc. Nu au erupt in asa fel incat o multime de tari sa disloce efectiv oameni. Orase intregi, zeci, sa fie facute una cu pamantul. 
Ok, ideologic este ww3. Dar la o magnitudine cu mult limitata si da, inca regionala.",0,True
Ugx_5oMvw9SxR_iSWTN4AaABAg,comment,52O3cYsyZMo,,False,@cambell-yi2gh,THAT is a nice car. Very good tweaks.,0,True
UgwbolnOK_Axkm4w6tF4AaABAg,comment,52O3cYsyZMo,,False,@Mark0-villan0va,No Real men drive teslas.. Tesla's are for bit👎ches,0,True
UgxlNqcARVmW1jrJrrJ4AaABAg,comment,52O3cYsyZMo,,False,@mrawesome7239,"His normal camera quality is so good, it is so evident when he uses a bad camera setup",0,True
UgwGoH47Mf0xicDPLyJ4AaABAg,comment,52O3cYsyZMo,,False,@Vo1dStrider,"My god that video quality is bad. The hairs, sky, shadows iphone fell off or what?",0,True
UgwGoH47Mf0xicDPLyJ4AaABAg.A2dZcwJo9nKA2e38HrrSMA,comment,52O3cYsyZMo,UgwGoH47Mf0xicDPLyJ4AaABAg,True,@Just_a_random_birb,He recorded with the phone without log and did 0 video edit.,0,True
UgwGoH47Mf0xicDPLyJ4AaABAg.A2dZcwJo9nKA2e3ZG3gM-G,comment,52O3cYsyZMo,UgwGoH47Mf0xicDPLyJ4AaABAg,True,@Vo1dStrider,"@Just_a_random_birb that's why i blamed the iphone i know mkbhd gives the most effort in lighting, editing etc. in his videos maybe the best in terms of that but that iphone really made the video grainy and weird.",0,True
Ugzx5Kp9zVX9i5ElLwp4AaABAg,comment,52O3cYsyZMo,,False,@tisztakossz,Tesla ❤❤,1,True
UgwivAfzffrl_WR7Za14AaABAg,comment,52O3cYsyZMo,,False,@sleestak2000,"Thanks for commenting on the steering wheel non-button buttons! This car looks amazing, but I can't deal with buttons that don't click. It's bad enough that they got rid of the stalks.",48,True
UgwivAfzffrl_WR7Za14AaABAg.A2dZJ0T04EaA2egJE4Le-v,comment,52O3cYsyZMo,UgwivAfzffrl_WR7Za14AaABAg,True,@urhot,Cmon man they litterally take 1hour to get used to. And they have haptic feedback?. Also the future of Tesla is autonomous anyway,0,True
UgwivAfzffrl_WR7Za14AaABAg.A2dZJ0T04EaA2k3nLa6JMQ,comment,52O3cYsyZMo,UgwivAfzffrl_WR7Za14AaABAg,True,@mcartier8812,NPC,6,True
UgwivAfzffrl_WR7Za14AaABAg.A2dZJ0T04EaA2kE0op9b6B,comment,52O3cYsyZMo,UgwivAfzffrl_WR7Za14AaABAg,True,@urhot,@mcartier8812 I’m a mechanical engineer lol I probably know more about where this tech is heading than you do,0,True
UgwivAfzffrl_WR7Za14AaABAg.A2dZJ0T04EaA2nRBPd8enO,comment,52O3cYsyZMo,UgwivAfzffrl_WR7Za14AaABAg,True,@liltitan9435,"​@urhotpeople have to want to buy the tech you speak about and last time I checked sales are down, they fired 10% of the people that worked there and the cyber truck is a complete dangerous joke.",0,True
UgwivAfzffrl_WR7Za14AaABAg.A2dZJ0T04EaA2nRho3GtyH,comment,52O3cYsyZMo,UgwivAfzffrl_WR7Za14AaABAg,True,@liltitan9435,Don't forget about the gear shift being either push buttons or on the display. This is going backwards.,4,True
UgwivAfzffrl_WR7Za14AaABAg.A2dZJ0T04EaA2pb51_Sg-K,comment,52O3cYsyZMo,UgwivAfzffrl_WR7Za14AaABAg,True,@on_the_same_page,Why are the steering wheel buttons different in the Performance from the SR/LR trims?,0,True
UgwivAfzffrl_WR7Za14AaABAg.A2dZJ0T04EaA2xHncaSYQl,comment,52O3cYsyZMo,UgwivAfzffrl_WR7Za14AaABAg,True,@ChezBrotherz,@mcartier8812what are you doing on a car review you should be watching Skibidi tolit montage,0,True
UgwivAfzffrl_WR7Za14AaABAg.A2dZJ0T04EaA31kXPlSk0I,comment,52O3cYsyZMo,UgwivAfzffrl_WR7Za14AaABAg,True,@sleestak2000,"I was able to see the Performance in person today. The buttons are fine, they click when you press. It's just not the physical click you get from a normal button. Not worried about getting used to them at all. The only thing I'm a little more concerned about now are the seats. I think I'm just more of a casual driver and don't need the hugging seat cushions. I do a lot of commuting and would prefer a more chill seat.",1,True
UgwivAfzffrl_WR7Za14AaABAg.A2dZJ0T04EaA31keWljykq,comment,52O3cYsyZMo,UgwivAfzffrl_WR7Za14AaABAg,True,@sleestak2000,@on_the_same_page I tried them both today. They are only slightly different. I wasn't as bothered about it as much as the reviewer.,1,True
UgwivAfzffrl_WR7Za14AaABAg.A2dZJ0T04EaA4As2da11gQ,comment,52O3cYsyZMo,UgwivAfzffrl_WR7Za14AaABAg,True,@itsatrap7215,@liltitan9435 going backwards to a time when we there were push buttons or a display to shift?,0,True
UgwivAfzffrl_WR7Za14AaABAg.A2dZJ0T04EaABcXo0Jwhpm,comment,52O3cYsyZMo,UgwivAfzffrl_WR7Za14AaABAg,True,@rohitknandyala,"I don't even mind the buttons as I mind how hard it is to click them. They don't turn on with a light click, like I gotta press hard in the right spot.",0,True
UgyEd2IBK-Fqb_zvHJR4AaABAg,comment,52O3cYsyZMo,,False,@rubenmoreno407,"Common misconception about good weather. Cloudy and chilly is the best weather and is good weather. When it's sunny, that's kinda bad weather, sun always beaming in you making you sweaty. At least with cold weather, you're not hot/sweaty and if your cold, wear a jacket.",0,True
UgyNMvnruF-TX5eU8aF4AaABAg,comment,52O3cYsyZMo,,False,@baundiesel,The glove compartment barely opens but at least it has string magnet. lol You didn't deserve criticism for the AI Pin but you 100% deserve criticism for your Tesla/Elon fanboyism.,0,True
UgwPnBUk2NJhCZx7hXV4AaABAg,comment,52O3cYsyZMo,,False,@TheCenterTruth,Those aero caps are ugly af.,0,True
UgwIDMiCHRqE8hz1uXJ4AaABAg,comment,52O3cYsyZMo,,False,@akeem11h,I finally made it here. M3P is a buy now,0,True
Ugwc91YHBczIO9m4a-94AaABAg,comment,52O3cYsyZMo,,False,@SuperDryDiver,Still not a hatch back...  😞,0,True
UgwZ1nXxhbO4zj5vsqZ4AaABAg,comment,52O3cYsyZMo,,False,@miguelji505,I can't figure out if I should buy the model 3 performance or Long range. Do we know what type of batteries both have? I am also thinking about future cost. I know with the federal incentive the performance is cheaper but the 20inch tires will be more expensive in the future. What do you think?,0,True
Ugzdf-6x5Lj1N7Bh9AR4AaABAg,comment,52O3cYsyZMo,,False,@dbbyres,"Tesla Model 3 owner since 2020. If you’ve got a $60k-ish budget, you owe it to yourself to check out the competition. If you want a Tesla for sure, consider taking full advantage of Tesla’s price cuts. Your initial joy of ownership might fade over time as you deal with Tesla quality issues, as I am now.",0,True
Ugx-M_r_tpVzmcGv2Et4AaABAg,comment,52O3cYsyZMo,,False,@robertregan2305,STILL PREFER MY KIA EV6 GT ❤❤❤❤,0,True
UgxfzAm6iFrM8KlPpit4AaABAg,comment,52O3cYsyZMo,,False,@carterjohnson25,Best under 3 second car by far.  And FSD compatible.,0,True
UgxZjq61X4O8kNsncKB4AaABAg,comment,52O3cYsyZMo,,False,@origaminefretami3480,Still just a Tesla tho.,0,True
Ugwfl8qX7o9R4QuenYZ4AaABAg,comment,52O3cYsyZMo,,False,@SteinbauerSports,This guy exists purely to kiss elons ass,3,True
Ugwfl8qX7o9R4QuenYZ4AaABAg.A2dN2k0z3EPA2e3FeFylL3,comment,52O3cYsyZMo,Ugwfl8qX7o9R4QuenYZ4AaABAg,True,@Just_a_random_birb,"Nope, Tesla is a good car that’s why he is giving a positive review.",0,True
UgzI0vaSAd1PLJrLxuZ4AaABAg,comment,52O3cYsyZMo,,False,@IdontKnow-fd6rp,Still a tesla........,1,True
UgzI0vaSAd1PLJrLxuZ4AaABAg.A2dLZT-PivQA2e3Gx1ZIGL,comment,52O3cYsyZMo,UgzI0vaSAd1PLJrLxuZ4AaABAg,True,@Just_a_random_birb,What is it then?,0,True
Ugyx_j7latsnllPISbt4AaABAg,comment,52O3cYsyZMo,,False,@veloferrari,"Love it! I had a 2018 (?) 3P, and now a 2021 3P. So yesterday I HAD to order the new one!!! My current 3P  has a lot of squeaking and rattles but the 12.3.3 FSD is incredible!!!
Can't wait to take delivery! One thing that's not great is the depreciation on my current car. Tesla will only give you one quote and that's it and it's totally under valued. I get it's a wholesale quote... I work in the exotic car industry... but I'll sell it myself online. Thanks for the great review Marques. Love all your videos so keep going and I'll keep watching and giving you a thumbs up!",6,True
Ugxk-4wlkzRiCaBTWhl4AaABAg,comment,52O3cYsyZMo,,False,@nunayobiznass,Those inserts come off the rims.. which makes it look way better,1,True
UgyyIdGku3CkUXFn3k14AaABAg,comment,52O3cYsyZMo,,False,@asfbi,Any word on leasing getting ev rebate?,0,True
UgwOUspgznCm3LNuV6B4AaABAg,comment,52O3cYsyZMo,,False,@anthonygriffin6868,does track mode change the brake fluid?,0,True
UgwOUspgznCm3LNuV6B4AaABAg.A2dJPpYnrl5A2e3K9bvodt,comment,52O3cYsyZMo,UgwOUspgznCm3LNuV6B4AaABAg,True,@Just_a_random_birb,No.,0,True
Ugzfy-Bv2sD5ciihw2J4AaABAg,comment,52O3cYsyZMo,,False,@trillium_music,my tell tale sign is the right and left rear blinkers. old model 3 has orange strip between the lights while the performance has it right under the brake light.,0,True
Ugw9gfUO2DQ9Fftxew54AaABAg,comment,52O3cYsyZMo,,False,@tonyr6365,"Jesus is the Son of the Living God.  Jesus was crucified and died for the sins of the world.  Jesus's Blood was shed for the forgiveness of sins.  Jesus was buried for three days.  Jesus was raised from the dead by God.  Jesus left the tomb.  Jesus was seen alive by Cephas, the twelve, James, all the apostles, over 500 brethren at once and Paul.  Jesus is Lord.",1,True
Ugwujd9sBvXXj5uJxcJ4AaABAg,comment,52O3cYsyZMo,,False,@jonathanblake5844,"Keeping ur videos under 15 minutes is huge, lots of auto videos ~30 minutes. Good way to distinguish",1,True
Ugw06AICXOS6QJkBeuh4AaABAg,comment,52O3cYsyZMo,,False,@fillsgarage,"I really enjoyed the video and I’m strongly considering getting one later this year or watt for the Y performance. Does the 3 performance qualify for 7,500 tax credit?",0,True
Ugx5iB6qebml19dQFjF4AaABAg,comment,52O3cYsyZMo,,False,@TheRealFrankGrimes,"The in-depth review in Jason Cammisa's Carmudgeon show vs. This one is hilarious. 

Another mediocre car review by the world's leading mediocre car reviewer.",0,True
UgxMG_jmOLcRZU20ZPF4AaABAg,comment,52O3cYsyZMo,,False,@stevens9419,Show us the Car! We don’t wana see u talk,1,True
UgytCv8-9ZvoRRFxAUd4AaABAg,comment,52O3cYsyZMo,,False,@zagato77904,Great. Now more fruitcakes upbadging their standard versions,0,True
UgyXcbzvOqwXf_F87vh4AaABAg,comment,52O3cYsyZMo,,False,@GarageFactorySD,"how do you talk, film, zoom and show hand gestures while filming using your other hand and sometimes switch perspectives 🤔",0,True
Ugz2tWCQcE7WI37MeGp4AaABAg,comment,52O3cYsyZMo,,False,@Starship007,"Another  great, down to earth review.    What about a FSD review.  I have  owned several Tesla’s with FSD starting with my 2017 Model X, that I bought new. The April update seems level 3 to me.  Voice or manual navigation with arrival at destination with great accuracy and almost no taking control.  Even airlines have 2 pilots and an autopilot for a just in case scenario.  Once level 5 FSD a car will be an ASSETT vs a depreciating liability.  Money in your pocket every month vs money out of your pocket every month as a robotaxi.  Charging with solar at home saves me $500/month on gas and home electricity.  Electricity will always be cheaper than globally priced oil.  Plus no oil filters in landfills every 5000 miles.  I can not control healthcare costs but can control energy costs.",0,True
Ugycw5Ei28okRRUJzEh4AaABAg,comment,52O3cYsyZMo,,False,@JefferyRoberts-h5s,Your microphone is crap !! Wind noice .? REALY ?,1,True
Ugycw5Ei28okRRUJzEh4AaABAg.A2d5AIOW9l5A2e3PCw3Yqp,comment,52O3cYsyZMo,Ugycw5Ei28okRRUJzEh4AaABAg,True,@Just_a_random_birb,He is recording this with a phone!,0,True
Ugycw5Ei28okRRUJzEh4AaABAg.A2d5AIOW9l5A2eArC87D31,comment,52O3cYsyZMo,Ugycw5Ei28okRRUJzEh4AaABAg,True,@JefferyRoberts-h5s,"He has little microphone pinned to his shirt. ,",0,True
Ugycw5Ei28okRRUJzEh4AaABAg.A2d5AIOW9l5A2eBQrrfvLy,comment,52O3cYsyZMo,Ugycw5Ei28okRRUJzEh4AaABAg,True,@Just_a_random_birb,"@JefferyRoberts-h5s oh, I agree with you the mic is trash at blocking wind noise.",0,True
Ugz_nFjHviFcJZ7t9Tp4AaABAg,comment,52O3cYsyZMo,,False,@bullclan,"08:19 looks like a horn symbol to me on the steering wheel.  Let's keep; it there please.  Lack of physical control for  indicators, lights, windscreen wipers and temp controls is missing (owner of 2023 MY and M3 with most of the aforementioned present - who drives in the PNW).",0,True
UgzK6JexFJKpJS7gc094AaABAg,comment,52O3cYsyZMo,,False,@slowsti0535,Model 3 plaid but not a plaid.. nice,0,True
UgzK6JexFJKpJS7gc094AaABAg.A2d3hr7hMxgA2e3QWtv3sP,comment,52O3cYsyZMo,UgzK6JexFJKpJS7gc094AaABAg,True,@Just_a_random_birb,Ludicrous,0,True
UgwpR2C25v1boJzpOsN4AaABAg,comment,52O3cYsyZMo,,False,@Wvk5zc,it's a shame you can't review Chinese EVs,0,True
UgwpR2C25v1boJzpOsN4AaABAg.A2d3gIC6kFMA2dP80Bg_Pq,comment,52O3cYsyZMo,UgwpR2C25v1boJzpOsN4AaABAg,True,@origaminefretami3480,America is scared that chinese EVs surpass Tesla.,0,True
UgwpR2C25v1boJzpOsN4AaABAg.A2d3gIC6kFMA2e3Uc9JQ8Q,comment,52O3cYsyZMo,UgwpR2C25v1boJzpOsN4AaABAg,True,@Just_a_random_birb,Thankgod! Chinese EVs are ticking time bomb.,0,True
UgxYQEk_tUn6CwFttpx4AaABAg,comment,52O3cYsyZMo,,False,@Starship007,"BMW 3 series/BMW M version, MB/MB AMG fairly subtle differences.  I remember the 90’s ZR1 corvette first arrived with Cosworth dual overhead cams almost 500 horsepower but poor sales as no difference exterior.  Glad performance has differences.  Tesla is making some money now where they can improve aesthetics",0,True
UgyXOgUBcfYu4VTj5B54AaABAg,comment,52O3cYsyZMo,,False,@sipsapsop,Awesome review. Curious what phone you used for recording this video. Either YouTube compression really kicked in or the phone is over sharpening and compressing the video. Some parts of the video look weirdly blurry,1,True
UgyXOgUBcfYu4VTj5B54AaABAg.A2d22NGauNwA3QZLJJpmxD,comment,52O3cYsyZMo,UgyXOgUBcfYu4VTj5B54AaABAg,True,@Hhhh22222-w,"iPhone 15 pro, he says it in the description, also yeah that has been an issue since the 14 pro",0,True
UgwGJEzf9MIVVVR2um14AaABAg,comment,52O3cYsyZMo,,False,@corytc5095,I hate the wheels lol maybe they will grow on me,0,True
UgwGJEzf9MIVVVR2um14AaABAg.A2cz4LtjXrXA2e3jVupLfK,comment,52O3cYsyZMo,UgwGJEzf9MIVVVR2um14AaABAg,True,@Just_a_random_birb,You can remove the aero covers or you can just buy new rims.,0,True
UgyzOhmyAtKT9otFwaB4AaABAg,comment,52O3cYsyZMo,,False,@no_seGT,"Didnt talking about rhe battery or charging, have they improved or its still the same depending on the weather?",0,True
UgxzyrnM6fXL3Yh29314AaABAg,comment,52O3cYsyZMo,,False,@ScruPiaN,"If it’s put together well unlike every other Model 3 I’ve been in, this is interesting.",0,True
UgxzyrnM6fXL3Yh29314AaABAg.A2cskLSkokYA2e3rAxJk4R,comment,52O3cYsyZMo,UgxzyrnM6fXL3Yh29314AaABAg,True,@Just_a_random_birb,2024 model 3 build quality is very good! Almost matches with new Mercedes!,0,True
UgzfDJ0dlk4lo_7ngKB4AaABAg,comment,52O3cYsyZMo,,False,@Earley_World,iPhone 15 pro bro!?!?! The footage looks like a DSLR dude 😮,13,True
UgzfDJ0dlk4lo_7ngKB4AaABAg.A2csBDzP7nWA2e16GYg84v,comment,52O3cYsyZMo,UgzfDJ0dlk4lo_7ngKB4AaABAg,True,@Just_a_random_birb,iPhone is still best at recording videos.,3,True
UgzfDJ0dlk4lo_7ngKB4AaABAg.A2csBDzP7nWA7TQKsRMFPH,comment,52O3cYsyZMo,UgzfDJ0dlk4lo_7ngKB4AaABAg,True,@ThinRedLine_Matt,"​​@Just_a_random_birbThere is many variables unaccounted for in that statement. At it's base are all devices that are being compared in this scientific testing being used in the most optimal mode available to each device? The subjective moral judgement of the human who states what is good, bad, right, wrong, etc... None of which are things that are ABSOLUTES or scientific certainties. Certainty - my human used a social network and replied in a comment section on a specific video.",0,True
UgzG6-TlmNDnxqNRxNd4AaABAg,comment,52O3cYsyZMo,,False,@LifebyLeo.com805,That's impressive 2.9,0,True
Ugxh006RnZXuloP0ZMF4AaABAg,comment,52O3cYsyZMo,,False,@ToddGlasier,"Sir, your reviews are FANTASTIC!  Just love your delivery, professionalism, and just a touch of personality. Comes off as very well put together!",110,True
Ugxh006RnZXuloP0ZMF4AaABAg.A2crteb5pWFA4yI1Blk_in,comment,52O3cYsyZMo,Ugxh006RnZXuloP0ZMF4AaABAg,True,@9mmaster538,Agreed well said!,2,True
Ugz8klGe0NJJ0MpE6gJ4AaABAg,comment,52O3cYsyZMo,,False,@andynak7672,Performance is now all about straight line speed according to all these YouTubers. This is not a performance car.,0,True
UgyHn7UdbFOL9cVonm94AaABAg,comment,52O3cYsyZMo,,False,@DuckDuckGeeseMusic,This is the best lease deal you can get.,0,True
UgwTia1hlVHfx9tAL0l4AaABAg,comment,52O3cYsyZMo,,False,@carolinebray82,We want clicky buttons 😂😢,0,True
UgzfHrbyjUUZDzE4qfl4AaABAg,comment,52O3cYsyZMo,,False,@Alessandro---,"Is there a ""valet mode"" so that when a valet parks your car they don't try to race it?",1,True
UgzfHrbyjUUZDzE4qfl4AaABAg.A2cqIWEpa7gA2dMpl-NDJB,comment,52O3cYsyZMo,UgzfHrbyjUUZDzE4qfl4AaABAg,True,@DFWsCars,There is,0,True
UgxxzdOkUAo8TX4S0194AaABAg,comment,52O3cYsyZMo,,False,@tokyonegi,Spoiler alert!,0,True
Ugz3BJ4b63s_9-xREAF4AaABAg,comment,52O3cYsyZMo,,False,@BradGrove,"All up as an Australian who was really looking forward to this thing, I'm very, very disappointed in learning that the versions outside of the U.S. (like Australia) only get 460HP instead of the full 510HP. That is really F####d!",0,True
UgwwuKxka7SF4wPdT3V4AaABAg,comment,52O3cYsyZMo,,False,@EpticityOG,"Im gonna trade in my M3 for this new one once the hype dies down, if not may just wait for the Model Y performance refresh",0,True
UgyBqAtfqy-V5lZu_UV4AaABAg,comment,52O3cYsyZMo,,False,@plica06,"I don't care about top speed or 0-60 time. I only care about affordability. For most people this is not an affordable car. Tesla, most people are not interested in these unnecessary gimmicks. Make a cheap EV. That's all.",0,True
Ugy0iVOv-rF4A5eR5e14AaABAg,comment,52O3cYsyZMo,,False,@RogerNorsk57,When ordering this Performance model to lovely Norway would it still be built at the Fremont plant?,0,True
Ugxmtqo8jqQMi_tArNN4AaABAg,comment,52O3cYsyZMo,,False,@bluebuury,why does he keep licking his lips?,0,True
UgxkvXtcKJFK7DOAyqF4AaABAg,comment,52O3cYsyZMo,,False,@seaside_stranger,"maybe use an actual camera cause the iphone oversharpens, and when the trees are in the background, it just looks weird",0,True
UgzZteAReS0CM0sS-jV4AaABAg,comment,52O3cYsyZMo,,False,@registrationaccount1034,Still looks like a poorly built dorky bubble looking shtbox. 2.9 to 60 isnt even that fast any more.  Plenty of stock gas cars would gap it.  The quickest cars on the street are tuned gas cars.  even faster than a plaid.,2,True
Ugx0ITTGf47BVC9PJnt4AaABAg,comment,52O3cYsyZMo,,False,@howardchange,The badge is so ugly.,0,True
UgyBq6IiZNU01U21KsJ4AaABAg,comment,52O3cYsyZMo,,False,@dojohansen123,"If it had stalks so it was drivable I might have been tempted. But it doesn’t so I’m not.

I can just about forgive that this major problem got zero attention in this review, because you are American and don’t know how important this is in the civilized world, where you have to negotiate a lot of roundabouts wherever you are going. But if you had some experience driving almost anywhere in Europe, you’d know that until some third party solution for the missing stalks is available, nobody in their right mind should consider getting this car in Europe. Get a used M3 instead.

It might not even have to be stalks! But the indicators must be easy to use even while the wheel is turned, and preferably without needing to take one’s hands off the wheel, so stalks are a pretty great design… Still, I think buttons almost anywhere other than the rotating wheel would be better than the current system.",0,True
UgyefAncWKmW0t6LUYt4AaABAg,comment,52O3cYsyZMo,,False,@DQ-su6qf,Would love to see a hatchback version..,0,True
UgyPt5l8sPMit7xRlhV4AaABAg,comment,52O3cYsyZMo,,False,@Kenyon712,Tesla is pure trash.  Look at all the issues with the Cyber truck.  Never had good build quality.,0,True
Ugzsch87rNvjwCSku3h4AaABAg,comment,52O3cYsyZMo,,False,@aswankishore1842,"Even though the build quality has improved, it’s still far behind some of its competitors.",0,True
UgxkZxn4SPS9OrAlh8Z4AaABAg,comment,52O3cYsyZMo,,False,@tnox219,The glazing is wild.,0,True
Ugzupal75NcmkCfcClt4AaABAg,comment,52O3cYsyZMo,,False,@alexwilsonpottery3733,Because you really need to be doing sixty by the time you reach the end of your forty-foot driveway.,0,True
UgyNKubmvxZgTq1tzwJ4AaABAg,comment,52O3cYsyZMo,,False,@hp11420,i hope the wheels look way better when you take off the covers cause thats ass  😂,0,True
Ugy7iL8IMUsSATfyiGV4AaABAg,comment,52O3cYsyZMo,,False,@xanxus8272,Any chance you could stop using an iPhone for recording? The colors are just weird,1,True
UgyHVqkYSyDtx4rL3L14AaABAg,comment,52O3cYsyZMo,,False,@capecadet,I have the 23 M3P and with all the improvements the only thing I’ll miss on the new model is the seats. Ventilated sport seats would be amazing. Other than that I’ll keep my turn signal stalks.,0,True
Ugwj7zb13SJaAzm5jHd4AaABAg,comment,52O3cYsyZMo,,False,@geolykos,"do you use a phone to shoot this? If so, which one?",0,True
Ugwj7zb13SJaAzm5jHd4AaABAg.A2cZArsVWveA2e3zOg56gg,comment,52O3cYsyZMo,Ugwj7zb13SJaAzm5jHd4AaABAg,True,@Just_a_random_birb,15 pro max,0,True
UgwLgcrNj3Adf1UGWkt4AaABAg,comment,52O3cYsyZMo,,False,@closg9309,Not liking the wheels,1,True
UgytfGGt0s0IX9EVMD94AaABAg,comment,52O3cYsyZMo,,False,@nohype-ai,Is this the Quicksilver colour?,0,True
UgwzzyDQJfh7_-17wLp4AaABAg,comment,52O3cYsyZMo,,False,@rvdown11,It's progress but its biggest liability is that it's still a Model 3; the same 7 year old car that is everywhere.,0,True
UgzSuPccSpbsTokoc594AaABAg,comment,52O3cYsyZMo,,False,@donnelson9283,Still Not Enough Ambient Lighting In These Cars !  The Competition Is Far & Away Better In This Category !! 🙏💯,1,True
UgyaeFt5oZ4mjARmFIJ4AaABAg,comment,52O3cYsyZMo,,False,@ejt4012,"i think we've reached the point of where these acceleration times are overhyped, since daily use cars prefer 100-0 stats than 0-100 plus everything else, and so money spent on making a car 0.1s faster is better spent on suspension for 
example, its all marketing but a plateu happened long ago",0,True
Ugz5HXtBTo-uFgajGpB4AaABAg,comment,52O3cYsyZMo,,False,@chriscomfort1378,Wind screen?,0,True
UgxBuq8zkZLDyHvEJNt4AaABAg,comment,52O3cYsyZMo,,False,@franckiewicz0831,Solid 🙏🔥,0,True
UgxK41NKjfxFDIpJHz54AaABAg,comment,52O3cYsyZMo,,False,@Stay_away_from_my_swamp_water,soulless is not about no sound. It's about passion and ideas coming through the item. And teslas except for the elise and cybertruck (which is not that great either) are more bland than toyota prius,0,True
UgwGJ6dD6joKUpkbGm54AaABAg,comment,52O3cYsyZMo,,False,@Infinitexz,Idk why people like alcantera. Its ugly and it doesnt particularly age well,0,True
UgwwfWpmnK0Ynv-CQwJ4AaABAg,comment,52O3cYsyZMo,,False,@macosbyanthony896,"I still don't get it why some people say you kill brands and companies for your honest opinions. Well, we can't use electric cars here in Ghana presently due to

1. Unreliable electricity 
2. No charging stations

Maybe a company can consider coming in to provide reliable electricity and charging stations for future buyers of EVs.",0,True
Ugw-xQmycs0p82THIkZ4AaABAg,comment,52O3cYsyZMo,,False,@macosbyanthony896,Does it have air suspension?,0,True
UgwgH9jlT7dqafjnlrN4AaABAg,comment,52O3cYsyZMo,,False,@goodvibes4all,160mph top speed? The speed limit in the UK is 70mph...,0,True
UgzuVqfsLOTZEF2SY3Z4AaABAg,comment,52O3cYsyZMo,,False,@rp9674,"Fake carbon fiber?
Top Gear is shite",0,True
UgyAGUVhZvR9pjfxual4AaABAg,comment,52O3cYsyZMo,,False,@Z0yxx,What are these ugly red shoes? 😂,0,True
UgyAGUVhZvR9pjfxual4AaABAg.A2cPfQACGcMA2e45F_W32c,comment,52O3cYsyZMo,UgyAGUVhZvR9pjfxual4AaABAg,True,@Just_a_random_birb,You don’t like them?,0,True
UgxvhetivDrDoO9DPWx4AaABAg,comment,52O3cYsyZMo,,False,@charlesochanda5111,Marques films his videos using an iPhone instead of his high-end expensive cameras okay....,0,True
UgxvhetivDrDoO9DPWx4AaABAg.A2cPZLglNwGA2e47XQj3-T,comment,52O3cYsyZMo,UgxvhetivDrDoO9DPWx4AaABAg,True,@Just_a_random_birb,"Yeah, that’s the purpose of this channel. Record using phones.",0,True
Ugx2o51kSwO2awjYorF4AaABAg,comment,52O3cYsyZMo,,False,@griffinmusyimi,Tesla stock went up!,1,True
UgyBpbH-BUdjBIpm9Rp4AaABAg,comment,52O3cYsyZMo,,False,@aleckermit,"This is one of the best values in performance cars in recent memory. After tax credit it's like 46k USD. They were smart to go ahead and give this it's own aesthetics and suspension and brakes, like a free track pack.",0,True
Ugy8L-BB8YzztJ7bU3F4AaABAg,comment,52O3cYsyZMo,,False,@tasokatsionis,I love me a dark coloured head lining instead of the white.,0,True
Ugwk-NQ7UWl4zpxPDzF4AaABAg,comment,52O3cYsyZMo,,False,@vapormodel,"Where are you guys seeing 49k after tax credit. Not where I live . If you do the math on the website with Financing ..

Finance Options

Illinois, 60656

Finance

Down Payment $5,641

Term

 Months 72 Months

Credit Rating

Excellent (720+)Very Good

Est. APR % 6.39

Financed Amount $54,830

Include Est. Taxes and Fees YES


Vehicle Price$52,990

Destination Fee $1,390

Order Fee$250

Est. Non-Tesla FeesRegistration Amount$416

Optional Electronic Registration Title Filing Fee
$35 Cook County Additional Tax$546
Sales Tax$4,644

Est. Total Vehicle Price $60,271

Est. Amount Financed $54,630

Est. Payment$918 /moEst.

 Due at Signing$5,641

Federal Tax Credit1-$7,500

Est. gas savings$83 /mo

After Federal Tax Credit1$814 /mo

After Probable Savings $731 /mo


Still seems like a lot 
Depends on where you are I guess",0,True
Ugxw0L1FNU65mBvsmSJ4AaABAg,comment,52O3cYsyZMo,,False,@gwoodlogger4068,How much time do you save and what does it cost? 😊,0,True
UgxOjFBtP6Fh6Lf51Ap4AaABAg,comment,52O3cYsyZMo,,False,@DenTilloZie,"no driver-display, nope. maybe if it had HUD (as standard) but im not a fan of only the mid display",0,True
UgyoyyrDfcSTRD5xrzt4AaABAg,comment,52O3cYsyZMo,,False,@finleypdoherty,"In the UK it's £59,990, which is £10,000 extra than the long range dual motor. For less range and slightly more performance it's pointless for UK buyers. But $5000 dollars more is far more attractive. With currency conversion, it is $22,000 more in the UK than the US! Crazy",1,True
UgyoyyrDfcSTRD5xrzt4AaABAg.A2cMdrGeI0mA2fEnKzSUmg,comment,52O3cYsyZMo,UgyoyyrDfcSTRD5xrzt4AaABAg,True,@thebrave1986,"yes and i,m in London and yes in USA is a 45 000$ - 50 000$, and here is a 60 000 Pounds. To yes about 20 000 dollars different for the same car.",0,True
UgzUivadD08gzSG_stx4AaABAg,comment,52O3cYsyZMo,,False,@Christian-cy2pn,If they would just add stalks! Greetings from Norway.,0,True
UgyFkFufpBed1w3dfgd4AaABAg,comment,52O3cYsyZMo,,False,@theunisjansenvanrensburg5835,Did you just call this a GT car? 😂,0,True
UgxR7EldjVEvqh7ByNp4AaABAg,comment,52O3cYsyZMo,,False,@anothernerd4141,Its great! Too bad I can't afford it 😢,0,True
UgzdaotlgQMxgVhasqd4AaABAg,comment,52O3cYsyZMo,,False,@MultiFallguy,"Stock up 12%, coincidence? I don't think so!",0,True
Ugy7QRHsdAXqxjKFXMd4AaABAg,comment,52O3cYsyZMo,,False,@youtubepremium-wf4qo,"Camera quality dropped, looks like an android",0,True
Ugy7QRHsdAXqxjKFXMd4AaABAg.A2cKa3bz2sjA2e4Eo8DWh7,comment,52O3cYsyZMo,Ugy7QRHsdAXqxjKFXMd4AaABAg,True,@Just_a_random_birb,iPhone 15 pro max.,0,True
Ugzs7VSCiH8kOeFBCRR4AaABAg,comment,52O3cYsyZMo,,False,@aesamalam3391,Video quality isn't MKBHD it's MKBSD,0,True
Ugx4JFklDDM9WcZf2JB4AaABAg,comment,52O3cYsyZMo,,False,@IamEuropean,He is such an obvious Tesla Fanboy and really has no credibilty in his reviews,0,True
Ugx4JFklDDM9WcZf2JB4AaABAg.A2cKITkpTVcA2cQK-TSD8O,comment,52O3cYsyZMo,Ugx4JFklDDM9WcZf2JB4AaABAg,True,@SlowKawa640,Maybe it's just a really good car,0,True
Ugx4JFklDDM9WcZf2JB4AaABAg.A2cKITkpTVcA2e4JTZZCUG,comment,52O3cYsyZMo,Ugx4JFklDDM9WcZf2JB4AaABAg,True,@Just_a_random_birb,A Tesla fan boy that daily a Porsche 911 turbo s? Hmmmm,0,True
Ugx49askzhCQY4WwJ5h4AaABAg,comment,52O3cYsyZMo,,False,@sly_sloth,It's crazy how he solely shot the video on his iPhone.,0,True
UgyLfI_YXurJtY0XzUl4AaABAg,comment,52O3cYsyZMo,,False,@chrisleech333,Just because a microwave cooks food faster than a BBQ it doesn't make it better. I'll stick with my BBQ rather than that piece of crap,0,True
UgyLfI_YXurJtY0XzUl4AaABAg.A2cJKA9ilp3A2cQTbYGbAS,comment,52O3cYsyZMo,UgyLfI_YXurJtY0XzUl4AaABAg,True,@SlowKawa640,Yeah but I don't wanna pay the gas and maintenance of a 500hp gas car,1,True
UgyLfI_YXurJtY0XzUl4AaABAg.A2cJKA9ilp3A2e4NnOzulQ,comment,52O3cYsyZMo,UgyLfI_YXurJtY0XzUl4AaABAg,True,@Just_a_random_birb,Food should not be compared to cars.,0,True
UgzYo-a4SdPksP1akEh4AaABAg,comment,52O3cYsyZMo,,False,@Starship007,Nice they differentiated the more expensive version.,0,True
Ugx21JO-Ou_ELq3WAKh4AaABAg,comment,52O3cYsyZMo,,False,@Starship007,Tesla checked so many boxes with their first generation cars and EV’s.  Legacy auto with multiple generation history and Tesla still ahead,0,True
Ugxy12U2Q7UzTx20ZB54AaABAg,comment,52O3cYsyZMo,,False,@Qpwrtm,It feels like something is wrong with video. Your hair looks funny,0,True
UgxYCOqSjcXClddUwD94AaABAg,comment,52O3cYsyZMo,,False,@waaw33,Recenty you are just running ads for Tesla.,0,True
UgxYCOqSjcXClddUwD94AaABAg.A2cGtN0g_kxA2e4Pqnir9y,comment,52O3cYsyZMo,UgxYCOqSjcXClddUwD94AaABAg,True,@Just_a_random_birb,Maybe the car is just good.,0,True
UgxfN2iofnp_9j5SVxB4AaABAg,comment,52O3cYsyZMo,,False,@shdmd2118,"Is it just me or did they kind of put back the front bumper side air intake slits that was on the 2023 model 3, removed in the 2024 refresh but now it’s back on the 2024 performance?

I honestly liked the 2023 Model 3 front look better still so it’s a good move to put the intake back in the 2024 performance",0,True
Ugxq91IDiHYBIySko8h4AaABAg,comment,52O3cYsyZMo,,False,@raspas99,Creative reset,0,True
UgyFOZ5MhQTCDALHGo14AaABAg,comment,52O3cYsyZMo,,False,@c_r854,The quality is really crisp!,1,True
UgyFOZ5MhQTCDALHGo14AaABAg.A2cFuv0gQKxA2e4QtsxUgo,comment,52O3cYsyZMo,UgyFOZ5MhQTCDALHGo14AaABAg,True,@Just_a_random_birb,15 pro max,0,True
UgyopkGLh8td9r6lU6B4AaABAg,comment,52O3cYsyZMo,,False,@justusmilli,"I don't get what the fuss about 'family cars'  being faster, is all about. As far as am concerned make it a bit slower and cheaper, because the last time I checked, I am not trying to run away (or compete) from (with) anyone on the motorway.",0,True
UgwS8faej9ykc0NMwzZ4AaABAg,comment,52O3cYsyZMo,,False,@viewer7200,"Who cares about 0-60 in 2.9s? Is Tesla's ONLY selling point ? A rocket can do 0-600 in 2 s, but it is useless as a personal transport. These gimmicky selling tricks are getting so old, because car buyers are shopping for practical cars, not fast toys.",0,True
UgwFziITw0UV5p6X6cl4AaABAg,comment,52O3cYsyZMo,,False,@dominolehmann8227,Hopefully they will adapt thr touch buttons again. I'm happy with my 2024 M3 LR in Europe. I wouldn't be with the MS/MX ones,0,True
Ugz-ris_FbrYHeQdL6J4AaABAg,comment,52O3cYsyZMo,,False,@robertw236,Ordered the rear wheel drive new Model 3 in January. Still waiting for it to arrive!!!!!!!! Not impressed by Tesla. Not. I get the feeling they don't know they are selling cars. I could fly to China buy an EV there and have it delivered by submarine and still receive that car sooner than Tesla. And I am close to the Fremont plant. Ridiculous.,0,True
UgykvQskunvp_Q8EPPh4AaABAg,comment,52O3cYsyZMo,,False,@Krumelur,Could the reason for these capacitive buttons be that they will become customisable? The way they flicker on camera could mean it's not just illuminated areas but configurable symbols.,0,True
UgxAda3JMSGrC-Xl8rF4AaABAg,comment,52O3cYsyZMo,,False,@CAxelWolf,How about the Frunk? Is it auto open and close?,0,True
UgxAda3JMSGrC-Xl8rF4AaABAg.A2cE8P1oecUA2e4VGsNenC,comment,52O3cYsyZMo,UgxAda3JMSGrC-Xl8rF4AaABAg,True,@Just_a_random_birb,Nope still manual.,0,True
UgwM9hCU5VivxTnj-mB4AaABAg,comment,52O3cYsyZMo,,False,@Time7ord,Still looks like a bar of soap,0,True
UgwM9hCU5VivxTnj-mB4AaABAg.A2cDp7I22SdA2e4WfysK7g,comment,52O3cYsyZMo,UgwM9hCU5VivxTnj-mB4AaABAg,True,@Just_a_random_birb,A heavily used one.,1,True
UgwiE3FG0rBMBOlENb14AaABAg,comment,52O3cYsyZMo,,False,@Hamza_lfc,Why did you not test the 0-60 time,0,True
UgwiE3FG0rBMBOlENb14AaABAg.A2cDfQyNJKHA2e4ZppHBYd,comment,52O3cYsyZMo,UgwiE3FG0rBMBOlENb14AaABAg,True,@Just_a_random_birb,Jason Carissa tested it and it hit 2.8 secs.,0,True
UgzteYZtnloh4jLJMJx4AaABAg,comment,52O3cYsyZMo,,False,@Dr4gun4123,"Bro, the Model S Plaid got updated seats. Similar like the M3P with the plaid logo in it",0,True
UgzhFPGWdrn_zAmKjjl4AaABAg,comment,52O3cYsyZMo,,False,@edwardseymour1096,Can tesla just give us an heads up display,2,True
UgyKqqiyeAFw3V-skvd4AaABAg,comment,52O3cYsyZMo,,False,@jakec5618,"8:30, big time backwards on the buttons. Buttons are better.",1,True
Ugw15rQU49bnhohGVHp4AaABAg,comment,52O3cYsyZMo,,False,@Apollo440,"I dislike non-physical buttons as much as the next guy.
But you are pressing capacitative buttons wrong:
Instead of force, you should leverage pressing surface.
Meaning, touching the surface lightly with the center of your fingerprint, instead of pushing it with the tip of your finger (08:12).",0,True
Ugxx5TzGK4V22kSdNVp4AaABAg,comment,52O3cYsyZMo,,False,@Kavyatej,hello oversharpened camera,0,True
UgzEgP1cj9OAaCuj8554AaABAg,comment,52O3cYsyZMo,,False,@jasonbernstein2,"This will definitely be my next car, to replace my 2018 model 3 performance, which is not only the best car I’ve ever ever owned, but the best product I’ve ever owned.",0,True
UgyHh84pxZYLOxp2-514AaABAg,comment,52O3cYsyZMo,,False,@cenkaytekin,I don’t understand how 0-60 became THE thing we talk a lot about EVs. Is it really an important metric that makes or breaks the deal?,0,True
UgyHh84pxZYLOxp2-514AaABAg.A2cApRqi6HHA2e4dQVqNpy,comment,52O3cYsyZMo,UgyHh84pxZYLOxp2-514AaABAg,True,@Just_a_random_birb,"Nope, 0-60 is just an bonus feature.",0,True
UgxVXdZ-RT7FphvI_FN4AaABAg,comment,52O3cYsyZMo,,False,@D4RkFen0m,5:18 had to be,0,True
UgxsCR1d3KPLHq268ep4AaABAg,comment,52O3cYsyZMo,,False,@ajmasters6546,I feel like you're the only one who cares about buttons nowadays lol regular people in their early 20s don't give a shit,0,True
Ugz9lDrBxjhooc254f54AaABAg,comment,52O3cYsyZMo,,False,@jayocho888,Please review the new 2025 MINI Countryman and Aceman! I’m considering the electric model and I love your reviews!,0,True
Ugwh04zrl47Yo4Yck0Z4AaABAg,comment,52O3cYsyZMo,,False,@pickygarage,great video but i prefer plug in hybrid cars like the volvo s60,0,True
UgzqIECYmM3YJkLGlXB4AaABAg,comment,52O3cYsyZMo,,False,@mikkelkristiansen3694,"Shout out to always including conversions into European metrics! Your videos are dope, super grounded and genuine.",3,True
UgzqIECYmM3YJkLGlXB4AaABAg.A2c79qGQErVA2d-KN1RqCR,comment,52O3cYsyZMo,UgzqIECYmM3YJkLGlXB4AaABAg,True,@svenhodaka9145,….and Canadian metrics. Thanks 🇨🇦👋,1,True
UgzqIECYmM3YJkLGlXB4AaABAg.A2c79qGQErVA4CAPyDLiOB,comment,52O3cYsyZMo,UgzqIECYmM3YJkLGlXB4AaABAg,True,@sierratangoandy,You mean normal worldwide used metrics 😀,2,True
Ugxn0S_C8HAUxjpQtTd4AaABAg,comment,52O3cYsyZMo,,False,@naseefmecheri8586,Ia this recored in iPhone?,0,True
Ugxn0S_C8HAUxjpQtTd4AaABAg.A2c6t9OUauyA2e4iL-KRT9,comment,52O3cYsyZMo,Ugxn0S_C8HAUxjpQtTd4AaABAg,True,@Just_a_random_birb,"yeah, video quality is bit lower than expected from an iPhone.",0,True
UgycGmL_ZMnVmaP6sal4AaABAg,comment,52O3cYsyZMo,,False,@haze1123,"Awesome car but those wheels are cheesy. 
Thank God for the aftermarket.",0,True
Ugy_XquKLzdb3oqU0Nh4AaABAg,comment,52O3cYsyZMo,,False,@acandmishra,the video recorded under bright light is excessively too sharp !!,0,True
UgwYUVJIZFLkBAoKJht4AaABAg,comment,52O3cYsyZMo,,False,@BrendansReasons,Marques holding his breath for the first two minutes of this video,0,True
Ugz4MhxWmihYCJhd4214AaABAg,comment,52O3cYsyZMo,,False,@ainuinvid,The build quality is so poor that it is hard for me to understand all the hype behind Teslas. Same with some exotics.,0,True
Ugz4MhxWmihYCJhd4214AaABAg.A2c6CAj60IVA2e4mrN_f_3,comment,52O3cYsyZMo,Ugz4MhxWmihYCJhd4214AaABAg,True,@Just_a_random_birb,2024 model 3 build quality is very good. Almost matches with Mercedes.,0,True
Ugx8cmcZKpSstjxnCZp4AaABAg,comment,52O3cYsyZMo,,False,@rizh5889,"Your sense of humor's very underrated.
 Please use more of it. It really adds to your videos",48,True
UgxJlRvGHMR_V5IjA_Z4AaABAg,comment,52O3cYsyZMo,,False,@BRADSADVENTURES1,Dude needs to stick with reviewing those lame iPhone,0,True
UgyhyIZyT2kpDN7Vkxx4AaABAg,comment,52O3cYsyZMo,,False,@KashfiFahim,And we will still see Teslas crawl into a highway,0,True
Ugwn9TXbwHYe-3GdMMZ4AaABAg,comment,52O3cYsyZMo,,False,@eswag4000,These wheels are so ugly 😭,0,True
Ugwn9TXbwHYe-3GdMMZ4AaABAg.A2c4lnj81CRA2c56ZO2Wbb,comment,52O3cYsyZMo,Ugwn9TXbwHYe-3GdMMZ4AaABAg,True,@AndreasRP.,"Its a tesla, what did you expect lol",0,True
Ugz1NlzxOpMEgfFm-wF4AaABAg,comment,52O3cYsyZMo,,False,@lingostras34,The model S plaid is wider than the the regular model S. Not exactly the same car,0,True
UgxuIDVrLLgaL6JYzql4AaABAg,comment,52O3cYsyZMo,,False,@vilikarac6776,This guys videos are getting better by the minute,0,True
Ugwwuvcy16lqYXqw_IZ4AaABAg,comment,52O3cYsyZMo,,False,@anghush,"Stock price tanks, sales are bad... Marques does a Pro-Tesla video. Keep on simpin'",0,True
Ugwwuvcy16lqYXqw_IZ4AaABAg.A2c2tdSWlXVA2e4truoQNs,comment,52O3cYsyZMo,Ugwwuvcy16lqYXqw_IZ4AaABAg,True,@Just_a_random_birb,Stock have gone up 12% marques is not a pro Tesla. Maybe the car is just good?,0,True
UgwaLkQGpmcNzzjnMoZ4AaABAg,comment,52O3cYsyZMo,,False,@francescoquondamcarlo8997,"In Europe this car is sold at 55k Euro. This price is just insane for the car that you get.
Shoutout to Tesla for this beast!",0,True
UgwaLkQGpmcNzzjnMoZ4AaABAg.A2c2WdpGftuA2c58Kiw4er,comment,52O3cYsyZMo,UgwaLkQGpmcNzzjnMoZ4AaABAg,True,@AndreasRP.,"Exactly, not worth it all.",1,True
UgwaLkQGpmcNzzjnMoZ4AaABAg.A2c2WdpGftuA2e4zFXW0JW,comment,52O3cYsyZMo,UgwaLkQGpmcNzzjnMoZ4AaABAg,True,@Just_a_random_birb,@AndreasRP. For you maybe but for us who have the money. Its steal!,0,True
UgxeoqnBxVayV_la-1p4AaABAg,comment,52O3cYsyZMo,,False,@cal-mitchell,"Hi @Marques, what is that gadget on your sweatshirt? Is that a microphone?

Or, does anyone else know? It sounds really good.",1,True
Ugw9NPIWMlRShraD3MR4AaABAg,comment,52O3cYsyZMo,,False,@AlexLepoutre,"No mention of it being a rolling MAGA hat, which is the real reason I’ll never consider buying one of these things.",0,True
Ugw9NPIWMlRShraD3MR4AaABAg.A2c2FJVvxckA2cDtFoKb0T,comment,52O3cYsyZMo,Ugw9NPIWMlRShraD3MR4AaABAg,True,@dallenwall148,Orange man bad,0,True
Ugy_FbOEnF3oFWqElEl4AaABAg,comment,52O3cYsyZMo,,False,@dev.matiGOD,I don't know why but the video quality is too poor,0,True
UgyYXc4KP5OeyK3L7KJ4AaABAg,comment,52O3cYsyZMo,,False,@AlexPotvin,"Any chance the buttons are like the usual supply mix issue Tesla seems to have with Model 3?

It’s like how the outgoing model sometimes had the Model Y tail lights.",0,True
UgxHzamM7EgpiLZjo0l4AaABAg,comment,52O3cYsyZMo,,False,@Stexen,You're an American.... In America.... With an American car..... Why are you giving us the weight in kilograms!?,1,True
UgxauxNXCiZZQT8gcKB4AaABAg,comment,52O3cYsyZMo,,False,@shamlordloxley8959,Coolio 😎,1,True
Ugyy0PvCTJqfI1fSsA54AaABAg,comment,52O3cYsyZMo,,False,@BLITZKRIEG1,A KZ lart would put you on your arse,0,True
UgzNmIJ7QWCwRGr3dSZ4AaABAg,comment,52O3cYsyZMo,,False,@margle2699,"I don't get it; 
Why is the 0-60 times always that important when it comes to EV's?
Who cares when buying an EV, who cares anyway?
Much more important for me besides quality is the amount of torque and how it pulls / feels when driving it.
I couldn't care less than comparing 0-60 times of cars, even if it would be Porsches, Ferraris",0,True
Ugw26lAOem5yK8IvHNV4AaABAg,comment,52O3cYsyZMo,,False,@TheVantriliquist13,Is it significantly quieter than old M3P? My 2023 M3P IS quiet but would be nice if it was even quieter,0,True
Ugw26lAOem5yK8IvHNV4AaABAg.A2byt_V0RboA2e57IBhHG0,comment,52O3cYsyZMo,Ugw26lAOem5yK8IvHNV4AaABAg,True,@Just_a_random_birb,Yes it is quieter and have have better ride quality.,0,True
Ugw26lAOem5yK8IvHNV4AaABAg.A2byt_V0RboA2eKXObVkjX,comment,52O3cYsyZMo,Ugw26lAOem5yK8IvHNV4AaABAg,True,@TheVantriliquist13,@Just_a_random_birb  nice may be a while before I can get mine paid down low enough to sell and not be upside down in it. Maybe end of this year?,0,True
UgxUmTP4FDI0T0kEU5N4AaABAg,comment,52O3cYsyZMo,,False,@Cowboy_moonman396,"GMA t.50 

https://youtu.be/Nd6CR8PMsk8?si=u4lRohJGTEoLALks",0,True
UgyXF07eyYMEmCvuFVh4AaABAg,comment,52O3cYsyZMo,,False,@KiranS-oq2zu,"Love your reviews, very informative. The name ""Jesus"" is very precious to me, so please don't use it as a swear word.",1,True
UgyXF07eyYMEmCvuFVh4AaABAg.A2bxf8ycsNHA77zH3jiQJ6,comment,52O3cYsyZMo,UgyXF07eyYMEmCvuFVh4AaABAg,True,@dcent8774,Agreed.  It's a small but important thing.  Easy to fix moving forward.,0,True
UgznrwA3lizInKH_5zh4AaABAg,comment,52O3cYsyZMo,,False,@oldkid6,"elon just fired like 5k employees, so i think he hears you about the steering wheel.",0,True
UgwfNd8Zjuv-jusAFVN4AaABAg,comment,52O3cYsyZMo,,False,@joeallen4587,"I appreciate that Marques doesn’t want to enter the political conversation, but you can’t mention Tesla without mentioning Elon’s tweets. I have always loved the cars, and still do, but we sold my wife’s Y performance and cancelled my order of a 3 performance. We did that because he has made it clear he thinks we are the primary threat to civilization, and we are also (either intentionally or unintentionally) taking part in a global conspiracy against white people. He shouldn’t get to say/do this stuff and then say we can’t say/do anything about it.",2,True
UgzMSWs5XupUn4n92594AaABAg,comment,52O3cYsyZMo,,False,@DonnaRandyDuBois,Funny how the media tries so hard to demonize Tesla and Elon musk….when the customers say otherwise. Can’t wait to get a model 3.,0,True
UgzbtqBC0-U1XdbkBbV4AaABAg,comment,52O3cYsyZMo,,False,@cypher686,can you ask Tesla when they will release this in RHD? Its been 3 years and still no model S or model X in RHD,1,True
UgxBg3nwXZ54LnUp2Id4AaABAg,comment,52O3cYsyZMo,,False,@KunAndersan,"The non-clicky buttons was the first thing I noticed when you got in the car. As you said ""we have been over this, this is not what we want""",100,True
UgxBg3nwXZ54LnUp2Id4AaABAg.A2bx4AAIDo4A2haaX4LNRj,comment,52O3cYsyZMo,UgxBg3nwXZ54LnUp2Id4AaABAg,True,@joetheoriginalclark,That combined with no turn signal stalk is just obnoxious levels of cost saving.,21,True
UgxBg3nwXZ54LnUp2Id4AaABAg.A2bx4AAIDo4A4ijVkdJ_Oo,comment,52O3cYsyZMo,UgxBg3nwXZ54LnUp2Id4AaABAg,True,@aryarock22,@joetheoriginalclarktybg,0,True
UgxBg3nwXZ54LnUp2Id4AaABAg.A2bx4AAIDo4A4j-1MRHx-o,comment,52O3cYsyZMo,UgxBg3nwXZ54LnUp2Id4AaABAg,True,@joetheoriginalclark,@aryarock22 🙏,0,True
UgxBg3nwXZ54LnUp2Id4AaABAg.A2bx4AAIDo4A7SpYd26bdG,comment,52O3cYsyZMo,UgxBg3nwXZ54LnUp2Id4AaABAg,True,@ry-cy2ej,@joetheoriginalclark the turn signals being on the wheel is actually really nice to use. Prefer it over a stalk turn signal.,0,True
UgxBg3nwXZ54LnUp2Id4AaABAg.A2bx4AAIDo4A7SryiD9gGO,comment,52O3cYsyZMo,UgxBg3nwXZ54LnUp2Id4AaABAg,True,@joetheoriginalclark,"@ry-cy2ej I won't deny that I can see some people not hating it but removing the stalk is obvious cost cutting. I don't always have my wheel straight when I want to engage the turn signals, I'd much rather my turn signals were in the same place all the time.",1,True
UgxBg3nwXZ54LnUp2Id4AaABAg.A2bx4AAIDo4A7bW15qje4F,comment,52O3cYsyZMo,UgxBg3nwXZ54LnUp2Id4AaABAg,True,@zamoramatgmail,I test drove one last week and it had clicky buttons.,0,True
UgxBg3nwXZ54LnUp2Id4AaABAg.A2bx4AAIDo4AAhnGbuoMMm,comment,52O3cYsyZMo,UgxBg3nwXZ54LnUp2Id4AaABAg,True,@gerzsonjatekos3183,@joetheoriginalclark It would be good if the buttons were physical but the fact that there is no stalks is so good,0,True
UgxBg3nwXZ54LnUp2Id4AaABAg.A2bx4AAIDo4AWedDetX3ka,comment,52O3cYsyZMo,UgxBg3nwXZ54LnUp2Id4AaABAg,True,@fayenotfaye,@gerzsonjatekos3183 I’m lowkey sad that they brought back the stalk,0,True
UgytOSE2bnR612D9HMd4AaABAg,comment,52O3cYsyZMo,,False,@tudoriusmaximus,"Under 3 seconds 0-60 for normal street cars is stupid, Tesla should do better things with their time and money, like invest in the actual car, in the functionality, the comfort. Nobody needs 500 hp for their daily electric car.",0,True
UgytOSE2bnR612D9HMd4AaABAg.A2bwYzRlcytA2c6nWOZou_,comment,52O3cYsyZMo,UgytOSE2bnR612D9HMd4AaABAg,True,@MarinosTV1,As if there’s not a cheaper less fast version available right? Stop hating,1,True
UgxoW8WmR1AQstAx7tF4AaABAg,comment,52O3cYsyZMo,,False,@Koubiak,"At this point, owning a Tesla is making a statement. And not a particularly smart one, mind you.",0,True
UgyWVpwgp80GDP43Xrl4AaABAg,comment,52O3cYsyZMo,,False,@cubiq1,*quicker,0,True
UgykT_yKPyejJLSFfCh4AaABAg,comment,52O3cYsyZMo,,False,@rickieg9870,So sick of the over simplification. I refuse to buy a vehicle that doesn’t have stalks for a turn signal and gear shifter. Ridiculous.,2,True
UgwzCA1VByItMoAgHZd4AaABAg,comment,52O3cYsyZMo,,False,@roberto.gallegos,"Gonna get my daughter a model 3 or a mache e. Biggest factors right now are screen in front of driver for speed check, Apple CarPlay, and the capacitive buttons instead of stock.",0,True
UgwoipcCFJCAUqs2PiR4AaABAg,comment,52O3cYsyZMo,,False,@HiFiInsider,I want a Model 2 Performance.,0,True
UgzDSDbBycjGTJCMn7V4AaABAg,comment,52O3cYsyZMo,,False,@UweKeim,"The US BEV blogs talk about ""510 HP"", the official German Tesla website says ""460 HP"". I'm confused.",1,True
UgzDSDbBycjGTJCMn7V4AaABAg.A2bvc8kRnavA2e5GBG7UDa,comment,52O3cYsyZMo,UgzDSDbBycjGTJCMn7V4AaABAg,True,@Just_a_random_birb,German Tesla model 3 performance uses gigs Shanghai battery. Lower performance than us model 3 performance.,2,True
Ugz4VDneqrsfV39JyLV4AaABAg,comment,52O3cYsyZMo,,False,@plesim32co,Worst reviewer I have ever seen...go back to review i-phones,0,True
Ugz4VDneqrsfV39JyLV4AaABAg.A2bv7veInSlA2e5ItO9RY7,comment,52O3cYsyZMo,Ugz4VDneqrsfV39JyLV4AaABAg,True,@Just_a_random_birb,"Chill out bro, he is new to reviewing cars.",2,True
UgzB9mfyCqIFc7TC1QN4AaABAg,comment,52O3cYsyZMo,,False,@mustu94,"At 5:42, you can see he has a cover on his iPhone!",0,True
Ugxazftu0-MOHXvbo2h4AaABAg,comment,52O3cYsyZMo,,False,@alburaq3290,Tesla interior feels cheap and impractical,0,True
UgzLKAEpV4oqWU8nqax4AaABAg,comment,52O3cYsyZMo,,False,@LafemmebearMusic,"I’ve watched these in my twisty mountains and I gotta say, they don’t handle that low center heavy weight in tight turns well I’ve seen people not realize how heavy this very fast car is and 😅…. Yeah. Why can’t they turn better?",0,True
UgxqS1DFTjbQBv_s4Fd4AaABAg,comment,52O3cYsyZMo,,False,@cjvagnone3020,"I’m here after Tesla emailed me to get one this morning, might be pulling the trigger. Thanks! Haha",0,True
UgyHwv23imODQVMBgq14AaABAg,comment,52O3cYsyZMo,,False,@raphimarciano,"Different battery-pack/power-output between US an europe?? Tesla, are you kidding me?? 😅",1,True
UgwZjWxWoHXpxf4YgvV4AaABAg,comment,52O3cYsyZMo,,False,@Mythix2,"the single thing that can save tesla is giving it a dash, this is a huge dealbreaker for so many people...

a HUD at the very minimum.",0,True
UgwC4DTykNuN0Gr4Xgp4AaABAg,comment,52O3cYsyZMo,,False,@demon7608,"Marques, why you never criticize TESLA and APPLE??🙄🙄
60grand for a minimal interior??",0,True
UgwC4DTykNuN0Gr4Xgp4AaABAg.A2btAicNfylA2e5O3AsK7Q,comment,52O3cYsyZMo,UgwC4DTykNuN0Gr4Xgp4AaABAg,True,@Just_a_random_birb,Cuz apple and Tesla  makes good products?,0,True
Ugw2Ibcq21pTZbQLKgN4AaABAg,comment,52O3cYsyZMo,,False,@goku4393,Sounds like iPhone of E-cars.,0,True
UgxHIzPuVIs-h1bUrYN4AaABAg,comment,52O3cYsyZMo,,False,@Affenrotze,I hope Tesla doesn’t go bankrupt because of that video. 😄,0,True
UgxgHKN542kp2lx928p4AaABAg,comment,52O3cYsyZMo,,False,@Affenrotze,I hope Tesla doesn’t go bankrupt because of that video. 😄,0,True
Ugylxe3ZwCbNvsSgCLB4AaABAg,comment,52O3cYsyZMo,,False,@becauseisaac,Eww! Why’d you out Jesus like that 1:53 saaad :(,1,True
Ugylxe3ZwCbNvsSgCLB4AaABAg.A2bsLIxvvzCAClA8fNdeuo,comment,52O3cYsyZMo,Ugylxe3ZwCbNvsSgCLB4AaABAg,True,@kikyoass,ew jew,0,True
Ugxuys6siXtXm4itCAB4AaABAg,comment,52O3cYsyZMo,,False,@antsgtr,"Car is nice, but I really like the quality of the video recording from the iPhone 15 Pro lol",0,True
UgzzVwMaaw7RzF0rA5d4AaABAg,comment,52O3cYsyZMo,,False,@awesomehli,What phone did you film this video on? Its terrible exposure of skin tone and over sharpening of facial hair makes you look borderline scary. Really curious if this was iPhone or pixel (or something else),0,True
UgzzVwMaaw7RzF0rA5d4AaABAg.A2bsFOlTwnNA2e5SDumWig,comment,52O3cYsyZMo,UgzzVwMaaw7RzF0rA5d4AaABAg,True,@Just_a_random_birb,iPhone 15 pro max.,0,True
UgwnLh_l13_kb_XRCs14AaABAg,comment,52O3cYsyZMo,,False,@joshwithkids,"1:50 As a Christian, it really disturbs me when you use Jesus Christ name as an expression like that. I would rather you F bomb all day long.  I understand you might not be a religious person, which is just fine. I’m a new listener and love the quality of your content. 

Just thought I’d let you know 👍",0,True
Ugz-WljeWTdsEDmf4El4AaABAg,comment,52O3cYsyZMo,,False,@bladerunnin67,"You know what’s faster than any Tesla, a Teslas rate of depreciation.  Tesla 0-60 in 2.9 seconds…$60k-$30k in 2.9 months 😂",1,True
UgwG4DUtZPPos04AzTZ4AaABAg,comment,52O3cYsyZMo,,False,@luckyvegan7,The performance model should have better and lower suspension. That was the thing I missed on my 2022 M3P. Sold that to get a Ford D-150 Lightning. 4 seconds zero to sixty.,0,True
UgxpAxl4YtuAxV7CHWh4AaABAg,comment,52O3cYsyZMo,,False,@Frygisk,The only thing missing is dark interior roofline.,0,True
Ugyl1FQaqM2q1HtTMj94AaABAg,comment,52O3cYsyZMo,,False,@perokrem,what is with this 60k for a car? and the quality of this videos on this channel.. I hope we can do better then this 😊,0,True
UgxIqFIuKid4NP1ZlJt4AaABAg,comment,52O3cYsyZMo,,False,@Bennygetsu,Are the seats as aggressive as the type R or nah?,0,True
UgxIqFIuKid4NP1ZlJt4AaABAg.A2bqUdpsN_8A2e5UCBkV9e,comment,52O3cYsyZMo,UgxIqFIuKid4NP1ZlJt4AaABAg,True,@Just_a_random_birb,Close,1,True
Ugw_Mv5ru5K6OYUWzid4AaABAg,comment,52O3cYsyZMo,,False,@ArtSawce,Could you do a review on the new EV SuV called Chery Omoda E5? Their first flagship ev car and Its a very affordable in the EV market. Would really like to know your take on it.,1,True
UgwUt3lwFdZh0T8Pbhh4AaABAg,comment,52O3cYsyZMo,,False,@brunovanaken5893,Is this really better than a Fisker ?,1,True
UgwbpeKwDiONNwTbjsB4AaABAg,comment,52O3cYsyZMo,,False,@JDFrancis,No one films with an iPhone better than Marques.  Does he use some kind of grip or mount or is that all with his paws?,0,True
UgxOw5KSgvyDYI2-WRh4AaABAg,comment,52O3cYsyZMo,,False,@Wankidy,This qualifies for the $7500k tax credit. It will be cheaper than the dual motor after the tax credit,0,True
Ugxqe2qB6qB9XU6LkFB4AaABAg,comment,52O3cYsyZMo,,False,@Kurre.,So it’s a great car and has been engineered by talented people but!!! Tesla is owned by Musk which makes it a Swaztika on wheels…,0,True
UgzJxMjjXxVPybCceWx4AaABAg,comment,52O3cYsyZMo,,False,@martinregular5003,"Imagine a super car with 4 doors, fuckton of space and under $60K...Mental.",0,True
Ugzx4gz3ppZ0bstnSsd4AaABAg,comment,52O3cYsyZMo,,False,@robertsamples2558,Also the original 0-60 was 3.0 so your telling me it only went down to 2.9?! 😅,0,True
Ugwy72Gqki3AI-ZIyzZ4AaABAg,comment,52O3cYsyZMo,,False,@se4949,This comment section is filled with bots. The bots are the ones that are overly supportive and mention the tax incentive. It’s weird. Is this the Tesla marketing team?,0,True
UgwpePtWBJ88rstvUOR4AaABAg,comment,52O3cYsyZMo,,False,@robertsamples2558,The wheels are HORRIBLE!! Compared to the turbine wheels. They take away from the sportiness.,0,True
UgzlzI6fe3nNLJn8WXt4AaABAg,comment,52O3cYsyZMo,,False,@ClubmanGT1971,Love your reviews. You always mention the specifics that we are after.,4,True
Ugy6cjm_FKfrzq9tcC14AaABAg,comment,52O3cYsyZMo,,False,@TysyTube,Any idea why in France tesla model 3 performance 2024 comes with 3.1 seconds?😑,1,True
Ugy6cjm_FKfrzq9tcC14AaABAg.A2bnbp3sz24A2cXJb6_MmU,comment,52O3cYsyZMo,Ugy6cjm_FKfrzq9tcC14AaABAg,True,@NgocUSCuocSongMy,US model 3 Performance has more hp than France,1,True
Ugy6cjm_FKfrzq9tcC14AaABAg.A2bnbp3sz24A2e7Igrrwkv,comment,52O3cYsyZMo,Ugy6cjm_FKfrzq9tcC14AaABAg,True,@florinshm,​@NgocUSCuocSongMy Probably 3.1 is 0-100 km/h not 0-60,4,True
Ugy6cjm_FKfrzq9tcC14AaABAg.A2bnbp3sz24A3VgZ-XVPAw,comment,52O3cYsyZMo,Ugy6cjm_FKfrzq9tcC14AaABAg,True,@riekumar6999,@florinshm This is the reason!,2,True
UgzOTt_ttSJkJ4Rs1254AaABAg,comment,52O3cYsyZMo,,False,@someluke005,"yeah  0 - 60 km/h? peanuts/apples? 😅
how about 0 - 100km/h?",0,True
UgzOTt_ttSJkJ4Rs1254AaABAg.A2bmu7akFnoA2e5cFT8-a0,comment,52O3cYsyZMo,UgzOTt_ttSJkJ4Rs1254AaABAg,True,@Just_a_random_birb,0 - 60 mph = 0 - 97 km/h.,0,True
UgyVmOcuqgXGrq3gYXZ4AaABAg,comment,52O3cYsyZMo,,False,@paulwalker2133,"Also. Auto Focus - how was that not already taken, and how good a name is it??",0,True
Ugx_ytuROFz10KdubJh4AaABAg,comment,52O3cYsyZMo,,False,@ly2,that bottle was a paid actor,2,True
UgxcTnhSzj7yj14QHpF4AaABAg,comment,52O3cYsyZMo,,False,@alphasaur,"ugh really wish tesla wasn't obsessed with minalmism and incorporating shit buttons into everything, otherwise this car is a home run.",0,True
Ugy6UVDx8dMC1LzVC9p4AaABAg,comment,52O3cYsyZMo,,False,@mohamedgaddah8202,Why the excessive sharpness!? Video looks too sharp and it hurts my eyes.,0,True
UgywAYr8luMjUUjaksJ4AaABAg,comment,52O3cYsyZMo,,False,@lootster,"00:01 The Tesla Model 3 Performance is distinct from its regular version
01:38 2024 Tesla Model 3 Performance refresh focused on aesthetics and performance upgrades.
03:07 2024 Tesla Model 3 Performance: Upgraded aerodynamics and sporty feel
04:39 2024 Tesla Model 3 Performance features a new rear drive unit for increased power and responsiveness.
06:19 The 2024 Tesla Model 3 Performance features sporty trim and upgraded seats
07:51 Tesla Model 3 Performance has capacitive touch buttons instead of physically clicky buttons on the steering wheel
09:30 Improved power, handling, and track mode in the 2024 Tesla Model 3 Performance.
11:03 2024 Tesla Model 3 Performance offers track mode with customizable settings.",2,True
UgyS1z1xe9B9-Csf-zx4AaABAg,comment,52O3cYsyZMo,,False,@dbwildcat20,The camera is making your eyebrows look weird when you are in direct sunlight,0,True
UgwwBtzY3_h9ralXIZh4AaABAg,comment,52O3cYsyZMo,,False,@ryanw.9828,1234 video length.  Nice.  The count approves.,0,True
Ugzx7olSkhOBeET6R0x4AaABAg,comment,52O3cYsyZMo,,False,@Er2ru,omg what a ugly a car,0,True
Ugzr2RV-0sz0qz_lThR4AaABAg,comment,52O3cYsyZMo,,False,@jonahbusch1194,This is actually pretty incredible lol,0,True
Ugzy4XHCLIuEgYrI-CZ4AaABAg,comment,52O3cYsyZMo,,False,@gbmaxse,More Tesla gargling. Such a bad look now. Tesla sells low quality disposable vehicles for the tuned out affluent.  There is no driver on the road more dangerous than an indoctrinated Tesla driver.,0,True
UgxDq6Qzg3MPtufUdcx4AaABAg,comment,52O3cYsyZMo,,False,@dracktw,What's the tires size,0,True
UgyAVXwVJoDqS4UaQA54AaABAg,comment,52O3cYsyZMo,,False,@CR71243,🚀🚀🚀,0,True
UgxsBStVSIW7Oy6nYfd4AaABAg,comment,52O3cYsyZMo,,False,@mahadevovnl,"Touch screens = instant no-buy. Screw that nonsense. Give me buttons, dials, knobs, and sliders!",1,True
UgxsBStVSIW7Oy6nYfd4AaABAg.A2bjNBdV80dA2e5gzuHiT_,comment,52O3cYsyZMo,UgxsBStVSIW7Oy6nYfd4AaABAg,True,@Just_a_random_birb,Sliders? Go buy a old Toyota then.,0,True
UgzdA3BbDYiN7YbbkGZ4AaABAg,comment,52O3cYsyZMo,,False,@Gnarfolkk,"There’s a middle of America, blue collar worker somewhere typing that this car is a piece of crap and a glorified golf cart.",0,True
UgzdA3BbDYiN7YbbkGZ4AaABAg.A2bj9uTHLYUA2e5kap524M,comment,52O3cYsyZMo,UgzdA3BbDYiN7YbbkGZ4AaABAg,True,@Just_a_random_birb,Blue collar workers hate Tesla in general no surprises there.,0,True
UgxlsPQLsJMPZVBE-Cx4AaABAg,comment,52O3cYsyZMo,,False,@rexl-kw,https://youtu.be/IjJvX2NOtfs?si=QX1ZjmR_HCHCaJAL,0,True
UgxGd35li7jt-O9gjvx4AaABAg,comment,52O3cYsyZMo,,False,@Farooq.Hameed,It’s a pretty good deal,0,True
Ugw-U5Fcf2hyjJg_RDd4AaABAg,comment,52O3cYsyZMo,,False,@benflee,On 720p the video is very sharper related to your other videos short on a cellphone.,0,True
UgzrCtQNhb8h8-7D-RF4AaABAg,comment,52O3cYsyZMo,,False,@stans5270,This video was 2.9 seconds too short.,0,True
UgzhK5XgtWDcMrKgbld4AaABAg,comment,52O3cYsyZMo,,False,@RubenKelevra,5:00 somehow the tires look oddly small :D,0,True
UgzNNs8lh9Pf8Ac6tkB4AaABAg,comment,52O3cYsyZMo,,False,@gdubyadubya8961,I think this is about face. Should read New  Tesla Model 3 Performance 60-0k in only 2.9 years. The ultimate in depreciation 😂😂😂,0,True
UgyHg5yJvyQkTMv7hp54AaABAg,comment,52O3cYsyZMo,,False,@roberth1700,Does this have the exact same interior features as the long range version thank you,0,True
UgyHg5yJvyQkTMv7hp54AaABAg.A2bhgRxrvrQA2bhyelve77,comment,52O3cYsyZMo,UgyHg5yJvyQkTMv7hp54AaABAg,True,@RubenKelevra,No. Hope that helps. :),0,True
UgzrALG8eXgtviIc-oZ4AaABAg,comment,52O3cYsyZMo,,False,@-_James_-,"Personally, I don't want any buttons that are essential for driving on the steering wheel.  Give me stalks like every other car on the planet.  And while we're at it, stop putting essential functionality on a touch screen buried behind multiple menus.  These are the main reasons I will *never* buy a Tesla.",2,True
UgzrALG8eXgtviIc-oZ4AaABAg.A2bhKcTrK8OA2bi1NmMiMj,comment,52O3cYsyZMo,UgzrALG8eXgtviIc-oZ4AaABAg,True,@RubenKelevra,"Nope. 

If you don't buy a Tesla, nobody cares. ;D",0,True
UgzrALG8eXgtviIc-oZ4AaABAg.A2bhKcTrK8OA2boOarKgbd,comment,52O3cYsyZMo,UgzrALG8eXgtviIc-oZ4AaABAg,True,@-_James_-,@RubenKelevra I'm sure they don't.  But if enough people repeat these same reasons enough times eventually they'll take notice.  Tesla has a long history of alienating potential customers with moronic design choices.,0,True
UgzrALG8eXgtviIc-oZ4AaABAg.A2bhKcTrK8OA2bpwe6W6n7,comment,52O3cYsyZMo,UgzrALG8eXgtviIc-oZ4AaABAg,True,@RubenKelevra,@-_James_- I don't care if you don't like it 😂,0,True
Ugw4gDqStPn71BbFwfl4AaABAg,comment,52O3cYsyZMo,,False,@DConnectEmpire,Why does his videos appear in my feed even-though I keep hitting not interested.,0,True
UgybYRxu_spaxVBLB-h4AaABAg,comment,52O3cYsyZMo,,False,@MS23MS23,Still looks boring...,0,True
UgzKSDngTaYOiFkftU54AaABAg,comment,52O3cYsyZMo,,False,@robertvanzant2653,"Definitely not a car reviewer , stick to phones .",1,True
UgzKSDngTaYOiFkftU54AaABAg.A2bgfFw3BQWA2e5um6R3Wj,comment,52O3cYsyZMo,UgzKSDngTaYOiFkftU54AaABAg,True,@Just_a_random_birb,"He is new  to car reviewing, give him time.",0,True
UgwUinfB-i4NwFDVBzt4AaABAg,comment,52O3cYsyZMo,,False,@Mojo16011973,$47.5K after tax credit. NO BRAINER.,0,True
UgxRMBj9IeAe_C6HHNJ4AaABAg,comment,52O3cYsyZMo,,False,@lawn2learn,When you smoke the Dodges the soulless thing goes away 😂❤,4,True
UgxRMBj9IeAe_C6HHNJ4AaABAg.A2bg5oXUn5PA2fcwjpHM6Q,comment,52O3cYsyZMo,UgxRMBj9IeAe_C6HHNJ4AaABAg,True,@joeymesa4952,i like hurting dodge guys feelings in the streets with my wife's Y dual motor 😎,0,True
UgxRMBj9IeAe_C6HHNJ4AaABAg.A2bg5oXUn5PA32gA6SN5_m,comment,52O3cYsyZMo,UgxRMBj9IeAe_C6HHNJ4AaABAg,True,@mikeni1225,"You don’t smoke a dodge, you breeze gently past it.  Loud cars are cool ONLY when they go faster.  If they go slower, it’s like a small dog with a loud bark",0,True
Ugy6lJO8Rv1OjxjeEBl4AaABAg,comment,52O3cYsyZMo,,False,@hunterking8807,Range?,0,True
Ugy6lJO8Rv1OjxjeEBl4AaABAg.A2bfiL4bT0YA2e5xWpI-0W,comment,52O3cYsyZMo,Ugy6lJO8Rv1OjxjeEBl4AaABAg,True,@Just_a_random_birb,290 mile with harder EPA test cycle.,0,True
UgxonHAg_0sPYZ3tm114AaABAg,comment,52O3cYsyZMo,,False,@siitan83,the startrek pics on the seats are ridiculous,0,True
Ugzbog3vzv8rInzhrZN4AaABAg,comment,52O3cYsyZMo,,False,@siitan83,RIDICULOUS value,0,True
UgxIyP32bNWSmH0y-F94AaABAg,comment,52O3cYsyZMo,,False,@statewidecomfort6578,I personally love the model refresh I have. First time Tesla owner and can’t believe the negative lies distributed by media.,0,True
Ugy36nkaHPqixPLdz0N4AaABAg,comment,52O3cYsyZMo,,False,@gamelihlencube2128,What did you do to your hair bro?,0,True
Ugy36nkaHPqixPLdz0N4AaABAg.A2bdGnBtyP5A2e5yqckVGr,comment,52O3cYsyZMo,Ugy36nkaHPqixPLdz0N4AaABAg,True,@Just_a_random_birb,Nah it’s the camera.,0,True
Ugx0glaOWP6jjrLbz_54AaABAg,comment,52O3cYsyZMo,,False,@Junitago,"I'm not being racist but this camera/filter makes you look darker and the sky is super blue, I just love the color spectrum and i needa know what it is",0,True
UgxK0uSu-XFzi0PAY194AaABAg,comment,52O3cYsyZMo,,False,@RR-pw5nb,So?  Don't need to go from 0-60 in a couple seconds.,0,True
UgxK0uSu-XFzi0PAY194AaABAg.A2bcFf7cKWQA2e60XUW9eJ,comment,52O3cYsyZMo,UgxK0uSu-XFzi0PAY194AaABAg,True,@Just_a_random_birb,A lot of people like to have fun unlike you.,0,True
UgxK0uSu-XFzi0PAY194AaABAg.A2bcFf7cKWQA2eEmpQ8Dkn,comment,52O3cYsyZMo,UgxK0uSu-XFzi0PAY194AaABAg,True,@RR-pw5nb,"@Just_a_random_birb I love to have fun. Just don't see any point or need in being able to hit 60 in a couple seconds.  A lot like having a 20 inch schlong...you can brag about it, but there's no where you can use it.",0,True
UgyP-L6gfa8dgFCnBnF4AaABAg,comment,52O3cYsyZMo,,False,@CoachEd,Why did i expect someone to just pop out under the covers in the trunk. 😂,0,True
UgxfZ6Y-4hTO-EuO3VN4AaABAg,comment,52O3cYsyZMo,,False,@Olafisoyem,"Even if it took 1s to 60 it would still be soulless, boring and a basic utility vehicle. say like a really quick uber. There is very little to actually connect with emotionally.",0,True
Ugwg1g6ONSas7geN5lZ4AaABAg,comment,52O3cYsyZMo,,False,@ChugsACoffee,Why are so many people obsessed with 0-100 performance? Unless you're going racing how is it ever going to make any significant difference in urban driving or on the highway?,0,True
UgyIO4-wGZRKyDZHvcV4AaABAg,comment,52O3cYsyZMo,,False,@fakerammy4262,S has sallon back (full lifting back) and steering speedometer,0,True
Ugxa5vs-WB3LmOKTYjR4AaABAg,comment,52O3cYsyZMo,,False,@karpic,oh no the geese sent Mr. Plastic Bottle in their stead.,0,True
UgwxcFwL8g2SFKiVPgB4AaABAg,comment,52O3cYsyZMo,,False,@jishnoo,Getting in and out of the car multiple times is pretty annoying Marques.,0,True
UgxB3AP9vr_Uh3QeJ0B4AaABAg,comment,52O3cYsyZMo,,False,@karpic,how did marques finally escape the geese? he just went far far away and they couldn't keep up 👍🏽,0,True
UgzztiHgGQL55hJUxXx4AaABAg,comment,52O3cYsyZMo,,False,@andylannon322,How many videos can you make about tesla. A bit like apple.,0,True
UgzC-i-HYv7s5Jm1zmF4AaABAg,comment,52O3cYsyZMo,,False,@awebuser5914,"FYI, ""stagger"" refers to different sized wheels and/or significantly taller/shorter tires.  This originally comes from NASCAR and oval set-ups.  The Lotus Esprit had them and others...",0,True
UgyctF7QZbO-a8S09r14AaABAg,comment,52O3cYsyZMo,,False,@kcimmid,The geese part cracked me up😂,0,True
UgzPtGH3Hhc50tEjBDx4AaABAg,comment,52O3cYsyZMo,,False,@namcojr,"Faster... How about more quality instead of ""faster"" which nobody really needs? Even chinese cars are overlapping this low quality thing by a mile now.",0,True
UgwbnBYeFpVyd9FD0zp4AaABAg,comment,52O3cYsyZMo,,False,@ziggs123,This is THE car imo. Nothing even close to price/performance,1,True
Ugz4o8OuFXHKNXjEc9N4AaABAg,comment,52O3cYsyZMo,,False,@ianoverseas,"Soooo... why don't you buy the new Tesla Model 3 Perfomance and compare it against your new Porsche against a range of criteria over a year... weekend appeal, performance metrics, daily driver attributes, storage, fun factor, etc. You'll pull in an order of magnitude bigger audience.... Tesla lovers + Porsche lovers + Tesla haters + ICE lovers.... etc.",0,True
UgzHzfO-hrUvYVOptmd4AaABAg,comment,52O3cYsyZMo,,False,@kaare1992,"Sooo... When will Tesla come up with new looks?
Especially the Y could use a new look, it looks like a handsoap that has been used plenty lol.",0,True
Ugzd_PdN1E0iq2qPBWl4AaABAg,comment,52O3cYsyZMo,,False,@ferro706,What a shame still not black headliner so no thanks.,0,True
UgzJqcGqMnT07eJYUi54AaABAg,comment,52O3cYsyZMo,,False,@gunnarliljas8459,The Model 3 design hasn't aged nearly as well as the Model S.,0,True
UgwjfNcXF0dazGztrCx4AaABAg,comment,52O3cYsyZMo,,False,@CapitanHarlockisback,"The wheels are awful, but nice 🚘!",0,True
UgyCEBmpxhRdLHT3x3p4AaABAg,comment,52O3cYsyZMo,,False,@jellyman5146,Please review a NIO car,0,True
UgyerRC4y0w9A0k7LrJ4AaABAg,comment,52O3cYsyZMo,,False,@stalelife0,I was wondering why the video is not smooth and clear then i saw shot on iphone 15 pro,0,True
UgzaIUNi2xnh9Yy17BN4AaABAg,comment,52O3cYsyZMo,,False,@gtlovers5767,"Insane 2.9s car..... One off-topic question - Do you shoot with LOG of iPhone 15 pro or regular Dolby Vision codec, and also if the cinematic mode is on?",0,True
UgzB04ru47LOYxxW2U14AaABAg,comment,52O3cYsyZMo,,False,@ethanhouston2433,This guy thinks Elon is just the bestest LMAO,0,True
UgxiMHgsFHYzqgKMjFF4AaABAg,comment,52O3cYsyZMo,,False,@JanNovak-pg8oe,"The badge is wrong. Should say: ""We brake for nobody"". 🙂",0,True
UgxxlpI6cBd09quuXm54AaABAg,comment,52O3cYsyZMo,,False,@sinoperture,Still doesn't have double wishbones all around it seems?  These cars have no engine or other mechanics - so plenty of room to fit in proper suspension.  No excuse.  At least you can buy a performance Tesla now that doesn't have air suspension as a sports car shouldn't have.,0,True
UgyXe2BxPqfOJS7PZ6l4AaABAg,comment,52O3cYsyZMo,,False,@MAK4LYAK,"I love your videos, but I’d rather when stating your opinions talk about what you think without saying ""us"" because we don’t all share your opinions (unless there was some kind of vote in your community)",0,True
Ugywb50CRPiWe-CHmE94AaABAg,comment,52O3cYsyZMo,,False,@Michael-ul7kv,want,0,True
UgwIIq5OZxJuqdKMAvN4AaABAg,comment,52O3cYsyZMo,,False,@jmel1746,"Yeah!!! The embargo is lifted and we can see this car...Finally! I must add that you missed perhaps THE most exciting thing about this car = The new adaptive suspension. Usually there's a tradeoff dilemma for engineers - to make it daily/liveable, meaning too soft for sporty driving or race car harsh wherein potholes, heaves, asphalt patches, expansion joints and speedbumps jar your 
teeth. All the best cars from Germany any and even Cadillac ( MRC or Magnetic Ride Control ) offer adaptive damping that assesses road conditions, speed and turning force to provide accurate compliance for the situation at hand. This system is automatic or user configurable as well, so have at it as you please. Track mode v.3 is an upgrade too with new tweaks. The new wheels are lighter, too.

The suspension has new geometry and the brake pads , while not carbon ceramic, are new and improved over the last gen Performance 3. It would be nice, Elon, to have some new, differentiating colors other than the same six choices you've offered for the last 6 years as seen on millions of other Teslas. 

The seats look amazing yet I agree those steering wheel buttons need to have a tactile click. Its not a deal-breaker for me, but no stalks and no gear shifter are weird. I know there's Auto Drive like in the Plaid and people say it works well, so maybe that would make up for that omission...to me.

The Ioniq5N is a wagon and the looks don't do it for me. Its also slower and over $70,000.. The fake transmission and phoney engine noises are controversial. In my brain, when manufacturers create fake engine noises for EVs ( hello Porsche ) they lose me. Its like fake news - Intellectually, I know it's BS. Some OEMs cut the gears slightly different in their sporty EVs which creates a true, mechanical sound that is pleasing and communicates sensations of speedier motation.

All-in, I'm stoked to drive it and may trade in my 2018 Long Range. Next comes the price. If it's signicantly less than a Hyundai N or BMW, it'll be a no-brainer. Being the most American car you can buy also helps. A new S Plaid still tops $90,000 with wheels and paint. Maybe a used Plaid? Love the hatch but its a big car.....

Thank you for making this video and I hope you can give it a go on the track soon!",0,True
UgwgOYEHC2UFbh5M-5l4AaABAg,comment,52O3cYsyZMo,,False,@CapeSteak,America needs more competition. Xiaomi SU7,0,True
UgwQJxmqvu9uqQfHle94AaABAg,comment,52O3cYsyZMo,,False,@pmac1985,Uk f*cked in the ass  again $74500 with no extras,0,True
UgxRTfRiAFnhgvnNSBZ4AaABAg,comment,52O3cYsyZMo,,False,@littlebigbrother7279,Wait two years and you can have it 23k,0,True
UgyAl3AfDAtGM0TCzZh4AaABAg,comment,52O3cYsyZMo,,False,@crabapple1974,"Looks to be almost perfect! The indicator thing is just annoying though. I need some feedback and to be honest a stalk is so much more intuitive. There must be a better solution than capacitive buttons that never worked properly on microwaves even😂
Think EU is going to legislate a need for physical buttons on some essential controls. I feel the screen works nicely for a lot of controls but not everything.",0,True
UgwE4PnfUPmy4bY629J4AaABAg,comment,52O3cYsyZMo,,False,@yegortu,Something about a video shot on iphone looks off. It doesn't handle motion all that good,0,True
UgwCJm4DZqV4JIAu_zN4AaABAg,comment,52O3cYsyZMo,,False,@SamsonTesta,tesla boy,0,True
UgyOr77CiZpJhqEE9LF4AaABAg,comment,52O3cYsyZMo,,False,@pamirhouse,"when you say ""shot on iPhone 15"", where does the audio come from?",0,True
UgyOr77CiZpJhqEE9LF4AaABAg.A2bPaCHg_t4A2e2P5dNC3X,comment,52O3cYsyZMo,UgyOr77CiZpJhqEE9LF4AaABAg,True,@Just_a_random_birb,Microphone?,0,True
UgyOr77CiZpJhqEE9LF4AaABAg.A2bPaCHg_t4A2e3pOdAaYc,comment,52O3cYsyZMo,UgyOr77CiZpJhqEE9LF4AaABAg,True,@pamirhouse,"@Just_a_random_birb obviously the question was about the exact device used in the video. we know where the picture comes from, but we don't know from which device the audio comes from.",0,True
UgyOr77CiZpJhqEE9LF4AaABAg.A2bPaCHg_t4A2e6K9aZ1wW,comment,52O3cYsyZMo,UgyOr77CiZpJhqEE9LF4AaABAg,True,@Just_a_random_birb,@pamirhouse The microphone in the phone? jk lol. maybe he is using a microphone that can be plugged into the phone?,0,True
UgyOr77CiZpJhqEE9LF4AaABAg.A2bPaCHg_t4A2e7misOC6Y,comment,52O3cYsyZMo,UgyOr77CiZpJhqEE9LF4AaABAg,True,@pamirhouse,"@Just_a_random_birb the phone microphone can't be that good, if you look closer you might see the external mic on his chest.",0,True
UgxMWTM6U3ejbenn8T14AaABAg,comment,52O3cYsyZMo,,False,@matthias9248,So dumping the Shares like on Fisker? Are you Shortseller ?,0,True
Ugws78d_PiJIkyIJ_lh4AaABAg,comment,52O3cYsyZMo,,False,@Anothersigmamale,Looking at their recalls and QC issues after rolling out. I don't think it should be brought without waiting a few months.,0,True
UgwnWY1yZmRbWRWAzQB4AaABAg,comment,52O3cYsyZMo,,False,@WhatAndHow29,Dear MKBHD Can you please use good camera with little professional version. Could not differentiate some of details in the cars like carbon fibre finishes etc,0,True
UgwSxiW8GtrOAKR6dzZ4AaABAg,comment,52O3cYsyZMo,,False,@randomaf5575,Shoot one on S24,0,True
UgwdoTu_i8o_bVvPtRh4AaABAg,comment,52O3cYsyZMo,,False,@povharsh,"why tesla dont bring the headsup display, its distracting to look into the giant screen always",0,True
UgwO9EtzhrZzpD-XLwl4AaABAg,comment,52O3cYsyZMo,,False,@navjyothkannottil8144,why do the reflections on the hair till like 2:00 is uncomfortably bright and glittery,0,True
UgzkEPlvsxiZtYhdjQF4AaABAg,comment,52O3cYsyZMo,,False,@polsolo7976,Xiaomi SU FE no doubt,0,True
UgwLpLMi_VbgPalrXAN4AaABAg,comment,52O3cYsyZMo,,False,@isaacl6402,"One thing I’m really not liking. The range keeps moving down and down 
On the model Y long range you only get 310 mi. It used to be like 330-340 and before that even more
The performance models are getting like less than 300 mi and with efficient charging it’s more like less than 240 mi. This is exactly what has turned off ppl to EVs up to this point :/",0,True
UgxkpiHQL0XeDmQHlHB4AaABAg,comment,52O3cYsyZMo,,False,@BastianMetz,"I’m into electric Cars because of the environment. Charging with the solar panels from my roof it is the cleanest way of transport except walking and cycling, I thought you might share this interest - obviously not, otherwise you would have picked up that plastic bottle, wouldn’t you?!?😢 #unsubscribe",0,True
UgzArPFmMFBruq6xjeB4AaABAg,comment,52O3cYsyZMo,,False,@tresdoofus6167,Cool! I would buy this car if Elon wasn't driving me away,0,True
UgwlvY5M1hAtwkkU8X14AaABAg,comment,52O3cYsyZMo,,False,@MyPonyLooksKindaWeird,I just dont get the 0-60 hype... like 0.01% of all people actually use it once or twice and it has no other use at all. Imo its actually the least important metric when looking for any kind of car. It s just plain stupid. same goes for max speed btw. at least when it comes to us drivers,0,True
UgwlvY5M1hAtwkkU8X14AaABAg.A2bMUZmTwATA2bZyapH_te,comment,52O3cYsyZMo,UgwlvY5M1hAtwkkU8X14AaABAg,True,@realgoose,"I use my 0-60 speed everyday. It has saved me from multiple accidents. Being able to move quickly in the hands of a competent driver is actually better for everyone on the road. 

A person doesn’t have to launch 0-60 to get the benefits of that kind of acceleration. 

Driving a 2020 Model 3 with Acceleration Boost : 0-60, 3.2 sec",0,True
UgwlvY5M1hAtwkkU8X14AaABAg.A2bMUZmTwATA2bapu6i5JG,comment,52O3cYsyZMo,UgwlvY5M1hAtwkkU8X14AaABAg,True,@MyPonyLooksKindaWeird,"@realgoose obvously im not talking about 10 second 0-60 cars, but i doubt there is a meaningful difference between your 3.2 car to any below 5 seconds. your situation just tells me one of the following: 1. People of your country are sh*t drivers 2. you are a sh*t driver. You can choose either of those",0,True
Ugzq_cql7v2X-OUnChB4AaABAg,comment,52O3cYsyZMo,,False,@ab2774-k6i,"I especially liked Track Mode. Understeer, oversteer. It would be good to experiment with.",0,True
Ugx0ANYnFVPDaVIKnjB4AaABAg,comment,52O3cYsyZMo,,False,@kevslive,I hope you picked up that water bottle❤️,0,True
UgxI4XP-iKIDritiV_V4AaABAg,comment,52O3cYsyZMo,,False,@Maydayso,Tesla is the best car Ever maid❤,0,True
UgwEgs5hRWQei496ch94AaABAg,comment,52O3cYsyZMo,,False,@ssaaffuu,the future of tesla will be like the Toyota,0,True
UgwEeyhEOMRnAt7e57V4AaABAg,comment,52O3cYsyZMo,,False,@matraz10,"With ""FSD"" (I'm kind of surprised they can still call it that) it comes out at $60,900.
$250 non-refundable ordering fee? LoL",0,True
UgxFFfmxOD6kg7UWlwZ4AaABAg,comment,52O3cYsyZMo,,False,@wintersl4544,"Brother, come to China and test an electric or hybrid car once a week. You can do several years of programming well.",0,True
UgxVMtCALcGQckfEt6h4AaABAg,comment,52O3cYsyZMo,,False,@flox8342,"hmm... just wondering: The specs of the outgoing Model 3 are to my knowledge from the interwebs: 219kW rear and 158kW front motor power... so it has a combined 512 metric horsepower or 505 HP SAE. How are the 2024 Performance's 510HP advertised 32% more peak power than the old one?! Please help me understand, either they lie now or the lied before. Or it is completely irrelevant because you just get what you get nowadays, period. (And i still love my old despite all the bugs and hickups it routinely has)",0,True
Ugw_Hn-AFd8CZA8oYLJ4AaABAg,comment,52O3cYsyZMo,,False,@sedenta,0-60 perf was interesting indicator few years ago but maybe time to change since most electric car now offers good or decent perf.,0,True
UgwKLkPCHMqxWz2XtIt4AaABAg,comment,52O3cYsyZMo,,False,@realherobrine5636,they messed up bad lmao,0,True
Ugw2-3wm06A9W5NxG514AaABAg,comment,52O3cYsyZMo,,False,@billx4266,"Very strange, here at the belgian tesla site it has 460 HP....",0,True
UgwDd7drrNXsnJ1BAbZ4AaABAg,comment,52O3cYsyZMo,,False,@slasheerr946,"That over sharpening on your eyebrows, beard, and hair is stupid, great video as always sir!!",0,True
UgyMinaKVKXOFsJ1L1h4AaABAg,comment,52O3cYsyZMo,,False,@BruhMoment5-i5b,Comments botted by Tesla? Literally every other comment is how this car is a steal at $53k,1,True
UgxstZHeQrBhQGYfTiZ4AaABAg,comment,52O3cYsyZMo,,False,@billx4266,"image quality is good when you where filming yourself at the beginning, what do you use? Iphone? If yes, front or back camera? Thanks",1,True
UgxstZHeQrBhQGYfTiZ4AaABAg.A2bIVPj9SB1A3QZAHakNoA,comment,52O3cYsyZMo,UgxstZHeQrBhQGYfTiZ4AaABAg,True,@Hhhh22222-w,The whole thing is filmed on an iPhone,0,True
Ugyk1eEZ60HoUbkp01F4AaABAg,comment,52O3cYsyZMo,,False,@kirikset,"All I want is more off-road capable versions of cars, more in the vibe of volvo Cross country trims of sedans. Guess, I'm not the target demographics of these cars",0,True
UgzntPyJtvnwPIIX22p4AaABAg,comment,52O3cYsyZMo,,False,@scratastic1,"It's kinda ironic how a lot of governments give out subsidies for electric vehicles for being green, but at this moment with all the bigger and faster craze it absolutely makes no sense any more by wasting this precious 'green' energy on either weight or speed.  Not that it did much make sense to begin with but that's a different story.",0,True
UgyQTUJPutT0iHeAqV94AaABAg,comment,52O3cYsyZMo,,False,@Andromahlius,"If the speed doesn't kill you, your insurance quote will.",0,True
UgyQTUJPutT0iHeAqV94AaABAg.A2bEzTmSrDiA2bFL7WDAD8,comment,52O3cYsyZMo,UgyQTUJPutT0iHeAqV94AaABAg,True,@Nickbaldeagle02,No one is mentioning it that's for sure.,1,True
UgwnTSPgz-N_8y53NIR4AaABAg,comment,52O3cYsyZMo,,False,@rushabhchheda2582,lets hope Tesla doesn't collapse after the review,2,True
UgzKsenkqBcrQ0XdOxZ4AaABAg,comment,52O3cYsyZMo,,False,@andreanderson8639,8:24 cost cutting? left over parts?  it works?,0,True
Ugz0bGW53g6r5c2JAnF4AaABAg,comment,52O3cYsyZMo,,False,@roryreddog3258,So I am I the only one that’s disappointed that this car is actually SLOWER than the old model 3 Performance with the added performance upgrade?,0,True
UgwVRlntD-MWJhKdN1p4AaABAg,comment,52O3cYsyZMo,,False,@20mike20ify,Pls dont use your Iphone to shot the videos.... It looks terible...,1,True
UgxDke4XnxcbW4ck4jV4AaABAg,comment,52O3cYsyZMo,,False,@TheViewUpHere,"There aren't many cars that do sub-3 seconds under $100k, much less under $53k",1,True
UgyRQkeHPOdrI-Ke1iR4AaABAg,comment,52O3cYsyZMo,,False,@cvg9142,Saw it a few weeks ago in cherry red much hotter looking in person❤,1,True
UgwbLDLsL9ZUADLLZlN4AaABAg,comment,52O3cYsyZMo,,False,@JamieLemsom,Wow! I love it! It looks amazing. In my opinion the best car to buy period ❤,0,True
UgzuWen6DdXUnY77MgB4AaABAg,comment,52O3cYsyZMo,,False,@GudieveNing,"8:15 Damn! Why the horrible capacitive buttons that made VW ID EV infotainment so awful? Thought the clicky ones were going to be on all new Teslas. I'm not in the market for a Performance, but as a Y owner, interested in the next gen Juniper Y and hope they retain the clicky buttons from the Cybertruck etc. Thought for the day: How will FSD drive you in a Performance?",0,True
Ugzx_a7XCTNL6cCwy1l4AaABAg,comment,52O3cYsyZMo,,False,@Forsxk3n,Tesla is really perfecting the EV design and the price is something you can't ignore. honestly i find very little reason not to consider it in your top 10,0,True
UgwGWsdv5SaamT1MMn54AaABAg,comment,52O3cYsyZMo,,False,@rolandrohde,"Don't care about the Video or the car particularly, just wanted to point out, that the 2.9 Seconds are actually not correct. Tesla doesn't test from a standing start in the US. In Europe the M3P is listed with a time of 3.1 Seconds that is likely the correct value.",0,True
UgwfAznHDO1U29alLDx4AaABAg,comment,52O3cYsyZMo,,False,@Abrahamhamham,I still can't get over the lifelessness of the interior. I haven't been this sad looking at something since my grandpa's funeral.,0,True
UgzOE5fv0tmwGSgpNRJ4AaABAg,comment,52O3cYsyZMo,,False,@Marszczak,"It would mean so much if you just picked up that bottle…. I know, I know, all of that, but anyway",0,True
UgytEVushQpcPeP06wJ4AaABAg,comment,52O3cYsyZMo,,False,@AkashSankar04,Selfie video is not good,0,True
Ugylq0bZ7qWbQqxfyyp4AaABAg,comment,52O3cYsyZMo,,False,@rushgush,repent and accept Jesus Christ as your lord and saviour and receive salvation ❤,1,True
UgyxTeADJcBoQexJnWx4AaABAg,comment,52O3cYsyZMo,,False,@rushgush,"Matthew 16:26
26 For what is a man profited, if he shall gain the whole world, and lose his own soul? or what shall a man give in exchange for his soul?",1,True
UgxeKw4iWI3jIBmYvgN4AaABAg,comment,52O3cYsyZMo,,False,@Clove_Parma,"Isn’t a magnetic glovebox less secure, negating a major benefit of having it securely in the screen?",0,True
UgxeKw4iWI3jIBmYvgN4AaABAg.A2bA0mZxyWhA2e2TZPMlcv,comment,52O3cYsyZMo,UgxeKw4iWI3jIBmYvgN4AaABAg,True,@Just_a_random_birb,I think there is a latch.,0,True
UgxeKw4iWI3jIBmYvgN4AaABAg.A2bA0mZxyWhA2fIY2oi3RW,comment,52O3cYsyZMo,UgxeKw4iWI3jIBmYvgN4AaABAg,True,@Lost_In_LA,"You can add a four digit pin for opening the box. In that regard, it's more secure when handing the key card over to a valet or service dealer.",0,True
UgxKhZA2nf0r8T2rt3t4AaABAg,comment,52O3cYsyZMo,,False,@Yin-Yang-Tech,"Who else realised that top car reviewers like Supercar Blondie,Top gear and DeMuro Doug have posted Model 3 about the same time and almost equal video length

Edit:Yes,even Auto Focus",0,True
UgzofXBiHDXaJUn5z1V4AaABAg,comment,52O3cYsyZMo,,False,@DrkHnd,Heyy back on your phone :) Very good,0,True
UgyM7r1grBJrM2L6Pld4AaABAg,comment,52O3cYsyZMo,,False,@kingprone7846,5hp less than the model 3 outgoing......i wonder if its slower,0,True
Ugx3ejaci0tmPJkal0R4AaABAg,comment,52O3cYsyZMo,,False,@solo111111111,So cool,0,True
UgyP6ZFw_YUtn--TB3p4AaABAg,comment,52O3cYsyZMo,,False,@ConnorWells,I miss the geese,0,True
UgyzjtuK_6zgcdaCzr54AaABAg,comment,52O3cYsyZMo,,False,@DavutPersel,do they have the old sensors for the parking or only this kamera stuff ?,0,True
UgzMIB2U2U_pbv0NKPl4AaABAg,comment,52O3cYsyZMo,,False,@ONYXpulse,Seriously who cares? Teslas are just some electric piece of crap. Stop reviewing them.,0,True
Ugwt3X1tcduumQNyHQ14AaABAg,comment,52O3cYsyZMo,,False,@billybunter5575,but what tesla does not like talking about is the child labour mainly in the congo that are mining the resourses for tesla come on musk  wheres your concience.,0,True
UgyKp6e9W0PwvDYaxH14AaABAg,comment,52O3cYsyZMo,,False,@DavutPersel,finally its out,0,True
UgyHDNS6r5am2SixAYp4AaABAg,comment,52O3cYsyZMo,,False,@chriswilcox8977,"Shame the wheels to me still look a bit naff…never can get on board with dark wheels….

That said….what a car!",0,True
UgydWFGKeigQ4SoWHVh4AaABAg,comment,52O3cYsyZMo,,False,@Litdaze92,If only the service wasn't ass.,0,True
UgxvN9bKk_DaDNvaeIZ4AaABAg,comment,52O3cYsyZMo,,False,@nbomberguy44,trash car,0,True
UgxHtc3-2p-GhMLVPzV4AaABAg,comment,52O3cYsyZMo,,False,@PortfolioPL,This is why Tesla is failing. What people actually want is a cheaper EV not a faster one.,0,True
UgxHDIVl-4cQJX9hzbR4AaABAg,comment,52O3cYsyZMo,,False,@BoyanCoaching,"I have the same touch buttons on my Long Range and I LOVE them. No issues whatsoever. 

Somehow I wish the Performance looked even more special though. Wheels and area elements aren’t that amazing.",1,True
UgyJkN6tkF5v2myZSjJ4AaABAg,comment,52O3cYsyZMo,,False,@T.K5555,"Minimalistic, elegant and stylish 😊",0,True
Ugypha3m76zdjjeCSu54AaABAg,comment,52O3cYsyZMo,,False,@maxbiagi3091,"I think Its good ""base"" for cheap  Hill climb race car.😊",0,True
UgzknSV4pQ1ZPq8fHlh4AaABAg,comment,52O3cYsyZMo,,False,@dxWDayDreamWxb,Track mode looks identical to the previous Model 3 Performance,0,True
Ugzw8jRehJtsyd1vWmh4AaABAg,comment,52O3cYsyZMo,,False,@MilushevGeorgi,"California is gorgeous, enjoy",0,True
Ugw3BrMHh_ybsMd4MMp4AaABAg,comment,52O3cYsyZMo,,False,@ThysiosX,6:40 please tell me you can open the glove box without needing to use the touch screen...?,0,True
Ugw0JPYdcgD2Im8EvON4AaABAg,comment,52O3cYsyZMo,,False,@Radioghost717,"Teslas are like women who are silent in the bedroom. You get where you need to get, might be quick, but they offer zero feedback, and in the end, you just have to accept that they could have gotten there without you.",0,True
Ugz2SKLoHMl1dOAJDEd4AaABAg,comment,52O3cYsyZMo,,False,@Stierenkloot,I’d never get a Tesla. Out of principle.,0,True
UgyXerVXyS8v13D5bqx4AaABAg,comment,52O3cYsyZMo,,False,@Yoohniversity,Minimalism and touchscreen controls only are so boring. I rather have a hybrid for same price or BMW i4 if I really want electric.,0,True
UgzASsLG0Y4eTKy69J54AaABAg,comment,52O3cYsyZMo,,False,@erikporter,Ordered.,0,True
Ugy2Nbez0FBSZex-okZ4AaABAg,comment,52O3cYsyZMo,,False,@ShadowconeOfficial,Shout out to California weather 😂🤣,0,True
Ugzja4ETFvKQFJa0Co94AaABAg,comment,52O3cYsyZMo,,False,@Jebusjoose,Lol Xiaomi did a 656 HP for 29k USD,0,True
Ugw9myxkigd6bxFy6-d4AaABAg,comment,52O3cYsyZMo,,False,@melodiousramblings8470,I’ll wait for the Rivian R3,0,True
UgxTVFH6pbDlr5G0UOZ4AaABAg,comment,52O3cYsyZMo,,False,@patrickvolvos4010,FAST 2.9 secs and 165 mph top speed amazing :=)BUT ....... CAN WE GET OUR EBIKES  TO GO OVER 15.5 MPH noòooooo! That would be dangerous .!,0,True
Ugw1CbobsEFI0eaAUq54AaABAg,comment,52O3cYsyZMo,,False,@Nam3Iess,"Please do not tell me, that they will still dick around with a M3 Plaid after this. They should really work on the smaller Tesla already.",0,True
UgxDCl_z7JABLExCyPd4AaABAg,comment,52O3cYsyZMo,,False,@QUIKCaspa,Yea thx... No show of the performance,0,True
UgxbUVGizHTkfV6yaN54AaABAg,comment,52O3cYsyZMo,,False,@alexanderdiaz8475,"Use me as a ""this is soulless"" button",0,True
UgzvLDSuocTGjvDbj3F4AaABAg,comment,52O3cYsyZMo,,False,@fuckucatchme1000rr,Take it on track. Why can’t Tesla win a road course race? Any “performance” car that can’t compete on a road course isn’t much of a “performance “ car now is it?,0,True
UgyF03YNxiMBeU-HUcl4AaABAg,comment,52O3cYsyZMo,,False,@flottenheimer,I'm thinking: They should've given you a red one.,0,True
UgwfQPe0wEmfGBtMzfF4AaABAg,comment,52O3cYsyZMo,,False,@oppsicle,please pick up the bottle,0,True
UgxWV6WBFQNIVQ0IYXN4AaABAg,comment,52O3cYsyZMo,,False,@welfiblablabla,The front bumper is also different. The regular one doesn't have the wheel air curtains,0,True
UgzrZzVdhkAEwCVE7vx4AaABAg,comment,52O3cYsyZMo,,False,@welfiblablabla,Now I want one... The wheels aren't the prettiest. But the rest is really really nice 😍,0,True
UgzBhQSQig8knhGsvOV4AaABAg,comment,52O3cYsyZMo,,False,@warjam4575,"I mean you can put a skirt on a poor quality pig, but it will still be a poor quality pig....",0,True
UgxVYhHnecD7YAFa2CZ4AaABAg,comment,52O3cYsyZMo,,False,@NanoMine,What phone is did you record this on? The microphone is really bad at isolating wind noise.,0,True
UgxVYhHnecD7YAFa2CZ4AaABAg.A2b1u1okzz6A3QZa-P35OA,comment,52O3cYsyZMo,UgxVYhHnecD7YAFa2CZ4AaABAg,True,@Hhhh22222-w,iPhone 15 pro,0,True
Ugy8PijZHHAmdhTGjFV4AaABAg,comment,52O3cYsyZMo,,False,@kamikaze7573,what's the point of these 0-60 timings? all the evs are plenty fast in this metric.,0,True
UgycPqgevj79z9A6hIl4AaABAg,comment,52O3cYsyZMo,,False,@Emaratilfy,"*In my Samuel L Jackson voice*

STALKS MOTHERF*CKER. DO YOU HAVE THEM?!",0,True
Ugxa8YkyNYV7dNvACVl4AaABAg,comment,52O3cYsyZMo,,False,@RossomeOfficial,5:50 why didnt they call their performance mode “Tesla Warp”?,0,True
UgzxnV7RF9IO1rAgNmp4AaABAg,comment,52O3cYsyZMo,,False,@Nse19,It's super fast. But really disappointed on the range drop. The 0-60 performance is really impressive at this price point but it still looks and feels like a really cheap car.,0,True
UgyiSp9JFjSLyxZSrNV4AaABAg,comment,52O3cYsyZMo,,False,@Timeless_Essence,Love the rims,0,True
UgyCwUtyJ8ZqodUA3Dl4AaABAg,comment,52O3cYsyZMo,,False,@Watt_Ihr_Volt,Here in Czech Republic it costs 4000€ less than thr Model 3 LR did 3 years back here! Amazing package.,0,True
UgxdeTwUk0W12Sjvt994AaABAg,comment,52O3cYsyZMo,,False,@Harish4TH,This guy tried to pull the rim off lol 🤦‍♂️only the inserts are removable,0,True
UgzUF_z1evfKewzpx9N4AaABAg,comment,52O3cYsyZMo,,False,@genzo53,"Yeah, you're never gonna sell me a car without physical buttons and storks, no matter the performance.",1,True
UgzUF_z1evfKewzpx9N4AaABAg.A2b0Sbl3-5WA2b2ApuIAEA,comment,52O3cYsyZMo,UgzUF_z1evfKewzpx9N4AaABAg,True,@PulseViper0,🤓,0,True
UgzUF_z1evfKewzpx9N4AaABAg.A2b0Sbl3-5WA2bK3-bLVlu,comment,52O3cYsyZMo,UgzUF_z1evfKewzpx9N4AaABAg,True,@Nickbaldeagle02,Stalks. A stork is a bird.,0,True
UgzUF_z1evfKewzpx9N4AaABAg.A2b0Sbl3-5WA2bKZHjvr6a,comment,52O3cYsyZMo,UgzUF_z1evfKewzpx9N4AaABAg,True,@genzo53,"@Nickbaldeagle02 Sorry, English is not my native tongue. I confuse these. To be fair, it's a stupid name: ""stalks"".",0,True
Ugzds19whQATLz_tGxR4AaABAg,comment,52O3cYsyZMo,,False,@xxzmk,Damn man that is still one ugly car.,0,True
Ugzds19whQATLz_tGxR4AaABAg.A2b-C1cAVgdA2b2C86q07U,comment,52O3cYsyZMo,Ugzds19whQATLz_tGxR4AaABAg,True,@PulseViper0,🤓🤓,0,True
UgzLMRBAHsmERBrHIC94AaABAg,comment,52O3cYsyZMo,,False,@ken830,This thing is barely over $50k before tax credit and only $45k after tax credit! My 2018 Model 3 Performance was a >$70k!!!,2,True
Ugzx-Ey7itAhcQnMSCN4AaABAg,comment,52O3cYsyZMo,,False,@raymondwong2521,"200 miles within my town, a used Model 3 performance with 35K miles is being sold for $29,000.  4 grand lower at $25,000, I will be qualify for the $4000 used EV credit.  either way.  I can get 2 slightly used M3Ps or one brand new.... hummmmmm",0,True
UgzFx5vO4ukuiHZcEUN4AaABAg,comment,52O3cYsyZMo,,False,@1Dvrst,"When it comes to cars, there has to be give and take with performance versus appearance, respectively. This is the best value you can get out of performance with the downside its mute when you drive... Another good example is the Golf R - crazy performance except it has the most average look.",0,True
UgyA2daG0hOMdP7v_Ot4AaABAg,comment,52O3cYsyZMo,,False,@BigCarKilla,"I thought it was 19” front, 20” rear?",0,True
UgyA2daG0hOMdP7v_Ot4AaABAg.A2azTP9tu--A2bIsbiUqxB,comment,52O3cYsyZMo,UgyA2daG0hOMdP7v_Ot4AaABAg,True,@Nickbaldeagle02,Yes,0,True
Ugwctl0U1ryr5T5EKgJ4AaABAg,comment,52O3cYsyZMo,,False,@doteddo,"Dunno why the footage looks bad today, the over sharpening is so obvious",0,True
UgznkMpoiT-a9Thvdeh4AaABAg,comment,52O3cYsyZMo,,False,@solidust573,"Model 3 is trash. 
Model Y is the legitimate progression",0,True
Ugzd2btnHSfixqhAq0V4AaABAg,comment,52O3cYsyZMo,,False,@Abcdefghjjkk,"510hp and faster (2,9) than Ioniq 5 N with 650hp (3,2…3,3s). Model 3 weights lots less.",1,True
UgwmTSkYDk_hImrWokt4AaABAg,comment,52O3cYsyZMo,,False,@teamet,Pick up the trash,0,True
UgxB8MOg5Gq6RWI4Ve14AaABAg,comment,52O3cYsyZMo,,False,@chonghunyu,Teslaaa 4lyfeeeeee❤,0,True
UgzhxURQRtCTu0xOUqd4AaABAg,comment,52O3cYsyZMo,,False,@aashishnakarmi1690,"What camera was this shot on? Video is so bad. Face and hair looks oil pasty, too over sharpened. What happened to iPhone videos?",0,True
Ugwa-L4STQNkO237NpJ4AaABAg,comment,52O3cYsyZMo,,False,@fatblobgaming5649,The only good tesla is an engin swaped tesla,0,True
Ugy5uj52DYgYrTloA4Z4AaABAg,comment,52O3cYsyZMo,,False,@MehulSathyanarayan,I am waiting for this to be recalled 😅,0,True
Ugyo8ePGmOGa__3hjsp4AaABAg,comment,52O3cYsyZMo,,False,@mnm2007,So your Not mentioning the Tesla Layoffs,0,True
UgyCrd6euCRMTkEV_3t4AaABAg,comment,52O3cYsyZMo,,False,@evanssabbi,I’m going to wait for the Rivian R3X,0,True
UgyHwixA_vgOAy_31JJ4AaABAg,comment,52O3cYsyZMo,,False,@Mazai82,Middle seat is not heated?,1,True
UgzIRUAfcsAep0DU5th4AaABAg,comment,52O3cYsyZMo,,False,@HasanAlKharfan,Carbon Fiber on an electric car is stupid. It's a 2 ton car. the fck is an aluminium spoiler gonna do?,0,True
UgxFmJ-JA8N1VxZpRZN4AaABAg,comment,52O3cYsyZMo,,False,@Zoranurai13,"Awesome, now i can get a speeding ticket in less than 3 seconds in my country 👌",1,True
Ugw2Ixba-KxTf0Y62zx4AaABAg,comment,52O3cYsyZMo,,False,@jeffutouzumaki,"my new car looks gorgeous! i knew to hold out after the refresh came out, so glad i did",8,True
UgwxAzyhvue9ed2fbud4AaABAg,comment,52O3cYsyZMo,,False,@timcappell71,For me it's mostly over after he opens the door. I'd rather have less power and a nicer interior. A screen in front of the driver and physical buttons for important functions are must-haves for me. Maybe if it had a HUD the center screen would be fine. But that Tesla steering wheel looks so sad. But if you don't care about those things it's still an amazing deal at that price.,0,True
Ugxm_WYNYCR4StrGklF4AaABAg,comment,52O3cYsyZMo,,False,@localguide9319,Where is the part where you actually show us 0-60? MKBHD has started being a lot biased towards Teslas (when he owns a Porsche),0,True
UgyhCLh2Mt1u01S_Iht4AaABAg,comment,52O3cYsyZMo,,False,@marlborom2c829,But on a track?,0,True
UgxHyFtyDPNFvF0KZSN4AaABAg,comment,52O3cYsyZMo,,False,@SnowyTaco,This or the new Prius prime??,0,True
Ugy9medE5qXQbKgnHx14AaABAg,comment,52O3cYsyZMo,,False,@mohammadwasilliterate8037,"*I bet there are no gas cars that can beat this for price/performance.*
",0,True
UgwAl2pei5SFOlhzPfd4AaABAg,comment,52O3cYsyZMo,,False,@alexguy96,Thats insane. No brainer for the money man,0,True
UgzNLQR-v6cw8FevCs14AaABAg,comment,52O3cYsyZMo,,False,@jozefel7916,What is it good for? Acceleration! It is less environmentally friendly than most of the modern cars. Damaging the roads (wights) etc. Not to mention recycling batteries.,0,True
UgzP8EaWFqA2_rrsQa14AaABAg,comment,52O3cYsyZMo,,False,@saminlp,Are people seriously not paying attention to what Elon is doing with the money he gets from Tesla?! Stop effusively shilling this terrible guy’s cars. All the cost cutting with the lack of stalks and terrible turn signal buttons is just glanced over. Imagine if this were any other company he’d be ripping them to shreds. So so biased.,0,True
UgxzEQNeBNl4VM30jxh4AaABAg,comment,52O3cYsyZMo,,False,@thehulk10,With the tax crédit its 45.5k!!! Its over 2k cheaper than the long range....getting it!!,0,True
Ugw8kHBnLBoWCVPL_dB4AaABAg,comment,52O3cYsyZMo,,False,@monteestowes1245,It could genuinely be because I grew up on autocross and have some of the best roads in SoCal available to me where I live. But a 2.9 sec is the absolute least interesting thing about electric cars.,0,True
UgyIyBmmULPb9172WW54AaABAg,comment,52O3cYsyZMo,,False,@romansenger2322,1839kg is lighter than any M3P before. The lightes version (Panasonic battery) was 1850kg and the last version with LG has 1919kg. So they improved on that aspect.,0,True
Ugy-hwIRm5RPpyo4-8h4AaABAg,comment,52O3cYsyZMo,,False,@etiennedesjardins5511,Cool but disposable,0,True
UgxcpCiXpbsZFI3dbSF4AaABAg,comment,52O3cYsyZMo,,False,@United_Wings,Nice,0,True
UgwiQsbEOYUDGn11xHl4AaABAg,comment,52O3cYsyZMo,,False,@christophermorales1509,A used Plaid can be had for under $60k now.,0,True
UgxgTZSPVPalzMUagIZ4AaABAg,comment,52O3cYsyZMo,,False,@amonrei,"Must be nice for you guys. Over here, EV is pretty much still a luxury even for the Model 3. This car would be a no brainer daily.",0,True
Ugz2Gq7iOFzaxcYhNDF4AaABAg,comment,52O3cYsyZMo,,False,@armandsant1143,Oh my gosh 🥶 so sick ✨,0,True
UgyB6QmZ6u5E-EjBEZx4AaABAg,comment,52O3cYsyZMo,,False,@fazman6218,"Is it okay to run in track mode with a custom setup for braking and what not, AS A Daily driver setting?

Or is the intent of Track mode use to void your warranty for using the config changes often?",1,True
Ugzty5JAr8h2OEiNNDh4AaABAg,comment,52O3cYsyZMo,,False,@gabemelendez60,What camera are you using it’s so crisp,0,True
Ugzty5JAr8h2OEiNNDh4AaABAg.A2atK20k0xjA2e2YO45eFp,comment,52O3cYsyZMo,Ugzty5JAr8h2OEiNNDh4AaABAg,True,@Just_a_random_birb,iPhone 15 pro max.,0,True
UgzvX9gzM36uLhStMbR4AaABAg,comment,52O3cYsyZMo,,False,@jaedonlong4084,For the fact i have a 2021 camaro ZL1 1LE thats 655 hp stock and i tesla model 3 can whoop my ass is.. insane to say the least.,0,True
Ugy2X8B1ljpUL-GHZWp4AaABAg,comment,52O3cYsyZMo,,False,@kevroll99,Freaking awesome,0,True
UgyOPvmsZKI3voeBkGV4AaABAg,comment,52O3cYsyZMo,,False,@kittyflier8338,Compare it with a xiaomi su7 max please!,0,True
UgwoBCTcq5wJKRcCa694AaABAg,comment,52O3cYsyZMo,,False,@EnhanceAuto-S3XY_Gadgets,Only if he would ever hear about us and what we do 😊,0,True
UgwG8P6jvEQv1uDpHeZ4AaABAg,comment,52O3cYsyZMo,,False,@MrBeats_6000,pirelli p zeros suck,0,True
Ugx-R6eAD67bFtVqzq14AaABAg,comment,52O3cYsyZMo,,False,@Justincaseny,"Wth man, I thought you would show 0 to 60 acceleration. That's a bummer",1,True
UgxdwnyycbwjVgbSIjF4AaABAg,comment,52O3cYsyZMo,,False,@austin.t5557,"IMO two biggest issues I have with all Tesla's. 1 the suspension feels floaty, the car almost feels like its on air. 2 and this is specifically the model 3 the space in the car feels super small. I don't know if its the roof hight or what but have never felt comfortable in the Tesla especially the model 3.",0,True
UgxdwnyycbwjVgbSIjF4AaABAg.A2asYhva2YhA2avbGMsRsw,comment,52O3cYsyZMo,UgxdwnyycbwjVgbSIjF4AaABAg,True,@mikldude9376,"Agree on the space , especially if your a big dude , hip room is barely better than a Corolla, and I’ve said it before , the bare bones interior and user interface with controls is just cheap and nasty , people are oh wow look how cheap it is , but it really really should be very cheap.",0,True
UgySFz5Cb-dooL0ZNsh4AaABAg,comment,52O3cYsyZMo,,False,@tkuniverse339,"I‘m just truly sad, that there is no black headliner. Not like I could afford that car, but still. I think white headliners always look so cheap.",0,True
UgxQXS-mhYvLMZ_F1vB4AaABAg,comment,52O3cYsyZMo,,False,@yingfeng88,Tesla car is CHEAP and NICE. Super affordable and safe. Everyone can have a Tesla car ,0,True
UgzICHL9OeD8sJC0yll4AaABAg,comment,52O3cYsyZMo,,False,@azulzinho2000,can you do a review on the Hyundai Tucson plug in hybrid i want to know if I should get it,0,True
UgxeX7WrgYfuSyMl6qN4AaABAg,comment,52O3cYsyZMo,,False,@Dazlidorne,Not impressed.,1,True
UgwdEHxIT56sZbZ6Y-F4AaABAg,comment,52O3cYsyZMo,,False,@williamgrunzweig571,"Umm not really why video of this vehicle are out.  Top gear did a lousy job witht the video...kind of a waste of video data.  Now you go over this car in the same time...and reveal nothing important...just like top gear did.  At least you didnt suggest fake sounds be generated...lord help top gear.  
You drove the car, but didnt show it...hummm.  You can do better honestly...this video was a bust honestly.
The car is amazing...the video was not.",0,True
UgwHg46Pjbb8zMFz2wF4AaABAg,comment,52O3cYsyZMo,,False,@Abbidy,"I’m scared that Tesla might become a less premium company, and people would be embarrassed to own one in the future…😬",1,True
UgwHg46Pjbb8zMFz2wF4AaABAg.A2arZ15ulJIA2mx2uMEGop,comment,52O3cYsyZMo,UgwHg46Pjbb8zMFz2wF4AaABAg,True,@naze1977,I think this is already happening,0,True
UgyIjYiBvJLOFHnuB-t4AaABAg,comment,52O3cYsyZMo,,False,@flexor212000,"""aluminum pedals"". I think you mean glued on aluminum ;)",0,True
UgzjNSxNsa94b35qI8x4AaABAg,comment,52O3cYsyZMo,,False,@dontbanmebrodontbanme5403,"Wow, it came out and MKBHD is the first I've seen to review it. I'll still wait for the Model Y refresh though. While 2.9 seconds is awesome, it's more speed than the average person needs. I'll trade more space for less speed any day of the week.",0,True
UgzpLoFQvkbo_sLPxHd4AaABAg,comment,52O3cYsyZMo,,False,@cybertruck4988,Model 3 Ludacris,0,True
UgzwcjzFsw7ALZboF994AaABAg,comment,52O3cYsyZMo,,False,@kbarnes25,2022 performance has track mode,0,True
Ugzvxo2IKSmmxxi-P1N4AaABAg,comment,52O3cYsyZMo,,False,@MisanoS5,2014 Audi S4 Stage 2 does 0-60 in 2.8,0,True
UgzXoNX8F_WBDL4Qds54AaABAg,comment,52O3cYsyZMo,,False,@VjPaws,"In Denmark the model 3 performance will be half price of the model S, so atleast here it's worth :) 
M3P 440k  dkk
MS 888K  dkk",0,True
UgwUODqO7SHavdHTVv54AaABAg,comment,52O3cYsyZMo,,False,@CraftLulz,Feels cheap to me on the inside.,7,True
UgwUODqO7SHavdHTVv54AaABAg.A2aqAzvtWnvA2avynTUWR4,comment,52O3cYsyZMo,UgwUODqO7SHavdHTVv54AaABAg,True,@mikldude9376,"Yep , it’s awful , some like call it clean , I just call it cheap and nasty.",2,True
UgwUODqO7SHavdHTVv54AaABAg.A2aqAzvtWnvA2e1g6w3mrv,comment,52O3cYsyZMo,UgwUODqO7SHavdHTVv54AaABAg,True,@Just_a_random_birb,I sat in Tesla model s before and I tell you this. It feels premium.,2,True
UgzI92V8XzUPcLpPNBp4AaABAg,comment,52O3cYsyZMo,,False,@lordjoshr,So you can’t put power to front or back anymore? How am I to loose all my rear rubber 🤣,0,True
UgwURl6BhzZMSAIwXl94AaABAg,comment,52O3cYsyZMo,,False,@josermontoya,It needs the red interior,0,True
UgwKAF_PbDrACQwygrV4AaABAg,comment,52O3cYsyZMo,,False,@EpeenKing,zzz,0,True
UgzIJy-e3OA2oggrDTd4AaABAg,comment,52O3cYsyZMo,,False,@johnshuarwamirama,"ugly wheels, small non-slotted/drilled brakes, weak interior, shitty wannabe bucket seats, no turn stalks, no buttons for hvac, no carplay, p-zeroes, heavy as shit... just a cheap car that goes fast in a straight line",1,True
UgyOJ8kVjxW-UStbkCZ4AaABAg,comment,52O3cYsyZMo,,False,@Kay-vb3li,Drive safe and save left the chat,0,True
UgyQrMYv8WarNifxOQ94AaABAg,comment,52O3cYsyZMo,,False,@ABScott34,They went back to capacitive steering wheel buttons because so many people are having issues with the buttons sticking/not registering and they can’t fix it.,0,True
UgyQrMYv8WarNifxOQ94AaABAg.A2ap-0hzk_8A2awI4pCOeh,comment,52O3cYsyZMo,UgyQrMYv8WarNifxOQ94AaABAg,True,@mikldude9376,"So rather than fix the problem, they just replaced the problem with a cheaper less satisfactory item , but I guess that matches the interior of the vehicle.",0,True
UgyQRMbq3xljChoCG_p4AaABAg,comment,52O3cYsyZMo,,False,@hmoobher,the weather is just ok. Not worth the cost of living that's for sure.,0,True
Ugz5lyH3lpVKCZJKWCd4AaABAg,comment,52O3cYsyZMo,,False,@seaneboy1155,"weather, the only thing good about CA.",0,True
Ugz5lyH3lpVKCZJKWCd4AaABAg.A2aoy_bsHdkA2bKLDt3szG,comment,52O3cYsyZMo,Ugz5lyH3lpVKCZJKWCd4AaABAg,True,@Nickbaldeagle02,And the relatively low gun deaths.,0,True
Ugz5lyH3lpVKCZJKWCd4AaABAg.A2aoy_bsHdkA2bOR40Uw2V,comment,52O3cYsyZMo,Ugz5lyH3lpVKCZJKWCd4AaABAg,True,@seaneboy1155,"@Nickbaldeagle02 CA is a huge state, so I’m sure there are safe places.  Not the case in these cities  Oakland, LA, San Fran.",0,True
UgxFezQAuVkDEtpdf8Z4AaABAg,comment,52O3cYsyZMo,,False,@johnw8648,this car shits on lucid 100%,1,True
Ugy-qeEjbD2CLv8y9xV4AaABAg,comment,52O3cYsyZMo,,False,@KCJbomberFTW,It’s essentially a 991 GT3 but for 60k,0,True
Ugy-qeEjbD2CLv8y9xV4AaABAg.A2anlSDHuJuA2aoOdqvIXh,comment,52O3cYsyZMo,Ugy-qeEjbD2CLv8y9xV4AaABAg,True,@Battleneter,but super ugly and annoying to own.,1,True
Ugw6UCaI2PnaIKbteN94AaABAg,comment,52O3cYsyZMo,,False,@Mathdors,Looks so goooood,0,True
UgzEST4qe3mfA-MRbRV4AaABAg,comment,52O3cYsyZMo,,False,@oirionman,"Always been a little nitpick of mine, but wouldn’t the model 3 interior look so much better if they painted the headliner black? Especially on the performance.",1,True
UgxdLd9w6cpABNjKPyR4AaABAg,comment,52O3cYsyZMo,,False,@Codyshetka,car has no soul,1,True
UgxdLd9w6cpABNjKPyR4AaABAg.A2ameTl4PzdA2amymfK1UM,comment,52O3cYsyZMo,UgxdLd9w6cpABNjKPyR4AaABAg,True,@gsveng,but it’s fun,0,True
UgxdLd9w6cpABNjKPyR4AaABAg.A2ameTl4PzdA2awUm1S3oJ,comment,52O3cYsyZMo,UgxdLd9w6cpABNjKPyR4AaABAg,True,@mikldude9376,"@gsvengit’s a one trick pony bud , characterless, soulless one trick pony.",1,True
UgxdLd9w6cpABNjKPyR4AaABAg.A2ameTl4PzdA2axVtNDNEB,comment,52O3cYsyZMo,UgxdLd9w6cpABNjKPyR4AaABAg,True,@gsveng,"The car is reliable,quiet, quick, and looks great. So what if it doesn’t have a a big v8 engine or something like that , that’s not what everyone strives for",0,True
UgxdLd9w6cpABNjKPyR4AaABAg.A2ameTl4PzdA2b-pCQ1ihM,comment,52O3cYsyZMo,UgxdLd9w6cpABNjKPyR4AaABAg,True,@Codyshetka,@gsveng that's not the point but go off,0,True
Ugxwn0fxbGX1p1Z1g1p4AaABAg,comment,52O3cYsyZMo,,False,@leecm,Pretty incredible that such small changes can make such a big difference. Looks a lot better than the previous version.,0,True
Ugza3lefocGs-BnRcq54AaABAg,comment,52O3cYsyZMo,,False,@wesleychapman9001,"Worth Noting!!! This performance Model 3 is eligible for the $7,500 Federal Tax credit (making it $45,500!), whereas the RWD and LR AWD versions are not eligible - due to the batteries is the performance version being made in the USA whereas the others are not. That's a heck of deal considering most cars have a hefty mark-up at the dealerships these days.",1,True
UgyLd0dacI1UxNSEUVl4AaABAg,comment,52O3cYsyZMo,,False,@Conqueror25,How is a bot one of the top comments of this vid? 4.8k likes on that finance bot,0,True
UgytXJT_PptBuobRqVB4AaABAg,comment,52O3cYsyZMo,,False,@Diptendu_Kr,Is it only me who is bothered by the car not parked between the lines.,0,True
UgytXJT_PptBuobRqVB4AaABAg.A2alyGZ_Ag_A2bKDYS5tfP,comment,52O3cYsyZMo,UgytXJT_PptBuobRqVB4AaABAg,True,@Nickbaldeagle02,Yes,0,True
UgxPYyk3BJx0-1OB1zZ4AaABAg,comment,52O3cYsyZMo,,False,@alg003,53 grand for the worst build quality and one of the worst reliability ratings of any car brand on the market today is an incredible rip-off. Get a hybrid.,1,True
UgwJgeIyroZOSuYAX2l4AaABAg,comment,52O3cYsyZMo,,False,@THEFIRE360,bring back the damn turning indicator stalks,9,True
Ugw2DFUS91hw9Y3OyO14AaABAg,comment,52O3cYsyZMo,,False,@Ezek2410,Marques using a case 👀,0,True
UgxplZNXjh-btAvkBPt4AaABAg,comment,52O3cYsyZMo,,False,@Mya101795,Tesla doesn't have horns?,0,True
UgxevEv4GEHyZMZBfmN4AaABAg,comment,52O3cYsyZMo,,False,@ramsrinivasan2698,The Hindu Temple next to your parking spot is an amazing place to go visit!,0,True
UgxfQRD23SoemA9Of_V4AaABAg,comment,52O3cYsyZMo,,False,@madworldproductions855,Whichever phone you are testing this week is not doing it for me with the camera.,0,True
UgySDKoOecK9XrxZvnh4AaABAg,comment,52O3cYsyZMo,,False,@johncoulston-gj7rd,Nothing can save your life after 2.9 second got it!!,0,True
UgwjCXmUzW1zLBxsxQt4AaABAg,comment,52O3cYsyZMo,,False,@s2theb258,"I want one, I just dont have anywhere to charge it ;(",0,True
Ugy-Uy_o4bQFXCMdWv14AaABAg,comment,52O3cYsyZMo,,False,@cypvh74,Still same old ugly “we slapped an iPad on the dash” look.,1,True
Ugy-Uy_o4bQFXCMdWv14AaABAg.A2ajw33dferA2axZ-Ot-Jk,comment,52O3cYsyZMo,Ugy-Uy_o4bQFXCMdWv14AaABAg,True,@mikldude9376,"Yep , cheap and  nasty  , no proper dash binnacle in front of the driver, no knobs and buttons in common sense easy to operate places , and electric jeezus took the stalks away 😂 , no jack or spare wheel.
Seriously what a POS !",0,True
UgzcZ79E5qOH87sZ_c94AaABAg,comment,52O3cYsyZMo,,False,@MotoKDub,"Nicely done review. Really articulate. Curious on the brakes, are those improvements vs. the prior performance model or just the refresh 3?",0,True
UgxajOTWXfOeZ2EY2HN4AaABAg,comment,52O3cYsyZMo,,False,@KairiBee,Thanks for continuing updates I'd rather trade the crypto market as it's more profitable. I make a good amount of money per week even though I barely trade myself.❤🎉,1,True
UgySHAv0l3FMU5oEnQ94AaABAg,comment,52O3cYsyZMo,,False,@cypvh74,$52k car with a $25k car interior.,0,True
UgyNTDRe90LTrtlX5KZ4AaABAg,comment,52O3cYsyZMo,,False,@thecrazysharma,range?,0,True
UgyNTDRe90LTrtlX5KZ4AaABAg.A2ajTX9RsaSA2bIMV6tAQu,comment,52O3cYsyZMo,UgyNTDRe90LTrtlX5KZ4AaABAg,True,@Nickbaldeagle02,1200 miles,0,True
UgyNTDRe90LTrtlX5KZ4AaABAg.A2ajTX9RsaSA2bIbsqSaIH,comment,52O3cYsyZMo,UgyNTDRe90LTrtlX5KZ4AaABAg,True,@thecrazysharma,@Nickbaldeagle02 😂😂😂,0,True
UgzA9p_9hA6K7Hq91Ml4AaABAg,comment,52O3cYsyZMo,,False,@curiouspeople6441,Porsche beware 😅,0,True
UgxP7inbi-xuJjUPfH14AaABAg,comment,52O3cYsyZMo,,False,@Mogthrasir1989,"2:33 Rory on the Autotrader vid was able to get part of the aero cap off, but it was just a small piece (?)",0,True
UgxP7inbi-xuJjUPfH14AaABAg.A2ajEhktRUGA2e2EEVhvWW,comment,52O3cYsyZMo,UgxP7inbi-xuJjUPfH14AaABAg,True,@Just_a_random_birb,You can remove the plastic bits if you pull but just like Rory said it’s ugly.,0,True
UgytiRYAiOjLfnLUJKp4AaABAg,comment,52O3cYsyZMo,,False,@Helllooooffsss,How can u be faster with less hp??,0,True
UgwY5RmyF8PgxAZRuSt4AaABAg,comment,52O3cYsyZMo,,False,@cypvh74,Did they take weight out?,0,True
UgwX72opjulvuZ8krA14AaABAg,comment,52O3cYsyZMo,,False,@cesaravelar6620,Shout out to Las Virgenes road. I drive it all the time :),0,True
UgzgAZs56nUj5gfLW8N4AaABAg,comment,52O3cYsyZMo,,False,@demon-mi2ho,The new model 3 refresh should've make the trunk like any regular sudan and everybody would rather sacrifice the top glass panel to make it a normal trunk.,0,True
UgyU1hpBCw2Q8kO0IPN4AaABAg,comment,52O3cYsyZMo,,False,@matchedplayr,"is it just me, or do Tesla's just not impress me anymore. Like, other than the speed, range and charging network, it is just pretty average compared to a lot of newer EVs that are coming out or have come out in the past few years.",0,True
UgyIO4HbpCr59aV8_5B4AaABAg,comment,52O3cYsyZMo,,False,@tonytesla2985,Tesla model 3 performance = road map to Tesla roaster ⚡️  🚘,0,True
UgwqEZwbZKx3HKDUN9F4AaABAg,comment,52O3cYsyZMo,,False,@phat_gunpla_etc,does the wheel cover come off? they look so ugly...want to see what is under neath,0,True
Ugwt1rYC3nh9i3KYpD14AaABAg,comment,52O3cYsyZMo,,False,@MaksymDomarev,For $47.5 with tax credit it’s cheaper than Toyota Camry hybrid . It’s insane . This is how ICE cars will die. Why pay more for something that is not even near as good ?,0,True
UgzNAdzzj80Id_ixNF54AaABAg,comment,52O3cYsyZMo,,False,@notme756,"dont worry, we got geese too",0,True
UgxFIGNGQYqGHpzfcX14AaABAg,comment,52O3cYsyZMo,,False,@popvape,"the question is, do i upgrade from long range to performance?",0,True
UgxFIGNGQYqGHpzfcX14AaABAg.A2aiW2yfFO2A2bFg48KLS6,comment,52O3cYsyZMo,UgxFIGNGQYqGHpzfcX14AaABAg,True,@Nickbaldeagle02,No.,0,True
UgwJmHMLVpXxJ5ky52l4AaABAg,comment,52O3cYsyZMo,,False,@Aggronawt,capacitive blinkers....as if ppl use goddamn biggass stalks to begin with...what a dogshit move.,0,True
Ugzac3MX4pE_27YFJsR4AaABAg,comment,52O3cYsyZMo,,False,@Luminary2024,"While this is an amazing accomplishment for the $, it seems like public opinion on electric cars are beginning to degrade alongside their sales and resale value especially when confronted with used buyers facing astronomical inevitable battery replacement costs. 
Additionally, there are some reasonably priced used ICE cars that offer 3’s in 0-60 with more secure demand and no range anxiety. 
I think a basic 3 series in the 40i variant does about 3.9 0-60 and less when tuned.",0,True
UgxnADzbX5vZZVTRpvh4AaABAg,comment,52O3cYsyZMo,,False,@Slitripper5000,"Dudes plaid was track spec model S with carbon ceramic brakes, it had several things different. You review cars, how'd you not know your own car had special brakes? 

Stick to tech, this isnt your wheelhouse.",0,True
UgztJ7B46Y8tvpLjvEN4AaABAg,comment,52O3cYsyZMo,,False,@isoplayers,bring the stalks back please...,0,True
UgzwLkez5hu2pyFXew14AaABAg,comment,52O3cYsyZMo,,False,@demarwhite6696,🔥🔥🔥🔥🔥🔥🔥🔥🔥,0,True
UgyE1voiWmQuAL6z-0x4AaABAg,comment,52O3cYsyZMo,,False,@alvinkhau,Legacy auto becoming blackberry and blockbuster.,0,True
Ugy9LE1WZ2ISgAO5dkd4AaABAg,comment,52O3cYsyZMo,,False,@nb44444,I have the model 3 refresh and the indicator buttons not being buttons is actually bad. Should have been actual buttons not whatever it is now. ITS A HAZARD in quick/last minute maneuvers,0,True
UgxWMcM5ogC4lei1Xi14AaABAg,comment,52O3cYsyZMo,,False,@darrenchan4594,this car is such a deal. it is a daily commuter car. it is a family car. it is a sports car.,0,True
UgxWMcM5ogC4lei1Xi14AaABAg.A2aheDNp4KbA2ahnztbzxW,comment,52O3cYsyZMo,UgxWMcM5ogC4lei1Xi14AaABAg,True,@darrenchan4594,"oh yeah, a drag racer as well.",1,True
UgwYJYuC-cAJywj8bRZ4AaABAg,comment,52O3cYsyZMo,,False,@braydenbro9247,"I don't like calling a 4000lb sedan nimble. I've driven plaids and most Teslas, they're capable handling wise but there is no joy, sensation or other metric by which you would enjoy a car's handling profile. Capability ≠ quality",0,True
UgwA0JLKuOUg3AcuJPt4AaABAg,comment,52O3cYsyZMo,,False,@xXxOmarSanchezxXx,are the steering wheel buttons LED or are they tiny screens? I would be cool with those if you could reprogram them,0,True
UgwF9iJAb13Z-_-ilEJ4AaABAg,comment,52O3cYsyZMo,,False,@whosdondada,Why the video quality so trash?,0,True
Ugxfs7WMtwrF8hrO9v14AaABAg,comment,52O3cYsyZMo,,False,@Contemplator24,Electric cars are absolutely retarded. Period.,0,True
UgwIOXShr7EJBD0WyfB4AaABAg,comment,52O3cYsyZMo,,False,@ItsTimDatMan,I feel like the homies at Throttle House will appreciate and have fun with this one!,1,True
Ugz0dmiHSk11ViEDT0p4AaABAg,comment,52O3cYsyZMo,,False,@rajdedakiya278,Video just drop before the Telsa Earnings Report !! Hmm.,0,True
Ugypq80Sj7TELI2XYUJ4AaABAg,comment,52O3cYsyZMo,,False,@fabiobandini,Oh man you were in my backyard. I wish I would have seen you pulled over so I could stop and say hello. Hope you enjoy(ed) California!,0,True
Ugx1jterU8YM3cRbfrp4AaABAg,comment,52O3cYsyZMo,,False,@Perseverance21385,Still looks like a frog 🐸,0,True
Ugy0WHggaYC7aNPeA1x4AaABAg,comment,52O3cYsyZMo,,False,@DestoRest,how is the sound system?,0,True
Ugx2qyOvW2t2L5h9haN4AaABAg,comment,52O3cYsyZMo,,False,@KevinHernandez-xz2wy,love the front. overall good design!,0,True
UgwHZv78hTPNZUxp4Q54AaABAg,comment,52O3cYsyZMo,,False,@NWJF,No geese 🤣,1,True
UgzNPCYWs93aI4-7mSl4AaABAg,comment,52O3cYsyZMo,,False,@Dark_Vader888,This was no Fisker review 😂,1,True
UgwD3bXJvtzh80yqN254AaABAg,comment,52O3cYsyZMo,,False,@Libertas_P77,"Bought a Model 3 Performance in early 2019, owned one for 5yrs and had a great experience.  I find the prospect of the ‘all new Model 3’ incredibly boring.  While I like the upgrades and exterior refresh, the lack of driver screen remains lame on the 3 and Y, Tesla customer service is dire and creaking due to the rapid expansion of the company, and the Model 3 is super common everywhere now due to such cheap versions being available.  It’s relatively much cheaper now than when I got mine, which makes it much less exclusive, rare or desirable to me.  

Conclusion: I am bored of Tesla, the S and X are boring to me.  I picked up a 2022 Hummer EV with 4000mi on it, incredibly vehicle and pick up truck, an absolutely beast.  GM have completely nailed it and with supercharger network access now too, it was absolutely the right move for me.  Very happy with something higher end, rarer, more luxurious and people across the board stop me to rave about this vehicle.  GM did an incredible job with the Hummer EV, and it bodes well for their next gen EV’s elsewhere in the company.",0,True
Ugw6wgkH-brQOtGKIxx4AaABAg,comment,52O3cYsyZMo,,False,@bulutberkay,"These cars are only fast in the first 60 miles, after that they do not accelerate as the others, It is fast for only couple of seconds :D after 60 you are back to a regular car",0,True
UgwoWzDi61XpL-JdPTV4AaABAg,comment,52O3cYsyZMo,,False,@TheUnsungGamer,"I know you picked that bottle up and threw it away or recycled it right, Marques?",0,True
UgxWHcMNzx14PwgSc214AaABAg,comment,52O3cYsyZMo,,False,@dennishughes721,Still buying a Toyota.,0,True
Ugxlv_bptDRoPrNNO2N4AaABAg,comment,52O3cYsyZMo,,False,@DanyPell,they really deliveredddd,0,True
Ugw8SKNYSOTe8Wjhrd94AaABAg,comment,52O3cYsyZMo,,False,@Elaaldako,I think these electric vehicles are fast enough. Is time for them to start working on battery life and faster charging speeds.,0,True
UgyHoDWMzI1a9NpdKPF4AaABAg,comment,52O3cYsyZMo,,False,@waynerussell6401,"Model S Plaid does have a ceramic brake and Trackmode option at 14kEuro.
https://youtu.be/ot8zw9UKdgY?t=1089",0,True
UgxQ95WsR1UpTif48sB4AaABAg,comment,52O3cYsyZMo,,False,@H8_FAME,Tesla’s are the new Taxi cabs. You see them everywhere.,0,True
UgxQ95WsR1UpTif48sB4AaABAg.A2aeTU0-RLfA2fI1fRdYTE,comment,52O3cYsyZMo,UgxQ95WsR1UpTif48sB4AaABAg,True,@Lost_In_LA,Maybe but it doesn't bother me like it would other manufacturers. Seeing someone else having a similar Tesla is more like seeing people with the same iPhone or Macbook.,1,True
UgxQ95WsR1UpTif48sB4AaABAg.A2aeTU0-RLfA2fUJFyEKiu,comment,52O3cYsyZMo,UgxQ95WsR1UpTif48sB4AaABAg,True,@H8_FAME,Ok I can see your point.,1,True
UgyYRUnq6ufqFHSCfNl4AaABAg,comment,52O3cYsyZMo,,False,@elchefmeister,There is no way we're coming for $3.7 million cars now💀,0,True
Ugx-sBskK96ZozrHq7J4AaABAg,comment,52O3cYsyZMo,,False,@DanyPell,so crazy. i really wonder what their next more affordable will be like :O,0,True
Ugz4GiADXkJaOsAZ8Eh4AaABAg,comment,52O3cYsyZMo,,False,@pawpawbandit3871,"the changes to the car - suspension and brakes, and keeping weight down, in addition to more speed/ power, are really essential for someone like me who likes specific older cars for their suspension and handling and driving experience, and because they're nimble and fun on back roads. So I think you totally got to the crux of the Tesla issue for serious drivers / car mechanics, etc. in this review.",0,True
UgwJQUNlhfUM3ntjmW14AaABAg,comment,52O3cYsyZMo,,False,@wedding_photography,Please go back to filming with RED. This smartphone video looks like trash.,0,True
UgyDF7NRLKx4lAUQzVJ4AaABAg,comment,52O3cYsyZMo,,False,@aafaqvirk384,"honestly good value for money, but like some are, this car is not something to compare to a bmw m3/m4. Those cars handle far better than any tesla could ever. Also model 3 looks like a bar of soap, its a regular traffic car that looks generic and ugly.",1,True
UgxWEPkxX2uimSMpBEt4AaABAg,comment,52O3cYsyZMo,,False,@gregdee9085,"Horrible siloette & Boring, like a nerd who just run fast...",1,True
UgzjpybphDYfKrVJCvF4AaABAg,comment,52O3cYsyZMo,,False,@CarGuy11,No talk about the ride with adaptive suspension?,1,True
UgzjpybphDYfKrVJCvF4AaABAg.A2adWAE543GA2bHfbdry3j,comment,52O3cYsyZMo,UgzjpybphDYfKrVJCvF4AaABAg,True,@Nickbaldeagle02,No.,0,True
UgzjbhRdQ-I4JJuAtc14AaABAg,comment,52O3cYsyZMo,,False,@Aaron-B09,"If only i cared about 0-60 but I don’t this stupid obsession with this pointless stat is a joke , I’d take better build quality , comfort and distance then stupid ass 0-60",1,True
UgzYdBz2WRmawAXKE014AaABAg,comment,52O3cYsyZMo,,False,@deathraylabs_nature,model 3 performance: making your partner carsick has never looked so boring,0,True
UgycUwjqWllo9isPDcd4AaABAg,comment,52O3cYsyZMo,,False,@cbongiova,Another company go bankrupt because of MKBHD. SMH. How could you do this to Tesla!!!,0,True
UgxS8XDklxrCR1QYOvh4AaABAg,comment,52O3cYsyZMo,,False,@Great_America,Still highly disappointed.  Tesla had a chance to do much better.  This new Model 3 should have 600HP.  Was hoping for 2.5 sec 0-60 mph.  And no I will not recommend anyone buying first generation for any vehicle period.  Just look at the nightmare Cyber Truck owners are experiencing right now.  No thanks!,0,True
Ugzg-DKNie3MH4mzN6l4AaABAg,comment,52O3cYsyZMo,,False,@uberacx,Are those seats ventilated? I wonder if we can retrofit them onto the model Y,0,True
Ugzg-DKNie3MH4mzN6l4AaABAg.A2acqX9EvIuA2e2HR0b1M8,comment,52O3cYsyZMo,Ugzg-DKNie3MH4mzN6l4AaABAg,True,@Just_a_random_birb,Yes.,0,True
UgyyOKyMj-42eCHbMK14AaABAg,comment,52O3cYsyZMo,,False,@motoryzen,And in the end...it STILL doesn't matter even if it could go 0-60 in 1 second flat...The car is TRASH....q.c-wise...Year after year..reports from all over show this is the case.. Tesla does NOT understand the concept of PROPERLY building a good car.  ...period...  not worth it.,0,True
Ugwkazb3_U1qn8lGoy14AaABAg,comment,52O3cYsyZMo,,False,@DevinVogdes,where can I get the hoodies you where?,0,True
Ugwkazb3_U1qn8lGoy14AaABAg.A2ackDN9UEoA2bHQY-8y-e,comment,52O3cYsyZMo,Ugwkazb3_U1qn8lGoy14AaABAg,True,@Nickbaldeagle02,Where can I get the hoodies you wear?,0,True
UgxT7in1CSffedOQ0nl4AaABAg,comment,52O3cYsyZMo,,False,@emantabrizi8218,Remove two of the doors and replace the trunk with a hatch... and it would be perfect.,0,True
UgxkRJ2HaCbrbLx2_tR4AaABAg,comment,52O3cYsyZMo,,False,@frankcoffey,This should have had a bumper camera and a power frunk lid. A lot of the money went to that rear display that many will never use and it seems like the driver didn’t get anything in fact they got stalks taken away.,2,True
Ugx3Ijnwoc95EfqaUyl4AaABAg,comment,52O3cYsyZMo,,False,@Dcuddy,Thank you for your review man I just bought a 2019 model 3 performance in November now I want the new one 🤦🏾‍♂️,9,True
Ugx3Ijnwoc95EfqaUyl4AaABAg.A2acVrG0oB-A36hHVc6Rcj,comment,52O3cYsyZMo,Ugx3Ijnwoc95EfqaUyl4AaABAg,True,@davejohnson6144,"Did you do your research before buying the 2019?  If so, you would have known that the new Model 3 Performance or before was being called Model 3 Ludicrous was coming.  I’ve been holding off buying a Model 3 Performance ever since they released the M3 Highland in China early 2023 and they kept saying Tesla was working on the Performance Model 3 so I just waited.  I almost bought a older Model 3 Performance a few times because I was tired of waiting but thank god I didn’t!",0,True
UgymWbokYV50CEeC5a14AaABAg,comment,52O3cYsyZMo,,False,@mike_111,I bought the same car for $17k after 4k point of sale  tax credit. I have no idea why people will pay 3 times more to this.,0,True
UgxxSlBdIqMrQS3rZCJ4AaABAg,comment,52O3cYsyZMo,,False,@bunger78,Ordered one after watching this review. Thanks for keeping it real!,28,True
UgxSPABXkTEwBL1u7_t4AaABAg,comment,52O3cYsyZMo,,False,@DJDynamik,The wheels are hideous.,0,True
UgwZSN9A9AoaGkTinXp4AaABAg,comment,52O3cYsyZMo,,False,@MatthewRamosYT,Nice vid,0,True
UgzkKxsAkjMelZa58gZ4AaABAg,comment,52O3cYsyZMo,,False,@mr.somelife,"Seems a waste of money, a new Trax half the price will last way longer and oh, you had to pay for another car to get a new battery? Well this small i3 is still going.",0,True
Ugx9E2r_HqDRnWeQGox4AaABAg,comment,52O3cYsyZMo,,False,@rollingstocks,My buddy just won the 2023 AutoX club championship with a legacy Model 3 Performance.,0,True
UgzVMHYPPZaw80cAnBp4AaABAg,comment,52O3cYsyZMo,,False,@vibesWRLD999,"I didn’t think about this till now but I would actually appreciate a night time perspective of your review vehicles from both the interior and exterior point of view to see what we should expect to deal with during the night (and to have some cool night shots! Especially performance oriented vehicles, like the Rimac)",13,True
UgzgtZ0Cu32SoZwNDNp4AaABAg,comment,52O3cYsyZMo,,False,@ignored34,NO POCKETS BEHIND THE SEATS!?,0,True
UgzRMioY2AOzM8HTxTl4AaABAg,comment,52O3cYsyZMo,,False,@4avasponge,The 15 pro is blowing out the highlights at the beginning. Would love to see an Autofocus video shot with the Xiaomi 14 ultra or another phone,1,True
UgyxPEfNtMIpdfkQdYh4AaABAg,comment,52O3cYsyZMo,,False,@misfortune50,"Should I wait for the $25,000 Tesla?",6,True
UgxTZubixnJHPO56AN94AaABAg,comment,52O3cYsyZMo,,False,@psykalag,The seats: omg he noticed me!,0,True
UgzTMWVOo8A73OwbOQZ4AaABAg,comment,52O3cYsyZMo,,False,@generynkewicz4871,"Could buy a used M340i, put 10k in it, be just as fast, handle better, look better, no waiting in line for charging and not have to live with the rental car interior. Resale value will still be better too.",1,True
UgzTMWVOo8A73OwbOQZ4AaABAg.A2aajuYYrJEA8yuid3E5pb,comment,52O3cYsyZMo,UgzTMWVOo8A73OwbOQZ4AaABAg,True,@peterkang96,"U will end up spending more on the maintenance,  oil changes, gas, smog, etc. But yea bmw is dope",0,True
UgzRsUFPO7oP76W8wbx4AaABAg,comment,52O3cYsyZMo,,False,@thomasn708,Exterior is still too similar to regular Model 3 :(  Only Tesla enthusiasts can tell the difference.  Versus other cars where regular folks can easily tell the 2 cars apart.  Take BMW for instance.  Even if you don't know much about BMW you can tell the M cars from the regular cars from a single look at the front.  Or Mercedes.  The grill is sufficiently different and the whole front just have a meaner/angrier look.,0,True
Ugxzt_WLKbk2g1JOvTx4AaABAg,comment,52O3cYsyZMo,,False,@hongjinchi999,with effective price of $45k (52k-7.5k). performance version will outsell long range version ($47k)🎉🎉🎉,0,True
UgysMxr9rYmSZ6qoz-x4AaABAg,comment,52O3cYsyZMo,,False,@esmoglo,Looks great wheels are gross,0,True
Ugw4Mo-tt87heRXClMZ4AaABAg,comment,52O3cYsyZMo,,False,@CitrusMind,"60k, testla can’t be bothered to put in a head up display.",1,True
UgwSLbfs6bJpKLE_ZVV4AaABAg,comment,52O3cYsyZMo,,False,@jayhamps7026,Does it keep pulling on the top end past 100? Hate how slow the model 3 is in the top end 😢,0,True
UgzHDidobVBYRLDapVl4AaABAg,comment,52O3cYsyZMo,,False,@REVIEWSONTHERUN,Thanks for sharing it. ✌️,0,True
UgyZa6r7lW-EUGOYXsN4AaABAg,comment,52O3cYsyZMo,,False,@xspance,Tesla are butt ugly and the owner of the company is a sociopath.  <3 Australia.,1,True
UgxRUrleTbikg2Bmi0d4AaABAg,comment,52O3cYsyZMo,,False,@MisterWealth,Wasn't this model originally supposed to be $30k?,0,True
Ugzw8AV3VFNCkAwn0Ix4AaABAg,comment,52O3cYsyZMo,,False,@generynkewicz4871,Too bad the rest of the car is yugo quality.,0,True
Ugz-0WPu4LqG3CcVO394AaABAg,comment,52O3cYsyZMo,,False,@InOrlando,"Why are Tesla interiors so lame, wtf?",1,True
UgwEyfNRCrqGKwwHI914AaABAg,comment,52O3cYsyZMo,,False,@driveinev,https://youtu.be/V0cuE7ng9Lg?si=OFR3NXCzNfchzw7T,0,True
UgwzzyV7YrNVC-dxNN14AaABAg,comment,52O3cYsyZMo,,False,@gohkairen,These specs under 60k is just insane. Best value for money family sedan period.,0,True
Ugw6ADVO--U3dydyXal4AaABAg,comment,52O3cYsyZMo,,False,@Rockyroad321,Damn that interior dashboard is nonexistent too wtf. Why would anyone buy that.,0,True
Ugyasm4ezwv4aNMjFzF4AaABAg,comment,52O3cYsyZMo,,False,@AndresGarcia-ek3ws,Looks like it was recorded on a samsung.,0,True
UgzflwUfkAuIpjwrrxd4AaABAg,comment,52O3cYsyZMo,,False,@daviidfm923,That was the most millennial can you not ever 😂😂😂😂😂,0,True
Ugz69c4gDEr_4A7l3jx4AaABAg,comment,52O3cYsyZMo,,False,@Rockyroad321,This car is so ugly ngl. The back is fat while the front is so thin. It doesn’t make sense. From a front perspective it’s nice but the side profile does this car dirty.,0,True
UgyEqFXvsY2r2zxfNFp4AaABAg,comment,52O3cYsyZMo,,False,@arodude2591,Same ole very boring looking car. In a few months every one and their Uber driver will have one. Tesla should have made this a 2 door or something different. It's the new Camry that no one wants to admit,1,True
UgzPk2ggKKs34nA-YuF4AaABAg,comment,52O3cYsyZMo,,False,@kin4967,"Hi 
Compared to the Chinese cars tesla is garbage , over priced lack for tech ugly dash board  . I don't think 99% of drivers on the road need or ever they gona need the 2.9 sec , it looks old ,soulless no fasion very plasticy  , Elon for some reason trying to invent the wheel again and thats not very smart of him. I live in the USA and Jordan when trying Chinese cars they are way better more tech no gimmicky promises . 53000 $ is crazy for acar just so you get 2.9 sec 0 to 60 
I hope you try cars from chines brand you will know how much you miss . If this tesla made in china it will be around 27000$ to 31000$ . Give the Chinese brands a try at least they have more screens 😂. Am not marketing any Chinese business  but you as americans you miss a lot when it is about electric cars and phones . You pay way less and you get more . Nothin is perfect  in technology .",0,True
Ugxq4RIlVig0UtUe-mt4AaABAg,comment,52O3cYsyZMo,,False,@lamsmiley1944,Disappointed that you continue to shill for Musk. He’s a scammer and con artist.,2,True
Ugxq4RIlVig0UtUe-mt4AaABAg.A2a_1FYqD2hA2a_Or7tiH6,comment,52O3cYsyZMo,Ugxq4RIlVig0UtUe-mt4AaABAg,True,@kin4967,He is a stupid who act as smart.,0,True
UgwaQhRG5aZUaCo8WmN4AaABAg,comment,52O3cYsyZMo,,False,@stfuernie,The FIRST tesla id ever consider buying!,4,True
Ugz4ofwOU4VKi0C7Xr54AaABAg,comment,52O3cYsyZMo,,False,@Dm0stFin3sT,Must have been filmed a while ago they recently announced that the Plaid has some more performance oriented seats.,3,True
UgyXJMmpNLHlqJUsgVJ4AaABAg,comment,52O3cYsyZMo,,False,@phiology1983,Tesla M3P is the BMW M3 killer,0,True
Ugywdn1n2fPXZouOnoV4AaABAg,comment,52O3cYsyZMo,,False,@TheCWasson12,Whatever you're recording with is STRUGGLING with your skin tones lol. In the shadow you basically go greyscale.,0,True
UgxeX_ABzvtnJCO6Ir94AaABAg,comment,52O3cYsyZMo,,False,@halfvader8015,"Haha ""ludacrisly"". Nice work. And ""can you not?""! 😄",0,True
UgzGPZRolkk1r9jpwWF4AaABAg,comment,52O3cYsyZMo,,False,@rustledjimmes,"Still has that ugly monitor, they need to integrate into the dash.",0,True
UgyOg7m7721Nn-VmI1d4AaABAg,comment,52O3cYsyZMo,,False,@PeterTeehan,54k car and we still cant get sunshades? Colorado gets hot in the summer like really hot! C'mon Tesla. Glass is awesome but i feel like i can grow weed in my car!,0,True
UgwGdtyN8WVouZSdXph4AaABAg,comment,52O3cYsyZMo,,False,@list3ningcalmly796,"Not a bad deal, that said for performance specs, although it’s fast it’s not a deal breaker price point. For the speed/luxury per dollar obsessed, nothing beats those damn b8.5 s4/s5 or the 340i’s. I get electric an the instant torque vectoring (why I’m a big fan) but for under 30k all in you can have something that does 0-60 in less time and has already hit peak depreciation. As far as new European competitors, none have  a chance other than maybe driving dynamics.",0,True
Ugx6gjRtKmMEvPnk2-R4AaABAg,comment,52O3cYsyZMo,,False,@willwilliamson9580,the acceleration has to be the least important metric of an entire vehicle.  and you have chosen to put it in the title.  good luck buying new tires constantly...but muh acceleration...,1,True
UgwpJNRNv3JFYOsRLd94AaABAg,comment,52O3cYsyZMo,,False,@femaledeer,With the same bland paint colors,1,True
Ugw4Xl_e4KnUztMWyel4AaABAg,comment,52O3cYsyZMo,,False,@milan2k11,Those wheels belong on a Prius 😂,1,True
UgwCIskYKexg_4_vC8V4AaABAg,comment,52O3cYsyZMo,,False,@Rochad_A,Got my model 3 “highland” base about 2 months ago. I don’t regret it cause it’s a great car but with the tax saving on this one it’s  tempting…,0,True
UgzLsb6QeILbTc7kvl14AaABAg,comment,52O3cYsyZMo,,False,@corneliusquayson,"Marques, Do you record, with the normal video mode? or log?",0,True
Ugz9Vf8WKYOz4FtFLy94AaABAg,comment,52O3cYsyZMo,,False,@jordanultra8698,$53k is exactly how much you would need for a good used Alfa Romeo 4C....    🤔 I'll take the Alfa.🇮🇹,0,True
UgyXRXZ4BfXBdLPKZiF4AaABAg,comment,52O3cYsyZMo,,False,@ligthesloth8744,Would've been nice to see you pick up that litter instead of calling attention to it and leaving it,3,True
UgxxN0VWUEbTJX2EAWB4AaABAg,comment,52O3cYsyZMo,,False,@DoggoWillink,"And it’s cheaper than my 2022 Long Range, by a lot with the fed rebate. Great 🫤. Buying a Tesla is fun, never know what’s going to happen.",0,True
Ugw2prpKJ7Fc267Kd5R4AaABAg,comment,52O3cYsyZMo,,False,@bobhill2837,Can you address the Tesla odometer?,0,True
Ugw2prpKJ7Fc267Kd5R4AaABAg.A2aXoKiRTBAA2bI2vYzd7m,comment,52O3cYsyZMo,Ugw2prpKJ7Fc267Kd5R4AaABAg,True,@Nickbaldeagle02,You do it.,0,True
Ugzk5uS5lGwt5N07cPx4AaABAg,comment,52O3cYsyZMo,,False,@I_love_our_planet,"Honestly - after ll the speculations disappointing. I will sell soon my M3P and this ends my time with Tesla. 

Battery - 75kwh, not enough in 2024
Performance - silly improved but not spectacular
Design - compare to others I find the old design more unique.
Seats - ok that's an improvement

But hey Tesla we have 2024, other starts to have 90kwh+ as standard in this class. And boy far better interior design and quality. 

Tesla looses their advantage against the competition, and that is not good. And a CEO the went nuts is also not helpful.",0,True
UgzCPtGJCuiWDGjP-uh4AaABAg,comment,52O3cYsyZMo,,False,@johnsnow1749,"Musk fanboys out in full force in the comments. I swear, it's a religion for you some of you.",1,True
Ugwjp_fFPOVg4ESsW4d4AaABAg,comment,52O3cYsyZMo,,False,@thepkism,That’s going to kill someone. I don’t understand why the gov allows cars on public to be this fast.,1,True
Ugwjp_fFPOVg4ESsW4d4AaABAg.A2aXQsOqCc6A2bIY8rgIkt,comment,52O3cYsyZMo,Ugwjp_fFPOVg4ESsW4d4AaABAg,True,@Nickbaldeagle02,They allow guns so cars are no problem.,1,True
Ugwjp_fFPOVg4ESsW4d4AaABAg.A2aXQsOqCc6A2kOPrPs13-,comment,52O3cYsyZMo,Ugwjp_fFPOVg4ESsW4d4AaABAg,True,@thepkism,That’s true. The USA is ridiculous lol,0,True
UgwF1tRWL9jsKvQKhn54AaABAg,comment,52O3cYsyZMo,,False,@bourbontraveler,"Who cares how quick
That shouldn’t be a selling point",0,True
Ugz-6iJm7gtJefjidNF4AaABAg,comment,52O3cYsyZMo,,False,@cbotten106,We have Canadian geese migrating in/through California all the time.   Shame they missed you.  Maybe next time.  On the car: Tesla has a winner here.   Looks great (mini mode s)  and it's a rocket (performance).,0,True
UgwWQQfO7ysxNUwf5zt4AaABAg,comment,52O3cYsyZMo,,False,@r0ckstar88,“…No geese though…” 😂😂😂 marques fully embracing that phobia hahaha,0,True
UgwYu3vlxU14-dpfvHF4AaABAg,comment,52O3cYsyZMo,,False,@shawnrimmell750,"The paint job from Shanghai is WAY BETTER…. Then again, FANUC robots with the worlds best Paint Applicators (specialized provider from FRANCE).",1,True
UgwleIcyPQ-q5AG-t8Z4AaABAg,comment,52O3cYsyZMo,,False,@sK0pe-d9b,Looks just like a Mazda 3 from a few years ago.  Also straight line speed is dumb because in countries other than the US cornering is the most fun thing.,1,True
UgyV70IEeOUCNcWEHzB4AaABAg,comment,52O3cYsyZMo,,False,@amosnoto8705,There's one really annoying thing?!? Tesla stock is gonna dive soon after that review,0,True
UgzlN9j8OSfPhoAoDBd4AaABAg,comment,52O3cYsyZMo,,False,@shawnrimmell750,The orange peel on the paint job is bad! It’s the first things that customers see… let me guess - DURR robots again,1,True
UgxGuNu4izRmzS8RyUB4AaABAg,comment,52O3cYsyZMo,,False,@bestman7776,"I just got the ‘24 long range and it’s absolutely incredible. So much fun to drive and instant torque is intoxicating 😊
I put 400 miles so far and I still can’t get used to the turn signals, but who cares, its still awesome 😂",2,True
Ugzou_7x1QAA7sB2iJl4AaABAg,comment,52O3cYsyZMo,,False,@LNXR_WRLD,Can you please do the Xiaomi car next,0,True
UgwhhsOSr4V1Et1J6514AaABAg,comment,52O3cYsyZMo,,False,@cuda426hemi,"And to think Teslas today are the WORST they will ever be....    Unbelievable.  Also the wheel covers don't come off (well they may), the BLADES come off and they pop off fairly easily - see A*to trader  ☢",0,True
Ugw8IipNwsVnrSeR0t94AaABAg,comment,52O3cYsyZMo,,False,@Rkcuddles,Darn it. I want those seats in my model y performance. Why does model y get stiffed,0,True
Ugw8IipNwsVnrSeR0t94AaABAg.A2aW_xyYpa5A2aXVRHIkuL,comment,52O3cYsyZMo,Ugw8IipNwsVnrSeR0t94AaABAg,True,@cbotten106,"Model Y will be upgraded, to quote...""in due time, my pretty, in due time.""🧹",0,True
Ugw-wp1kee-dharZVQl4AaABAg,comment,52O3cYsyZMo,,False,@evan.c43,I think this is the first time I've ever found a Tesla good looking. They did a great job on the performance design.,1,True
UgwYb1Znro6uULcenRl4AaABAg,comment,52O3cYsyZMo,,False,@VeinyDickTracy,"🚨 Should I lease or buy a 2024 model 3 long range?

I have to drive for work and put about 10k - 12k per year on average on my vehicles.

I usually drive my cars around 3 years and sell it and buy a new car. I put a good size down payment ($15k - $20k down) and get a loan from my credit union for the remainder. 

My credit union offered me a 5.69% interest rate for the car loan to buy it.",0,True
UgzazpuGJq2nUxCsMw14AaABAg,comment,52O3cYsyZMo,,False,@jeffreyoneill6439,Then 60 to 0 for six hours.,0,True
UgzTBW2BeZD22TyA06p4AaABAg,comment,52O3cYsyZMo,,False,@muscle_car_guy2338,"Some of the extez things look like after market things tacked on like the lip spoiler and the front splitter. I don't hate, but that's what it looks like that someone put aftermarket sporty stuff on a regular model 3",1,True
Ugzzxtxei85UVoFewGB4AaABAg,comment,52O3cYsyZMo,,False,@vinzaputra,"Damn that dashboard is looks uninspiring, I mean look it, there is nothing there but a screen",0,True
Ugzzxtxei85UVoFewGB4AaABAg.A2aWBZzIT7IA2aY0_krLmE,comment,52O3cYsyZMo,Ugzzxtxei85UVoFewGB4AaABAg,True,@cbotten106,First Tesla video?,0,True
Ugzzxtxei85UVoFewGB4AaABAg.A2aWBZzIT7IA2b7TGDCEvW,comment,52O3cYsyZMo,Ugzzxtxei85UVoFewGB4AaABAg,True,@vinzaputra,"@cbotten106 nope, it's almost a decade but damn",1,True
UgwW8-SMXH_OOOb_-YV4AaABAg,comment,52O3cYsyZMo,,False,@Harish4TH,"Buddy don’t say the model s depreciated, it was discounted. Be careful with your words, they are very misleading",0,True
UgwW8-SMXH_OOOb_-YV4AaABAg.A2aVoBvBRpzA2alqL6IR6v,comment,52O3cYsyZMo,UgwW8-SMXH_OOOb_-YV4AaABAg,True,@MotoKDub,Kinda go hand in had do they not?,0,True
Ugx56T8J5OUgAtcy8894AaABAg,comment,52O3cYsyZMo,,False,@darmil9019,Maybe I missed it...but what was the range?,0,True
Ugx56T8J5OUgAtcy8894AaABAg.A2aVhH6_PsFA2bFmvfwoLD,comment,52O3cYsyZMo,Ugx56T8J5OUgAtcy8894AaABAg,True,@Nickbaldeagle02,600 miles,0,True
Ugx3WQiL5qEoQE2_Red4AaABAg,comment,52O3cYsyZMo,,False,@CodeMeat,Poked by Xiaomi?,0,True
UgxrQ2hiqB5dUAfWhWR4AaABAg,comment,52O3cYsyZMo,,False,@remojoseph1985,You need the screen to open the glove box? WTF.,0,True
UgzRiPBmo7ykM50qCHF4AaABAg,comment,52O3cYsyZMo,,False,@FarhoodEnsan,Impossible to beat the price to performance and features ratio. Massive W,1,True
Ugxeo6rQwOQa4fywDMt4AaABAg,comment,52O3cYsyZMo,,False,@bizybee8192,"Correct me if I’m wrong but I thought teslas don’t have breaks, like I thought it used its motor to slow down ? Why does it have break pads ?",0,True
Ugxeo6rQwOQa4fywDMt4AaABAg.A2aVKcvFhWUA2bFDn2Dslf,comment,52O3cYsyZMo,Ugxeo6rQwOQa4fywDMt4AaABAg,True,@Nickbaldeagle02,I'll correct your spelling of brakes.,0,True
Ugxeo6rQwOQa4fywDMt4AaABAg.A2aVKcvFhWUA2bxhpMvLLe,comment,52O3cYsyZMo,Ugxeo6rQwOQa4fywDMt4AaABAg,True,@bizybee8192,@Nickbaldeagle02 Thanks man never new we were still in school !,0,True
Ugxeo6rQwOQa4fywDMt4AaABAg.A2aVKcvFhWUA2cHlIzHi-k,comment,52O3cYsyZMo,Ugxeo6rQwOQa4fywDMt4AaABAg,True,@Nickbaldeagle02,@bizybee8192 knew,0,True
Ugxeo6rQwOQa4fywDMt4AaABAg.A2aVKcvFhWUA2cIgLfVPCz,comment,52O3cYsyZMo,Ugxeo6rQwOQa4fywDMt4AaABAg,True,@bizybee8192,"@Nickbaldeagle02 loser, get a life if you can’t answer the question don’t answer at all.",0,True
Ugxeo6rQwOQa4fywDMt4AaABAg.A2aVKcvFhWUA2cJ4gbMV7c,comment,52O3cYsyZMo,Ugxeo6rQwOQa4fywDMt4AaABAg,True,@bizybee8192,"@Nickbaldeagle02 Just looking at your profile pic I can see why you get off on trolling people online, I am french whats your excuse ?",0,True
Ugwpw02REjQG7ivSJIx4AaABAg,comment,52O3cYsyZMo,,False,@SterlingSanders,The capacitive buttons are awesome. I disagree with your preference.,0,True
UgzfJZgeuOgmmbEVdlZ4AaABAg,comment,52O3cYsyZMo,,False,@lawbinson,I personally love that it’s so quiet.,0,True
Ugx50sY49JfhnuTono54AaABAg,comment,52O3cYsyZMo,,False,@robertt1336,"$45k after Fed incentives is before any state incentives or gas/maintenance savings. In our state, it would be $40k - gas ⛽️",1,True
Ugz1DzZ1MD8fbeoUyCp4AaABAg,comment,52O3cYsyZMo,,False,@hoochygucci9432,Why?,0,True
UgxrY9UqvCemrsuss814AaABAg,comment,52O3cYsyZMo,,False,@VernGryph,"Wish they made the headliner black to match the black interior, it makes it a lot sportier.",1,True
Ugx1O-NZDoDpysjuHIZ4AaABAg,comment,52O3cYsyZMo,,False,@SkepticalRaptor,So tired of your shilling for that neo-Nazi. Crap cars for people who love racists.,0,True
UgzTQS8F_R3HOHkZ4gp4AaABAg,comment,52O3cYsyZMo,,False,@ElcoolMo,i dont know why i watch these... i cant even afford half a car.,0,True
UgyT4NTLef6lJ-dhEah4AaABAg,comment,52O3cYsyZMo,,False,@chacha421,Most cars that do 0-60 under 3 secs are 100K plus.,0,True
UgyT4NTLef6lJ-dhEah4AaABAg.A2aUOJdwGD0A2caBYuOGik,comment,52O3cYsyZMo,UgyT4NTLef6lJ-dhEah4AaABAg,True,@NgocUSCuocSongMy,Corvette C8 70k much faster on top speed,0,True
UgwKxQYM0NInXtn2MPt4AaABAg,comment,52O3cYsyZMo,,False,@StormcastMarine,"Are we using ""Tesla"" and ""refined"" in the same sentence now 😳",0,True
UgwJqhjJFddNC-5KqWJ4AaABAg,comment,52O3cYsyZMo,,False,@stavay69,In a world of tinted or blacked out everything this is really odd and polarizing seeing super clear glass on a shiny new car 😂 I said the weird thing,0,True
UgzpENV7kBkIJseZuPl4AaABAg,comment,52O3cYsyZMo,,False,@RobertLiamWhyte,Track mode is already in current performance,0,True
UgzTZp6Hj4TIUUWxraB4AaABAg,comment,52O3cYsyZMo,,False,@gingery3k,cant believe people buy this. hahaha,0,True
UgzBUJ9Qq_VxuV7bPZ14AaABAg,comment,52O3cYsyZMo,,False,@b1gjoekrash,The fastest car in the Dollar Tree parking lot.,0,True
UgzBUJ9Qq_VxuV7bPZ14AaABAg.A2aTujPJgdEA2aYAUY277W,comment,52O3cYsyZMo,UgzBUJ9Qq_VxuV7bPZ14AaABAg,True,@cbotten106,"Did Tesla put chargers at the Dollar Tree now?   Cool, can't wait to charge and buy cheap stuff at the same time.",0,True
Ugy0sr2QRQSgY94tQDx4AaABAg,comment,52O3cYsyZMo,,False,@MarioGoatse,"I love the speed and torque that we're getting out of the electric cars. But the one thing that I'll always prefer about ICE sports cars is the sound of the engine. You just cannot compare the connection that you feel when you can hear and feel that engine screaming. It feels ""alive"".",0,True
UgxoNgfkFVHvRUGPGLp4AaABAg,comment,52O3cYsyZMo,,False,@somi_pizza,"3:20 mate that spoiler ain’t producing no downforce, that’s just reduce lift 😂",1,True
UgxoNgfkFVHvRUGPGLp4AaABAg.A2aTHE401V1A2aTMeUXXZC,comment,52O3cYsyZMo,UgxoNgfkFVHvRUGPGLp4AaABAg,True,@somi_pizza,And efficiency.,0,True
UgyY0WCNNp52WhH9jyB4AaABAg,comment,52O3cYsyZMo,,False,@BuchyGroove09,You shooting on the iPhone? Noticed a lot of artifacts.,0,True
UgxvqzRXXHp8W5V-pid4AaABAg,comment,52O3cYsyZMo,,False,@misfortune50,Tesla stock is about to skyrocket,1,True
UgxXI3CANA_D0iUq94h4AaABAg,comment,52O3cYsyZMo,,False,@frankcastle1578,This might be the electric car that gets me to convert to electric from my m340,0,True
UgzOThOYvwJOX_ZanMJ4AaABAg,comment,52O3cYsyZMo,,False,@GreggK6EGG,"not a bad deal, thanks for the info!",0,True
Ugx9qSzh4ATrvciA5Uh4AaABAg,comment,52O3cYsyZMo,,False,@FrankWhite-t2v,NO SUNROOF WHY.?,0,True
UgxkMtg-BHvvCDzb6O14AaABAg,comment,52O3cYsyZMo,,False,@FrankWhite-t2v,NEEDS A SUNROOF,0,True
Ugx2N1LdSDE74ZFCcNF4AaABAg,comment,52O3cYsyZMo,,False,@jayppop3333,Lambo speeds for 1/4 the price,0,True
UgyxsP7KY_u7V2wMZol4AaABAg,comment,52O3cYsyZMo,,False,@robp3431,The Y with those new seats....YES !,0,True
UgwX8arFYfADN6oUpXB4AaABAg,comment,52O3cYsyZMo,,False,@0s0sXD,"there's always birds or bottles scaring the F out of marques when he's showing us a car 
poor guy",0,True
UgyZ8wNlZA0fsJi2YEx4AaABAg,comment,52O3cYsyZMo,,False,@MarioGoatse,"My Mazda does 0-60 in under 3 seconds too. It also costs more than half the price. Sure, it's kmh, but still!",0,True
UgzFPEVmzJ8gjh81Tkp4AaABAg,comment,52O3cYsyZMo,,False,@FastCarCentral,"Sorry , not buying because Elon Musk is an A hole",1,True
UgwLLATwBJKRmJ-MPXp4AaABAg,comment,52O3cYsyZMo,,False,@arbyfiles,"I really can't wait for the Rivian R3X. Tesla interiors are low quality, and minimalism isn't always a good thing.",0,True
UgwzALbgGHkvzNOpbjN4AaABAg,comment,52O3cYsyZMo,,False,@ParkDaddy42,But it’s a Tesla. 🤮,0,True
Ugy7Y5V5IrzXWzErTLV4AaABAg,comment,52O3cYsyZMo,,False,@rainsweeps,Expensive automobile,0,True
UgxjsTe35qQqSHvOQ4p4AaABAg,comment,52O3cYsyZMo,,False,@bjarne2608,I'm german and i got an email which says it got 460hp and 3.1s 0-100km/h (60mph)... Is there a difference between the European and American m3p? Top speed is still 262km/h...,0,True
UgxjsTe35qQqSHvOQ4p4AaABAg.A2aS52KI3dnA2bHqPiW9yH,comment,52O3cYsyZMo,UgxjsTe35qQqSHvOQ4p4AaABAg,True,@Nickbaldeagle02,No. It's like the difference between US and UK gallons.,0,True
UgwfY4-PGmTPLUWPyIN4AaABAg,comment,52O3cYsyZMo,,False,@OdaviidS,Under 60 grand????? wow,1,True
Ugyifp5uNvGT7iY3Pfh4AaABAg,comment,52O3cYsyZMo,,False,@justsomeguy6474,3:12 Spoiler alert!,1,True
UgxTfBNXTbQVKYgJ6314AaABAg,comment,52O3cYsyZMo,,False,@ganjacats,I wish they would’ve done more aesthetically to make it stand out against the other trims.,0,True
UgwjalXRL3cFav6SQQF4AaABAg,comment,52O3cYsyZMo,,False,@LuisCorrea9614,"It’s evolving, just backwards",0,True
Ugyh6BqnUctBqAEOZCl4AaABAg,comment,52O3cYsyZMo,,False,@YouArentHereYet,There needs to be a full fledged war against capacitive buttons.,0,True
UgyzbNC7UjuYjc6P5354AaABAg,comment,52O3cYsyZMo,,False,@BanjoKazooie8822,"Still love my 2020 M3P, can't fault it after 4 years. Some nice upgrades here for sure.",20,True
UgwdzacepMHlvxpV7Yl4AaABAg,comment,52O3cYsyZMo,,False,@msbgone,How is the active suspension compared to the Model S?  Was the drive smoother than the M3LR?,0,True
UgxCjjJQtHVdWVrVOtF4AaABAg,comment,52O3cYsyZMo,,False,@themhogan,Did you film this on an old Nokia phone?,0,True
UgxCjjJQtHVdWVrVOtF4AaABAg.A2aQlnMwg15A2aRrc3g4mE,comment,52O3cYsyZMo,UgxCjjJQtHVdWVrVOtF4AaABAg,True,@ELTACHY1,Are you on McDonalds WiFi? It's 4k bro,0,True
Ugz4KFagGYU2acNWyXt4AaABAg,comment,52O3cYsyZMo,,False,@Thekidisalright,"Sometimes I wish Marquee has a little more spine and stop shilling for Elon Musk, not wanting to involve politics is not the same as not having any principles.",0,True
UgzUcZc1-VYJ_VoYO5N4AaABAg,comment,52O3cYsyZMo,,False,@kazumaamazaki,好帥...可惜沒錢😢,0,True
UgxzdlBdlvtFU-qCWGJ4AaABAg,comment,52O3cYsyZMo,,False,@quartzofcourse,Idk what phone this was recorded on but this looks weirdly over sharpened,0,True
UgxzdlBdlvtFU-qCWGJ4AaABAg.A2aQE8bx1qlA2aQWFQidDY,comment,52O3cYsyZMo,UgxzdlBdlvtFU-qCWGJ4AaABAg,True,@quartzofcourse,Maybe it’s just my phone and YouTube compression acting up,0,True
UgzBP5Q6JUv5L-QQ1X14AaABAg,comment,52O3cYsyZMo,,False,@Ascendant2020,This is an insane deal,0,True
Ugx5QwWqA7eKe84DVyJ4AaABAg,comment,52O3cYsyZMo,,False,@Joseandresyanes,"¨the headlights look a little bit more angular"" literally the same headlights as regular facelifted model 3 which you reviewed... its like saying things for the sake of saying things, very bad look",0,True
UgxI1NVv-7PFAiJImsN4AaABAg,comment,52O3cYsyZMo,,False,@neom0nk,Anyone know the lav mic he is using?,0,True
UgxjIwqySWNPJdy8X9Z4AaABAg,comment,52O3cYsyZMo,,False,@totallypiggy7434,UNDER 50k with grants,0,True
Ugwp6anAVb-RHoEq77x4AaABAg,comment,52O3cYsyZMo,,False,@Maat11Udyat,"Sporty: Looks, seats, motors

*Drives in traffic 24/7*",0,True
UgzkiLv28jOjZCtEiMV4AaABAg,comment,52O3cYsyZMo,,False,@davids1816,with the tax incentive it's 45...  let that sink in.,0,True
UgxEUyZnd7cZgmkcwQ94AaABAg,comment,52O3cYsyZMo,,False,@ElarMack-ci1of,"SO, You can start at the entry of your garage and HIT the BACK wall at WHAT SPEED????????? Maybe 30MPH out through the wall. Sounds impressive!  ALSO WHAT IS ""LUDACRISLY""? What DOES THAT MEAN, it is in the heading!  Perhaps a Dictionary FOCUS would be appropriate instead of an AUTO  Focus. Was the proof reader fired? This is all LUDICROUS.",0,True
UgwclNk0eMfYWVepms54AaABAg,comment,52O3cYsyZMo,,False,@kimido,Marques and the team really boosting the Auto Focus channel makes me happy.,8,True
UgzaW0WxBsM9Vbu0STZ4AaABAg,comment,52O3cYsyZMo,,False,@TheLastRide88,I wouldn’t support Elon or his brand because he is a right wing conspiracy theorist shill.,0,True
UgyR2-vMIKkH6EhUbPR4AaABAg,comment,52O3cYsyZMo,,False,@FelonMusk2021,Will buy a byd instead. Elon musk antics made this unbuyable.,0,True
UgxnuJsSSaPKvGhpKIl4AaABAg,comment,52O3cYsyZMo,,False,@mr.blanco6763,Dude good price!!! I seriously wish they release a true track model. The model 3 is perfect for it. It’s not big like the S and has amazing handling,0,True
UgxbhozhnpG34rYbndB4AaABAg,comment,52O3cYsyZMo,,False,@MutinAntoine,"I would never understand the interest in speed/price rate! 
I’m just looking for affordable, reliable electric car fast enough😅",0,True
Ugw4PIEIUhV8D9s1JTV4AaABAg,comment,52O3cYsyZMo,,False,@roberth1700,When will this be out?,0,True
Ugw4PIEIUhV8D9s1JTV4AaABAg.A2aP93_cNuIA2aPJ2OoEzt,comment,52O3cYsyZMo,Ugw4PIEIUhV8D9s1JTV4AaABAg,True,@liam1902,was released 8 hours ago,0,True
Ugw4PIEIUhV8D9s1JTV4AaABAg.A2aP93_cNuIA2aQCy4ItKV,comment,52O3cYsyZMo,Ugw4PIEIUhV8D9s1JTV4AaABAg,True,@roberth1700,@liam1902 woah thanks,1,True
UgxVHW23MB6lTzajlnJ4AaABAg,comment,52O3cYsyZMo,,False,@sethmossberg,The empty water bottle cameo was amazing,14,True
UgyDYTFMtawTm6CDzk14AaABAg,comment,52O3cYsyZMo,,False,@Cool_lectibles,It kinda still looks like a Prius to me,0,True
UgxsZ1cjqsebzXENV_R4AaABAg,comment,52O3cYsyZMo,,False,@oisiaa,"This is a HELL OF A CAR for the $$$. It gets the full $7,500 tax credit (point of sale) which makes it roughly $45k out the door. Insane value!!!",539,True
UgxsZ1cjqsebzXENV_R4AaABAg.A2aO_Pg0pAiA2aX1qBrR37,comment,52O3cYsyZMo,UgxsZ1cjqsebzXENV_R4AaABAg,True,@MayfirstMedia,Don’t forget the car can drive u to work if u wanna enjoy your breakfast on the go! 😂,41,True
UgxsZ1cjqsebzXENV_R4AaABAg.A2aO_Pg0pAiA2aqpzDKVOa,comment,52O3cYsyZMo,UgxsZ1cjqsebzXENV_R4AaABAg,True,@HifeMan,@MayfirstMedia It still requires your hands to be on the wheel because people would abuse it like that.,20,True
UgxsZ1cjqsebzXENV_R4AaABAg.A2aO_Pg0pAiA2arY-xYBjA,comment,52O3cYsyZMo,UgxsZ1cjqsebzXENV_R4AaABAg,True,@DontThinkSo11,"​@HifeMan meh, you just need to give it a bit of pressure periodically, you can still eat.",16,True
UgxsZ1cjqsebzXENV_R4AaABAg.A2aO_Pg0pAiA2b2hH2Gfyt,comment,52O3cYsyZMo,UgxsZ1cjqsebzXENV_R4AaABAg,True,@HifeMan,@DontThinkSo11 I’ll just wait till I get home. lol,3,True
UgxsZ1cjqsebzXENV_R4AaABAg.A2aO_Pg0pAiA2b_i9yGxIk,comment,52O3cYsyZMo,UgxsZ1cjqsebzXENV_R4AaABAg,True,@Jules-z4e,"Yes you (Americans) are collectively paying so that it's this cheap.
The whole community is tipping in, why are you surprised it's this cheap?",6,True
UgxsZ1cjqsebzXENV_R4AaABAg.A2aO_Pg0pAiA2c0WR1uMGH,comment,52O3cYsyZMo,UgxsZ1cjqsebzXENV_R4AaABAg,True,@BaneSIlvermoon,"@MayfirstMedia To be fair, that's another $8k",5,True
UgxsZ1cjqsebzXENV_R4AaABAg.A2aO_Pg0pAiA2cJ5x182RK,comment,52O3cYsyZMo,UgxsZ1cjqsebzXENV_R4AaABAg,True,@metoo3918,...if you qualify for the tax credit.,6,True
UgxsZ1cjqsebzXENV_R4AaABAg.A2aO_Pg0pAiA2cWR-aSOJw,comment,52O3cYsyZMo,UgxsZ1cjqsebzXENV_R4AaABAg,True,@JordanZachman,It only qualifies for the business reduced inflation act. Not for POV.,3,True
UgxsZ1cjqsebzXENV_R4AaABAg.A2aO_Pg0pAiA2cYOe8FxsI,comment,52O3cYsyZMo,UgxsZ1cjqsebzXENV_R4AaABAg,True,@rvdown11,IF you qualify for the tax credit. I don't and I still find $45K to be a pretty expensive car...,7,True
UgxsZ1cjqsebzXENV_R4AaABAg.A2aO_Pg0pAiA2cZgFIZtXT,comment,52O3cYsyZMo,UgxsZ1cjqsebzXENV_R4AaABAg,True,@BaneSIlvermoon,"@rvdown11  it's a pretty good price considering 6 years ago some people paid $70k (after the tax credit) for the same class Tesla. One which is demonstrably inferior in many, many ways.",2,True
UgxsZ1cjqsebzXENV_R4AaABAg.A2aO_Pg0pAiA2cjXl_Ub7z,comment,52O3cYsyZMo,UgxsZ1cjqsebzXENV_R4AaABAg,True,@registrationaccount1034,"@MayfirstMedia lol, you mean you have to stress if its going to wipe you out?",0,True
UgxsZ1cjqsebzXENV_R4AaABAg.A2aO_Pg0pAiA2dKXtORwzn,comment,52O3cYsyZMo,UgxsZ1cjqsebzXENV_R4AaABAg,True,@nunayobiznass,Plus taxes... and interest for most people... 😊,1,True
UgxsZ1cjqsebzXENV_R4AaABAg.A2aO_Pg0pAiA2dQQ4iD0ya,comment,52O3cYsyZMo,UgxsZ1cjqsebzXENV_R4AaABAg,True,@macrofocus1988,"This is without question the best bang for the buck for a performance car, right?",3,True
UgxsZ1cjqsebzXENV_R4AaABAg.A2aO_Pg0pAiA2dSQjjM6Yu,comment,52O3cYsyZMo,UgxsZ1cjqsebzXENV_R4AaABAg,True,@oisiaa,"@macrofocus1988 100%, no doubts. I have a 2018 Model 3 (non-performance) and even my ""old"" car is better than any other brand in my opinion.",4,True
UgxsZ1cjqsebzXENV_R4AaABAg.A2aO_Pg0pAiA2dSdNYe7B6,comment,52O3cYsyZMo,UgxsZ1cjqsebzXENV_R4AaABAg,True,@miguelji505,Should you buy this performance or the long range? Thinking about long term cost,1,True
UgxsZ1cjqsebzXENV_R4AaABAg.A2aO_Pg0pAiA2eI2f0equm,comment,52O3cYsyZMo,UgxsZ1cjqsebzXENV_R4AaABAg,True,@carholic-sz3qv,where do you get the 7500?! who pays for that!?,2,True
UgxsZ1cjqsebzXENV_R4AaABAg.A2aO_Pg0pAiA2euTaEcf1F,comment,52O3cYsyZMo,UgxsZ1cjqsebzXENV_R4AaABAg,True,@patrutherford9600,"@carholic-sz3qv yea makes me feel bad. I also pay the most on my taxes too. The govt has your money either way. If they subsidize something it doesn't necessarily mean they are increasing your taxes as much as it might mean they're reallocation funds to different places. You may not get the new bus stops or childrens museum entry redesigned on time as a result. And for some, I get it,  that's really a bummer",0,True
UgxsZ1cjqsebzXENV_R4AaABAg.A2aO_Pg0pAiA2h7dUeFcA8,comment,52O3cYsyZMo,UgxsZ1cjqsebzXENV_R4AaABAg,True,@Jisifus,"Until you realize that the MG4 Xpower exists, which comes with the extra bonus of not being a Tesla, and is also cheaper",0,True
UgxsZ1cjqsebzXENV_R4AaABAg.A2aO_Pg0pAiA2hLTro4vK7,comment,52O3cYsyZMo,UgxsZ1cjqsebzXENV_R4AaABAg,True,@KingElrosTarMinyatur,"individual filers will qualify only with income below $150,000",0,True
UgxsZ1cjqsebzXENV_R4AaABAg.A2aO_Pg0pAiA2hdUYlt95j,comment,52O3cYsyZMo,UgxsZ1cjqsebzXENV_R4AaABAg,True,@toph2527,It definitely is not 45k out the door even with the discount(more like 50k).Great value though.,0,True
UgxsZ1cjqsebzXENV_R4AaABAg.A2aO_Pg0pAiA2iFbQw5dJb,comment,52O3cYsyZMo,UgxsZ1cjqsebzXENV_R4AaABAg,True,@randomtricksvideos,"@rvdown11 idk man, this is about the same as an Audi A4 or a slightly higher trim A3",0,True
UgxsZ1cjqsebzXENV_R4AaABAg.A2aO_Pg0pAiA2iFjA9YStT,comment,52O3cYsyZMo,UgxsZ1cjqsebzXENV_R4AaABAg,True,@randomtricksvideos,"@carholic-sz3qv The government and technically yes, taxpayer. Federal Tax credits work this way. But if we wanna complain about taxation, maybe complain about the defense budget and social security first",0,True
UgxsZ1cjqsebzXENV_R4AaABAg.A2aO_Pg0pAiA2iPf0sLsQg,comment,52O3cYsyZMo,UgxsZ1cjqsebzXENV_R4AaABAg,True,@KontrollerModz,"and dont forget batteries literally expire, and become useless, dont worry no maintenance, just need whole new car, cause thats how much it pretty much costs to replace the batteries lmao",0,True
UgxsZ1cjqsebzXENV_R4AaABAg.A2aO_Pg0pAiA2iQ-swpPgg,comment,52O3cYsyZMo,UgxsZ1cjqsebzXENV_R4AaABAg,True,@oisiaa,"@KontrollerModz They don't ""literally expire"". They are lifetime batteries. Should easily last 300,000 miles.",0,True
UgxsZ1cjqsebzXENV_R4AaABAg.A2aO_Pg0pAiA2iRkzzdGMX,comment,52O3cYsyZMo,UgxsZ1cjqsebzXENV_R4AaABAg,True,@randomtricksvideos,"@KontrollerModz engines have a lifespan too, except we now know that batteries are lasting 400K+ miles",0,True
UgxsZ1cjqsebzXENV_R4AaABAg.A2aO_Pg0pAiA2iT-nbKFl8,comment,52O3cYsyZMo,UgxsZ1cjqsebzXENV_R4AaABAg,True,@KontrollerModz,"@randomtricksvideos 500k max, have to replace batteries, around 13k to 20k to replace 😂. Engine can be taken care of and last over a million if you drive normally, and keep up with maintenance, unless whole engine to replace, still less than replacing batteries, and never have to replace whole engine, just parts, which you can do yourself and much more eco friendly to recycle metal from engines then recycling batteries right now at least, also lithium is all we have atm and its scarce, cant always be 100% recycled. Hybrid is the future for right now. Maybe full ev in like 2-3 generations",1,True
UgxsZ1cjqsebzXENV_R4AaABAg.A2aO_Pg0pAiA2kFiMhP7uw,comment,52O3cYsyZMo,UgxsZ1cjqsebzXENV_R4AaABAg,True,@patrutherford9600,"@KontrollerModz 1. Lithium not scarce. Like not even close.
2. 500k at 28mpg avg = 17857 gallons x $4 per gallon = $71,428. Plus the maintenance and services to get it there. Some just like the convenience to have to worry about it. Hell I spent around 300 just on synth oil and filters in a year. Thats close to my electricity bill to run my car for a year.
3.Batteries are uo to 95% recyclable. Google it
4. Batteries are on a declining cost curve and ICE is not.",0,True
UgxsZ1cjqsebzXENV_R4AaABAg.A2aO_Pg0pAiA2kHzgFaIA_,comment,52O3cYsyZMo,UgxsZ1cjqsebzXENV_R4AaABAg,True,@procurement3681,Resale value is garbage and dropping like a rock now though. Not the truck at least,0,True
UgxsZ1cjqsebzXENV_R4AaABAg.A2aO_Pg0pAiA2kMHleKSfg,comment,52O3cYsyZMo,UgxsZ1cjqsebzXENV_R4AaABAg,True,@oisiaa,@procurement3681 I don't understand why people care about resale value of cars. Must be the type to trade cars in all the time.,0,True
UgxsZ1cjqsebzXENV_R4AaABAg.A2aO_Pg0pAiA2lpmYALF1z,comment,52O3cYsyZMo,UgxsZ1cjqsebzXENV_R4AaABAg,True,@CrystalWolfHQ,​@KontrollerModzyou're just jealous & wrong 😂,0,True
UgxsZ1cjqsebzXENV_R4AaABAg.A2aO_Pg0pAiA2lwbMryx3I,comment,52O3cYsyZMo,UgxsZ1cjqsebzXENV_R4AaABAg,True,@KontrollerModz,@CrystalWolfHQ nah not really 😂😂,1,True
UgxsZ1cjqsebzXENV_R4AaABAg.A2aO_Pg0pAiA2ua4iBV-Nx,comment,52O3cYsyZMo,UgxsZ1cjqsebzXENV_R4AaABAg,True,@CrystalWolfHQ,@KontrollerModz I would wait & get the roadster 😎,0,True
UgxsZ1cjqsebzXENV_R4AaABAg.A2aO_Pg0pAiA2vuFkdpEYu,comment,52O3cYsyZMo,UgxsZ1cjqsebzXENV_R4AaABAg,True,@Magnus-pm7ic,No more like 55k out the door,0,True
UgxsZ1cjqsebzXENV_R4AaABAg.A2aO_Pg0pAiA34ns0d_i0X,comment,52O3cYsyZMo,UgxsZ1cjqsebzXENV_R4AaABAg,True,@Corvolet5,"I mean if I was so desperate like Tesla because they sell the same car with minimal changes and only power figures were different, I'd also offer them for less money. I'm surprised how they haven't gone bankrupt with these cheap prices. Ah well, I guess it's easy to sell cars with a snobby attitude and under the coat of being environmentally friendly.",0,True
UgxsZ1cjqsebzXENV_R4AaABAg.A2aO_Pg0pAiA38vVKUaPKY,comment,52O3cYsyZMo,UgxsZ1cjqsebzXENV_R4AaABAg,True,@patrutherford9600,"@Corvolet5 i bet you're surprised by a lot. from the sounds of it, its difficult for you to make sense of things",0,True
UgxsZ1cjqsebzXENV_R4AaABAg.A2aO_Pg0pAiA38wcA7ThyF,comment,52O3cYsyZMo,UgxsZ1cjqsebzXENV_R4AaABAg,True,@Corvolet5,"@patrutherford9600 Oh please, as if Tesla would have survived without government fundings in the name of ""the environment"". The fact that they still have the same garbage material quality also speaks volumes. You couldn't make a decent argument when it was necessary, and it shows.",0,True
UgxsZ1cjqsebzXENV_R4AaABAg.A2aO_Pg0pAiA3A2gCxweZV,comment,52O3cYsyZMo,UgxsZ1cjqsebzXENV_R4AaABAg,True,@metoo3918,@randomtricksvideos surely you aren't comparing the performance of an A4 to a Model 3 Performance.,0,True
UgxsZ1cjqsebzXENV_R4AaABAg.A2aO_Pg0pAiAAJjf-gTh3Z,comment,52O3cYsyZMo,UgxsZ1cjqsebzXENV_R4AaABAg,True,@awash7156,@KingElrosTarMinyaturthe income limits don’t apply if you opt to lease….,0,True
UgxsZ1cjqsebzXENV_R4AaABAg.A2aO_Pg0pAiAAJjkk2Zwjo,comment,52O3cYsyZMo,UgxsZ1cjqsebzXENV_R4AaABAg,True,@awash7156,"@toph2527simple math…cash price, minus $7500 (plus tax which obviously is different depending where one lives)…",0,True
UgxsZ1cjqsebzXENV_R4AaABAg.A2aO_Pg0pAiATu3HZToRPT,comment,52O3cYsyZMo,UgxsZ1cjqsebzXENV_R4AaABAg,True,@ngc722,​@KontrollerModzThe fuel costs and engine repairs will end up costing more than if you ever need a battery replacement after hundreds of thousands of miles. Which is likely to be 15+ years later and most likely you will be looking for a new car anyways as the car itself will have been past its lifetime.,0,True
UgwiqNVtFBHDjVKUFL94AaABAg,comment,52O3cYsyZMo,,False,@anbock55,"Look at you - using something positive from your review for the video title. So you *CAN* do it. Good for you, champ.",0,True
UgxEeYQueflP18WkOx14AaABAg,comment,52O3cYsyZMo,,False,@NextGenEvs,$45k after the federal tax rebate. Incredible!,1,True
UgxAUBCCUZGTS0F80Rl4AaABAg,comment,52O3cYsyZMo,,False,@BrianNedry,Damn there she is boys and girls. Ultra red and white interior calling my name or quicksilver if that color gets released in north america soon. Wanna see someone review it on the track just to see how it handles it.,0,True
Ugwee6MgWKER6P2Mb314AaABAg,comment,52O3cYsyZMo,,False,@loyalfilm,2.9 seconds.  Last time we heard that was in 2011 with the Lamborghini Aventador 😱,0,True
UgwbaNpwJgN6RYYKKPV4AaABAg,comment,52O3cYsyZMo,,False,@SuperChickensgood,I just put my order in in blue.,0,True
Ugx6CAIbMFNVV2bFMMp4AaABAg,comment,52O3cYsyZMo,,False,@warr5250,Can’t wait to take it 0 to 60 in under 3 seconds pulling out the garage on the way to work,0,True
UgwcSERe_nPk5YLHgs54AaABAg,comment,52O3cYsyZMo,,False,@NextGenEvs,What a FANTASTIC deal!! Amazing,1,True
UgxeXTIE5JOaFYbLNX54AaABAg,comment,52O3cYsyZMo,,False,@TAGE_FPV,Imagine praising the looks on most boring car yet and then calling the cyber truck iconic. 😂 🤯,0,True
UgzxIc8YPNvqB4Up3uR4AaABAg,comment,52O3cYsyZMo,,False,@rainmwhop,"I want a Model 3 because I prefer the sleek look of sedans, and how fast they are. But most likely going to get the Y because way more space, better glass ceiling, and probably just slightly slower",0,True
Ugz8sLTqSFShY9eByB94AaABAg,comment,52O3cYsyZMo,,False,@rolan2dr,"Okay. Goes fast in a straight line. All EVs do that. How dynamic is it? How’s the handling, steering, suspension?",0,True
Ugz8sLTqSFShY9eByB94AaABAg.A2aNP6gC-iEA2bCGPz5NRe,comment,52O3cYsyZMo,Ugz8sLTqSFShY9eByB94AaABAg,True,@Nickbaldeagle02,Watch Top Gear. Or Autotrader. Or Autogefühl.,0,True
Ugz9K2E38zd-3wAK1kB4AaABAg,comment,52O3cYsyZMo,,False,@CoolPilot71,"So how's the paint holding up on these? Heard the quality, fit and finish is sub-par.. is it still the case? How about battery life in cold temps?",0,True
Ugz9K2E38zd-3wAK1kB4AaABAg.A2aNNyxJ7PDA2bBwQbmGkE,comment,52O3cYsyZMo,Ugz9K2E38zd-3wAK1kB4AaABAg,True,@Nickbaldeagle02,It's only just come out. Ask again next year.,0,True
Ugz9K2E38zd-3wAK1kB4AaABAg.A2aNNyxJ7PDA2e2MxIr9Yb,comment,52O3cYsyZMo,Ugz9K2E38zd-3wAK1kB4AaABAg,True,@Just_a_random_birb,2024 model 3 build quality is good. I don’t know about this car though.,0,True
Ugx8rYf9BwmwTZtg3rl4AaABAg,comment,52O3cYsyZMo,,False,@manujha4758,Thanks for using the Metric system- kgs,0,True
UgxCnX8mXNjAor6N-EF4AaABAg,comment,52O3cYsyZMo,,False,@newjdm,"This or Integra Type-S, basically, price-wise",0,True
UgwwsHNdSi9ZRnANqx94AaABAg,comment,52O3cYsyZMo,,False,@moob7383,Range??,0,True
Ugz_KDPUgWuBr3JXDDx4AaABAg,comment,52O3cYsyZMo,,False,@brothersclash3088,Just put my order in for one,0,True
Ugw-zr0RopRCSuxf7_F4AaABAg,comment,52O3cYsyZMo,,False,@EKrishna-v9c,I personally prefer the old Uberturbine Wheels over these Warps,0,True
UgxMzhjoZoDcd5t-7Z54AaABAg,comment,52O3cYsyZMo,,False,@arbriggs3010,Wow…another fast electric car….zzzzzzz……,0,True
UgwBxj-UDJDDaXljoDh4AaABAg,comment,52O3cYsyZMo,,False,@AutaSupercar,What's money,0,True
UgwNc7OiDlQSpVgLGsJ4AaABAg,comment,52O3cYsyZMo,,False,@Dr3w_J,What does Tesla have against HUDs?,0,True
UgwNc7OiDlQSpVgLGsJ4AaABAg.A2aMdz7gTXCA2aXQmHakh8,comment,52O3cYsyZMo,UgwNc7OiDlQSpVgLGsJ4AaABAg,True,@fidellopez9314,"Saves money and less parts. It sucks, it would be so much nicer!",1,True
UgwNc7OiDlQSpVgLGsJ4AaABAg.A2aMdz7gTXCA2n2Rkphgil,comment,52O3cYsyZMo,UgwNc7OiDlQSpVgLGsJ4AaABAg,True,@ryanfraley7113,"Same reason the 3 and Y don’t have the instrument cluster from the S and X, it’s about the money.",0,True
Ugw4fC0DnhIRGth6hQ14AaABAg,comment,52O3cYsyZMo,,False,@Veledan,"""It's obviously not a horn"" 
*presses button* 8:24
*quiet honk in the background* 🙃

Fantastic video as always! That part just made me laugh.",4,True
UgzQLrKTxZ-ki0lkVV54AaABAg,comment,52O3cYsyZMo,,False,@eddjordan2399,you can pick up a performance model 3 for 20k in the uk now second hand.,0,True
Ugx9CiiimfwY5soMh_N4AaABAg,comment,52O3cYsyZMo,,False,@imrans,"Hey marques, i never knew  at this moment about this account, please gives reference to your main channel whatever new things you do",0,True
Ugzo8eatxwqLZz53nn14AaABAg,comment,52O3cYsyZMo,,False,@Nick-yh6cp,"Normally Tesla's never really do it for me, they're far too minimal and boring. This still has a very minimal vibe but it's just sporty enough that I'm super into it. The price and performance are also nice.",0,True
UgzbWeJ2Y5AoRrc_L0t4AaABAg,comment,52O3cYsyZMo,,False,@SadfoxGuyver,Mans sick of the jokes about him putting companies out of  business,0,True
UgwkQ_oD6cOiJrS1aT14AaABAg,comment,52O3cYsyZMo,,False,@alizierny,same shit,0,True
Ugzkq_TcQMKSYCXZ0nJ4AaABAg,comment,52O3cYsyZMo,,False,@mindblown5560,Gamechanger,0,True
Ugw5olNPuuLKgKCF-hF4AaABAg,comment,52O3cYsyZMo,,False,@ethenjordan2010,"Its quick, but all you're really paying for is the speed and charging infrastructure.  IMO they are really built cheap over the years and feel it too. Been in plenty and they are all the same with how they are built.",0,True
Ugw5olNPuuLKgKCF-hF4AaABAg.A2aLfJUCKA9AJARrvkKjF-,comment,52O3cYsyZMo,Ugw5olNPuuLKgKCF-hF4AaABAg,True,@sufficetosay,"I had a 23M3P and as much as I loved it I agree. The new Highland in the performance iteration is MILES ahead in every way. My 23 rattled and rebounded off of rough roads and did very little for sound isolation; I still loved it. I had hoped it would be better, but I am surprised every time I drive mine. I have owned much nicer cars than most and I have very few disappointments in this car.",0,True
Ugw7FwQuwGgG3KodEmd4AaABAg,comment,52O3cYsyZMo,,False,@LitHomie-yw3qj,Byd seal review when??,0,True
UgwBd0smSwssyYT6n7B4AaABAg,comment,52O3cYsyZMo,,False,@yamamancha,0-60 is one thing I can never bring myself to care about. And what about the impact on the tires?,0,True
UgxKKMtFdtiNEPJY-sJ4AaABAg,comment,52O3cYsyZMo,,False,@markeissler,"I just can't see why the turn signal talk was removed and why you can't just have windshield wiper functions on a stalk as well like every other car on the road. Like, what a pain to drive through a roundabout with that steering wheel setup. This is what happens when you get a car that's been designed in America, in Silicon Valley. These people live in a bubble.",0,True
Ugw66BHmkANl0fwUqTF4AaABAg,comment,52O3cYsyZMo,,False,@m_ism,"Someday I hope to make enough money to afford one of these cars, it sucks being a normie sometimes",0,True
UgykcuyfORRb_PEy4QF4AaABAg,comment,52O3cYsyZMo,,False,@andy-s5k3m,9:20 Literraly the road where Donut Media does car test,1,True
Ugx9ENT870BRp9kpNmF4AaABAg,comment,52O3cYsyZMo,,False,@toldenfr,it would be great if Tesla build a model 3 Plaid,0,True
Ugwcv68ot7Vr_urfClt4AaABAg,comment,52O3cYsyZMo,,False,@ssing7113,Here comes him killing another car company 😂,0,True
UgwrvqVq0y8JbpF6TuR4AaABAg,comment,52O3cYsyZMo,,False,@ozozi49,My dream car......in red and white seats...... still would feel very strange to drive in Australia with all these diesel trucks around and idiots driving their diesel smoky utes and v8 commodores.....and not many places to charge it😢,0,True
UgyH0M6hCGmATAPfI-V4AaABAg,comment,52O3cYsyZMo,,False,@beinquisitive,It would be cool if it wasnt electric,0,True
UgyDnj8FaCEjiZVT7vN4AaABAg,comment,52O3cYsyZMo,,False,@bluesfear,How come you don't touch on the big pedal issue on telsa cybertruck?,0,True
UgyDnj8FaCEjiZVT7vN4AaABAg.A2aKK3TqTQoA2bFdHx_qhi,comment,52O3cYsyZMo,UgyDnj8FaCEjiZVT7vN4AaABAg,True,@Nickbaldeagle02,No one cares.,0,True
UgwYKkEnXjLTK5PsbsN4AaABAg,comment,52O3cYsyZMo,,False,@BlackestPanther,"I'm sure if I wait 6 months, I'll be able to get it for 30k.",0,True
UgzuFj6Wwln9yKK8rp94AaABAg,comment,52O3cYsyZMo,,False,@amumaplaid,everything nice… except the door handles 😵‍💫😵‍💫😵‍💫,0,True
UgzL6ym3xdWPuSTOQtZ4AaABAg,comment,52O3cYsyZMo,,False,@Filipe_2004,Amaziiing but NOT FUN,0,True
UgwpgnaBz2xrs5e3WQJ4AaABAg,comment,52O3cYsyZMo,,False,@prathameshchougule9194,"WAIT WHAT , MARQUES IS USING A PHONE CASE !!!!!",0,True
Ugy4PXpRRUSSazpFY5p4AaABAg,comment,52O3cYsyZMo,,False,@jeffufcfanaticrosenberg,marcus old P has aluminum pedals!!,0,True
UgwhcyHunei2ksjrjHt4AaABAg,comment,52O3cYsyZMo,,False,@CYBRLFT,"Love this and when I get my new performance 3, track content will appear on my channel along with all the FSD content. I can't believe this thing actually does qualify for the tax credit hehehe 45k after the credit.",0,True
UgyZpsF3vNAUbZAF3d14AaABAg,comment,52O3cYsyZMo,,False,@allowambeBOWWAMB,no stalks no buy,0,True
Ugwp6nrUtMSQT3PhyfF4AaABAg,comment,52O3cYsyZMo,,False,@ash98981,So is this the carbon encased motors? Thats special,0,True
Ugz3KItvl2TTq2dfrnZ4AaABAg,comment,52O3cYsyZMo,,False,@Maximillieeee,💙💙💙💙💙,0,True
Ugw7TvYGZZDQkbnPPkB4AaABAg,comment,52O3cYsyZMo,,False,@ash98981,How does it compare with the Ionic5N 650HP?,0,True
UgwlCE-7bVssaR7f_oR4AaABAg,comment,52O3cYsyZMo,,False,@zertbrown4642,7:57 capacitive buttons,0,True
Ugx3Us-A5Y7TBGPmqcl4AaABAg,comment,52O3cYsyZMo,,False,@dinklebamp,"Im gonna be honest....and this is a matter of taste...

I have a 21 M3P, driven over 110k miles on it.   I think that credit included the price is magnificent but theres a lot i prefer about mine, namely the physical stalks, heated middle back seat, and more range.  I dont feel super compelled to upgrade for somethint just a titch quicker with less range and no stalks.",0,True
Ugx3Us-A5Y7TBGPmqcl4AaABAg.A2aJAbw6aK-A2aJXNiyHJ_,comment,52O3cYsyZMo,Ugx3Us-A5Y7TBGPmqcl4AaABAg,True,@Nabee_H,"Honestly the lack of stalks is the thing you get used to quickest, I've found it much more difficult to get used to the gear shifter touch screen. For North America we don't really have roundabouts compared to other places but I have come across a few and it is a pain to use when there's only buttons.",0,True
Ugx3Us-A5Y7TBGPmqcl4AaABAg.A2aJAbw6aK-A2fHVuUDnMe,comment,52O3cYsyZMo,Ugx3Us-A5Y7TBGPmqcl4AaABAg,True,@Lost_In_LA,The range is the same or very slightly better. The difference you are alluding to is the change in how the EPA estimated the range which is more conservative now.,0,True
UgwkR7gSseBiCHOHjZ14AaABAg,comment,52O3cYsyZMo,,False,@Jazzmusicstops,Meanest MKBHD moment 5:18,0,True
UgyoMLMGU3YOe3aGA6B4AaABAg,comment,52O3cYsyZMo,,False,@busog97641,*Excellent Video!!!*,0,True
Ugz6YDiF2canhMTxymh4AaABAg,comment,52O3cYsyZMo,,False,@Nabee_H,"Can someone answer what those other buttons on the steering wheel are for?? Ive had my 2024 for a month now and I still have no idea, all i know is that they don't have any function (yet?).",0,True
UgzLPNfZPSbB4V62ySJ4AaABAg,comment,52O3cYsyZMo,,False,@Carl-dj9wz,Is this the merchandising mentioned in space balls?,0,True
UgwW7mEi9ssEdsofYb14AaABAg,comment,52O3cYsyZMo,,False,@SpottedSharks,Pretty sure MASH 4077 is right around the corner from there.,0,True
UgzW7PqMuj8TuKmf_Fx4AaABAg,comment,52O3cYsyZMo,,False,@u_s_e_rname,"Hi Marques, just letting you know you spelt ludicrously incorrectly in the description. :D",0,True
Ugy41ldjrc8fTAJVPTB4AaABAg,comment,52O3cYsyZMo,,False,@TriviaTruffle,Same old stuff... Tesla will be obsolete soon. Other manufacturers have caught up and raced ahead.,0,True
UgzzH5d0XbY7xzs42Q14AaABAg,comment,52O3cYsyZMo,,False,@Вячеславпопов-ц4ь,"He doesn’t do honest reviews, fuck him, it’s Elons scammer",2,True
UgxCXJNkAxhZU2vLVW94AaABAg,comment,52O3cYsyZMo,,False,@samatwesu,It you want performance get Plaid.  Used will be about same price as new model 3 performance.  Also with EV depreciation so high I of the mind set it is best to buy them all used.,0,True
Ugzuc03PuEImJrOfQfB4AaABAg,comment,52O3cYsyZMo,,False,@Sleepy-Koala,I cannot wait to get this one!!,0,True
UgzhF_E7s4qVHlJKmmh4AaABAg,comment,52O3cYsyZMo,,False,@joshuadacunha6768,"I've seen enough, greatest car of all time",0,True
UgxG9OSyGyH67Srfqw54AaABAg,comment,52O3cYsyZMo,,False,@Jzzone,"What a joke 8 years in production and this is the best Musk can do for a refresh???  And what is this guy doing reviewing cars he does not have a clue about suspension, body panels, etc. ""Day 1 my impression is pretty good"" that is the best he can serve up???",0,True
UgwtMPLYSdZwWb8VGDd4AaABAg,comment,52O3cYsyZMo,,False,@Jaghatai_Khn,Why do your more recent reviews seem more cynical and sterile? The earlier charm seems to be fading away. Maybe it’s just me 🤷,0,True
UgwW_y-7DZvELSScb9x4AaABAg,comment,52O3cYsyZMo,,False,@isaacb0132,Over talked,0,True
UgwNkf-UgC0lKZnAsth4AaABAg,comment,52O3cYsyZMo,,False,@emquadrat,Reminds me of the Speedtail lol,0,True
UgzySetcPKNPSrJxRyx4AaABAg,comment,52O3cYsyZMo,,False,@Subasically,What’s with that parking job?,0,True
UgzmTPFIKykugidA0VV4AaABAg,comment,52O3cYsyZMo,,False,@edventuresss,For $52k you get a car with 0-60 in 2.9 seconds is insane. Holy moly,0,True
UgzmTPFIKykugidA0VV4AaABAg.A2aHoHSAEkPA2bBLbrU4YD,comment,52O3cYsyZMo,UgzmTPFIKykugidA0VV4AaABAg,True,@Nickbaldeagle02,You'll need another $52K for the insurance.,0,True
UgwfVHmcus6JsaqYa8d4AaABAg,comment,52O3cYsyZMo,,False,@cordinia,Why does anyone need a car that goes that fast in that time frame? Really? Why are we celebrating this particular feature?,0,True
Ugxm7H_pI2ixyfCG6iZ4AaABAg,comment,52O3cYsyZMo,,False,@drj3141,The background looks like where M*A*S*H was filmed.,0,True
UgwKUx_iXC9p1oD7X1F4AaABAg,comment,52O3cYsyZMo,,False,@Jezee213,"Such a good idea with the glove box. Rather than a latch that can wear and break, it's just electromagnets that turn off when you tap the unlock then turn back on! Such a cool small innovation.",3,True
UgwKUx_iXC9p1oD7X1F4AaABAg.A2aHXcADV3nA2aPpkRxpDr,comment,52O3cYsyZMo,UgwKUx_iXC9p1oD7X1F4AaABAg,True,@TelmoMonteiro,Electromagnets consume power. Maybe they are permanent magnets with an actuator to force the opening/disengage,2,True
UgwKUx_iXC9p1oD7X1F4AaABAg.A2aHXcADV3nA2aaerEf8n7,comment,52O3cYsyZMo,UgwKUx_iXC9p1oD7X1F4AaABAg,True,@Jezee213,"@TelmoMonteiro  That would make more sense, you're right.",1,True
UgwKUx_iXC9p1oD7X1F4AaABAg.A2aHXcADV3nA2bv4tDMg8H,comment,52O3cYsyZMo,UgwKUx_iXC9p1oD7X1F4AaABAg,True,@troyh8461,I think we've had magnets for years...brilliant...,0,True
UgwKUx_iXC9p1oD7X1F4AaABAg.A2aHXcADV3nA2cV4BKMFSI,comment,52O3cYsyZMo,UgwKUx_iXC9p1oD7X1F4AaABAg,True,@Jezee213,@troyh8461  Thats why I'm surprised they aren't used in more stuff like this.,0,True
UgyEs0VyRQ5-t4Td8Wx4AaABAg,comment,52O3cYsyZMo,,False,@botch3936,"I'm frightened by all these capacitive touch screens/buttons.  I have a severe case of ""zombie finger"", and more and more touchpads don't recognize my touch.  The Home button on my older iPhone still does pretty well, but the touchscreen does not; the fingerprint reader on my MBP only registers about 1 in 3 times,  my bank's ATM doesn't work for me at all, nor does the touchscreen thermostat on my new HVAC system (I had to get my neighbor to set summer/winter temps for me, fortunately I don't have to touch it again).  
Am I going to be closed completely out of tech my last few years on this stupid rock??",0,True
UgyEs0VyRQ5-t4Td8Wx4AaABAg.A2aHAV4Uz-BA2aJlEeJa-U,comment,52O3cYsyZMo,UgyEs0VyRQ5-t4Td8Wx4AaABAg,True,@Nabee_H,"The turn signals feel exactly like how the iPhone 7 and 8 home buttons feel, if you don't have an issue with that than you should be fine. With the gear shifter you would have to touch the screen but i also know the stuff like the S3XY button exist for physical control.",0,True
UgxosgW3I6fTNoRG5np4AaABAg,comment,52O3cYsyZMo,,False,@BIGTRUCKSERIESREVIEW,Awesome!,0,True
UgxdLdLEjMgcMHeNGEx4AaABAg,comment,52O3cYsyZMo,,False,@mcCorn6478,"Bye bye, bmw & benz",0,True
UgwNyKmnkzg28Ftwi3F4AaABAg,comment,52O3cYsyZMo,,False,@jlfern2882,Is it 10mm lower only for the performance or all model 3?,0,True
Ugxa0QXFidnblGffmZt4AaABAg,comment,52O3cYsyZMo,,False,@walker2006au,"Crazy acceleration and that price point 😮 but I'll still take a slower ICE and enjoy sound, vibrations, gears and often better looks.

EV are shining a light very strongly on something I've always said, there is more to cars then 1/4 mile times. Things like the GR86 have shown this.",0,True
Ugwc5E0wB-XSl7Q-a2N4AaABAg,comment,52O3cYsyZMo,,False,@47izaPedo,Tesla can smoke my pole.  I’m never buying one until the narcissistic man child is gone.,0,True
UgyC03BGURJCBu4hyD94AaABAg,comment,52O3cYsyZMo,,False,@gustavopolanco6925,Ionic 5 N review and comparison please 🙏,0,True
UgxxbViLHnrvyXCsy4p4AaABAg,comment,52O3cYsyZMo,,False,@mrsdisney5320,Love this car! Thanks for your quick feedback and perspective.,28,True
UgwmCRRf6he-9z8e6xV4AaABAg,comment,52O3cYsyZMo,,False,@martinbeno7,"5:42 I honestly thought your’re using some sort of stick rather than just holding the phone in a hand, wow!",0,True
Ugzmd40_EqouH6Tll6x4AaABAg,comment,52O3cYsyZMo,,False,@hyperlunion,Just a reminder for everyone saying “it’s x amount of money that’s a hell of a deal” remember that there’s no free lunch. Tesla is know for collecting driver data and I personally don’t trust Tesla to not sell my data for a profit and have data used by insurance companies.,0,True
Ugzmd40_EqouH6Tll6x4AaABAg.A2aG2femHOLA2aK-Ytj9EX,comment,52O3cYsyZMo,Ugzmd40_EqouH6Tll6x4AaABAg,True,@Nabee_H,"Fair point but unlike Google or Microsoft, the only thing they really have is my first and last name along with any driving data. Its not like I'm giving them access to my email and I don't use the car's infotainment enough for them to know what videos I watch or what products I like to buy.",0,True
Ugzmd40_EqouH6Tll6x4AaABAg.A2aG2femHOLA2agfA8uxs_,comment,52O3cYsyZMo,Ugzmd40_EqouH6Tll6x4AaABAg,True,@hyperlunion,"@Nabee_H that’s what you think!
Do you not think that the car’s VIN number could be tied to the account associated to your car? Because I can 100% guarantee that it is lol",0,True
Ugzmd40_EqouH6Tll6x4AaABAg.A2aG2femHOLA2ahXhn4vsP,comment,52O3cYsyZMo,Ugzmd40_EqouH6Tll6x4AaABAg,True,@Nabee_H,@hyperlunion What would they do with my VIN?,0,True
UgzCsbXrq4iebxhuc3R4AaABAg,comment,52O3cYsyZMo,,False,@LLLLLLEON216,"Not impressed at all. For most people looking for a daily car, sub-3 second 0-60 time has a much smaller impact than a good interior, ultrasonic sensors, a physical turn signal switch, and a physical gear shifter, aka things you touch, feel, and use everyday.",0,True
UgxA_KkUh5GjhgJHspx4AaABAg,comment,52O3cYsyZMo,,False,@tbtunes_,"Most people getting this car will not need 0-60 that fast TBH, as car people tend not to like Tesla due to its bland looks inside and out, and its build quality along with the lack of a soul, good car but the people who have it wont use the fast 0-60 if anything its a bit dangerous",0,True
UgxAH85Rpk9jE8MyA_R4AaABAg,comment,52O3cYsyZMo,,False,@Ohan1,I actually prefer the touch buttons on my S,0,True
UgzX4Q81891zaZWxxrx4AaABAg,comment,52O3cYsyZMo,,False,@groundzero270,Not bad for the price however will obsolete in 5 years once H takes over.,0,True
UgzX4Q81891zaZWxxrx4AaABAg.A2aFScuA6hkA2aGknA6Pgb,comment,52O3cYsyZMo,UgzX4Q81891zaZWxxrx4AaABAg,True,@nerdbikes3841,H is not taking over. Please inform yourself of the current lawsuits filed against Toyota by angry H car owners.,0,True
UgzOqwrK6WQgpJ-75Ht4AaABAg,comment,52O3cYsyZMo,,False,@VehicleEnthusiastic,That's a marketing tactic. After 60mph it can't even pass corolla.,0,True
UgwyPzeJSbMnIl5fGSV4AaABAg,comment,52O3cYsyZMo,,False,@frammis83,STALKS PLEASE!,0,True
UgwlHHNji5YAJGihHAl4AaABAg,comment,52O3cYsyZMo,,False,@ieatscones,bro is in Almaden...,0,True
Ugw71h0M3e_rKnz2yY54AaABAg,comment,52O3cYsyZMo,,False,@VenalityXT,I already bought one comes late april early may,0,True
UgxABgAFqltWf1Qxu_h4AaABAg,comment,52O3cYsyZMo,,False,@P3SH4V,Huge W for Tesla 👍🏼 love it,0,True
UgwzrheBaG-PnYSC-394AaABAg,comment,52O3cYsyZMo,,False,@davedujour1,"How is that under $60k? How did my dual motor Model 3 (non-performance) from 5 years ago cost the same price? I thought car prices went up, not down, over time?",0,True
Ugy_LFz-rJzcGqGCffF4AaABAg,comment,52O3cYsyZMo,,False,@UnfrozenImage,9:20 anyone else a bit uncomfortable with this? Don't feel like you should get a pass for being a youtuber...,0,True
UgzC2fJj20aSUmOfxD54AaABAg,comment,52O3cYsyZMo,,False,@whispie.,"I need a hatch, not a sedan. That's the main difference with the model S",0,True
Ugxjt1fnKwBeDRvctkB4AaABAg,comment,52O3cYsyZMo,,False,@TheRasta4ri,"December 2011, Fisker Automotive recalled the first 239 Karmas delivered to the U.S. due to a risk of battery fire caused by coolant leak. Of the 239 cars, less than fifty had been delivered to customers, the rest were in dealerships. In the report filed by Fisker Automotive with the NHTSA, the carmaker said some hose clamps were not properly positioned, which could allow a coolant leak and an electrical short could possibly occur if coolant enters the battery compartment, causing a thermal event within the battery, including a possible fire.[51] In May 2012 a Fisker Karma was involved in a home fire that also burnt two other cars in Fort Bend County, Texas. The chief fire investigator said the Karma was the origin of the fire that spread to the house, but the exact cause is still unknown",1,True
UgwCBEz_ttyTggIckc54AaABAg,comment,52O3cYsyZMo,,False,@Alazen.,This goes to my list of things I can't buy ☑,0,True
Ugws3wmBMhtZAHBOwlt4AaABAg,comment,52O3cYsyZMo,,False,@Nyonibjr,people aren't seeing how well damped the doors and drawers are im the interior are,0,True
Ugx0kMOrYYe6IWj-idp4AaABAg,comment,52O3cYsyZMo,,False,@Darthwriter,Thanks for the vid! I really enjoy your reviews. I'm a total tech guy and appreciate your takes on EVs.,1,True
UgyTRLoZ8HT4bnZLGS14AaABAg,comment,52O3cYsyZMo,,False,@rogeriogomesosorio4755,"4:20 In Europe Tesla announces 460hp, not 510",0,True
UgyTRLoZ8HT4bnZLGS14AaABAg.A2aEKYZsj8GA2bF0NWKhWP,comment,52O3cYsyZMo,UgyTRLoZ8HT4bnZLGS14AaABAg,True,@Nickbaldeagle02,"Like gallons, it's a different HP. But it's the same.",0,True
UgzcFhsxVQWDmYds3Hx4AaABAg,comment,52O3cYsyZMo,,False,@GoonSavvy,I was just abt to order the new model 3 base model until I saw this😂,0,True
UgwKbcLcP5Ue2MKlBpp4AaABAg,comment,52O3cYsyZMo,,False,@Nyonibjr,That is one beautiful car,0,True
UgyqMg09WpzwV6-k5hx4AaABAg,comment,52O3cYsyZMo,,False,@jaytrivedi7489,"0-60 in 3s sounds great but it is something the car is capable of 

in everyday use how many times a year you would actually do that in 3s.  but overall looks good",0,True
UgxcSXzzUlP2YNqaHU14AaABAg,comment,52O3cYsyZMo,,False,@francoiss2100,"Still not an sport car in my eyes, too gentle changes for euro market vs regular",0,True
UgxeqpW4BmJDcas4xmx4AaABAg,comment,52O3cYsyZMo,,False,@Ericguolien,worst car review,0,True
UgxLl8JCcwG1cyqKdNx4AaABAg,comment,52O3cYsyZMo,,False,@binasur5560,What a beautiful and impressive car!,0,True
UgyBk6jYIoxUnG9CfWd4AaABAg,comment,52O3cYsyZMo,,False,@Nyonibjr,Maybe this can raise Tesla's stock,0,True
Ugw0rQTf5J3Ydh3yj-h4AaABAg,comment,52O3cYsyZMo,,False,@bigolpileofmoney,https://youtube.com/@bigolpileofmoney?si=frEppdfrbHZL063V,0,True
UgxnIgMh32amhBU4ku54AaABAg,comment,52O3cYsyZMo,,False,@alwaysiyi272,"As someone who is the farthest from a Tesla fan, I have to say. This thing looks pretty sick. I just don’t like the misleading 0-60 number. It does “2.9” with the 1 foot rollout, in reality it’s probably 3.0 to 3.1 depending on the surface you’re on, which is still impressive for the price",0,True
Ugx1CWFMW34QgKhmVyp4AaABAg,comment,52O3cYsyZMo,,False,@jcwfh,"Straight-line acceleration is so 2023 for EVs. Show us electric cars that allow weight control by letting you shift the car’s G forces.
Hyundai Ioniq 5 N opened what’s possible.

https://youtu.be/vVwxV7AxF74",0,True
UgxBbW60NOiZRqkNwI54AaABAg,comment,52O3cYsyZMo,,False,@yaaro6365,Capacitive buttons though 😩😭😭,0,True
Ugyp8EaXWFdCv1NF54J4AaABAg,comment,52O3cYsyZMo,,False,@7Ball4Life,MK you should start implementing slides into your video when talking about a comparison where possible. Rather than relying on people’s memory or knowledge of a particular thing. Just a quick side by side,0,True
UgzuAvCJSUw0Rm_1zwh4AaABAg,comment,52O3cYsyZMo,,False,@SirTubeALotMore,Saving the earth with 2.9s performance?,0,True
UgwIRrPznT6V-lNueYJ4AaABAg,comment,52O3cYsyZMo,,False,@jarkkehhh213,"That ""Warp Speed"" badge is ssooooo stupid, wonder if they'll let you remove it? Thats a defo an Elon touch",0,True
Ugxyw_KQvWQreDxJ71N4AaABAg,comment,52O3cYsyZMo,,False,@not_3than,"those steering wheel buttons instead of dedicated ""sticks"" or whatever you call them is a huge deal breaker. cost cutting in the worst place possible. will literally affect driving experience every time you drive it, and it'll end up causing less people to use their blinkers now lmao",0,True
Ugxw3OlYKFG4MiMB8u14AaABAg,comment,52O3cYsyZMo,,False,@michaeltavares2690,Ughhh them wheels. They resemble the Model S covers from way back in the day if anyone remembers,0,True
Ugy4dBUwzKaFLTW_uDR4AaABAg,comment,52O3cYsyZMo,,False,@todbot,"gee I wonder why there's a glowing review of a Tesla product on this day? unsubscribed, sorry man",0,True
Ugxjqd7Z-YajjUvtEfJ4AaABAg,comment,52O3cYsyZMo,,False,@YoungDeanTheOne,Do the pedals have the same detachable feature as the Cybertruck where you can slide them off with your foot and stick them under the panel for foot-free full acceleration ?😆,0,True
UgxHWntC_Rhyo0P9Fvt4AaABAg,comment,52O3cYsyZMo,,False,@saybahmed7837,MarkGeese Brownlee,1,True
UgzKB34N9FkXnYVFrqZ4AaABAg,comment,52O3cYsyZMo,,False,@raythomas7392,I think any form of non highway driving is going to be a pain in the ass with this car. I wish he would leave the 3 and Y alone and do his dumb thinking with the S and X and leave us be. Also stop switching up charging cost and hours because the companies failing,0,True
UgwiWzYFfvoXWfv919t4AaABAg,comment,52O3cYsyZMo,,False,@bryans1473,If the new 20' warp wheels are truly forged then looks like tesla listened to their customers how the 20 uberturbines were killing the performance,0,True
UgygSDxFnB_aJmF8z7l4AaABAg,comment,52O3cYsyZMo,,False,@burnzy3210,"""0-60 in 2.9 seconds!"" *WOW WHO CARES!? It's a family car*
Is it comfortable? is it well built? how much storage does it have?
These are the important questions for a family car.",0,True
UgwfAZWj_qHbXKquE5Z4AaABAg,comment,52O3cYsyZMo,,False,@samwell3758,I’m trading in my 2023 now even though I just got new wheels yesterday😭,0,True
UgybT3xCP1sNJQq8OFB4AaABAg,comment,52O3cYsyZMo,,False,@r3x_delta30,The removable aero caps are the black bits inside the wheel. Not the face of the wheel itself like the older models,0,True
UgwrZNjLwmLxClF5fnZ4AaABAg,comment,52O3cYsyZMo,,False,@user-H17Alexander,Trying to improve the stock value?…. If u keep reducing the cost..it feels cheap car,0,True
UgyVf4Jn2v14euywgwR4AaABAg,comment,52O3cYsyZMo,,False,@craigrn16,I want you to review the Ionic 5 N. Every reviewer has been saying it's one of the most fun electric car they have ever driven,0,True
UgwJEWQOIqfwkjTPoZJ4AaABAg,comment,52O3cYsyZMo,,False,@Nunya1721,Tesla really feeling the pressure from no one wanting to support Elon Musk. Squeezing prices down to their bare minimum to try to lure buyers,0,True
Ugyqq7wD_l1omdiwORN4AaABAg,comment,52O3cYsyZMo,,False,@cadenchurchill4296,8:10 Why do they have to use capacitive buttons on the steering wheel? The whole point of those controls is to be easy to access and they’re just destroying their purpose!,0,True
UgzqKFBCiaL_wtutPyJ4AaABAg,comment,52O3cYsyZMo,,False,@G82Watts,Have we not learned by now tesla uses rollout? If they say 2.9 sec it'll be 3.3 .. thing looks like a chinese fish 😂0 luxury interior. Most bland basic looking designs. No HUD or gauge clusters. No buttons for anything.. etc..,0,True
Ugy-9Bp9rOkLWt12Gkh4AaABAg,comment,52O3cYsyZMo,,False,@TheJoeSwanon,"Please just give us at least a heads up display already. If that would have been a part of the refresh, I would have already picked one up.",1,True
Ugxb5GU4_khGfoiZY_l4AaABAg,comment,52O3cYsyZMo,,False,@russellpaulsson,4:19 those power lines shadows for sure look like tire marks!,0,True
UgwO2iSTdtrT3TLqhwZ4AaABAg,comment,52O3cYsyZMo,,False,@QuintonRMarkett,Zero to 60 in 2.nueve I'm gone.,0,True
Ugwwb_t3Wau1TqI6v1Z4AaABAg,comment,52O3cYsyZMo,,False,@hopeyiwombe1746,Really appreciate the metric system being used in your vids lately. Keep up the good work,955,True
Ugwwb_t3Wau1TqI6v1Z4AaABAg.A2aB7Fw7pszA2bhhb160Kt,comment,52O3cYsyZMo,Ugwwb_t3Wau1TqI6v1Z4AaABAg,True,@stans5270,"Yeah, Americans feel sorry for you simple people unable to convert fractions.
Are you unable to tell what time it is when you see Big Ben???
When will you start protesting that?",0,True
Ugwwb_t3Wau1TqI6v1Z4AaABAg.A2aB7Fw7pszA2btT_a3Tak,comment,52O3cYsyZMo,Ugwwb_t3Wau1TqI6v1Z4AaABAg,True,@LafemmebearMusic,Huh? Weird flex,9,True
Ugwwb_t3Wau1TqI6v1Z4AaABAg.A2aB7Fw7pszA2cTKdt2oFe,comment,52O3cYsyZMo,Ugwwb_t3Wau1TqI6v1Z4AaABAg,True,@rodrigojds,@Channel-gz9hm no. the metric system is superior to the imperial system. get over it.,77,True
Ugwwb_t3Wau1TqI6v1Z4AaABAg.A2aB7Fw7pszA2dICQaI558,comment,52O3cYsyZMo,Ugwwb_t3Wau1TqI6v1Z4AaABAg,True,@nothajzl,Americans may as well count stuff in burgers. That’s how much sense the imperial system makes anyway,45,True
Ugwwb_t3Wau1TqI6v1Z4AaABAg.A2aB7Fw7pszA2dZtxS61fw,comment,52O3cYsyZMo,Ugwwb_t3Wau1TqI6v1Z4AaABAg,True,@adamczycki,"Imperial system full of „yards”, „feet”, „knees” or „ankles” is weird.  Do „foot” is divided to 12 „knees” and „knee” consist of 12 ankles? 😂.  Hope everybody will use metric system.",16,True
Ugwwb_t3Wau1TqI6v1Z4AaABAg.A2aB7Fw7pszA2fOalvNBu-,comment,52O3cYsyZMo,Ugwwb_t3Wau1TqI6v1Z4AaABAg,True,@ItsNicolau,"@nothajzl exactly hhahaha, good one! 🤣",1,True
Ugwwb_t3Wau1TqI6v1Z4AaABAg.A2aB7Fw7pszA2h1LbxveI1,comment,52O3cYsyZMo,Ugwwb_t3Wau1TqI6v1Z4AaABAg,True,@neubauerjoseph,Terrible work,0,True
Ugwwb_t3Wau1TqI6v1Z4AaABAg.A2aB7Fw7pszA3mmgqT0w3x,comment,52O3cYsyZMo,Ugwwb_t3Wau1TqI6v1Z4AaABAg,True,@facetiousmonkey5322,There is Nothing wrong with the Imperial system - Emperor Palpatine,0,True
Ugwwb_t3Wau1TqI6v1Z4AaABAg.A2aB7Fw7pszA9ziwx8pY09,comment,52O3cYsyZMo,Ugwwb_t3Wau1TqI6v1Z4AaABAg,True,@ΜανοςΚυδων,Μεταφραση στα ελληνικα,0,True
Ugwwb_t3Wau1TqI6v1Z4AaABAg.A2aB7Fw7pszAA-3vVGqrgB,comment,52O3cYsyZMo,Ugwwb_t3Wau1TqI6v1Z4AaABAg,True,@bigbadricefarmer,"I wish the U.S would use the metric system, powers of 10 makes much more sense than whatever we have",0,True
Ugwwb_t3Wau1TqI6v1Z4AaABAg.A2aB7Fw7pszAAsrm6ojRs7,comment,52O3cYsyZMo,Ugwwb_t3Wau1TqI6v1Z4AaABAg,True,@braaappp9950,@nothajzl what’s wrong with saying 3/64th? 😂,0,True
Ugxxs0TZNmU19EIdnWB4AaABAg,comment,52O3cYsyZMo,,False,@russellpaulsson,"For those who qualify, this performance version qualifies for 7500 tax credits which the regular version doesn't!",0,True
UgyWXOclFPhF0bL3FkR4AaABAg,comment,52O3cYsyZMo,,False,@amrocko,I’d have this as a daily and something naturally aspirated with a manual for the weekends.,0,True
UgyuJZaiwyDoWw1lzbl4AaABAg,comment,52O3cYsyZMo,,False,@YonsuKu,Thank you for including miles to km conversion for international viewers🙏,1,True
UgylNXM25hiSSfzMTDV4AaABAg,comment,52O3cYsyZMo,,False,@arya_jahan98,"Is anyone going to talk about why the dash trim has carbon fiber but the centre console area doesn't? @Tesla, come on please do this for your next Gen 2 model; what an oversight. Your Plaids are doing it for Model S and X... Why not for Model 3? #Continuity",0,True
UgwltNEp7HLbDCERyfd4AaABAg,comment,52O3cYsyZMo,,False,@currentconversationsalex,Best car you can buy right now across all fuel types,0,True
UgzU_uyptRlPzgAg5W94AaABAg,comment,52O3cYsyZMo,,False,@intothemultiverse1033,Saw a top gear review which said they were 19 on the front and 20 on the rear?,0,True
UgzU_uyptRlPzgAg5W94AaABAg.A2aA7iO_EUPA2bHtA4jnwi,comment,52O3cYsyZMo,UgzU_uyptRlPzgAg5W94AaABAg,True,@Nickbaldeagle02,Yes.,0,True
UgxX3-S-F3LaUNciURN4AaABAg,comment,52O3cYsyZMo,,False,@bleedingedge07,Can't believe this guy recorded on an iPhone 💀,0,True
UgwOktmIFhIvR9vAMu14AaABAg,comment,52O3cYsyZMo,,False,@IvanPauletti,I don't know.. I don't find this design attractive anymore.,0,True
UgyO8ACcffSbKPoeMjp4AaABAg,comment,52O3cYsyZMo,,False,@Ryan24-q5w,I have a model y long range from 2021 that’s fully paid off just last month… don’t know if I should trade in for this beast,0,True
UgwhJQGt5a1GwZp6w2F4AaABAg,comment,52O3cYsyZMo,,False,@dexterpadgitt2900,how important is it to go fast? always advertised.  buts what's really more important,0,True
Ugwo3ok6gjwo8w3xtx94AaABAg,comment,52O3cYsyZMo,,False,@DavidDoboni,"Imagine if Tesla collaborated with a European manufacturer, to get a different design. Like imagine a Tesla with the chassis of a BMW F30, or Audi S5.",0,True
UgytUf3QfqHW7BW4P1R4AaABAg,comment,52O3cYsyZMo,,False,@The-Relevant-Commenter,Missing headsup display,0,True
UgwpXVsaY3S_0E4q7514AaABAg,comment,52O3cYsyZMo,,False,@DIAL_NOW,At 1:58 I thought the bathroom was a Cybertruck lol,0,True
Ugz4ZVQestCy75dH8bd4AaABAg,comment,52O3cYsyZMo,,False,@Fitforacting,"I want to see a track battle between this and

1. Hyundai Ioniq 5 N
2. Lucid Air Base model
3. Porsche Tycan base model",0,True
UgzPIHY6mDb2G1ach3J4AaABAg,comment,52O3cYsyZMo,,False,@jpmuga,This video quality makes me want an iPhone,0,True
Ugy5TfzVJ14zXpzws_R4AaABAg,comment,52O3cYsyZMo,,False,@underekun,"are we ever gonna get the tesla model 3 ""build quality"" ?",0,True
Ugy5TfzVJ14zXpzws_R4AaABAg.A2a9PPuRXCwA2aB5IruL8X,comment,52O3cYsyZMo,Ugy5TfzVJ14zXpzws_R4AaABAg,True,@logitech4873,They've successively improved the build quality every model year. It's pretty good now!,0,True
Ugx0p8ULIQs1gQqfJxZ4AaABAg,comment,52O3cYsyZMo,,False,@blinblinthing,"The camera has your skin looking charred, is there a better phone you could use?",0,True
UgxLni2nwStwICyEofR4AaABAg,comment,52O3cYsyZMo,,False,@johnnybuckbrush,"I like all the extra little fact checks and update texts on the bottom of the screen.
Hope  you keep this for all your reviews and not just the Tesla ones.",1,True
UgwdbwYP35JBjd0GWt14AaABAg,comment,52O3cYsyZMo,,False,@infowarriorone,Frunk? That's a new one.,0,True
UgxiiT5AEBtJMx7TjC94AaABAg,comment,52O3cYsyZMo,,False,@pablonavaridas3302,GAY,0,True
UgwTTtwYA-U8tsnSuYR4AaABAg,comment,52O3cYsyZMo,,False,@paulomateus77,"A screen in the back but no screen in front of the driver, why?",0,True
UgwhiDB0n3zkc7qti9t4AaABAg,comment,52O3cYsyZMo,,False,@huntno,Ok Tesla is cooking with this one,0,True
UgyNQdxV7DCcezAqgKZ4AaABAg,comment,52O3cYsyZMo,,False,@xcowardx,The Tesla glazing is crazy. Yet a sticker brand makes a joke and this dude blows a gasket.,0,True
UgyARwS4SBSbT4HklTl4AaABAg,comment,52O3cYsyZMo,,False,@dewhuqvrer,BYD,0,True
UgySSNnAx0Q5mw0gDx54AaABAg,comment,52O3cYsyZMo,,False,@nerome619,"It's just a one trick pony. If you are really interested in driving the Tesla does ONE thing well - it accelerates. The driving experience is dull - the 'sporty feel' is firmer dampers, but it cannot mask the weight. I don't care about the speed, but I want to feel the drive, I want to feel in harmony with the mechanism of the car.",0,True
UgwM5YxT_FSqFBn9Abl4AaABAg,comment,52O3cYsyZMo,,False,@TheGreatestJuJu,6:10 Sitting behind that wheel seems ‘soulless’ bland grey blah aesthetic. I like Tesla and minimalism but it doesn’t have to look cheap and boring.,0,True
Ugxg2CCnd-70vPhlm0x4AaABAg,comment,52O3cYsyZMo,,False,@LAJAP,Why do you need these specs? To increase the probabilities of getting speeding tickets or kill someone?,0,True
Ugxg2CCnd-70vPhlm0x4AaABAg.A2a8Md-bZTtA2bHu9-8yOZ,comment,52O3cYsyZMo,Ugxg2CCnd-70vPhlm0x4AaABAg,True,@Nickbaldeagle02,Yes.,0,True
UgzICRF3ro6U8o8-hed4AaABAg,comment,52O3cYsyZMo,,False,@DaleGU,"There's a noticeable difference in the camera quality with this video, might just be the Cali sunshine but what did you use to shoot this?",0,True
UgyFP6S7MHW9UMVjj2R4AaABAg,comment,52O3cYsyZMo,,False,@JesyB2023,MLK (Marcus Brownie) ❤ Great Videos!!! 🥰,0,True
Ugzm3QlfuqgoR1gbmeB4AaABAg,comment,52O3cYsyZMo,,False,@EndlessBreathDidges,Gas car guys are really funny when you realize that “soul” really just means loud and smelly.,0,True
UgzoNzd9no2wckcdT3B4AaABAg,comment,52O3cYsyZMo,,False,@depthnos9248,"Give me a V8 or Boxer 6.

Through the EV in the trash",0,True
UgwagwGceM4XG_LQjPN4AaABAg,comment,52O3cYsyZMo,,False,@MrJimheeren,Do yourself a favor. Buy a KIA,0,True
UgxjLRSZletMVBUmj-N4AaABAg,comment,52O3cYsyZMo,,False,@MrHaggibear,Hmmm... So they've gone full Plaid with the S and it's ludicrous speed... Why not just go ahead and call the Performance top setting ridiculous speed? Missed opportunity!,0,True
UgxpC76WZgTozM7blL14AaABAg,comment,52O3cYsyZMo,,False,@reinoutko,What is the range for this one? Is it more than a long range highland?,0,True
UgxpC76WZgTozM7blL14AaABAg.A2a7xXcAj8LA2aBHedQP1M,comment,52O3cYsyZMo,UgxpC76WZgTozM7blL14AaABAg,True,@logitech4873,No. Due to the larger wheels and increased downforce it's actually more similar to the standard range model 3.,0,True
UgxpC76WZgTozM7blL14AaABAg.A2a7xXcAj8LA2aBZTViU_b,comment,52O3cYsyZMo,UgxpC76WZgTozM7blL14AaABAg,True,@reinoutko,@logitech4873 thank god,0,True
UgxpC76WZgTozM7blL14AaABAg.A2a7xXcAj8LA2aBy1LyHXz,comment,52O3cYsyZMo,UgxpC76WZgTozM7blL14AaABAg,True,@logitech4873,@reinoutko Did you order a highland LR?,0,True
UgxpC76WZgTozM7blL14AaABAg.A2a7xXcAj8LA2aCIXOu5Tb,comment,52O3cYsyZMo,UgxpC76WZgTozM7blL14AaABAg,True,@reinoutko,@logitech4873 yes,0,True
UgxpC76WZgTozM7blL14AaABAg.A2a7xXcAj8LA2aDCosOcpU,comment,52O3cYsyZMo,UgxpC76WZgTozM7blL14AaABAg,True,@reinoutko,@logitech4873 yes,0,True
UgwQICakYLtKjqqnSER4AaABAg,comment,52O3cYsyZMo,,False,@CanSyak,Boring design.,0,True
UgwqzNbOWsVl2aRWvKR4AaABAg,comment,52O3cYsyZMo,,False,@jamescoppe,This is gonna sell like hotcakes,0,True
UgyrVsLPGPiDqLmhV_54AaABAg,comment,52O3cYsyZMo,,False,@Furstaide,When are we looking at a smaller Telsa hot hatch??,0,True
UgyrVsLPGPiDqLmhV_54AaABAg.A2a7iqj13iEA2bHeRnX6_C,comment,52O3cYsyZMo,UgyrVsLPGPiDqLmhV_54AaABAg,True,@Nickbaldeagle02,2045,0,True
UgzAUHBSeZMLjLkd7Jh4AaABAg,comment,52O3cYsyZMo,,False,@sai1boats,Show your head hitting the rear glass..,0,True
UgzAUHBSeZMLjLkd7Jh4AaABAg.A2a7eIIwhqWA2a7lcovg1_,comment,52O3cYsyZMo,UgzAUHBSeZMLjLkd7Jh4AaABAg,True,@sai1boats,"I'm 6'0"" and I don't have leg or head room in the model 3 rear seat",0,True
UgzUu3PZWsJUPwmYjJZ4AaABAg,comment,52O3cYsyZMo,,False,@flipm725,If I had a job I'd trade in my 2023 M3P.,0,True
Ugwq8gNhxauY_J0csTl4AaABAg,comment,52O3cYsyZMo,,False,@kwasi5009,Shoot your next video with the s24 ultra,0,True
UgwsrC2K8RmTWb8BiHN4AaABAg,comment,52O3cYsyZMo,,False,@AndrewC89,"They STILL use tan headliner?! Oh my god, just make it black already!",1,True
Ugyqud8FwEgaLNMIi8R4AaABAg,comment,52O3cYsyZMo,,False,@Norp-i7m,I take my wheelbarrow to the track.,0,True
UgxokPfs-zBbT_v8gKZ4AaABAg,comment,52O3cYsyZMo,,False,@californiaholtz,"Solid review, I'm not a Tesla fanboi but it seems like a good improvement over the base Model 3.  When a 4,000+ pound performance vehicle can be considered nimble, what a world we live in!",0,True
UgwcHn2Aig0TXBb_54J4AaABAg,comment,52O3cYsyZMo,,False,@lucius574,This Tesla release is the final tombstone on the overpriced German garbage!👍,0,True
UgwSPHqOt1sGisbf5YR4AaABAg,comment,52O3cYsyZMo,,False,@fereydunk,"Initially, 5-10 years ago, focusing on speed made sense since many people thought EVs were a joke. But now, everyone who cares knows EVs are the fastest. If they could achieve a range of 400+ miles with extremely fast charging, that would be incredible and a winning formula.",0,True
UgyIT_Yun98qIVJQUpJ4AaABAg,comment,52O3cYsyZMo,,False,@GSP-76,The speed gain is next to useless as a selling point. I hope they did more to it then just nake it go at soeeds no one dtives on the road. Ill be looking forward to seeing how the battery holds up in freezing temps and hiw well it handles snow.,0,True
Ugwu2qEkuB8lH6gRpcx4AaABAg,comment,52O3cYsyZMo,,False,@absolutpat,still missing a black headliner option😢,0,True
Ugz6V410YFeoQmlqAR54AaABAg,comment,52O3cYsyZMo,,False,@FarhoodEnsan,Best deal in the car industry rn,0,True
Ugy8XhJXhWz_E4DvxPl4AaABAg,comment,52O3cYsyZMo,,False,@dejanandper,Take my Money. *Order placed*,0,True
UgyroHEqwmcu4_f6FCV4AaABAg,comment,52O3cYsyZMo,,False,@roberts.wilson1848,"All i want is the model 2, a compact hatchback (like 4.2-4.3m long)  with the 25.000 price tax max, to have 250 miles range in cold weather and do like 6-7-8s to 62, you know, sufficient for most human beings.
And i'm sure most europeans will buy it a lot, and will justify to make it.
No autonomous crap needed.",0,True
UgwVJ4ooQ1k8C10d5s94AaABAg,comment,52O3cYsyZMo,,False,@StoicEconomist,"I'm hardly getting used to the button indicators on the steering wheel but man, capacitive buttons!!....that's beyond me.",0,True
Ugy6q88sa74G0ogIm5l4AaABAg,comment,52O3cYsyZMo,,False,@baxdai2301,This is why Tesla laid off their internal Ads team.,0,True
UgwSU6LuetyO9yuk3Ot4AaABAg,comment,52O3cYsyZMo,,False,@snow-uq4gx,If the range is lower than 400 real world ill pass...296 ill pass💩💩,0,True
UgyLqFpRYvHmhz4wSh54AaABAg,comment,52O3cYsyZMo,,False,@Ds-pw7gd,All the tears in the comments 😂,0,True
Ugwxolwi1iURh6dvRjB4AaABAg,comment,52O3cYsyZMo,,False,@riou42,"Holy shit, somebody talk me down from the ledge.",0,True
UgwxDSqxzNCvZSQpUwh4AaABAg,comment,52O3cYsyZMo,,False,@reinoutko,Just got the highland...,0,True
UgywszZSr4oMb43fIPN4AaABAg,comment,52O3cYsyZMo,,False,@Maxrotor1,"These things depreciated so fast ill pick one up for 25k in 3 years. 0 to 60 is faster than my 911, but top speed is 191 in the 911. Also the 911 will be on the road long after this tin can is in the crusher.",0,True
UgwscIfcCIJbRh5k_Nd4AaABAg,comment,52O3cYsyZMo,,False,@n8n8n8n,"I really would like to get a Tesla, but no dials in front of the driver (behind the wheel) and everything via central screen is annoying. I just can't.",0,True
UgyQTjalwyZaUc1GZA54AaABAg,comment,52O3cYsyZMo,,False,@JMartinsATV,My dude do you even get to ride your sweet sweet Porsche?,0,True
UgzW__XF3z5IA0zXnMV4AaABAg,comment,52O3cYsyZMo,,False,@AverageDadOfficial,Given up on phones and tech? Milking EV case.... Dissatisfied,0,True
Ugzpvdcv3VrJPQM2Nv94AaABAg,comment,52O3cYsyZMo,,False,@jerryjza2k,Another great video!! AutoTrader channel shows how to remove the aero caps,0,True
UgzyhWjj7o_KJzFshed4AaABAg,comment,52O3cYsyZMo,,False,@killkiss_son,"8:30 I think it's because in track mode it would disable the buttons or turn down the sensibility so you don't press them accidentally maybe?
Also I've now switched from dreaming of a model S plaid to dreaming of a model 3 ludicrous. Too sad I'm 17 😂 going to wait a little before having a car like that 😂 still happy to drive my dad's model Y though 👍",1,True
UgxFDpc5tEtF1y2RM0t4AaABAg,comment,52O3cYsyZMo,,False,@Shaolinof36thChamber,"This car for under $50K, cause it qualifies for the EV tax credit IS a banger!",0,True
Ugyl60vXATretME7ps94AaABAg,comment,52O3cYsyZMo,,False,@fereydunk,"Amazing review as always. In my opinion, Tesla should focus more on range than performance at this point. Range is the biggest blocker of adoption.",0,True
UgxOaAC6sz-ckVkoRpF4AaABAg,comment,52O3cYsyZMo,,False,@mrelba9176,"I'd refused to do anything about Tesla given Elon Musk thinks this reviewer is too thick to tie his shoe laces based entirely on the colour of his skin.

Elon was saying that black people are too stupid to fly planes not too long ago.

This is embarrassing.",0,True
UgyIw_udBxck5S-boQR4AaABAg,comment,52O3cYsyZMo,,False,@fzartoo87,Bro toss that plastic bottle in the bin,64,True
UgyIw_udBxck5S-boQR4AaABAg.A2a6-QbG1y4A2aNnWGaZYO,comment,52O3cYsyZMo,UgyIw_udBxck5S-boQR4AaABAg,True,@CEOAlex,I came to say this exactly. Pick it up,8,True
UgybPUd4WVuoHNR0eMR4AaABAg,comment,52O3cYsyZMo,,False,@enoughofthis,Tesla cars shoukd be averaging 400 mikes by now,0,True
UgyIR1Wgxfk3JdVT9Sd4AaABAg,comment,52O3cYsyZMo,,False,@Savageturtle92,He doesn’t have the model S Plaid anymore?,0,True
UgxYh8lIq5hQFEvZSK14AaABAg,comment,52O3cYsyZMo,,False,@rsawyer757,A $549 lease on this thing is insane.  If I didn't have a year old Model 3 I'd be all over it.,3,True
UgxYh8lIq5hQFEvZSK14AaABAg.A2a5uSzjmoSA2bAkidIBhl,comment,52O3cYsyZMo,UgxYh8lIq5hQFEvZSK14AaABAg,True,@Nickbaldeagle02,What about insurance?,1,True
UgxYh8lIq5hQFEvZSK14AaABAg.A2a5uSzjmoSA2bmdiXRSZe,comment,52O3cYsyZMo,UgxYh8lIq5hQFEvZSK14AaABAg,True,@rsawyer757,"@Nickbaldeagle02 Good question.  Insurance can be a problem.  My insurance on my 2023 Model 3 is about the same as it was on my 2019 Honda Passport.  $500 every six months.  Just had to shop around a little.  I assume my insurance for this would be slightly more.

I had Geico when I first bought it and when I tried to add my Model 3 they quoted me $1600 every six months ON TOP OF what I was already paying.  State Farm quoted me $2400 every six months for just my Model 3.  I ended up with Progressive and it was actually only $400 for the first six months with a discount before going up to what it is now.  

I actually used Tesla insurance for a few months and that was even cheaper, ~$50-$60/mo, but I didn't like how restrictive it is and felt like I was getting penalized unfairly for certain things.

I think a lot of people don't shop around much, they just go with what they know.  I know I've been pretty bad about that in the past.  For example long ago I had Nationwide just because I'd had them since I got my license and one day just asked my agent and she was able to switch me to Geico for 1/3 the price I was paying.  This was before Tesla was even selling cars.",1,True
UgxYh8lIq5hQFEvZSK14AaABAg.A2a5uSzjmoSA2cMDZtiZHt,comment,52O3cYsyZMo,UgxYh8lIq5hQFEvZSK14AaABAg,True,@rsawyer757,"@Nickbaldeagle02 Good question.  Insurance can be a problem for people.  My insurance on my 2023 Model 3 RWD is about the same as it was on my 2019 Honda Passport, after a little shopping around.  I imagine something like this would be a little bit more. 

I had Geico and was paying $480 every six months for the Passport.  They quoted me an additional $1400 or so to add the Model 3.  I remember State Farm quoted me something like $2400 for just the Model 3.  I initially went with Tesla insurance, which was cheap at $40-$60 per month based on my driving, but I didn't like the way it worked.  I ended up going with Progressive for $400 the first six months and $500 every six months after that.  

I know a lot of people get quoted crazy high rates, I did too, but I wonder how often they don't shop around.  This doesn't just apply to EVs either.  When I was younger I just had Nationwide forever.  One day I decided to ask my agent about it, mid 2000's I think this was, and she was able to switch me over to Geico for around 1/3rd of the price.  Obviously EVs are more expensive on average for a number of reasons but it always pays to shop around.",1,True
UgxYh8lIq5hQFEvZSK14AaABAg.A2a5uSzjmoSA2cUpVXeCy7,comment,52O3cYsyZMo,UgxYh8lIq5hQFEvZSK14AaABAg,True,@rsawyer757,@Nickbaldeagle02 I've replied to your comment twice now but it seems to be getting deleted or something...   Hopefully this one sticks.  I'm including a lot less detail this time.  My insurance for my current 2023 Model 3 RWD is about the same as it was for my 2019 Honda Passport.  I just had to shop around a little bit.  It was even much cheaper with Tesla insurance but I didn't like the way that it worked.  I assume insurance would be a little bit more for the performance than the RWD if for no other reason than it's more expensive.,2,True
Ugxgmwe0eLiyq9cAJMp4AaABAg,comment,52O3cYsyZMo,,False,@sakenu16,Click like if you think all Tesla models look the same,0,True
Ugy-_BF9cFBmkqYNmjd4AaABAg,comment,52O3cYsyZMo,,False,@Icon-imaging,Does the driver's seat have an adjustable lumbar bolster support like the prior Model 3 Performance?,0,True
Ugy-_BF9cFBmkqYNmjd4AaABAg.A2a5nahq6k7A2e2VBL2ZGF,comment,52O3cYsyZMo,Ugy-_BF9cFBmkqYNmjd4AaABAg,True,@Just_a_random_birb,Yes,1,True
UgxJblS85TYGf2mbnn94AaABAg,comment,52O3cYsyZMo,,False,@The_Reductionist,If only rhe fixed the button situation... Something like the hummer ev - a screen with buttons underneath for climate controls etc. Oh well - I assume they know their Audience,0,True
Ugyh0p7Blvh9vDxhDEh4AaABAg,comment,52O3cYsyZMo,,False,@pastelthedevil2662,I as well have a bias from the rear,0,True
UgyokW6pWVeWC-NQ4X14AaABAg,comment,52O3cYsyZMo,,False,@jebber411,Really should’ve put a note saying it is eligible for the US EV point of sale tax credit. Therefore cheaper than the long range Model 3. Definitely a better deal than your hybrids.,0,True
UgzUDwiGc8vMyUp9MLp4AaABAg,comment,52O3cYsyZMo,,False,@scottbalak7123,"Is it a 2.9 with or without roll out?  :)  I mean that's quick, but my 2020 M3P is ~3.2  That was totally my thought process.  Where else can I get a 3.2s car for $53k.  40k miles and still going strong.",0,True
UgxaS3QInmFZCMtRrKF4AaABAg,comment,52O3cYsyZMo,,False,@Epiha,"Wait my refresh 3 has push buttons. I like them a lot, so is it only for the performance that they changed it?",0,True
UgxQlw7WwS5Pt79FriJ4AaABAg,comment,52O3cYsyZMo,,False,@dudedood12345,MKBHD fawning over Elons crappy cars because he is buddy buddy with him... I see..,0,True
UgyD_f6Gvvd_yuGrDON4AaABAg,comment,52O3cYsyZMo,,False,@Mr.Substantial,This is their most appealing car.,0,True
UgwDbbelH2igLZ8Cgl54AaABAg,comment,52O3cYsyZMo,,False,@alexschwalbach8229,"Those ""hyper speed"" tags are really tacky. Gives me big pay for a blue checkmark energy.",1,True
Ugx0xmDXX4aBUwo7C9N4AaABAg,comment,52O3cYsyZMo,,False,@KekszNET,It makes only sense on the German autobahn (unlimited),1,True
UgwivRz4sU15VrIdq454AaABAg,comment,52O3cYsyZMo,,False,@Juancastim135,"How could you not do a launch, just for fun 😂",1,True
UgwX4QNcIOotoFChnMJ4AaABAg,comment,52O3cYsyZMo,,False,@siennahyena8412,People in the comments are talking like 50k isn't a lot for a car. Jesus. My house is only 230k. So this car is worth roughly a 4th of my home? No shot.,0,True
UgwX4QNcIOotoFChnMJ4AaABAg.A2a58SKfVDVA2a6TI_Xst8,comment,52O3cYsyZMo,UgwX4QNcIOotoFChnMJ4AaABAg,True,@luxaley,"I think there’s an implied “in comparison to other electric cars” when they say that. Of course there are other cheaper and more affordable cars, but for a “performance” electric car it’s better compared to others",0,True
Ugwt4ipmnnSLq6X37e14AaABAg,comment,52O3cYsyZMo,,False,@hunterbsmith,"Who would pay $100,000+ for 1 second less going 0-60mph? This car is a great deal.",1,True
UgwC__hdhvx8D4s7RRx4AaABAg,comment,52O3cYsyZMo,,False,@maverickbonato8164,Around 45k with tax credit is hella nice ngl,0,True
UgxGO9xDrq-bCMjDzN54AaABAg,comment,52O3cYsyZMo,,False,@TheDarkPreacher65,"Just watching this video, I could see how uneven the panel gaps were all over the car. They're subtle, sure, but the irregularities are there. Biggest example? The small gap near the headlights. On one side, it's a wider gap than the other.",0,True
UgzLryQA3PdtE5SEqgh4AaABAg,comment,52O3cYsyZMo,,False,@ac3arcadia,"""0-60 in 2.9 seconds!"" Who cares after launching it a few times? Especially when re-selling it for 1/3 of the value after a few years?",0,True
UgzHAUFQR3NJ1cQ3ZLV4AaABAg,comment,52O3cYsyZMo,,False,@AlistairGale,"For some reason I’m getting a lot of Space Ghost content shoved to me on YouTube, but forgive me from saying that this thumbnail suggests that Moltar is rocking it.",0,True
UgzeUTHQQKFj-yyafdJ4AaABAg,comment,52O3cYsyZMo,,False,@redo3138,I personally would not care even if it made 0-100 in 0.1 sec. I have an electric car but going back to petrol. Electric does not do it for me. I am sorry.,0,True
UgzJSGxQ8yQexokWrfd4AaABAg,comment,52O3cYsyZMo,,False,@TwistedShrapnel,Tesla Roadster. Vaporware.,0,True
UgwEkgAyDEKDZO7s2a54AaABAg,comment,52O3cYsyZMo,,False,@TheNewMediaoftheDawn,"Meh, it’s boring, same basic 7 year old design,,,  Unless you’re a racer, I’d way rather the Polstar 2 on style and elegance alone, 0-60 is overrated.",2,True
Ugy2TNM56BbXIr2ifCF4AaABAg,comment,52O3cYsyZMo,,False,@gypsyemperor7535,This is an insane bargain in usa. Sub 50k is wild,0,True
UgzBsi1LTpmuskfMCox4AaABAg,comment,52O3cYsyZMo,,False,@yalim7960,"Well...i would pass a soulless car in a performance expectation. Besides,i find EVs more harmful to the planet compared to ICE. Comparing only driving emission is like dropping your trash in your neighbor's backyard",0,True
Ugy-8pvFRuj4ICgDtnR4AaABAg,comment,52O3cYsyZMo,,False,@Hiluxtaco,"It doesn't matter how fast it is, if the build quality is still terrible. Oh, and the resale value is atrocious .. 🤢",0,True
UgyLO-u3u0QD9JKkZcR4AaABAg,comment,52O3cYsyZMo,,False,@joshualewis3337,This is way more accurate than the top gear video,0,True
UgwDjwGiAHGaaCI6CWF4AaABAg,comment,52O3cYsyZMo,,False,@joeslowy,is there a reason telsanians can't use Gen or Mark as the identifier for when there are design changes?,0,True
UgwvVKRHQcrfH6l65lJ4AaABAg,comment,52O3cYsyZMo,,False,@nizarr.b128,You need to get a look at SU7 from xiaomi it's more than I thought ❤,0,True
Ugxym4v0ALJDQnokgbt4AaABAg,comment,52O3cYsyZMo,,False,@SpL7,I have been waiting for this 12:34  review! Thanks! Hopefullly it gets released soon so i can order it.,0,True
UgyJZCMxzBZWTlC2yI54AaABAg,comment,52O3cYsyZMo,,False,@gregmoreau693,"So, dude, you sometimes complain about mileage. Know what completely burns up battery? Going 0 - 60 as fast as you can. Enough with that. Because really? That's what's important? Not important.",1,True
Ugzl7c7TS_Jo03N4DD14AaABAg,comment,52O3cYsyZMo,,False,@1littlelee,Hes such a tesla fanboy!,0,True
Ugw2u16zdMekJVpK4wp4AaABAg,comment,52O3cYsyZMo,,False,@mrgoodliffeeqrcode,how could one man have so much….. power?,0,True
UgyW6w-fJ6Px9QR4jFV4AaABAg,comment,52O3cYsyZMo,,False,@slapstra1970,Why? We've been over this!,0,True
UgxJKquzw-BjGVVgOXV4AaABAg,comment,52O3cYsyZMo,,False,@itsTheGshow,We back baby. Tesla is the best.,0,True
UgwN6LU6hBUN8SKRoFB4AaABAg,comment,52O3cYsyZMo,,False,@ArthurMorgan6645,Maybe dial down the sharpness a bit?,0,True
Ugy3yfzsmEv22-HF8A54AaABAg,comment,52O3cYsyZMo,,False,@3v3rhard,"The real problems are the interior (including lack of basic control functionality), brand value and depreciation. Other then that its a very impressive car for the price.",0,True
UgwyFhif8ZfcDwDmBoJ4AaABAg,comment,52O3cYsyZMo,,False,@Idiotsincarshere,Over/under 6 months before price is reduced.,1,True
UgwxYspkPMc6R0MB3Jh4AaABAg,comment,52O3cYsyZMo,,False,@chargeheads,Great overview! Thanks for this from all the Chargeheads out there 😉⚡️💯,0,True
UgyrTe-N7Omx33FdBXN4AaABAg,comment,52O3cYsyZMo,,False,@khackett7,Can this video usher in an era where we don’t pretend 0-60 matters still?,0,True
UgwLjAEt94HmtC_lzEt4AaABAg,comment,52O3cYsyZMo,,False,@jimmykris9127,Xiao mi Su7 ✅,0,True
Ugw2N-62JnM_v2bsVW94AaABAg,comment,52O3cYsyZMo,,False,@dominiclagonigro7093,these are getting crazy with 0-60 that most people don't need.  I am concerned of safety for the people that can't handle this speed,0,True
Ugw2N-62JnM_v2bsVW94AaABAg.A2a2mJNsa2jA2bF9mrey6_,comment,52O3cYsyZMo,Ugw2N-62JnM_v2bsVW94AaABAg,True,@Nickbaldeagle02,Nature will decide.,1,True
UgyPHz-x0RrHnSuRPxF4AaABAg,comment,52O3cYsyZMo,,False,@tonyn3227,"Great car, but power is hardly more than previous version,only 510 hp, why not more.",0,True
UgyniUDuIZUm5sROSXR4AaABAg,comment,52O3cYsyZMo,,False,@haselhofler,"Feel like the front should be standard for all M3. And the performance should add onto that front with 1-2 carbon fiber details to match.
Great looking car anyhow!",0,True
Ugzh8j4Za7sfuihik5B4AaABAg,comment,52O3cYsyZMo,,False,@EmuTested,Looks like he's in Palo Alto,0,True
Ugyah8mR3jZkgRBYAKZ4AaABAg,comment,52O3cYsyZMo,,False,@allenzcw,"Not sure what phone Marques was using to film the video, but it's pretty bad quality.",0,True
UgzRuWYC7eLCq9Nstnl4AaABAg,comment,52O3cYsyZMo,,False,@hechter80,Zeeker 001 FR ist the fastest Model 3 😏,0,True
UgxLeVY_rkdlqkvMcjZ4AaABAg,comment,52O3cYsyZMo,,False,@gltovar,Good call out on the capacitive steering wheel buttons.,2,True
Ugya1ayhI50-QRT-F5h4AaABAg,comment,52O3cYsyZMo,,False,@gregtheelectricviking,Time to upgrade my sports car 2011 Audi TTS to this 🎉😂,0,True
Ugzz54sopJrfETJwWuF4AaABAg,comment,52O3cYsyZMo,,False,@pinolero.,Instead of tumbleweed you get plastic waste.,0,True
Ugy7SsIYf_JM0XkCenx4AaABAg,comment,52O3cYsyZMo,,False,@imicca,Finally custom regen,0,True
UgxKWieq-Ntc5MQ0J3d4AaABAg,comment,52O3cYsyZMo,,False,@hrowlands,He didn’t launch it!,0,True
UgwvzvXw_zRon1QxbkV4AaABAg,comment,52O3cYsyZMo,,False,@eeblatter,If Porsche made it for 2x that price people would be flipping out.,0,True
UgzQb-JeHJvD5JV_kZt4AaABAg,comment,52O3cYsyZMo,,False,@Y2Kvids,Xiaomi su7 vs this,0,True
UgxlA1vm6PmCHXLrEgx4AaABAg,comment,52O3cYsyZMo,,False,@ivanjovanovic362,Still electric shit that you need to charge 2 hours,0,True
UgyS9_dUFCFq_566ddh4AaABAg,comment,52O3cYsyZMo,,False,@JZabala22,Okay I need to see a video of this model 3 drifting,0,True
Ugx-lW23-hpwzXtXfBB4AaABAg,comment,52O3cYsyZMo,,False,@amphybious,They have added the front facing camera for parking?,0,True
UgyNZQvuREFuk5eIK-d4AaABAg,comment,52O3cYsyZMo,,False,@imicca,"Aluminium, not aluminum",0,True
UgxSbgPn5ee7dINUoCp4AaABAg,comment,52O3cYsyZMo,,False,@solussd,"I like capacitive buttons- they won’t wear out, shit won’t get stuck in them, they feel real enough.",0,True
Ugw_JfC_LPU7l1mDWs94AaABAg,comment,52O3cYsyZMo,,False,@xxxx880,Is that a custom ridge wallet? Looks like a trove but isn't? Interesting.,0,True
UgxPbEJESq_f0uv_MJJ4AaABAg,comment,52O3cYsyZMo,,False,@sebastienaugsburger,marques enjoying his time in Orange County,0,True
UgwF7sBeDcXtL1Yz6Hd4AaABAg,comment,52O3cYsyZMo,,False,@VaunShiz,🥱🥱,0,True
UgwxgxvFFDGvfgfGyIJ4AaABAg,comment,52O3cYsyZMo,,False,@camplethargic8,"3:22 That small spoiler will have no effect on 'balancing the overall down force on the car'. If it has any effect at all, it may somewhat disrupt the area of drag-producing low pressure created behind a vehicle moving through air, and even then it will be a relatively tiny change with normal operating conditions.",0,True
UgwxgxvFFDGvfgfGyIJ4AaABAg.A2a1W0DS0_3A2adYyZ3Hms,comment,52O3cYsyZMo,UgwxgxvFFDGvfgfGyIJ4AaABAg,True,@waynerussell6401,Original Model 3P did not get full speed software boost until the back ordered spoiler was fitted.,0,True
UgwFIqC8MYfnzoh1hCp4AaABAg,comment,52O3cYsyZMo,,False,@blueridge8992,"Ugh, disable HDR on the 15 Pro. It’s super broken.",0,True
UgzXNFvu4VtH89a9m714AaABAg,comment,52O3cYsyZMo,,False,@theredmonkey,"The plaid is $30k more. It's a third cheaper, not the same class.",0,True
Ugx9rhxhwwprCTpQvOF4AaABAg,comment,52O3cYsyZMo,,False,@speedracer9132,Didn’t you just say in another video not to buy things based on future promises? 🤔🤔🤔,1,True
Ugyvv3GcufjrYBNzC6N4AaABAg,comment,52O3cYsyZMo,,False,@Boston_Pilot,"Love the way you stayed out of the conversation over FSD and how,it doesn’t work now, and never has. Lol…..",0,True
UgxZqVNwkzWjubGqS9x4AaABAg,comment,52O3cYsyZMo,,False,@KlipdGames,5:19 “they see me rollin. They hatin”,0,True
Ugw0TqIPqtBOvgoB7o14AaABAg,comment,52O3cYsyZMo,,False,@TestarossaF110,"1234 time video, nice.",0,True
UgzQ92t7OTIbzeL_J0d4AaABAg,comment,52O3cYsyZMo,,False,@Chevy2U,"Sorry, not a game changer for most to boost sales.",0,True
UgzNUI8yPyBGscde4Lh4AaABAg,comment,52O3cYsyZMo,,False,@TestarossaF110,12:34 nice,0,True
UgzY3douxoU8MxsNjVF4AaABAg,comment,52O3cYsyZMo,,False,@nkstudio101,Looks like the new PRIUS ;-))),0,True
UgzY3douxoU8MxsNjVF4AaABAg.A2a1C0dbr_HA2a1LieFshr,comment,52O3cYsyZMo,UgzY3douxoU8MxsNjVF4AaABAg,True,@Lukadoinkkic,lol not even close,0,True
Ugyk2Vc84q1f0KCBAhN4AaABAg,comment,52O3cYsyZMo,,False,@viazel2796,I really don't like TESLA. Give me a Prius that is close enough.,0,True
Ugyk2Vc84q1f0KCBAhN4AaABAg.A2a17WOT1t2A2a1NNAp5SP,comment,52O3cYsyZMo,Ugyk2Vc84q1f0KCBAhN4AaABAg,True,@Lukadoinkkic,Prius ain’t it,0,True
UgxzQ3epggcIWMemJGF4AaABAg,comment,52O3cYsyZMo,,False,@BoRjAeStEvE,"no parking sensors on a 50k+ car lmao
""iT dOeSnT nEeD tHeM"" bruh the camera metrics are ass",0,True
Ugwx-hQHTUAKVb-arwF4AaABAg,comment,52O3cYsyZMo,,False,@GRC7769,Black paint with the black wheels looks good.,0,True
UgzdtK3Wy36R4Zitd7R4AaABAg,comment,52O3cYsyZMo,,False,@spacep0d,"Good review! I really like the seats and the seat cooling, along with the improved suspension and power. 2.9s to 60 is impressive. I don't love the look of the front end as much, but I love the back end styling. Apparently choosing non-stock colors removes the rebate because the price gets too high? I would only consider Ultra Red! One way around that is to get the color that allows one to qualify for the rebate and then have it wrapped with quality wrap from a qualified installer (don't cheap out on wraps). Gray or Black are the best colors if one is planning a wrap. 

Either way, great car. I'm glad I bought a pristine 2023 Model 3 Performance for 40k. Saved a bit of money and I prefer its styling and its real stalks. I know I'll sweat in the summer if I wear shorts on those ""vegan leather"" seats! :D",0,True
Ugx3QoWAvqyF-Dh8jMl4AaABAg,comment,52O3cYsyZMo,,False,@jaker3151,6:14 I thought he was going to point at the alignment.,1,True
Ugy-be3M47Y4PE6k7nt4AaABAg,comment,52O3cYsyZMo,,False,@seanplace8192,"*This car:* Does an 11 second run on the 1/4 mile.
*Also this car:* Doesn't get constantly pulled over by the police for looking illegally modified.",1,True
UgyKuDlUjhJwgXzWoJ14AaABAg,comment,52O3cYsyZMo,,False,@uday1001,Please donate this car to each and every shivan Adiyar family in Chidamabaram by end of this year.,0,True
UgyJdTTY0svT6VXCu9Z4AaABAg,comment,52O3cYsyZMo,,False,@Gchi89,wonder how long it will be before this gets recalled too,0,True
UgzE8Q8z_aAV1OEZdOp4AaABAg,comment,52O3cYsyZMo,,False,@ElMistroFeroz,"""So under 60K, for a sub 3 seconds 0-60 car, that does 163 mph on this tires, I feel it's still on a pretty good spot""
Really? Find something better at that price range.",0,True
Ugz38CF3nHeeQIW5Ixl4AaABAg,comment,52O3cYsyZMo,,False,@jaquesgeron8951,1234,0,True
UgzBtZMf10e6_GjnL1x4AaABAg,comment,52O3cYsyZMo,,False,@victorsvidss,8:27 *Tesla files for bankruptcy after mkbhd said that*,1,True
Ugw7rKysMzjX2ToQx854AaABAg,comment,52O3cYsyZMo,,False,@eg6racer101,"""Aftermarket' is a better term than '3rd party' when it comes to cars.",4,True
UgzoY37lDQNMid_Mbg14AaABAg,comment,52O3cYsyZMo,,False,@earlyzoomer,Oh yeah we buying,1,True
UgzFDYpO5DhRtfqGE0h4AaABAg,comment,52O3cYsyZMo,,False,@donaldhenderson1870,Elon brought you the car and Biden brought you the inflation by printing money.,0,True
UgxomTXJ5TY2tKBdtgN4AaABAg,comment,52O3cYsyZMo,,False,@rikramer1,It takes a special level of dumb to buy a Tesla these days,0,True
UgxylKaJsupb42SHqDR4AaABAg,comment,52O3cYsyZMo,,False,@Driv300mph,"Waiting for a video that doesn't start with ""alright"" 🤣",0,True
UgwCVsbW3-t8rydR5Z14AaABAg,comment,52O3cYsyZMo,,False,@kingoftennis94,Is this car even announced? Wtf,0,True
UgyqpXK3WCSFe8uXt4l4AaABAg,comment,52O3cYsyZMo,,False,@Cope_93,youve forgot the adaptive dampers. wouldve like to see where it is in the menu and if it really feels different on the different modes.,0,True
UgzZtgRxccEqetKTmdF4AaABAg,comment,52O3cYsyZMo,,False,@josevnueva7,I think I can cannibalize sales of the S.,0,True
UgxHuf626pqGdFXjV3B4AaABAg,comment,52O3cYsyZMo,,False,@SamSam-qm1li,"Wow, that's an excellent car",0,True
Ugy35Yz254MgwMGlpWh4AaABAg,comment,52O3cYsyZMo,,False,@thu6muff1n,"Bruh, 52K for this is WILD value.",0,True
UgxZR3_eTItRpESuO3J4AaABAg,comment,52O3cYsyZMo,,False,@pyramo3170,"I owned a 2020 model 3 performance and I had a lot of fun with it. No it didn’t make noise but you could still be a maniac. But, I gave up on it last year because it kept breaking and the interior was falling apart. 

I’m enjoying a V8 now and won’t go back until they get it together.",0,True
UgxDhY8XCmlvc9w6mH14AaABAg,comment,52O3cYsyZMo,,False,@computeraidedworld1148,I don't think it's the lack of noise that makes these things soul-less. Just one look at the interior is what does it for me.,0,True
UgxJMrSGnHzk-3QNElh4AaABAg,comment,52O3cYsyZMo,,False,@dannyjay2121,MKBHD was scared by the bottle.,1,True
UgzVj1yuXcDjPy-HUrp4AaABAg,comment,52O3cYsyZMo,,False,@lynxlecher9547,It's so stupid looking. Can't wait till they go bankrupt.,0,True
UgxDJ2hGR0j8d8B-qv94AaABAg,comment,52O3cYsyZMo,,False,@sbazain,"incredible a little car like that can make a Chiron tremble and you can buy how many of this fro the price of a Chiron if its just for the speed , dont get me wrong a Chiron is Chiron but Jesus",0,True
UgxbFyaHmeu5h2Sv_jl4AaABAg,comment,52O3cYsyZMo,,False,@orange_turtle3412,"“Tesla told me…”

So what you said is instantly completely invalid and should not be taken seriously.",0,True
UgxbQfIKgcL3kBFxL794AaABAg,comment,52O3cYsyZMo,,False,@pfd1970,"We don't need another fast BEV or a faster BEV. We need AFFORDABLE BEVs at this point. Ugh, stupid Tesla.",0,True
UgzhOCa-mUpSjMu9v9h4AaABAg,comment,52O3cYsyZMo,,False,@otheremail123,Just noticed: model Y long range lease $180 a month in the US.,0,True
UgxdgSqvxD1Vq34PlmZ4AaABAg,comment,52O3cYsyZMo,,False,@RobertSchmitt,Was model S pricing updated? Showing 73k Base for that and 88k for Plaid. Wild 15k difference for Model S and doesn't include any upgraded wheels!,0,True
Ugw0riBrxkuHebXod_p4AaABAg,comment,52O3cYsyZMo,,False,@Crytical8494,Does anyone buying a 3 care about top speed? Range would seem to me to be waaaay more important to most people.,0,True
UgytcfcWuFg3VkkKHHJ4AaABAg,comment,52O3cYsyZMo,,False,@rcuadro,Drag strip launch?!?!?,0,True
UgyNkGzdqADXvLJ16a14AaABAg,comment,52O3cYsyZMo,,False,@joelplatt2651,The simping in this comment section is wild 😂,0,True
UgzWWotFJ30iPUenJep4AaABAg,comment,52O3cYsyZMo,,False,@FLG8r,is it still a good time to buy any Tesla model amidst the layoffs of 10% of its workforce?,0,True
UgzWWotFJ30iPUenJep4AaABAg.A2a-RHyou5DA2bElCPxmEZ,comment,52O3cYsyZMo,UgzWWotFJ30iPUenJep4AaABAg,True,@Nickbaldeagle02,Yes. They're laying off because sales have dropped.,0,True
UgyB4QsMZpiKmhFVE4p4AaABAg,comment,52O3cYsyZMo,,False,@IReapZz95,still waiting for the refreshed model y which is their best seller. Not sure what the holdup is all about,0,True
UgyI3SRVg7LRf4A-Mep4AaABAg,comment,52O3cYsyZMo,,False,@kennywithacamera,Do the rear windows roll ALL the way down now?,0,True
UgyCdXUqw7rSen-cujB4AaABAg,comment,52O3cYsyZMo,,False,@Joe_Pope,"I feel most manufacturers don’t do much to their top of the line vs mid range car is the same model like the bmw 440,435  vs the m4  mainly the engine and small changes… some sort of splitter there, different colors here. Maybe a new bumper boom +50k",0,True
UgwrPaqqug-DdgokKmd4AaABAg,comment,52O3cYsyZMo,,False,@yugi-motor,Holy shit that’s so much value,1,True
UgzxS_B3p-R6Ij2htcR4AaABAg,comment,52O3cYsyZMo,,False,@davidburgemont8972,"When you said “we” that didn’t include me, as I love the buttons on the steering wheel",0,True
Ugz-r71CO0e1gUjX3it4AaABAg,comment,52O3cYsyZMo,,False,@BiiYAAAA,"Lord have mercy .. welp all about the passion for us Petrol heads now its over .. 2.9 seconds, good handling, 52K .. Dodge Charger SRT's stop racing its over.. 🤣🤣🤣😂😂😂",0,True
Ugx32VTyeC4rZlTYgZV4AaABAg,comment,52O3cYsyZMo,,False,@Electobat,Is there any chance you could please compare this to other offerings.  Compare driving style for the money.  Also longevity.  As a bonus look at the difference between manufacturers and see who is profitable.  Ultimately assess all the information and provide a balanced outcome.,0,True
Ugy-c6AyS1wvKytDxHR4AaABAg,comment,52O3cYsyZMo,,False,@UndiciGiga,So many 2020 Tesla Roadster design elements. Love it,55,True
Ugy-c6AyS1wvKytDxHR4AaABAg.A2a-4xuf5H4A2a5J9q1Ghu,comment,52O3cYsyZMo,Ugy-c6AyS1wvKytDxHR4AaABAg,True,@larryc1616,2025 Roadster will be using this M3P platform,5,True
Ugy-c6AyS1wvKytDxHR4AaABAg.A2a-4xuf5H4A2dafApHqMQ,comment,52O3cYsyZMo,Ugy-c6AyS1wvKytDxHR4AaABAg,True,@emrefifty5281,@larryc1616Proof ?,0,True
Ugw0qafqYvB9TToPVcx4AaABAg,comment,52O3cYsyZMo,,False,@SneakerGallery845,Can you say something positive about tesla stock prices concern me. And its just been bad news after bad news,0,True
UgzvXaO2oEARI-36T4R4AaABAg,comment,52O3cYsyZMo,,False,@SuperShawn2020,Switched my long range to this one - TODAY,0,True
UgzvXaO2oEARI-36T4R4AaABAg.A2_zwMPbhlnA2a1lZu7Wl2,comment,52O3cYsyZMo,UgzvXaO2oEARI-36T4R4AaABAg,True,@Lukadoinkkic,"How did you do it? Did you have to cancel your order and order again? It wouldn’t let me modify it, so I had to order again for 250",1,True
UgzvXaO2oEARI-36T4R4AaABAg.A2_zwMPbhlnA2a2Q9-Ij4t,comment,52O3cYsyZMo,UgzvXaO2oEARI-36T4R4AaABAg,True,@SuperShawn2020,@Lukadoinkkic - I literally walked around the corner to our Tesla Service Center and asked them if I could do it. The rep made an inquiry and I received an email from Tesla with the confirmation.,0,True
UgyJkUXlNqJtxmHcLpR4AaABAg,comment,52O3cYsyZMo,,False,@starofdarkness71,Who're these people,0,True
UgxaiiFIzOdjoIB7UhV4AaABAg,comment,52O3cYsyZMo,,False,@FSDwithme,bad @#%in' ass!,0,True
UgyyFlJsixhwFN7dklh4AaABAg,comment,52O3cYsyZMo,,False,@michaeltitle8424,No black headliner still 😬😬😬,0,True
UgzeNf1SlAxPcq2MxYV4AaABAg,comment,52O3cYsyZMo,,False,@AhmedFarahat2,Car is great but the video quality is bad.,0,True
UgxHHx6z2B4RbtUnZmJ4AaABAg,comment,52O3cYsyZMo,,False,@bosstowndynamics5488,"And despite being the current top level trim, they still couldn't be asked to include a dashboard. In a performance car.",0,True
UgxLSIu7l0rB0Z4YqUZ4AaABAg,comment,52O3cYsyZMo,,False,@MrInternFTL,You should try to review the Ioniq 5 N,0,True
UgxZ_zquPlOaagN2VyN4AaABAg,comment,52O3cYsyZMo,,False,@SoCalVipers,"That car will be a blast on a race track or auto-x.  It doesn't make financial sense for me, but I would happily trade my Plaid for that plus a Cybertruck.",0,True
UgyFstRT5OvTWg_K39J4AaABAg,comment,52O3cYsyZMo,,False,@Bimmer_i4_M50,Gladly taking my i4 over the Tesla every day.,0,True
Ugy4rKYskmgI-jZcz594AaABAg,comment,52O3cYsyZMo,,False,@matthewvernon8876,TESLA..COME ON!  If a buyer wants the tax credit AND wants the black/white interior and a color besides base- price goes over by $500 then disqualifies for the tax credit,0,True
UgzQMjmyvCUvwdGwvvp4AaABAg,comment,52O3cYsyZMo,,False,@giovannifoulmouth7205,"I wish you'd have compared it to the MS Plaid especially the handling and braking, bc this seems like the new best Tesla you can buy.",0,True
UgwOi__Mshs3Zi9wzXF4AaABAg,comment,52O3cYsyZMo,,False,@abeni2000,The camera video is shit BTW,0,True
UgwOi__Mshs3Zi9wzXF4AaABAg.A2_ywXXQpxjA2_z1-7SG-t,comment,52O3cYsyZMo,UgwOi__Mshs3Zi9wzXF4AaABAg,True,@MrInternFTL,It’s an iPhone,0,True
UgwkB1XYBdBH4hxn5094AaABAg,comment,52O3cYsyZMo,,False,@Jon-ky6st,Marques Brownlee needs a stig!,0,True
UgwqAo8tjCCgWjTKX1p4AaABAg,comment,52O3cYsyZMo,,False,@MrPoolmaster11,"$52,990 for the Model 3 Performance + $7500 EV tax credit = $45,990 for the brand new Tesla Model 3 Performance

AMAZING DEAL!",0,True
Ugz7u_-vsTY-8Q7JYj14AaABAg,comment,52O3cYsyZMo,,False,@ivica_maric,Wow very nice looking Car. I like it in that color with that wheels.I have SR 2024 and im very happy with it. But Performance model look way more better outside to me. 😊,0,True
UgySnO2tVkVWbbSkwy14AaABAg,comment,52O3cYsyZMo,,False,@daniloreyes2,wow,0,True
UgwyUOChJ0pU4-ZDglJ4AaABAg,comment,52O3cYsyZMo,,False,@Bimmer_i4_M50,Is Tesla measuring „Tesla style“ again with 1 foot rolloff? Show me a draggy run 0-60 in sub 3 seconds.,0,True
Ugy_Bmu7bv7i8pBusT54AaABAg,comment,52O3cYsyZMo,,False,@dot6102,"funny how this is ""new"" in US, yet I've been seeing it regularly on the streets in Europe for at least 4 months",1,True
Ugy_Bmu7bv7i8pBusT54AaABAg.A2_yUb3wZw-A2_zCD6GX6V,comment,52O3cYsyZMo,Ugy_Bmu7bv7i8pBusT54AaABAg,True,@MrInternFTL,The performance?,0,True
Ugy_Bmu7bv7i8pBusT54AaABAg.A2_yUb3wZw-A2a-PBB5yEc,comment,52O3cYsyZMo,Ugy_Bmu7bv7i8pBusT54AaABAg,True,@dot6102,@MrInternFTL I've never asked the owner but it looked identical to the one that's reviewed in the video,0,True
Ugy_Bmu7bv7i8pBusT54AaABAg.A2_yUb3wZw-A2a-k68dbOs,comment,52O3cYsyZMo,Ugy_Bmu7bv7i8pBusT54AaABAg,True,@MrInternFTL,@dot6102 might of been Tesla staff testing the car. It’s been officially announced today,0,True
Ugy_Bmu7bv7i8pBusT54AaABAg.A2_yUb3wZw-A2a02OzqUhL,comment,52O3cYsyZMo,Ugy_Bmu7bv7i8pBusT54AaABAg,True,@Bimmer_i4_M50,@dot6102all Tesla Model 3 look identical. That’s what makes it so damn boring.,0,True
UgyMWqFFivb-ATONK-R4AaABAg,comment,52O3cYsyZMo,,False,@davejohnson6144,"I ordered mine, now I’m just afraid how much it’s going to be worth 1,2, or 3 years from now ?  I hope I don’t lose a sh#tload like owners who bought the Plaid in 2021 !",0,True
UgxtnWolM0gQVQ0bu1d4AaABAg,comment,52O3cYsyZMo,,False,@MrMrbrianbechtel,"Why does Elon think making the electric car super fast, instead of weighing WAY less and having a better range is the path to large adoption?",0,True
UgxtnWolM0gQVQ0bu1d4AaABAg.A2_yPuUDifvA2_ztZUOyUZ,comment,52O3cYsyZMo,UgxtnWolM0gQVQ0bu1d4AaABAg,True,@bruhder5854,"Can't reduce weight because vast majority of EV weight is its battery. You can reduce weight by reducing battery size which will directly reduce range. Right now, by far the biggest bottleneck is how inefficient the current gold standard of battery technology, lithium is. Until we get some major breakthroughs in new battery tech (which we'll likely see this decade), this is how evs are going to be.",0,True
UgzgIULztya6gVEj0eN4AaABAg,comment,52O3cYsyZMo,,False,@ggezlol-,Does anyone know if this also use the LFP battery of the standard range model 3?,0,True
UgzgIULztya6gVEj0eN4AaABAg.A2_yOU4eXPeA2adHYI-v3r,comment,52O3cYsyZMo,UgzgIULztya6gVEj0eN4AaABAg,True,@eh-rihk7972,It doesn’t,0,True
UgxbEAR4i1UepozMnHN4AaABAg,comment,52O3cYsyZMo,,False,@shreyashkolhe7887,Why american people think having touchscreen over physical buttons is a safer option 😮😮,0,True
Ugyp21m-vnor32AEjlV4AaABAg,comment,52O3cYsyZMo,,False,@johny1220,I need this car man haha it’s so awesome! 🥹,0,True
UgxoWBm-VAjT4sOkWQB4AaABAg,comment,52O3cYsyZMo,,False,@alexdelilla,Why is so important if a car can go 0-60 in 3 seconds? It supposed to be better for the environment but it seems everyone is buying this for status and for a party trick…boys will be boys.,0,True
UgxbIyKZXIM0vK-gsqJ4AaABAg,comment,52O3cYsyZMo,,False,@Budumpum,"Who cares? It’s Tesla, it’s rubbish. Acceleration doesn’t matter on the road. And everything else about it is just a waste of money",0,True
UgxbIyKZXIM0vK-gsqJ4AaABAg.A2_yE9hXpt0A2_zUYEr8Md,comment,52O3cYsyZMo,UgxbIyKZXIM0vK-gsqJ4AaABAg,True,@MrInternFTL,Acceleration and handling are the only things that matter on the road when it comes to performance cars vs normal cars,0,True
UgwDs-fMb7Uet9aKUNF4AaABAg,comment,52O3cYsyZMo,,False,@BanTeslaX,"Great effort to increase stock, Good work elon to fund these moto vloggers",0,True
UgzAJG0yrmrE5mlCaCx4AaABAg,comment,52O3cYsyZMo,,False,@thuraya53,Aaaand elon will be in a mood.   Drop the price.  Then everyone  underwater.   Respect elon musk intelligence but unpredictable.,0,True
UgyTrnwr-qTC3714lzl4AaABAg,comment,52O3cYsyZMo,,False,@nikomega2,"No stalks is a dealbreaker but crazy they can do this for €52k Euro in my country (Ireland, which generally taxes the HELL out of cars)",0,True
UgzAJKRlvIAx8fdl03d4AaABAg,comment,52O3cYsyZMo,,False,@Nimbus_2k,"I don’t mind the haptic buttons in the steering wheel, makes it feel more sophisticated",0,True
UgxBfsCxg9MDoTmfYD54AaABAg,comment,52O3cYsyZMo,,False,@Ryval_OW,I like the capacitive buttons over the physical buttons. So it's down to opinion.,0,True
Ugw5lph6fjgv3pTRsxJ4AaABAg,comment,52O3cYsyZMo,,False,@lukasmenkhoff9035,Your captions are not consistent my friend..,0,True
Ugw3ceAJLa4xeK2mdO54AaABAg,comment,52O3cYsyZMo,,False,@rayEvo9mr,Drift mode ??? 😮,1,True
Ugwkkg8BnRYfaJFSZ5d4AaABAg,comment,52O3cYsyZMo,,False,@davejohnson6144,But how is the ride quality??? I thought it had adjustable suspension? Does it feel as good as the Dual Motor Highland 3 ????,0,True
UgzvHrzdNRVviy4mhOh4AaABAg,comment,52O3cYsyZMo,,False,@harrykey2448,Teslas are quick....especially depreciation.,0,True
Ugwew32FVPj8hrk36Q94AaABAg,comment,52O3cYsyZMo,,False,@Lowtier510,Is worth me upgrading from my 2020 Performance model? Currently at 65k runs as if it was new still getting 295 at 100% and 240 at 80%!!  No issues with my car at all need some help😭,0,True
Ugwew32FVPj8hrk36Q94AaABAg.A2_xpsLEWNxA2_zpAQGdA2,comment,52O3cYsyZMo,Ugwew32FVPj8hrk36Q94AaABAg,True,@MrInternFTL,"Not really, it’s a good car but you’re taking a massive depreciation hit for minor performance bumps and a better interior. Unless you’re dying for an upgrade I’d stick with the 2020 until I was ready to upgrade",0,True
UgzuM0i2Oig8M6zYnFl4AaABAg,comment,52O3cYsyZMo,,False,@satyakorrapati,Grate car 😊,0,True
UgygNTfVFcuN4eSdVE94AaABAg,comment,52O3cYsyZMo,,False,@colinhernandez8140,I'm blown away by the price...,0,True
UgygNTfVFcuN4eSdVE94AaABAg.A2_xkXU_noLA2bFTMZyVuM,comment,52O3cYsyZMo,UgygNTfVFcuN4eSdVE94AaABAg,True,@Nickbaldeagle02,The cost of insurance will blow you away too 😅,0,True
UgxtUGtHLaq5EA42EfJ4AaABAg,comment,52O3cYsyZMo,,False,@jc7109,"back seat space ""normal"" Honest if a 6'3"" person can sit behind a 6'3"" person that's plenty of space for a small sedan like this",0,True
Ugx9KC_3qEwMmhsR64Z4AaABAg,comment,52O3cYsyZMo,,False,@caseydavidphillips,I spy Placerita Canyon and the nature center 👀! Greta job!,0,True
UgyOd70CHdFe0fT7WX94AaABAg,comment,52O3cYsyZMo,,False,@kingkontinuum,Cadillac Blackwing better,0,True
Ugwvdxg1n3q4VojZfSF4AaABAg,comment,52O3cYsyZMo,,False,@ryansmithc,Crazy seats. Impressed.,31,True
UgxDZalv3k4XcV3JxGV4AaABAg,comment,52O3cYsyZMo,,False,@SamLeporeGroup,I want one,0,True
UgxGB0ZFhqc7o8cePcd4AaABAg,comment,52O3cYsyZMo,,False,@sagesends,+1 for telling tesla to stop with the capacitive buttons. Nobody wants that! Not a single person! Stop!,0,True
Ugw5oJYMnf8-2Vrybm14AaABAg,comment,52O3cYsyZMo,,False,@PeterparkerSlaps,I knew it was gonna be marques who gets it first,0,True
Ugw5oJYMnf8-2Vrybm14AaABAg.A2_xayViLryA2bJGTG31fX,comment,52O3cYsyZMo,Ugw5oJYMnf8-2Vrybm14AaABAg,True,@Nickbaldeagle02,... along with everyone else,0,True
UgxslFbIMw0DHvqr32Z4AaABAg,comment,52O3cYsyZMo,,False,@WhiteWi,More like less than 50k ! It gets 7.5 fed tax credit,0,True
UgxslFbIMw0DHvqr32Z4AaABAg.A2_xax645p-A2_zwRKTtrL,comment,52O3cYsyZMo,UgxslFbIMw0DHvqr32Z4AaABAg,True,@MrInternFTL,Don’t they stop that at 50k for sedans? Only the Model Y would be eligible,0,True
UgxslFbIMw0DHvqr32Z4AaABAg.A2_xax645p-A2ahADl86mu,comment,52O3cYsyZMo,UgxslFbIMw0DHvqr32Z4AaABAg,True,@WhiteWi,@MrInternFTL nope,0,True
Ugy8Dfb5NLQf7WX8PZN4AaABAg,comment,52O3cYsyZMo,,False,@abhibhat966,YouTuber Almost Breaks the Internet...By Putting a Case on His iphone?!**,0,True
UgzOH1OZkb7G99q1qHh4AaABAg,comment,52O3cYsyZMo,,False,@ryanevans2655,Basically identical weight to a BMW M3 competition with all its fluids. Mind-blowing. Probably a touch lighter than a fueled up M3,1,True
UgzOH1OZkb7G99q1qHh4AaABAg.A2_xZMeZWRtA2a--dV5IS_,comment,52O3cYsyZMo,UgzOH1OZkb7G99q1qHh4AaABAg,True,@MrInternFTL,The G80 is a great car but man is it heavy,1,True
Ugy498IEdIBRvBejFKx4AaABAg,comment,52O3cYsyZMo,,False,@dtallornothing,Now if only we could get the upgraded MY 🤤,0,True
UgxhObzaBwJGxOna0MZ4AaABAg,comment,52O3cYsyZMo,,False,@josephd356,Bro knows what he's doing realeasing this one a few hours before earnings,0,True
UgzYlCubJsoz7OwtTQx4AaABAg,comment,52O3cYsyZMo,,False,@nicoxis,Anybody thinks this video is really over sharpened?,0,True
UgwZ3XfBC9rdG5W3y4Z4AaABAg,comment,52O3cYsyZMo,,False,@dvsadversary,I love how he says a car that does 0-60 and top speed of 163mph is a daily driver... Not many I.C.E's can boast that.,0,True
UgwZ3XfBC9rdG5W3y4Z4AaABAg.A2_xVcq5WNBA2a-4mUpccB,comment,52O3cYsyZMo,UgwZ3XfBC9rdG5W3y4Z4AaABAg,True,@MrInternFTL,Maybe not at 52k to start,0,True
Ugxrvd018evVES9dOih4AaABAg,comment,52O3cYsyZMo,,False,@dysonforbes,"Tesla need to update their body, they look dated. You say it looks more aggressive but it still has that brutal tail end.",0,True
UgyERcTlPMVsE64n_JZ4AaABAg,comment,52O3cYsyZMo,,False,@macaron3141592653,"8:20 They did it because tech reviewers like you excused Tesla getting rid of basic physical controls for almost everything else. Tesla wanted to save even more money and decided to get rid of stalks, which are more expensive to make than even physical buttons. Putting climate controls, lights, wipers, and safety system controls in a screen behind menu's are already a step too far.",0,True
UgyJWcXIDayVqM7NXJh4AaABAg,comment,52O3cYsyZMo,,False,@zhongxina2614,"Did Apple start sponsoring you? Why write ""Shot on iPhone 15 Pro""?",2,True
Ugx65jtbhrU8deMl3El4AaABAg,comment,52O3cYsyZMo,,False,@Fuji_Joitsa,"I used a 1 dollar sticker to correct the problem of the steering wheel turning upside down after turning it at any angle.
https://youtu.be/vKuIL99bwRI",0,True
Ugyy1tj9fy3x8Nt1Cud4AaABAg,comment,52O3cYsyZMo,,False,@markphillips1439,"Man…it will still be awhile before I can afford a car like this, but the value here is incredible. I cant wait.",0,True
Ugyy1tj9fy3x8Nt1Cud4AaABAg.A2_xHtTd79eA2a9FW6j0-e,comment,52O3cYsyZMo,Ugyy1tj9fy3x8Nt1Cud4AaABAg,True,@killkiss_son,Same 😂 I'm 17 so going to wait a while,0,True
Ugw-gnXjmDzI63fcFJ94AaABAg,comment,52O3cYsyZMo,,False,@joeb2415,"What was this shot on? It’s too sharp on mobile, can see dust like crazy lol",0,True
Ugy1d_Pbj9XMzm0j0Cl4AaABAg,comment,52O3cYsyZMo,,False,@ricardo762,Time to end another company MKBHD😂.,0,True
UgwVVpDYBlONL6l7xgt4AaABAg,comment,52O3cYsyZMo,,False,@OCmarkiep,"1:52 This looks like Alum Rock park, amirite?",0,True
UgyfpjJ9JghRsnKbBtR4AaABAg,comment,52O3cYsyZMo,,False,@cgreenfield6655,Elon definitely saw this already and is putting physical buttons back in....,0,True
UgwsYFeh1siGQOnEVmx4AaABAg,comment,52O3cYsyZMo,,False,@kee2316,"aww man, i'll wait 3 years and getting tesla",0,True
Ugymc2KqAkNVwiYSlml4AaABAg,comment,52O3cYsyZMo,,False,@evelynayew6475,I think this video is shot on iPhone,0,True
UgzZEvzeDIIsWbLBl1F4AaABAg,comment,52O3cYsyZMo,,False,@StruckByPerformance,"Eh, give it 5 minutes before the wow factor wears off and instead of any EV, you'd rather drive a Miata lol",0,True
UgwL0fBUzEaTneqqr1l4AaABAg,comment,52O3cYsyZMo,,False,@evanetter,"The timing, the bots in the comments, this is 100% to buffer tonight’s earnings",0,True
UgwTQe4LYCQnrjoFfHJ4AaABAg,comment,52O3cYsyZMo,,False,@TheLegohead123,Why don’t they make good looking rims :(,1,True
UgxN-Hf1aE6QQgt_uSJ4AaABAg,comment,52O3cYsyZMo,,False,@turbskiking4365,"I wish  they made it an option to get Black interior for the headliner, maybe alcantara or something",0,True
UgwH8wH76kyDUO2iyf94AaABAg,comment,52O3cYsyZMo,,False,@nielshunniche1,A lot better location 🥷,0,True
Ugz8w9vNCdC0m4KHum54AaABAg,comment,52O3cYsyZMo,,False,@emanuelV8,"Tesla after 10 Years - nobody wants buy 
BMW M / Mercedes AMG / Porsche - after 10 Years ? Price increases 💎",0,True
UgxM0l3zANhyLF1la_V4AaABAg,comment,52O3cYsyZMo,,False,@GT-22,Wow! This is actually an amazing deal! Looks sweet too! Inside and out 👌👌,2,True
Ugz0QkEIcKFAVeFK-254AaABAg,comment,52O3cYsyZMo,,False,@goldsquadron,Would've been better to make a bunch of comparisons to the outgoing model 3 performance instead of the model S.,17,True
UgznyHvgwWhTFKpaMB94AaABAg,comment,52O3cYsyZMo,,False,@thisiswilson,You guys know speeding is illegal 🤭,0,True
UgwCqm6_c1p9KHEHDSh4AaABAg,comment,52O3cYsyZMo,,False,@nerdy4382,You’d probably get more attention covering the car than just letting it sit in plain sight… for 99.99% of the population it’s just a Model 3,0,True
UgwsyFylvsvYDhiHSrB4AaABAg,comment,52O3cYsyZMo,,False,@AhmedATamimi90,Would love to have it.,0,True
Ugw8w0Ulpn2raUXF7NV4AaABAg,comment,52O3cYsyZMo,,False,@Budautosd,BRING BACK THE CLICKY BUTTONS!  NOONE LIKES TOUCH SCREEN TYPE BUTTONS!,0,True
UgxxM17Ab7fFFwLt8ON4AaABAg,comment,52O3cYsyZMo,,False,@just4abdu2238,"Marques gonna get canceled for
Not picking up the water bottle 😂😂",0,True
UgxI8WE__-a4HXaoiL94AaABAg,comment,52O3cYsyZMo,,False,@ChiragPatel-xs8rb,LMFAO That water bottle,0,True
UgxBUt-ifWRFl2ql-AB4AaABAg,comment,52O3cYsyZMo,,False,@TCGreggy,"Please leave my company a bad review so that when I fail, I can blame you and never have to improve myself because I can just blame you and everybody else. Please!!",0,True
Ugwrta3G7XuSTgTqmd94AaABAg,comment,52O3cYsyZMo,,False,@BenjaminWinrow,I own a 2020 M3P with nothing owing. I am considering the upgrade to this one but I was hoping for a quicker 0-100 and launch control (not sure if it has it or not). My only confusion is it has ludicrous badging and motors that are capable of >600 BHP but they call it the performance and give it 510 BHP - anyone else thinking its software locked at they will release either a highly modded ludicrous version or a software unlock to release ludicrous mode?,2,True
Ugx4fRtRfcqkgox0wr54AaABAg,comment,52O3cYsyZMo,,False,@Huppol-l4t,Amazing and exciting car. And yet so boring.,0,True
UgzkjiE_aTTJWR4wtmt4AaABAg,comment,52O3cYsyZMo,,False,@eduards2790,The spoiler does not look functional. The diffuser possibly does something.,0,True
UgyuE3BltYH-43rE42N4AaABAg,comment,52O3cYsyZMo,,False,@tianyuashershang8800,"On Tesla's Website, it is 40,490 including a 7500 tax credit and 5 years gas savings... cheaper than the long-range model...",0,True
Ugxt0ZIm37kgzcvQ9d14AaABAg,comment,52O3cYsyZMo,,False,@superclementz,Shame on the steering wheel situation and missing stalks. The other changes are very nice additions.,0,True
Ugxt0ZIm37kgzcvQ9d14AaABAg.A2_w9wkheq6A2bEu9W0a9U,comment,52O3cYsyZMo,Ugxt0ZIm37kgzcvQ9d14AaABAg,True,@Nickbaldeagle02,Enhance Auto are working on stalks. Prototype expected soon. Check out the s3xy buttons.,0,True
UgzJ6T6NZORKr0iOi6R4AaABAg,comment,52O3cYsyZMo,,False,@gendotss,55k for something that keeps dropping in price to sell more before quarterly meetings so you pay 55k while someone pays 45. No physical buttons and just a center screen and no glove box button either. I encourage folks to checkout bmw i4. Price range is similar but customizability is far more than what model 3 offers and alot of the customizability is free as well. Build quality is top notch and you enjoy your driving experience,0,True
UgzJ6T6NZORKr0iOi6R4AaABAg.A2_vpcoLM4wA2_w4oxr0xD,comment,52O3cYsyZMo,UgzJ6T6NZORKr0iOi6R4AaABAg,True,@HarrisonAdAstra,"Mr BMW, is that you?",2,True
UgwCcisCwZL3CZGwcX14AaABAg,comment,52O3cYsyZMo,,False,@stardarkk,omg,0,True
UgyxBnrJccaWkKGoKJV4AaABAg,comment,52O3cYsyZMo,,False,@pr0n3d,That is awful 😞,0,True
UgyxBnrJccaWkKGoKJV4AaABAg.A2_vlpW-iY6A2_w8FRac_N,comment,52O3cYsyZMo,UgyxBnrJccaWkKGoKJV4AaABAg,True,@HarrisonAdAstra,Are we watching the same video,0,True
UgwarzJPMySbLt2CGKp4AaABAg,comment,52O3cYsyZMo,,False,@Dimitriedmr,"I think capacitive buttons are better, because physical ones degrade over time.",1,True
Ugx2gYtlNzmctsZMoUN4AaABAg,comment,52O3cYsyZMo,,False,@graphicshop1,"Hey Marques, the (Soul-less) Model 3 Performance is quicker than a 911: Elon on X. I think he just shut you down!",0,True
Ugx2gYtlNzmctsZMoUN4AaABAg.A2_vhJU2jRiA2a0gtyH7Eb,comment,52O3cYsyZMo,Ugx2gYtlNzmctsZMoUN4AaABAg,True,@NomenClature-o8s,There’s so much more to having an engaging car than 0-60.,0,True
Ugx2gYtlNzmctsZMoUN4AaABAg.A2_vhJU2jRiA2eWWUnLWyl,comment,52O3cYsyZMo,Ugx2gYtlNzmctsZMoUN4AaABAg,True,@graphicshop1,"​@NomenClature-o8s Like what?Entertainment, Games, Self Driving Handling, Safety, Range..what?",0,True
UgwdWAuS_yKIh88V6w14AaABAg,comment,52O3cYsyZMo,,False,@colorblindkid720,Old performance wheels looked nicer,0,True
UgyKG6sh3WrTuldeH1x4AaABAg,comment,52O3cYsyZMo,,False,@flyshacker,"You are an excellent reviewer!  The only other thing I expected was more of a drive. 👍 I would love to get one of these.  But where I live with 5 months of snow, I need a CyberTruck.",0,True
UgyKG6sh3WrTuldeH1x4AaABAg.A2_vZlH5QOCA2a5yg04OcP,comment,52O3cYsyZMo,UgyKG6sh3WrTuldeH1x4AaABAg,True,@DavidCallMusic,"The low ride height might be an issue, but honestly with two motors and all wheel drive, this is just as good as, say, other 4wd sedans like Audi quattros. Save for the fact that you will lose a fair amount of energy, and thus range, if it's super duper cold out.",0,True
UgyKG6sh3WrTuldeH1x4AaABAg.A2_vZlH5QOCA2a6YPVVKkD,comment,52O3cYsyZMo,UgyKG6sh3WrTuldeH1x4AaABAg,True,@flyshacker,@DavidCallMusic I don’t know. This model is also lower than other Model 3s. It’s a fair weather fun mobile. I need something that raises up with beefy tires.,0,True
UgwFnIRfqucgu2K8poZ4AaABAg,comment,52O3cYsyZMo,,False,@Chris21709,What is max regen power in track mode?  More than the standard 85 kW?,0,True
UgzWAr0IPqWHdoHO_Tl4AaABAg,comment,52O3cYsyZMo,,False,@airshok78,Incredible car,1,True
UgwDgZ8vp7f5ZxeVWPF4AaABAg,comment,52O3cYsyZMo,,False,@Slime.trd24,Tesla looks so boring not going to lie .,0,True
UgzOl7P-i9lL0ZmuoJl4AaABAg,comment,52O3cYsyZMo,,False,@Brisingr750,"""ludacrisly quick""? Didn't expect there to be an easter egg in the description box",0,True
UgxO-HRYX8upno8eMJN4AaABAg,comment,52O3cYsyZMo,,False,@RIVvideos,52k and you get 7500 back? And its cheaper than the LR? I don't get it,1,True
UgzXVliEd4btFO5Ze494AaABAg,comment,52O3cYsyZMo,,False,@Yormsane,"Tesla brought back the round steering wheel in the X and S, now they need to bring back column stalks across the range. Capacitive buttons are a dead-end, nobody wants - or likes - them",0,True
UgwyYOMtCkZWVfHYrlB4AaABAg,comment,52O3cYsyZMo,,False,@Sharukh007,"According to Tesla, Model 3 performance is federal tax credit eligible. $45,490 after tax credit is an amazing deal for a sub-3 second car.",0,True
UgzrSmranNQ2Smokh8B4AaABAg,comment,52O3cYsyZMo,,False,@shivanshkavatra7376,"could you add the updates in a way they would be more readable, like a small pop up from the left with the background of red & black(mkbhd theme) with font color white or just black background(autofocus theme).😊",1,True
UgwWotUTxz3QL2OsONd4AaABAg,comment,52O3cYsyZMo,,False,@DhrubaBandopadhyay,It's only 460HP in UK 😭😭😭,1,True
UgwWotUTxz3QL2OsONd4AaABAg.A2_vT9MZbG_A2bDYMsWMxJ,comment,52O3cYsyZMo,UgwWotUTxz3QL2OsONd4AaABAg,True,@Nickbaldeagle02,"US gallons and UK gallons are different.
Same for HP. It's the same power in UK. We use PS for HP.
But ultimately it's the same 2.9s to 60 so stop fretting.",1,True
UgxF7N_DmHdeG1OYbx14AaABAg,comment,52O3cYsyZMo,,False,@psedoali,Elon is your boyfriend obviously,0,True
UgwqgRCrf-dVroprZ854AaABAg,comment,52O3cYsyZMo,,False,@Luksans,The phone you recorded video on did not handle the light well😭,0,True
UgyhBB1C1JYsFXh6EHN4AaABAg,comment,52O3cYsyZMo,,False,@junehanzawa5165,"Under $60,000? It's actually $45,490 after the $7,500 federal rebate, which it qualifies for, unlike the other Model 3's.",0,True
UgyqyhPpAwe2DlJ4hv14AaABAg,comment,52O3cYsyZMo,,False,@victor9,"Welp another company bankrupt by his review😔 what a shame, tesla was a promising startup😭",1,True
UgyaF8bplMWEtiJBTEB4AaABAg,comment,52O3cYsyZMo,,False,@bradbankson3670,Bought it,0,True
UgxZ84V-z-qEvVOPbr54AaABAg,comment,52O3cYsyZMo,,False,@itechMako,Best ever,0,True
UgynDrDW-oTpc4kzYIl4AaABAg,comment,52O3cYsyZMo,,False,@Anktual,"Are you using a smartphone to record the video? The dynamic range, color shift, fps lagging and artificial sharpness are hurting my brain.",0,True
Ugx8ReX5VLCunndE3nh4AaABAg,comment,52O3cYsyZMo,,False,@thinktank800,i need this.,0,True
UgyUhR5Fa7D7N0WhDgp4AaABAg,comment,52O3cYsyZMo,,False,@olek-dol,What came first - auto focus name or channel idea?,0,True
UgzjU-FtkJWyoHhRnJB4AaABAg,comment,52O3cYsyZMo,,False,@nikbos-s6z,What's the price of the other 2.9s 0-60 cars?,0,True
UgzjU-FtkJWyoHhRnJB4AaABAg.A2_vBsmliEBA2a0OMTsq5v,comment,52O3cYsyZMo,UgzjU-FtkJWyoHhRnJB4AaABAg,True,@Bimmer_i4_M50,"If I measure my i4 M50 the same way Tesla does it also does a 3.0 😂 and it was 4k more expensive that a M3P. But I got HUD, Laserlights, matt paint….",0,True
UgzjU-FtkJWyoHhRnJB4AaABAg.A2_vBsmliEBA2bHYWNz1j9,comment,52O3cYsyZMo,UgzjU-FtkJWyoHhRnJB4AaABAg,True,@Nickbaldeagle02,10 grand,0,True
UgxGju2qrYV_FUzAT-d4AaABAg,comment,52O3cYsyZMo,,False,@Leo_Topin,LUDACRIS SPEEEEEEED! GOOOOOOOOOOOOOOOOOOOOOOO!,0,True
Ugx4BeNJ9eUXrqzUGjp4AaABAg,comment,52O3cYsyZMo,,False,@Johnwilkesbooth-69,I wanna touch his hair,0,True
UgwVjGZ5Yv2gsxCxCl14AaABAg,comment,52O3cYsyZMo,,False,@VadersFirst,I love this new way Tesla is doing by using big influencers to help with announcing things. This is a great way for me to hear about it,0,True
UgwVjGZ5Yv2gsxCxCl14AaABAg.A2_v6cowd9YA2_z6QlWdAr,comment,52O3cYsyZMo,UgwVjGZ5Yv2gsxCxCl14AaABAg,True,@Lando_Sage,"You mean, doing what the rest of the car and tech world have been doing??? Lol.",2,True
UgyPh7l9GY0FrnbHbHF4AaABAg,comment,52O3cYsyZMo,,False,@MrSpaha-kx7ie,It’s way too cheap,0,True
UgxuSxrtxWMTTnj4-RZ4AaABAg,comment,52O3cYsyZMo,,False,@plumber2145,If the an EV is soulless compared to a gas car then a gas car is soulless compared to a horse,0,True
Ugw8pf-r_a-8Fmd0Yex4AaABAg,comment,52O3cYsyZMo,,False,@Brisingr750,"""Shoutout to California weather"" felt that all the way to Connecticut",0,True
Ugxok_RNDuXIDHL-AR54AaABAg,comment,52O3cYsyZMo,,False,@Draxi_1,The buttons look very pressable but not clicky. 🤔,0,True
UgzI8PFYGhWj26DJKXl4AaABAg,comment,52O3cYsyZMo,,False,@ranig2848,"$45,490 (for most people eligible for $7,500 tax credit - which you get when BUYING the car, no need to wait a year for tax return). That's the BEST sports car you can buy for the price, and doesn't even take into consideration gas savings and lower maintanance costs.",1,True
Ugw0nyWX8L2twy980Pp4AaABAg,comment,52O3cYsyZMo,,False,@martinneuwirther4644,what a boring video 😂 no drifts no fun ... feels like fully paid and must do it . 😂,0,True
Ugw1Bu-I6dM-qm-kZVx4AaABAg,comment,52O3cYsyZMo,,False,@AZBMWS,"For $53K, that's kinda crazy. It's got the same overall performance figures as a new M3/M4 xDrive for only 60% of the cost.",1,True
Ugw1Bu-I6dM-qm-kZVx4AaABAg.A2_uk_WMStrA2_yxjz8C3N,comment,52O3cYsyZMo,Ugw1Bu-I6dM-qm-kZVx4AaABAg,True,@Lando_Sage,"True. It helps that it shares most parts with the other 2 trims, and having the spartan interior really cuts down on costs.",0,True
Ugw1Bu-I6dM-qm-kZVx4AaABAg.A2_uk_WMStrA2a-qo4bxEf,comment,52O3cYsyZMo,Ugw1Bu-I6dM-qm-kZVx4AaABAg,True,@Bimmer_i4_M50,Same performance. 😂 Till the first corner.,0,True
UgzwlIMF17FJw5gU4b14AaABAg,comment,52O3cYsyZMo,,False,@philipp594,Firm feels sporty but isn't. Firm means you have less contact with the road. You are slower. I wish car makers would stop making their cars worse by overdampening them.,0,True
UgzLxZnBGaoQpIUK0r54AaABAg,comment,52O3cYsyZMo,,False,@DJ.Simplist,I've got the previous model 3. I'm keen on this new performance variant. Looks sick!,1,True
UgyuyT-BZvSIDVOshKt4AaABAg,comment,52O3cYsyZMo,,False,@MuitoDaora,"2:29 ""removable aero caps"". Grabs by the spoke and claims that couldn't get them off.",3,True
UgyuyT-BZvSIDVOshKt4AaABAg.A2_uh9SVw1KA2e1XQddjMu,comment,52O3cYsyZMo,UgyuyT-BZvSIDVOshKt4AaABAg,True,@Just_a_random_birb,Auto trader removed them….,0,True
UgyjLXdaSI_XnEsesrh4AaABAg,comment,52O3cYsyZMo,,False,@WeAndOur,"Wow, 80K views in just 0-1 hour? That’s more than Top Gear, AutoTrader, and Supercar Blondie COMBINED! Incredible start for a newer channel!🎉🎉",0,True
UgyjLXdaSI_XnEsesrh4AaABAg.A2_uc1qsKbdA2_uiYkoB88,comment,52O3cYsyZMo,UgyjLXdaSI_XnEsesrh4AaABAg,True,@banon7853,Thank YouTube I didn’t seek it out lol,0,True
Ugz4p9IetrYudsHvV4Z4AaABAg,comment,52O3cYsyZMo,,False,@firestorm117,"It should be ""Ridiculous Speed"", as that was what was between Light Speed and Ludicrous Speed in Spaceballs.",0,True
UgwdJOzyKorpHRL5oQp4AaABAg,comment,52O3cYsyZMo,,False,@iGorillaTech,Looks like Sunol-Pleasanton area,0,True
UgwwRdiOdyNcCfOEEel4AaABAg,comment,52O3cYsyZMo,,False,@tomtowo,some nice jordan 1 retro *wink* *wink*,0,True
Ugw166t7SYaxUtOJH9B4AaABAg,comment,52O3cYsyZMo,,False,@dusman3520,Beast of a car & qualifies for fed EV rebate in 🇺🇸,1,True
UgyA091HzKbf1T-eZVd4AaABAg,comment,52O3cYsyZMo,,False,@siddharthasudhir,"MKBHD: Can You not?

Le Can: Sorry I cannot not😂. @oversimplified",0,True
UgxPXrK559z_sK0_udN4AaABAg,comment,52O3cYsyZMo,,False,@buckyzona,bro forgot to drive it,0,True
UgwyS1JgbJHcfdEo5wh4AaABAg,comment,52O3cYsyZMo,,False,@jesuisrobert808,solid review.  thanks!,1,True
Ugz6sZY6MMQc0R9i7jh4AaABAg,comment,52O3cYsyZMo,,False,@s.tunafish,"Maybe it's because of the trees in the background, but this video looks really good. I first thought this was shot in cinematic mode or something like that.",0,True
UgzJ1RGQc3sQoPMoUI14AaABAg,comment,52O3cYsyZMo,,False,@paramgandhi14,$45k after tax credit is insane,0,True
Ugy0Wtu-JzQD8Fm8DbF4AaABAg,comment,52O3cYsyZMo,,False,@tuckerhaslett8162,"On the clicky buttons: when I test drive a m3 LR a few weeks ago, it was nice. It was clicky like you had to press not just touch. I wonder why it’s just the performance model and not the regular one? I liked the buttons in that.",0,True
UgyAk3pAEtRWxwlPtBR4AaABAg,comment,52O3cYsyZMo,,False,@banon7853,"When he closes the door, did you notice it sounded like a suitcase closing or dare say a German car",0,True
UgwYrcuiNlLHh9gImq94AaABAg,comment,52O3cYsyZMo,,False,@BandenTCY,I shoulda waited for this before I rushed to get the Model 3 Long Range last month.. i sure do hope a trading option is available in Malaysia when the Performance model arrives,11,True
UgwYrcuiNlLHh9gImq94AaABAg.A2_u8gl6YkJA2av4m2vays,comment,52O3cYsyZMo,UgwYrcuiNlLHh9gImq94AaABAg,True,@romansenger2322,"Everybody and their grandma knew this will come in a short. Why, man? Why have you done this?",1,True
UgwYrcuiNlLHh9gImq94AaABAg.A2_u8gl6YkJA2b67yqJt-F,comment,52O3cYsyZMo,UgwYrcuiNlLHh9gImq94AaABAg,True,@BoyanCoaching,I have the LR and don’t see the performance as special enough to justify an upgrade…,1,True
UgwYrcuiNlLHh9gImq94AaABAg.A2_u8gl6YkJA2fS7WU1M1h,comment,52O3cYsyZMo,UgwYrcuiNlLHh9gImq94AaABAg,True,@adrielshahbazi-matin7446,Exactly! Especially with the price cuts. ​@BoyanCoaching,0,True
UgyxJlGyCwQqfkRJAQd4AaABAg,comment,52O3cYsyZMo,,False,@PokeBowl82,"Really like the new frontend, but way too fast for me. We own a Highland Model 3 and have set the acceleration to Chill.",0,True
UgwwmOulTCG6jYSgfs94AaABAg,comment,52O3cYsyZMo,,False,@artur_air,Can you not?😂,0,True
Ugz-bh9wnN8cu6ib_D94AaABAg,comment,52O3cYsyZMo,,False,@wakeNbakery42069,all i’m gonna say is that if I saw a performance and a lr next to each other it’s going to take a while to figure out which is which - they’re just too similar imo,0,True
UgyFcok7BtWuOp8fMvx4AaABAg,comment,52O3cYsyZMo,,False,@maerklin29800,"Bro wtf
32% more peak power
So WHICH Model 3 Performance only hat 386 peak hp?!",1,True
UgyFcok7BtWuOp8fMvx4AaABAg.A2_u0bWeRPJA2_u7Z-TL23,comment,52O3cYsyZMo,UgyFcok7BtWuOp8fMvx4AaABAg,True,@JohnSmith-pn2vl,HP is a meaningless way to measure actually,0,True
UgyFcok7BtWuOp8fMvx4AaABAg.A2_u0bWeRPJA2_vNDz7Qsf,comment,52O3cYsyZMo,UgyFcok7BtWuOp8fMvx4AaABAg,True,@maerklin29800,@JohnSmith-pn2vl no because hp IS is the unit for power,0,True
Ugw89In_-2AO6pYerg14AaABAg,comment,52O3cYsyZMo,,False,@TERM-n6k,It’s a disappointment cause my current one does 0-60 in 2.8 with my current setup having light weight wheels and my performance tires. Mine is a 2023 model 3 performance. It’s literally the same car performance wise.,0,True
Ugw89In_-2AO6pYerg14AaABAg.A2_u-bsPpp1A2_vhAk-jd9,comment,52O3cYsyZMo,Ugw89In_-2AO6pYerg14AaABAg,True,@河粉-k1h,Thank you for speaking the truth out.,0,True
Ugw89In_-2AO6pYerg14AaABAg.A2_u-bsPpp1A2_whsKyp8u,comment,52O3cYsyZMo,Ugw89In_-2AO6pYerg14AaABAg,True,@TERM-n6k,@河粉-k1h Yeah like I was expecting better performance with the new one like at least a 2.5 0-60 and a top speed of 175 mph. It looks like I will just keep mine until the wheels fall off. But overall just get the long range it’s the best out of the lineup.,0,True
Ugzl6NBfr0cGT6MKwDl4AaABAg,comment,52O3cYsyZMo,,False,@jrocxzs,It qualifies for the tax credit while the long range does not. So it’s essentially only about $3K more expensive and it’s well worth it.,0,True
UgxoivBjkW3ZPE2ZUbB4AaABAg,comment,52O3cYsyZMo,,False,@bboytails0101,TAKE MY MONEY,0,True
UgwDiGocdEzTddgXsk94AaABAg,comment,52O3cYsyZMo,,False,@CrackingCloche333,So glad this video exists / been looking for ever since the announcement,1,True
Ugz8Br_Dz6-6Sm_EgKV4AaABAg,comment,52O3cYsyZMo,,False,@Jaylikescar,Youre right Id go with plaid or plaid + if they ever make it lol,0,True
Ugxoif-uBtl0q7RPo5B4AaABAg,comment,52O3cYsyZMo,,False,@PizzaGolf,You need to move to California !,0,True
UgyS6tLGeq0fBJaFUFt4AaABAg,comment,52O3cYsyZMo,,False,@nxtlvlshort,Crazy car. Price is insane. Have to order one,1,True
UgyPtxOs8g9kExd5QLZ4AaABAg,comment,52O3cYsyZMo,,False,@adamgourmand,Nice speed but the range on this car is terrible lmao you only get like 250 miles in real world driving conditions,0,True
UgxNJy0lZnnjexdc-u94AaABAg,comment,52O3cYsyZMo,,False,@河粉-k1h,Kissing Tesla nonstop.. When are you going to acknowledge the cybertruck is the worst quality of all vehicles you've reviewed. Just like what you did you well for AI Pin.,1,True
UgzLW8jph9nvfqBCfw54AaABAg,comment,52O3cYsyZMo,,False,@jeevan_rdy,shoutout to magnets,0,True
UgwmMaKyokrttsW-YT94AaABAg,comment,52O3cYsyZMo,,False,@bothBlenders92,"This is why Tesla can do something crazy like the CT, they deliver on the fundemtials for a standard car.",0,True
UgzD-3ME4pgtoNqt5814AaABAg,comment,52O3cYsyZMo,,False,@thetechswift5549,That color is giving ❤,1,True
UgyLUCyrTPISezKyv794AaABAg,comment,52O3cYsyZMo,,False,@carveratutube,"Personally, I think this car is ugly af",0,True
UgzNhcfhlO3uBsk-zpN4AaABAg,comment,52O3cYsyZMo,,False,@andreasl4507,Tesla gotta get new models going. All teslas look the same.,1,True
Ugz9BEeUv5XF4mbYRph4AaABAg,comment,52O3cYsyZMo,,False,@DavidGarciajrtx,I rather not have clicky buttons,0,True
UgyiFtFjcR8-hRh9Q4N4AaABAg,comment,52O3cYsyZMo,,False,@alpenfoxvideo7255,"I want it, I have the money, but I'll try to wait at least 1 year",0,True
UgwJWXX1iQWU3r44lj94AaABAg,comment,52O3cYsyZMo,,False,@thetransferaccount4586,telsa is a scam,0,True
UgzIdGISOJ2LDFGrTcZ4AaABAg,comment,52O3cYsyZMo,,False,@xKinzox,i would have loved to see a black/white headliner depending on what you choose for the seat color.,0,True
UgxlgPiRSl6Q0rASVcJ4AaABAg,comment,52O3cYsyZMo,,False,@GRAFHC,"Neat stuff but Musk going kind of crazy has ruined Tesla for so many, it's a real shame.",0,True
UgyZAX__0MUmSelOH2t4AaABAg,comment,52O3cYsyZMo,,False,@Throbtometrist,Not having a mechanical latch to open the glove box is such a backwards step. It’s not just Tesla.,0,True
UgyAY20_b59kwjtDXGR4AaABAg,comment,52O3cYsyZMo,,False,@xfuture3762,"2.9 0-60 for $45,000 is unheard of",0,True
UgxVZGnn4Ok7TZ-FNeJ4AaABAg,comment,52O3cYsyZMo,,False,@abc123fhdi,with tax incentive it's actually cheaper than long range.,0,True
UgwBNXxdcSu36t5gunF4AaABAg,comment,52O3cYsyZMo,,False,@nicoloscaravaggi9271,Why the EU version has a different battery? 460hp 3.1s,0,True
Ugwwcr3o7GzEvg7GHBB4AaABAg,comment,52O3cYsyZMo,,False,@Deetroiter,Why is it always the same 2-3 people getting first dibs at these review units…,1,True
Ugy2vDPc7LVDwxq3jhN4AaABAg,comment,52O3cYsyZMo,,False,@StevenWong-d1y,STONK,0,True
Ugysm9yW7Mr_v_6KC8h4AaABAg,comment,52O3cYsyZMo,,False,@okmozzy,"You know im good with this one, always wanted the model s but im good with this to.",1,True
UgzNNTjjhNQ9Uy7b-354AaABAg,comment,52O3cYsyZMo,,False,@griffd2004,"Just $45.5k with the tax credit ! No brainer at that price, as there is no better value in the auto industry. Glad to see MKBHD coming off his hybrid kick ;)",2,True
UgxPVvdBW0Q_k5Xmwit4AaABAg,comment,52O3cYsyZMo,,False,@ChiefLunar,That car is so bad ass,6,True
Ugw-j5zUfLZaCfJv4W14AaABAg,comment,52O3cYsyZMo,,False,@Mis_guidedz,Got the base last week…..fuck,1,True
Ugw0FtQZuV8Fjm2lDgx4AaABAg,comment,52O3cYsyZMo,,False,@peopleschoice1457,0-60 in 2.9 secs has no practical purpose therefore it's not a deal maker for serious customers,0,True
Ugw0FtQZuV8Fjm2lDgx4AaABAg.A2_sbJvlWJYA2_uYrMwvOf,comment,52O3cYsyZMo,Ugw0FtQZuV8Fjm2lDgx4AaABAg,True,@JohnSmith-pn2vl,that's actually the most important thing for any performance car owner period,0,True
Ugw0FtQZuV8Fjm2lDgx4AaABAg.A2_sbJvlWJYA2_vzhaC8yd,comment,52O3cYsyZMo,Ugw0FtQZuV8Fjm2lDgx4AaABAg,True,@peopleschoice1457,@JohnSmith-pn2vl that's not a deal maker or breaker especially for the price range of 60k dollors with the most expensive after after market parts,0,True
Ugz2YFUWYFa-b1bvId94AaABAg,comment,52O3cYsyZMo,,False,@kafiluzTheReal,"My 2cents about the new Model 3P compared to the old one:
+ Bigger trunk opening
+ Better performance
+ Probably less clatter potential
+ New Price!
- I love the wood application in the old M3
- I don't like that new LED Strip and how rounded this new cockpit is 
- Prefered the old headlight design",0,True
UgxpFp_vYzubyBHk9E54AaABAg,comment,52O3cYsyZMo,,False,@markjada,2.9 0-60 at 50k is a steal,152,True
UgxpFp_vYzubyBHk9E54AaABAg.A2_saakBk81A2aqgfDxda4,comment,52O3cYsyZMo,UgxpFp_vYzubyBHk9E54AaABAg,True,@HifeMan,How fast is the 0-60 without rollout?,3,True
UgxpFp_vYzubyBHk9E54AaABAg.A2_saakBk81A2azpsC9kU4,comment,52O3cYsyZMo,UgxpFp_vYzubyBHk9E54AaABAg,True,@Abcdefghjjkk,"@HifeManIn European, 0-100kph its 3,1s.",3,True
UgxpFp_vYzubyBHk9E54AaABAg.A2_saakBk81A2b69EEAgkW,comment,52O3cYsyZMo,UgxpFp_vYzubyBHk9E54AaABAg,True,@Ekooo0,Stealing your money 😂,1,True
UgxpFp_vYzubyBHk9E54AaABAg.A2_saakBk81A2bSZutUlH4,comment,52O3cYsyZMo,UgxpFp_vYzubyBHk9E54AaABAg,True,@Just_a_random_birb,@Abcdefghjjkk 0-97 km/h i=0-60,0,True
UgxpFp_vYzubyBHk9E54AaABAg.A2_saakBk81A2bSb509ywj,comment,52O3cYsyZMo,UgxpFp_vYzubyBHk9E54AaABAg,True,@Just_a_random_birb,@HifeMan there is no roll out subtraction on this car.,8,True
UgxpFp_vYzubyBHk9E54AaABAg.A2_saakBk81A2bpTfWVS5W,comment,52O3cYsyZMo,UgxpFp_vYzubyBHk9E54AaABAg,True,@Wankidy,They probably used the Model S wheel on this one. Hope they use the new Model 3 wheel on the final product,0,True
UgxpFp_vYzubyBHk9E54AaABAg.A2_saakBk81A2brJBqtHrl,comment,52O3cYsyZMo,UgxpFp_vYzubyBHk9E54AaABAg,True,@Frygisk,"@HifeManadd 0,2sec",0,True
UgxpFp_vYzubyBHk9E54AaABAg.A2_saakBk81A2cA-E5vP9s,comment,52O3cYsyZMo,UgxpFp_vYzubyBHk9E54AaABAg,True,@HifeMan,"@Just_a_random_birb “2.9 s 0-60 mph
with rollout subtracted”

From Tesla website….. Why lie? lol",4,True
UgxpFp_vYzubyBHk9E54AaABAg.A2_saakBk81A2cHpUOOne_,comment,52O3cYsyZMo,UgxpFp_vYzubyBHk9E54AaABAg,True,@Just_a_random_birb,"@HifeMan I checked the website. It’s not with roll out subtracted, Why are *YOU* lying?",5,True
UgxpFp_vYzubyBHk9E54AaABAg.A2_saakBk81A2cHwavyWan,comment,52O3cYsyZMo,UgxpFp_vYzubyBHk9E54AaABAg,True,@Just_a_random_birb,@HifeMan some reviewers hit 2.8 secs,4,True
UgxpFp_vYzubyBHk9E54AaABAg.A2_saakBk81A2c_A5E2NKX,comment,52O3cYsyZMo,UgxpFp_vYzubyBHk9E54AaABAg,True,@HifeMan,@Just_a_random_birb How about you post the links?,2,True
UgxpFp_vYzubyBHk9E54AaABAg.A2_saakBk81A2dZHccl46Z,comment,52O3cYsyZMo,UgxpFp_vYzubyBHk9E54AaABAg,True,@vanbeek62,And that's without factoring in the tax credit,0,True
UgxpFp_vYzubyBHk9E54AaABAg.A2_saakBk81A2de5IaVURw,comment,52O3cYsyZMo,UgxpFp_vYzubyBHk9E54AaABAg,True,@Just_a_random_birb,@HifeMan you can’t post links in comments.,1,True
UgxpFp_vYzubyBHk9E54AaABAg.A2_saakBk81A2dezvPFjY5,comment,52O3cYsyZMo,UgxpFp_vYzubyBHk9E54AaABAg,True,@HifeMan,@Frygisk Thank you :),0,True
UgxpFp_vYzubyBHk9E54AaABAg.A2_saakBk81A2e42NHPxfV,comment,52O3cYsyZMo,UgxpFp_vYzubyBHk9E54AaABAg,True,@NadeemAhmed-nv2br,"​@HifeManit's 2.8 s without rollout, the motor have been upgraded so it keeps the power pumping even after 60 mph so the  m3 doesn't overtake it period to max speed.
Of course, for the m3 price you can get an S plaid which will absolutely trash the m3",0,True
UgxpFp_vYzubyBHk9E54AaABAg.A2_saakBk81A2eI91Qu9mB,comment,52O3cYsyZMo,UgxpFp_vYzubyBHk9E54AaABAg,True,@carholic-sz3qv,nope,0,True
UgxpFp_vYzubyBHk9E54AaABAg.A2_saakBk81A2eYwlihcMo,comment,52O3cYsyZMo,UgxpFp_vYzubyBHk9E54AaABAg,True,@Just_a_random_birb,@carholic-sz3qv yes,0,True
UgxpFp_vYzubyBHk9E54AaABAg.A2_saakBk81A32fjvOdWBp,comment,52O3cYsyZMo,UgxpFp_vYzubyBHk9E54AaABAg,True,@mikeni1225,@HifeMan2.9,0,True
UgxpFp_vYzubyBHk9E54AaABAg.A2_saakBk81A337bjPyFIK,comment,52O3cYsyZMo,UgxpFp_vYzubyBHk9E54AaABAg,True,@HifeMan,@mikeni1225 source?,0,True
UgxpFp_vYzubyBHk9E54AaABAg.A2_saakBk81A33wDM_Xy_T,comment,52O3cYsyZMo,UgxpFp_vYzubyBHk9E54AaABAg,True,@mikeni1225,@HifeMan all over the web tested by car journalists.,0,True
UgxpFp_vYzubyBHk9E54AaABAg.A2_saakBk81A33xOD4dXyz,comment,52O3cYsyZMo,UgxpFp_vYzubyBHk9E54AaABAg,True,@HifeMan,@mikeni1225 which ones?,0,True
UgxpFp_vYzubyBHk9E54AaABAg.A2_saakBk81A344kIckbyw,comment,52O3cYsyZMo,UgxpFp_vYzubyBHk9E54AaABAg,True,@mikeni1225,@HifeMan https://youtu.be/5xj0R4MyDhE?si=kk85KVCXTzwyHG4b&t=1485,0,True
UgxpFp_vYzubyBHk9E54AaABAg.A2_saakBk81A344rkotmSk,comment,52O3cYsyZMo,UgxpFp_vYzubyBHk9E54AaABAg,True,@mikeni1225,he did it with a passenger too lol,0,True
UgxpFp_vYzubyBHk9E54AaABAg.A2_saakBk81A37OuJSfFls,comment,52O3cYsyZMo,UgxpFp_vYzubyBHk9E54AaABAg,True,@HifeMan,@mikeni1225 Why don’t they have a video of them doing it? It’s always someone talking about it. lol I was hoping it would have been a video of them hitting those numbers.,0,True
UgzHBc3kIXD1zG2W8414AaABAg,comment,52O3cYsyZMo,,False,@willreynolds9666,Do some research. Model S Plaid does come with sport seats. Upgraded from “Regulad Model S”.,0,True
UgzHBc3kIXD1zG2W8414AaABAg.A2_saIG2PeLA2_ssoBJsSq,comment,52O3cYsyZMo,UgzHBc3kIXD1zG2W8414AaABAg,True,@JohnSmith-pn2vl,"before talking you should watch the video, he said exactly that",0,True
UgzHBc3kIXD1zG2W8414AaABAg.A2_saIG2PeLA2_taTC9ueV,comment,52O3cYsyZMo,UgzHBc3kIXD1zG2W8414AaABAg,True,@willreynolds9666,Sorry I re-listened and didn’t hear that.  Maybe I am hearing something different than what you’re hearing?,0,True
UgwFuyzlRW6iQzDy74V4AaABAg,comment,52O3cYsyZMo,,False,@Youdonthavetoknowme-0,"I am gonna be honest.. Little disappointed because of the “small” differences when you look at the old Model 3 Performance. There was talk of 600 to 700 bhp, so getting just a little over 500 doesn’t seem to be that much extra when comparing to the old one. Too bad we didn’t see you drive…",1,True
Ugwih7i7Ev72HvRFelF4AaABAg,comment,52O3cYsyZMo,,False,@pocheche8394,Rangeless,0,True
UgwKvAJHYWe_m7-i-KV4AaABAg,comment,52O3cYsyZMo,,False,@rkgsd,Tesla cheaped out in several areas; No more fog lights and the most rediculous one...no more turn signal lever. And don't forget ultrasonic sensors in the bumpers are now gone because crazy Elon thinks saving  assembly time is more important then safety.,0,True
UgzxyZgPMidz8Mx58WN4AaABAg,comment,52O3cYsyZMo,,False,@Shap__,All what other 2.9 0-60 cars?,0,True
UgxjHybhVtPDI8afMCZ4AaABAg,comment,52O3cYsyZMo,,False,@da6640,Thats not how you spell ludicrously in the description 😂 bro said ludacrisly,0,True
UgyqAxEEY8qIfAY7bNt4AaABAg,comment,52O3cYsyZMo,,False,@EarthKingPrime,"I think Elon wants to make Teslas as cheap as possible, because that's a lot of car for little money",0,True
Ugzu9okyxVyrtXb8LxJ4AaABAg,comment,52O3cYsyZMo,,False,@Tiporae,Anyone know why the Canada site lists 460 horsepower instead of 510?,1,True
Ugzu9okyxVyrtXb8LxJ4AaABAg.A2_sSTKPUy3A2_uHOCO4m5,comment,52O3cYsyZMo,Ugzu9okyxVyrtXb8LxJ4AaABAg,True,@ryansmithc,Chinese built model has lower hp vs Fremont model seen here,0,True
Ugzu9okyxVyrtXb8LxJ4AaABAg.A2_sSTKPUy3A2_us3WqadG,comment,52O3cYsyZMo,Ugzu9okyxVyrtXb8LxJ4AaABAg,True,@Tiporae,"@ryansmithc Ah, thanks. What about more specifically, which motor, or is it the batteries, etc?",1,True
Ugzu9okyxVyrtXb8LxJ4AaABAg.A2_sSTKPUy3A2_wopNSWWi,comment,52O3cYsyZMo,Ugzu9okyxVyrtXb8LxJ4AaABAg,True,@op-op-op,@Tiporaeit’s worse motors for the China model.,0,True
Ugzu9okyxVyrtXb8LxJ4AaABAg.A2_sSTKPUy3A2_xN9MH8V0,comment,52O3cYsyZMo,Ugzu9okyxVyrtXb8LxJ4AaABAg,True,@ryansmithc,@Tiporae Batteries just have a lower power output . Not 100% sure though,0,True
Ugzu9okyxVyrtXb8LxJ4AaABAg.A2_sSTKPUy3A2bIiVD4CIZ,comment,52O3cYsyZMo,Ugzu9okyxVyrtXb8LxJ4AaABAg,True,@Nickbaldeagle02,A different metric.,0,True
Ugzu9okyxVyrtXb8LxJ4AaABAg.A2_sSTKPUy3A2c-1qeEuUm,comment,52O3cYsyZMo,Ugzu9okyxVyrtXb8LxJ4AaABAg,True,@Tiporae,@Nickbaldeagle02 Nope. Different battery power output.,1,True
Ugzu9okyxVyrtXb8LxJ4AaABAg.A2_sSTKPUy3A2c73zulYky,comment,52O3cYsyZMo,Ugzu9okyxVyrtXb8LxJ4AaABAg,True,@Nickbaldeagle02,"@Tiporae in that case, like here in lil' ol' England, why are they still quoting the same 0-60 and top speed? Hmmm?",0,True
Ugzu9okyxVyrtXb8LxJ4AaABAg.A2_sSTKPUy3A2cH8tz6X_5,comment,52O3cYsyZMo,Ugzu9okyxVyrtXb8LxJ4AaABAg,True,@Tiporae,"@Nickbaldeagle02 There's no difference between American and Canadian horsepower units lmao. It's already been discussed and found to be the LFP pack from China producing less power. The loss in horsepower doesn't correspond directly with 0-60 times which are more torque bound and there might be differences in weight too, and the Canadian site does list a slightly slower 0-60 than the American. Not sure what's with yours.",1,True
UgxMt5FMmNpYCv7N94B4AaABAg,comment,52O3cYsyZMo,,False,@leo_cad,The pedals have always been aluminium in the performance models,0,True
UgzLyR2ZsOW8rEFAx9N4AaABAg,comment,52O3cYsyZMo,,False,@sebastianandreatta995,"Hi Marquees, 163 MPH = 212 KMH",1,True
Ugwyh1zYLtBXlPH7B0Z4AaABAg,comment,52O3cYsyZMo,,False,@MrTekniqs,How do the back seats feel over bumps. Previous models were very uncomfortable for backseat riders.,0,True
Ugwyh1zYLtBXlPH7B0Z4AaABAg.A2_sQs9jpNyA2bCWw_vxDT,comment,52O3cYsyZMo,Ugwyh1zYLtBXlPH7B0Z4AaABAg,True,@Nickbaldeagle02,That's their problem innit?,0,True
UgysiGqU-Lwc4Z-l4LV4AaABAg,comment,52O3cYsyZMo,,False,@The_Emperor_Protects_40,Can anyone talk about how the European version has 460 hp compared to the American version that has 510. Why?,0,True
UgysiGqU-Lwc4Z-l4LV4AaABAg.A2_sK8Cp4pUA2bJx72_nHj,comment,52O3cYsyZMo,UgysiGqU-Lwc4Z-l4LV4AaABAg,True,@Nickbaldeagle02,"Yes. America uses the imperial system and Europe uses the metric system.
The same power but different figures. Like inches vs centimetres.",0,True
UgzdgXHshOqoX6Y9HVd4AaABAg,comment,52O3cYsyZMo,,False,@peopleschoice1457,Everytime i see him praising tesla unnecessarily belief that he's Musk's simp is getting stronger and stronger,0,True
Ugyh6UGFD65YRZrbWtt4AaABAg,comment,52O3cYsyZMo,,False,@Soraviel,Awesome improvement from Tesla (Elon and his team/labour force),0,True
Ugz5osXJVk9BRNGLF4Z4AaABAg,comment,52O3cYsyZMo,,False,@ebro70,"U are such a Tesla fan boy, but, I enjoyed the video no matter what. Bin watching for a long time on you tube... Getting better. Peace!! Bro...",0,True
UgwWMHK1hkWLmAj6exJ4AaABAg,comment,52O3cYsyZMo,,False,@DaBinChe,i'm glad they kept the wheel and no yoke.,0,True
UgyiY2m77xtwb8Bq--94AaABAg,comment,52O3cYsyZMo,,False,@ericKtoCritic,it is $45K after fed tax credit if you qualify based on income,0,True
Ugy0x3jcxClQZNrYn1h4AaABAg,comment,52O3cYsyZMo,,False,@Yoshida6272,It's amazing tbh 👍,1,True
UgwC8QPvAlyjqsRHE6N4AaABAg,comment,52O3cYsyZMo,,False,@Fluterra,Too bad the car itself sucks. It’s a soulless appliance with horrendous ride quality.,1,True
UgwC8QPvAlyjqsRHE6N4AaABAg.A2_s3zm4RhgA2_uhi714rj,comment,52O3cYsyZMo,UgwC8QPvAlyjqsRHE6N4AaABAg,True,@JohnSmith-pn2vl,"ROFL look the haters still at it, god damn u people suck so bad",0,True
Ugwu7ba_TYyzYveHd_d4AaABAg,comment,52O3cYsyZMo,,False,@lucasventures,Model y performance will be the winner,0,True
Ugzl0nZ1vlXvZRyriol4AaABAg,comment,52O3cYsyZMo,,False,@DeDeGoneFishing,"$52,999 not including $7500 tax  credit. Oh boy….",0,True
Ugz922smNcWVAtYwQfx4AaABAg,comment,52O3cYsyZMo,,False,@markmolenaar4479,Imagine going back 10 years in time telling that we will have a family car that does 0-60 in under 3 seconds for 54k. And then consider that we have also had an insane 20% compounded inflation since then,2545,True
Ugz922smNcWVAtYwQfx4AaABAg.A2_ryALHBvlA2_uAcHH9LW,comment,52O3cYsyZMo,Ugz922smNcWVAtYwQfx4AaABAg,True,@Arpedk,This!,48,True
Ugz922smNcWVAtYwQfx4AaABAg.A2_ryALHBvlA2_vY81sZvC,comment,52O3cYsyZMo,Ugz922smNcWVAtYwQfx4AaABAg,True,@KingXKok,Closer to 30% total inflation including compounding!,101,True
Ugz922smNcWVAtYwQfx4AaABAg.A2_ryALHBvlA2_w4jmPaYY,comment,52O3cYsyZMo,Ugz922smNcWVAtYwQfx4AaABAg,True,@junehanzawa5165,"$54k? It's actually $45,490 after the $7,500 federal rebate, which it qualifies for, unlike the other Model 3's. Think about that 10 or 15 years ago.",90,True
Ugz922smNcWVAtYwQfx4AaABAg.A2_ryALHBvlA2_wF3wGJ81,comment,52O3cYsyZMo,Ugz922smNcWVAtYwQfx4AaABAg,True,@KingXKok,@junehanzawa5165 equivalent to $35k in 2014 dollars. Wow,85,True
Ugz922smNcWVAtYwQfx4AaABAg.A2_ryALHBvlA2_wssYA1ec,comment,52O3cYsyZMo,Ugz922smNcWVAtYwQfx4AaABAg,True,@freddiefoote9335,Model 3 15 years ago??,1,True
Ugz922smNcWVAtYwQfx4AaABAg.A2_ryALHBvlA2_x7YHfyUY,comment,52O3cYsyZMo,Ugz922smNcWVAtYwQfx4AaABAg,True,@dre3840,Idk if I’d call that a family car due to how fast it is 😭,12,True
Ugz922smNcWVAtYwQfx4AaABAg.A2_ryALHBvlA2_y1pG5Iy7,comment,52O3cYsyZMo,Ugz922smNcWVAtYwQfx4AaABAg,True,@Gigachad854,0-60 times don’t mean jack shit. Introduce some curves and we’ll see how it actually handles.😂😂😂exactly why the taycan destroys Tesla on the ring,30,True
Ugz922smNcWVAtYwQfx4AaABAg.A2_ryALHBvlA2_yNg98C-Y,comment,52O3cYsyZMo,Ugz922smNcWVAtYwQfx4AaABAg,True,@unlisted9494,"It doesn't do that. It's a Fisher price piece of shit car with a below Nissan level interior, and the car does not do 0-60 in 2.9. it doesn't 2.9 with a 5mph rollout on a prepped track with warmed tires. You will NEVER EVER see that performance unless your car gets hit with a lightning bolt.",20,True
Ugz922smNcWVAtYwQfx4AaABAg.A2_ryALHBvlA2_yT0Ljyvu,comment,52O3cYsyZMo,Ugz922smNcWVAtYwQfx4AaABAg,True,@unlisted9494,​@KingXKokwhich is what it was supposed to cost. Where are the million Tesla taxis btw 🤔,2,True
Ugz922smNcWVAtYwQfx4AaABAg.A2_ryALHBvlA2_zcXfjCSy,comment,52O3cYsyZMo,Ugz922smNcWVAtYwQfx4AaABAg,True,@Bbronson,@unlisted9494get light weight 18s and I’m sure you’ll be able to see 2.9-3.0 second 0-60s consistently on crap road even.,17,True
Ugz922smNcWVAtYwQfx4AaABAg.A2_ryALHBvlA2_zgG_AIws,comment,52O3cYsyZMo,Ugz922smNcWVAtYwQfx4AaABAg,True,@Bbronson,@Gigachad854taycan is like 60-70k for a used model and weighs 15-20% more with less power. This is a much better deal.,44,True
Ugz922smNcWVAtYwQfx4AaABAg.A2_ryALHBvlA2_zko4vpgG,comment,52O3cYsyZMo,Ugz922smNcWVAtYwQfx4AaABAg,True,@KingXKok,"@unlisted9494 but a performance model at $35k equivalent is pretty sick no?

Indeed the robotaxis are coming soon^TM still haha. We'll see",3,True
Ugz922smNcWVAtYwQfx4AaABAg.A2_ryALHBvlA2a-1pP09hW,comment,52O3cYsyZMo,Ugz922smNcWVAtYwQfx4AaABAg,True,@TheLambodriver,Nissan GTR was still nearby with the price and acceleration.,2,True
Ugz922smNcWVAtYwQfx4AaABAg.A2_ryALHBvlA2a0i8YBice,comment,52O3cYsyZMo,Ugz922smNcWVAtYwQfx4AaABAg,True,@AleCantona,"@Bbronson But the Tycan is well built, looks incredibly better and has stuff that makes sense like sticks for indicators and it shows your speed without having to look sideways (I know, crazy)",7,True
Ugz922smNcWVAtYwQfx4AaABAg.A2_ryALHBvlA2a4y_EiZjo,comment,52O3cYsyZMo,Ugz922smNcWVAtYwQfx4AaABAg,True,@DavidCallMusic,"@dre3840 True, but as someone in a 2022 Model 3 that still does 0-60 in 3.6 seconds, I've also packed up my two teens, my lady, stacks of firewood, 4 inflatable mattresses, food for a week, everyone's luggage, a pop-up kitchen with utensils for 4, a 12-person tent, a canopy that goes over a picnic table, my hammock, all my camera equipment, hiking gear, and our screen and projector, and gotten it all into my car (with, admittedly, a Thule cargo box up top). This thing is an INCREDIBLE family car.",19,True
Ugz922smNcWVAtYwQfx4AaABAg.A2_ryALHBvlA2a5UMdMn7_,comment,52O3cYsyZMo,Ugz922smNcWVAtYwQfx4AaABAg,True,@jghall00,Cars are like phones now.,2,True
Ugz922smNcWVAtYwQfx4AaABAg.A2_ryALHBvlA2a6GzxkATA,comment,52O3cYsyZMo,Ugz922smNcWVAtYwQfx4AaABAg,True,@maartens5069,@Gigachad854 meh 0-60 still mean a bit. Also the taycan is a bit more expensive although the taycan is loosing its value incredible fast though,6,True
Ugz922smNcWVAtYwQfx4AaABAg.A2_ryALHBvlA2a7CE5B69c,comment,52O3cYsyZMo,Ugz922smNcWVAtYwQfx4AaABAg,True,@MrJimheeren,I don’t see why that’s interesting. How much space does it have in the trunk,0,True
Ugz922smNcWVAtYwQfx4AaABAg.A2_ryALHBvlA2a84rZos52,comment,52O3cYsyZMo,Ugz922smNcWVAtYwQfx4AaABAg,True,@Ds-pw7gd,@unlisted9494so butthurt 😂,0,True
Ugz922smNcWVAtYwQfx4AaABAg.A2_ryALHBvlA2aA5f6j2U7,comment,52O3cYsyZMo,Ugz922smNcWVAtYwQfx4AaABAg,True,@mattyicee,@maartens5069So are these Tesla’s now. I wouldn’t be either.,0,True
Ugz922smNcWVAtYwQfx4AaABAg.A2_ryALHBvlA2aB-Hewwzb,comment,52O3cYsyZMo,Ugz922smNcWVAtYwQfx4AaABAg,True,@G82Watts,Have we not learned by now tesla uses rollout? If they say 2.9 sec it'll be 3.3 .. even then if someone told me that back in the day I'd say they'd have to make alot of compromises to make the car that cheap. Guess what. Tesla does. 0 luxury interior. Most bland basic looking designs. No HUD or gauge clusters. No buttons for anything.. etc..,4,True
Ugz922smNcWVAtYwQfx4AaABAg.A2_ryALHBvlA2aCL5x_tIE,comment,52O3cYsyZMo,Ugz922smNcWVAtYwQfx4AaABAg,True,@shivampatel5802,What a incredible deal of a life time . How can they keep getting better but keep lowering the price . It’s magical for the consumers that can’t afford 100 k cars but makes us feel the feelings those cars give . Thanks Tesla,10,True
Ugz922smNcWVAtYwQfx4AaABAg.A2_ryALHBvlA2aCXOI8E3f,comment,52O3cYsyZMo,Ugz922smNcWVAtYwQfx4AaABAg,True,@burnzy3210,"Why on earth would you ever want a family car to hit 60 in 3 seconds? Do you want sick passengers, because that's how you get sick passengers!",4,True
Ugz922smNcWVAtYwQfx4AaABAg.A2_ryALHBvlA2aEWZsXSOn,comment,52O3cYsyZMo,Ugz922smNcWVAtYwQfx4AaABAg,True,@nowords7737,​@unlisted9494 the cope is off the charts. It's still a daily driver for $45k that's faster than most sports cars,11,True
Ugz922smNcWVAtYwQfx4AaABAg.A2_ryALHBvlA2aF3SInSMJ,comment,52O3cYsyZMo,Ugz922smNcWVAtYwQfx4AaABAg,True,@Gigachad854,@maartens5069 don’t mean shit when the new taycan absolutely destroyed teslas “best offering” on the ring and no car loses its value faster than Tesla,0,True
Ugz922smNcWVAtYwQfx4AaABAg.A2_ryALHBvlA2aG_aZEt4c,comment,52O3cYsyZMo,Ugz922smNcWVAtYwQfx4AaABAg,True,@nerdbikes3841,I think at this point the HP are over with EVs on the scene. Really I hear less and less chatter about 0-60 and simply more about engine sound and driving experience from ICe fans. It is clear that ICE cars simply are swept on the floor with EVs now with $50k family sedans blowing the doors off a Ferrari Enzo. And now most super cars also feature an EV boost motor for quick launches.,1,True
Ugz922smNcWVAtYwQfx4AaABAg.A2_ryALHBvlA2aGzQmMuqY,comment,52O3cYsyZMo,Ugz922smNcWVAtYwQfx4AaABAg,True,@robertojofre15,@Gigachad854the taycan is also worth twice the price lol 😂,7,True
Ugz922smNcWVAtYwQfx4AaABAg.A2_ryALHBvlA2aHXf702L_,comment,52O3cYsyZMo,Ugz922smNcWVAtYwQfx4AaABAg,True,@avonbarksdale2506,@junehanzawa5165 begging you people to learn what tax rebates are. FFS,0,True
Ugz922smNcWVAtYwQfx4AaABAg.A2_ryALHBvlA2aInQQxvwz,comment,52O3cYsyZMo,Ugz922smNcWVAtYwQfx4AaABAg,True,@zodiacfml,"No need to go back years ago.  I was just checking porsche cars and closest I found is the Porsche 911 GT3 at $184,550!🤯",4,True
Ugz922smNcWVAtYwQfx4AaABAg.A2_ryALHBvlA2aJn9BSxSC,comment,52O3cYsyZMo,Ugz922smNcWVAtYwQfx4AaABAg,True,@unlisted9494,"@nowords7737 that needs its tires replaced every 10k miles. Also needs a $40,000 battery replacement 10 years down the line. ALSO, they have removed the laser sensors and your self driving capabilities are entirely based on what a webcam can see. I understand the engineering of these vehicles, you don't, or you would be calling Elon a moron for using lithium ion batteries and not lithium iron phosphate so they never have to be replaced. Do you remember when every model 3 had its radio melting because Elon was too cheap to spec an automotive grade display? Good luck getting your car repaired within 3 months if someone rear ends you as well.",0,True
Ugz922smNcWVAtYwQfx4AaABAg.A2_ryALHBvlA2aKEcwulr5,comment,52O3cYsyZMo,Ugz922smNcWVAtYwQfx4AaABAg,True,@unlisted9494,"@nowords7737 I wish you would just finally that Elon paid a bunch of geniuses 10 years ago to design a car, and since then he has changed nothing. The cringe Lord even called his cars S, 3 and X. He only made the cyber truck to secure billions on funding for Tesla, that's why he allowed pre-orders, because it allowed him to go to a bank and say ""see? We have tens of thousands of orders, we need money to fill this!"" 

How many unfulfilled promises do you need to be let down on before you realize that you're just a sheep being used by a conman. Elon is a rich autistic guy who has never achieved anything. He bought Tesla from another group of people, he didn't even create it.",0,True
Ugz922smNcWVAtYwQfx4AaABAg.A2_ryALHBvlA2aN60II8EH,comment,52O3cYsyZMo,Ugz922smNcWVAtYwQfx4AaABAg,True,@starfox_wr-45e93,Imagine in 15 years when the price depreciates to 5k and any & every idiot driver can afford a missile capable of 0-60 in under 3 seconds. Please reconsider buying these for your kids 😅,1,True
Ugz922smNcWVAtYwQfx4AaABAg.A2_ryALHBvlA2aNxVYgLM5,comment,52O3cYsyZMo,Ugz922smNcWVAtYwQfx4AaABAg,True,@meilyn22,Nobody buys a car because of this! You need to be really silly to spend money because this.,0,True
Ugz922smNcWVAtYwQfx4AaABAg.A2_ryALHBvlA2aS_PDtppJ,comment,52O3cYsyZMo,Ugz922smNcWVAtYwQfx4AaABAg,True,@tsmatthx2,family car is a strong word...leg room fail,0,True
Ugz922smNcWVAtYwQfx4AaABAg.A2_ryALHBvlA2aSbpE8ESP,comment,52O3cYsyZMo,Ugz922smNcWVAtYwQfx4AaABAg,True,@tsmatthx2,@junehanzawa5165 model 3 perf. was 73k,0,True
Ugz922smNcWVAtYwQfx4AaABAg.A2_ryALHBvlA2aUOnq9zx3,comment,52O3cYsyZMo,Ugz922smNcWVAtYwQfx4AaABAg,True,@dsp4392,"That's pretty much what Elon told people in 2014, except he said the car would be 35K, or about 48K in today's money.",1,True
Ugz922smNcWVAtYwQfx4AaABAg.A2_ryALHBvlA2aUhH7YSsc,comment,52O3cYsyZMo,Ugz922smNcWVAtYwQfx4AaABAg,True,@junehanzawa5165,"@avonbarksdale2506 Not sure what that means, but Tesla gives you that $7,500 discount off the purchase of the veihicle at time of purchase. And since they don't use middlemen dealers who want to take most, or all, of it, you get the full $7,500 off at the purchase time. $45,490 means that's your price. No need to wait for any tax refund. Hope that's what you were asking about.",4,True
Ugz922smNcWVAtYwQfx4AaABAg.A2_ryALHBvlA2aUssmRVUz,comment,52O3cYsyZMo,Ugz922smNcWVAtYwQfx4AaABAg,True,@tsmatthx2,"@dsp4392 it was never 30k like he said,ever",0,True
Ugz922smNcWVAtYwQfx4AaABAg.A2_ryALHBvlA2aZ2FFanzw,comment,52O3cYsyZMo,Ugz922smNcWVAtYwQfx4AaABAg,True,@willwilliamson9580,who gives a shit how fast it accelerates?  its utterly meaningless.,0,True
Ugz922smNcWVAtYwQfx4AaABAg.A2_ryALHBvlA2aZcsaZBNZ,comment,52O3cYsyZMo,Ugz922smNcWVAtYwQfx4AaABAg,True,@Trouchy,"Imagine going 10 years into the future and people are still spending $500k on ""performance"" ICE cars",1,True
Ugz922smNcWVAtYwQfx4AaABAg.A2_ryALHBvlA2aaMp3Fcfz,comment,52O3cYsyZMo,Ugz922smNcWVAtYwQfx4AaABAg,True,@davidpetersonwthelly,Haha tesla rocks,0,True
Ugz922smNcWVAtYwQfx4AaABAg.A2_ryALHBvlA2aflyekQ8c,comment,52O3cYsyZMo,Ugz922smNcWVAtYwQfx4AaABAg,True,@OrgoticWyverns,"@unlisted9494 Just about every performance car sold in the US uses rollout, at least in instrumented testing. Singling out Tesla for that is strange to me.",7,True
Ugz922smNcWVAtYwQfx4AaABAg.A2_ryALHBvlA2agmTRXg-W,comment,52O3cYsyZMo,Ugz922smNcWVAtYwQfx4AaABAg,True,@unlisted9494,"@OrgoticWyverns but nobody is ACTUALLY expecting that, other than Tesla drivers. You are quite literally using it as basically the main selling point of the car.",0,True
Ugz922smNcWVAtYwQfx4AaABAg.A2_ryALHBvlA2ah5d_iAeM,comment,52O3cYsyZMo,Ugz922smNcWVAtYwQfx4AaABAg,True,@OrgoticWyverns,"@unlisted9494 Where are you getting your data that electric vehicles, or even Teslas specifically, need a battery replacement every 10 years or so? According to the data collected by Geotab (covering 6,000 Evs) and Reucrrent (covering 15,000 EVs), this is not the case. We're looking at 1-2% degradation per year, and this is notably with cars that have worse battery conditioning hardware and software than modern cars. And if we're talking about Tesla specifically, according to Consumer Reports Tesla has the lowest maintenance costs over 10 years of all the automakers they looked at. Even with their well documented QA issues. Though I would like to see other outfits data on that last point, you can't take one source on something like that.

Edit: Typos.",8,True
Ugz922smNcWVAtYwQfx4AaABAg.A2_ryALHBvlA2ai5iGWHt5,comment,52O3cYsyZMo,Ugz922smNcWVAtYwQfx4AaABAg,True,@OrgoticWyverns,"@unlisted9494 I disagree with that, mostly because people are broadly unaware and don't go out with a vbox to measure actual times. The overwhelming majority of people are not car enthusiasts and have zero idea that the one-foot roll out is the standard testing metric for US car journalists/magazines and manufacturer advertising here. Even in actual enthusiast spaces I typically see people using manufacturer/journo quoted times. The exception being when European figures are being compared to American ones, where that obvious discrepancy is.",1,True
Ugz922smNcWVAtYwQfx4AaABAg.A2_ryALHBvlA2ao40hZKe-,comment,52O3cYsyZMo,Ugz922smNcWVAtYwQfx4AaABAg,True,@Battleneter,Just don't show them a picture of how ugly it is.,0,True
Ugz922smNcWVAtYwQfx4AaABAg.A2_ryALHBvlA2aoul5unYJ,comment,52O3cYsyZMo,Ugz922smNcWVAtYwQfx4AaABAg,True,@menace2society00,"​@OrgoticWyverns Uhhh from personal experience my mother had to replace battery twice within 3 years on her Model 3  and is on her second battery within 1 year on her Model Y. Original owner on both, covered by warranty but yeah batteries are def an issue",0,True
Ugz922smNcWVAtYwQfx4AaABAg.A2_ryALHBvlA2ay-dPchoa,comment,52O3cYsyZMo,Ugz922smNcWVAtYwQfx4AaABAg,True,@piopapae2724,​@DavidCallMusic every car can have a thule box mate...,0,True
Ugz922smNcWVAtYwQfx4AaABAg.A2_ryALHBvlA2b0Wx-FIw-,comment,52O3cYsyZMo,Ugz922smNcWVAtYwQfx4AaABAg,True,@michaelmillsap4199,​@Gigachad854not going to age well loll,0,True
Ugz922smNcWVAtYwQfx4AaABAg.A2_ryALHBvlA2bFYH7fp6j,comment,52O3cYsyZMo,Ugz922smNcWVAtYwQfx4AaABAg,True,@kevintieman3616,"​@unlisted9494 lol any 500+ bhp car needs new tires every 10k miles if you hammer it, also a Tesla battery is nowhere near $40k, a model S 90kWh battery sets you back $10k. The LiON battery is lighter, that's why they are going with that for the higher spec models. They are actually using LFP batteries for the RWD model 3.",4,True
Ugz922smNcWVAtYwQfx4AaABAg.A2_ryALHBvlA2bFeR1S5UC,comment,52O3cYsyZMo,Ugz922smNcWVAtYwQfx4AaABAg,True,@kevintieman3616,@starfox_wr-45e93 a 2012 model S is still going for more then 30k,0,True
Ugz922smNcWVAtYwQfx4AaABAg.A2_ryALHBvlA2bIyMC73je,comment,52O3cYsyZMo,Ugz922smNcWVAtYwQfx4AaABAg,True,@MuppetsSh0w,@Gigachad854 That fact you're comparing it to a fing Porsche means you already. You Tesla haters are delusional. If this car was 10k USD and had 1000 hp you'd still be complaining. Mental illness.,0,True
Ugz922smNcWVAtYwQfx4AaABAg.A2_ryALHBvlA2bO28JTtwP,comment,52O3cYsyZMo,Ugz922smNcWVAtYwQfx4AaABAg,True,@Booyamakashi,Imagine going 10 years back and telling you wont be able to press any real button in the car because of cost savings.,1,True
Ugz922smNcWVAtYwQfx4AaABAg.A2_ryALHBvlA2b_ItVsMfO,comment,52O3cYsyZMo,Ugz922smNcWVAtYwQfx4AaABAg,True,@Jules-z4e,"Well if you explain well enough how the car is basically a giant battery on the wheel, with phone like computational capabilities, and you also explain to them that  the sourcing materials are dug by kids in Africa, and also that now the governments are heavily funding electrical vehicles for obvious reasons, it's not that crazy.",0,True
Ugz922smNcWVAtYwQfx4AaABAg.A2_ryALHBvlA2bfdEY2IMB,comment,52O3cYsyZMo,Ugz922smNcWVAtYwQfx4AaABAg,True,@Cyrribrae,"@Jules-z4e #1 there's no cobalt in this car. Which components specifically are unethically sourced, in your opinion? Everything else you mentioned is why modern cars would be way more expensive back then lol. Batteries and computers are MUCH more expensive than bare metal.",2,True
Ugz922smNcWVAtYwQfx4AaABAg.A2_ryALHBvlA2bkpFvYG3w,comment,52O3cYsyZMo,Ugz922smNcWVAtYwQfx4AaABAg,True,@drpolarplatypus,@unlisted9494lol man cope more? What the hell. Goal posts to the moon eh?,0,True
Ugz922smNcWVAtYwQfx4AaABAg.A2_ryALHBvlA2bo_xD6vbg,comment,52O3cYsyZMo,Ugz922smNcWVAtYwQfx4AaABAg,True,@MadMetalMacho,"20% compounded inflation? Geez, are you living in a dream world? One year of covid is almost 20% inflation, the real number is way, WAY higher. All the more impressive though.",0,True
Ugz922smNcWVAtYwQfx4AaABAg.A2_ryALHBvlA2bpxAqK-S6,comment,52O3cYsyZMo,Ugz922smNcWVAtYwQfx4AaABAg,True,@Bimmer_Bill,"@G82Wattsexactly! My m3 does 2.8 according to car and driver bone stock but in real world it’s 3.0-31. The model 3 looks improved though the seats, materials, and finally adaptive dampers which orher car companies have been using for ages, but it still looks cheap.. Toyota level cheap. Let’s also not forget this car will be worth $20k in three years as EV market is tanking and technology rapidly improving.",0,True
Ugz922smNcWVAtYwQfx4AaABAg.A2_ryALHBvlA2bqmpEYv2k,comment,52O3cYsyZMo,Ugz922smNcWVAtYwQfx4AaABAg,True,@Gigachad854,"@michaelmillsap4199 oh really? Is that why your shitty ass iPad plaid got DESTROYED by the Taycan Turbo GT? Face it, Tesla sucks ass on the track especially with those fake ass brakes.",0,True
Ugz922smNcWVAtYwQfx4AaABAg.A2_ryALHBvlA2btoHlgW3o,comment,52O3cYsyZMo,Ugz922smNcWVAtYwQfx4AaABAg,True,@troyh8461,"@junehanzawa5165 that doesn't mean anything, you have to owe that much in taxes for this to offset the cost.",0,True
Ugz922smNcWVAtYwQfx4AaABAg.A2_ryALHBvlA2c-7hAORVZ,comment,52O3cYsyZMo,Ugz922smNcWVAtYwQfx4AaABAg,True,@techstuff7132,"And on top of that, imagine telling them that the company is also run by a dictator admiring, autistic manchild.",0,True
Ugz922smNcWVAtYwQfx4AaABAg.A2_ryALHBvlA2c19S9LMjG,comment,52O3cYsyZMo,Ugz922smNcWVAtYwQfx4AaABAg,True,@unlisted9494,"@drpolarplatypus I'm just saying this far is not cheap, especially if you want to use its performance capabilities. You'll be spending $4000 a YEAR on tires. Buying a Tesla as a performance vehicle is like buying a Dodge ram 2500 to go drag racing, it makes no sense to start out with all that weight and then hunt for performance. If you want a car that's cheap to run and fun to drive, get a Miata. Teslas are for traffic, that's it, period, end of story.",0,True
Ugz922smNcWVAtYwQfx4AaABAg.A2_ryALHBvlA2c6QmurjJ8,comment,52O3cYsyZMo,Ugz922smNcWVAtYwQfx4AaABAg,True,@RxPharmer,@unlisted9494 I have a 2021 M3P with 70k miles and am on my second set of tires that I spent all of $800 total on.  So $800 in 2 years and 7 months.  I definitely have not spent $10k+ on tires.,4,True
Ugz922smNcWVAtYwQfx4AaABAg.A2_ryALHBvlA2cBhr9vJqB,comment,52O3cYsyZMo,Ugz922smNcWVAtYwQfx4AaABAg,True,@unlisted9494,"@RxPharmer then why did you buy a borderline supercar if you weren't gonna use the performance? Why not just get a base model? People who rent Tesla's destroy the tires in less than 10,000 miles because they actually drive the car now it's intended to be driven. Why buy the performance model if all you wanted was an appliance? A used Camry would have been a far better environmental choice if that's your concern",0,True
Ugz922smNcWVAtYwQfx4AaABAg.A2_ryALHBvlA2cCdFUQ8Lu,comment,52O3cYsyZMo,Ugz922smNcWVAtYwQfx4AaABAg,True,@RxPharmer,"@unlisted9494  I do use the performance, hence why I bought it lmao. Some of us know how to not go through tires every 10k miles.  Had a 370z years ago, then got into a 2ss camaro, and now the M3P.  Every car has been better than the last.  M3P is my favorite.  Fun to drive.

A camry? really? lol My grandparents own Toyotas. I'm good. lol",2,True
Ugz922smNcWVAtYwQfx4AaABAg.A2_ryALHBvlA2cV0i-0fgX,comment,52O3cYsyZMo,Ugz922smNcWVAtYwQfx4AaABAg,True,@whowhy9023,"@Gigachad854Sorry but S plaid demolishes any electric porche on the Nuremberg ring.
And the previous 3 Performance beat M2 , M4 and 911 around Laguna seca.",1,True
Ugz922smNcWVAtYwQfx4AaABAg.A2_ryALHBvlA2cVJpNT10e,comment,52O3cYsyZMo,Ugz922smNcWVAtYwQfx4AaABAg,True,@whowhy9023,"@maartens5069more than twice as expensive empty with zero extras.
And a naked porche is extremely naked…",0,True
Ugz922smNcWVAtYwQfx4AaABAg.A2_ryALHBvlA2cexYRsC4c,comment,52O3cYsyZMo,Ugz922smNcWVAtYwQfx4AaABAg,True,@whodatcatt,"⁠​⁠@unlisted9494
FULL BS
Tires on both my Teslas are getting 50k miles 
Battery on the 2015 has 200k+ miles with no end in sight 
The 2023 should get 300k+
Service for body work and other stuff is as quick as other cars. 

Take your FUD somewhere else",3,True
Ugz922smNcWVAtYwQfx4AaABAg.A2_ryALHBvlA2ckksiZ58y,comment,52O3cYsyZMo,Ugz922smNcWVAtYwQfx4AaABAg,True,@unlisted9494,"@whodatcatt if you're getting 50k out of tires you aren't driving that vehicle in a way that justified the purchase of a 5000lb car. You should have bought a used Camry instead of insisting on your slave labor Tesla. 

Secondly, that is not how lithium batteries work.

Thirdly, you clearly have no idea how many teslas are totalled out instead of repaired because getting parts is impossible unless you're buying second hand parts. If you want a car that has an ""autopilot"" that drives full speed into parked firetrucks killing dozens of people, go for it. Just be aware of how many slaves had to extract that lithium from a nine in Africa every time you step on the pedal. I'll happily keep driving my slave labor free vehicle.",0,True
Ugz922smNcWVAtYwQfx4AaABAg.A2_ryALHBvlA2cmyXs5DJb,comment,52O3cYsyZMo,Ugz922smNcWVAtYwQfx4AaABAg,True,@Gigachad854,"@whowhy9023 you sure about that?
Taycan Turbo GT Nürburgring time: 7:07.55
Tesla Model S Plaid Nürburgring time: 7:25.231
Keep up with the times buddy. You are a moron. Tesla sucks on the track. And the GT3 absolutely destroys any Tesla on any track with half the horsepower. Cope harder.",0,True
Ugz922smNcWVAtYwQfx4AaABAg.A2_ryALHBvlA2cnGSeJVHd,comment,52O3cYsyZMo,Ugz922smNcWVAtYwQfx4AaABAg,True,@Gigachad854,@whowhy9023 you have absolutely no clue what you are talking about. You also know nothing about racing.,1,True
Ugz922smNcWVAtYwQfx4AaABAg.A2_ryALHBvlA2cwq8CjS2U,comment,52O3cYsyZMo,Ugz922smNcWVAtYwQfx4AaABAg,True,@ssssaintmarcus,EXACTLY!!! I placed my order TODAY!,0,True
Ugz922smNcWVAtYwQfx4AaABAg.A2_ryALHBvlA2czbQYEUra,comment,52O3cYsyZMo,Ugz922smNcWVAtYwQfx4AaABAg,True,@stephaniecurry-s8f,Oh dang you're right. this is insane literally,0,True
Ugz922smNcWVAtYwQfx4AaABAg.A2_ryALHBvlA2d6ajRGn3a,comment,52O3cYsyZMo,Ugz922smNcWVAtYwQfx4AaABAg,True,@InuranusBrokoff,​@Gigachad854gigachad... 😂💀,0,True
Ugz922smNcWVAtYwQfx4AaABAg.A2_ryALHBvlA2dD7HUGzWq,comment,52O3cYsyZMo,Ugz922smNcWVAtYwQfx4AaABAg,True,@mfaj7,@burnzy3210Cause folks aren’t always driving their family around?,0,True
Ugz922smNcWVAtYwQfx4AaABAg.A2_ryALHBvlA2dOUKN6G8z,comment,52O3cYsyZMo,Ugz922smNcWVAtYwQfx4AaABAg,True,@OrgoticWyverns,"@whowhy9023 While the S Plaid is undeniably impressive, this is not true. The (refreshed) Taycan Turbo GT's ring time is 7-07, the Model S Plaid's is 7-25. Tesla could absolutely regain that throne one day but for the time being it's considerably behind. I put in dashes so YT wouldn't treat them like timestamps.",1,True
Ugz922smNcWVAtYwQfx4AaABAg.A2_ryALHBvlA2dPnK1Rjx5,comment,52O3cYsyZMo,Ugz922smNcWVAtYwQfx4AaABAg,True,@patrutherford9600,@troyh8461 you will get the credit if you net less than 150k/yr. net too little and your amount will drop tho.,0,True
Ugz922smNcWVAtYwQfx4AaABAg.A2_ryALHBvlA2dQWNXswaT,comment,52O3cYsyZMo,Ugz922smNcWVAtYwQfx4AaABAg,True,@patrutherford9600,"@unlisted9494 i used to run subarus and evos. Go through a set of Yokohama, AO46s i believe, in no time. Weren't cheap either. You pay to play. Model 3 weighs anywhere from 38XX lbs to 40XX lbs. Someone said 5k lol can't keep track of who. Theres so much smoke in this thread. I've got 20k or so on a MYP. Tires still original with tread. I have fun with it. Ive def put it in track mode, routed power to the rear with no traction control on and have a good time. Not many gas cars can be essentially fwd, awd or rwd and any place in between.",1,True
Ugz922smNcWVAtYwQfx4AaABAg.A2_ryALHBvlA2dRal5yru4,comment,52O3cYsyZMo,Ugz922smNcWVAtYwQfx4AaABAg,True,@patrutherford9600,"@OrgoticWyverns teslas mission is not to build cars to go racing. I think we all can agree on this. That being said, the fact that a cheaper car from a very new American company thats mission statement is to build affordable cars for the masses to transition autos to electric, is keeping up with and has on several occasions (see model 3 performance vs m2,, Porsche, etc) beaten more expensive and more experienced competition from brands that have been in the business quite a while who designed their cars with the specific intention to be fast around a track. And all of this with a couple of 4 door commuter cars with a bit of power under one of the trims.",2,True
Ugz922smNcWVAtYwQfx4AaABAg.A2_ryALHBvlA2dSsrsgtEj,comment,52O3cYsyZMo,Ugz922smNcWVAtYwQfx4AaABAg,True,@patrutherford9600,"@unlisted9494 no need to argue with people...if youre concerned about the environment, do your best to make a difference but don't impose it on others. Nobody likes those people 🙄",0,True
Ugz922smNcWVAtYwQfx4AaABAg.A2_ryALHBvlA2dTwbsyg1R,comment,52O3cYsyZMo,Ugz922smNcWVAtYwQfx4AaABAg,True,@patrutherford9600,"@unlisted9494 rollouts are 1 foot not 5mph...? certainly doesn't add .4 seconds.  You've gotta be A) trolling B) desperate to convince others that cars they like are trash and your car (or dads car) is super neat. or C) have no idea what you're talking about, in which case, if you're under 23 I completely understand.  Its not that big of a deal.",0,True
Ugz922smNcWVAtYwQfx4AaABAg.A2_ryALHBvlA2dV6DAAwoN,comment,52O3cYsyZMo,Ugz922smNcWVAtYwQfx4AaABAg,True,@patrutherford9600,"@Bimmer_Bill maybe thats why tesla quoted old M3 at 3.1 second 0 to 60. Magazines often come in with varying times with cars and motorcycles.  Interesting that for less money and less operating cost that the old Model 3 would outperform several more expensive cars on varying tracks and drag strips before updating to components you mention others have been using for decades. Wonder what they'll do now. Although, I can't imagine anyone is really hell bent on convincing anyone that their teslas an entirely better track car than (pick your favorite European brand) Porsche. They are so different. One is intentionally affordable and has a low running cost. Just came across yet another poll baring out Tesla as being the cheapest car to maintain over 1-5 and 6-10 years",0,True
Ugz922smNcWVAtYwQfx4AaABAg.A2_ryALHBvlA2dW30fYWWz,comment,52O3cYsyZMo,Ugz922smNcWVAtYwQfx4AaABAg,True,@Bimmer_Bill,"@patrutherford9600 yes, Tesla exaggerates many of their claims in general. Typical of Musk. But yeah the model 3 is cheap to operate one of its charms. The closer cars come to becoming video games and robotic, the more I dislike them.",0,True
Ugz922smNcWVAtYwQfx4AaABAg.A2_ryALHBvlA2dcLHcprk5,comment,52O3cYsyZMo,Ugz922smNcWVAtYwQfx4AaABAg,True,@patrutherford9600,"@Bimmer_Bill well id agree. that holds true for me if it were ever a one or the other question. But it makes good sense to use separate tools for separate jobs. People are acting like we could only ever choose one. Race gas, R compounds, clutches, axles, diffs, brakes and re-sleeving blocks gets expensive and time consuming. Model 3 is good compromise unless you buy the propaganda here that batteries cost 40k every 100k miles and tires last 10k, oh and they take 1 hour to charge lol
 Change isn't thay bad.  That old gated Ferrari wouldn't be special if they were still making cars like that. Like communism, despite what we imagine, its damn near impossible to have your cake and eat it too. We will be better off if cars evolve for many reasons. I didn't like the EvoX I got to daily drive while my IX sat. It, similar to the GTR, went where you pointed it pretty much all the time and got you out of any mess you threw your self into on its own. I came around and it became an absolute blast to drive.",0,True
Ugz922smNcWVAtYwQfx4AaABAg.A2_ryALHBvlA2ddUbGTydV,comment,52O3cYsyZMo,Ugz922smNcWVAtYwQfx4AaABAg,True,@patrutherford9600,"@Bimmer_Bill They exaggerate their claims in general...? You said Car and driver had the car at 2.8. Thats nothing to do with Tesla. They plainly list it as 3.1 on their website as I stated already. Idk what I'm missing here. 
Additionally, not too many are trying to do things that have basically not been done before....make an ev sports car, mass market sedan, best selling car in the world (model Y), FSD, Cybertruck (stainless-48 volt-steer by wire) revolutionize auto assembly, electric semi, make your own new design battery, solar roof. Many complete, some in process, some we may not see. I get the feeling people only listen to Musk. Because no ones usually criticizing Barra, Farley, Toyoda or Diess. They play it too easy, they either make no claims or claims that aren't very bold. Exception Barra, she's wrong on about everything.",0,True
Ugz922smNcWVAtYwQfx4AaABAg.A2_ryALHBvlA2ddxDgzhp5,comment,52O3cYsyZMo,Ugz922smNcWVAtYwQfx4AaABAg,True,@Bimmer_Bill,"@patrutherford9600 agreed when stuck in traffic, a car like a Porsche 911 isn’t any better than an EV, maybe worse. But I’m part of the minority that doesn’t care about the cost of gas (I love filling up), oil changes, etc that come with ICE vs EV’s. I’m rarely in traffic and love the drama, soul, whatever you want to call it that comes from a high performance ICE car.",0,True
Ugz922smNcWVAtYwQfx4AaABAg.A2_ryALHBvlA2detrsysK8,comment,52O3cYsyZMo,Ugz922smNcWVAtYwQfx4AaABAg,True,@Bimmer_Bill,"@patrutherford9600 Elon exaggerates performance claims and often real world range claims yeah. At least he puts an asterisk next to the plaid 0/60 cause everyone knows it can’t get anywhere close to 1.99 in the real world. Same with the cyberbeast they claim sub 11 second 1/4 and not a single test did one do that. That Porsche 911 stunt was made to look like it beat the 911 in the 1/4 mile while towing another 911. People (not Tesla) figured out it was an 1/8th mile and the 911 did not use launch control.  Cybertruck production numbers are nowhere near what Elon claimed, neither is the msrp. The models s plaids time at the Nurburgring had modified non production suspension parts which was never mentioned during its record attempt.,The roadster is still vaporware. I could go on and a with Elons “exaggerations”.",0,True
Ugz922smNcWVAtYwQfx4AaABAg.A2_ryALHBvlA2dfWceJz5A,comment,52O3cYsyZMo,Ugz922smNcWVAtYwQfx4AaABAg,True,@cambell-yi2gh,@Gigachad854 Yeah cause everyone is tracking EV's.  I'd rather pocket the 40 GRAND!!!!  That's right 40 GRAND more for a taycan.,0,True
Ugz922smNcWVAtYwQfx4AaABAg.A2_ryALHBvlA2dff9PWzRB,comment,52O3cYsyZMo,Ugz922smNcWVAtYwQfx4AaABAg,True,@cambell-yi2gh,@unlisted9494 It'll do that from a stop and the cars are nice.,0,True
Ugz922smNcWVAtYwQfx4AaABAg.A2_ryALHBvlA2dpqw53HNS,comment,52O3cYsyZMo,Ugz922smNcWVAtYwQfx4AaABAg,True,@looneyyang1326,@Gigachad854where I live is mostly straight roads. Where everyday to day matters in the streets.,0,True
Ugz922smNcWVAtYwQfx4AaABAg.A2_ryALHBvlA2eHvg1qKjf,comment,52O3cYsyZMo,Ugz922smNcWVAtYwQfx4AaABAg,True,@carholic-sz3qv,crap!!!!!,0,True
Ugz922smNcWVAtYwQfx4AaABAg.A2_ryALHBvlA2eLFLrpjEK,comment,52O3cYsyZMo,Ugz922smNcWVAtYwQfx4AaABAg,True,@raheeb1,"Under 53k stick but then 45,xxx with the fed credit …",0,True
Ugz922smNcWVAtYwQfx4AaABAg.A2_ryALHBvlA2eUBolN1zu,comment,52O3cYsyZMo,Ugz922smNcWVAtYwQfx4AaABAg,True,@Gigachad854,@looneyyang1326 all for your battery to die after a 911 turbo s destroys you,0,True
Ugz922smNcWVAtYwQfx4AaABAg.A2_ryALHBvlA2eUKmjii1Q,comment,52O3cYsyZMo,Ugz922smNcWVAtYwQfx4AaABAg,True,@Gigachad854,"@cambell-yi2gh and it will be worthless when the battery dies in less than 10 years. EVs don’t retain their value at all, so you’ll lose money anyways",0,True
Ugz922smNcWVAtYwQfx4AaABAg.A2_ryALHBvlA2erLyeoIbn,comment,52O3cYsyZMo,Ugz922smNcWVAtYwQfx4AaABAg,True,@patrutherford9600,"@Bimmer_Bill ill keep the regular miles off fun expensive car and drive the EV everyday. I used to do the same thing using motorcycles. No sense driving the car with on/off clutches, built motors with lopey cams, rough idles and a wait to warm up every time you start it, fueling high octane with low mpg, on sticky tires and expensive pads just to deal with and depreciate all of that in a daily commute. Additionally all of these things (for me) were more enjoyable when I got a break from them every once in a while. Even motorcycles become less enjoyable to ride if you do so 365 days a year. I did that for almost 6 years.",0,True
Ugz922smNcWVAtYwQfx4AaABAg.A2_ryALHBvlA2erfgqXqoh,comment,52O3cYsyZMo,Ugz922smNcWVAtYwQfx4AaABAg,True,@Bimmer_Bill,@patrutherford9600 👍,0,True
Ugz922smNcWVAtYwQfx4AaABAg.A2_ryALHBvlA2f3mIpsFZk,comment,52O3cYsyZMo,Ugz922smNcWVAtYwQfx4AaABAg,True,@clu4u,@Gigachad854How many laps have you done at the Ring? LOL,0,True
Ugz922smNcWVAtYwQfx4AaABAg.A2_ryALHBvlA2f4gcWRTz5,comment,52O3cYsyZMo,Ugz922smNcWVAtYwQfx4AaABAg,True,@Gigachad854,"@clu4u it doesn’t matter, you’ve done zero goofball",0,True
Ugz922smNcWVAtYwQfx4AaABAg.A2_ryALHBvlA2f6rGUFXR6,comment,52O3cYsyZMo,Ugz922smNcWVAtYwQfx4AaABAg,True,@patrutherford9600,@Gigachad854 sure it matters.  maybe you've both done zero in which case everyone should calm down 🤔,0,True
Ugz922smNcWVAtYwQfx4AaABAg.A2_ryALHBvlA2fGzZwIoLY,comment,52O3cYsyZMo,Ugz922smNcWVAtYwQfx4AaABAg,True,@cambell-yi2gh,@Gigachad854 Tesla batteries are made to last the life of the vehicle and soon the batteries will be easily swappable across all EV's.,0,True
Ugz922smNcWVAtYwQfx4AaABAg.A2_ryALHBvlA2fgw_rZxpx,comment,52O3cYsyZMo,Ugz922smNcWVAtYwQfx4AaABAg,True,@michaelsmithers4900,"@Gigachad854Acceleration does matter as does braking and handling. One place Model 3 may have an advantage over Taycan and Model S is Chassis. The cast aluminum is light and rigid two very sought characteristics for handling. Model 3 may need aftermarket suspension and brakes to handle this well. I must confess I don’t know if the Taycan is carbon fiber but I kind of doubt it even at 2-3x the cost of a model 3.
I think a better comparison is the BMW M3 which the model 3 crushes in every stat except weight - it’s less than 100lbs heavier than the Bimer….",0,True
Ugz922smNcWVAtYwQfx4AaABAg.A2_ryALHBvlA2fm7KPmW4g,comment,52O3cYsyZMo,Ugz922smNcWVAtYwQfx4AaABAg,True,@looneyyang1326,@Gigachad854 dummy. That’s like me saying all of my tesla will beat him after he runs out of gas. SMH.,0,True
Ugz922smNcWVAtYwQfx4AaABAg.A2_ryALHBvlA2fp3ZS5PTZ,comment,52O3cYsyZMo,Ugz922smNcWVAtYwQfx4AaABAg,True,@junehanzawa5165,"@troyh8461  On the new rules started on January of 2024, you receive the full $7,500 regardless of your tax liability. Everything else still applies. The maximum amount that you make per year to qualify, the under $80,000 for trucks and SUV's, the under $55,000 for sedans, etc. Talk to your accountant, he'll explain it to you. 

But of course, a dealer will likely try to tell you otherwise. It's part of how they steal part or all of it. Talk to a trusted accountant. The only way to get the full $7,500 is by buying direct, such as with Tesla or Rivian. Dealers will find all sorts of ways to take part or all of it from you.",0,True
Ugz922smNcWVAtYwQfx4AaABAg.A2_ryALHBvlA2g6XC527U_,comment,52O3cYsyZMo,Ugz922smNcWVAtYwQfx4AaABAg,True,@Gigachad854,@michaelsmithers4900 comparing the model 3 to a crappy bloated overweight dogshit m3 is a pretty low bar. Taycan Turbo GT still destroyed your precious plaid on the Nurburgring so cope harder.,0,True
Ugz922smNcWVAtYwQfx4AaABAg.A2_ryALHBvlA2hGJ53t8XM,comment,52O3cYsyZMo,Ugz922smNcWVAtYwQfx4AaABAg,True,@MrQwerty3000,​@Gigachad854 Model S Plaid broke the Nurburgring record and saying acceleration is meaningless is just embarrassing,0,True
Ugz922smNcWVAtYwQfx4AaABAg.A2_ryALHBvlA2hIg6feego,comment,52O3cYsyZMo,Ugz922smNcWVAtYwQfx4AaABAg,True,@patrutherford9600,"@Gigachad854 lol you just spam the same replies ...? Taycan prices in the mid 100's up to 232k I've seen. Guess we should all be surprised a Z06 would beat a Corolla S lol In this case the cheaper car is faster in every other area you'd see someone on the road. 
Additionally, at these levels of speed, driver will be your biggest factor. Guys on 600s would embarrass me on a liter bike on every track known to man if they are good riders. Bench racing is for kids",0,True
Ugz922smNcWVAtYwQfx4AaABAg.A2_ryALHBvlA2hLZL25-pS,comment,52O3cYsyZMo,Ugz922smNcWVAtYwQfx4AaABAg,True,@Gigachad854,"@patrutherford9600 and the model s plaid has dogshit quality and their interiors fall apart. Explain to me why the new 11th gen civic is a fraction of the price, has better interior quality than the model s plaid 😂😂😂😂who gives a fuck about its speed in a straight line when they drop in value like crazy, have shit build quality and can’t do shit on the track without the battery dying 😂😂😂😂. A civic will also outlast it. And if you care about range just get a Prius",0,True
Ugz922smNcWVAtYwQfx4AaABAg.A2_ryALHBvlA2hLkoY3KKq,comment,52O3cYsyZMo,Ugz922smNcWVAtYwQfx4AaABAg,True,@Gigachad854,@MrQwerty3000 I can tell you’ve been living under a rock because the Taycan Turbo GT just destroyed the model s plaid’s so called “record”. And even a gt3 has half the horsepower and destroys it too.,0,True
Ugz922smNcWVAtYwQfx4AaABAg.A2_ryALHBvlA2hNusgmodN,comment,52O3cYsyZMo,Ugz922smNcWVAtYwQfx4AaABAg,True,@patrutherford9600,"@Gigachad854 If you're not deliberately being obtuse then I don't know what to tell you. Its like debating a child on why you don't claim exempt on your taxes or why you sold losers in December for tax loss harvesting. Its a waste of time. 
Do you really believe anyone is that concerned about the track times of a car when considering a purchase? And would pay 50k or more extra for a but extra potential that they likely won't be able to utilize unless they're a very competent driver. Its just an odd thing to fixate on. I entertain the argument because I find it interesting that you think its worth some sort of merit that a car that is 50k to 150k cheaper than a Porsche should be faster than it. What is interesting is when a cheap compact like the hideous GR Yaris comes out that surprises everyone with what it can do for the cost. Maybe a bad example, I don't pay much attention to these things anymore. 
Interior quality on a McLaren sucks too. Guess I'll be getting the Civic lol Thats not how that works necessarily. You're free to make your own purchases however. My mother loves a solid interior, she would choose the Civic. Great car for her. 
Value drop is due to phenomenon of supply shortages during pandemic era that catapulted prices upwards as wait times for vehicles were up over a year long. Inevitably they would come down simulating depreciation. This happened for many cars, Tesla most of all perhaps as their demand relative to their ability to manufacture was through the roof. Their mission is to make their cars as affordable as possible. This is anything but Porsches mission. The rely on margins and brand prestige. Even if they could make them more efficiently they would hold their price. You cannot purchase a GT3RS unless you are somebody or have an extra 50k or more in an envelope lol
I have to ask, do you currently drive Porsche?",0,True
Ugz922smNcWVAtYwQfx4AaABAg.A2_ryALHBvlA2i94zKBPAD,comment,52O3cYsyZMo,Ugz922smNcWVAtYwQfx4AaABAg,True,@michaelsmithers4900,"@Gigachad854Unfortunately I don’t own a Model S and you don’t know me.
The Model S was originally designed around 2008 to be a lot of things but primarily a full sized car that seats six.
I think the Taycan is a great car. But they are very different cars. Taycan seats four and is primarily designed for performance. Still it took Porsche over 10 years to catch up to Tesla.",0,True
Ugz922smNcWVAtYwQfx4AaABAg.A2_ryALHBvlA2i9dES3wyN,comment,52O3cYsyZMo,Ugz922smNcWVAtYwQfx4AaABAg,True,@michaelsmithers4900,"@Gigachad854Agree thatthe BMW is old tech and kinda lame, but to a lot of ppl it’s a reference point for performance. Sadly there are still ppl who don’t realize the superiority of Electric",1,True
Ugz922smNcWVAtYwQfx4AaABAg.A2_ryALHBvlA2kCZ0w0LLR,comment,52O3cYsyZMo,Ugz922smNcWVAtYwQfx4AaABAg,True,@patrutherford9600,@michaelsmithers4900 word to the wise...be careful talking negative about Porsche. Some of these guys drive Civics but wear Porsche jackets and that negativity hits them right in the feelies,0,True
Ugz922smNcWVAtYwQfx4AaABAg.A2_ryALHBvlA2kNqrEEjAn,comment,52O3cYsyZMo,Ugz922smNcWVAtYwQfx4AaABAg,True,@sebastienleroy3251,@Gigachad854 for 3 times the price…,0,True
Ugz922smNcWVAtYwQfx4AaABAg.A2_ryALHBvlA2kO2zxWszI,comment,52O3cYsyZMo,Ugz922smNcWVAtYwQfx4AaABAg,True,@sebastienleroy3251,@MrJimheerena lot!,0,True
Ugz922smNcWVAtYwQfx4AaABAg.A2_ryALHBvlA2kyXVcI-FJ,comment,52O3cYsyZMo,Ugz922smNcWVAtYwQfx4AaABAg,True,@michaelsmithers4900,@Gigachad854 BMW M3 is the car that the Tesla model 3 was made to dethrone. Not the Taycan,0,True
Ugz922smNcWVAtYwQfx4AaABAg.A2_ryALHBvlA2m8-5dwD_b,comment,52O3cYsyZMo,Ugz922smNcWVAtYwQfx4AaABAg,True,@markthomas7279,​@burnzy3210 Then get the standard Model 3!! Th is the sport version.,0,True
Ugz922smNcWVAtYwQfx4AaABAg.A2_ryALHBvlA2m8IGaVqYb,comment,52O3cYsyZMo,Ugz922smNcWVAtYwQfx4AaABAg,True,@markthomas7279,​@Gigachad854hmmm. Porsche is not volume for a reason. This is not a Porsche. If you want a Porsche then great but this is in a different price bracket.,0,True
Ugz922smNcWVAtYwQfx4AaABAg.A2_ryALHBvlA2m8uFYndT0,comment,52O3cYsyZMo,Ugz922smNcWVAtYwQfx4AaABAg,True,@markthomas7279,​@Jules-z4esilly billy,0,True
Ugz922smNcWVAtYwQfx4AaABAg.A2_ryALHBvlA2m9blI03iv,comment,52O3cYsyZMo,Ugz922smNcWVAtYwQfx4AaABAg,True,@markthomas7279,​@Gigachad854yaaaaaawn. Same old BS,0,True
Ugz922smNcWVAtYwQfx4AaABAg.A2_ryALHBvlA2mCMWDyNqg,comment,52O3cYsyZMo,Ugz922smNcWVAtYwQfx4AaABAg,True,@Gigachad854,@michaelsmithers4900 RS3 beats both of them so idk your point. Tesla and BMW both make shit cars,0,True
Ugz922smNcWVAtYwQfx4AaABAg.A2_ryALHBvlA2mCTLT1nBI,comment,52O3cYsyZMo,Ugz922smNcWVAtYwQfx4AaABAg,True,@Gigachad854,@markthomas7279 still destroyed the model s plaid,0,True
Ugz922smNcWVAtYwQfx4AaABAg.A2_ryALHBvlA2nWIiM_War,comment,52O3cYsyZMo,Ugz922smNcWVAtYwQfx4AaABAg,True,@manchuriancandidatethe3rd101,"$54k 10 years ago is around $40k due to inflation. Insane value. Renders Bmw Merc, Audi obsolete. And the lower trims RWD renders Toyota, Honda, etc. obsolete.",0,True
Ugz922smNcWVAtYwQfx4AaABAg.A2_ryALHBvlA2p3dkcbmd7,comment,52O3cYsyZMo,Ugz922smNcWVAtYwQfx4AaABAg,True,@LeMatt87n,Will EVs still be relevant in 10yrs? That the question I want answered,0,True
Ugz922smNcWVAtYwQfx4AaABAg.A2_ryALHBvlA2pU2p8Yk2C,comment,52O3cYsyZMo,Ugz922smNcWVAtYwQfx4AaABAg,True,@Gigachad854,@LeMatt87n Nope. All these TeslaTards are coping hard when their car is in a junk yard in less than 10 years 😂😂😂😂😂😂,0,True
Ugz922smNcWVAtYwQfx4AaABAg.A2_ryALHBvlA2silCGkRdd,comment,52O3cYsyZMo,Ugz922smNcWVAtYwQfx4AaABAg,True,@sorka95032,"@unlisted9494 Literally everything you said is 100% false. Never had ""laser"" sensors and the tires last 40K miles and a brand new for the MP3 battery is $16K which is less than the cost of a new engine in any car that does 0-60 in less than 5 seconds and this one does it in under 3. Also, it was the S that had the issue with the display, not the 3 and that was fixed over 8 years ago.",0,True
Ugz922smNcWVAtYwQfx4AaABAg.A2_ryALHBvlA2xxzH1776q,comment,52O3cYsyZMo,Ugz922smNcWVAtYwQfx4AaABAg,True,@Montahue,Most families does not need a car that does 0-60 in under 3 seconds.,0,True
Ugz922smNcWVAtYwQfx4AaABAg.A2_ryALHBvlA3-PLi8YhSc,comment,52O3cYsyZMo,Ugz922smNcWVAtYwQfx4AaABAg,True,@fengstar1,@Gigachad854 Don't bother lol,0,True
Ugz922smNcWVAtYwQfx4AaABAg.A2_ryALHBvlA30yNuvLhhZ,comment,52O3cYsyZMo,Ugz922smNcWVAtYwQfx4AaABAg,True,@patrutherford9600,"@Gigachad854  Can any Porsche  in existence catch the modded Plaid holding the record at Willow Springs? A modified 991 GT3 couldnt do it. And like many Ferraris you can't even buy one unless you're invited. And most often you'll pay well over MSRP even then making the gt3 near 300k or more depending on options. It works well as an exercise in flexing how much money you have and acquiring the ""status"" that so many seek. But hardly worth seriously comparing to a car you can just click a button and buy.",0,True
Ugz922smNcWVAtYwQfx4AaABAg.A2_ryALHBvlA31WFankZgt,comment,52O3cYsyZMo,Ugz922smNcWVAtYwQfx4AaABAg,True,@Gigachad854,"@patrutherford9600 let’s see how the plaid holds up after 5 years. Shit will fall apart far before them 😂😂😂😂😂also willow springs is a kids playground compared to the Nurburgring Nordschleife, which Tesla continues to get DESTROYED on",0,True
Ugz922smNcWVAtYwQfx4AaABAg.A2_ryALHBvlA32DqsOKyVJ,comment,52O3cYsyZMo,Ugz922smNcWVAtYwQfx4AaABAg,True,@patrutherford9600,"@Gigachad854 unfortunately for Porsche, motorsports is not confined to one racetrack. it also is not confined to factory vehicles. the car that broke the record was a model S tuning to go up pikes peak and smashed the record by accident. I love how the argument always shifts. now the racetrack doesn't count, and then it also moves to reliability lol ill guarantee you'll have more Plaids past 100k because no one wants to even take gt3 rs past 100k. first because they paid from 250k to 400k for the thing and second because it'll cost a literal arm and a leg to fix and maintain that long.",0,True
Ugz922smNcWVAtYwQfx4AaABAg.A2_ryALHBvlA345oKuUlOk,comment,52O3cYsyZMo,Ugz922smNcWVAtYwQfx4AaABAg,True,@mikeni1225,"@Gigachad854 Most people don't go on track,  it costs 1k with tire costs, track fee, etc.  Most people don't drive sports cars to 9/10s.  Try it in a BMW m3, the limits are insane.  Most people who actually would get the Tesla performance are people with 130K+ salaries that drive to work.  They just want a fast car off the red light and highway on ramp, then switch to FSD for traffic.  Tesla is the modern muscle / daily. Don't compare to a track car which is a weekend car.",0,True
Ugz922smNcWVAtYwQfx4AaABAg.A2_ryALHBvlA34o1guy59N,comment,52O3cYsyZMo,Ugz922smNcWVAtYwQfx4AaABAg,True,@Corvolet5,"IF it actually does that time. Tesla is known for making fake claims, and the old P100D's already degraded so much in battery power that they barely manage high 10's in the quarter mile anymore. It's gonna be almost the same with the Plaid, except the owners in a supercar will always drive off with something actually valuable.",0,True
Ugz922smNcWVAtYwQfx4AaABAg.A2_ryALHBvlA38mc0_nLnE,comment,52O3cYsyZMo,Ugz922smNcWVAtYwQfx4AaABAg,True,@niciassmith1204,"Pretty Amazing that you would have to get a Corvette, Dodge Deamon, or exotic car to match or exceed performance, and it's an everyday 4-door comfortable car.",0,True
Ugz922smNcWVAtYwQfx4AaABAg.A2_ryALHBvlA3afZj-03WZ,comment,52O3cYsyZMo,Ugz922smNcWVAtYwQfx4AaABAg,True,@hunternewberry5860,also it will get 140mpg equavalent? they would think aliens visited us,0,True
Ugz922smNcWVAtYwQfx4AaABAg.A2_ryALHBvlA3bkhl5dpvJ,comment,52O3cYsyZMo,Ugz922smNcWVAtYwQfx4AaABAg,True,@mortenkrogh8599,"​@gigachad6162 taycan 2370kg vs model 3 1839kg. Not sure if it will destroy...probably a bit faster due to a lot more hp, but destroy? Don't think so.",0,True
Ugz922smNcWVAtYwQfx4AaABAg.A2_ryALHBvlA3bl-9zKntg,comment,52O3cYsyZMo,Ugz922smNcWVAtYwQfx4AaABAg,True,@mortenkrogh8599,​@burnzy3210did you not pay attention at all? Many owners takes their car to the track. You don't need to bring your family...,0,True
Ugz922smNcWVAtYwQfx4AaABAg.A2_ryALHBvlA3n4UtRdVKE,comment,52O3cYsyZMo,Ugz922smNcWVAtYwQfx4AaABAg,True,@dar7279,"@Gigachad854 the taycan that ""destroys"" the tesla on the track is 250k bozo. these porsche kids are getting stupid nowadays.",0,True
Ugz922smNcWVAtYwQfx4AaABAg.A2_ryALHBvlA4EMpvPoO3w,comment,52O3cYsyZMo,Ugz922smNcWVAtYwQfx4AaABAg,True,@tritonh5683,"Model 3 is not a family car. It is Honda civic size. You want a family car, you need a model Y. Or S or X",0,True
Ugz922smNcWVAtYwQfx4AaABAg.A2_ryALHBvlA4OcVEDbUWp,comment,52O3cYsyZMo,Ugz922smNcWVAtYwQfx4AaABAg,True,@chrisb1047,The 0-60 time is deceptive they subtract a rollout go check their website it’s a joke 😂,0,True
Ugz922smNcWVAtYwQfx4AaABAg.A2_ryALHBvlAAvxmwYSJhW,comment,52O3cYsyZMo,Ugz922smNcWVAtYwQfx4AaABAg,True,@InstantAphexFlim,@junehanzawa5165it’s not just the car but the buyer that qualifies.  I didn’t.,0,True
Ugz922smNcWVAtYwQfx4AaABAg.A2_ryALHBvlAIccGYihlGr,comment,52O3cYsyZMo,Ugz922smNcWVAtYwQfx4AaABAg,True,@terrancedactielle5460,​@SparklingWalrus it's a family car that goes quick. Not a sports car that can take a family.,0,True
Ugz922smNcWVAtYwQfx4AaABAg.A2_ryALHBvlANSOwgTGrFb,comment,52O3cYsyZMo,Ugz922smNcWVAtYwQfx4AaABAg,True,@leonardschluter7037,@Gigachad854A Tesla Model 3 performance handles REALLY good. Every Major automotive Journalist said that,0,True
Ugz922smNcWVAtYwQfx4AaABAg.A2_ryALHBvlANSP6xlbIHF,comment,52O3cYsyZMo,Ugz922smNcWVAtYwQfx4AaABAg,True,@leonardschluter7037,"@unlisted9494The Interior quality is very good, no plastics used, nice vegan leather and high quality fabric. The performance is absolutely insane, without rollout 3.1-3.0 is definitely achievable. Great car for the money",0,True
Ugz922smNcWVAtYwQfx4AaABAg.A2_ryALHBvlANSp26cfDea,comment,52O3cYsyZMo,Ugz922smNcWVAtYwQfx4AaABAg,True,@Gigachad854,@leonardschluter7037that’s a total lie,0,True
Ugz922smNcWVAtYwQfx4AaABAg.A2_ryALHBvlARQbvilNw2r,comment,52O3cYsyZMo,Ugz922smNcWVAtYwQfx4AaABAg,True,@rstreets,"Nobody thinks a model 3 performance is a family car, moron…🙄",0,True
Ugz922smNcWVAtYwQfx4AaABAg.A2_ryALHBvlAUdNZN6jNpS,comment,52O3cYsyZMo,Ugz922smNcWVAtYwQfx4AaABAg,True,@ordepdevil,"​@tsmatthx2it started at sometime at 35k the model 3 standard. You take the 7,5k rebate, and you had it for even less than. 30k. You can look it up",0,True
Ugz922smNcWVAtYwQfx4AaABAg.A2_ryALHBvlAUdR0-g6EL7,comment,52O3cYsyZMo,Ugz922smNcWVAtYwQfx4AaABAg,True,@tsmatthx2,​@ordepdevilit's like 55k+,0,True
Ugz922smNcWVAtYwQfx4AaABAg.A2_ryALHBvlAVFuRCGB9Dn,comment,52O3cYsyZMo,Ugz922smNcWVAtYwQfx4AaABAg,True,@TheFrontyer,Yea 10 years ago that was the Model S.,0,True
Ugz922smNcWVAtYwQfx4AaABAg.A2_ryALHBvlAWecvIG6mSz,comment,52O3cYsyZMo,Ugz922smNcWVAtYwQfx4AaABAg,True,@fayenotfaye,@LeMatt87n someone reply to this guy in 8 years,2,True
UgwnPPNJSYJY-TYh9tV4AaABAg,comment,52O3cYsyZMo,,False,@cipsaz01,"Great review and good overall package for the money, however I get the impression MKBHD no longer likes Tesla cars.",1,True
UgyxymHFS2mgYWHoIKx4AaABAg,comment,52O3cYsyZMo,,False,@tonny.c,The most boring car ever,0,True
Ugw2b78ACNdb-oAHDRN4AaABAg,comment,52O3cYsyZMo,,False,@kristinchong629,"Saint internet. 

The conglomerating. 

Not that I know anything but like of all the cars luxury cars I consider Tesla Luxury but like all they are doing is driving to their corporate job for like 300 days soo like what is luxury. 

Like isn’t being more associated with a bit more rigorous sports club more important auto trajectory. Human body auto body next body? Is pickle all body. Or golf body. Like I don’t know what’s the suburban country club sport. Idk. 

Also like can we get the Tristan walker jay z MKBHD tech skyscraper. 

And also fun diy brownie technical projects. Like a brownie clubhouse.",0,True
UgxS6SqkKrLiv-oLKcV4AaABAg,comment,52O3cYsyZMo,,False,@esjope,"No one should buy anything from a white supremacist, anti-democratic narcissistic hate speech spreading russian propagandist.",1,True
UgwZELpwvqefmdg89a54AaABAg,comment,52O3cYsyZMo,,False,@NorthNightingale,Does the parking software finally work?,0,True
UgwZELpwvqefmdg89a54AaABAg.A2_rr54jmq9A2_s_O3PFNB,comment,52O3cYsyZMo,UgwZELpwvqefmdg89a54AaABAg,True,@JohnSmith-pn2vl,"yea, there are plenty videos out since weeks",0,True
UgwqeBOWzln_xhhjkGp4AaABAg,comment,52O3cYsyZMo,,False,@WalkwithUdy,Use me as your like button if you are excited about Model 3,1,True
UgwWntrTf_4eqwR5cqx4AaABAg,comment,52O3cYsyZMo,,False,@UTVH21,Top Speed ? 1/4 Mile ?,0,True
Ugx4D_-QJqo1wtvJmSR4AaABAg,comment,52O3cYsyZMo,,False,@ericmiles8414,I just love the video quality from the iPhone,17,True
Ugx4D_-QJqo1wtvJmSR4AaABAg.A2_rl5WLryNA2bkwGKg3BZ,comment,52O3cYsyZMo,Ugx4D_-QJqo1wtvJmSR4AaABAg,True,@dbwildcat20,It makes Marques look weird in the sunlight.,2,True
UgyvFwwj8IFTvQMWdVd4AaABAg,comment,52O3cYsyZMo,,False,@andresu2b,sounds ridiculous but the dealbreakers are the shitty buttons in the steering wheel,1,True
UgwS-BtCg5pDPFy_iwZ4AaABAg,comment,52O3cYsyZMo,,False,@BorrietheBlade,What is the range? I don't remember... 🤔,0,True
UgwS-BtCg5pDPFy_iwZ4AaABAg.A2_rfBjB40QA2_sdYfdcq5,comment,52O3cYsyZMo,UgwS-BtCg5pDPFy_iwZ4AaABAg,True,@JohnSmith-pn2vl,like 300,0,True
UgwS-BtCg5pDPFy_iwZ4AaABAg.A2_rfBjB40QA2bHyRY21Fn,comment,52O3cYsyZMo,UgwS-BtCg5pDPFy_iwZ4AaABAg,True,@Nickbaldeagle02,900 miles,0,True
UgxGCzKCMFSNw0BLnyZ4AaABAg,comment,52O3cYsyZMo,,False,@AlexJMercer20,Headlights are like new roadster 2:41,1,True
UgyduKtgGeXFA8HbwCl4AaABAg,comment,52O3cYsyZMo,,False,@imnicelikethat,imma be honest this iphone camera does not do well under the sun,0,True
UgxOBEzqo-E3g9lMrBp4AaABAg,comment,52O3cYsyZMo,,False,@hectorfuji,What I want to know is its faster than a model S long range.,2,True
Ugx32Wry3W6IDDmu6gV4AaABAg,comment,52O3cYsyZMo,,False,@MuhammadvHussain,45k usd after tax credit for this beast guys!! It's up for sale!,0,True
UgxIsGtMOj9w3NP3P_B4AaABAg,comment,52O3cYsyZMo,,False,@Mantvisr,All i care if it´s faster at 100mph+. As previous M3P was fast only from 0 to 60...,0,True
UgwKY7WMj8jUtHw6h-l4AaABAg,comment,52O3cYsyZMo,,False,@_Manu____,"""Why wasn't I born in the USA instead of impoverished India?""",0,True
Ugxo4z3GQcMNTP-VBTB4AaABAg,comment,52O3cYsyZMo,,False,@TheSonofscott,"Marques, i'd rather see a review on the hollyland lark m2 than these electric cars! If you wanna do that, go to the factories where they make them! the real world!",0,True
Ugxo4z3GQcMNTP-VBTB4AaABAg.A2_rSwkEa39A2_shNDLerk,comment,52O3cYsyZMo,Ugxo4z3GQcMNTP-VBTB4AaABAg,True,@JohnSmith-pn2vl,"everybody cares about ev's, ev's are the norm now",0,True
UgwXZbRQVE3QzNQZXml4AaABAg,comment,52O3cYsyZMo,,False,@mattburgon8312,One of the most wanted features missing from Teslas is a HUD,0,True
UgwXZbRQVE3QzNQZXml4AaABAg.A2_rLwuKPL4A2_sCzHwNO_,comment,52O3cYsyZMo,UgwXZbRQVE3QzNQZXml4AaABAg,True,@JohnSmith-pn2vl,"no, and the no screen in front of the wheel is also better, i truly love it",0,True
UgwXZbRQVE3QzNQZXml4AaABAg.A2_rLwuKPL4A2bg1vny8dy,comment,52O3cYsyZMo,UgwXZbRQVE3QzNQZXml4AaABAg,True,@mattburgon8312,@JohnSmith-pn2vl looking to your right at the screen to check your speed whilst your driving when you should be looking straight ahead is dumb. With a HUD your eyes never have to be off the road.,0,True
UgyKjTHdve8XSalh0Pt4AaABAg,comment,52O3cYsyZMo,,False,@MrSelfDestruct-1,"Under 300 miles range is atrocious. 
Rather have a Corolla Hybrid.",1,True
UgyKjTHdve8XSalh0Pt4AaABAg.A2_rLOyR3erA2_uTUrQEv3,comment,52O3cYsyZMo,UgyKjTHdve8XSalh0Pt4AaABAg,True,@JohnSmith-pn2vl,ROFL he compares a lambo killer to a corolla,0,True
UgwF_Gjh0ZcbV_fYaS14AaABAg,comment,52O3cYsyZMo,,False,@fraysa,Has anyone else noticed that all the latest videos are only shot on iPhone 15 Pro? Kinda proves how even Marques figured out it has the best camera.,0,True
UgyuvS6qx21hVaiqojJ4AaABAg,comment,52O3cYsyZMo,,False,@WorrisomeGardenerofGreySea,Can someone tell me why wheelcovers have the same clockwise swirl design for all 4 wheels and are not symmetrical -left vs right- wouldn’t that be even more cool and aerodynamic? And since covers are mostly plastic it shouldn’t be much of a cost,0,True
UgyuvS6qx21hVaiqojJ4AaABAg.A2_rKyqAB8vA2bIFCs3NXJ,comment,52O3cYsyZMo,UgyuvS6qx21hVaiqojJ4AaABAg,True,@Nickbaldeagle02,I had a great deal of trouble convincing someone that the wheels on each side rotate in different directions.,0,True
Ugy8_yiu_GMeo1gqWXh4AaABAg,comment,52O3cYsyZMo,,False,@ckf36,Yeah I need this,1,True
UgyZp-L_kcSwfsAoAjB4AaABAg,comment,52O3cYsyZMo,,False,@Smithson52,"Tesla's biggest problem is still depreciation and entry price. 

I look forward to the day when EVs join the competitive starting market that is currently being dominated by Toyota Corolla and Honda Civics.",0,True
UgzpHKfkMZdm3bLrlEl4AaABAg,comment,52O3cYsyZMo,,False,@RevanParker,4 minutes in and i'm already seeing  the typical Tesla quality control issues... @4:55 gap inside the wheel arch,5,True
UgzpHKfkMZdm3bLrlEl4AaABAg.A2_rEHd_IfYA2aK39_x4uv,comment,52O3cYsyZMo,UgzpHKfkMZdm3bLrlEl4AaABAg,True,@ChaseHub,It's not there at 4:58 tho so must have been the angle,1,True
UgzpHKfkMZdm3bLrlEl4AaABAg.A2_rEHd_IfYA2aPe3pA1iZ,comment,52O3cYsyZMo,UgzpHKfkMZdm3bLrlEl4AaABAg,True,@TelmoMonteiro,The camera is filming at an angle. That should be the whole justification. Front wheel looked pretty centered,0,True
UgzzWUVBNC2QI6Rwv1J4AaABAg,comment,52O3cYsyZMo,,False,@JohnJonnyBerry,45500$ after tax credit lmao,0,True
Ugy7n_9Huy0Rb4s45nN4AaABAg,comment,52O3cYsyZMo,,False,@KaptainKabui,I know you have been waiting so long to post just like me to buy xD,0,True
UgxSgyaILi05pfjJob14AaABAg,comment,52O3cYsyZMo,,False,@StruC,"Did you really drive one-handed just so you can hold your phone to film in the other? With traffic in the other lane? Get a GoPro, sir.",0,True
Ugx-wCUj1CO3kyUxiqt4AaABAg,comment,52O3cYsyZMo,,False,@Jan_mxv,Remember when dBrand made a slightly racist statement?,0,True
UgztJ0cx35VcRnrkh2R4AaABAg,comment,52O3cYsyZMo,,False,@BeedleBeeno,Shout out to the magnets,0,True
UgxrgZOh-BqY7w6lwhV4AaABAg,comment,52O3cYsyZMo,,False,@ah2167-y6k,You would look so good with a low taper cur,0,True
UgyraaP83hNt04DgEYx4AaABAg,comment,52O3cYsyZMo,,False,@WaxMan_1980,This is the equivalent of a iPhone Pro Max compared to the regular model.,0,True
UgyraaP83hNt04DgEYx4AaABAg.A2_r0VZl4dpA2_szwIjvO8,comment,52O3cYsyZMo,UgyraaP83hNt04DgEYx4AaABAg,True,@JohnSmith-pn2vl,"no, jus tthe pro, pro max is plaid :) and roadster is pro max ultra extreme",0,True
UgxoPYFYzsRg-8s2E5Z4AaABAg,comment,52O3cYsyZMo,,False,@PeterVanHommel,"As a freshly baked 911 (992) Targa 4S driver I have to admit, that everytime I drive my M3P (2022) it puts a smile on my face ….as much I love my 911, the calmness and the instant speed in my Tesla is heaven like and now this new M3P looks soooo cool, it got all the features I wish my M3P had …like better brakes and also probably faster from 100-200 😢😢

PS: The sound of the boxer engine in my 911 annoys me after couple of minutes of driving…true story",1,True
Ugx3J8gIY6XlxrkClVJ4AaABAg,comment,52O3cYsyZMo,,False,@transDIVAlicous,"2.9 sec
510 horse power
Adaptive suspension
$7 500 Tax credit
WANT!!

Would love to upgrade my original Model 3",0,True
Ugwwbj3-p16L7I8fqW94AaABAg,comment,52O3cYsyZMo,,False,@Runswithwood,"When your camera is so good, you can see all the tiny bugs flying around.",1,True
Ugwwdzz6qygZK6s59ZB4AaABAg,comment,52O3cYsyZMo,,False,@TheoFennel,"All those flying insects are killing, and i am not even there. Especially when they are inside the car.",0,True
UgykQJIGyW_nO2rxtxV4AaABAg,comment,52O3cYsyZMo,,False,@vinrave,"I wish I waited, I just bought my Model Y performance 2024 last month.",0,True
UgzrPQNHpsjtJQ_MS6h4AaABAg,comment,52O3cYsyZMo,,False,@mayordoctor3961,Im on the edge between this vs a slightly older models s for cheaper,0,True
UgxyrPAjgJ7s32sj1rZ4AaABAg,comment,52O3cYsyZMo,,False,@petergonzalez4963,"MKBHD honestly has the life, testing all these cars for a job",3,True
UgwcNH3qs9pnxrfqce14AaABAg,comment,52O3cYsyZMo,,False,@EVERESTRealClimbingSimulator,"Why give grey one, red looks much better",0,True
UgwZS-TaSdUPURiLlWl4AaABAg,comment,52O3cYsyZMo,,False,@DennisCW,"❗$45,490 after Tax credit , very tempting",1,True
Ugz-H8FM7XuKLJoNgl54AaABAg,comment,52O3cYsyZMo,,False,@emilseitveliiev2263,What will the next car review be on?,0,True
Ugz-H8FM7XuKLJoNgl54AaABAg.A2_qjthcdJiA2_sc735o9u,comment,52O3cYsyZMo,Ugz-H8FM7XuKLJoNgl54AaABAg,True,@JohnSmith-pn2vl,this ofc,0,True
Ugz-H8FM7XuKLJoNgl54AaABAg.A2_qjthcdJiA2bHjiQHdhE,comment,52O3cYsyZMo,Ugz-H8FM7XuKLJoNgl54AaABAg,True,@Nickbaldeagle02,BYD Seal,0,True
Ugx2lmaJVSZwU5A3d354AaABAg,comment,52O3cYsyZMo,,False,@ELXABER,🤣 That's the 5th Model 3 P video I have seen published today. Must be ready to tank in price.,0,True
UgzFZELzV4LMGwLBDiV4AaABAg,comment,52O3cYsyZMo,,False,@liken1288,"Would love to see real world testing on 1/4mile , 100-200km/h etc .",0,True
UgwpSYsIsPSpY0buEHl4AaABAg,comment,52O3cYsyZMo,,False,@YTesting,Did you pickup the plasric bottle to throw it away?,1,True
UgwzYbskTqQ2rwKNvjN4AaABAg,comment,52O3cYsyZMo,,False,@banon7853,I love MKD but shouldn’t a half $1 trillion company maybe put an ad on TV saying the same thing jeez Louise!!!!”!,0,True
UgynGROsPiZ1MOfNet14AaABAg,comment,52O3cYsyZMo,,False,@emadimutsa,Well done to Tesla for making car wrapping a billion dollar industry.,0,True
UgwoZd0eAaURS4OfRet4AaABAg,comment,52O3cYsyZMo,,False,@jefferrrson1x,Tesla King. Insane deal.,0,True
Ugz9aq60gVRXZuAuBGZ4AaABAg,comment,52O3cYsyZMo,,False,@xeleborn5,do you wanna test the new electric mini? would love to see your review,4,True
Ugwepoo8C5JH2YvBYkZ4AaABAg,comment,52O3cYsyZMo,,False,@bournechupacabra,"Genuinely confused why you took a stand against Dbrand because of their social media posts, but you happily give Tesla positive coverage despite all the shit Elon has said and done. It just doesn't seem consistent",0,True
UgxnGGdgf44qWnvy3w94AaABAg,comment,52O3cYsyZMo,,False,@AlexandLam,$45.5k after tax credit. Incredible,0,True
UgzKyW8M7MPJnFabI6l4AaABAg,comment,52O3cYsyZMo,,False,@choimarcus12,The 5:16 “can you not” was spoken from the heart 😂,737,True
UgzKyW8M7MPJnFabI6l4AaABAg.A2_qUwOatjyA2aHYnhFRl_,comment,52O3cYsyZMo,UgzKyW8M7MPJnFabI6l4AaABAg,True,@NotAGoodFit,Marques needs to put this on a shirt and get it in the merch store pronto lol,17,True
UgzKyW8M7MPJnFabI6l4AaABAg.A2_qUwOatjyA2aJaCC1iwl,comment,52O3cYsyZMo,UgzKyW8M7MPJnFabI6l4AaABAg,True,@Maximillieeee,I’d wear it,4,True
UgzKyW8M7MPJnFabI6l4AaABAg.A2_qUwOatjyA2aSfeJUYoZ,comment,52O3cYsyZMo,UgzKyW8M7MPJnFabI6l4AaABAg,True,@0s0sXD,"there's always birds or bottles scaring the F out of marques when he's showing us a car 
poor guy",14,True
UgzKyW8M7MPJnFabI6l4AaABAg.A2_qUwOatjyA2aYQd6SSXD,comment,52O3cYsyZMo,UgzKyW8M7MPJnFabI6l4AaABAg,True,@ligthesloth8744,"In a Video about a Tesla, a green car,  dude just really ignores the litter",9,True
UgzKyW8M7MPJnFabI6l4AaABAg.A2_qUwOatjyA2aZm_svqfB,comment,52O3cYsyZMo,UgzKyW8M7MPJnFabI6l4AaABAg,True,@Maximillieeee,"@ligthesloth8744 nah my dude, he told the trash “can you not” and it went bankrupt, bye bye trash 🗑️",5,True
UgzKyW8M7MPJnFabI6l4AaABAg.A2_qUwOatjyA2a_O77VUB7,comment,52O3cYsyZMo,UgzKyW8M7MPJnFabI6l4AaABAg,True,@daviidfm923,His age came out right there so hard 😂,4,True
UgzKyW8M7MPJnFabI6l4AaABAg.A2_qUwOatjyA2oCWXD6k8I,comment,52O3cYsyZMo,UgzKyW8M7MPJnFabI6l4AaABAg,True,@metrix9125,"@daviidfm923 30s huh...  😊 ... peace, comfort and luck of patience.",1,True
UgzKyW8M7MPJnFabI6l4AaABAg.A2_qUwOatjyA2pEI_kIuDP,comment,52O3cYsyZMo,UgzKyW8M7MPJnFabI6l4AaABAg,True,@lofman,"How about ""can you just pick it up and throw it?""",0,True
UgzKyW8M7MPJnFabI6l4AaABAg.A2_qUwOatjyA2q-DxggZ0C,comment,52O3cYsyZMo,UgzKyW8M7MPJnFabI6l4AaABAg,True,@Marinedude2,This is what took me out 😂,0,True
UgzKyW8M7MPJnFabI6l4AaABAg.A2_qUwOatjyA3YHecO5qVw,comment,52O3cYsyZMo,UgzKyW8M7MPJnFabI6l4AaABAg,True,@callmeletstalkswgoh8182,Dude should have picked up the trash. Can't believe he just left it there. Disgusting.,1,True
UgzKyW8M7MPJnFabI6l4AaABAg.A2_qUwOatjyA3grtCxYKar,comment,52O3cYsyZMo,UgzKyW8M7MPJnFabI6l4AaABAg,True,@coolco1619,​@callmeletstalkswgoh8182 And I bet  you would!?  Especially when there isn't a trash bin around And when you're filming.,0,True
UgzKyW8M7MPJnFabI6l4AaABAg.A2_qUwOatjyAQUvvZvYfpI,comment,52O3cYsyZMo,UgzKyW8M7MPJnFabI6l4AaABAg,True,@ceomere2038,Bottle almost made him 💩 bricks 😂,0,True
Ugx9650uWZqJGHgYhWx4AaABAg,comment,52O3cYsyZMo,,False,@eternalbeing3339,"Teslas need more battery range, they are already very fast.",0,True
Ugx9650uWZqJGHgYhWx4AaABAg.A2_qSvwIxb2A2_tbxJx475,comment,52O3cYsyZMo,Ugx9650uWZqJGHgYhWx4AaABAg,True,@JohnSmith-pn2vl,"no it's already plenty faster than i will ever need (model Y long range), on road trips (4-6 times a year) it charges faster than needed already and otherwise it takes 5 sec to plug and 5 sec to unplug once a week.
mkbhd also doesnt know how to charge an ev, you do it 5% to 55%, this way you are 8-10 times faster.
you see everything in the tesla, how many are charging, how many are heading to the charger, everything, it's a total no brainer, the car does everything, you just drive. range is a non issue since quite some time now.",0,True
UgxASUwAdQDHmeDodR94AaABAg,comment,52O3cYsyZMo,,False,@TurningIsland,This morphed into a very aesthetically pleasing car!,480,True
UgxASUwAdQDHmeDodR94AaABAg.A2_qSFmGYGHA2aCoDeV3wG,comment,52O3cYsyZMo,UgxASUwAdQDHmeDodR94AaABAg,True,@burnzy3210,"this is genuinely the most dull and uninspiring car on sale today, possibly ever.",28,True
UgxASUwAdQDHmeDodR94AaABAg.A2_qSFmGYGHA2aDgJmsZz-,comment,52O3cYsyZMo,UgxASUwAdQDHmeDodR94AaABAg,True,@G82Watts,This is surely a joke right ? The front looks like a Chinese fish. The front and rest of the car don't match. The front gives off a sleek design then it all the sudden turns into some kind of egg blob thing all the way to the rear. Like what??,18,True
UgxASUwAdQDHmeDodR94AaABAg.A2_qSFmGYGHA2aEJP22aRB,comment,52O3cYsyZMo,UgxASUwAdQDHmeDodR94AaABAg,True,@urhot,@G82Wattswhat are you waffling about 😂 you know you’re in the minority with that opinion right?,33,True
UgxASUwAdQDHmeDodR94AaABAg.A2_qSFmGYGHA2aFCAYmj4l,comment,52O3cYsyZMo,UgxASUwAdQDHmeDodR94AaABAg,True,@burnzy3210,"@urhot no, he's right, it's dull. It's a car designed by accountants.",11,True
UgxASUwAdQDHmeDodR94AaABAg.A2_qSFmGYGHA2aFaYIwhkt,comment,52O3cYsyZMo,UgxASUwAdQDHmeDodR94AaABAg,True,@G82Watts,"@urhot no I'm not lmao. Ur just under tesla vids. If u were under a car community section u would be hearing the same thing. Not a soul even a tesla lover would see this car and think ""wow that thing is so dope"" it looks like basic traffic. Average joe commuter. No one on the road would turn their head to look at it no one at a drive thru or anywhere would give u a random compliment. It isn't ""that""",8,True
UgxASUwAdQDHmeDodR94AaABAg.A2_qSFmGYGHA2aGOnoyAhj,comment,52O3cYsyZMo,UgxASUwAdQDHmeDodR94AaABAg,True,@thatsimonjohnson,It looks like a 2012 Mazda 3 - which was fine.,11,True
UgxASUwAdQDHmeDodR94AaABAg.A2_qSFmGYGHA2afBeJ7YPv,comment,52O3cYsyZMo,UgxASUwAdQDHmeDodR94AaABAg,True,@Teddy_M85,​@burnzy3210 When was the last time you drove one?,1,True
UgxASUwAdQDHmeDodR94AaABAg.A2_qSFmGYGHA2ajvPBFiH3,comment,52O3cYsyZMo,UgxASUwAdQDHmeDodR94AaABAg,True,@jboy55,When are the 3 and Y getting the stainless steel “cyber” treatment? Next Gen?,0,True
UgxASUwAdQDHmeDodR94AaABAg.A2_qSFmGYGHA2akDwCmsp1,comment,52O3cYsyZMo,UgxASUwAdQDHmeDodR94AaABAg,True,@justinmaxon12,@G82Wattsthe reason ppl say it looks like regular traffic is because there’s so many of them. It’s like having a mustang😂 the car community is horrible as well. They want to say their car is faster than yours until it’s a Tesla. Now all of a sudden it’s just a microwave on wheels.,13,True
UgxASUwAdQDHmeDodR94AaABAg.A2_qSFmGYGHA2akPrQsJT8,comment,52O3cYsyZMo,UgxASUwAdQDHmeDodR94AaABAg,True,@tuanand955,Ignore the bots.  BYD bots lol,4,True
UgxASUwAdQDHmeDodR94AaABAg.A2_qSFmGYGHA2anw4Yf7Zk,comment,52O3cYsyZMo,UgxASUwAdQDHmeDodR94AaABAg,True,@dafaq,It looks ugly,0,True
UgxASUwAdQDHmeDodR94AaABAg.A2_qSFmGYGHA2aoIbEvwCH,comment,52O3cYsyZMo,UgxASUwAdQDHmeDodR94AaABAg,True,@Battleneter,"Yep looks great for a 2008 model, this is a 2008 model right?",1,True
UgxASUwAdQDHmeDodR94AaABAg.A2_qSFmGYGHA2bZOWYfeHM,comment,52O3cYsyZMo,UgxASUwAdQDHmeDodR94AaABAg,True,@gbw28,Awesome looking car.,6,True
UgxASUwAdQDHmeDodR94AaABAg.A2_qSFmGYGHA2c2d_oueIf,comment,52O3cYsyZMo,UgxASUwAdQDHmeDodR94AaABAg,True,@waelaltaqi,"And the new electric BMW looks horrid, and electric benz for that matter imo.",2,True
UgxASUwAdQDHmeDodR94AaABAg.A2_qSFmGYGHA2eI6XSKA8T,comment,52O3cYsyZMo,UgxASUwAdQDHmeDodR94AaABAg,True,@carholic-sz3qv,nope! and the seats and colors are still all boring asf!,0,True
UgxASUwAdQDHmeDodR94AaABAg.A2_qSFmGYGHA2oMS-7EDAG,comment,52O3cYsyZMo,UgxASUwAdQDHmeDodR94AaABAg,True,@ThrottleBody,Really?,0,True
UgxASUwAdQDHmeDodR94AaABAg.A2_qSFmGYGHA2osKiWbPny,comment,52O3cYsyZMo,UgxASUwAdQDHmeDodR94AaABAg,True,@kevinconroy6606,@G82Wattsbots gonna bot,0,True
UgzRScn52CKGViTXpRR4AaABAg,comment,52O3cYsyZMo,,False,@Jack-vv7zb,"Under 60k? More like $52,990 woah",24,True
UgzRScn52CKGViTXpRR4AaABAg.A2_qO40ZR6IA2aJyU1JAsy,comment,52O3cYsyZMo,UgzRScn52CKGViTXpRR4AaABAg,True,@Sleepy-Koala,"Even then, now they take away the tax credit on purchase, so its around 45,900$. Can't wait to get my hands on one.",6,True
UgxqzjxAblRg9Khp34h4AaABAg,comment,52O3cYsyZMo,,False,@HendrikEbber,"Tesla has lost a lot of Australian performance due to our wishes to suppress live video of a stabbing. Elon denied that, but his brands will suffer even more",0,True
UgxqzjxAblRg9Khp34h4AaABAg.A2_qNIctnbBA2_ueFDiBtL,comment,52O3cYsyZMo,UgxqzjxAblRg9Khp34h4AaABAg,True,@JohnSmith-pn2vl,"that is a pro and i cheer for it, stop lying at the public you freak, the truth needs to be shown always",0,True
UgwWH8rvtIrpwonasnJ4AaABAg,comment,52O3cYsyZMo,,False,@emadimutsa,why is Tesla not bringing these cars to Africa. l think these cars will do very well through out Africa,0,True
UgyWoLnoPj9iqDvC9iV4AaABAg,comment,52O3cYsyZMo,,False,@Displays.1234.,Still really needs heads up display... Or drivers display..,1,True
UgyWoLnoPj9iqDvC9iV4AaABAg.A2_qMOTMl2zA2_sV3-o6Ab,comment,52O3cYsyZMo,UgyWoLnoPj9iqDvC9iV4AaABAg,True,@JohnSmith-pn2vl,"no that's totally not needed at all, looking at the center screen is way better, no obtrusion and takes the same time, it's WAY better.
stop with all the myths already plz",0,True
Ugx9waGSrsbX8Iy6NxB4AaABAg,comment,52O3cYsyZMo,,False,@brandenflasch,Model 3 Performance is a killer value,1,True
UgyxTLtsMQ8115g7fs14AaABAg,comment,52O3cYsyZMo,,False,@ericy.2108,7:15 Tesla released new Plaid seats a few days ago. (I know you may have filmed this before that),0,True
UgwziMk24o-GdC0k3Xp4AaABAg,comment,52O3cYsyZMo,,False,@Shaqshaq_pov,"Don't forget About the7,500 Deduction 😎",54,True
UgwziMk24o-GdC0k3Xp4AaABAg.A2_qAj4JDbPA2ayvFjw617,comment,52O3cYsyZMo,UgwziMk24o-GdC0k3Xp4AaABAg,True,@antimagnet,"be careful tho. add white seats and any color but gray and the $7,500 rebate disappears",1,True
UgwziMk24o-GdC0k3Xp4AaABAg.A2_qAj4JDbPA2b4m9nc1_h,comment,52O3cYsyZMo,UgwziMk24o-GdC0k3Xp4AaABAg,True,@xKINGxRCCx,@antimagnetwhy is that?,0,True
UgwziMk24o-GdC0k3Xp4AaABAg.A2_qAj4JDbPA2b6LSYrfgV,comment,52O3cYsyZMo,UgwziMk24o-GdC0k3Xp4AaABAg,True,@antimagnet,"@xKINGxRCCx rebate is only good for cars priced at $55k and under. So any options that bring the price above $55k kill the $7,500 rebate",0,True
UgwziMk24o-GdC0k3Xp4AaABAg.A2_qAj4JDbPA2bBcJHE9Rt,comment,52O3cYsyZMo,UgwziMk24o-GdC0k3Xp4AaABAg,True,@alexandruilea915,​@xKINGxRCCxit probably goes over a threshold where it doesn't qualify anymore due to price.,0,True
UgwziMk24o-GdC0k3Xp4AaABAg.A2_qAj4JDbPA2bIEbfE3nq,comment,52O3cYsyZMo,UgwziMk24o-GdC0k3Xp4AaABAg,True,@scratastic1,"If they were really serious about the environment with those deductions they should only apply it to the most basic models with the highest efficiency numbers, and not the ones that burn through the precious 'green' energy the quickest just for speed. Show's what a dumb system it is to begin with, but if you can use their stupidity in your advantage why not hehe",0,True
UgwziMk24o-GdC0k3Xp4AaABAg.A2_qAj4JDbPA2bJtqTI-X3,comment,52O3cYsyZMo,UgwziMk24o-GdC0k3Xp4AaABAg,True,@alexandruilea915,@scratastic1 the thing is that the model 3 performance will still be super efficient in day to day use (unlike a gas sports car for example) so it still should qualify. The 60.000 USD cap (if I remember correctly) is good enough so that you only benefit if you truly need it. If you can afford a 300K USD car then you don't need the 7.5K deduction.,1,True
UgwziMk24o-GdC0k3Xp4AaABAg.A2_qAj4JDbPA2c0fzZef_8,comment,52O3cYsyZMo,UgwziMk24o-GdC0k3Xp4AaABAg,True,@BaneSIlvermoon,"@xKINGxRCCx Car has to have all U.S. parts and come in at under $55k. When you add both interior and paint upgrades, it slightly exceeds that amount.",0,True
UgwziMk24o-GdC0k3Xp4AaABAg.A2_qAj4JDbPA2dBhHzHAwE,comment,52O3cYsyZMo,UgwziMk24o-GdC0k3Xp4AaABAg,True,@BaneSIlvermoon,"@markplott4820  Not 100% sure what you're trying to say here, but in 2024 the average debt in America is $104k.

And if you mean 7500 in tax liability. That equates to an agi of $55k, so about $69,000 in earnings. The National average salary in 2024 is $63,000. Just shy of that.

It's not a great investment to be buying a car that cost about what you make in a year though. That said, in 2018 when the Model 3 first became available, I did exactly that and paid it off in two years. So who am I to judge people's choices.",0,True
UgwziMk24o-GdC0k3Xp4AaABAg.A2_qAj4JDbPA2dsRdREpq6,comment,52O3cYsyZMo,UgwziMk24o-GdC0k3Xp4AaABAg,True,@BaneSIlvermoon,"@markplott4820  I don't know what to add, I already explained that the average income in 2024 is sitting very, very close to 7500 in tax liability. A 6% increase in annual salary away from it. (Current average income would owe ~$6,308 in taxes)

And that it's certainly debatable if anyone in that pay range should be buying a car that's going to be 60 grand after registration anyway.",0,True
UgwziMk24o-GdC0k3Xp4AaABAg.A2_qAj4JDbPA2f7GZ66lXk,comment,52O3cYsyZMo,UgwziMk24o-GdC0k3Xp4AaABAg,True,@patrutherford9600,"@antimagnet white seats 1500, white car 1000 and then the 55k is busted wide open.  good point",0,True
UgwziMk24o-GdC0k3Xp4AaABAg.A2_qAj4JDbPA2g9XTWWV5U,comment,52O3cYsyZMo,UgwziMk24o-GdC0k3Xp4AaABAg,True,@evolv.e,+ another $1000 back from SCE! (for those of us in SoCal),0,True
UgzeIpjhRbjFA8HHJiR4AaABAg,comment,52O3cYsyZMo,,False,@ep82GTT,"These reviews should really improve…
Marques could use a basic training on cars to be more complete and accurate on car reviews…
-Not able to remove the cover plates from the wheels…
-Not mentioned the adaptive dampers
- not mention front splitter (actually easy tell from standard model 3)

Seeing the views he gets on this channel and thus the money he makes, he could put in a bit more effort 😅",1,True
UgzvauogZI78h9V_A_l4AaABAg,comment,52O3cYsyZMo,,False,@barkbros123,Your watching Teslas ad without even knowing it 😅💯💪 the products are too good to look somewhere else,1,True
UgxdMPPt-LRWT9GsFMd4AaABAg,comment,52O3cYsyZMo,,False,@M22Research,Is the Model 3 as noisy and uncomfortable for back seat passengers as the Model S?  The Model S is a completely different refinement experience back vs front.,0,True
UgxdMPPt-LRWT9GsFMd4AaABAg.A2_q6pzYq5oA2bF6H4UGJg,comment,52O3cYsyZMo,UgxdMPPt-LRWT9GsFMd4AaABAg,True,@Nickbaldeagle02,If you're driving it's not your problem.,0,True
UgyC_qPfKnK4SqWKlAt4AaABAg,comment,52O3cYsyZMo,,False,@MTGProductions,Maybe I should have waited😅 I picked up the Long Range Model 3,0,True
UgxX5vACiI-LaGUuquB4AaABAg,comment,52O3cYsyZMo,,False,@mrsoccergod5001,2021 model s plaid are going for just over 60k which is insane lol,0,True
UgxX5vACiI-LaGUuquB4AaABAg.A2_q1ldV9k8A2_sNpFTsIS,comment,52O3cYsyZMo,UgxX5vACiI-LaGUuquB4AaABAg,True,@JohnSmith-pn2vl,"no, that insane value kept, compare to ice vehicles and you see they always depreciated WAY worse than any ev.",0,True
UgwCMpA-o0bvZm9yLXN4AaABAg,comment,52O3cYsyZMo,,False,@SvikDK,Maybe they finally made a car with a desent seat. I will have to try it ;),0,True
UgxmPMaPlWKlzf0gVZZ4AaABAg,comment,52O3cYsyZMo,,False,@lonerjoshy,"No geese,  just crows. HAHA I'm not sure if that was on purpose.",0,True
UgxoGdHoZ37Hp1bbTWx4AaABAg,comment,52O3cYsyZMo,,False,@Aj0sh4,L for not picking up the plastic bottle,0,True
UgxTYMgNo3WdEpsaIZB4AaABAg,comment,52O3cYsyZMo,,False,@captaincrazy138,6:07    am i crazy or is that the softest and most satisfying door close i have ever heard on any vehicle?,103,True
UgxTYMgNo3WdEpsaIZB4AaABAg.A2_pwOrBNF8A2_vpL1cvzJ,comment,52O3cYsyZMo,UgxTYMgNo3WdEpsaIZB4AaABAg,True,@V8Brah,Lol youre kidding right? You clearly have never been in a luxury car.,16,True
UgxTYMgNo3WdEpsaIZB4AaABAg.A2_pwOrBNF8A2_w9PQru54,comment,52O3cYsyZMo,UgxTYMgNo3WdEpsaIZB4AaABAg,True,@PsychicOracle,More like the microphone was facing to the right (listen to how loud the glovebox is a few seconds later),11,True
UgxTYMgNo3WdEpsaIZB4AaABAg.A2_pwOrBNF8A2_wDWyDtJa,comment,52O3cYsyZMo,UgxTYMgNo3WdEpsaIZB4AaABAg,True,@TheK9music,The audio clipped you doofus. Why are Tesla fan boys this dumb I swear 😭,1,True
UgxTYMgNo3WdEpsaIZB4AaABAg.A2_pwOrBNF8A2_winICCpl,comment,52O3cYsyZMo,UgxTYMgNo3WdEpsaIZB4AaABAg,True,@pixsled,the glazing is crazy,7,True
UgxTYMgNo3WdEpsaIZB4AaABAg.A2_pwOrBNF8A2a0MrTZ-_E,comment,52O3cYsyZMo,UgxTYMgNo3WdEpsaIZB4AaABAg,True,@justthevoicebackup280,​@V8Brah Stop hating that was rock solid.,6,True
UgxTYMgNo3WdEpsaIZB4AaABAg.A2_pwOrBNF8A2a6bOrKgau,comment,52O3cYsyZMo,UgxTYMgNo3WdEpsaIZB4AaABAg,True,@HyviaVideoitaMansenlale,Mic peaked because it was so loud lmao.,3,True
UgxTYMgNo3WdEpsaIZB4AaABAg.A2_pwOrBNF8A2a7XgVzO2Y,comment,52O3cYsyZMo,UgxTYMgNo3WdEpsaIZB4AaABAg,True,@killkiss_son,​@V8Brahfind a 52 000$ car that does everything the model 3 does (already impossible) and has better sounding doors,6,True
UgxTYMgNo3WdEpsaIZB4AaABAg.A2_pwOrBNF8A2bGXELDdKD,comment,52O3cYsyZMo,UgxTYMgNo3WdEpsaIZB4AaABAg,True,@Eric_Garrison,Never been in a car with soft close doors I guess,2,True
UgxTYMgNo3WdEpsaIZB4AaABAg.A2_pwOrBNF8A2bSE6VTnO7,comment,52O3cYsyZMo,UgxTYMgNo3WdEpsaIZB4AaABAg,True,@四as,"Not crazy, just a shill.",1,True
UgxTYMgNo3WdEpsaIZB4AaABAg.A2_pwOrBNF8A2gShUMR1jR,comment,52O3cYsyZMo,UgxTYMgNo3WdEpsaIZB4AaABAg,True,@ALFOONUS,@pixsled why?,0,True
UgxTYMgNo3WdEpsaIZB4AaABAg.A2_pwOrBNF8A2gSnjmAecZ,comment,52O3cYsyZMo,UgxTYMgNo3WdEpsaIZB4AaABAg,True,@ALFOONUS,"@killkiss_son what does it do?? I goes quickly from 0-60, other than that there is nothing it does that isnt surpassed in many other vehicles.",0,True
UgxTYMgNo3WdEpsaIZB4AaABAg.A2_pwOrBNF8A2n1PrJ2nxz,comment,52O3cYsyZMo,UgxTYMgNo3WdEpsaIZB4AaABAg,True,@ryanfraley7113,BMW says hello,0,True
Ugwq1uFLV8LzQyq9MPV4AaABAg,comment,52O3cYsyZMo,,False,@KPD_TPOS,"Why isn’t anyone talking about the Ford Bronco and Maverick recalls, over loss of drive power from low battery? Ford is recalling 456,565 of its Bronco Sport and Maverick vehicles.",0,True
Ugwq1uFLV8LzQyq9MPV4AaABAg.A2_pvcO05GqA2_sXf39JJD,comment,52O3cYsyZMo,Ugwq1uFLV8LzQyq9MPV4AaABAg,True,@JohnSmith-pn2vl,who cares abaut ford,0,True
Ugwq1uFLV8LzQyq9MPV4AaABAg.A2_pvcO05GqA2_tLH9mhkP,comment,52O3cYsyZMo,Ugwq1uFLV8LzQyq9MPV4AaABAg,True,@KPD_TPOS,"It was just to call out the hypocrisy of those commenting on Tesla’s 3,878 Cybertruck recall over the millions of actual life threatening recalls by other manufacturers…",0,True
Ugw5GyHI7khIUpq3OGl4AaABAg,comment,52O3cYsyZMo,,False,@Mguy393,They go backwards because it saves Elmo money and increase his unit profitability. He does not care about being safety forward.,1,True
Ugxfu6Aly7lirRM1p6p4AaABAg,comment,52O3cYsyZMo,,False,@YourTechGerman,So the new Model 3 performance has less HP than the old model? My 2023 Performance has 535hp...,0,True
Ugxfu6Aly7lirRM1p6p4AaABAg.A2_ptzhK48eA2_qGua3mAY,comment,52O3cYsyZMo,Ugxfu6Aly7lirRM1p6p4AaABAg,True,@kenion2166,"Doesn't matter what the peak power is, more important is the torque curve. The new motors deliver more power at 60mph+",0,True
UgxksLxtbfnDTFLh2xN4AaABAg,comment,52O3cYsyZMo,,False,@ArcArafall,Highly recommend an updated FSD review would love to hear your opinion on the changes since your last video,3,True
UgyKLI-hkDi7FYNQTit4AaABAg,comment,52O3cYsyZMo,,False,@Jack-vv7zb,Ok I'll admit it. This car is insane.,215,True
UgyKLI-hkDi7FYNQTit4AaABAg.A2_pseY4sdMA2aD5_V9eHJ,comment,52O3cYsyZMo,UgyKLI-hkDi7FYNQTit4AaABAg,True,@burnzy3210,Why is it insane?,1,True
UgyKLI-hkDi7FYNQTit4AaABAg.A2_pseY4sdMA2aKBTDb4Ej,comment,52O3cYsyZMo,UgyKLI-hkDi7FYNQTit4AaABAg,True,@why8410,@burnzy3210 speed for the price. I'm not the biggest fan of Teslas but Ill admit this is impressive,31,True
UgyKLI-hkDi7FYNQTit4AaABAg.A2_pseY4sdMA2aODTM4kCu,comment,52O3cYsyZMo,UgyKLI-hkDi7FYNQTit4AaABAg,True,@meilyn22,So you are buying the car because of the speed?,5,True
UgyKLI-hkDi7FYNQTit4AaABAg.A2_pseY4sdMA2aYD7ckvuR,comment,52O3cYsyZMo,UgyKLI-hkDi7FYNQTit4AaABAg,True,@k3mikal,"​@meilyn22how is this news to you? Also consider how much cheaper it is to run electric vs gas. A gas car of equal power would cost substantially more in fuel.

My MYP costs me 14$ a month in electricity.",17,True
UgyKLI-hkDi7FYNQTit4AaABAg.A2_pseY4sdMA2aq0vRa72y,comment,52O3cYsyZMo,UgyKLI-hkDi7FYNQTit4AaABAg,True,@HifeMan,"@k3mikal Rather have an IONIQ 5 N. Looks WAY more fun to drive over this car, which i think is important if you care about power/sporty feel.",0,True
UgyKLI-hkDi7FYNQTit4AaABAg.A2_pseY4sdMA2b2oE12y2k,comment,52O3cYsyZMo,UgyKLI-hkDi7FYNQTit4AaABAg,True,@TheReal_JG,"​@HifeManI myself love the Ioniq N for its more driver focus esthetics, but you can't deny a 5 seat sedan going 3 seconds to 60 for under $55k minus incentives, while the N is 3.5 seconds for about $65k without dealership markups (and it's heavier with less range than the 3).",10,True
UgyKLI-hkDi7FYNQTit4AaABAg.A2_pseY4sdMA2bBY7woOED,comment,52O3cYsyZMo,UgyKLI-hkDi7FYNQTit4AaABAg,True,@RySwim,@HifeManwhere on earth are you getting that it “looks” way more fun to drive from 😭 don’t talk till you’ve driven both,5,True
UgyKLI-hkDi7FYNQTit4AaABAg.A2_pseY4sdMA2cCTKQXS9m,comment,52O3cYsyZMo,UgyKLI-hkDi7FYNQTit4AaABAg,True,@HifeMan,"@RySwim Well could it be the Ioniq has a focus on spirited driving and feedback. The model 3 is just a model 3. So I guess reviews is where I got it from. :P 

Either way I’m not looking at either cars. I have 3 vehicles already and one already does 0-60 in 3.4 secs. Fast enough for my spirited driving habits.",0,True
UgyKLI-hkDi7FYNQTit4AaABAg.A2_pseY4sdMA2eIAtdtELp,comment,52O3cYsyZMo,UgyKLI-hkDi7FYNQTit4AaABAg,True,@carholic-sz3qv,its not!,0,True
UgyKLI-hkDi7FYNQTit4AaABAg.A2_pseY4sdMA2g8wbo5LjE,comment,52O3cYsyZMo,UgyKLI-hkDi7FYNQTit4AaABAg,True,@evolv.e,I’m seriously tempted to buy this to go with my current Model S Performance. *And* it qualifies for $7500 Fed rebate *and* $1000 back from my utility company. A great value indeed!! ⚡️💨,1,True
UgyKLI-hkDi7FYNQTit4AaABAg.A2_pseY4sdMA2vS2fpQ5lg,comment,52O3cYsyZMo,UgyKLI-hkDi7FYNQTit4AaABAg,True,@burnx45,@HifeMan Which car does 0-60 in 3.4 secs?,0,True
UgyKLI-hkDi7FYNQTit4AaABAg.A2_pseY4sdMA2vUE1U6Kxp,comment,52O3cYsyZMo,UgyKLI-hkDi7FYNQTit4AaABAg,True,@HifeMan,@burnx45 Where did I say car? I’m talking about my GSX-8S. Heck my MT-09 was even quicker but that thing just wants to wheelie over going straight. lol,0,True
UgyKLI-hkDi7FYNQTit4AaABAg.A2_pseY4sdMA3a5F82nzXA,comment,52O3cYsyZMo,UgyKLI-hkDi7FYNQTit4AaABAg,True,@burnx45,@HifeMan  Clarification helps of what vehicles perform that well when making comments so people don't have to guess.,0,True
UgyKLI-hkDi7FYNQTit4AaABAg.A2_pseY4sdMA4pUhmqsASV,comment,52O3cYsyZMo,UgyKLI-hkDi7FYNQTit4AaABAg,True,@X11CHASE,@meilyn22partly.,0,True
UgyKLI-hkDi7FYNQTit4AaABAg.A2_pseY4sdMANYlpeJHUQ5,comment,52O3cYsyZMo,UgyKLI-hkDi7FYNQTit4AaABAg,True,@MadmaxMusic93,Software,0,True
Ugy4p90jR3pkVD5-ILB4AaABAg,comment,52O3cYsyZMo,,False,@jessortiz7981,70k slightly used plaid. I love the Tesla model 3 performance refresh but the touch button on the steering wheel my god I hope it doesn’t stay or if it does I hope someone comes out with a mod to change it,0,True
UgyGJyIm1QrlfeUw6YJ4AaABAg,comment,52O3cYsyZMo,,False,@Finance-Food-and-Freetime,Please hire a camera man forbthese,0,True
UgwowKhxEusLm2oWIEV4AaABAg,comment,52O3cYsyZMo,,False,@xeleborn5,Hey Marques i am very thankfull for the kph stats given but we europeans (and canadians) dont really use kph but km/h. Just so you know :),1,True
Ugy1u-FNVSE6Ixix1HB4AaABAg,comment,52O3cYsyZMo,,False,@mangodsky2809,You upload this video on the very day Tesla reports earnings? Seriously xd,0,True
Ugz944sOKJX8MN6r-3l4AaABAg,comment,52O3cYsyZMo,,False,@user-lf7zz8ef3i,I just ordered mine on Tesla's website in stealth gray w/ white interior. With the $7500 tax credit in the US it comes out to $52 grand.,0,True
Ugz944sOKJX8MN6r-3l4AaABAg.A2_pmN2mN-4A2_r7D7Mo50,comment,52O3cYsyZMo,Ugz944sOKJX8MN6r-3l4AaABAg,True,@AlfonsoDerrickP,"No with the $7500 tax credit it comes to about $45K, the pricing is before the tax credit on the website.",0,True
Ugz944sOKJX8MN6r-3l4AaABAg.A2_pmN2mN-4A2_romjnenE,comment,52O3cYsyZMo,Ugz944sOKJX8MN6r-3l4AaABAg,True,@user-lf7zz8ef3i,@AlfonsoDerrickP That included tax and destination. 52 grand is out the door with tax and fees.,0,True
Ugz944sOKJX8MN6r-3l4AaABAg.A2_pmN2mN-4A2f6Cw4LQaP,comment,52O3cYsyZMo,Ugz944sOKJX8MN6r-3l4AaABAg,True,@user-lf7zz8ef3i,@AlfonsoDerrickP We're on the same page; I just included the sales tax for my state and destination in my amount.,0,True
Ugy2lQIyHXx0yhtSCO14AaABAg,comment,52O3cYsyZMo,,False,@JakeSnakeNC,Tesla needs to stop lying about the ACTUAL PRICE... tax/ gas savings should not be advertised as total price of vehicle,0,True
UgyBszjVUHTOQn_wHf94AaABAg,comment,52O3cYsyZMo,,False,@waveman-r2b,"And everyone knows you're in cahoots with Elon Musk. You're no auto reviewer, that's for sure.",0,True
UgzxvwcmlJLEs4XHH5V4AaABAg,comment,52O3cYsyZMo,,False,@WhamBaamTeslacam,It looks so good!!,28,True
UgzxvwcmlJLEs4XHH5V4AaABAg.A2_pm0202rNA2a8klzSWQe,comment,52O3cYsyZMo,UgzxvwcmlJLEs4XHH5V4AaABAg,True,@killkiss_son,Can't wait to see Tesla model 3 perf owners post videos of them drag racing other cars on your channel 😂 it's going to be funny.,1,True
UgzxvwcmlJLEs4XHH5V4AaABAg.A2_pm0202rNA2aD3eqCQ5t,comment,52O3cYsyZMo,UgzxvwcmlJLEs4XHH5V4AaABAg,True,@burnzy3210,This is honestly the dullest looking car on the planet.,3,True
UgzxvwcmlJLEs4XHH5V4AaABAg.A2_pm0202rNA2e1A7bb_KX,comment,52O3cYsyZMo,UgzxvwcmlJLEs4XHH5V4AaABAg,True,@Just_a_random_birb,@burnzy3210 That’s your opinion.,3,True
UgzxvwcmlJLEs4XHH5V4AaABAg.A2_pm0202rNA2k8pXqGYs-,comment,52O3cYsyZMo,UgzxvwcmlJLEs4XHH5V4AaABAg,True,@burnzy3210,@Just_a_random_birb ...I know,1,True
UgzxvwcmlJLEs4XHH5V4AaABAg.A2_pm0202rNA3QYhnUY-7H,comment,52O3cYsyZMo,UgzxvwcmlJLEs4XHH5V4AaABAg,True,@Hhhh22222-w,"​@burnzy3210it's under 60k, who cares, you buy Tesla for the performance and fuel efficiency not looks",1,True
UgyppQmdh3USrs89BOF4AaABAg,comment,52O3cYsyZMo,,False,@PyroManiacbwl,45K  for a 10 sec brand new car.  Thats insane.,1,True
UgyDDfzPvP8vys3PNkV4AaABAg,comment,52O3cYsyZMo,,False,@stjepan4444,Tesla boy 😂,0,True
UgxH0Q66BRqE0S1RuX94AaABAg,comment,52O3cYsyZMo,,False,@waveman-r2b,"Marcus - go ahead and review a Cybertruck right now. See if you'll give Tesla a fair review compared to the bullshit move you did on Fisker. Fisker Ocean with 2.0 software is way better than any of the Tesla crap! 

You're going to get sued for what you did on Fisker.",0,True
UgypgP3TVexMv0zRA094AaABAg,comment,52O3cYsyZMo,,False,@Samurai_JackCI,"The fact that I had to look at the description to see what camera he filmed this on and then saw it was the iPhone 15 Pro, phone cameras, period, have come a looooooong way!",217,True
UgypgP3TVexMv0zRA094AaABAg.A2_pemeDVOcA2a1EXgyezm,comment,52O3cYsyZMo,UgypgP3TVexMv0zRA094AaABAg,True,@DU715,"Bruh, pretty mediocre quality. Oversharpened as hell.",50,True
UgypgP3TVexMv0zRA094AaABAg.A2_pemeDVOcA2a2OANzo9z,comment,52O3cYsyZMo,UgypgP3TVexMv0zRA094AaABAg,True,@emanueldolo,"Man, the sky...
It looks like a cartoon.",16,True
UgypgP3TVexMv0zRA094AaABAg.A2_pemeDVOcA2a4gSWrcKd,comment,52O3cYsyZMo,UgypgP3TVexMv0zRA094AaABAg,True,@onetwo4147,Over fucking sharpened! This quality us bad! Tell me why mr. Beast videos look great on 24U,11,True
UgypgP3TVexMv0zRA094AaABAg.A2_pemeDVOcA2a7KVmkcSV,comment,52O3cYsyZMo,UgypgP3TVexMv0zRA094AaABAg,True,@killkiss_son,"Iphone 15 pro is not the king of videos anymore, nor the king of photos, and neither is the king of anything actually. Wait, in fact it's still the king of something... Being overpriced as hell.",12,True
UgypgP3TVexMv0zRA094AaABAg.A2_pemeDVOcA2a9tzwbeXN,comment,52O3cYsyZMo,UgypgP3TVexMv0zRA094AaABAg,True,@peteralmeyda4211,@onetwo4147 found the Samsung fanboy lol,19,True
UgypgP3TVexMv0zRA094AaABAg.A2_pemeDVOcA2aKDc1oG_b,comment,52O3cYsyZMo,UgypgP3TVexMv0zRA094AaABAg,True,@willmannering,Oversharpening and processing on this looks dogshit compared to any modern mirrorless camera.,7,True
UgypgP3TVexMv0zRA094AaABAg.A2_pemeDVOcA2aa-OjHGNs,comment,52O3cYsyZMo,UgypgP3TVexMv0zRA094AaABAg,True,@TheCWasson12,"​@Angelstreamservicesydney  the faux bokeh (faukeh, heh) is fighting the sharpening algorithm so hard lol. On top of that, the colors are all sorts of wonky, especially the oversaturated sky/skin tones in light, and the super undersaturated shadows.",5,True
UgypgP3TVexMv0zRA094AaABAg.A2_pemeDVOcA2abuhKO_pI,comment,52O3cYsyZMo,UgypgP3TVexMv0zRA094AaABAg,True,@sundaynightdrunk,"Comments here are funny.  I remember he shot one video on Samsung and went back to the iPhone because interior shots were noisy as hell and looked like shit.  But yeah, keep telling yourself iPhone isn't king of video.  Marques said so himself, and has for many years in the phone awards.",10,True
UgypgP3TVexMv0zRA094AaABAg.A2_pemeDVOcA2atkCiSzuL,comment,52O3cYsyZMo,UgypgP3TVexMv0zRA094AaABAg,True,@amonrei,"Eek look at the camera purists. Of course phones can't beat big cameras in terms of quality but it's good enough and it can sit in your pocket. Apple or Samsung, who cares both are good anyway.",7,True
UgypgP3TVexMv0zRA094AaABAg.A2_pemeDVOcA2axU0KTLi5,comment,52O3cYsyZMo,UgypgP3TVexMv0zRA094AaABAg,True,@onetwo4147,@peteralmeyda4211  I'm damn right look at how bad the video looks outside then he gets kn the car and it's not the best but it's so much better,0,True
UgypgP3TVexMv0zRA094AaABAg.A2_pemeDVOcA2b8UlMgreI,comment,52O3cYsyZMo,UgypgP3TVexMv0zRA094AaABAg,True,@TheGamingNorwegian,"The video looks good, the people crying about phone cameras being ""mediocre"" are just trying to convince themselves they did a good purchase spending thousands on cameras...",1,True
UgypgP3TVexMv0zRA094AaABAg.A2_pemeDVOcA2bL-rsiq49,comment,52O3cYsyZMo,UgypgP3TVexMv0zRA094AaABAg,True,@DooMMasteR,All the glare and haloing gave it away..,0,True
UgypgP3TVexMv0zRA094AaABAg.A2_pemeDVOcA2cDWq07irw,comment,52O3cYsyZMo,UgypgP3TVexMv0zRA094AaABAg,True,@arvidd,"I hate android myself but gotta say the video looks really bad for some reason. As they said, very over sharpened.",2,True
UgypgP3TVexMv0zRA094AaABAg.A2_pemeDVOcA2cGP1arbto,comment,52O3cYsyZMo,UgypgP3TVexMv0zRA094AaABAg,True,@DooMMasteR,@arvidd wtf? Isn't hate a bit strong worded?,0,True
UgypgP3TVexMv0zRA094AaABAg.A2_pemeDVOcA2cOLGhwNsU,comment,52O3cYsyZMo,UgypgP3TVexMv0zRA094AaABAg,True,@arvidd,@DooMMasteR haha ye I suppose.,0,True
UgypgP3TVexMv0zRA094AaABAg.A2_pemeDVOcA2cc634GWmT,comment,52O3cYsyZMo,UgypgP3TVexMv0zRA094AaABAg,True,@akubel33t,@killkiss_sonover priced as hell? Hasn’t Samsung been the king of price since the ultra series ?,2,True
UgypgP3TVexMv0zRA094AaABAg.A2_pemeDVOcA2fMPdgFAPg,comment,52O3cYsyZMo,UgypgP3TVexMv0zRA094AaABAg,True,@killkiss_son,"​​@akubel33t being more expensive doesn't mean being overpriced, and being cheaper doesn't mean it's a good deal (iphone SE) . Also it's not because the iphone 15 pro or whatever is overpriced that the S24U isn't. The only thing is that the S24U isn't the same phone with a name and camera placement change every year since 2019.",0,True
UgypgP3TVexMv0zRA094AaABAg.A2_pemeDVOcA3QYSrYddBz,comment,52O3cYsyZMo,UgypgP3TVexMv0zRA094AaABAg,True,@Hhhh22222-w,"Bro triggered the photography freaks, Android fanboys and the Apple haters, all in one go, well done 🎉",1,True
UgypgP3TVexMv0zRA094AaABAg.A2_pemeDVOcA3RlHK2SAyQ,comment,52O3cYsyZMo,UgypgP3TVexMv0zRA094AaABAg,True,@Samurai_JackCI,@Hhhh22222-w Lol no kidding,0,True
UgypgP3TVexMv0zRA094AaABAg.A2_pemeDVOcA7TPlKRo0qt,comment,52O3cYsyZMo,UgypgP3TVexMv0zRA094AaABAg,True,@ThinRedLine_Matt,​@sundaynightdrunkA human saying anything doesn't make it a scientific certainty when the topic at hand is subjective at it's base. Phone cameras being the topic each person has their own subjective opinions.,0,True
UgypgP3TVexMv0zRA094AaABAg.A2_pemeDVOcA7TQBlj_cOc,comment,52O3cYsyZMo,UgypgP3TVexMv0zRA094AaABAg,True,@ThinRedLine_Matt,​@TheGamingNorwegianCan you provide the thesis in which you came to that scientifically certain conclusion with no other possible outcomes of another human's intensions for a proper peer review.,0,True
UgzhnFzikPNNqYz_YPl4AaABAg,comment,52O3cYsyZMo,,False,@AtlantaGuns,That is ludicrous,0,True
Ugy2AVu6fm0eBYAP0HV4AaABAg,comment,52O3cYsyZMo,,False,@easterislehead,"Let's hear it Markass Brownlee, is this the worst thing you've ever reviewed too? lmao",0,True
Ugxw6QNABIPw1HlJeS54AaABAg,comment,52O3cYsyZMo,,False,@Guy-Chap-Man,that steering wheel is so ugly,0,True
Ugz2SjS7JVwwWsAfuzN4AaABAg,comment,52O3cYsyZMo,,False,@techderaudios,So i reviewed one of the two brands i like so its good 😂,0,True
UgyByr-0fGhT7Oe_ShB4AaABAg,comment,52O3cYsyZMo,,False,@randomghost4385,I’m waiting on the Model Z,0,True
Ugydw4iwgKhXu3zDwpt4AaABAg,comment,52O3cYsyZMo,,False,@keithkamps77,"I love the tech but just can't do any type of EV for 1 personal preference and 2 owning a semi-attached home here a car doesn't fit in my driveway where would I charge it???? I'll be damned if I'm gonna spend a few hours getting on a line to charge the damn thing, Hybrid would be the of both worlds if it ever comes to that but hopefully my faithful 2018 Accord will keep going while getting 40 mpg.",0,True
Ugydw4iwgKhXu3zDwpt4AaABAg.A2_pSLQcM-CA2_tAqLHfYM,comment,52O3cYsyZMo,Ugydw4iwgKhXu3zDwpt4AaABAg,True,@JohnSmith-pn2vl,"you really should rent a tesla for 3 weeks and learn that you are wrong, especially the 40 mpg is 1 order of magnitude off :)",0,True
Ugydw4iwgKhXu3zDwpt4AaABAg.A2_pSLQcM-CA2_zVW6YCgt,comment,52O3cYsyZMo,Ugydw4iwgKhXu3zDwpt4AaABAg,True,@keithkamps77,@JohnSmith-pn2vl  on the highway my Accord gets better than 40. Do you live in Brooklyn NY? Move to where I live and then reassess your comment. City averages 27mpg.,0,True
Ugz-jg9eBlogMivUJYJ4AaABAg,comment,52O3cYsyZMo,,False,@Kimbrough87,You forgot to tell us if the range changed,1,True
UgwVqQxER_aWuX0n2HN4AaABAg,comment,52O3cYsyZMo,,False,@Guy-Chap-Man,Idk what it is about Tesla and their cars but they just look like they are 1 step away from being good-looking cars. Something is off.,0,True
UgwyuHisA85CdNZ3xkh4AaABAg,comment,52O3cYsyZMo,,False,@ashishkharche2345,It's 45k after Tax credit 7500!,1,True
UgwyuHisA85CdNZ3xkh4AaABAg.A2_pOCdpS7NA2_qgS_m659,comment,52O3cYsyZMo,UgwyuHisA85CdNZ3xkh4AaABAg,True,@ericy.2108,There’s no car better for the price.,1,True
UgwQ_D7HGqTwx3UeKsJ4AaABAg,comment,52O3cYsyZMo,,False,@Ianmundo,"Those wheels are a bit ugly, and it’s a shame it still doesn’t have adjustable dampers. Capacitive buttons are trash and stalks for signalling are better than steering wheel buttons, it was dumb when Ferrari did it, it’s still dumb. The seats look great though, and under 3s 0-60 is crazy quick. No car before this has even been so quick at that price",0,True
UgwQ_D7HGqTwx3UeKsJ4AaABAg.A2_pO6KnQfKA2_pVRCiyFO,comment,52O3cYsyZMo,UgwQ_D7HGqTwx3UeKsJ4AaABAg,True,@ep82GTT,It supposed to have them apparently,1,True
UgzKQen42jTfdRy-Uuh4AaABAg,comment,52O3cYsyZMo,,False,@Straighthands420,No driving impressions?,0,True
UgxEf8_jTMHsHTrmkHl4AaABAg,comment,52O3cYsyZMo,,False,@0pTicaL,"MKBHD, Jeremy Clarkson, Richard Hammond and James May collab one day?",0,True
UgxPITsWuBDSKebRCcF4AaABAg,comment,52O3cYsyZMo,,False,@JoeRussellProductions,You should give the 304th person who comments on this video a free Tesla model 3. :),0,True
Ugy-eM25lO7omgbkiPR4AaABAg,comment,52O3cYsyZMo,,False,@bioteKen,Tesla says 460hp themselves in their own messaging...,0,True
Ugy-eM25lO7omgbkiPR4AaABAg.A2_pEZbBLLzA2_tR-9967b,comment,52O3cYsyZMo,Ugy-eM25lO7omgbkiPR4AaABAg,True,@jasondavis2945,For Canada and some European countries. Something about the batteries I believe.,0,True
Ugy-eM25lO7omgbkiPR4AaABAg.A2_pEZbBLLzA2_tsy8leqK,comment,52O3cYsyZMo,Ugy-eM25lO7omgbkiPR4AaABAg,True,@bioteKen,"@jasondavis2945 hmm, same other spec's though (like 0-60).. so 50 added US Hp doesn't really do anything? 😄",0,True
UgyvS56BAo0vTdE5OsR4AaABAg,comment,52O3cYsyZMo,,False,@ParallelTwinWings,fascist mobile,0,True
UgyvS56BAo0vTdE5OsR4AaABAg.A2_pDMpcKCgA2_pgWbvKEt,comment,52O3cYsyZMo,UgyvS56BAo0vTdE5OsR4AaABAg,True,@deeme2628,Intellectually inept communist 🫵😆,0,True
Ugx4nxcrmP1RDQRUv5V4AaABAg,comment,52O3cYsyZMo,,False,@JayWalkinTV,Bro.. You Didn’t even drive it 😳,0,True
UgwXyqVBXZFfcVnJCTx4AaABAg,comment,52O3cYsyZMo,,False,@joeybagadonuts1206,I want capacitive buttons.  Zero issues with them.,0,True
Ugw3pAPvS9JFX0hMFjp4AaABAg,comment,52O3cYsyZMo,,False,@hurleyxb,20k views in 20 minutes. Stellar MKBHD!,0,True
Ugx4hDRw1XdDutPnv594AaABAg,comment,52O3cYsyZMo,,False,@j.b.164,No geese 😂,0,True
Ugzek-xyKNAXIyySZp14AaABAg,comment,52O3cYsyZMo,,False,@janecasper846,"Too bad the UI is shit, constant crashes and safety concerns. Trash esthetics, and created by Mr 1$ free speech. No thanks still even after 10 years.",0,True
Ugzek-xyKNAXIyySZp14AaABAg.A2_p3UjKfEiA2_pCBIqCH6,comment,52O3cYsyZMo,Ugzek-xyKNAXIyySZp14AaABAg,True,@Straighthands420,"The ui is amazing. What are you talking about? Oh ya, you don't like elon, so you shit on the car. Gotcha..",1,True
Ugw9jxH1v8ruYxWIg6Z4AaABAg,comment,52O3cYsyZMo,,False,@victorphilip875,Please don’t shout out the weather,0,True
UgyXzc2YLsZ8sgxqNg54AaABAg,comment,52O3cYsyZMo,,False,@RedJan2216,SHOT ON IPHONE 15 PRO???!?!!!!!,15,True
UgyXzc2YLsZ8sgxqNg54AaABAg.A2_oyzpGmZDA2a2yq_Nkxl,comment,52O3cYsyZMo,UgyXzc2YLsZ8sgxqNg54AaABAg,True,@peteralmeyda4211,Yeah?,0,True
UgyXzc2YLsZ8sgxqNg54AaABAg.A2_oyzpGmZDA2a4rsjrWpW,comment,52O3cYsyZMo,UgyXzc2YLsZ8sgxqNg54AaABAg,True,@onetwo4147,This camera quality looks bad and his skin tone from the camera looks awful..do not praise this trash iphoje quality,6,True
UgyXzc2YLsZ8sgxqNg54AaABAg.A2_oyzpGmZDA2a8KIsYCXN,comment,52O3cYsyZMo,UgyXzc2YLsZ8sgxqNg54AaABAg,True,@lukabosnjak3829,@onetwo4147 Imagine how bad it would look if it was any other phone then...,1,True
UgyXzc2YLsZ8sgxqNg54AaABAg.A2_oyzpGmZDA2a9oC-WY0t,comment,52O3cYsyZMo,UgyXzc2YLsZ8sgxqNg54AaABAg,True,@peteralmeyda4211,@onetwo4147 I mean front facing camera won’t be as good as rear cameras. Watching the video in 1080p looks crisp and sharp idk what you’re talking about,1,True
UgyXzc2YLsZ8sgxqNg54AaABAg.A2_oyzpGmZDA2aLO5tSLp6,comment,52O3cYsyZMo,UgyXzc2YLsZ8sgxqNg54AaABAg,True,@lemont64,​@lukabosnjak3829Nope....the pixels treat skin tones the best....don't lie,0,True
UgyXzc2YLsZ8sgxqNg54AaABAg.A2_oyzpGmZDA2bxHN7lH8Q,comment,52O3cYsyZMo,UgyXzc2YLsZ8sgxqNg54AaABAg,True,@snich2140,"@onetwo4147He decided to use an iPhone 15 Pro to shot the hold video for a millions views and millions audiences channel while he also has his Pixel 8 Pro in his pocket so, even you calling it trash but the fact that in terms of video quality, famous YouTuber trust an iPhone way more than every single Android phone ever existed never change.",2,True
UgyXzc2YLsZ8sgxqNg54AaABAg.A2_oyzpGmZDA2e1Rff1FZY,comment,52O3cYsyZMo,UgyXzc2YLsZ8sgxqNg54AaABAg,True,@Just_a_random_birb,@onetwo4147 IPhone is still best to take videos on.,0,True
UgyXzc2YLsZ8sgxqNg54AaABAg.A2_oyzpGmZDA3QZ3X3RVCF,comment,52O3cYsyZMo,UgyXzc2YLsZ8sgxqNg54AaABAg,True,@Hhhh22222-w,​@onetwo4147you say while praising the S24U which loves to whiten dark skins and oversaturate everything 😂,0,True
UgxwPJ99ADOCFyi69Sp4AaABAg,comment,52O3cYsyZMo,,False,@Pienimusta,58k euros. That's pretty great price.,7,True
UgzT5yLBpfsQmA05jMV4AaABAg,comment,52O3cYsyZMo,,False,@DavidDDope,looks like some where in tri valley,0,True
UgypdHpn5i8sKPUrg-p4AaABAg,comment,52O3cYsyZMo,,False,@ChrisLeiter,"At $52,990, that's a hell of a deal",2991,True
UgypdHpn5i8sKPUrg-p4AaABAg.A2_on1-GuX2A2_pz5Irwnd,comment,52O3cYsyZMo,UgypdHpn5i8sKPUrg-p4AaABAg,True,@ericy.2108,$45.5k after tax credit. Unbeatable.,429,True
UgypdHpn5i8sKPUrg-p4AaABAg.A2_on1-GuX2A2_qnoYLaNh,comment,52O3cYsyZMo,UgypdHpn5i8sKPUrg-p4AaABAg,True,@banon7853,"Yeah, I was just looking at an Aston Martin DB9 and it was 0 to 60 in 4.4 seconds. LOL. It was a 2013 model for70 K.",96,True
UgypdHpn5i8sKPUrg-p4AaABAg.A2_on1-GuX2A2_sE5W7zWY,comment,52O3cYsyZMo,UgypdHpn5i8sKPUrg-p4AaABAg,True,@SPaddy-fb7hy,@ericy.2108 it'll be 30k in 12 months,0,True
UgypdHpn5i8sKPUrg-p4AaABAg.A2_on1-GuX2A2_sd7KsSaW,comment,52O3cYsyZMo,UgypdHpn5i8sKPUrg-p4AaABAg,True,@Gigachad854,with the quality of dollar tree,188,True
UgypdHpn5i8sKPUrg-p4AaABAg.A2_on1-GuX2A2_tDechaQN,comment,52O3cYsyZMo,UgypdHpn5i8sKPUrg-p4AaABAg,True,@CyberSkunk90,Wait one year and you can get it for even cheaper,83,True
UgypdHpn5i8sKPUrg-p4AaABAg.A2_on1-GuX2A2_ttc3Jcf2,comment,52O3cYsyZMo,UgypdHpn5i8sKPUrg-p4AaABAg,True,@ap2s2000,Until Elon drops the price under 50k,36,True
UgypdHpn5i8sKPUrg-p4AaABAg.A2_on1-GuX2A2_tu78J8uZ,comment,52O3cYsyZMo,UgypdHpn5i8sKPUrg-p4AaABAg,True,@nguyenhanh9479,@Gigachad854 why keep crying from the news in 2018 😢,92,True
UgypdHpn5i8sKPUrg-p4AaABAg.A2_on1-GuX2A2_uMJXdqVV,comment,52O3cYsyZMo,UgypdHpn5i8sKPUrg-p4AaABAg,True,@ProXcaliber,Bro thinks its still 2018 lol,23,True
UgypdHpn5i8sKPUrg-p4AaABAg.A2_on1-GuX2A2_uwVZuNG_,comment,52O3cYsyZMo,UgypdHpn5i8sKPUrg-p4AaABAg,True,@ericy.2108,"@Gigachad854 nah that’s old news, quality on the refresh 3 is pretty good I hear",64,True
UgypdHpn5i8sKPUrg-p4AaABAg.A2_on1-GuX2A2_vcC2_ysz,comment,52O3cYsyZMo,UgypdHpn5i8sKPUrg-p4AaABAg,True,@rionugraha1502,​@banon7853d,0,True
UgypdHpn5i8sKPUrg-p4AaABAg.A2_on1-GuX2A2_vhFWWyhA,comment,52O3cYsyZMo,UgypdHpn5i8sKPUrg-p4AaABAg,True,@V8Brah,I'd rather have my Lexus with a V8. Tesla is cheap s**t.,32,True
UgypdHpn5i8sKPUrg-p4AaABAg.A2_on1-GuX2A2_vozfdFik,comment,52O3cYsyZMo,UgypdHpn5i8sKPUrg-p4AaABAg,True,@TheK9music,"​@banon7853Teslas reported 0-60 is almost always really far from actual 0-60. More so than other brands. But also, electric has and always will be faste 0-60, but don't kid yourself. This model 3 will never beat the Aston around a track.",20,True
UgypdHpn5i8sKPUrg-p4AaABAg.A2_on1-GuX2A2_vpNuBkWk,comment,52O3cYsyZMo,UgypdHpn5i8sKPUrg-p4AaABAg,True,@meatyeye,@V8Brahk,0,True
UgypdHpn5i8sKPUrg-p4AaABAg.A2_on1-GuX2A2_vx5jjUBA,comment,52O3cYsyZMo,UgypdHpn5i8sKPUrg-p4AaABAg,True,@helloworld5539,60k+ in eu thats just criminal,5,True
UgypdHpn5i8sKPUrg-p4AaABAg.A2_on1-GuX2A2_wXDYN20r,comment,52O3cYsyZMo,UgypdHpn5i8sKPUrg-p4AaABAg,True,@helloworld5539,​​@TheK9musici would like to see an aston db9 vs a model 3 it would be an iteresting race. As for the 0-60 its just about 0.2 to 0.5 between claimed and actual acceleration(1 foot roll out or something like that). Saying that its way off is an overstatement,12,True
UgypdHpn5i8sKPUrg-p4AaABAg.A2_on1-GuX2A2_wuuNvHJW,comment,52O3cYsyZMo,UgypdHpn5i8sKPUrg-p4AaABAg,True,@TERM-n6k,@ap2s2000 ikr I figured that out the hard way when I bought my 2023 model 3 performance I lost 20k in 1 year. Just lease it trust me 😂,5,True
UgypdHpn5i8sKPUrg-p4AaABAg.A2_on1-GuX2A2_xhAhr6ee,comment,52O3cYsyZMo,UgypdHpn5i8sKPUrg-p4AaABAg,True,@Gigachad854,@ericy.2108 you mean what the paid reviewers told you to hear 😂,0,True
UgypdHpn5i8sKPUrg-p4AaABAg.A2_on1-GuX2A2_xkur2jEi,comment,52O3cYsyZMo,UgypdHpn5i8sKPUrg-p4AaABAg,True,@Gigachad854,@nguyenhanh9479 they’ve always had shit quality. Garbage ass cars.,0,True
UgypdHpn5i8sKPUrg-p4AaABAg.A2_on1-GuX2A2_ySWFgmfz,comment,52O3cYsyZMo,UgypdHpn5i8sKPUrg-p4AaABAg,True,@Uberkilltoecheese,@Gigachad854  mf still got his ideas from 2017,12,True
UgypdHpn5i8sKPUrg-p4AaABAg.A2_on1-GuX2A2_z3zZOkKF,comment,52O3cYsyZMo,UgypdHpn5i8sKPUrg-p4AaABAg,True,@najiiklove,"Hell of a deal only when comparing raw performance. As a sedan, its other factors are heavily lacking.",2,True
UgypdHpn5i8sKPUrg-p4AaABAg.A2_on1-GuX2A2a-MyWVti7,comment,52O3cYsyZMo,UgypdHpn5i8sKPUrg-p4AaABAg,True,@NomenClature-o8s,@TheK9musicTesla does a rollout to produce those numbers.,0,True
UgypdHpn5i8sKPUrg-p4AaABAg.A2_on1-GuX2A2a-XIs9Db_,comment,52O3cYsyZMo,UgypdHpn5i8sKPUrg-p4AaABAg,True,@kenshin1368,It only took every other Tesla they lied about nearly every important detail to release something similar to as advertised nearly 20 years later.,2,True
UgypdHpn5i8sKPUrg-p4AaABAg.A2_on1-GuX2A2a-Y2zSVLP,comment,52O3cYsyZMo,UgypdHpn5i8sKPUrg-p4AaABAg,True,@waynelewis9110,@Gigachad854Quit living in 2018.,11,True
UgypdHpn5i8sKPUrg-p4AaABAg.A2_on1-GuX2A2a13B7admM,comment,52O3cYsyZMo,UgypdHpn5i8sKPUrg-p4AaABAg,True,@gregkelly2145,"@Gigachad854 Take a look at Consumer Reports brand reliability ratings.  Tesla isn't at the top, but for US made vehicles, they own everybody else.  If you think their quality is poor, then what do you have to say about GM, Ford and Stellantis?  Or for Mercedes, Audi, Volvo, etc. that all were significantly poorer.",8,True
UgypdHpn5i8sKPUrg-p4AaABAg.A2_on1-GuX2A2a2ENUKovD,comment,52O3cYsyZMo,UgypdHpn5i8sKPUrg-p4AaABAg,True,@snitox,"Nah, I don't see why anyone would buy this if they can just own a hybrid phev. The only reason I see if they have a supercharger charger right around their neighborhood. And for people with lower incomes they'd need to live near a fast charger that is free or near free pretty much.

Maybe the brand is the only reason I see people being satisfied owning outside of these parameters.",0,True
UgypdHpn5i8sKPUrg-p4AaABAg.A2_on1-GuX2A2a2I4uCTHs,comment,52O3cYsyZMo,UgypdHpn5i8sKPUrg-p4AaABAg,True,@baab4229,"@Gigachad854 Nobody cares about build quality. BMWs have a great build quality but cost twice as much, drive only half as far, look like coffins on wheels and have the most jarring ugly unintuitive infotainment system I've ever seen.",13,True
UgypdHpn5i8sKPUrg-p4AaABAg.A2_on1-GuX2A2a2wFTbkNj,comment,52O3cYsyZMo,UgypdHpn5i8sKPUrg-p4AaABAg,True,@Idiotsincarshere,Price soon to be reduced,3,True
UgypdHpn5i8sKPUrg-p4AaABAg.A2_on1-GuX2A2a3NNqvt5b,comment,52O3cYsyZMo,UgypdHpn5i8sKPUrg-p4AaABAg,True,@imelatedrn,@Gigachad854 anyone with a lick of sense laughs at comments like yours,2,True
UgypdHpn5i8sKPUrg-p4AaABAg.A2_on1-GuX2A2a3WU8duyL,comment,52O3cYsyZMo,UgypdHpn5i8sKPUrg-p4AaABAg,True,@justinstewart3248,"@Gigachad854naw. Tesla has dramatically improved. Quality is really quite good now. Sure, people will point out every single little fault they can because it’s Tesla. But other car brands have tons of quality defects and people rarely complain.",0,True
UgypdHpn5i8sKPUrg-p4AaABAg.A2_on1-GuX2A2a4C32vkGk,comment,52O3cYsyZMo,UgypdHpn5i8sKPUrg-p4AaABAg,True,@gregkelly2145,"@snitox You do realize that 99% of EV charging is done at home, right?  Why are you going on about superchargers?  Also, this isn't an economy box hybrid.  It is a high performance sedan that goes zero to 60 in under 3 seconds.  A Ford Mustang Dark Horse costs significantly more and is almost a second slower to 60.",16,True
UgypdHpn5i8sKPUrg-p4AaABAg.A2_on1-GuX2A2a4C9lLIti,comment,52O3cYsyZMo,UgypdHpn5i8sKPUrg-p4AaABAg,True,@keedoesebikes,@V8Brahgood for you,1,True
UgypdHpn5i8sKPUrg-p4AaABAg.A2_on1-GuX2A2a4ejsa9a4,comment,52O3cYsyZMo,UgypdHpn5i8sKPUrg-p4AaABAg,True,@larryc1616,​@sknightro superchargers everywhere here in California but always 70-100% empty because 99% charge at home.,0,True
UgypdHpn5i8sKPUrg-p4AaABAg.A2_on1-GuX2A2a4uJmNnzm,comment,52O3cYsyZMo,UgypdHpn5i8sKPUrg-p4AaABAg,True,@guccigabbana.8284,"​@CyberSkunk90but they keep getting better and better every year, if you're a tech guru it'd be hard to resist",1,True
UgypdHpn5i8sKPUrg-p4AaABAg.A2_on1-GuX2A2a6BIdXYYw,comment,52O3cYsyZMo,UgypdHpn5i8sKPUrg-p4AaABAg,True,@billybobbob3003,lol no it isnt,0,True
UgypdHpn5i8sKPUrg-p4AaABAg.A2_on1-GuX2A2a6spnsh1a,comment,52O3cYsyZMo,UgypdHpn5i8sKPUrg-p4AaABAg,True,@roberts.wilson1848,"No, that is the fair price, it appears to the simple people as a deal because of the overpriced other products.
All the legacy car makers are constantly hiking up prices for their cars without any reason and in fact they are causing the concept of inflation, because all companies buy cars that are falsely more expensive, so those companies must increase their prices because the costs have gone up.
Their employees are also buying new cars and as they are more expensive those employees need higher wages, thus increasing labor costs.
And this is all thanks to ""how about we add 1000 or 2000 or 5000 to the car price this year and then again next year, without any good reason, just for more profits.",7,True
UgypdHpn5i8sKPUrg-p4AaABAg.A2_on1-GuX2A2a7JKra7hN,comment,52O3cYsyZMo,UgypdHpn5i8sKPUrg-p4AaABAg,True,@billybobbob3003,@roberts.wilson1848 older camaros without any supercharger were 455 hp naturally aspirated lol you could buy one and supercharger smoke this pos.,0,True
UgypdHpn5i8sKPUrg-p4AaABAg.A2_on1-GuX2A2a7pBxiDlM,comment,52O3cYsyZMo,UgypdHpn5i8sKPUrg-p4AaABAg,True,@guccigabbana.8284,"@roberts.wilson1848 exactly, if a car model cost $25k 5 years ago, it should cost the same today unless they change the engine inside of it or something relatively noticeable.",0,True
UgypdHpn5i8sKPUrg-p4AaABAg.A2_on1-GuX2A2a89s9BFPy,comment,52O3cYsyZMo,UgypdHpn5i8sKPUrg-p4AaABAg,True,@larryc1616,"@billybobbob3003 nah, no reliability and durability crapmaro",2,True
UgypdHpn5i8sKPUrg-p4AaABAg.A2_on1-GuX2A2a8Gra86Ky,comment,52O3cYsyZMo,UgypdHpn5i8sKPUrg-p4AaABAg,True,@secondhr,ya and in 3 years it will 25,1,True
UgypdHpn5i8sKPUrg-p4AaABAg.A2_on1-GuX2A2a8UVFLhZ2,comment,52O3cYsyZMo,UgypdHpn5i8sKPUrg-p4AaABAg,True,@billybobbob3003,@larryc1616 lol ls engines are far more reliable than some lithium battery pack man we're talking about the chevy small block one of the most reliable engines ever who TF you kidding?,0,True
UgypdHpn5i8sKPUrg-p4AaABAg.A2_on1-GuX2A2a8o1R2Mnc,comment,52O3cYsyZMo,UgypdHpn5i8sKPUrg-p4AaABAg,True,@HaitienToutKote,Wait until you see a Fisker oCEAN EXTREME FOR 41K WITH 360 MILES RANGE. CHECK IT OUT,0,True
UgypdHpn5i8sKPUrg-p4AaABAg.A2_on1-GuX2A2a9BM-vuD5,comment,52O3cYsyZMo,UgypdHpn5i8sKPUrg-p4AaABAg,True,@Fohacidal,"The only reason it's a deal is because there is no other car on the market in the US to compete with it. You have MAYBE the i4 m50 but you'd have to buy an older used one just to match the price. Everything else is a crossover, SUV, or luxury level",0,True
UgypdHpn5i8sKPUrg-p4AaABAg.A2_on1-GuX2A2a9I7J4yxx,comment,52O3cYsyZMo,UgypdHpn5i8sKPUrg-p4AaABAg,True,@larryc1616,@billybobbob3003  tesla electric motors lasts 10X ice motors. LFP lasts 500k before 60% capacity degradation. No transmission nor shifting to worry about. ICE=💩,0,True
UgypdHpn5i8sKPUrg-p4AaABAg.A2_on1-GuX2A2a9LRApPTu,comment,52O3cYsyZMo,UgypdHpn5i8sKPUrg-p4AaABAg,True,@raleedy,@V8Brahknock yourself out.,0,True
UgypdHpn5i8sKPUrg-p4AaABAg.A2_on1-GuX2A2a9a_-0vkZ,comment,52O3cYsyZMo,UgypdHpn5i8sKPUrg-p4AaABAg,True,@mattyicee,You’d be a fool to buy one of these new with how they depreciate in value.,0,True
UgypdHpn5i8sKPUrg-p4AaABAg.A2_on1-GuX2A2a9qsf-lv9,comment,52O3cYsyZMo,UgypdHpn5i8sKPUrg-p4AaABAg,True,@intothemultiverse1033,Cheaper than the long range after tax credit,1,True
UgypdHpn5i8sKPUrg-p4AaABAg.A2_on1-GuX2A2aB2HYYcWy,comment,52O3cYsyZMo,UgypdHpn5i8sKPUrg-p4AaABAg,True,@G82Watts,Have we not learned by now tesla uses rollout? If they say 2.9 sec it'll be 3.3 .. even then if someone told me that back in the day I'd say they'd have to make alot of compromises to make the car that cheap. Guess what. Tesla does. 0 luxury interior. Most bland basic looking designs. No HUD or gauge clusters. No buttons for anything.. etc..,1,True
UgypdHpn5i8sKPUrg-p4AaABAg.A2_on1-GuX2A2aCg1K59H5,comment,52O3cYsyZMo,UgypdHpn5i8sKPUrg-p4AaABAg,True,@burnzy3210,for the dullest car on the planet? sure,1,True
UgypdHpn5i8sKPUrg-p4AaABAg.A2_on1-GuX2A2aDqW_yQrZ,comment,52O3cYsyZMo,UgypdHpn5i8sKPUrg-p4AaABAg,True,@tribalypredisposed,"@TheK9music So slower cars are faster around a track? The difference between a 4.4 to 60 and a 2.9 is huge, and the Model 3 is going to handle better around corners, have superior braking…you are claiming the car inferior in every way will win on the track? Because the vroom vroom sound makes it magic?",7,True
UgypdHpn5i8sKPUrg-p4AaABAg.A2_on1-GuX2A2aFDKrzBNQ,comment,52O3cYsyZMo,UgypdHpn5i8sKPUrg-p4AaABAg,True,@Gigachad854,@guccigabbana.8284 🌈🌈🌈🌈🌈it’s an iPad with a car attached to it. At least I don’t have to go through 5 menus to open a glovebox,0,True
UgypdHpn5i8sKPUrg-p4AaABAg.A2_on1-GuX2A2aFGox5L9e,comment,52O3cYsyZMo,UgypdHpn5i8sKPUrg-p4AaABAg,True,@G82Watts,"@tribalypredisposed mkhbd is a complete tech nerd admittedly and even he traded his plaid for a porsche 911. Teslas are a poor mans quick car. It speaks volumes about the experience and driving engagement a real sports car brings u that an EV can NEVER. Ive been inside a tesla and is just doesnt feel like ur in something special. Its so dull and plain jane. It has no luxury. My buddy lets me drive his targa gts porsche time to time and oh my god, bro. The engine. The revs the downshifts. All the people checking out the car. Its insane. The noise alone is what makes me want to drive it over and over again. Best way to describe it is. Speeding in a tesla is like having sex with earplugs in.  Only ur body feels it.( Except for the terrible wind noise in the cabin from poor sound isolation.) Real sports cars hit and fill ur entire senses. The rumbling of the engine the visceral special occasion it feels like everytime ur in it. Cant be matched. Theres a reason no youtuber that's loaded gets a tesla .. no rappers no athletes .. hell even type in ""only fans girls car"" girls w $ don't even like tesla. It's just for average Joe's to finally feel like hot shit on the road.",0,True
UgypdHpn5i8sKPUrg-p4AaABAg.A2_on1-GuX2A2aFJN4MZWI,comment,52O3cYsyZMo,UgypdHpn5i8sKPUrg-p4AaABAg,True,@Gigachad854,@tribalypredisposed yeah except Tesla literally lies about their brakes. The plaid has dogshit brakes with fake calipers,0,True
UgypdHpn5i8sKPUrg-p4AaABAg.A2_on1-GuX2A2aFXr6fzwl,comment,52O3cYsyZMo,UgypdHpn5i8sKPUrg-p4AaABAg,True,@Gigachad854,@gregkelly2145 I mean that’s not exactly a talking point or well thought out argument especially since all American brands are utter trash. And that includes Tesla.,0,True
UgypdHpn5i8sKPUrg-p4AaABAg.A2_on1-GuX2A2aFeKKgtVG,comment,52O3cYsyZMo,UgypdHpn5i8sKPUrg-p4AaABAg,True,@Gigachad854,@waynelewis9110 🌈🌈🌈🌈,0,True
UgypdHpn5i8sKPUrg-p4AaABAg.A2_on1-GuX2A2aFgdky1Ig,comment,52O3cYsyZMo,UgypdHpn5i8sKPUrg-p4AaABAg,True,@Gigachad854,@Uberkilltoecheese you are 🌈🌈🌈🌈,0,True
UgypdHpn5i8sKPUrg-p4AaABAg.A2_on1-GuX2A2aGJ80bFIz,comment,52O3cYsyZMo,UgypdHpn5i8sKPUrg-p4AaABAg,True,@The-Batman_Gamer,It's too expensive here in Nigeria,0,True
UgypdHpn5i8sKPUrg-p4AaABAg.A2_on1-GuX2A2aM9ifpLUv,comment,52O3cYsyZMo,UgypdHpn5i8sKPUrg-p4AaABAg,True,@totoro1605,​@V8BrahLexus and its v8 is garbage. Your IS is using the same infotainment and interior from 2012 lmfao. Just get an m5 alrdy,6,True
UgypdHpn5i8sKPUrg-p4AaABAg.A2_on1-GuX2A2aMO5Pwbh9,comment,52O3cYsyZMo,UgypdHpn5i8sKPUrg-p4AaABAg,True,@yenlard6683,@gregkelly2145this ^,0,True
UgypdHpn5i8sKPUrg-p4AaABAg.A2_on1-GuX2A2aMZd4uvbs,comment,52O3cYsyZMo,UgypdHpn5i8sKPUrg-p4AaABAg,True,@Default_username007,"Delusional, Tesla makes Saturn look well built. 😂 

Price is absolutely tanking as well thanks to that idiot running the show.",0,True
UgypdHpn5i8sKPUrg-p4AaABAg.A2_on1-GuX2A2aMcwrlFMj,comment,52O3cYsyZMo,UgypdHpn5i8sKPUrg-p4AaABAg,True,@Default_username007,"Just wait another month, it'll be $45,000 🤡.",0,True
UgypdHpn5i8sKPUrg-p4AaABAg.A2_on1-GuX2A2aONn36OFc,comment,52O3cYsyZMo,UgypdHpn5i8sKPUrg-p4AaABAg,True,@CC-sp6kl,Cars in US are so cheap😢,0,True
UgypdHpn5i8sKPUrg-p4AaABAg.A2_on1-GuX2A2aOUxP7GcX,comment,52O3cYsyZMo,UgypdHpn5i8sKPUrg-p4AaABAg,True,@LUNArXpedition,@ericy.2108”I hear”,0,True
UgypdHpn5i8sKPUrg-p4AaABAg.A2_on1-GuX2A2aQpkjFodn,comment,52O3cYsyZMo,UgypdHpn5i8sKPUrg-p4AaABAg,True,@airheart1,@V8Brah yer clueless,1,True
UgypdHpn5i8sKPUrg-p4AaABAg.A2_on1-GuX2A2aS_tl6UoU,comment,52O3cYsyZMo,UgypdHpn5i8sKPUrg-p4AaABAg,True,@VeinyDickTracy,"It’s $58,044.38 after 6.25% sales tax and title (Texas)",0,True
UgypdHpn5i8sKPUrg-p4AaABAg.A2_on1-GuX2A2aTWuR8KhM,comment,52O3cYsyZMo,UgypdHpn5i8sKPUrg-p4AaABAg,True,@0s0sXD,"I'm paying 52,990 so that I get touch capacitive signal buttons? I'm sticking to my gas guzzling f150 thanks",0,True
UgypdHpn5i8sKPUrg-p4AaABAg.A2_on1-GuX2A2aUQJ-ggNC,comment,52O3cYsyZMo,UgypdHpn5i8sKPUrg-p4AaABAg,True,@StormcastMarine,I guess you can pay whatever you want for a turd,0,True
UgypdHpn5i8sKPUrg-p4AaABAg.A2_on1-GuX2A2aVnlIELGL,comment,52O3cYsyZMo,UgypdHpn5i8sKPUrg-p4AaABAg,True,@andyfma123,@banon7853bro get the DB9,0,True
UgypdHpn5i8sKPUrg-p4AaABAg.A2_on1-GuX2A2aW7ECIxuT,comment,52O3cYsyZMo,UgypdHpn5i8sKPUrg-p4AaABAg,True,@VeinyDickTracy,"@TERM-n6k- how did you lose $20k? I’m trying to decide whether to lease or buy the new 2024 Long range model 3. 

Used model 3’s are selling private party for just under what a brand new one does here in Texas. (2023 and older)",0,True
UgypdHpn5i8sKPUrg-p4AaABAg.A2_on1-GuX2A2aXqbvQD4l,comment,52O3cYsyZMo,UgypdHpn5i8sKPUrg-p4AaABAg,True,@k3mikal,​@Gigachad854 1ncel,0,True
UgypdHpn5i8sKPUrg-p4AaABAg.A2_on1-GuX2A2aXt2sqStx,comment,52O3cYsyZMo,UgypdHpn5i8sKPUrg-p4AaABAg,True,@k3mikal,​@V8Brahpoor,0,True
UgypdHpn5i8sKPUrg-p4AaABAg.A2_on1-GuX2A2aXwBOB6q1,comment,52O3cYsyZMo,UgypdHpn5i8sKPUrg-p4AaABAg,True,@ericy.2108,"@LUNArXpedition from people that have taken delivery and several reputable reviewers, do your own research if you’re thinking of buying though",0,True
UgypdHpn5i8sKPUrg-p4AaABAg.A2_on1-GuX2A2aY9V5pC3K,comment,52O3cYsyZMo,UgypdHpn5i8sKPUrg-p4AaABAg,True,@ericy.2108,@Gigachad854 I don’t think they are being paid by Tesla. They don’t even wine and dine auto journalists like some other manufacturers.,0,True
UgypdHpn5i8sKPUrg-p4AaABAg.A2_on1-GuX2A2aYTIxN0kA,comment,52O3cYsyZMo,UgypdHpn5i8sKPUrg-p4AaABAg,True,@BudgetTechBandit,Wow my new dream car,1,True
UgypdHpn5i8sKPUrg-p4AaABAg.A2_on1-GuX2A2aZ4t5_CM1,comment,52O3cYsyZMo,UgypdHpn5i8sKPUrg-p4AaABAg,True,@willwilliamson9580,until you realize you are buying an electric car.,1,True
UgypdHpn5i8sKPUrg-p4AaABAg.A2_on1-GuX2A2aaN3TPJx1,comment,52O3cYsyZMo,UgypdHpn5i8sKPUrg-p4AaABAg,True,@phoneticalb,I love capitalism,0,True
UgypdHpn5i8sKPUrg-p4AaABAg.A2_on1-GuX2A2aarDk01MZ,comment,52O3cYsyZMo,UgypdHpn5i8sKPUrg-p4AaABAg,True,@lantzZzZ,In 2026 it will cost 29k,0,True
UgypdHpn5i8sKPUrg-p4AaABAg.A2_on1-GuX2A2abblGe26H,comment,52O3cYsyZMo,UgypdHpn5i8sKPUrg-p4AaABAg,True,@The_Quaalude,It's definitely gonna be cheaper,0,True
UgypdHpn5i8sKPUrg-p4AaABAg.A2_on1-GuX2A2abmwAQTwU,comment,52O3cYsyZMo,UgypdHpn5i8sKPUrg-p4AaABAg,True,@abrahammc2125,"@ap2s2000 highly unlikely..... maybe in 4 years, but demand is sky high rn for the new refreshed model 3",1,True
UgypdHpn5i8sKPUrg-p4AaABAg.A2_on1-GuX2A2acBK1aHAV,comment,52O3cYsyZMo,UgypdHpn5i8sKPUrg-p4AaABAg,True,@tigerrx7,"You’re going to pay $50k for 0-60 time, low quality material, and shitty servicing? Boy you’re smarter than a caterpillar",0,True
UgypdHpn5i8sKPUrg-p4AaABAg.A2_on1-GuX2A2acWTrok1P,comment,52O3cYsyZMo,UgypdHpn5i8sKPUrg-p4AaABAg,True,@tigerrx7,"@gregkelly214599% of charging done at home for people who HAVE EVs. That leaves a large population who don’t have EVs to think about where they’re going to charge. The data you should be looking at is what percent of the car buying population own a home vs rent apartment, i.e, no charging at home",0,True
UgypdHpn5i8sKPUrg-p4AaABAg.A2_on1-GuX2A2acX0roVfa,comment,52O3cYsyZMo,UgypdHpn5i8sKPUrg-p4AaABAg,True,@danielorozco1728,A 52k blender,0,True
UgypdHpn5i8sKPUrg-p4AaABAg.A2_on1-GuX2A2adH20MZCR,comment,52O3cYsyZMo,UgypdHpn5i8sKPUrg-p4AaABAg,True,@gregdee9085,"That's like telling a woman that a nerd who can run faster than a smart , well dressed male model , is better....",1,True
UgypdHpn5i8sKPUrg-p4AaABAg.A2_on1-GuX2A2adl6n8jhz,comment,52O3cYsyZMo,UgypdHpn5i8sKPUrg-p4AaABAg,True,@megazillia,"​@V8Brah whoa! The guy called ""V8Brah"" thinks an electric car is shit? 🤯🤯🤯🤯 Never wouldve guessed it.",1,True
UgypdHpn5i8sKPUrg-p4AaABAg.A2_on1-GuX2A2aeIV7I73G,comment,52O3cYsyZMo,UgypdHpn5i8sKPUrg-p4AaABAg,True,@joshsnps,I’d take a used Porsche Taycan any day,0,True
UgypdHpn5i8sKPUrg-p4AaABAg.A2_on1-GuX2A2aeKGWfj8M,comment,52O3cYsyZMo,UgypdHpn5i8sKPUrg-p4AaABAg,True,@joshsnps,@banon7853Lol Aston and Tesla aren’t in the same class,0,True
UgypdHpn5i8sKPUrg-p4AaABAg.A2_on1-GuX2A2aeYGsvCId,comment,52O3cYsyZMo,UgypdHpn5i8sKPUrg-p4AaABAg,True,@megazillia,"​@snitox tell me you dont know any ev owners without telling me you know any ev owners 😂

Run some solar panels on your house and get 2 EVs, you drive almost completely for free. AND spend less on maintenance. Yes you go through tires faster but thats a drop in the bucket compared to MOST performance ICE vehicles. (Model 3 and Polestar 2 were the 2 vehicles for that scenario. Driving free is wild)",3,True
UgypdHpn5i8sKPUrg-p4AaABAg.A2_on1-GuX2A2aelWGpuJx,comment,52O3cYsyZMo,UgypdHpn5i8sKPUrg-p4AaABAg,True,@livejames9374,"@nguyenhanh9479it’s true even today. Previous cars were Acura, Porsche and Audi. Figured I’d give Tesla a try. The tech is awesome but build quality is ass.",0,True
UgypdHpn5i8sKPUrg-p4AaABAg.A2_on1-GuX2A2afTpB-TK8,comment,52O3cYsyZMo,UgypdHpn5i8sKPUrg-p4AaABAg,True,@bryanmiller2023,​@G82WattsMotor Trend tested the standard range Model 3 and their zero to 60 time was actually .2 sec less than what Tesla advertises. This model is so new no independent tests have been run on it yet. Nice try. Take your FUD and move on.,0,True
UgypdHpn5i8sKPUrg-p4AaABAg.A2_on1-GuX2A2afhz1egBW,comment,52O3cYsyZMo,UgypdHpn5i8sKPUrg-p4AaABAg,True,@ap2s2000,"@abrahammc2125 you're likely living under a rock, demand for all EVs are rock bottom right now lol",1,True
UgypdHpn5i8sKPUrg-p4AaABAg.A2_on1-GuX2A2afkXMZeT1,comment,52O3cYsyZMo,UgypdHpn5i8sKPUrg-p4AaABAg,True,@livejames9374,"The 2018 comments are unfortunately not reality. As a Tesla owner, I can confidently say it pales in comparison to other cars I own (Audi, Porsche and Acura) when it comes to build quality. I wouldn’t say dollar tree, more TJ Maxx. The tech is awesome.",0,True
UgypdHpn5i8sKPUrg-p4AaABAg.A2_on1-GuX2A2afwcPwukn,comment,52O3cYsyZMo,UgypdHpn5i8sKPUrg-p4AaABAg,True,@rgeniec,"@V8Brah
That’s ok. Manybheld onto the typewriter too!",0,True
UgypdHpn5i8sKPUrg-p4AaABAg.A2_on1-GuX2A2agpgxM6VW,comment,52O3cYsyZMo,UgypdHpn5i8sKPUrg-p4AaABAg,True,@NWJF,"Where do those subsidies come from? 

Oh yeah, my tax dollars are making faster EVs more accessable to the upper middle and upper class.",0,True
UgypdHpn5i8sKPUrg-p4AaABAg.A2_on1-GuX2A2ahPbiIy8Z,comment,52O3cYsyZMo,UgypdHpn5i8sKPUrg-p4AaABAg,True,@rgeniec,"@NWJF 
I’m glad to have gotten some of my confiscated and redistributed income back!",1,True
UgypdHpn5i8sKPUrg-p4AaABAg.A2_on1-GuX2A2aiCh2jI-W,comment,52O3cYsyZMo,UgypdHpn5i8sKPUrg-p4AaABAg,True,@NWJF,@rgeniec if I invest in your EV purchase can I earn dividends on your fuel savings? 🤔,1,True
UgypdHpn5i8sKPUrg-p4AaABAg.A2_on1-GuX2A2aiXhA4_Ak,comment,52O3cYsyZMo,UgypdHpn5i8sKPUrg-p4AaABAg,True,@demon-mi2ho,"$52,000 it's not a deal. With that you can get a model y with bigger space and longer miles for under $40,000.",0,True
UgypdHpn5i8sKPUrg-p4AaABAg.A2_on1-GuX2A2aijrbVt2u,comment,52O3cYsyZMo,UgypdHpn5i8sKPUrg-p4AaABAg,True,@cypvh74,"At $52k, it’s still missing a driver’s display or HUD.",1,True
UgypdHpn5i8sKPUrg-p4AaABAg.A2_on1-GuX2A2aj8Zs7QFV,comment,52O3cYsyZMo,UgypdHpn5i8sKPUrg-p4AaABAg,True,@mt2nv1,@Gigachad854you need to go drive one. The quality team has done amazing work in the last 2-3 years.,0,True
UgypdHpn5i8sKPUrg-p4AaABAg.A2_on1-GuX2A2aoDn6POpj,comment,52O3cYsyZMo,UgypdHpn5i8sKPUrg-p4AaABAg,True,@Battleneter,If you don't mind driving something that ugly with all the traps of owning an EV.,0,True
UgypdHpn5i8sKPUrg-p4AaABAg.A2_on1-GuX2A2aoFnAUsIU,comment,52O3cYsyZMo,UgypdHpn5i8sKPUrg-p4AaABAg,True,@rgeniec,"@cypvh74 
No need.",0,True
UgypdHpn5i8sKPUrg-p4AaABAg.A2_on1-GuX2A2aoRRrLAwt,comment,52O3cYsyZMo,UgypdHpn5i8sKPUrg-p4AaABAg,True,@Uberkilltoecheese,@Gigachad854 projecting too? my condolences buddy,0,True
UgypdHpn5i8sKPUrg-p4AaABAg.A2_on1-GuX2A2aqy7RzJyB,comment,52O3cYsyZMo,UgypdHpn5i8sKPUrg-p4AaABAg,True,@danielorozco1728,@gregdee9085 great analogy,0,True
UgypdHpn5i8sKPUrg-p4AaABAg.A2_on1-GuX2A2arXZ8_0q9,comment,52O3cYsyZMo,UgypdHpn5i8sKPUrg-p4AaABAg,True,@rgeniec,"@Battleneter 
Yeah like waking up to a full tank for Pennies on the dollar with 5x the performance! 🤷🏻‍♂️🤣😂😂😂",0,True
UgypdHpn5i8sKPUrg-p4AaABAg.A2_on1-GuX2A2arwHnEl5P,comment,52O3cYsyZMo,UgypdHpn5i8sKPUrg-p4AaABAg,True,@Battleneter,@rgeniec and 1/10th the range lol,0,True
UgypdHpn5i8sKPUrg-p4AaABAg.A2_on1-GuX2A2at4TqKjwI,comment,52O3cYsyZMo,UgypdHpn5i8sKPUrg-p4AaABAg,True,@rgeniec,"@Battleneter 
My car gets 330. My bladder won’t last that long. 🤣🤷🏻‍♂️",0,True
UgypdHpn5i8sKPUrg-p4AaABAg.A2_on1-GuX2A2awtoMWeaQ,comment,52O3cYsyZMo,UgypdHpn5i8sKPUrg-p4AaABAg,True,@Daniel_Capital,In 18 months it will be cut to 30k and everyone will be underwater on their loan,0,True
UgypdHpn5i8sKPUrg-p4AaABAg.A2_on1-GuX2A2ax5y0YMQ-,comment,52O3cYsyZMo,UgypdHpn5i8sKPUrg-p4AaABAg,True,@Battleneter,"@rgeniec And then a quick 5 hr wait in the middle of nowhere for it to charge lol, ahh the EV dream.",0,True
UgypdHpn5i8sKPUrg-p4AaABAg.A2_on1-GuX2A2ayW_roopQ,comment,52O3cYsyZMo,UgypdHpn5i8sKPUrg-p4AaABAg,True,@rgeniec,"@Battleneter 
…or 20 minutes while I grab a coffee and take a leak….either way. 🤣🤣🤣
60k in 2 years for me with 7 out of state desert trips. I know. You obviously have no clue.",2,True
UgypdHpn5i8sKPUrg-p4AaABAg.A2_on1-GuX2A2b090NoXXl,comment,52O3cYsyZMo,UgypdHpn5i8sKPUrg-p4AaABAg,True,@Gigachad854,@Uberkilltoecheese 🌈🌈🌈,0,True
UgypdHpn5i8sKPUrg-p4AaABAg.A2_on1-GuX2A2b1oqb9fXG,comment,52O3cYsyZMo,UgypdHpn5i8sKPUrg-p4AaABAg,True,@omar_querty,​@Gigachad854stuck in 2018,0,True
UgypdHpn5i8sKPUrg-p4AaABAg.A2_on1-GuX2A2b44SeHvtX,comment,52O3cYsyZMo,UgypdHpn5i8sKPUrg-p4AaABAg,True,@abrahammc2125,@ap2s2000 Nope.... Tesla dropped prices for every model except the model 3. i wonder why???? DEMAND FOR MODEL 3 is sky high,0,True
UgypdHpn5i8sKPUrg-p4AaABAg.A2_on1-GuX2A2b5_AjxRQ6,comment,52O3cYsyZMo,UgypdHpn5i8sKPUrg-p4AaABAg,True,@ap2s2000,@abrahammc2125 demand so high that they had to drop the prices less than a week ago lol,0,True
UgypdHpn5i8sKPUrg-p4AaABAg.A2_on1-GuX2A2b7WA7pjvx,comment,52O3cYsyZMo,UgypdHpn5i8sKPUrg-p4AaABAg,True,@Nickbaldeagle02,What's the insurance cost?,0,True
UgypdHpn5i8sKPUrg-p4AaABAg.A2_on1-GuX2A2b9rfLb0Bd,comment,52O3cYsyZMo,UgypdHpn5i8sKPUrg-p4AaABAg,True,@Clove_Parma,"@banon7853you don’t buy an Aston Martin just for the 0-100 in a straight line. you buy it for the experience, the handling and luxury",0,True
UgypdHpn5i8sKPUrg-p4AaABAg.A2_on1-GuX2A2bAatw8_5w,comment,52O3cYsyZMo,UgypdHpn5i8sKPUrg-p4AaABAg,True,@abrahammc2125,@ap2s2000 As i said before i will say again since you are slow. Tesla has not touched the MSRP on the new model 3 trims.... those are in high demand and low supply.,0,True
UgypdHpn5i8sKPUrg-p4AaABAg.A2_on1-GuX2A2bJOJqLWBG,comment,52O3cYsyZMo,UgypdHpn5i8sKPUrg-p4AaABAg,True,@MuppetsSh0w,@Gigachad854 Keep living your delusion.,0,True
UgypdHpn5i8sKPUrg-p4AaABAg.A2_on1-GuX2A2bRGMdbjqA,comment,52O3cYsyZMo,UgypdHpn5i8sKPUrg-p4AaABAg,True,@okra3000,Not a deal at all. Get a Toyota.,0,True
UgypdHpn5i8sKPUrg-p4AaABAg.A2_on1-GuX2A2bbXAawz_L,comment,52O3cYsyZMo,UgypdHpn5i8sKPUrg-p4AaABAg,True,@gregkelly2145,@Gigachad854 Which is why I offered up some premium European brands...,0,True
UgypdHpn5i8sKPUrg-p4AaABAg.A2_on1-GuX2A2biwWikFq6,comment,52O3cYsyZMo,UgypdHpn5i8sKPUrg-p4AaABAg,True,@banon7853,"@TheK9music they sound great now, that’s it.",0,True
UgypdHpn5i8sKPUrg-p4AaABAg.A2_on1-GuX2A2bj4Ih5wZj,comment,52O3cYsyZMo,UgypdHpn5i8sKPUrg-p4AaABAg,True,@banon7853,@CyberSkunk90 yes so the economic trade-off against a gas car gets even better,1,True
UgypdHpn5i8sKPUrg-p4AaABAg.A2_on1-GuX2A2bqSmcuBhA,comment,52O3cYsyZMo,UgypdHpn5i8sKPUrg-p4AaABAg,True,@Gigachad854,"@gregkelly2145 Porsche has better quality than everything you listed. Mercedes went to shit after 2020, g wagon being the only good car in their lineup currently. Audi also has superior quality than Tesla.",0,True
UgypdHpn5i8sKPUrg-p4AaABAg.A2_on1-GuX2A2bz_pm8ah9,comment,52O3cYsyZMo,UgypdHpn5i8sKPUrg-p4AaABAg,True,@yungrichnbroke5199,@TheK9musicI’ve seen EVs kick the asses or dedicated sports cars on race tracks.,0,True
UgypdHpn5i8sKPUrg-p4AaABAg.A2_on1-GuX2A2c-hzlvv7v,comment,52O3cYsyZMo,UgypdHpn5i8sKPUrg-p4AaABAg,True,@G82Watts,@bryanmiller2023 cool whatever u say. Tesla is notorious for using rollout and their claimed times in the past have NEVER been accurate,0,True
UgypdHpn5i8sKPUrg-p4AaABAg.A2_on1-GuX2A2c1SyBh5Mz,comment,52O3cYsyZMo,UgypdHpn5i8sKPUrg-p4AaABAg,True,@gregkelly2145,"@Gigachad854 So, to buy a car with better quality, you need to buy a Porsche...",0,True
UgypdHpn5i8sKPUrg-p4AaABAg.A2_on1-GuX2A2cHPE2Vacc,comment,52O3cYsyZMo,UgypdHpn5i8sKPUrg-p4AaABAg,True,@Big.Harry.Ballzack,"@V8BrahLexus gay asf, rather have a Panamera over an overpriced Lexus is500",0,True
UgypdHpn5i8sKPUrg-p4AaABAg.A2_on1-GuX2A2cOLr7LqBj,comment,52O3cYsyZMo,UgypdHpn5i8sKPUrg-p4AaABAg,True,@Gigachad854,"@gregkelly2145 a Honda civic has better quality than Tesla, so does Honda in general, Toyota, Lexus, Audi, and Mazda also have superior quality. But it’s not like an Elon Musk shill like you would know that with your stupid iPad car and 5 menus to open a fucking glovebox.",0,True
UgypdHpn5i8sKPUrg-p4AaABAg.A2_on1-GuX2A2cWoWwEVkw,comment,52O3cYsyZMo,UgypdHpn5i8sKPUrg-p4AaABAg,True,@monsterstacks,63k after everything,0,True
UgypdHpn5i8sKPUrg-p4AaABAg.A2_on1-GuX2A2cnLiThnDG,comment,52O3cYsyZMo,UgypdHpn5i8sKPUrg-p4AaABAg,True,@Gigachad854,@Uberkilltoecheese nah I’ve sat in a Tesla. Civic has better quality,0,True
UgypdHpn5i8sKPUrg-p4AaABAg.A2_on1-GuX2A2cnVfBoNdz,comment,52O3cYsyZMo,UgypdHpn5i8sKPUrg-p4AaABAg,True,@Gigachad854,@imelatedrn at least I’m not a shill for that asshole liar Elon,0,True
UgypdHpn5i8sKPUrg-p4AaABAg.A2_on1-GuX2A2dQVuAj66p,comment,52O3cYsyZMo,UgypdHpn5i8sKPUrg-p4AaABAg,True,@NuggetsXInfinite,"This is considered a good deal in the EV world? At that price, the gas savings will never make up for it against a hybrid that can be bought brand new for under $30k. “But the 0-60!” It’s not a fun sports car anyways, I don’t see the importance of that. Seems more like a status symbol than good value.",0,True
UgypdHpn5i8sKPUrg-p4AaABAg.A2_on1-GuX2A2drELW8wp2,comment,52O3cYsyZMo,UgypdHpn5i8sKPUrg-p4AaABAg,True,@fredsmodel3,"@megazilliaThat’s my setup, Solar, 2 Teslas and loving life. People just don’t know. Still stuck in the horse and wagon days.",0,True
UgypdHpn5i8sKPUrg-p4AaABAg.A2_on1-GuX2A2drnDnwnS6,comment,52O3cYsyZMo,UgypdHpn5i8sKPUrg-p4AaABAg,True,@fredsmodel3,"@Battleneterclueless, you have lots to learn about supercharging or even charging at home.",0,True
UgypdHpn5i8sKPUrg-p4AaABAg.A2_on1-GuX2A2dry85UKCx,comment,52O3cYsyZMo,UgypdHpn5i8sKPUrg-p4AaABAg,True,@fredsmodel3,"@rgeniecIf he learned how to read he would know. These people love to pay those high gas prices, let them have it. 😂😂😂",1,True
UgypdHpn5i8sKPUrg-p4AaABAg.A2_on1-GuX2A2ds7eC7DK3,comment,52O3cYsyZMo,UgypdHpn5i8sKPUrg-p4AaABAg,True,@fredsmodel3,@Nickbaldeagle02same as an ICE vehicle. Own 2 Tesla still paying what I paid before. Another company was only $20.00 more.,0,True
UgypdHpn5i8sKPUrg-p4AaABAg.A2_on1-GuX2A2dsS6BlZo_,comment,52O3cYsyZMo,UgypdHpn5i8sKPUrg-p4AaABAg,True,@fredsmodel3,"@G82WattsTeslas are also notorious for kicking ass on the track, many tracks have banned Teslas for that reason, Don’t listen to me, watch for yourself on YouTube.",0,True
UgypdHpn5i8sKPUrg-p4AaABAg.A2_on1-GuX2A2dsfN74aLS,comment,52O3cYsyZMo,UgypdHpn5i8sKPUrg-p4AaABAg,True,@fredsmodel3,@NuggetsXInfiniteyou haven’t driven one either.,0,True
UgypdHpn5i8sKPUrg-p4AaABAg.A2_on1-GuX2A2e0O22KYfl,comment,52O3cYsyZMo,UgypdHpn5i8sKPUrg-p4AaABAg,True,@Mika-85,MG4 Xpower has the Same acceleration and can charge faster and costs only around 40k,0,True
UgypdHpn5i8sKPUrg-p4AaABAg.A2_on1-GuX2A2eHyexh-Aa,comment,52O3cYsyZMo,UgypdHpn5i8sKPUrg-p4AaABAg,True,@carholic-sz3qv,how exactly!?,0,True
UgypdHpn5i8sKPUrg-p4AaABAg.A2_on1-GuX2A2eUVrBp0oY,comment,52O3cYsyZMo,UgypdHpn5i8sKPUrg-p4AaABAg,True,@Gigachad854,@NuggetsXInfinite yeah a Prius is a better option than an EV. Plus EVs don’t retain their value so you’re just losing money if you buy one,0,True
UgypdHpn5i8sKPUrg-p4AaABAg.A2_on1-GuX2A2eW2ue1yx6,comment,52O3cYsyZMo,UgypdHpn5i8sKPUrg-p4AaABAg,True,@G82Watts,Give me the the car that doesn't look like an egg blob. Karen mobile. With actual luxury interior and not some dull plain jane cockpit that doesn't even have a gauge cluster screen or a HUD. Model 3 is for people that cant afford a real sports car so they have to get an EV. 😂 it has one thing going for it. That's it. Thing looks like basic traffic,0,True
UgypdHpn5i8sKPUrg-p4AaABAg.A2_on1-GuX2A2es2SXN5Ok,comment,52O3cYsyZMo,UgypdHpn5i8sKPUrg-p4AaABAg,True,@patrutherford9600,"@G82Watts man I remember having that same attitude from 16 to 20 years old. Being somehow annoyed that people drive what i considered basic cars... Cars just taking up space in traffic. Why didn't everyone want a ""cool"" car like me? 
Most likely you will look back in many years and have a laugh. Its at least nice to be passionate about something. Even if some people might find you insufferable.",0,True
UgypdHpn5i8sKPUrg-p4AaABAg.A2_on1-GuX2A2esRjrXv8-,comment,52O3cYsyZMo,UgypdHpn5i8sKPUrg-p4AaABAg,True,@patrutherford9600,"@NuggetsXInfinite you can get a model y for 33k that dies 115 to 125 mpge. Tesla is not for everyone certainly. And altho im not too keen on hybrids myself, maybe there's a some good ones for under 30k. Which ones do you prefer?",0,True
UgypdHpn5i8sKPUrg-p4AaABAg.A2_on1-GuX2A2esoNmmvAE,comment,52O3cYsyZMo,UgypdHpn5i8sKPUrg-p4AaABAg,True,@patrutherford9600,@G82Watts it really doesn't matter because no one else catches them whether you use roll out or not 😆 Even model 3 performance for the money barely has any competition. Remember this convo is strictly regarding 0 to 60.,0,True
UgypdHpn5i8sKPUrg-p4AaABAg.A2_on1-GuX2A2etSfFK17X,comment,52O3cYsyZMo,UgypdHpn5i8sKPUrg-p4AaABAg,True,@patrutherford9600,"@Gigachad854 civics having better interior quality (unless you get specific)  is pretty subjective and you are of course biased. Its typically women and children in my experience who gravitate most towards buttons and bezels, shrouded in chrome or other shiney surface to give them something to do with their hands and eyes while they sit i guess. Guys typically aren't as high maintenance and are okay with things being simpler. 
Don't get me wrong, I remember installing the push button start and boost, fuel pressure, A/F ratio gouges on my WRX in 2002. Felt like a cockpit with the Sparcos and harnesses. Its okay to move past a lot of that. Some people don't. My mother won't sit on anything if its not as good as the leather in her S-Class lol",0,True
UgypdHpn5i8sKPUrg-p4AaABAg.A2_on1-GuX2A2euWJ13Zqo,comment,52O3cYsyZMo,UgypdHpn5i8sKPUrg-p4AaABAg,True,@G82Watts,@patrutherford9600 no one cares how fast ur tesla is dude. What makes cars cool is the engine and the looks. Tesla has none of that. Legit the most soulless ugliest cars on the road. Any average joe that works a 9-5 can get a tesla. No one cares.,0,True
UgypdHpn5i8sKPUrg-p4AaABAg.A2_on1-GuX2A2eue47enmU,comment,52O3cYsyZMo,UgypdHpn5i8sKPUrg-p4AaABAg,True,@G82Watts,@patrutherford9600 truth is u just realized u are never going to be able to afford ur dream cars which when u were younger u thought something would change and u would be able too. That's the hard truth.,0,True
UgypdHpn5i8sKPUrg-p4AaABAg.A2_on1-GuX2A2evzc-kVp1,comment,52O3cYsyZMo,UgypdHpn5i8sKPUrg-p4AaABAg,True,@patrutherford9600,"@G82Watts when did I say you should care how fast it is? you may have my comment mixed with someone else's. My point is that is is embarrassing (in my view) to care about what other people think or want them to care about your car. Its great most can afford it. Thats literally the point if the company. Some people get mad because it used to be hard to have a ""fast"" car and now its not. I get it. I sunk more money into building cars than I did for my 1st house when I was younger. Biggest mistake I've personally ever made. Was fun tho.",0,True
UgypdHpn5i8sKPUrg-p4AaABAg.A2_on1-GuX2A2ewjlLs-il,comment,52O3cYsyZMo,UgypdHpn5i8sKPUrg-p4AaABAg,True,@patrutherford9600,"@G82Watts I don't have a ""dream"" car. Did as a kid. And maybe thats a bad thing. Not faulting you for having one. But I've had plenty and once made the mistake of spending almost 80k throughout my ownership of 1 vehicle in particular building that car. Was certainly fast. Have just sold as of last year all 4 motorcycles id accumulated. After you start riding liter bikes, quick cars tend to take a backseat anyway. Especially considering their sticker price. Its not always about whether you can afford it but whether you should afford it too. Not everyone's priority is an exotic. What do you drive currently anyway? Just so I can understand where you're coming from.",0,True
UgypdHpn5i8sKPUrg-p4AaABAg.A2_on1-GuX2A2f4cjQv7vH,comment,52O3cYsyZMo,UgypdHpn5i8sKPUrg-p4AaABAg,True,@Gigachad854,@patrutherford9600 putting all of Tesla’s controls on an iPad is cheap and lazy. There needs to be a good mix of buttons and touchscreen controls for all cars. The new civic absolutely objectively has better build quality. I’ve literally seen a video of the Tesla model S interior falling apart.,0,True
UgypdHpn5i8sKPUrg-p4AaABAg.A2_on1-GuX2A2f5XHQ_LLB,comment,52O3cYsyZMo,UgypdHpn5i8sKPUrg-p4AaABAg,True,@patrutherford9600,"@Gigachad854 I've seen videos of plenty of cars ""falling apart"" this will happen from time to time. Mine is 100% so far. Myabe you can tell me what to look for lol I don't claim that its top tier by any stretch but the fact is only one of us owns a Tesla yet you claim to be the authority on all...? 
Not lazy to use a screen at all. You don't ""need"" buttons. Hell thats what my grandma said about the smartphone. She loved her Blackberry. Theres no wrong answer here. Hell I don't even use the screen really. The buttons on the wheel are multifunctional and take care of most. Plus there's voice control. Honestly there's so much thats easy to do and also set per driver based on what phone unlocks it that you don't really need to anything. If you prefer fiddling with buttons and vents thats fine too. I get nostalgic every once in a while myself.",0,True
UgypdHpn5i8sKPUrg-p4AaABAg.A2_on1-GuX2A2fBY9RXhQ1,comment,52O3cYsyZMo,UgypdHpn5i8sKPUrg-p4AaABAg,True,@Gigachad854,"@patrutherford9600 comparing a phone to a moving car that could kill people with a giant distracting screen and a terrible user interface is stupid. It’s also dangerous to market something as “full self driving” when it’s worse than every other self driving software. I shouldn’t need to press a bunch of shit on a screen to open a glove box. Objectively speaking, important functions need to be physical. Not on a screen. It’s no different than texting and driving. What happens if you get into an accident or the software malfunctions? Software unreliability is far worse than mechanical. There’s not even a gauge cluster which is also a braindead decision. But it’s not like you would know anything, all you do is make excuses for Tesla. Elon Musk isn’t gonna fuck you bro and he’s an asshole liar.",0,True
UgypdHpn5i8sKPUrg-p4AaABAg.A2_on1-GuX2A2f_4v23cF5,comment,52O3cYsyZMo,UgypdHpn5i8sKPUrg-p4AaABAg,True,@DogeHodler41,@ericy.2108 Plus with a 300+ mile range. It will charge while you're sleeping. And the bill is only around $60 a month. What's not to love.,3,True
UgypdHpn5i8sKPUrg-p4AaABAg.A2_on1-GuX2A2f_BGH_wr_,comment,52O3cYsyZMo,UgypdHpn5i8sKPUrg-p4AaABAg,True,@DogeHodler41,"@CyberSkunk90 Yeah, if the government will still allow the tax credit on buying a used car.",0,True
UgypdHpn5i8sKPUrg-p4AaABAg.A2_on1-GuX2A2fa7PiiEUN,comment,52O3cYsyZMo,UgypdHpn5i8sKPUrg-p4AaABAg,True,@rolexer,It'll be under 50k in 3 weeks.,0,True
UgypdHpn5i8sKPUrg-p4AaABAg.A2_on1-GuX2A2g6x2vCRHh,comment,52O3cYsyZMo,UgypdHpn5i8sKPUrg-p4AaABAg,True,@alphagodvon,What color is this ?? I pray it’s the stealth Grey because if so this is the one I want .,0,True
UgypdHpn5i8sKPUrg-p4AaABAg.A2_on1-GuX2A2ibTvuXakw,comment,52O3cYsyZMo,UgypdHpn5i8sKPUrg-p4AaABAg,True,@lostkhaz,@Gigachad854ur dumb,0,True
UgypdHpn5i8sKPUrg-p4AaABAg.A2_on1-GuX2A2ibYy4bQR2,comment,52O3cYsyZMo,UgypdHpn5i8sKPUrg-p4AaABAg,True,@lostkhaz,@V8Brahgas cars are cringe dude it’s 2024 get with it,0,True
UgypdHpn5i8sKPUrg-p4AaABAg.A2_on1-GuX2A2kGHXMyOJ8,comment,52O3cYsyZMo,UgypdHpn5i8sKPUrg-p4AaABAg,True,@markwraith,"Maybe they are subsidising it from their international sales. £62k in the UK (which is $77,500k)",0,True
UgypdHpn5i8sKPUrg-p4AaABAg.A2_on1-GuX2A2ncSXai-bX,comment,52O3cYsyZMo,UgypdHpn5i8sKPUrg-p4AaABAg,True,@jimmycmartinez,@keedoesebikesLexus doesn’t even compare to BMWs or Mercedes in performance😂😂😂,0,True
UgypdHpn5i8sKPUrg-p4AaABAg.A2_on1-GuX2A2oyU8WStkW,comment,52O3cYsyZMo,UgypdHpn5i8sKPUrg-p4AaABAg,True,@Komiiiiiiiiiiii,"​@TheK9music  buddy ofc it won't beat it in a track race becuase of the top speed. It accelerates quickly becuase it has an electric motor not because it has a big as engine with tons of hp while being light, the model 3 will still definitely have a lower topspeed, no one's saying it's a racing car... it just has faster acceleration which honestly is more useful than top speed😅",0,True
UgypdHpn5i8sKPUrg-p4AaABAg.A2_on1-GuX2A2p9196SHlg,comment,52O3cYsyZMo,UgypdHpn5i8sKPUrg-p4AaABAg,True,@VernatronIRL,cry man .... @Gigachad854,0,True
UgypdHpn5i8sKPUrg-p4AaABAg.A2_on1-GuX2A2tss2Kt0Ld,comment,52O3cYsyZMo,UgypdHpn5i8sKPUrg-p4AaABAg,True,@Deizel187,@TheK9musicI’m sure 99.9% of people buying this are not taking it to the track so gives af,0,True
UgypdHpn5i8sKPUrg-p4AaABAg.A2_on1-GuX2A2z6zhX6-rM,comment,52O3cYsyZMo,UgypdHpn5i8sKPUrg-p4AaABAg,True,@flatline1877,I sure hope this was sarcasm.....,0,True
UgypdHpn5i8sKPUrg-p4AaABAg.A2_on1-GuX2A2zVqeFvfWV,comment,52O3cYsyZMo,UgypdHpn5i8sKPUrg-p4AaABAg,True,@sparky6996,😂😂😂😂ok,0,True
UgypdHpn5i8sKPUrg-p4AaABAg.A2_on1-GuX2A2zos7fPbWY,comment,52O3cYsyZMo,UgypdHpn5i8sKPUrg-p4AaABAg,True,@bernhardsonn7758,Wtd,0,True
UgypdHpn5i8sKPUrg-p4AaABAg.A2_on1-GuX2A32EZfRkE_x,comment,52O3cYsyZMo,UgypdHpn5i8sKPUrg-p4AaABAg,True,@patrutherford9600,"@rolexer hope so. Tesla is helping everyone by becoming more efficient, lowering costs and getting more aggressive with pricing. The other manufacturers tend to lower their prices as well to try and keep up.",0,True
UgypdHpn5i8sKPUrg-p4AaABAg.A2_on1-GuX2A3N1Yrm5VK-,comment,52O3cYsyZMo,UgypdHpn5i8sKPUrg-p4AaABAg,True,@xano7858,@V8Brah bro’s stuck in 2017,0,True
UgypdHpn5i8sKPUrg-p4AaABAg.A2_on1-GuX2A3n4fFAJEP4,comment,52O3cYsyZMo,UgypdHpn5i8sKPUrg-p4AaABAg,True,@dar7279,@Gigachad854 you live in 2018 bozo. I just tested all the car brands this past weekend and lexus and tesla had the best quality. BMW 4 series below had terrible interiors.,0,True
UgypdHpn5i8sKPUrg-p4AaABAg.A2_on1-GuX2A3n4lT2eK6N,comment,52O3cYsyZMo,UgypdHpn5i8sKPUrg-p4AaABAg,True,@dar7279,@V8Brah lmao everyone and their mother hates the is500 and I see why I just test drove that piece of junk and it felt like a camry flooring it,0,True
UgypdHpn5i8sKPUrg-p4AaABAg.A2_on1-GuX2A3n9sVkgw_j,comment,52O3cYsyZMo,UgypdHpn5i8sKPUrg-p4AaABAg,True,@V8Brah,@dar7279 maybe youre just deaf. it's got more character than the toaster tesla hahahah.,0,True
UgypdHpn5i8sKPUrg-p4AaABAg.A2_on1-GuX2A3uvA3iKHqq,comment,52O3cYsyZMo,UgypdHpn5i8sKPUrg-p4AaABAg,True,@jonathangraham7148,@Gigachad854you probably own a 2010 Honda civic 😂😂,0,True
UgypdHpn5i8sKPUrg-p4AaABAg.A2_on1-GuX2A3uwRPktXbz,comment,52O3cYsyZMo,UgypdHpn5i8sKPUrg-p4AaABAg,True,@Gigachad854,@jonathangraham7148 I don’t but a 2010 Honda civic will outlast any Tesla,0,True
UgypdHpn5i8sKPUrg-p4AaABAg.A2_on1-GuX2A4EN0F3xHPL,comment,52O3cYsyZMo,UgypdHpn5i8sKPUrg-p4AaABAg,True,@tritonh5683,@banon7853 there are many cheaper cars that’s faster than a lambo.,0,True
UgypdHpn5i8sKPUrg-p4AaABAg.A2_on1-GuX2A4Ld96jVQWF,comment,52O3cYsyZMo,UgypdHpn5i8sKPUrg-p4AaABAg,True,@monjava,"@Gigachad854so all of this insight you bring is from “sitting” in a Tesla? Profound

I’m the original owner of a 2018 M3P and it’s been flawless. 150k miles. $0 maintenance. Even better than the day I bought it thanks to endless OTA updates.",0,True
UgypdHpn5i8sKPUrg-p4AaABAg.A2_on1-GuX2A4M3NAWjwEE,comment,52O3cYsyZMo,UgypdHpn5i8sKPUrg-p4AaABAg,True,@Gigachad854,@monjava Tesla still has garbage build quality. Come back to me in 2 years when your stupid battery grenades itself. A 40 year old Toyota Hilux will outlast your shit Tesla. You don’t see the Taliban driving teslas bozo,0,True
UgypdHpn5i8sKPUrg-p4AaABAg.A2_on1-GuX2A4NFCsXKEL4,comment,52O3cYsyZMo,UgypdHpn5i8sKPUrg-p4AaABAg,True,@GalacticBadger,"TESLAS ARE VERY (the M3LR and M3P models) FUN CARS but are TERRIBLE at holding VALUE. YOU WILL BE UPSIDE DOWN IN THESE CARS BEFORE YOU KNOW IT.

I CERTAINLY AM, and it KILLS me every day. I love the car so much, but Tesla’s supply and demand danced rather aggressively, causing inflation and too many drivers, and Twitter didn’t help; now, the bubble has burst. Cars cost much more reasonably in the thick of it all because people are selling them used for cheap, let alone buying used cheap. 

So do I sell, pay the 10k+ difference I am upside down on my lease, and call it a day? Or follow my emotions and I buy the new 2024 model 3 Performance) in time to take advantage of their low APR? Will I be back at square one again? Is this company becoming average now where silly situations like this are the norm? Or am I looking too deep into it? Or are they going to get even cheaper and lose the last little bit of luster they have of demonstrating they are still partially a luxury brand?

I’ll have to see what is worth it. But losing money again would be a massive bummer for an excellent car I’ve been in love with since I first demo’d one.",0,True
UgypdHpn5i8sKPUrg-p4AaABAg.A2_on1-GuX2A4NFNdblWcp,comment,52O3cYsyZMo,UgypdHpn5i8sKPUrg-p4AaABAg,True,@GalacticBadger,"TESLAS ARE VERY (the M3LR and M3P models) FUN CARS but are TERRIBLE at holding VALUE. YOU WILL BE UPSIDE DOWN IN THESE CARS BEFORE YOU KNOW IT.

I CERTAINLY AM, and it KILLS me every day. I love the car so much, but Tesla’s supply and demand danced rather aggressively, causing inflation and too many drivers, and Twitter didn’t help; now, the bubble has burst. Cars cost much more reasonably in the thick of it all because people are selling them used for cheap, let alone buying used cheap. 

So do I sell, pay the 10k+ difference I am upside down on my lease, and call it a day? Or follow my emotions and I buy the new 2024 model 3 Performance) in time to take advantage of their low APR? Will I be back at square one again? Is this company becoming average now where silly situations like this are the norm? Or am I looking too deep into it? Or are they going to get even cheaper and lose the last little bit of luster they have of demonstrating they are still partially a luxury brand?

I’ll have to see what is worth it. But losing money again would be a massive bummer for an excellent car I’ve been in love with since I first demo’d one.",0,True
UgypdHpn5i8sKPUrg-p4AaABAg.A2_on1-GuX2A4NFjIoSs34,comment,52O3cYsyZMo,UgypdHpn5i8sKPUrg-p4AaABAg,True,@GalacticBadger,@UberkilltoecheeseHis? He’s got a lot going on for him to have that much control on innovation. Cars in this league in general are have always. Been about the same since 2018.,0,True
UgypdHpn5i8sKPUrg-p4AaABAg.A2_on1-GuX2A4RU87VaTZo,comment,52O3cYsyZMo,UgypdHpn5i8sKPUrg-p4AaABAg,True,@boostedhatch3,@Gigachad854trash comment,0,True
UgypdHpn5i8sKPUrg-p4AaABAg.A2_on1-GuX2A4WsTDmjeKn,comment,52O3cYsyZMo,UgypdHpn5i8sKPUrg-p4AaABAg,True,@ohdeyum9429,Why?,0,True
UgypdHpn5i8sKPUrg-p4AaABAg.A2_on1-GuX2A4aPdQfOFpx,comment,52O3cYsyZMo,UgypdHpn5i8sKPUrg-p4AaABAg,True,@13hubi13,Its over $62k in europe,0,True
UgypdHpn5i8sKPUrg-p4AaABAg.A2_on1-GuX2A6JYwHbWbAX,comment,52O3cYsyZMo,UgypdHpn5i8sKPUrg-p4AaABAg,True,@TonyMiguel-ko7cz,Half price in 6 months 😂,0,True
UgypdHpn5i8sKPUrg-p4AaABAg.A2_on1-GuX2A700OJI_eHq,comment,52O3cYsyZMo,UgypdHpn5i8sKPUrg-p4AaABAg,True,@Etienne-,Look at all these salty people getting dusted at the light from my grocery getter daily lmao and I own a GT500 too 😂,0,True
UgypdHpn5i8sKPUrg-p4AaABAg.A2_on1-GuX2A70je_5RTmP,comment,52O3cYsyZMo,UgypdHpn5i8sKPUrg-p4AaABAg,True,@lexusry,"TESLA NEED TO IMPROVE THE DISPLAY, WIFI,MUSIC SONG NAME,WARNING MESSAGES,CLOCK,TEMPERATURE,TOOOOOO SMALL TO SEE THEM",0,True
UgypdHpn5i8sKPUrg-p4AaABAg.A2_on1-GuX2A7iG8E4d5Y1,comment,52O3cYsyZMo,UgypdHpn5i8sKPUrg-p4AaABAg,True,@chrism869,"Yeah right keep capping dude, American brands aren't trash even tesla.",0,True
UgypdHpn5i8sKPUrg-p4AaABAg.A2_on1-GuX2A8FhbTJufjF,comment,52O3cYsyZMo,UgypdHpn5i8sKPUrg-p4AaABAg,True,@Akaiyne,​@Gigachad854bros still stuck living in 2020😭,0,True
UgypdHpn5i8sKPUrg-p4AaABAg.A2_on1-GuX2A8Tj842oOuP,comment,52O3cYsyZMo,UgypdHpn5i8sKPUrg-p4AaABAg,True,@jackz4149,@banon7853you don’t buy Aston martin for 0-60 lol,0,True
UgypdHpn5i8sKPUrg-p4AaABAg.A2_on1-GuX2A92l-rUCbB2,comment,52O3cYsyZMo,UgypdHpn5i8sKPUrg-p4AaABAg,True,@Steezy.gunz_,I have the model y awd long range but I wanna add this baby,0,True
UgypdHpn5i8sKPUrg-p4AaABAg.A2_on1-GuX2A9lsK1yETGR,comment,52O3cYsyZMo,UgypdHpn5i8sKPUrg-p4AaABAg,True,@B41LL13,"In the states they are really good price for lease, here in UK they are expensive and don’t get the full fat 500+hp",0,True
UgypdHpn5i8sKPUrg-p4AaABAg.A2_on1-GuX2AB3tB258mTs,comment,52O3cYsyZMo,UgypdHpn5i8sKPUrg-p4AaABAg,True,@volpe_lightsong,But knowing you can ALSO buy a 2020/2021 Porsche Taycan for the same price 👀 (I am a Tesla owner btw),0,True
UgypdHpn5i8sKPUrg-p4AaABAg.A2_on1-GuX2AF5Yrhc08yp,comment,52O3cYsyZMo,UgypdHpn5i8sKPUrg-p4AaABAg,True,@Continentalmunkey77,Intelligence needed my $14b but covid,0,True
UgypdHpn5i8sKPUrg-p4AaABAg.A2_on1-GuX2AI1FSmTnRXH,comment,52O3cYsyZMo,UgypdHpn5i8sKPUrg-p4AaABAg,True,@Tundra0128,"You can find used ones for $40,000 now on Teslas site",0,True
UgypdHpn5i8sKPUrg-p4AaABAg.A2_on1-GuX2AJigqJzR0o7,comment,52O3cYsyZMo,UgypdHpn5i8sKPUrg-p4AaABAg,True,@FastRedPonyCar,They're about $10k cheaper used now.,0,True
UgypdHpn5i8sKPUrg-p4AaABAg.A2_on1-GuX2ANSPn2fHqIy,comment,52O3cYsyZMo,UgypdHpn5i8sKPUrg-p4AaABAg,True,@leonardschluter7037,@TheK9musicThe Model 3 Performance would blow the doors of an DB9 on the track😂😂,0,True
UgypdHpn5i8sKPUrg-p4AaABAg.A2_on1-GuX2ANvoWSMYVLI,comment,52O3cYsyZMo,UgypdHpn5i8sKPUrg-p4AaABAg,True,@Sean-bg2fu,"@G82Wattsyou’re paying for superior software. No other car company even comes close. I’d take superior UI over leather seats any day. Also my seats are ventilated and most cars in my Model 3 price range most definitely do not have ventilated seats, 20” fully forged wheels with top of the line Pirellis, and they most definitely can not autopilot.",0,True
UgypdHpn5i8sKPUrg-p4AaABAg.A2_on1-GuX2AWhmlRPFkn2,comment,52O3cYsyZMo,UgypdHpn5i8sKPUrg-p4AaABAg,True,@JahyMoonwalker,"Hi I'm from the future, gas gets worse",0,True
UgypdHpn5i8sKPUrg-p4AaABAg.A2_on1-GuX2AYQpYiYTrmG,comment,52O3cYsyZMo,UgypdHpn5i8sKPUrg-p4AaABAg,True,@yogichopra6606,"@CyberSkunk90  True but if you want to buy used that difference is made up a bit by the increased apr, so you either pay depreciation or interest.",0,True
Ugw8P5gHYz1K3XEeklZ4AaABAg,comment,52O3cYsyZMo,,False,@Tncraft2011,Wasssuuu,0,True
UgwHtplkmMwOCmyEq7R4AaABAg,comment,52O3cYsyZMo,,False,@AbdullahH,the new model 3 is sick,16,True
UgwNvSpOpr68dBRm_qh4AaABAg,comment,52O3cYsyZMo,,False,@Krispie_224,"I went to teslas website and was thinking ""this is nice but you lose 40 miles of EPA estimated range compared to the long range... then i thought ... you ONLY lose 40 miles of EPA estimated range.. 🤔""",35,True
UgwNvSpOpr68dBRm_qh4AaABAg.A2_ohwaPZyRA2atImG2JoL,comment,52O3cYsyZMo,UgwNvSpOpr68dBRm_qh4AaABAg,True,@Geckogold,"And if that bothers you that much, you can likely get an 18 inch aftermarket wheel for it to regain some if not most of that range back.

But in my experience with my Model Y, long distance travel has gotten a lot easier overall in a Tesla because they keep adding more and more superchargers in many places, so going as far as you absolutely can on one charge is less of an issue than how fast can you charge at each station you do stop at.

Or as Out of Spec Motoring calls it, ""supercharger hopping"". While you do have to stop more often, your overall trip is usually faster because you're spending less time at said superchargers compared to doing long deep charges at fewer ones that the car tends to do if you don't want to optimize the trip speed.

At one stop, it told me to deep charge for about 40 minutes to make it to the next supercharger which was about two hours away. If I was eating at a restaurant, that might've been fine. But since it was the middle of the night, I instead picked the next supercharger in between where I was charging and where the car wanted me to go. I only had to charge another 5 minutes to make it to the next one, then stopped at that one for maybe 15 minutes, compared to if I did the 40 minutes it originally wanted me to do.

This doesn't always work of course, because if the supercharger is full or you're at a V1/V2 supercharger, you'll probably have to wait. Should also be interesting as more non-Tesla EVs are able to use the V3/V4 superchargers and how they'll impact Tesla owners.",1,True
UgyiaeVlHukC7TqC6JR4AaABAg,comment,52O3cYsyZMo,,False,@KirkpatrickSounds,Love the Model 3 that i've had since the end of 22 but super keen for this when it's time to swap.,7,True
UgyiaeVlHukC7TqC6JR4AaABAg.A2_ofSAJlfQA2_pBq-UixX,comment,52O3cYsyZMo,UgyiaeVlHukC7TqC6JR4AaABAg,True,@quickpstuts412,Ditto,2,True
UgyiaeVlHukC7TqC6JR4AaABAg.A2_ofSAJlfQA2_pEmHe8by,comment,52O3cYsyZMo,UgyiaeVlHukC7TqC6JR4AaABAg,True,@nganalyst2540,"Same. Hurting a little bit about the seats. And i wish they would give us the new track mode stuff, but fuck it",2,True
Ugwp3qZuQdhuBqlbtBB4AaABAg,comment,52O3cYsyZMo,,False,@ihatekpeng,God damnit.,0,True
Ugx4n9IE-6-l9OS7twJ4AaABAg,comment,52O3cYsyZMo,,False,@tintin.404,Tesla! 💪,2,True
Ugz3jbSIJKqsuGGZtBd4AaABAg,comment,52O3cYsyZMo,,False,@Bawla187,@57k not bad..,0,True
UgyLCsv7nYEnHZdf5EB4AaABAg,comment,52O3cYsyZMo,,False,@bangbang6767-h1u,"I really can’t unsee the bright headliner, it should be black! Such a missed opportunity!",0,True
Ugw-oAuzBscKR9HYHvx4AaABAg,comment,52O3cYsyZMo,,False,@IM0001,"Will admit, while waiting for my CT, I would jump on a Model Y Performance with this update to replace the Wife's car.
Hope that comes soon as this makes the older 3/Y style look immediately dated and was never quite my favorite look comparted to the S/X's.

As for the capacitive buttons, I wonder if they could somehow merge the tech like the Steam Deck does for its touchpads where it has a touch/click feedback when you use them even with the pad not moving at all? It's pretty satisfying as well as gives you immediate feedback that you clicked something when you intent to use it as such.",0,True
UgwzlX_dOocdNqkF5tV4AaABAg,comment,52O3cYsyZMo,,False,@urbanstrencan,"Another great video MKBHD, love the subtle changes on Model 3 Performance and seats look awesome. Definitely high on my buying list. Now tes new Model 3 Performance vs BMW i4 M40 vs Hyundai Ioniq 5N :)",5,True
UgwzlX_dOocdNqkF5tV4AaABAg.A2_oVXaXnwrA2a8sNABH8h,comment,52O3cYsyZMo,UgwzlX_dOocdNqkF5tV4AaABAg,True,@killkiss_son,imo the Tesla is a way better car overhaul than the other ones you mentioned.,0,True
UgwNMJDGb1H7LA1qBWN4AaABAg,comment,52O3cYsyZMo,,False,@Radium3D,"I think the new model 3 performance is sweet, I just wish it had a hatch instead of a trunk. I would trade my Y in for it immediately if it did.",5,True
UgwNMJDGb1H7LA1qBWN4AaABAg.A2_oSJ96WQjA2_uQm9K4JG,comment,52O3cYsyZMo,UgwNMJDGb1H7LA1qBWN4AaABAg,True,@five50BCE,That’s what keeps me from making the leap. I’m a hatchback guy for days. It just makes loading gear easier,0,True
UgwNMJDGb1H7LA1qBWN4AaABAg.A2_oSJ96WQjA2a5cuktv34,comment,52O3cYsyZMo,UgwNMJDGb1H7LA1qBWN4AaABAg,True,@larryc1616,Y ludicrous coming out end of the year or early 2025,2,True
UgwNMJDGb1H7LA1qBWN4AaABAg.A2_oSJ96WQjA2a8hQdOgdU,comment,52O3cYsyZMo,UgwNMJDGb1H7LA1qBWN4AaABAg,True,@lukabosnjak3829,@larryc1616 Its gonna kill the new Macan for 50% money,1,True
Ugy4AtXrFCzmqLe7dap4AaABAg,comment,52O3cYsyZMo,,False,@evillales25,"Tesla doing anything but releasing the earnings 💀🙏

jk",0,True
UgwzI_QEmv-XIVOHxwB4AaABAg,comment,52O3cYsyZMo,,False,@_intrepid,460 hp and 3.1 to a 100 km/h in Europe. Whyyy?!!,0,True
UgwzI_QEmv-XIVOHxwB4AaABAg.A2_oPxQcbQBA2_tqo0xE4O,comment,52O3cYsyZMo,UgwzI_QEmv-XIVOHxwB4AaABAg,True,@JohnSmith-pn2vl,europe measure correctly  just like the rest of the world.,0,True
UgwzI_QEmv-XIVOHxwB4AaABAg.A2_oPxQcbQBA2bb4L6URyi,comment,52O3cYsyZMo,UgwzI_QEmv-XIVOHxwB4AaABAg,True,@_intrepid,@JohnSmith-pn2vl what's the difference in terms of measuring horsepower?,0,True
UgzZa1-LpePnvqwY-2Z4AaABAg,comment,52O3cYsyZMo,,False,@JohnnyZenith,I love the drivers display and the AR HUD.  Fantastic additions.,0,True
UgzZa1-LpePnvqwY-2Z4AaABAg.A2_oPgXxogJA2_osbb5s0i,comment,52O3cYsyZMo,UgzZa1-LpePnvqwY-2Z4AaABAg,True,@mogamer4511,"Its dog shit, you literally dont have a gauge cluster. How can a car with no gauge cluster be good",0,True
UgzZa1-LpePnvqwY-2Z4AaABAg.A2_oPgXxogJA2_uKkluuK4,comment,52O3cYsyZMo,UgzZa1-LpePnvqwY-2Z4AaABAg,True,@JohnSmith-pn2vl,"@mogamer4511 it's actually better than a display in front, faster, safer, more convenient.
i will never go back, so does tesla for sure",0,True
Ugx4irBXPpazk9rZnDN4AaABAg,comment,52O3cYsyZMo,,False,@STEVYFORELLO,"Think about a few years ago when you needed to pay 100's of thousands for that kind of power and acceleration... and now it's ""just"" 60k. Amazing stuff.",32,True
Ugx4irBXPpazk9rZnDN4AaABAg.A2_oOzTfR77A2_p1IoHN6Q,comment,52O3cYsyZMo,Ugx4irBXPpazk9rZnDN4AaABAg,True,@mogamer4511,And its still dog shit. I think any sane person would still rather have a huracan thats slower but has that awesome V10 engine note than a 60k$ genericmobile ev trashcan with no sound,7,True
Ugx4irBXPpazk9rZnDN4AaABAg.A2_oOzTfR77A2_py3bvkR2,comment,52O3cYsyZMo,Ugx4irBXPpazk9rZnDN4AaABAg,True,@kenion2166,"@mogamer4511 You never drove a huracan, lmao Its a nightmare as daily driver.",30,True
Ugx4irBXPpazk9rZnDN4AaABAg.A2_oOzTfR77A2_qTP3OOoa,comment,52O3cYsyZMo,Ugx4irBXPpazk9rZnDN4AaABAg,True,@Jack-vv7zb,@mogamer4511 okay gamer!,11,True
Ugx4irBXPpazk9rZnDN4AaABAg.A2_oOzTfR77A2_s9JLA_PQ,comment,52O3cYsyZMo,Ugx4irBXPpazk9rZnDN4AaABAg,True,@alex31ytb,And it's absolutely garbage. What do you need 0-60 in 3 seconds for on a 3 ton boat-fridge hybrid that can't take a corner to save it's life. A 150hp Miata is a much better enthusiast car because it's much more engaging and fun to drive than this go-kart with 1000hp. This car is only for posers who want to brag that their toaster beats a $200k car while they send it flying into the wall of a grocery store because it takes off with the push of a button.,5,True
Ugx4irBXPpazk9rZnDN4AaABAg.A2_oOzTfR77A2_sdY3Ns_Z,comment,52O3cYsyZMo,Ugx4irBXPpazk9rZnDN4AaABAg,True,@martingardens,@alex31ytb 3 tons? 4050 pounds. Almost identical to a BMW 3 series but don't let facts get in the way.,21,True
Ugx4irBXPpazk9rZnDN4AaABAg.A2_oOzTfR77A2_tQ0IQNCS,comment,52O3cYsyZMo,Ugx4irBXPpazk9rZnDN4AaABAg,True,@nguyenhanh9479,@alex31ytbcan’t hear you screaming when you are behind my car bro 😂,6,True
Ugx4irBXPpazk9rZnDN4AaABAg.A2_oOzTfR77A2_vNRp2BfR,comment,52O3cYsyZMo,Ugx4irBXPpazk9rZnDN4AaABAg,True,@河粉-k1h,Is MKBHD selling his 911?,0,True
Ugx4irBXPpazk9rZnDN4AaABAg.A2_oOzTfR77A2a0jFhnMhH,comment,52O3cYsyZMo,Ugx4irBXPpazk9rZnDN4AaABAg,True,@xipalips,"​@mogamer4511ICEbabies are so funny. ""B-buh my vroom vroom noises!""",5,True
Ugx4irBXPpazk9rZnDN4AaABAg.A2_oOzTfR77A2a0pFmA8ER,comment,52O3cYsyZMo,Ugx4irBXPpazk9rZnDN4AaABAg,True,@justthevoicebackup280,​@alex31ytb It's crazy how emotional a good Tesla can make a person 😂 facts be damned!,2,True
Ugx4irBXPpazk9rZnDN4AaABAg.A2_oOzTfR77A2a11A1fuVl,comment,52O3cYsyZMo,Ugx4irBXPpazk9rZnDN4AaABAg,True,@nikomega2,"@xipalips What, as if the sound of silence is better? Hell no, them ""ICEbabies"" have a point",0,True
Ugx4irBXPpazk9rZnDN4AaABAg.A2_oOzTfR77A2a1_S99dBt,comment,52O3cYsyZMo,Ugx4irBXPpazk9rZnDN4AaABAg,True,@baab4229,"@alex31ytb I love how the gashead argument that electric cars are inferior due to their inferior performance has now eroded completely and they are now down to incoherent rumblings. ""Muh gas car is better cause uh cause its got da soul and spirit"" like what?",2,True
Ugx4irBXPpazk9rZnDN4AaABAg.A2_oOzTfR77A2a7Ua7Uuie,comment,52O3cYsyZMo,Ugx4irBXPpazk9rZnDN4AaABAg,True,@alicerain8686,"​@mogamer4511 Why are you so mad? I've seen you post the same thing countless times on various comments. It's just a car bro. If you don't like it, that's fine. But clearly other people can gain value out of something that you can't, why is that a bad thing? I feel like you've got some mental issues or some things are going on at home, lol.",3,True
Ugx4irBXPpazk9rZnDN4AaABAg.A2_oOzTfR77A2a7piYQFfr,comment,52O3cYsyZMo,Ugx4irBXPpazk9rZnDN4AaABAg,True,@killkiss_son,​@mogamer4511if you're comparing a family sedan and an unreliable supercar you have not understood anything about what a car needs to be,2,True
Ugx4irBXPpazk9rZnDN4AaABAg.A2_oOzTfR77A2aBp8pj-a7,comment,52O3cYsyZMo,Ugx4irBXPpazk9rZnDN4AaABAg,True,@G82Watts,Have we not learned by now tesla uses rollout? If they say 2.9 sec it'll be 3.3 .. even then if someone told me that back in the day I'd say they'd have to make alot of compromises to make the car that cheap. Guess what. Tesla does. 0 luxury interior. Most bland basic looking designs. No HUD or gauge clusters. No buttons for anything.. etc..,0,True
Ugx4irBXPpazk9rZnDN4AaABAg.A2_oOzTfR77A2aLASRkZus,comment,52O3cYsyZMo,Ugx4irBXPpazk9rZnDN4AaABAg,True,@mogamer4511,"@killkiss_son  a Real car needs to be fun, fast and have a nice engine note, while a overglorified rc car doesnt need to exist. Yes cars are made to transport people but, why not make that fun and enjoyable. Because I can tell you that between a bland tesla and a huracan everyone would pick the huracan.",0,True
Ugx4irBXPpazk9rZnDN4AaABAg.A2_oOzTfR77A2an_XjJq1y,comment,52O3cYsyZMo,Ugx4irBXPpazk9rZnDN4AaABAg,True,@tmorelli1982,​@alex31ytb you have absolutely no idea what you're talking about. Embarrassing  conjecture,0,True
Ugx4irBXPpazk9rZnDN4AaABAg.A2_oOzTfR77A2ao3bAJ5dj,comment,52O3cYsyZMo,Ugx4irBXPpazk9rZnDN4AaABAg,True,@tmorelli1982,​@G82Watts you're on every Tesla video's comment section I've seen in the last few months just foaming at the mouth  😆,0,True
Ugx4irBXPpazk9rZnDN4AaABAg.A2_oOzTfR77A2aqWVC7Q92,comment,52O3cYsyZMo,Ugx4irBXPpazk9rZnDN4AaABAg,True,@xformant,"@mogamer4511 The fact that you dislike electric vehicles, but are still watching the Tesla videos and trolling people in the comments is pathetic. Also, comparing a $50k daily driver to a $300K+ Huracan is laughable on many levels. You sound like a little kid who is just getting into cars, and has never owned or driven a Huracan or a Tesla. Your time will be better spent anywhere else but here.",0,True
Ugx4irBXPpazk9rZnDN4AaABAg.A2_oOzTfR77A2b-9LrwNuE,comment,52O3cYsyZMo,Ugx4irBXPpazk9rZnDN4AaABAg,True,@KevBoy3D,20k for a superbike will do the same and has for decades. That’s still the real performance on a budget,0,True
Ugx4irBXPpazk9rZnDN4AaABAg.A2_oOzTfR77A2cqL_oPE01,comment,52O3cYsyZMo,Ugx4irBXPpazk9rZnDN4AaABAg,True,@hardcoreherbivore4730,"@xipalipsThey remind me of those guys on Southpark, on the tricycles making that noise. 😆",0,True
Ugy-zyD3YLX1ZHgqQDV4AaABAg,comment,52O3cYsyZMo,,False,@AyoubHassan,The entire Auto Focus channel could just be a brilliant advert for the latest iPhones! #ShotOniPhone,1,True
Ugwfb3hL1Lc6Ry1ABYF4AaABAg,comment,52O3cYsyZMo,,False,@MarsPLAYStudio,"10:24 Quick side-note: 
Elon promissed that TrackMode will also come to owners with an LongRange car when they own AccelerationBoost.",2,True
Ugwfb3hL1Lc6Ry1ABYF4AaABAg.A2_oIiZtLckA2_qX2LrPKk,comment,52O3cYsyZMo,Ugwfb3hL1Lc6Ry1ABYF4AaABAg,True,@ericy.2108,That was a long time ago. Model 3 refresh doesn’t even have Acceleration Boost as of now.,1,True
Ugyg8Re-ereSF63BFM54AaABAg,comment,52O3cYsyZMo,,False,@JJustinXu,"28,000 views in 28 minutes!!!",2,True
UgxvcPsgbNuV3V2pW-R4AaABAg,comment,52O3cYsyZMo,,False,@elonmadetwitterracist,american cars 😂,0,True
Ugxr17iSbgmJrTd0Z8R4AaABAg,comment,52O3cYsyZMo,,False,@sickpencilOG,nah no more teslas lol dude is removing regular car features for no reason and needs some design help to make a good looking car. why remove fog lights and drive stalks? no reason lol,0,True
UgwPCUtzspe-zpua4a14AaABAg,comment,52O3cYsyZMo,,False,@svartdraken,"Not the first time they made a 2.9 second Model 3. Few years ago, for a very short time, they released a software update to artificially add power to the Performance. The acceleration went from 3.4 to 2.9 seconds. Unfortunately, they went back to the previous figure in just few days. It was cool nonetheless.",1,True
Ugz2TY7qZEioPJT6ktx4AaABAg,comment,52O3cYsyZMo,,False,@videopyc,Is the wheel a mag wheel?,0,True
Ugxmgk4wrO7gnDWc5yx4AaABAg,comment,52O3cYsyZMo,,False,@Lil-Flo,"Tesla Model 3 is too big, we need smaller car",0,True
UgzOukn-95bqO5VUDRN4AaABAg,comment,52O3cYsyZMo,,False,@b_aayushh,What's that motor Inc logo?,0,True
UgzE13kfThT7N2GlH1J4AaABAg,comment,52O3cYsyZMo,,False,@Nunya-lz9ey,"And it costs $53,000

$45,000 with the tax credit 🤯",0,True
Ugz-0lKjB6oqM9Nx9ZB4AaABAg,comment,52O3cYsyZMo,,False,@TheRealGoatVulxurexx,"no frreaking way bro this car goes 500 miles per miles and 10401329581543278 horse power, unbelievable!11",1,True
Ugwwy6odpQTwBjA2WTV4AaABAg,comment,52O3cYsyZMo,,False,@mbaum4613,I love how geese have become a thing.,0,True
UgzogwR1ygaP1CMnXOx4AaABAg,comment,52O3cYsyZMo,,False,@paulkieffer1189,That is a great price for that car,0,True
UgwtbiaNeY8_oUNy2vh4AaABAg,comment,52O3cYsyZMo,,False,@3030hp,Hm....,0,True
UgwGaGdaYxMBMHEjwgV4AaABAg,comment,52O3cYsyZMo,,False,@MrCPPG,I just got the notification today. Clearly you got early access. I cannot think of anyone else I'd want to get first access.,12,True
UgwGaGdaYxMBMHEjwgV4AaABAg.A2_o0dqrS7FA2_sqJ9zWeE,comment,52O3cYsyZMo,UgwGaGdaYxMBMHEjwgV4AaABAg,True,@FlipBoxStudio,They (media/press) got early access over two weeks ago and had to wait until official launch date to release content.,4,True
UgwGaGdaYxMBMHEjwgV4AaABAg.A2_o0dqrS7FA2_vkfYEfIe,comment,52O3cYsyZMo,UgwGaGdaYxMBMHEjwgV4AaABAg,True,@Ari--d,Savagegeese?,0,True
UgwGaGdaYxMBMHEjwgV4AaABAg.A2_o0dqrS7FA2bAeLa44Kh,comment,52O3cYsyZMo,UgwGaGdaYxMBMHEjwgV4AaABAg,True,@Nickbaldeagle02,Like all the others that also got early access.,0,True
Ugw942QKRkOZKvSe9HR4AaABAg,comment,52O3cYsyZMo,,False,@GuyCruls,"one thing that bugs me is - and that’s, as far as I’m aware - that screen is fixed. I very much wish it were possible to rotate in the direction of the driver. an alternative would be a curved dashboard, as fairly commonly seen on big truck and buses, looking something like this - https://ic.truckid.com/semi-truck/pages/dash-covers/semi-truck-dash-covers_big_0.jpg",0,True
Ugz3R8aaePAsjIfvgx14AaABAg,comment,52O3cYsyZMo,,False,@_intrepid,What's the gas equivalent to M3P price-performance wise?,0,True
Ugz3R8aaePAsjIfvgx14AaABAg.A2_nztVUO23A2_uBkjfs45,comment,52O3cYsyZMo,Ugz3R8aaePAsjIfvgx14AaABAg,True,@JohnSmith-pn2vl,"there is none, that's simply impossible with a gas car.",0,True
UgycwQMjEEXtXDphkBZ4AaABAg,comment,52O3cYsyZMo,,False,@charliemis,"With the money you earn, why don’t you put on an assistant to hold the camera?",0,True
UgyIezDPD_U2uYZztc94AaABAg,comment,52O3cYsyZMo,,False,@CamdenChatterson-n6g,I would LOVE a Podcast related to the Auto Focus Channel & the EV/Hybrid market right now Marques. Maybe you and Miles could talk cars for an hour like Waveform if you have time. Keep up the good work bro!!,70,True
UgyIezDPD_U2uYZztc94AaABAg.A2_nu79kE9CA2_ouxs2nZG,comment,52O3cYsyZMo,UgyIezDPD_U2uYZztc94AaABAg,True,@socal20001,review old cars!,1,True
UgyIezDPD_U2uYZztc94AaABAg.A2_nu79kE9CA2_pNzrfzYK,comment,52O3cYsyZMo,UgyIezDPD_U2uYZztc94AaABAg,True,@GTeK13,"Agreed! now that the market is maturing a little bit, it would be nice to see your thoughts on EV purchases that include used options. Kind of like how you look at smart phones over time.",3,True
UgyIezDPD_U2uYZztc94AaABAg.A2_nu79kE9CA2_sTg42Few,comment,52O3cYsyZMo,UgyIezDPD_U2uYZztc94AaABAg,True,@undeadly1103,or it could just replace waveform 🫣,0,True
UgyIezDPD_U2uYZztc94AaABAg.A2_nu79kE9CA7lu9A4340v,comment,52O3cYsyZMo,UgyIezDPD_U2uYZztc94AaABAg,True,@Dead-Tired_Knight,0​@GTeK13,0,True
Ugw2XOz4tmgQbd9FMPV4AaABAg,comment,52O3cYsyZMo,,False,@JohnBlazinni,I'll take a  Model 3 for 31k and be happy with that performance. They still look similar!!,1,True
UgxglgqnPyrWAMtW-Ep4AaABAg,comment,52O3cYsyZMo,,False,@yaboi_coleslaw,they need to hurry up with the Model Y Juniper performance!,8,True
UgxglgqnPyrWAMtW-Ep4AaABAg.A2_nsSuTSPfA2_r6b7DkKf,comment,52O3cYsyZMo,UgxglgqnPyrWAMtW-Ep4AaABAg,True,@neeljavia2965,They will release the regular Juniper first then the performance,0,True
UgyMjm4dbRa-dAltzIF4AaABAg,comment,52O3cYsyZMo,,False,@DennisKrok-s6p,I think I will hold out for the 1.9s Ricky Bobby Edition.,0,True
UgyMjm4dbRa-dAltzIF4AaABAg.A2_nrK99WBqA2_sGWlH5G0,comment,52O3cYsyZMo,UgyMjm4dbRa-dAltzIF4AaABAg,True,@JohnSmith-pn2vl,"tesla will show this year a under 1 sec car, the roadster, their first sports car.",0,True
UgyMjm4dbRa-dAltzIF4AaABAg.A2_nrK99WBqA2_uIGSlGSk,comment,52O3cYsyZMo,UgyMjm4dbRa-dAltzIF4AaABAg,True,@DennisKrok-s6p,@JohnSmith-pn2vl Hope the wealthy don't buy it for their teenagers.  Wonder what the insurance rates will be?,0,True
UgxF_Yh5evDXhhKG7yZ4AaABAg,comment,52O3cYsyZMo,,False,@h20dancing18,It’s over 600 not 510,2,True
UgzqhuK-gmTFlOl_1KV4AaABAg,comment,52O3cYsyZMo,,False,@naresh2070,"Love my Tesla model 3, they have the best car's. Never buy any other brands other than Tesla ❤.",1,True
UgzqhuK-gmTFlOl_1KV4AaABAg.A2_nk1EwlBOA2_tgxzEU07,comment,52O3cYsyZMo,UgzqhuK-gmTFlOl_1KV4AaABAg,True,@JohnSmith-pn2vl,"same, Tesla is the best car i ever had by far, i will never look at anything else.",0,True
UgxXQLbohHs_HMd-J9V4AaABAg,comment,52O3cYsyZMo,,False,@MotoBlipp,"5:16 ""Can you NOT"" 😂😂😂",48,True
UgxXQLbohHs_HMd-J9V4AaABAg.A2_nf3mSxcEA2_v2Vzo3JY,comment,52O3cYsyZMo,UgxXQLbohHs_HMd-J9V4AaABAg,True,@nihongobenkyoshimasu3190,"Yes, no birds this time, just trash that typical drivers left, we are not in Japan or switzerland !!!",3,True
UgyZq5GWgyyXCuAAyjd4AaABAg,comment,52O3cYsyZMo,,False,@beyannder,Ioniq 5 N next? 👀,2,True
UgzoMbgJsBhW_dZ4cGR4AaABAg,comment,52O3cYsyZMo,,False,@JamesMorgan2,Annoying they ship these in the NE (or anywhere with snow) with summer tires.,0,True
UgwtK4ZZmUbOxis8XZF4AaABAg,comment,52O3cYsyZMo,,False,@amisudiptasen,why is this channel not verified yet?,0,True
UgxilVIu1DhpOVinSwR4AaABAg,comment,52O3cYsyZMo,,False,@florianjansen6216,That camera over sharpened hard!,1,True
UgwLxKtMwerVQJYTwLx4AaABAg,comment,52O3cYsyZMo,,False,@plasticwrap,"I never cared for the looks of the previous model 3s, but i think this new one is really good looking",0,True
Ugz4t7waVts1mbEKFe14AaABAg,comment,52O3cYsyZMo,,False,@deeptanshusingh7319,"Hey, whats that black locket thingy on your neck ? I have seen it in bunch of your videos and i dont think its the mic.",0,True
UgxQtndhCEpbQiV5Izt4AaABAg,comment,52O3cYsyZMo,,False,@manuelwilson9214,I love it!,2,True
Ugy6BlWorhpGElu1VO14AaABAg,comment,52O3cYsyZMo,,False,@squirtle88,still has a stark empty interior with just an ipad.... terrible design and a boring a$$ car,1,True
Ugyc16xRDqb1WXwj6QJ4AaABAg,comment,52O3cYsyZMo,,False,@SignatureAJ,They kinda look like the wheels on the lucid air sapphire,1,True
UgzM-jTpCSP6twUIsgN4AaABAg,comment,52O3cYsyZMo,,False,@Npc10010,A Tesla is one of the most embarrassing cars anybody can be seen driving,1,True
UgzM-jTpCSP6twUIsgN4AaABAg.A2_nUHSsD9zA2_pDMVn0TB,comment,52O3cYsyZMo,UgzM-jTpCSP6twUIsgN4AaABAg,True,@chrism869,why are they embarassing.,0,True
UgzYhj620zeJ-Kbodvd4AaABAg,comment,52O3cYsyZMo,,False,@quicksmash,Is that a Pixel you’re shooting with?,0,True
UgzvmOioyO7tp_y8-zZ4AaABAg,comment,52O3cYsyZMo,,False,@hj6056,how about ride quality as a daily driver compared to long range?,0,True
Ugw-Dz2pytvlsRvEWQt4AaABAg,comment,52O3cYsyZMo,,False,@zyn29z,why do you always record on iphone?,0,True
Ugw-Dz2pytvlsRvEWQt4AaABAg.A2_nR-tgbPhA2_oJkVcoLk,comment,52O3cYsyZMo,Ugw-Dz2pytvlsRvEWQt4AaABAg,True,@videopyc,Because it provides a more personal viewing experience.,0,True
Ugw-Dz2pytvlsRvEWQt4AaABAg.A2_nR-tgbPhA2a7hy1J-i3,comment,52O3cYsyZMo,Ugw-Dz2pytvlsRvEWQt4AaABAg,True,@zyn29z,@videopyc nah i mean why doesn't he use other phones,0,True
Ugyslib9VPhshjcmprh4AaABAg,comment,52O3cYsyZMo,,False,@ShivdevSingh,Why would they go back to the capacitive buttons??!,0,True
UgzYUsOhW6fJBp6pX1h4AaABAg,comment,52O3cYsyZMo,,False,@Lord_Reset,Not me recognizing that park 😮,1,True
Ugw4EsB2DhqfSO0bdA94AaABAg,comment,52O3cYsyZMo,,False,@The-Rest-of-Us,Regarding the capacitative buttons: I assume the built you’re reviewing is a pre-production model where they’ve used inventory from the old steering wheel. Can’t imagine they’ll go back just for the Performance Model 3…,75,True
Ugw4EsB2DhqfSO0bdA94AaABAg.A2_nIXvKmAkA2a6iIjT0Pr,comment,52O3cYsyZMo,Ugw4EsB2DhqfSO0bdA94AaABAg,True,@TNTMACHO,this needs to be pinned because it’s most definitely the answer,12,True
Ugw4EsB2DhqfSO0bdA94AaABAg.A2_nIXvKmAkA2aBxqfQioH,comment,52O3cYsyZMo,Ugw4EsB2DhqfSO0bdA94AaABAg,True,@greatleader4841,You are 100% right. it'd make absolutely no sense to have only ONE model that uses something so small when they can use the same steering wheel as the new model 3.,7,True
Ugw4EsB2DhqfSO0bdA94AaABAg.A2_nIXvKmAkA2cfbiN89WW,comment,52O3cYsyZMo,Ugw4EsB2DhqfSO0bdA94AaABAg,True,@CED99,Doesn't the highland M3 use capacitive buttons?,0,True
Ugw4EsB2DhqfSO0bdA94AaABAg.A2_nIXvKmAkA2cjyRhs6H2,comment,52O3cYsyZMo,Ugw4EsB2DhqfSO0bdA94AaABAg,True,@greatleader4841,"@CED99 not the 2024, i have one.",3,True
Ugw4EsB2DhqfSO0bdA94AaABAg.A2_nIXvKmAkA2fHGEuO_Zw,comment,52O3cYsyZMo,Ugw4EsB2DhqfSO0bdA94AaABAg,True,@Lost_In_LA,I'm reserving judgement on the button until there is a larger sample size to judge from.,1,True
UgxzTKO6QbdUi2ANIsV4AaABAg,comment,52O3cYsyZMo,,False,@dcsteele,Looks like lucid,0,True
UgxzTKO6QbdUi2ANIsV4AaABAg.A2_nGYNwvxuA2_o9k4N_bN,comment,52O3cYsyZMo,UgxzTKO6QbdUi2ANIsV4AaABAg,True,@paulkieffer1189,What??? 😂,0,True
Ugy14C5uKFqEB6_Uj3V4AaABAg,comment,52O3cYsyZMo,,False,@fuzzycuffs,"Are the brakes bigger?  You only mentioned upgraded pads but then in driving impressions ""bigger brakes."" Are the rotors and calipers the same or different across the models?",1,True
Ugx_z10zARBD6WugY-F4AaABAg,comment,52O3cYsyZMo,,False,@stevenmeyers5088,I hope you review the Ioniq 5 N!,7,True
Ugx_z10zARBD6WugY-F4AaABAg.A2_nFyLph3TA2_tmM6dsld,comment,52O3cYsyZMo,Ugx_z10zARBD6WugY-F4AaABAg,True,@JohnSmith-pn2vl,"a replacement battery costs more than the car itself, how convenient.
stay away from all ev's except tesla!",0,True
UgwekLskr627-PPhEiZ4AaABAg,comment,52O3cYsyZMo,,False,@MisterForYaSister,all tesla's look the same,1,True
UgwrfKfDseFXbrlgj554AaABAg,comment,52O3cYsyZMo,,False,@Riverrain123,review new model s plaid next mkbhd :D we would love it!,1,True
UgxHfaJKkR6eXxnf90Z4AaABAg,comment,52O3cYsyZMo,,False,@erikw-u3y,Maybe it's the plastic parts in between the spokes that are removable.,0,True
UgycNmG8SgTsS3QyopR4AaABAg,comment,52O3cYsyZMo,,False,@GaiaMother7,2:08 same exact headlights,2,True
UgxAmg3Op_37LUh5Yxp4AaABAg,comment,52O3cYsyZMo,,False,@naresh2070,Tesla have the best car's,1,True
Ugz_tlnxFBu62xVqib54AaABAg,comment,52O3cYsyZMo,,False,@okokokok-z5s,Geese,0,True
UgwbEfjS5GBIH4DG5X94AaABAg,comment,52O3cYsyZMo,,False,@jacobgise2479,Great review as always!,5,True
UgxwSwmh6HEYaQYL1MV4AaABAg,comment,52O3cYsyZMo,,False,@Blackwaterification,Is the new adaptive suspension as comfortable as the long range highland suspension?,3,True
UgxwSwmh6HEYaQYL1MV4AaABAg.A2_n7uKzIPlA2_qnkZQIXj,comment,52O3cYsyZMo,UgxwSwmh6HEYaQYL1MV4AaABAg,True,@AlfonsoDerrickP,"Doubt it, he said it was a little bit firmer and the car also sits 10mm lower than the long range version so it most likely won't be quite as comfortable.",0,True
UgxwSwmh6HEYaQYL1MV4AaABAg.A2_n7uKzIPlA2_s3sqNotC,comment,52O3cYsyZMo,UgxwSwmh6HEYaQYL1MV4AaABAg,True,@JohnSmith-pn2vl,@AlfonsoDerrickP should be more comfort since it's adaptive,1,True
UgxwSwmh6HEYaQYL1MV4AaABAg.A2_n7uKzIPlA2_tW6Bzi42,comment,52O3cYsyZMo,UgxwSwmh6HEYaQYL1MV4AaABAg,True,@Teknomanslade2,wait so is this suspension the same as model S where you can move it up and down and change the settings?,0,True
UgxwSwmh6HEYaQYL1MV4AaABAg.A2_n7uKzIPlA2a2yzNffyq,comment,52O3cYsyZMo,UgxwSwmh6HEYaQYL1MV4AaABAg,True,@Lost_In_LA,20in wheels though…,0,True
UgxwSwmh6HEYaQYL1MV4AaABAg.A2_n7uKzIPlA2a5V9NwUCA,comment,52O3cYsyZMo,UgxwSwmh6HEYaQYL1MV4AaABAg,True,@DavidCallMusic,"@Teknomanslade2 No, it's not an air suspension. It has active dampers which can help the suspension get more firm or less firm depending on how you set it, but it does not adjust ride height (like an air suspension can).",2,True
UgwDenA5wUbzT9mwvk54AaABAg,comment,52O3cYsyZMo,,False,@egyresztmasreszt4292,Designed roadster one in one,0,True
UgzQUnmaTQergPjr5Sp4AaABAg,comment,52O3cYsyZMo,,False,@0311nate,"Ordered, really hope that steering wheel has been changed since this video.",0,True
UgwMupkcp5QD5dBbEMV4AaABAg,comment,52O3cYsyZMo,,False,@Npc10010,No real car person drives a Tesla. not one. Soulless crap. I laugh when I see one.,0,True
Ugwryv9kmxCmfvFGsP54AaABAg,comment,52O3cYsyZMo,,False,@ShivdevSingh,"When he entered the car and closed the door, did anyone else see the door bounce back and forth? Gotta check my 2024 M3 if it does that. but that looked ugly man.",1,True
UgzXt6kClCz_K-MXFGF4AaABAg,comment,52O3cYsyZMo,,False,@sirus312,Consumers don't want 0-60 in 2.9 seconds.  How about a luxury vehicle with better quality.  Faster is not better.,0,True
UgzXt6kClCz_K-MXFGF4AaABAg.A2_n36JPMe2A2_p24t3WhQ,comment,52O3cYsyZMo,UgzXt6kClCz_K-MXFGF4AaABAg,True,@disco.volante,"Yeah, it‘s pretty useless.",0,True
UgzXt6kClCz_K-MXFGF4AaABAg.A2_n36JPMe2A2_ulTP45P8,comment,52O3cYsyZMo,UgzXt6kClCz_K-MXFGF4AaABAg,True,@JohnSmith-pn2vl,this is the most luxury you can get on the market period,0,True
Ugzm_rgSrSaq4fnOyXR4AaABAg,comment,52O3cYsyZMo,,False,@battyblu,"Really liked the Toyota Corolla segment in the hybrid's video, I think you should review more average cars",2,True
Ugyjmx39Qrc8jKj7FEt4AaABAg,comment,52O3cYsyZMo,,False,@maxmanual,will you also review the new Porsche Macan EV?,2,True
UgzJk3a7BHLwlrNSiIh4AaABAg,comment,52O3cYsyZMo,,False,@lrod8692,Why does the front bumper look like the old Front Bumper? WTH,0,True
UgxSCnXBPqo4wf5FghR4AaABAg,comment,52O3cYsyZMo,,False,@Dontneedtoknowdoode,Love it!,3,True
UgwBNs_vEGzSArzYDU54AaABAg,comment,52O3cYsyZMo,,False,@R.I.V.I.A.N,Bad Wheels 😳,0,True
Ugz8Yt8HrwRb7Cfu0Px4AaABAg,comment,52O3cYsyZMo,,False,@bio_stack,kg - delightful,2,True
UgzaVPnLy0Sh0Gfu_Jh4AaABAg,comment,52O3cYsyZMo,,False,@OneWheelMan,1:29 Model S Plaid has an available track pack with different brakes and wheels...worth noting.  So fully specced out it's NOT just a faster S.,1,True
UgzaVPnLy0Sh0Gfu_Jh4AaABAg.A2_myahUIvQA2_oszAhLNT,comment,52O3cYsyZMo,UgzaVPnLy0Sh0Gfu_Jh4AaABAg,True,@CSqrdX,Which he noted,0,True
UgzaVPnLy0Sh0Gfu_Jh4AaABAg.A2_myahUIvQA2_rAi5KRIs,comment,52O3cYsyZMo,UgzaVPnLy0Sh0Gfu_Jh4AaABAg,True,@OneWheelMan,"@CSqrdX Where?  Watched the full video and he didn't.  Maybe he noted it in another video, but not this video that I just watched and commented on.",0,True
UgwEX4raoBTVOToUDOt4AaABAg,comment,52O3cYsyZMo,,False,@Riverrain123,so cheap too omg!,1,True
Ugzq8uc-2SymLPuEK2p4AaABAg,comment,52O3cYsyZMo,,False,@Santi17466,"MKBHD killed fisker, that’s why Tesla gave him the opportunity to review this car before anyone",0,True
Ugzq8uc-2SymLPuEK2p4AaABAg.A2_mx9ucawcA2_n7-OaNGQ,comment,52O3cYsyZMo,Ugzq8uc-2SymLPuEK2p4AaABAg,True,@Npc10010,He wishes. He's so arrogant,1,True
Ugzq8uc-2SymLPuEK2p4AaABAg.A2_mx9ucawcA2a0mYR1Vp-,comment,52O3cYsyZMo,Ugzq8uc-2SymLPuEK2p4AaABAg,True,@NomenClature-o8s,Fisker killed Fisker.,0,True
UgzEa5EPd54Z3sDDo494AaABAg,comment,52O3cYsyZMo,,False,@SamanoSoleyn,First an only video I need to see about the new model 3 performance,4,True
UgzAHGE8Q-WDyA81rTt4AaABAg,comment,52O3cYsyZMo,,False,@Riverrain123,dope!!,2,True
UgzZygRXY45Zk-HmdW54AaABAg,comment,52O3cYsyZMo,,False,@ch4.hayabusa,"The Porsche Macan is 2,400kg+... im proud of you for using sensible units. Keep pounds and fahrenheit for pedestrian stuff. past 200lb or 130F... switch to kg/celcius, even for a US audience.",2,True
UgzZygRXY45Zk-HmdW54AaABAg.A2_mspQNb_nA2_odDzALpU,comment,52O3cYsyZMo,UgzZygRXY45Zk-HmdW54AaABAg,True,@CSqrdX,No thanks,0,True
Ugxgp6FY1tm-2svBJ3F4AaABAg,comment,52O3cYsyZMo,,False,@DKArmstrong,I do like the look.,0,True
UgxNV5HIZcCEcfoBxX14AaABAg,comment,52O3cYsyZMo,,False,@deanorion14,Please test the new Tesla Full Self-Driving (Supervised) and Autopark,35,True
UgyYGKj6844AHmGUzBx4AaABAg,comment,52O3cYsyZMo,,False,@kurknielsen,"So, does this help the resale value?  And after the initial woohoo wears off,  why does this matter to the average consumer?",1,True
Ugzko5cbUS02jdzJOLx4AaABAg,comment,52O3cYsyZMo,,False,@foxwithahdie,999 views in 15 minutes. unc fell off,0,True
UgyYBJcRsTwOqnCwQ9l4AaABAg,comment,52O3cYsyZMo,,False,@royvarghese5609,What's with your camera? Colors seem off,0,True
UgyYBJcRsTwOqnCwQ9l4AaABAg.A2_mgMqeMsoA2_mo8p87nu,comment,52O3cYsyZMo,UgyYBJcRsTwOqnCwQ9l4AaABAg,True,@David-f5h3m,Yeah I was thinking the same wtf,0,True
UgyYBJcRsTwOqnCwQ9l4AaABAg.A2_mgMqeMsoA2_n0uL6i_Z,comment,52O3cYsyZMo,UgyYBJcRsTwOqnCwQ9l4AaABAg,True,@David-f5h3m,His face looks like it has some ai generated make up,0,True
UgwtPDJjbKYqBMbtZuN4AaABAg,comment,52O3cYsyZMo,,False,@cybrtrkguy,Whew Tesla is safe from the grim reaper I mean Marques,9,True
Ugx846NWvp97lwaSm154AaABAg,comment,52O3cYsyZMo,,False,@CRatcliffe,I wanna see some 1/4mi times to see how the top end is. This is also the least flattering color imo. They nailed the price most definitely,0,True
UgwjmjHsjk_6zOScWDt4AaABAg,comment,52O3cYsyZMo,,False,@haigha-qb4kf,"What a coincidence, on the day Elon posted about this 2.9... 🥱",2,True
Ugwcj3DMQJIFPiVZX8N4AaABAg,comment,52O3cYsyZMo,,False,@Entropied,That color is horrible,0,True
UgxlSjD2ISB_bRR57Kx4AaABAg,comment,52O3cYsyZMo,,False,@inoob26,"Hope they ""refresh"" the affordability of the car next :P",4,True
UgzGj14TZY1tZJZwRTh4AaABAg,comment,52O3cYsyZMo,,False,@JonStallworth,nice!,0,True
UgxlA2abYY144H-7CRx4AaABAg,comment,52O3cYsyZMo,,False,@darrenorange2982,1 foot roll out and likely most of that 0-60 is from the rear tires.,0,True
UgxXIIa6xhsjoTGeGzp4AaABAg,comment,52O3cYsyZMo,,False,@inboundxcx,Why would you not drive tesla its like iphone,0,True
UgzSd31ZfmzZ4OBzY2x4AaABAg,comment,52O3cYsyZMo,,False,@huskypup3489,Why doesn't Tesla put color in their user interface?,7,True
UgzSd31ZfmzZ4OBzY2x4AaABAg.A2_mOArV_VTA2_njNI5O2s,comment,52O3cYsyZMo,UgzSd31ZfmzZ4OBzY2x4AaABAg,True,@antonwulp,This is easy/easier to road while you drive.,4,True
UgzSd31ZfmzZ4OBzY2x4AaABAg.A2_mOArV_VTA2_pnEokJy3,comment,52O3cYsyZMo,UgzSd31ZfmzZ4OBzY2x4AaABAg,True,@bjojosimpson,@antonwulp Simp ;),2,True
UgzSd31ZfmzZ4OBzY2x4AaABAg.A2_mOArV_VTA2_s-DowKFi,comment,52O3cYsyZMo,UgzSd31ZfmzZ4OBzY2x4AaABAg,True,@hh22,I like it that way. I hate the weird blue UI of mercedes benz,2,True
UgzSd31ZfmzZ4OBzY2x4AaABAg.A2_mOArV_VTA2a97AmQJwW,comment,52O3cYsyZMo,UgzSd31ZfmzZ4OBzY2x4AaABAg,True,@killkiss_son,"Does your phone have colors in its UI ? No ... Colors don't age well, distract you, and don't look good. White background and black font is the way to go for a car",2,True
UgzSd31ZfmzZ4OBzY2x4AaABAg.A2_mOArV_VTA2bAtlk2Xvt,comment,52O3cYsyZMo,UgzSd31ZfmzZ4OBzY2x4AaABAg,True,@Nickbaldeagle02,​@killkiss_sonblack background and white font.,0,True
UgzSd31ZfmzZ4OBzY2x4AaABAg.A2_mOArV_VTA2c8Qkta5Eg,comment,52O3cYsyZMo,UgzSd31ZfmzZ4OBzY2x4AaABAg,True,@hh22,@Nickbaldeagle02 tesla UI has dark mode that does that,0,True
UgyJRcNhdzQtgk0iOFl4AaABAg,comment,52O3cYsyZMo,,False,@JustAsaph,my guy got absolutely SPOOKED OUT by a water bottle. haha love it!,135,True
UgyJRcNhdzQtgk0iOFl4AaABAg.A2_mNURBOB8A2a1FxyG6Gr,comment,52O3cYsyZMo,UgyJRcNhdzQtgk0iOFl4AaABAg,True,@spacep0d,"He was shedding a tear for the littering, probably. Not literally.",4,True
UgyJRcNhdzQtgk0iOFl4AaABAg.A2_mNURBOB8A2a75Pt9Ao4,comment,52O3cYsyZMo,UgyJRcNhdzQtgk0iOFl4AaABAg,True,@BKzee3,The bottle nearly ruined his one take.😅,4,True
UgyJRcNhdzQtgk0iOFl4AaABAg.A2_mNURBOB8A2aCwtxiRTt,comment,52O3cYsyZMo,UgyJRcNhdzQtgk0iOFl4AaABAg,True,@burnzy3210,"""my guy""
ok 🏳‍🌈",2,True
UgyJRcNhdzQtgk0iOFl4AaABAg.A2_mNURBOB8A2ac7etCcHD,comment,52O3cYsyZMo,UgyJRcNhdzQtgk0iOFl4AaABAg,True,@biased4066,That goose has changed him,0,True
UgyJRcNhdzQtgk0iOFl4AaABAg.A2_mNURBOB8A2b99K1rBOJ,comment,52O3cYsyZMo,UgyJRcNhdzQtgk0iOFl4AaABAg,True,@Axle-F,“The geese send their regards”,1,True
UgyJRcNhdzQtgk0iOFl4AaABAg.A2_mNURBOB8A2bgXNINOV6,comment,52O3cYsyZMo,UgyJRcNhdzQtgk0iOFl4AaABAg,True,@JustAsaph,@burnzy3210 go get some help.,0,True
UgxQswJ7beZfp84BRxd4AaABAg,comment,52O3cYsyZMo,,False,@Reidynh,Still a cheap piece of crap and highly flammable,1,True
UgxQswJ7beZfp84BRxd4AaABAg.A2_mJbgbRWgA2_p7HEHhWy,comment,52O3cYsyZMo,UgxQswJ7beZfp84BRxd4AaABAg,True,@chrism869,"nah,since 2013 only 50 teslas have caught fire.way way less than gas cars. And its definitely not a cheap peace of crap.",0,True
UgxQswJ7beZfp84BRxd4AaABAg.A2_mJbgbRWgA2_uyeBAMgl,comment,52O3cYsyZMo,UgxQswJ7beZfp84BRxd4AaABAg,True,@JohnSmith-pn2vl,"this is not true at all, Tesla catch fire the least out of any car on the road that is a fact and not at all highly flammable",0,True
UgwyF7YNf8yRG4rfvRt4AaABAg,comment,52O3cYsyZMo,,False,@gsn9229,Bro speedrunning,1,True
UgyZBoqAGXCO9XAlNgF4AaABAg,comment,52O3cYsyZMo,,False,@shapulinr6638,It seems like Tesla fixed the Interior Lighting doesn't line up ( dash and door connecting point ).,2,True
UgyYDowDrpWxCRInzTZ4AaABAg,comment,52O3cYsyZMo,,False,@seowebua,so much tesla pr on this chanel lately,0,True
UgxiZ2w0KwXI8FY7TqV4AaABAg,comment,52O3cYsyZMo,,False,@AllianceShow,Brioski your haircut looking clean today,14,True
UgxRBjoKPfhJVNv4Qvh4AaABAg,comment,52O3cYsyZMo,,False,@Noah-n4e4j,Why don’t you review GWM cars for a change ? O BYD s,1,True
Ugy236yiW7HwaLS0mjx4AaABAg,comment,52O3cYsyZMo,,False,@birdswithbeau,2:00 I can confirm that it was an American Crow.,0,True
UgytLwOb-Y9UHuNXfFp4AaABAg,comment,52O3cYsyZMo,,False,@huskypup3489,"Faster than a C8 Corvette for $60K, with a rear seat and trunks. I'd consider this.",8,True
UgytLwOb-Y9UHuNXfFp4AaABAg.A2_m9BIIOh1A2exbZqa_D1,comment,52O3cYsyZMo,UgytLwOb-Y9UHuNXfFp4AaABAg,True,@lamborghiniaventador8670,it even gaps the z06 to the quarter mile lol,0,True
UgzRonaUQ0E3h7LU9zZ4AaABAg,comment,52O3cYsyZMo,,False,@nourishcherish9593,tesla cars are so similar . I only see Model X that stands out. Exterior is still kinda ugly . only thing i like is their screen and software,2,True
UgxUsQoo67ovn_tIVVV4AaABAg,comment,52O3cYsyZMo,,False,@randomsonmymind6919,"not only is this car excellent for the sticker price at $52,990, but it qualifies for the $7,500 EV tax credit making it $45,490 before any other qualifying incentives or taxes. WHAT?!?!",587,True
UgxUsQoo67ovn_tIVVV4AaABAg.A2_m7ljXpVbA2_rTZF3LJM,comment,52O3cYsyZMo,UgxUsQoo67ovn_tIVVV4AaABAg,True,@lightsaber6595,Still bottom 20% on every quality index there is 😂😂,28,True
UgxUsQoo67ovn_tIVVV4AaABAg.A2_m7ljXpVbA2_ryJxniUT,comment,52O3cYsyZMo,UgxUsQoo67ovn_tIVVV4AaABAg,True,@kwiky5643,@lightsaber6595tell me you’ve never bought a Tesla / tried a Tesla in 2024/2023/2022 without telling me,0,True
UgxUsQoo67ovn_tIVVV4AaABAg.A2_m7ljXpVbA2_syv8cRqh,comment,52O3cYsyZMo,UgxUsQoo67ovn_tIVVV4AaABAg,True,@TheMadmax0609,@curtisbme anyone who makes under $100K will qualify and it's the full $7500 credit.,61,True
UgxUsQoo67ovn_tIVVV4AaABAg.A2_m7ljXpVbA2_t-o8EX-H,comment,52O3cYsyZMo,UgxUsQoo67ovn_tIVVV4AaABAg,True,@Fernication,@curtisbmetax credit gets applied at point of sale. So you pay $45k if you qualify. This changed happen early this year,64,True
UgxUsQoo67ovn_tIVVV4AaABAg.A2_m7ljXpVbA2_urAPxK3C,comment,52O3cYsyZMo,UgxUsQoo67ovn_tIVVV4AaABAg,True,@martrellgardner5549,It doesn’t qualify for the tax credit,0,True
UgxUsQoo67ovn_tIVVV4AaABAg.A2_m7ljXpVbA2_vFXhp2pz,comment,52O3cYsyZMo,UgxUsQoo67ovn_tIVVV4AaABAg,True,@ScottStephenSmith,"​@TheMadmax0609 that's been changed. $150k if single, $225k HoH, $300k married filing jointly in 2024.",30,True
UgxUsQoo67ovn_tIVVV4AaABAg.A2_m7ljXpVbA2_vQwcj_8p,comment,52O3cYsyZMo,UgxUsQoo67ovn_tIVVV4AaABAg,True,@Fernication,@martrellgardner5549 it does. Go check the website 🤡,0,True
UgxUsQoo67ovn_tIVVV4AaABAg.A2_m7ljXpVbA2_vXYpuOIn,comment,52O3cYsyZMo,UgxUsQoo67ovn_tIVVV4AaABAg,True,@TheMadmax0609,@ScottStephenSmith Even better. 👍,2,True
UgxUsQoo67ovn_tIVVV4AaABAg.A2_m7ljXpVbA2_xJoUyjRw,comment,52O3cYsyZMo,UgxUsQoo67ovn_tIVVV4AaABAg,True,@randomsonmymind6919,"@martrellgardner5549  Hello! Just checking if you're claiming that the U.S. government lied to Tesla in saying that the car does qualify, when according to you it doesn't. Thanks!",10,True
UgxUsQoo67ovn_tIVVV4AaABAg.A2_m7ljXpVbA2_yG_vNX5t,comment,52O3cYsyZMo,UgxUsQoo67ovn_tIVVV4AaABAg,True,@Gigachad854,Tax credit is just a desperate attempt for the US government to incentivize people to buy dogshit EVs with horrible range.,0,True
UgxUsQoo67ovn_tIVVV4AaABAg.A2_m7ljXpVbA2a-zVlBqRv,comment,52O3cYsyZMo,UgxUsQoo67ovn_tIVVV4AaABAg,True,@aflyingmodem,"@curtisbmethey are calling it a tax credit, same way they gave people those stimulus checks before taxes were due but you had to claim that you got the check on your taxes",0,True
UgxUsQoo67ovn_tIVVV4AaABAg.A2_m7ljXpVbA2a1CuQm2kN,comment,52O3cYsyZMo,UgxUsQoo67ovn_tIVVV4AaABAg,True,@baab4229,"@lightsaber6595 Other than performance, price, range, infotainment system, self-driving, convenience features and charging station coverage. You know, the irrelevant stuff.",4,True
UgxUsQoo67ovn_tIVVV4AaABAg.A2_m7ljXpVbA2a4KZsmZTJ,comment,52O3cYsyZMo,UgxUsQoo67ovn_tIVVV4AaABAg,True,@russellschroeder3,Still not sending a single $0.01 of my money to Tesla and Elon.  He’s a dumpster fire on the verge of a full meltdown.,7,True
UgxUsQoo67ovn_tIVVV4AaABAg.A2_m7ljXpVbA2a4ymwCvIu,comment,52O3cYsyZMo,UgxUsQoo67ovn_tIVVV4AaABAg,True,@larryc1616,​@russellschroeder3 space karen is a fascist A-hole. Wish Apple came out with their own EV's and SMOKE tesla.,0,True
UgxUsQoo67ovn_tIVVV4AaABAg.A2_m7ljXpVbA2a53dCgoJ0,comment,52O3cYsyZMo,UgxUsQoo67ovn_tIVVV4AaABAg,True,@lightsaber6595,@baab4229 it is when u build worse cars than Dacia indeed,0,True
UgxUsQoo67ovn_tIVVV4AaABAg.A2_m7ljXpVbA2aB28GCm2l,comment,52O3cYsyZMo,UgxUsQoo67ovn_tIVVV4AaABAg,True,@vegajf51,"@curtisbme tax credit in 2024 is Point of sale, so yes if you qualify for the credit you can finance or pay 45,900 cash for the car, don't even have to wait until tax time.",3,True
UgxUsQoo67ovn_tIVVV4AaABAg.A2_m7ljXpVbA2aB5LC8IUu,comment,52O3cYsyZMo,UgxUsQoo67ovn_tIVVV4AaABAg,True,@vegajf51,"@martrellgardner5549 yes it does, has US made battery",0,True
UgxUsQoo67ovn_tIVVV4AaABAg.A2_m7ljXpVbA2aC3Kt-w7a,comment,52O3cYsyZMo,UgxUsQoo67ovn_tIVVV4AaABAg,True,@randomsonmymind6919,@russellschroeder3  Where did the leader of the fastest growing EV and battery storage company in the world hurt you?,10,True
UgxUsQoo67ovn_tIVVV4AaABAg.A2_m7ljXpVbA2aJ5tKwkmJ,comment,52O3cYsyZMo,UgxUsQoo67ovn_tIVVV4AaABAg,True,@Sleepy-Koala,​@Fernication Woohoo! I qualify!,0,True
UgxUsQoo67ovn_tIVVV4AaABAg.A2_m7ljXpVbA2aJ_pn7E_a,comment,52O3cYsyZMo,UgxUsQoo67ovn_tIVVV4AaABAg,True,@JB-ys8mj,@russellschroeder3 keep supporting foreign car makers boomer.  You probably have an electric bike,0,True
UgxUsQoo67ovn_tIVVV4AaABAg.A2_m7ljXpVbA2aJmTyllKo,comment,52O3cYsyZMo,UgxUsQoo67ovn_tIVVV4AaABAg,True,@ChaseHub,@martrellgardner5549 The performance model does. It's on their website.,0,True
UgxUsQoo67ovn_tIVVV4AaABAg.A2_m7ljXpVbA2aLzOJeC3m,comment,52O3cYsyZMo,UgxUsQoo67ovn_tIVVV4AaABAg,True,@mowcowbell,"@curtisbme Check again, you get the credit at point of sale.  How do I know?  I bought one, they instantly knocked $7500 off the price.",0,True
UgxUsQoo67ovn_tIVVV4AaABAg.A2_m7ljXpVbA2aMbUbSPfa,comment,52O3cYsyZMo,UgxUsQoo67ovn_tIVVV4AaABAg,True,@yenlard6683,@russellschroeder3he’ll be fine without you 🤔,6,True
UgxUsQoo67ovn_tIVVV4AaABAg.A2_m7ljXpVbA2aNxKRhTh5,comment,52O3cYsyZMo,UgxUsQoo67ovn_tIVVV4AaABAg,True,@ca8281,@russellschroeder3wahhhhhhh,4,True
UgxUsQoo67ovn_tIVVV4AaABAg.A2_m7ljXpVbA2aOkqaIWmC,comment,52O3cYsyZMo,UgxUsQoo67ovn_tIVVV4AaABAg,True,@oisiaa,@curtisbme Most people qualify (unless you make over $300k as a couple). It is point of sale so you get money off the sticker price and don't have to wait for next year's taxes.,2,True
UgxUsQoo67ovn_tIVVV4AaABAg.A2_m7ljXpVbA2aOsEHHVsg,comment,52O3cYsyZMo,UgxUsQoo67ovn_tIVVV4AaABAg,True,@oisiaa,"@martrellgardner5549 It does! The LR doesn't, performance does which makes it CHEAPER than the LR out the door.",0,True
UgxUsQoo67ovn_tIVVV4AaABAg.A2_m7ljXpVbA2aPKnEJvrE,comment,52O3cYsyZMo,UgxUsQoo67ovn_tIVVV4AaABAg,True,@alistairblaire6001,Gives me hope that the promise of cheaper EVs might actually come true. I speced a small truck recently and it came out to $45k and I’m sure modest SUVs are just as expensive.,0,True
UgxUsQoo67ovn_tIVVV4AaABAg.A2_m7ljXpVbA2aTzgD3RIU,comment,52O3cYsyZMo,UgxUsQoo67ovn_tIVVV4AaABAg,True,@fartdonkey8290,"I love my gas cars and I hate most electric vehicles, that being said,",0,True
UgxUsQoo67ovn_tIVVV4AaABAg.A2_m7ljXpVbA2a_JWWSjro,comment,52O3cYsyZMo,UgxUsQoo67ovn_tIVVV4AaABAg,True,@gohkairen,​@lightsaber6595 bro hasn't gotten his ass into a Tesla since 2014😂😂😂,5,True
UgxUsQoo67ovn_tIVVV4AaABAg.A2_m7ljXpVbA2aoOzw13Nb,comment,52O3cYsyZMo,UgxUsQoo67ovn_tIVVV4AaABAg,True,@hanzreynado,"@lightsaber6595 what are you talking about? I own a 2021 M3P. Besides being my daily driver, I have tracked it and raced it in drag strips (see my videos). The only thing I have replaced in almost three years of owning it is a set of tires and windshield washer fluid. It has never been back to the dealer for any maintenance or service since the day I bought it.",0,True
UgxUsQoo67ovn_tIVVV4AaABAg.A2_m7ljXpVbA2aqt7doSpI,comment,52O3cYsyZMo,UgxUsQoo67ovn_tIVVV4AaABAg,True,@williamgrunzweig571,​. Additionally the IRS stated when acting in good faith they will not engage in recapture come tax time.  So basically you get the full 7500 as you stated if your honest about your projected income.,0,True
UgxUsQoo67ovn_tIVVV4AaABAg.A2_m7ljXpVbA2cJstabYVE,comment,52O3cYsyZMo,UgxUsQoo67ovn_tIVVV4AaABAg,True,@metoo3918,"The car qualifies, but not all buyer will.",0,True
UgxUsQoo67ovn_tIVVV4AaABAg.A2_m7ljXpVbA2cbu9BP8N9,comment,52O3cYsyZMo,UgxUsQoo67ovn_tIVVV4AaABAg,True,@Kenyon712,"@russellschroeder3Thanks.  I can’t believe people still buy these, Edie I ally with the quality issues.   The Cyber Truck is full of issues.",0,True
UgxUsQoo67ovn_tIVVV4AaABAg.A2_m7ljXpVbA2kDVLGkKZs,comment,52O3cYsyZMo,UgxUsQoo67ovn_tIVVV4AaABAg,True,@patrutherford9600,"@russellschroeder3 a dumpster fire in the verge of a full meltdown and orders of magnitude more productive and successful than all of us. I totally get you, I research all my purchases extensively to make sure the business owner is not a ""dumpster fire"". I mean im a good human being, why shouldn't my hot dog stand vendor have to be?",0,True
UgxUsQoo67ovn_tIVVV4AaABAg.A2_m7ljXpVbA2mdPuc8VWT,comment,52O3cYsyZMo,UgxUsQoo67ovn_tIVVV4AaABAg,True,@matthewhubbard7177,Do people who make less than 100K buy 50K cars?  That’s insane…,1,True
UgxUsQoo67ovn_tIVVV4AaABAg.A2_m7ljXpVbA2mlmNTU0qB,comment,52O3cYsyZMo,UgxUsQoo67ovn_tIVVV4AaABAg,True,@patrutherford9600,"@matthewhubbard7177 I agree, people tend to buy outside what may be smart for them. But like a trip to Disneyland or a nice restaurant, people justify extending themselves when they feel inclined. At least the game changes slightly with EVs as depending on your driving you save quite a bit on gas and maint. If I hadn't sold a property and additionally done well selling options in 2022 I likely wouldn't have purchased mine as my standard income is less than 100k",0,True
UgxUsQoo67ovn_tIVVV4AaABAg.A2_m7ljXpVbA2ps42ezJGI,comment,52O3cYsyZMo,UgxUsQoo67ovn_tIVVV4AaABAg,True,@dsmluck,"​@Kenyon712Haha just stop. I've had a Model 3 for the last 5 years, 100k miles, and 16 full track days, and have yet to have a single problem of any kind. Plus its American made!",2,True
UgxUsQoo67ovn_tIVVV4AaABAg.A2_m7ljXpVbA2sdNtk9pyz,comment,52O3cYsyZMo,UgxUsQoo67ovn_tIVVV4AaABAg,True,@IanSmithCA,"My Model 3 Highland dual motor did NOT qualify for the credit. As I understand it, the single motor version qualifies, but the battery in the dual motor version is made in China and voids the tax credit.
Love the car anyway!",0,True
UgxUsQoo67ovn_tIVVV4AaABAg.A2_m7ljXpVbA3A34L5vcst,comment,52O3cYsyZMo,UgxUsQoo67ovn_tIVVV4AaABAg,True,@metoo3918,"@matthewhubbard7177 Very much so.  I would gather most cars purchased around that price are ""bought"" by sub$100k people....just like most 4-figure purses. People love them some debt and interest payments.",0,True
UgxUsQoo67ovn_tIVVV4AaABAg.A2_m7ljXpVbA47iUaUOvxd,comment,52O3cYsyZMo,UgxUsQoo67ovn_tIVVV4AaABAg,True,@craigwflys,"How it works is you pay the $52,990 plus the sales tax on that price then they deduct the $7500 from that. Just bought one three weeks ago.",0,True
UgxUsQoo67ovn_tIVVV4AaABAg.A2_m7ljXpVbA4oNqC24B8Z,comment,52O3cYsyZMo,UgxUsQoo67ovn_tIVVV4AaABAg,True,@LiBingBong,"rattles, panel gaps,qc issues come as standard features",0,True
UgxUsQoo67ovn_tIVVV4AaABAg.A2_m7ljXpVbA4oQLTtZjxL,comment,52O3cYsyZMo,UgxUsQoo67ovn_tIVVV4AaABAg,True,@metoo3918,@matthewhubbard7177  They absolutely do.  These are the same people that carry credit card balances into the next month while wearing designer brand clothes and accessories.,0,True
UgxUsQoo67ovn_tIVVV4AaABAg.A2_m7ljXpVbA4pTz5DKM50,comment,52O3cYsyZMo,UgxUsQoo67ovn_tIVVV4AaABAg,True,@X11CHASE,@russellschroeder3look who’s talking. If that’s your only reason for not buying the car then your brain is deep fried,0,True
UgxUsQoo67ovn_tIVVV4AaABAg.A2_m7ljXpVbA8J6r1Bk_YI,comment,52O3cYsyZMo,UgxUsQoo67ovn_tIVVV4AaABAg,True,@dsmluck,@LiBingBong So does the ability to cheek clap snowflake ICE drivers,0,True
UgwbQhKb-Sg1vmT-mBB4AaABAg,comment,52O3cYsyZMo,,False,@Rajesh-mc2py,Wow ❤,0,True
UgyeC8xtO9MsV-qRD054AaABAg,comment,52O3cYsyZMo,,False,@luisgarita884,Marques DeMuro! Love your car content!,1,True
UgxqwthfWSfYct5ukph4AaABAg,comment,52O3cYsyZMo,,False,@Aztasu,"The upcoming electric Mercedes-Benz CLA AMG will come with 400kW/536hp (544PS), 800V architecture, HUD, LIDAR and has a way better range with about 350 miles EPA (standard CLA will have 400 miles EPA). Model 3 is cheaper but offers way less. I think that is the right way for Tesla. Tesla is not a premium manufacturer but rather builds good performance-for-money EVs (not value-for-money because power alone is not everything in a car, better build and interior quality as well as tech functions like HUD, 800V, LIDAR can also mean value). I think that the new Model 3 Performance is fair. If you want better stats and more of a premium interior with nice tech features you will always find something better elsewhere.",0,True
UgxqwthfWSfYct5ukph4AaABAg.A2_m-4UoxV_A2_oRoWTUiZ,comment,52O3cYsyZMo,UgxqwthfWSfYct5ukph4AaABAg,True,@bencarey243,It's going to cost more than 60k too.,0,True
UgxqwthfWSfYct5ukph4AaABAg.A2_m-4UoxV_A2_oo_oeBQr,comment,52O3cYsyZMo,UgxqwthfWSfYct5ukph4AaABAg,True,@Aztasu,"@bencarey243 yes, true.",0,True
UgxUqvYw1gUufALEkhZ4AaABAg,comment,52O3cYsyZMo,,False,@1mNotBlack1mOJ,"Of course Marques would be first.. was literally in the middle of ordering a base then boom, you drop this review.",1,True
UgxUqvYw1gUufALEkhZ4AaABAg.A2_m-1oEiYrA2_nNXUWcPy,comment,52O3cYsyZMo,UgxUqvYw1gUufALEkhZ4AaABAg,True,@Npc10010,Why don't you wait 6 months until it's worth nothing and then buy one😂,0,True
UgxUqvYw1gUufALEkhZ4AaABAg.A2_m-1oEiYrA2a3eHxZhkT,comment,52O3cYsyZMo,UgxUqvYw1gUufALEkhZ4AaABAg,True,@1mNotBlack1mOJ,@Npc10010 it’ll be thrashed by then :-\… plus can’t write it off,0,True
Ugz3UTHCOF9b9-T9T3N4AaABAg,comment,52O3cYsyZMo,,False,@doudymac,Nice... Still boring... but nice looking. 👍,0,True
Ugz3UTHCOF9b9-T9T3N4AaABAg.A2_lySfTbTLA2_uRQCh4Gp,comment,52O3cYsyZMo,Ugz3UTHCOF9b9-T9T3N4AaABAg,True,@JohnSmith-pn2vl,you never sat in one then,0,True
Ugz3UTHCOF9b9-T9T3N4AaABAg.A2_lySfTbTLA2_vB7OKUFY,comment,52O3cYsyZMo,Ugz3UTHCOF9b9-T9T3N4AaABAg,True,@doudymac,@JohnSmith-pn2vl I have multiple times. Nice interior and fast... That's about it. 👍,0,True
UgzbbQlsbSJAfPribYF4AaABAg,comment,52O3cYsyZMo,,False,@explosev6513,"Damn, I was hoping you talked about the adaptive dampers more and comfort.",36,True
UgzbbQlsbSJAfPribYF4AaABAg.A2_lyHbL4fYA2_rnnP-O7a,comment,52O3cYsyZMo,UgzbbQlsbSJAfPribYF4AaABAg,True,@kafiluzTheReal,Would anyone buy a Model S then?,2,True
UgzbbQlsbSJAfPribYF4AaABAg.A2_lyHbL4fYA2_sIkG9AYT,comment,52O3cYsyZMo,UgzbbQlsbSJAfPribYF4AaABAg,True,@martingardens,My understanding the dampers are Koni FSDs.,0,True
UgzbbQlsbSJAfPribYF4AaABAg.A2_lyHbL4fYA2a1oDXUExW,comment,52O3cYsyZMo,UgzbbQlsbSJAfPribYF4AaABAg,True,@justthevoicebackup280,"​@kafiluzTheReal If they have the money why not? It's quicker than all but a hand full of cars, is more spacious, has nicer materials and looks better.",3,True
UgzbbQlsbSJAfPribYF4AaABAg.A2_lyHbL4fYA2appG0QpGT,comment,52O3cYsyZMo,UgzbbQlsbSJAfPribYF4AaABAg,True,@QuotesThruK,As well as the stalks...or lack thereof.,0,True
UgzbbQlsbSJAfPribYF4AaABAg.A2_lyHbL4fYA2bS81zsvGq,comment,52O3cYsyZMo,UgzbbQlsbSJAfPribYF4AaABAg,True,@flex2125,yea seems like a really skimpy review vid..,2,True
UgzbbQlsbSJAfPribYF4AaABAg.A2_lyHbL4fYA2cxk4_fQ63,comment,52O3cYsyZMo,UgzbbQlsbSJAfPribYF4AaABAg,True,@SmurfyBoi2227,"He don’t know a thing about cars, he’s just reviewing the tech and numbers the car has… bro got a Porsche and doesn’t know how to act, car ppl and tech ppl 2 very different things. Marques probably don’t even know what dampening is in a car",2,True
UgxetXVgJsqdjfCl5lh4AaABAg,comment,52O3cYsyZMo,,False,@MrH786,Could you create a video regarding the longevity of Tesla batteries?  I would like to get a Tesla but the battery life long term is suspect.  I'm seeing more drivers having to replace the battery every 20-30k miles.,2,True
UgxetXVgJsqdjfCl5lh4AaABAg.A2_lx0kXZQNA2_mRb-vfYw,comment,52O3cYsyZMo,UgxetXVgJsqdjfCl5lh4AaABAg,True,@PSR1791,"I have a 100k miles on my 2018 model 3. It’s been bulletproof. Other than brakes, rotors and upper control arms, I’ve had nothing but care free miles.",0,True
Ugz80wTd8Fx-4EPybS14AaABAg,comment,52O3cYsyZMo,,False,@rubenbest1,I had no idea that MKBHD's rival was geese.,0,True
Ugx2m7L-zAN-2NaQmYJ4AaABAg,comment,52O3cYsyZMo,,False,@loganmull1252,What camera are you using Marques?,4,True
Ugx2m7L-zAN-2NaQmYJ4AaABAg.A2_lupT_qKJA2_mDatkeIA,comment,52O3cYsyZMo,Ugx2m7L-zAN-2NaQmYJ4AaABAg,True,@janerosereviews,He's mentioned Iphone 15 pro.,2,True
Ugx2m7L-zAN-2NaQmYJ4AaABAg.A2_lupT_qKJA2_mpfAJGc6,comment,52O3cYsyZMo,Ugx2m7L-zAN-2NaQmYJ4AaABAg,True,@fleezen6969,it says in the description  iphone 15 pro,1,True
UgxOoUo0wAHbRi-gUC14AaABAg,comment,52O3cYsyZMo,,False,@logankalb3043,Can always count on Marques to have the first sneak peeks,12,True
UgyzzCRRw8MdhA4lZ014AaABAg,comment,52O3cYsyZMo,,False,@Layerzeroq,0-60 in 2.9? Damn that’s impressive!,145,True
UgyzzCRRw8MdhA4lZ014AaABAg.A2_lrj70a66A2_oloceh0L,comment,52O3cYsyZMo,UgyzzCRRw8MdhA4lZ014AaABAg,True,@Krispie_224,"And you only lose 40 miles of EPA estimated range compared to the long range AWD, so honestly that's crazy too",7,True
UgyzzCRRw8MdhA4lZ014AaABAg.A2_lrj70a66A2_pXDbOcdU,comment,52O3cYsyZMo,UgyzzCRRw8MdhA4lZ014AaABAg,True,@volcalstone,This is probably with a rollout but we'll see. I would say on the regular it should hit 3.1 seconds or so.,5,True
UgyzzCRRw8MdhA4lZ014AaABAg.A2_lrj70a66A2_rAYnuVz2,comment,52O3cYsyZMo,UgyzzCRRw8MdhA4lZ014AaABAg,True,@4literv6,"@Krispie_224 19s will be available later which should help recover 10-20 miles or so of range back.
And the lr has smaller wheels with thinner as tires so it would also suffer with these staggered 20s using 275s in the back.",3,True
UgyzzCRRw8MdhA4lZ014AaABAg.A2_lrj70a66A2_rIMi_SQk,comment,52O3cYsyZMo,UgyzzCRRw8MdhA4lZ014AaABAg,True,@4literv6,2.86s without rollout per a tesla poster on X who showed his dragy results 2.66s with rollout in 54* weather.,12,True
UgyzzCRRw8MdhA4lZ014AaABAg.A2_lrj70a66A2_rfZOOfNB,comment,52O3cYsyZMo,UgyzzCRRw8MdhA4lZ014AaABAg,True,@stickyoxtail,​@volcalstoneit's without rollout!,4,True
UgyzzCRRw8MdhA4lZ014AaABAg.A2_lrj70a66A2_xLBQuxS-,comment,52O3cYsyZMo,UgyzzCRRw8MdhA4lZ014AaABAg,True,@Buggabones,"@4literv6 Some of you believe everything. Literally on the Tesla website. 

†Acceleration
2.9 s 0-60 mph
with rollout subtracted",8,True
UgyzzCRRw8MdhA4lZ014AaABAg.A2_lrj70a66A2_yhEGlYCu,comment,52O3cYsyZMo,UgyzzCRRw8MdhA4lZ014AaABAg,True,@Bimmer_i4_M50,Well. Tesla always gives these optimistic numbers. Including rollout. It was the same for the old M3P. And then it was slower in drag races than my i4 😂,3,True
UgyzzCRRw8MdhA4lZ014AaABAg.A2_lrj70a66A2a4KCTlluv,comment,52O3cYsyZMo,UgyzzCRRw8MdhA4lZ014AaABAg,True,@TheNewMediaoftheDawn,"No one cares, except maybe racers Tesla trolls😂",0,True
UgyzzCRRw8MdhA4lZ014AaABAg.A2_lrj70a66A2a4iScj_Cq,comment,52O3cYsyZMo,UgyzzCRRw8MdhA4lZ014AaABAg,True,@eveyn,"And the Xiaomi SU7 for 30k does it in 2.78s lol, has a way higher build quality and better infotainment system😅",1,True
UgyzzCRRw8MdhA4lZ014AaABAg.A2_lrj70a66A2a5CPm7Kv-,comment,52O3cYsyZMo,UgyzzCRRw8MdhA4lZ014AaABAg,True,@larryc1616,​@volcalstone without roll out as tested by multiple auto journalists now. Some have gotten 2.8 even a 2.66,3,True
UgyzzCRRw8MdhA4lZ014AaABAg.A2_lrj70a66A2aDuoy6t-s,comment,52O3cYsyZMo,UgyzzCRRw8MdhA4lZ014AaABAg,True,@G82Watts,Friendly reminder that MKHBD is a complete tech nerd and he even traded his tesla plaid for a porsche 911. If u can afford better u get better. All u average joe tesla people can keep justifying and making up reasons as to why u got one though 😂,1,True
UgyzzCRRw8MdhA4lZ014AaABAg.A2_lrj70a66A2aHGpXuRqy,comment,52O3cYsyZMo,UgyzzCRRw8MdhA4lZ014AaABAg,True,@BadL_,"@eveyn is this a joke? there is zero chance it has a better infotainment system, and the quality of the materials used is dogshit. Even used aluminum wiring in the car to save money. Also many many people have crashed the car most likely due to it having less traction control systems then a tesla",3,True
UgyzzCRRw8MdhA4lZ014AaABAg.A2_lrj70a66A2aSij3aP4P,comment,52O3cYsyZMo,UgyzzCRRw8MdhA4lZ014AaABAg,True,@OdaviidS,"@TheNewMediaoftheDawn Everyone cares, except Minivan drivers.",0,True
UgyzzCRRw8MdhA4lZ014AaABAg.A2_lrj70a66A2b1fVqr0bX,comment,52O3cYsyZMo,UgyzzCRRw8MdhA4lZ014AaABAg,True,@eveyn,"@BadL_ have you even looked into it? 
You can literally seemlessly use any app from your phone on the screen. It isnt laggy as the Tesla OS is, nor as buggy. You get a horrendous amount of features, can even pair a tablet in the back to the system.
There is no infotainment system from any manufacturer achieving such a good usability.

Many crashed the car cause they have never driven such a fast car before. Many young people in China are buying it. The Tesla just isnt as fast nor has the Tesla good build quality. 

Been sitting in a Tesla Model 3, Model S, Polestar 2... Aaaand the Xiaomi SU7. The Su7 feels so much more premium than the Tesla by far",0,True
UgyzzCRRw8MdhA4lZ014AaABAg.A2_lrj70a66A2b9-XROhJT,comment,52O3cYsyZMo,UgyzzCRRw8MdhA4lZ014AaABAg,True,@ILFforever,"​@eveyn As much as I love Xiaomi as a brand, I would probably wait for a gen 2 product. Let them work out the kinks of the first one.",2,True
UgyzzCRRw8MdhA4lZ014AaABAg.A2_lrj70a66A2bSzlAA_v_,comment,52O3cYsyZMo,UgyzzCRRw8MdhA4lZ014AaABAg,True,@Just_a_random_birb,@Buggabones I went to Tesla website and nope it’s not with roll out subtracted. Lies…,0,True
UgyzzCRRw8MdhA4lZ014AaABAg.A2_lrj70a66A2bT4sVmrh6,comment,52O3cYsyZMo,UgyzzCRRw8MdhA4lZ014AaABAg,True,@Just_a_random_birb,@eveyn Yeah xiaomi su7 is a ticking time bomb,0,True
UgyzzCRRw8MdhA4lZ014AaABAg.A2_lrj70a66A2bTDg8gNCe,comment,52O3cYsyZMo,UgyzzCRRw8MdhA4lZ014AaABAg,True,@Just_a_random_birb,@volcalstone nope! Without roll out. Some car reviewers have gotten 2.8 seconds,2,True
UgyzzCRRw8MdhA4lZ014AaABAg.A2_lrj70a66A2c9gqOU4Ue,comment,52O3cYsyZMo,UgyzzCRRw8MdhA4lZ014AaABAg,True,@BadL_,@eveyn I dont know what ten year old tesla you’ve been in but that model 3 is not laggy at all. And I guarantee the computers in the tesla are more powerful than the SU7,1,True
UgyzzCRRw8MdhA4lZ014AaABAg.A2_lrj70a66A2oss86sa76,comment,52O3cYsyZMo,UgyzzCRRw8MdhA4lZ014AaABAg,True,@kevinconroy6606,@eveyn USA release date?,0,True
UgyzzCRRw8MdhA4lZ014AaABAg.A2_lrj70a66A4He__wiHdC,comment,52O3cYsyZMo,UgyzzCRRw8MdhA4lZ014AaABAg,True,@chrisfelouzis7195,"@eveyn Get one if you can and while you can if you trust it. All reviews are Chinese shills or not actually taking the car out. Also, completely unsustainable. China HEAVILY HEAVILY subsidizes its EV market to try to undercut and put other companies out of business.",1,True
Ugz7EoW-us13wOlfYYx4AaABAg,comment,52O3cYsyZMo,,False,@thanosianthemadtitanic,man this video was quick asf,21,True
Ugz7EoW-us13wOlfYYx4AaABAg.A2_lrRWZ8CdA2_sWkrEPgc,comment,52O3cYsyZMo,Ugz7EoW-us13wOlfYYx4AaABAg,True,@FlipBoxStudio,Press had early access. Over two weeks early and had an NDA restriction until official launch. These “early review” videos are over two weeks old,5,True
UgxRc8ds7Zmg6p9I_mx4AaABAg,comment,52O3cYsyZMo,,False,@DeAndreKimble,hahaa hair shiny,0,True
UgxCFN1NOWvxXc90Rrh4AaABAg,comment,52O3cYsyZMo,,False,@billkissick6268,"LOL Tesla is such garbage, and Elmo is a trash human. Anyone buying into his garbage deserves exactly what they get.",0,True
UgzttllMjGY4i0U-F4x4AaABAg,comment,52O3cYsyZMo,,False,@ThePantheonAI,"""Can You not"" 😂",74,True
UgzttllMjGY4i0U-F4x4AaABAg.A2_lnJykmT_A2_ovqVxta9,comment,52O3cYsyZMo,UgzttllMjGY4i0U-F4x4AaABAg,True,@socal20001,review old cars!,0,True
UgzttllMjGY4i0U-F4x4AaABAg.A2_lnJykmT_A2_tHXrS8cj,comment,52O3cYsyZMo,UgzttllMjGY4i0U-F4x4AaABAg,True,@FO0TMinecraftPVP,5:16,1,True
UgwDH_euf3F_2h2BT3Z4AaABAg,comment,52O3cYsyZMo,,False,@Zarugal,The Tesla earnings call must be REALLY bad for all the positive stuff they've released ahead of it,16,True
UgzX6huAK2DQyxQ3pmt4AaABAg,comment,52O3cYsyZMo,,False,@RoguePhotographer,Eyyy I just tweeted u to post it 😂😂😂,0,True
UgwK3F6WQC4PlWG8Pf94AaABAg,comment,52O3cYsyZMo,,False,@RichardFraser-y9t,"Silly. Silly. Silly.

I used a car to get to and from places and not as a race car. Nobody needs this.",0,True
UgwK3F6WQC4PlWG8Pf94AaABAg.A2_liMj_myiA2_md2WTSQr,comment,52O3cYsyZMo,UgwK3F6WQC4PlWG8Pf94AaABAg,True,@huskypup3489,"Must of what we buy isn't about ""need."" It's about want.",0,True
UgyR8TIihaFadv3s8WZ4AaABAg,comment,52O3cYsyZMo,,False,@Hayden_Agar,Could we get an explanation on the recalls from the cybertruck,25,True
UgyR8TIihaFadv3s8WZ4AaABAg.A2_lg2ZFOipA2_llZmSUhv,comment,52O3cYsyZMo,UgyR8TIihaFadv3s8WZ4AaABAg,True,@epcgmr21,he did on yt shorts,15,True
UgyR8TIihaFadv3s8WZ4AaABAg.A2_lg2ZFOipA2_m0YhjppQ,comment,52O3cYsyZMo,UgyR8TIihaFadv3s8WZ4AaABAg,True,@winterwatson6437,"a part on the pedal was a tight fit, so they installed it using some dish soap. the dish soap was great for getting the part on, but also bad for keeping it on. they will continue using soap to install the part, but will use a fastener to secure it instead of relying on friction",2,True
UgyR8TIihaFadv3s8WZ4AaABAg.A2_lg2ZFOipA2_md47iSza,comment,52O3cYsyZMo,UgyR8TIihaFadv3s8WZ4AaABAg,True,@Blade70,He made a video. 😂,1,True
UgyR8TIihaFadv3s8WZ4AaABAg.A2_lg2ZFOipA2_nU6E6NUh,comment,52O3cYsyZMo,UgyR8TIihaFadv3s8WZ4AaABAg,True,@mbarr987,It's fixed!  Last week's news.,2,True
UgyR8TIihaFadv3s8WZ4AaABAg.A2_lg2ZFOipA2_nULrYOAY,comment,52O3cYsyZMo,UgyR8TIihaFadv3s8WZ4AaABAg,True,@justlisten82,Who's asking?,0,True
UgyR8TIihaFadv3s8WZ4AaABAg.A2_lg2ZFOipA2_txVtjA0d,comment,52O3cYsyZMo,UgyR8TIihaFadv3s8WZ4AaABAg,True,@JohnSmith-pn2vl,why would anyone need any explanation of something so meaningless,2,True
Ugzn4QTTqN8PCs-aJQV4AaABAg,comment,52O3cYsyZMo,,False,@EdsonBarron,Under 60 grand was an understatement,3265,True
Ugzn4QTTqN8PCs-aJQV4AaABAg.A2_lfBGI3BMA2_mFPvl5H6,comment,52O3cYsyZMo,Ugzn4QTTqN8PCs-aJQV4AaABAg,True,@liam1902,"Crazy cause people were expecting $57,990 or even $54,990 if Tesla wanted it to qualify for federal tax credit. But then Tesla releases it at $52,990 so you can at least do customizations.",381,True
Ugzn4QTTqN8PCs-aJQV4AaABAg.A2_lfBGI3BMA2_mqgCqo3Y,comment,52O3cYsyZMo,Ugzn4QTTqN8PCs-aJQV4AaABAg,True,@scuph,"@3DPrinterAcademy Nope, $53k without a tax credit, $45.5k with the tax credit",438,True
Ugzn4QTTqN8PCs-aJQV4AaABAg.A2_lfBGI3BMA2_mreht4kt,comment,52O3cYsyZMo,Ugzn4QTTqN8PCs-aJQV4AaABAg,True,@Dontneedtoknowdoode,"@3DPrinterAcademy
No try again",49,True
Ugzn4QTTqN8PCs-aJQV4AaABAg.A2_lfBGI3BMA2_mzC01bjV,comment,52O3cYsyZMo,Ugzn4QTTqN8PCs-aJQV4AaABAg,True,@EdsonBarron,@3DPrinterAcademy nah man 49k after tax credit for an ultra red one,40,True
Ugzn4QTTqN8PCs-aJQV4AaABAg.A2_lfBGI3BMA2_n07TLzND,comment,52O3cYsyZMo,Ugzn4QTTqN8PCs-aJQV4AaABAg,True,@nicolaifranz4272,@3DPrinterAcademy hell no,7,True
Ugzn4QTTqN8PCs-aJQV4AaABAg.A2_lfBGI3BMA2_n2MB5ska,comment,52O3cYsyZMo,Ugzn4QTTqN8PCs-aJQV4AaABAg,True,@tkbuz,@3DPrinterAcademythat did not age well,36,True
Ugzn4QTTqN8PCs-aJQV4AaABAg.A2_lfBGI3BMA2_n6f0Oo4X,comment,52O3cYsyZMo,Ugzn4QTTqN8PCs-aJQV4AaABAg,True,@RxPharmer,@3DPrinterAcademy Bro google is free and you clearly typed this comment so you must know how to operate the internet well enough to go to the actual Tesla website and see for yourself.  Please don't embarrass yourself like this.,72,True
Ugzn4QTTqN8PCs-aJQV4AaABAg.A2_lfBGI3BMA2_nnjnGHjC,comment,52O3cYsyZMo,Ugzn4QTTqN8PCs-aJQV4AaABAg,True,@CyberSnek,Fr. I got so excited seeing the price. What a deal,12,True
Ugzn4QTTqN8PCs-aJQV4AaABAg.A2_lfBGI3BMA2_npFeAF4d,comment,52O3cYsyZMo,Ugzn4QTTqN8PCs-aJQV4AaABAg,True,@lancejones4636,"@3DPrinterAcademy You sound like a 🤡. Derp, derp.",1,True
Ugzn4QTTqN8PCs-aJQV4AaABAg.A2_lfBGI3BMA2_o1gS06xX,comment,52O3cYsyZMo,Ugzn4QTTqN8PCs-aJQV4AaABAg,True,@Fernication,@3DPrinterAcademyyikes you’re mad it’s only $40K after all those things you mentioned. Cringe clown😂🤡,0,True
Ugzn4QTTqN8PCs-aJQV4AaABAg.A2_lfBGI3BMA2_o5JtR3JD,comment,52O3cYsyZMo,Ugzn4QTTqN8PCs-aJQV4AaABAg,True,@3DPrinterAcademy,It’s a joke guys come on 😂,9,True
Ugzn4QTTqN8PCs-aJQV4AaABAg.A2_lfBGI3BMA2_oZucNFfS,comment,52O3cYsyZMo,Ugzn4QTTqN8PCs-aJQV4AaABAg,True,@RxPharmer,@3DPrinterAcademy It's just a prank bro,3,True
Ugzn4QTTqN8PCs-aJQV4AaABAg.A2_lfBGI3BMA2_omPg_oVa,comment,52O3cYsyZMo,Ugzn4QTTqN8PCs-aJQV4AaABAg,True,@tauzN,63.000 in Denmark 💀,4,True
Ugzn4QTTqN8PCs-aJQV4AaABAg.A2_lfBGI3BMA2_oxYKyTga,comment,52O3cYsyZMo,Ugzn4QTTqN8PCs-aJQV4AaABAg,True,@socal20001,Review old cars!,0,True
Ugzn4QTTqN8PCs-aJQV4AaABAg.A2_lfBGI3BMA2_pTYg1ng8,comment,52O3cYsyZMo,Ugzn4QTTqN8PCs-aJQV4AaABAg,True,@JKLsemASDF,@3DPrinterAcademynope try harder,0,True
Ugzn4QTTqN8PCs-aJQV4AaABAg.A2_lfBGI3BMA2_pkcpy7tF,comment,52O3cYsyZMo,Ugzn4QTTqN8PCs-aJQV4AaABAg,True,@CoreanKat,@3DPrinterAcademy45k after credit,3,True
Ugzn4QTTqN8PCs-aJQV4AaABAg.A2_lfBGI3BMA2_q9DsqX9d,comment,52O3cYsyZMo,Ugzn4QTTqN8PCs-aJQV4AaABAg,True,@WilliamWelsh,@3DPrinterAcademy did you even try to read it?,0,True
Ugzn4QTTqN8PCs-aJQV4AaABAg.A2_lfBGI3BMA2_qoWlyjvc,comment,52O3cYsyZMo,Ugzn4QTTqN8PCs-aJQV4AaABAg,True,@travis3810,"@liam1902 and $27,000 after 2 years. That Tesla depreciation is unrivaled 😂",9,True
Ugzn4QTTqN8PCs-aJQV4AaABAg.A2_lfBGI3BMA2_r-njXdQp,comment,52O3cYsyZMo,Ugzn4QTTqN8PCs-aJQV4AaABAg,True,@Kameronkonalives,"This is a great deal, especially considering tax credit. The performance is cheaper than the LR after the tax credit…",2,True
Ugzn4QTTqN8PCs-aJQV4AaABAg.A2_lfBGI3BMA2_r3IGqSle,comment,52O3cYsyZMo,Ugzn4QTTqN8PCs-aJQV4AaABAg,True,@float32,"@travis3810great for me, someone who never buys new. :D",2,True
Ugzn4QTTqN8PCs-aJQV4AaABAg.A2_lfBGI3BMA2_rR9Vbj4J,comment,52O3cYsyZMo,Ugzn4QTTqN8PCs-aJQV4AaABAg,True,@DNATrev1111,​@3DPrinterAcademyTesla hater spotted 🤡🤡🤡,1,True
Ugzn4QTTqN8PCs-aJQV4AaABAg.A2_lfBGI3BMA2_rZaDizDZ,comment,52O3cYsyZMo,Ugzn4QTTqN8PCs-aJQV4AaABAg,True,@Dontneedtoknowdoode,"@3DPrinterAcademy 
Sure",0,True
Ugzn4QTTqN8PCs-aJQV4AaABAg.A2_lfBGI3BMA2_tvMMcatD,comment,52O3cYsyZMo,Ugzn4QTTqN8PCs-aJQV4AaABAg,True,@JohnPMiller,"In Colorado, it's $40,500 after federal and state credits.  Not bad!",5,True
Ugzn4QTTqN8PCs-aJQV4AaABAg.A2_lfBGI3BMA2_wbx6CCpu,comment,52O3cYsyZMo,Ugzn4QTTqN8PCs-aJQV4AaABAg,True,@JustLevlup,Yeah but 6.3 interest rate is robbery,2,True
Ugzn4QTTqN8PCs-aJQV4AaABAg.A2_lfBGI3BMA2_wsYaedId,comment,52O3cYsyZMo,Ugzn4QTTqN8PCs-aJQV4AaABAg,True,@lilsabin,"$53,990 in Canada , and i get $12,000 off from government.",3,True
Ugzn4QTTqN8PCs-aJQV4AaABAg.A2_lfBGI3BMA2_xpqWgVXk,comment,52O3cYsyZMo,Ugzn4QTTqN8PCs-aJQV4AaABAg,True,@Gigachad854,@DNATrev1111 tesla shill spotted,0,True
Ugzn4QTTqN8PCs-aJQV4AaABAg.A2_lfBGI3BMA2_zDUl1nWd,comment,52O3cYsyZMo,Ugzn4QTTqN8PCs-aJQV4AaABAg,True,@Bbronson,"@3DPrinterAcademysub $50,000 car under 3 second 0-60 and people will still find a way to complain about teslas lmfao…",16,True
Ugzn4QTTqN8PCs-aJQV4AaABAg.A2_lfBGI3BMA2a-Z9R0Wj6,comment,52O3cYsyZMo,Ugzn4QTTqN8PCs-aJQV4AaABAg,True,@BarryGGould,"$59,119 after everything. nc tax title registration and destination fee. blue paint white interior and mobile charger",3,True
Ugzn4QTTqN8PCs-aJQV4AaABAg.A2_lfBGI3BMA2a-sBVlP_g,comment,52O3cYsyZMo,Ugzn4QTTqN8PCs-aJQV4AaABAg,True,@EdsonBarron,@BarryGGould good stuff. I wanted red with white but no way in hell are white seatd worth 9000 to me,2,True
Ugzn4QTTqN8PCs-aJQV4AaABAg.A2_lfBGI3BMA2a266E16wH,comment,52O3cYsyZMo,Ugzn4QTTqN8PCs-aJQV4AaABAg,True,@3DPrinterAcademy,@DNATrev1111 I like Teslas and have a Cyberbeast pre-ordered.,1,True
Ugzn4QTTqN8PCs-aJQV4AaABAg.A2_lfBGI3BMA2a4-ryJC2E,comment,52O3cYsyZMo,Ugzn4QTTqN8PCs-aJQV4AaABAg,True,@Vee3000,"Teslas are cheap cars, performance has been associated with money for the longest time and Teslas aren’t cheap per say the tech makes it fairly expensive but that’s pretty much it they don’t spend much on the actual things you see and touch so it’s a very cheap but expensive car and very ugly 😣",3,True
Ugzn4QTTqN8PCs-aJQV4AaABAg.A2_lfBGI3BMA2a5ukOERl8,comment,52O3cYsyZMo,Ugzn4QTTqN8PCs-aJQV4AaABAg,True,@sakenu16,All tesla models look the same for me.,0,True
Ugzn4QTTqN8PCs-aJQV4AaABAg.A2_lfBGI3BMA2aA8Qs3zEK,comment,52O3cYsyZMo,Ugzn4QTTqN8PCs-aJQV4AaABAg,True,@JoshCarterWeb,"$75,000 in the UK without customization 🙃
$87,000 fully specced",2,True
Ugzn4QTTqN8PCs-aJQV4AaABAg.A2_lfBGI3BMA2aAAO3jluS,comment,52O3cYsyZMo,Ugzn4QTTqN8PCs-aJQV4AaABAg,True,@raythomas7392,I don’t know why anyone would get this car,0,True
Ugzn4QTTqN8PCs-aJQV4AaABAg.A2_lfBGI3BMA2aG1RBtfdX,comment,52O3cYsyZMo,Ugzn4QTTqN8PCs-aJQV4AaABAg,True,@travis3810,"GET2222 All ev's depreciate like a rock, not just teslas",1,True
Ugzn4QTTqN8PCs-aJQV4AaABAg.A2_lfBGI3BMA2aIaYt9tzu,comment,52O3cYsyZMo,Ugzn4QTTqN8PCs-aJQV4AaABAg,True,@simonalli,@3DPrinterAcademy🤡,0,True
Ugzn4QTTqN8PCs-aJQV4AaABAg.A2_lfBGI3BMA2aYrd6YUru,comment,52O3cYsyZMo,Ugzn4QTTqN8PCs-aJQV4AaABAg,True,@milan2k11,Model 3 doesn't have a tax credit ​@scuph,1,True
Ugzn4QTTqN8PCs-aJQV4AaABAg.A2_lfBGI3BMA2anC63ukSP,comment,52O3cYsyZMo,Ugzn4QTTqN8PCs-aJQV4AaABAg,True,@scuph,@milan2k11 Model 3 Performance does,1,True
Ugzn4QTTqN8PCs-aJQV4AaABAg.A2_lfBGI3BMA2bpGQlk4SC,comment,52O3cYsyZMo,Ugzn4QTTqN8PCs-aJQV4AaABAg,True,@Bimmer_Bill,Improved but still looks cheap on the level of a Toyota not a premier luxury brand. It would be nice if you would actually test the 0-60 instead of just using the claimed 2.9 as clickbait.,1,True
Ugzn4QTTqN8PCs-aJQV4AaABAg.A2_lfBGI3BMA2c5l0oNocm,comment,52O3cYsyZMo,Ugzn4QTTqN8PCs-aJQV4AaABAg,True,@EndeavorsDnB,@socal20001no,0,True
Ugzn4QTTqN8PCs-aJQV4AaABAg.A2_lfBGI3BMA2cFPdE78uS,comment,52O3cYsyZMo,Ugzn4QTTqN8PCs-aJQV4AaABAg,True,@patrutherford9600,by the time I got out the door it was still 54k iirc after tax credit.  but you pay to play 😅,0,True
Ugzn4QTTqN8PCs-aJQV4AaABAg.A2_lfBGI3BMA2dCkFY8pXF,comment,52O3cYsyZMo,Ugzn4QTTqN8PCs-aJQV4AaABAg,True,@BaneSIlvermoon,@BarryGGould  Guessing you earn to much to qualify for the tax credit?,0,True
Ugzn4QTTqN8PCs-aJQV4AaABAg.A2_lfBGI3BMA2dDdlV97Fv,comment,52O3cYsyZMo,Ugzn4QTTqN8PCs-aJQV4AaABAg,True,@chriset21,@travis3810actually the Mercedes-Benz eqs takes the cake. They were 104k msrp and you can buy a 2022 for 44k lol,0,True
Ugzn4QTTqN8PCs-aJQV4AaABAg.A2_lfBGI3BMA2e0I4AzOr3,comment,52O3cYsyZMo,Ugzn4QTTqN8PCs-aJQV4AaABAg,True,@Mika-85,Mg4 xpower has similar acceleration and costs only 40k,0,True
Ugzn4QTTqN8PCs-aJQV4AaABAg.A2_lfBGI3BMA2e3-ZOy52X,comment,52O3cYsyZMo,Ugzn4QTTqN8PCs-aJQV4AaABAg,True,@BaneSIlvermoon,"@GET2222  exactly. I bought a LR Model 3 in 2018 at 1.8% APR. 
2024 M3P I got 6.99%.",1,True
Ugzn4QTTqN8PCs-aJQV4AaABAg.A2_lfBGI3BMA2eEv_MwUo8,comment,52O3cYsyZMo,Ugzn4QTTqN8PCs-aJQV4AaABAg,True,@MigV40,"@liam1902 in the UK the m3 performance starts from £59,990 which is just over $75k. Wow",0,True
Ugzn4QTTqN8PCs-aJQV4AaABAg.A2_lfBGI3BMA2eHrvgNOAs,comment,52O3cYsyZMo,Ugzn4QTTqN8PCs-aJQV4AaABAg,True,@carholic-sz3qv,lol.....,0,True
Ugzn4QTTqN8PCs-aJQV4AaABAg.A2_lfBGI3BMA2fc1kgl3WE,comment,52O3cYsyZMo,Ugzn4QTTqN8PCs-aJQV4AaABAg,True,@silent--killz3176,​@lilsabinyou definitely don't live in Ontario,1,True
Ugzn4QTTqN8PCs-aJQV4AaABAg.A2_lfBGI3BMA2fibi5LTip,comment,52O3cYsyZMo,Ugzn4QTTqN8PCs-aJQV4AaABAg,True,@lilsabin,@silent--killz3176  indeed 😁,0,True
Ugzn4QTTqN8PCs-aJQV4AaABAg.A2_lfBGI3BMA2gfCdhOcWb,comment,52O3cYsyZMo,Ugzn4QTTqN8PCs-aJQV4AaABAg,True,@turrafirma,@sakenu16that’s because they are designed for low drag.,0,True
Ugzn4QTTqN8PCs-aJQV4AaABAg.A2_lfBGI3BMA2gg0vCNDgV,comment,52O3cYsyZMo,Ugzn4QTTqN8PCs-aJQV4AaABAg,True,@skierpage,​@Vee3000 learn punctuation!,0,True
Ugzn4QTTqN8PCs-aJQV4AaABAg.A2_lfBGI3BMA2gzxKYrPMN,comment,52O3cYsyZMo,Ugzn4QTTqN8PCs-aJQV4AaABAg,True,@DoingthingswithDAN,​@liam190252k plus the 7500 instant credit... Still wondering why people but the civic type R over this,0,True
Ugzn4QTTqN8PCs-aJQV4AaABAg.A2_lfBGI3BMA2hF1XICGZF,comment,52O3cYsyZMo,Ugzn4QTTqN8PCs-aJQV4AaABAg,True,@MrQwerty3000,"$75k in UK sob. Another $2.5k for stealth grey, sob, sob",0,True
Ugzn4QTTqN8PCs-aJQV4AaABAg.A2_lfBGI3BMA2hFUl0XwBd,comment,52O3cYsyZMo,Ugzn4QTTqN8PCs-aJQV4AaABAg,True,@MrQwerty3000,"@Mika-85 A second slower to 60 isn't similar. It's 25% slower. Also, not sold on the MG looks",1,True
Ugzn4QTTqN8PCs-aJQV4AaABAg.A2_lfBGI3BMA2isYKf7UlV,comment,52O3cYsyZMo,Ugzn4QTTqN8PCs-aJQV4AaABAg,True,@armaiatm,"As if the ""regular"" dual motor T3 (4.4 sec) wasn't crazy fast. 4.4 is faster than almost all 1980's Ferraris.

Price to pay: rides lower, 15% lower range, tougher suspension.",0,True
Ugzn4QTTqN8PCs-aJQV4AaABAg.A2_lfBGI3BMA2l28iPHPXa,comment,52O3cYsyZMo,Ugzn4QTTqN8PCs-aJQV4AaABAg,True,@Working_Dawgs,Depreciation goes from 60k to 20k in 3.2secs,0,True
Ugzn4QTTqN8PCs-aJQV4AaABAg.A2_lfBGI3BMA2lymfpDs0A,comment,52O3cYsyZMo,Ugzn4QTTqN8PCs-aJQV4AaABAg,True,@BarryGGould,@BaneSIlvermoon  no but with the blue paint and white interior it doesnt qualify lol,0,True
Ugzn4QTTqN8PCs-aJQV4AaABAg.A2_lfBGI3BMA2oOaQNytf6,comment,52O3cYsyZMo,Ugzn4QTTqN8PCs-aJQV4AaABAg,True,@StalePhish,​@scuph Which is nuts because that ends up being less cost than the long range! Since the Performance qualifies for the tax credit but the other trims don't,0,True
Ugzn4QTTqN8PCs-aJQV4AaABAg.A2_lfBGI3BMA2sjSAeMwTy,comment,52O3cYsyZMo,Ugzn4QTTqN8PCs-aJQV4AaABAg,True,@bryanteng7072,Porn,0,True
Ugzn4QTTqN8PCs-aJQV4AaABAg.A2_lfBGI3BMA30jCCY6S6i,comment,52O3cYsyZMo,Ugzn4QTTqN8PCs-aJQV4AaABAg,True,@Vee3000,@GET2222 I like all cars just not electric ones and I drive a 2018 c63s amazing sound something yall don’t get,0,True
Ugzn4QTTqN8PCs-aJQV4AaABAg.A2_lfBGI3BMA32E9py4n3w,comment,52O3cYsyZMo,Ugzn4QTTqN8PCs-aJQV4AaABAg,True,@patrutherford9600,@Working_Dawgs lol thats not what you meant to say. that made no sense,0,True
Ugzn4QTTqN8PCs-aJQV4AaABAg.A2_lfBGI3BMA39iz43jY0L,comment,52O3cYsyZMo,Ugzn4QTTqN8PCs-aJQV4AaABAg,True,@Anytimeanywhere444,"@Bimmer_Billthe base model 3 is insanely fast, if u never drove one u wouldn’t get it is crazy the torque",0,True
Ugzn4QTTqN8PCs-aJQV4AaABAg.A2_lfBGI3BMA39je-mvco_,comment,52O3cYsyZMo,Ugzn4QTTqN8PCs-aJQV4AaABAg,True,@Bimmer_Bill,"@Anytimeanywhere444 here’s the thing, I have. Model S p75D. Teslas are str8 trash.",0,True
Ugzn4QTTqN8PCs-aJQV4AaABAg.A2_lfBGI3BMA3EGhVc5C4j,comment,52O3cYsyZMo,Ugzn4QTTqN8PCs-aJQV4AaABAg,True,@akirat11,None of model 3s qualifies for tax credits since they now source batteries from China.,0,True
Ugzn4QTTqN8PCs-aJQV4AaABAg.A2_lfBGI3BMA3LFYQ6lGAd,comment,52O3cYsyZMo,Ugzn4QTTqN8PCs-aJQV4AaABAg,True,@BMWWolf,@JustLevlupblame the government,0,True
Ugzn4QTTqN8PCs-aJQV4AaABAg.A2_lfBGI3BMA3MtFsdZknO,comment,52O3cYsyZMo,Ugzn4QTTqN8PCs-aJQV4AaABAg,True,@JustLevlup,@BMWWolf oh I blame them 100%,0,True
Ugzn4QTTqN8PCs-aJQV4AaABAg.A2_lfBGI3BMA3Zrdqp3oKf,comment,52O3cYsyZMo,Ugzn4QTTqN8PCs-aJQV4AaABAg,True,@FlyWithTyy,@liam1902not now though🥺,0,True
Ugzn4QTTqN8PCs-aJQV4AaABAg.A2_lfBGI3BMA3Zsf8KITCS,comment,52O3cYsyZMo,Ugzn4QTTqN8PCs-aJQV4AaABAg,True,@liam1902,"@FlyWithTyy Unfortunate 😢. However it was very obvious that was gonna happen cause same thing happened with Model 3 LR where Tesla did 2-3 price increases in just a few weeks. You needed to lock in lower MSRP by placing an order right away and only possibly losing $250 for the order fee if you cancelled.

I don't see Tesla changing the price for 3 Performance anytime soon so the best you could hope for is them rotating default free colors or eventually reducing price by $500 while making certain colors $500.",0,True
Ugzn4QTTqN8PCs-aJQV4AaABAg.A2_lfBGI3BMA4DS6VGpvE2,comment,52O3cYsyZMo,Ugzn4QTTqN8PCs-aJQV4AaABAg,True,@nafakaboy,@scuphand estimated fuel savings which 😂,0,True
Ugzn4QTTqN8PCs-aJQV4AaABAg.A2_lfBGI3BMA4DSJBYqTbI,comment,52O3cYsyZMo,Ugzn4QTTqN8PCs-aJQV4AaABAg,True,@nafakaboy,@CoreanKatand 5yr estimated fuel cost of $5k but that don’t mean nothing because gas is getting cheaper everyday and electricity is going up,0,True
Ugzn4QTTqN8PCs-aJQV4AaABAg.A2_lfBGI3BMA6Bs2QTfPf8,comment,52O3cYsyZMo,Ugzn4QTTqN8PCs-aJQV4AaABAg,True,@airgunningyup,"@JoshCarterWeb free healthcare is expensive, In the US one surgery can bankrupt you for life if the insurance decides they wont pay",0,True
Ugzn4QTTqN8PCs-aJQV4AaABAg.A2_lfBGI3BMA6Bs83k88Ud,comment,52O3cYsyZMo,Ugzn4QTTqN8PCs-aJQV4AaABAg,True,@airgunningyup,"@Bimmer_Bill toyota is not considered cheap or cheaply made, you need a better analogy",1,True
Ugzn4QTTqN8PCs-aJQV4AaABAg.A2_lfBGI3BMA6C2w9nO4WP,comment,52O3cYsyZMo,Ugzn4QTTqN8PCs-aJQV4AaABAg,True,@Bimmer_Bill,"@airgunningyup The primary meaning of “cheap” is inexpensive or low cost and yes, compared to luxury automakers such as BMW, Mercedes, Audi, Genesis, Porsche, Cadillac, and Toyotas own LUXURY BRAND; Lexus, yes they are. Now the question is why and that is because the fit, finish, material cost and quality is higher in the latter brands. So yes a Toyota Camry is cheaper than its sister car a Lexus es300 due to these reasons. Just because the Camry is as fast (uses the same engine) does not mean the Lexus isn’t worth it. 

That’s my point, anyone who says an M3 isn’t worth it because it accelerates the same as the model 3p (and it does) is shortsighted.",0,True
Ugzsv1YYJsP-Fwnk0UF4AaABAg,comment,52O3cYsyZMo,,False,@JremiahJones,"""so I've been driving this for about a year""",6,True
UgzbGWDUcbnJz8tQcXh4AaABAg,comment,52O3cYsyZMo,,False,@davebohm464,i love the new tesla! nice range,2,True
UgwQcEsRh9VwFdwHFIx4AaABAg,comment,52O3cYsyZMo,,False,@Achillias,I will get this one over 4 years. Now i enjoy my Jaguar I-Pace just too much.,1,True
UgyM02mXuRtmNN69jPl4AaABAg,comment,52O3cYsyZMo,,False,@ZachLDB,Need to see some BYD and NIO reviews please! They push more market worldwide than Tesla last quarter.,0,True
UgwQQV9qtBpyNJ5ENTJ4AaABAg,comment,52O3cYsyZMo,,False,@edrsa,"The mailing from tesla says it's only 460 HP, how comes? Also .. not a single shot from the right side of the car lol, are the rims exactly the same on the left, or are they mirrored?",1,True
UgwQQV9qtBpyNJ5ENTJ4AaABAg.A2_lShJ-J97A2_oxMlm0HE,comment,52O3cYsyZMo,UgwQQV9qtBpyNJ5ENTJ4AaABAg,True,@_intrepid,"It seems Shanghai factory car is 460hp, Fremont is 510 hp. Don't know why.",2,True
UgzzweHAcop_RNEcUdp4AaABAg,comment,52O3cYsyZMo,,False,@KNTAIAA,Ka-chow ⚡️🏎️,2,True
Ugw9sT4xTOaezcnQkEt4AaABAg,comment,52O3cYsyZMo,,False,@uli003-x6x,My mom likes to beat me,0,True
Ugwd7BExzi9c7BgcuAZ4AaABAg,comment,52O3cYsyZMo,,False,@mtnman1984,"Take this car, make it a hatchback, have Honda do the interior over, and it would be mint.",0,True
UgysHDVp1ZKllMdinWR4AaABAg,comment,52O3cYsyZMo,,False,@SuperSuchties,Perfectly timed :D,5,True
UgyISr9QzhAaQKHE1Gh4AaABAg,comment,52O3cYsyZMo,,False,@haamedalshkeili5169,Bro,0,True
UgzskbTHHCb3fVMPebt4AaABAg,comment,52O3cYsyZMo,,False,@4WDisLife,tax incentive qualified?,3,True
UgzskbTHHCb3fVMPebt4AaABAg.A2_lOY6efEaA2_mmUtJiXT,comment,52O3cYsyZMo,UgzskbTHHCb3fVMPebt4AaABAg,True,@TamLe-ij1db,Yes,0,True
UgzskbTHHCb3fVMPebt4AaABAg.A2_lOY6efEaA2_n4oYgt_Z,comment,52O3cYsyZMo,UgzskbTHHCb3fVMPebt4AaABAg,True,@4WDisLife,"@TamLe-ij1db so after 7500 being deducted, it'd be cheaper than a model 3 LR?",3,True
UgzskbTHHCb3fVMPebt4AaABAg.A2_lOY6efEaA2_pis8XDs9,comment,52O3cYsyZMo,UgzskbTHHCb3fVMPebt4AaABAg,True,@deej628,@4WDisLifebingo,1,True
Ugx5u73QniSRplGBlOh4AaABAg,comment,52O3cYsyZMo,,False,@charlesm3622,"Woah, I am view #1000. 

Good times.",0,True
UgzOjIya7b3HSJbaQYx4AaABAg,comment,52O3cYsyZMo,,False,@KenMac-ui2vb,"Wow, that's exactly the same speed that car loses it's resale value.  I'll take two!    smh.",0,True
UgzOjIya7b3HSJbaQYx4AaABAg.A2_lL5czZXtA2_uuEz14MO,comment,52O3cYsyZMo,UgzOjIya7b3HSJbaQYx4AaABAg,True,@JohnSmith-pn2vl,"actually ev's hold their value better than any other car ever in 100 years of car history, don't believe the legacy media fud nonsense bro.
everyone can look it up for themselves",0,True
UgzOjIya7b3HSJbaQYx4AaABAg.A2_lL5czZXtA2aVcWpKqtO,comment,52O3cYsyZMo,UgzOjIya7b3HSJbaQYx4AaABAg,True,@KenMac-ui2vb,@JohnSmith-pn2vl Sure.,0,True
Ugylzv6uzoorUHEKDRd4AaABAg,comment,52O3cYsyZMo,,False,@MaxSpeedMike,0-60 is great here but there is more to driving than fast 0-60 times. The refreshed front end definitely looks better/more aggresive.,2,True
Ugylzv6uzoorUHEKDRd4AaABAg.A2_lL2Q9C0kA2_mpdvC3Pp,comment,52O3cYsyZMo,Ugylzv6uzoorUHEKDRd4AaABAg,True,@huskypup3489,"It only weighs 4000 lb., which is about the same as a BMW M3.",0,True
Ugylzv6uzoorUHEKDRd4AaABAg.A2_lL2Q9C0kA2_nEZS5GDd,comment,52O3cYsyZMo,Ugylzv6uzoorUHEKDRd4AaABAg,True,@RxPharmer,He has a bit about the updated track mode in this video. You can change a lot of the handling settings and make it completely rear wheel drive if you would like.,0,True
Ugylzv6uzoorUHEKDRd4AaABAg.A2_lL2Q9C0kA2_nMmW3ucv,comment,52O3cYsyZMo,Ugylzv6uzoorUHEKDRd4AaABAg,True,@kriss.8535,There goes my tires!  😢😂,0,True
Ugylzv6uzoorUHEKDRd4AaABAg.A2_lL2Q9C0kA2aBkCDH7Jo,comment,52O3cYsyZMo,Ugylzv6uzoorUHEKDRd4AaABAg,True,@G82Watts,Lol u think that looks aggresive? Looks like a Chinese fish that slowly turns into a blob,0,True
UgwrtK_vvmYCvymTpHh4AaABAg,comment,52O3cYsyZMo,,False,@MurseTech64,Why all the Model 3 Performance videos all at once on notifications?,1,True
UgwrtK_vvmYCvymTpHh4AaABAg.A2_lH-s8P_xA2_lhRa3yyf,comment,52O3cYsyZMo,UgwrtK_vvmYCvymTpHh4AaABAg,True,@whyyouneedtoknow,Probably a media blockade until announced.,1,True
UgwrtK_vvmYCvymTpHh4AaABAg.A2_lH-s8P_xA2_m1PSfwS3,comment,52O3cYsyZMo,UgwrtK_vvmYCvymTpHh4AaABAg,True,@liam1902,They get access to view or use the car early and sign contracts/NDAs to not make a review or anything until it releases publicly. That's why everything comes out all at once from everyone. They (including MKBHD) also attended an event in the last 1-2 weeks for this car.,1,True
UgwrtK_vvmYCvymTpHh4AaABAg.A2_lH-s8P_xA2_m1nIa1Hp,comment,52O3cYsyZMo,UgwrtK_vvmYCvymTpHh4AaABAg,True,@davidt01,Because Tesla just announced it I think,0,True
Ugz6ZR-gT8nhH2TMp3Z4AaABAg,comment,52O3cYsyZMo,,False,@Crawfish411-Vlog,Build Quality sucks!!!!,0,True
Ugz6ZR-gT8nhH2TMp3Z4AaABAg.A2_lGnf5IzxA2_pGl14KS7,comment,52O3cYsyZMo,Ugz6ZR-gT8nhH2TMp3Z4AaABAg,True,@chrism869,not anymore,0,True
Ugz2NTiQnSlowUGiUdN4AaABAg,comment,52O3cYsyZMo,,False,@adam69_,"That iPhone had a really bad day. Compared to other videos, the quality of this one is… not great.",2,True
UgxslAgLM_bZ5GNqxWN4AaABAg,comment,52O3cYsyZMo,,False,@iamjuan6762,Why isn’t anyone reviewing the recalls on the cyber truck?,74,True
UgxslAgLM_bZ5GNqxWN4AaABAg.A2_lFiOccVGA2_lX4wK2gC,comment,52O3cYsyZMo,UgxslAgLM_bZ5GNqxWN4AaABAg,True,@ENDESGA,He made a Short about it on the MKBHD channel iirc,40,True
UgxslAgLM_bZ5GNqxWN4AaABAg.A2_lFiOccVGA2_lXfISzhu,comment,52O3cYsyZMo,UgxslAgLM_bZ5GNqxWN4AaABAg,True,@Genevisid,He made a short about it,13,True
UgxslAgLM_bZ5GNqxWN4AaABAg.A2_lFiOccVGA2_lYhO-3n-,comment,52O3cYsyZMo,UgxslAgLM_bZ5GNqxWN4AaABAg,True,@Zeyek1,"because every other car brand has recalls just because its ""tesla"" doesn't mean ""perfect""",45,True
UgxslAgLM_bZ5GNqxWN4AaABAg.A2_lFiOccVGA2_lZFLnTPp,comment,52O3cYsyZMo,UgxslAgLM_bZ5GNqxWN4AaABAg,True,@dnairish,Plenty of people have covered it and it’s an easy fix that takes like 5 minutes,18,True
UgxslAgLM_bZ5GNqxWN4AaABAg.A2_lFiOccVGA2_lhYDViCR,comment,52O3cYsyZMo,UgxslAgLM_bZ5GNqxWN4AaABAg,True,@paddle_shift,What recalls? The brake pedal? 5 minute fix at the Tesla shop.,12,True
UgxslAgLM_bZ5GNqxWN4AaABAg.A2_lFiOccVGA2_lllhbtHK,comment,52O3cYsyZMo,UgxslAgLM_bZ5GNqxWN4AaABAg,True,@Mariobrownio1989,"You mean the over the air software update? That ""recall""?",3,True
UgxslAgLM_bZ5GNqxWN4AaABAg.A2_lFiOccVGA2_lmJtAWy2,comment,52O3cYsyZMo,UgxslAgLM_bZ5GNqxWN4AaABAg,True,@frozenflame900,It’s overblown and already covered by a lot of people (including MKBHD),2,True
UgxslAgLM_bZ5GNqxWN4AaABAg.A2_lFiOccVGA2_lwW5_XYw,comment,52O3cYsyZMo,UgxslAgLM_bZ5GNqxWN4AaABAg,True,@nathanfife2890,It's like 30% of my news feed lol,2,True
UgxslAgLM_bZ5GNqxWN4AaABAg.A2_lFiOccVGA2_m5z9ne3N,comment,52O3cYsyZMo,UgxslAgLM_bZ5GNqxWN4AaABAg,True,@thomasivdb,Why isn’t anyone reviewing the countless recalls on literally every other car?,6,True
UgxslAgLM_bZ5GNqxWN4AaABAg.A2_lFiOccVGA2_m6AGM-Hy,comment,52O3cYsyZMo,UgxslAgLM_bZ5GNqxWN4AaABAg,True,@The-Rest-of-Us,Are you kidding? The world has been talking about nothing but the recalls of a measly 3.6k Cybertrucks. How much more do you want to see on this? It’s been such a small recall that it doesn’t even list on most 2024 recall trackers. (E.g. Toyota has recalled half a million cars in March…),11,True
UgxslAgLM_bZ5GNqxWN4AaABAg.A2_lFiOccVGA2_mKby-yQF,comment,52O3cYsyZMo,UgxslAgLM_bZ5GNqxWN4AaABAg,True,@poke-s2k,"So Mercedes AMG SUV, Ford Bronco and Toyota Prius did a recall for hundreds of thousands of cars in the same week, what did you want to reciew again?",2,True
UgxslAgLM_bZ5GNqxWN4AaABAg.A2_lFiOccVGA2_mOwTI09-,comment,52O3cYsyZMo,UgxslAgLM_bZ5GNqxWN4AaABAg,True,@raphymartinez,"??? When has anyone reviewed recalls? Oh wait, are you one of those anti Tesla people? That’s pretty special",1,True
UgxslAgLM_bZ5GNqxWN4AaABAg.A2_lFiOccVGA2_mgs1AswX,comment,52O3cYsyZMo,UgxslAgLM_bZ5GNqxWN4AaABAg,True,@EdStan35,"Not worth the risk, you could lose a lot from bad mouthing Elon",0,True
UgxslAgLM_bZ5GNqxWN4AaABAg.A2_lFiOccVGA2_miFTjftP,comment,52O3cYsyZMo,UgxslAgLM_bZ5GNqxWN4AaABAg,True,@nguyenhanh9479,Ford recalled 500k unit in the same day,2,True
UgxslAgLM_bZ5GNqxWN4AaABAg.A2_lFiOccVGA2_mpQyQgoe,comment,52O3cYsyZMo,UgxslAgLM_bZ5GNqxWN4AaABAg,True,@pureradio5655,Probably Cus there’s only 3000 so no one cares,0,True
UgxslAgLM_bZ5GNqxWN4AaABAg.A2_lFiOccVGA2_myjKzv9F,comment,52O3cYsyZMo,UgxslAgLM_bZ5GNqxWN4AaABAg,True,@jackchen5264,"He did on his shorts, cause of the accelerator pedal adhesive is wrong, so accelerator pedal might become lose, slip forward and stuck at full acceleration, good call they found it earlier and willing to address it asap, unlike Lexus…",1,True
UgxslAgLM_bZ5GNqxWN4AaABAg.A2_lFiOccVGA2_nB3CqdxN,comment,52O3cYsyZMo,UgxslAgLM_bZ5GNqxWN4AaABAg,True,@StarryNight007,​@thomasivdb umm you don't know how to use literally.  Just don't use it.,0,True
UgxslAgLM_bZ5GNqxWN4AaABAg.A2_lFiOccVGA2_nDEXjNIG,comment,52O3cYsyZMo,UgxslAgLM_bZ5GNqxWN4AaABAg,True,@username65585,"@Mariobrownio1989No, the issue with the pedal that causes runaway acceleration.",0,True
UgxslAgLM_bZ5GNqxWN4AaABAg.A2_lFiOccVGA2_nFN6jeA4,comment,52O3cYsyZMo,UgxslAgLM_bZ5GNqxWN4AaABAg,True,@matthewc5969,Becuase it’s a simple fix. Yes dangerous but easily fixable and only for the ones released and that’s around 4 thousand.,1,True
UgxslAgLM_bZ5GNqxWN4AaABAg.A2_lFiOccVGA2_nHhpDeCA,comment,52O3cYsyZMo,UgxslAgLM_bZ5GNqxWN4AaABAg,True,@username65585,@The-Rest-of-Us By measly 3.6k cybertrucks do you mean every single cybertruck that has been sold?,0,True
UgxslAgLM_bZ5GNqxWN4AaABAg.A2_lFiOccVGA2_nOjmHAeI,comment,52O3cYsyZMo,UgxslAgLM_bZ5GNqxWN4AaABAg,True,@techguy7809,Cause it was a tiny thing blown out of proportion???,0,True
UgxslAgLM_bZ5GNqxWN4AaABAg.A2_lFiOccVGA2_nRcYztv9,comment,52O3cYsyZMo,UgxslAgLM_bZ5GNqxWN4AaABAg,True,@justlisten82,There are many. Go watch those.,0,True
UgxslAgLM_bZ5GNqxWN4AaABAg.A2_lFiOccVGA2_nZojaTwq,comment,52O3cYsyZMo,UgxslAgLM_bZ5GNqxWN4AaABAg,True,@fredbloggs5902,Because it’s just a rivet 🙄,0,True
UgxslAgLM_bZ5GNqxWN4AaABAg.A2_lFiOccVGA2_ncSHSDBB,comment,52O3cYsyZMo,UgxslAgLM_bZ5GNqxWN4AaABAg,True,@BURZT_YT,Someone doesn't watch yt shorts I see,0,True
UgxslAgLM_bZ5GNqxWN4AaABAg.A2_lFiOccVGA2_niklFG3r,comment,52O3cYsyZMo,UgxslAgLM_bZ5GNqxWN4AaABAg,True,@minutegaming6778,"Ford recalls over 450,000 vehicles due to loss of drive power, why isn’t anyone reviewing that? Recalls are common, what’s your point?",0,True
UgxslAgLM_bZ5GNqxWN4AaABAg.A2_lFiOccVGA2_o1Edtv2n,comment,52O3cYsyZMo,UgxslAgLM_bZ5GNqxWN4AaABAg,True,@BURZT_YT,@minutegaming6778 12y/o be like: because this is tesla,0,True
UgxslAgLM_bZ5GNqxWN4AaABAg.A2_lFiOccVGA2_oFZYTHjM,comment,52O3cYsyZMo,UgxslAgLM_bZ5GNqxWN4AaABAg,True,@The-Rest-of-Us,"@username65585 If you knew anything about the auto industry, aside clickbait Tesla headlines, you would realize how hilariously ignorant your comment sounds. I had a new BMW a few years ago, first batch off the production line. I kid you not, my exhaust pipe fell off. They noticed the issue ~200k units in, had to recall all of them (not point of care service).",1,True
UgxslAgLM_bZ5GNqxWN4AaABAg.A2_lFiOccVGA2_oX5P7p1H,comment,52O3cYsyZMo,UgxslAgLM_bZ5GNqxWN4AaABAg,True,@cysong88161,because he already did? do you want him to talk about 450k Ford F150 recall too?,1,True
UgxslAgLM_bZ5GNqxWN4AaABAg.A2_lFiOccVGA2bBRkDDrrx,comment,52O3cYsyZMo,UgxslAgLM_bZ5GNqxWN4AaABAg,True,@Nickbaldeagle02,No one cares.,0,True
UgwwMs-sRsiwGb-ROzR4AaABAg,comment,52O3cYsyZMo,,False,@JohnMiller08,Oh man... I ALMOST ordered the base model last week 😂,566,True
UgwwMs-sRsiwGb-ROzR4AaABAg.A2_lDiQJL8YA2_pttBiDGr,comment,52O3cYsyZMo,UgwwMs-sRsiwGb-ROzR4AaABAg,True,@bjojosimpson,"Come on John, you are a Lambo type of guy.",54,True
UgwwMs-sRsiwGb-ROzR4AaABAg.A2_lDiQJL8YA2_tGNrlZOI,comment,52O3cYsyZMo,UgwwMs-sRsiwGb-ROzR4AaABAg,True,@andreasl4507,@bjojosimpson😂,6,True
UgwwMs-sRsiwGb-ROzR4AaABAg.A2_lDiQJL8YA2_tPUqMG6D,comment,52O3cYsyZMo,UgwwMs-sRsiwGb-ROzR4AaABAg,True,@JohnMiller08,@bjojosimpson 😂😂,9,True
UgwwMs-sRsiwGb-ROzR4AaABAg.A2_lDiQJL8YA2_uMsv8_5N,comment,52O3cYsyZMo,UgwwMs-sRsiwGb-ROzR4AaABAg,True,@TERM-n6k,Save yourself lease a base for $299 a month that’s the smartest option. Especially cause I lost 20k on my model 3 performance in 1 year.,29,True
UgwwMs-sRsiwGb-ROzR4AaABAg.A2_lDiQJL8YA2_vH8UaLCI,comment,52O3cYsyZMo,UgwwMs-sRsiwGb-ROzR4AaABAg,True,@河粉-k1h,if you qualify for the 7500,1,True
UgwwMs-sRsiwGb-ROzR4AaABAg.A2_lDiQJL8YA2_vu-7e2Kv,comment,52O3cYsyZMo,UgwwMs-sRsiwGb-ROzR4AaABAg,True,@TERM-n6k,@河粉-k1h the $7500 goes into the lease payment.,0,True
UgwwMs-sRsiwGb-ROzR4AaABAg.A2_lDiQJL8YA2_yD2Nr6rA,comment,52O3cYsyZMo,UgwwMs-sRsiwGb-ROzR4AaABAg,True,@yetiman3280,"@TERM-n6k my friend bought a tesla model y perofrmance a couple years ago, they still owe 40,000 on the car but the car itself is worth less than that so they cant even sell it",0,True
UgwwMs-sRsiwGb-ROzR4AaABAg.A2_lDiQJL8YA2a0_VA0vDe,comment,52O3cYsyZMo,UgwwMs-sRsiwGb-ROzR4AaABAg,True,@waynelewis9110,"@TERM-n6kYou “lost” that much due to buying at peak prices. I spoke with someone who financed a Honda Pilot for $68k in 2022. A *Honda* Pilot, not an Acura MDX. Needless to say, he is massively underwater on his car loan.

Teslas experienced abnormal depreciation rates due to a double whammy: Tesla repeatedly raised prices throughout 2021 and into 2022, meaning they had to reduce prices throughout 2023. Then, federal tax credit was reintroduced to 3/Y. IMO, Model 3 had no business starting at $47k *before* taxes and fees. The depreciation that we recently saw won’t be seen again for a long time. 

It sucks that cars from various brands experienced massive depreciation over the past 2 years or so, causing many people to be underwater on their loans. But that should teach people not to bite off more than they can chew. At the end of the day, cars are depreciating assets, not investments. Either buy with cash, or put down at least 35% before getting into a loan. A car losing its value ideally should not significantly impact your net worth.",0,True
UgwwMs-sRsiwGb-ROzR4AaABAg.A2_lDiQJL8YA2aCbrlrJLu,comment,52O3cYsyZMo,UgwwMs-sRsiwGb-ROzR4AaABAg,True,@r3x_delta30,I own the base model refresh and trust me you would not be disappointed with it,16,True
UgwwMs-sRsiwGb-ROzR4AaABAg.A2_lDiQJL8YA2aFoga3mOk,comment,52O3cYsyZMo,UgwwMs-sRsiwGb-ROzR4AaABAg,True,@Gepstra,Oh man 🙈🤣💩,0,True
UgwwMs-sRsiwGb-ROzR4AaABAg.A2_lDiQJL8YA2a_rZMbwKh,comment,52O3cYsyZMo,UgwwMs-sRsiwGb-ROzR4AaABAg,True,@pvic6959,I *DID* order the base model.. last month. and i got delivery a couple weeks ago. I have been out so i couldnt really drive it until the last couple days and its been nice,8,True
UgwwMs-sRsiwGb-ROzR4AaABAg.A2_lDiQJL8YA2bCnpB2djD,comment,52O3cYsyZMo,UgwwMs-sRsiwGb-ROzR4AaABAg,True,@cvg9142,This vehicle and the originally. 3 are two different vehicle. This one s the shit😂❤,0,True
UgwwMs-sRsiwGb-ROzR4AaABAg.A2_lDiQJL8YA2cGCccMk9D,comment,52O3cYsyZMo,UgwwMs-sRsiwGb-ROzR4AaABAg,True,@aktm1407,​@pvic6959personally would also get the base model 3. It's plenty,0,True
UgwwMs-sRsiwGb-ROzR4AaABAg.A2_lDiQJL8YA9ko3T3Ybfq,comment,52O3cYsyZMo,UgwwMs-sRsiwGb-ROzR4AaABAg,True,@doanphuong1325,@r3x_delta30how much,0,True
UgwwMs-sRsiwGb-ROzR4AaABAg.A2_lDiQJL8YA9koXDzmh_c,comment,52O3cYsyZMo,UgwwMs-sRsiwGb-ROzR4AaABAg,True,@r3x_delta30,"@doanphuong1325 the car was around $41,000 if that’s what you were asking. I got the solid black color",0,True
UgxTKNewlhEoYjsfGTZ4AaABAg,comment,52O3cYsyZMo,,False,@StephenLuea,Howdy folks!,0,True
UgyQ_n5Gax6jE2e_xpt4AaABAg,comment,52O3cYsyZMo,,False,@vinhngo1894,What isn’t covered on many media outlets is the changes to the suspension design and kinematics.,0,True
UgyQ_n5Gax6jE2e_xpt4AaABAg.A2_lBeauiCJA2_uEWkP3j6,comment,52O3cYsyZMo,UgyQ_n5Gax6jE2e_xpt4AaABAg,True,@JohnSmith-pn2vl,"this! 
the most exciting part",0,True
Ugx8q15SlUcnq-pWBzl4AaABAg,comment,52O3cYsyZMo,,False,@Rivver_,2.9 is too fast lol,0,True
Ugx8q15SlUcnq-pWBzl4AaABAg.A2_lB81Uz4bA2_mnrDnz9U,comment,52O3cYsyZMo,Ugx8q15SlUcnq-pWBzl4AaABAg,True,@mbarr987,Too fast?!! We need faster,0,True
Ugx8q15SlUcnq-pWBzl4AaABAg.A2_lB81Uz4bA2_uPJoDmPg,comment,52O3cYsyZMo,Ugx8q15SlUcnq-pWBzl4AaABAg,True,@JohnSmith-pn2vl,@mbarr987 this year under 1 sec roadster reveal :),0,True
UgxobXjye9cxRi38vEZ4AaABAg,comment,52O3cYsyZMo,,False,@TheNotionCoach,Speed is getting ridiculous.,0,True
UgxobXjye9cxRi38vEZ4AaABAg.A2_l9gPPxwkA2_tv4rQP8z,comment,52O3cYsyZMo,UgxobXjye9cxRi38vEZ4AaABAg,True,@JohnSmith-pn2vl,"no, it's the same.
Tesla has still to release their first sports car which they will show this year the roadster and it will be under 1 sec 0-60",0,True
Ugx5ob4O9E5r31hJlD54AaABAg,comment,52O3cYsyZMo,,False,@Hamza-x6i4w,early,0,True
UgwzvC9qc4CXWUQVmhR4AaABAg,comment,52O3cYsyZMo,,False,@codedfotography,From twitter 👍🏾,0,True
UgwUaT5tasGFnmG8Iy14AaABAg,comment,52O3cYsyZMo,,False,@MrLoGTrickshotz,Wooo! Just ordered it,4,True
UgwcSxQnoJjGIqr_JeZ4AaABAg,comment,52O3cYsyZMo,,False,@pavatee,I’ve never been this early in my life. It was literally posted a minute ago,0,True
UgwlvBU3cRcVt6A9dQB4AaABAg,comment,52O3cYsyZMo,,False,@mr_kurdo,E Autos sind langweilig,2,True
Ugy5Oq6I6sJW4dEWEth4AaABAg,comment,52O3cYsyZMo,,False,@privskorp.9865,Damnn that looking fine,59,True
UgxSVcD5cuEyYUdx51x4AaABAg,comment,52O3cYsyZMo,,False,@veeeeeeeeeeen,hi,1,True
Ugz1bt9wBagEhmZql_B4AaABAg,comment,52O3cYsyZMo,,False,@acgamer2373,Can someone get me this car😫,0,True
UgwhkxV6NB9C1SbMoE54AaABAg,comment,52O3cYsyZMo,,False,@firstnamelastname2971,bros had this car for months,1,True
Ugxk0BmCDl3JBjuGkOR4AaABAg,comment,52O3cYsyZMo,,False,@huzaifahkhan8824,No way!!,0,True
UgyWLt4QsoA17ecEc5l4AaABAg,comment,52O3cYsyZMo,,False,@CyberSnek,Tesla continues to get better & better. What a beautifully fun robot,113,True
UgyWLt4QsoA17ecEc5l4AaABAg.A2_l4g2uzlmA2_lpO9C6QI,comment,52O3cYsyZMo,UgyWLt4QsoA17ecEc5l4AaABAg,True,@boonmbach,Id assume the 4000 Cybertruck Owners having their car recalled would kinda disagree.,13,True
UgyWLt4QsoA17ecEc5l4AaABAg.A2_l4g2uzlmA2_nIOohWt-,comment,52O3cYsyZMo,UgyWLt4QsoA17ecEc5l4AaABAg,True,@Npc10010,Ok.,0,True
UgyWLt4QsoA17ecEc5l4AaABAg.A2_l4g2uzlmA2_oJdlPq4-,comment,52O3cYsyZMo,UgyWLt4QsoA17ecEc5l4AaABAg,True,@JohnnyZenith,What nonsense.,2,True
UgyWLt4QsoA17ecEc5l4AaABAg.A2_l4g2uzlmA2_pGOLE6HM,comment,52O3cYsyZMo,UgyWLt4QsoA17ecEc5l4AaABAg,True,@Nuke-MarsX,"@boonmbach every car brand has atleast 1 bad vehicle, why can tesla not have one?",14,True
UgyWLt4QsoA17ecEc5l4AaABAg.A2_l4g2uzlmA2_qFv-lQbn,comment,52O3cYsyZMo,UgyWLt4QsoA17ecEc5l4AaABAg,True,@boonmbach,"@Nuke-MarsX they can of cause. But recently I get feeling something’s going wrong with Tesla. I have a Model 3 LR from 22 myself and I actually like it, but the things that I don’t like become more frequent with time, often through updates. We also got a mid 2024 Model X Plaid in the family and it has even more problems than my M3. Now the things you hear about the Cybertruck. Idk, maybe it’s just my subjective experience but I’m most likely not getting a Tesla as my new car soon. Not to mention their - to put it mildly - weird price politic.",1,True
UgyWLt4QsoA17ecEc5l4AaABAg.A2_l4g2uzlmA2_rgog4mhS,comment,52O3cYsyZMo,UgyWLt4QsoA17ecEc5l4AaABAg,True,@erch4882,Plz use the proper time term:  vehicle or car.   lol 😂 robot.,0,True
UgyWLt4QsoA17ecEc5l4AaABAg.A2_l4g2uzlmA2_sT-RxsR0,comment,52O3cYsyZMo,UgyWLt4QsoA17ecEc5l4AaABAg,True,@DAMASHi.,"​@boonmbach 4000 is a drop in the bucket compared to Ford's 500,000+ recalls of their Broncos and Mavericks. Almost impossible to dodge recalls on brand new vehicles.",10,True
UgyWLt4QsoA17ecEc5l4AaABAg.A2_l4g2uzlmA2_tBtCXeYX,comment,52O3cYsyZMo,UgyWLt4QsoA17ecEc5l4AaABAg,True,@CyberSnek,"@erch4882 it’s more a robot than a car. Real time Ai / data collection that predicts future obstacles & autonomously makes decisions sounds like a robot, not a car",3,True
UgyWLt4QsoA17ecEc5l4AaABAg.A2_l4g2uzlmA2_yvLbliBw,comment,52O3cYsyZMo,UgyWLt4QsoA17ecEc5l4AaABAg,True,@Bimmer_i4_M50,"Better and better? They look the same for years. They drive the same. FSD still doesn’t work. Hell they even can’t program a wiper assistant. And the stock price and teslas panic (lowering prices, layoff people) shows what’s going on.",1,True
UgyWLt4QsoA17ecEc5l4AaABAg.A2_l4g2uzlmA2a3tdGxgTV,comment,52O3cYsyZMo,UgyWLt4QsoA17ecEc5l4AaABAg,True,@CyberSnek,"@Bimmer_i4_M50 $TSLA up 10% after hours. FSD is magic, I know bc I have it. Cope",1,True
UgyWLt4QsoA17ecEc5l4AaABAg.A2_l4g2uzlmA2a8D6QM8hz,comment,52O3cYsyZMo,UgyWLt4QsoA17ecEc5l4AaABAg,True,@killkiss_son,​@boonmbachI'd assume they don't care because a Tesla technician can do it at your home like any other repair on a Tesla,0,True
UgyWLt4QsoA17ecEc5l4AaABAg.A2_l4g2uzlmA2a8VJ3nPD9,comment,52O3cYsyZMo,UgyWLt4QsoA17ecEc5l4AaABAg,True,@killkiss_son,​@boonmbachrecent studies show that Tesla has the highest brand fidelity at 87%. The next one is Lexus at only 54%. This means 87% of Tesla owners say they will buy a Tesla as their next car. Just saying though,1,True
UgyWLt4QsoA17ecEc5l4AaABAg.A2_l4g2uzlmA2aVvAtByVO,comment,52O3cYsyZMo,UgyWLt4QsoA17ecEc5l4AaABAg,True,@robblly8112,"@Bimmer_i4_M50 did they just update FSD? im pretty sure it's as best as its ever been. looking on the website, the price is down for FSD to $8k, much, much better than the previous $15k, if numbers speak louder than words.",0,True
UgyWLt4QsoA17ecEc5l4AaABAg.A2_l4g2uzlmA2arLaDUIxp,comment,52O3cYsyZMo,UgyWLt4QsoA17ecEc5l4AaABAg,True,@HifeMan,@CyberSnek I'm pretty sure TSLA is far down from where it use to be.,0,True
UgyWLt4QsoA17ecEc5l4AaABAg.A2_l4g2uzlmA2biM7H3nnK,comment,52O3cYsyZMo,UgyWLt4QsoA17ecEc5l4AaABAg,True,@CyberSnek,@HifeMan Has happened multiple times in the past before a 10-20x,0,True
UgxlPYRco7SEYEgnKIx4AaABAg,comment,52O3cYsyZMo,,False,@ameervlogs1672,Yeah yeah,1,True
UgyLO4zeWV4v67Me98d4AaABAg,comment,52O3cYsyZMo,,False,@shashank8590,Luxury and performance at that price 😱😱😱,10,True
UgyLO4zeWV4v67Me98d4AaABAg.A2_l3ZcNED1A2_opYIGCls,comment,52O3cYsyZMo,UgyLO4zeWV4v67Me98d4AaABAg,True,@JohnnyZenith,There's no luxury.,2,True
UgyLO4zeWV4v67Me98d4AaABAg.A2_l3ZcNED1A2_qEPaYw-W,comment,52O3cYsyZMo,UgyLO4zeWV4v67Me98d4AaABAg,True,@shashank8590,"@JohnnyZenith did you drive new model 3? When I test drove it definitely felt a lot more luxurious. Especially road noise and wind noise. Maybe having more buttons is luxury for you, each their own",1,True
UgyLO4zeWV4v67Me98d4AaABAg.A2_l3ZcNED1A2a8q_Jp9zr,comment,52O3cYsyZMo,UgyLO4zeWV4v67Me98d4AaABAg,True,@lukabosnjak3829,@JohnnyZenith It has more soft touch materials in the interior than the 100k Bmw i5...,0,True
UgyLO4zeWV4v67Me98d4AaABAg.A2_l3ZcNED1A2aD3k3tAR-,comment,52O3cYsyZMo,UgyLO4zeWV4v67Me98d4AaABAg,True,@G82Watts,​@lukabosnjak3829absolutely not a soul on earth would say this interior looks better then a bmw i5. Get real dude.,1,True
UgyLO4zeWV4v67Me98d4AaABAg.A2_l3ZcNED1A2aDLgN4Jmw,comment,52O3cYsyZMo,UgyLO4zeWV4v67Me98d4AaABAg,True,@G82Watts,"​@shashank8590tesla is not and never will be a luxury premium brand. Calling this a luxury car is just delusional. Maybe too u it is. But it's not. Go look at the interior of a bmw m3 with carbon buckets or a new AmG and get back to me . Hand stitching, premium buttons, carbon fiber, etc.. I've driven a tesla from hurtz when I crashed my car and just touching the dash and steering wheel u can feel the quality difference between a tesla and a bmw",0,True
UgyLO4zeWV4v67Me98d4AaABAg.A2_l3ZcNED1A2aDToOjal3,comment,52O3cYsyZMo,UgyLO4zeWV4v67Me98d4AaABAg,True,@lukabosnjak3829,"@G82Watts I'm talking about quality, you can decide which looks better to you...",0,True
UgyLO4zeWV4v67Me98d4AaABAg.A2_l3ZcNED1A2aExCWa6sA,comment,52O3cYsyZMo,UgyLO4zeWV4v67Me98d4AaABAg,True,@G82Watts,@lukabosnjak3829 quality isn't an opinion or subjective. It's a fact. BMW uses higher grade materials and fabrics. It has better fit and finish then tesla. Also since I remember u always talking about how tesla is so far ahead porsche EV wise a few months ago how do u look now?  Porsche retained a 2 motor setup and is obliterating the model s plaid with 3 motors just proves porsche engineering even in the EV space is unmatched. Imagine if porsche was like tesla and only cared about straight line speed. If they had 3-4 motors theyd lose its handling and weight savings but would easily be the fastest straight line car on the market. Porsche engineering> has out done tesla at their own game. All new game changing adaptive suspension. Brakes that actually work. Handling. Oh and actually heads turn when it's seen in traffic unlike a model s which looks basic and dated. Nice seeing u again bud. Enjoy ur elon is my daddy average joe Tesla.,0,True
UgyLO4zeWV4v67Me98d4AaABAg.A2_l3ZcNED1A2aKpMMCV-o,comment,52O3cYsyZMo,UgyLO4zeWV4v67Me98d4AaABAg,True,@lukabosnjak3829,"@G82Watts Oh dear... What Porsche? 250k 2 seater that sacrifices everything from luxury to practicality just so it can achieve a good track time is exactly the opposite of what the Tesla is going for. And no, Porsche is still years behind Tesla. 
For one, Taycan is still heavier than the Model S immediately proving you wrong, its a car (the normal Turbo S) that is closer in practicality to the Model 3 which is embarrassing. 
Second their 2 speed design is still imho idiotic because of extra weight, lack of proper torque vectoring and lack of top end performance. (I'm waiting for some proper drag race to confirm this) Actually same thing is still true for Lucid Air sapphire from what I've seen, it has more power and is noticeably faster than the Plaid at the beginning of the acceleration but that advantage starts to shrink at higher speeds.
And third let's not forget that Tesla is in fact accelerating its performance division progress, remember that they announced the Model S Plaid only few months after the first Taycan... Considering the difference in price, can you even try to comprehend what would Tesla cook out today if they priced a sedan at 200k for example? Maby top gear just gave a hint at the end of their new M3P video today 🧐",0,True
UgyLO4zeWV4v67Me98d4AaABAg.A2_l3ZcNED1A2c0LFaV6zU,comment,52O3cYsyZMo,UgyLO4zeWV4v67Me98d4AaABAg,True,@G82Watts,@lukabosnjak3829 that is false the taycan weighs less then the plaid. What are u smoking? Tesla will have to add an extra 4th motor now just to maybe beat a 2 motor taycan. Everything u just said is excuses. Taycan has luxury. Tesla doesnt. The back seat removal is optional. Taycan looks 1000x cooler. Porsche new air adaptive suspension is better then teslas. Better handling. Quicker acceleration. Better chassis. Better brakes. Hmm? I wonder why it cost more? Answer- u get what u pay for. Go cry in ur average joe Tesla that turns no heads and gets laughed out by everyone 😂,0,True
UgyLO4zeWV4v67Me98d4AaABAg.A2_l3ZcNED1A2e1qfV0b-T,comment,52O3cYsyZMo,UgyLO4zeWV4v67Me98d4AaABAg,True,@Just_a_random_birb,@G82Watts Quicker acceleration is false. Cuz I seen it.,0,True
UgyLO4zeWV4v67Me98d4AaABAg.A2_l3ZcNED1A2e1vI7nAPp,comment,52O3cYsyZMo,UgyLO4zeWV4v67Me98d4AaABAg,True,@Just_a_random_birb,Nah more like premium.,0,True
UgyLO4zeWV4v67Me98d4AaABAg.A2_l3ZcNED1A2eVBPwRWMp,comment,52O3cYsyZMo,UgyLO4zeWV4v67Me98d4AaABAg,True,@G82Watts,@Just_a_random_birb how have u seen the new taycan when it hasn't even been released?,0,True
UgyLO4zeWV4v67Me98d4AaABAg.A2_l3ZcNED1A2eYuwo0liR,comment,52O3cYsyZMo,UgyLO4zeWV4v67Me98d4AaABAg,True,@Just_a_random_birb,@G82Watts i can compare acceleration numbers,0,True
Ugwccfie4AUcon4huV54AaABAg,comment,52O3cYsyZMo,,False,@MHYOM,First comment 😌,0,True
UgwiyWbxoTjj8l4pwI14AaABAg,comment,52O3cYsyZMo,,False,@ademolaadeniji,yeahhhhhhh,0,True
Ugz3rJ_tSpvjdg_RgZp4AaABAg,comment,52O3cYsyZMo,,False,@elfedericodiaz,"Fast AF, I see the Tesla video just before it",4,True
Ugzveg0P4vtXFmnRgrh4AaABAg,comment,52O3cYsyZMo,,False,@Kfkfkeokgr,5,0,True
Ugy3Xp1LN-JRGt1-unx4AaABAg,comment,52O3cYsyZMo,,False,@bishalg7092,wtf u very quick with this. even faster then 2.9sec,0,True
UgzHfA8vrNIgQt1KyGZ4AaABAg,comment,52O3cYsyZMo,,False,@akitadakid6326,early,0,True
Ugzc0yU1LFy96Jr8ScF4AaABAg,comment,52O3cYsyZMo,,False,@ebuke,Excited to watch! Here we gooooooooo!!!,9,True
UgxFI9htSu36nqynrU54AaABAg,comment,52O3cYsyZMo,,False,@AdditiveParts,yo,1,True
UgwNw3MuGNPKiWvnLMJ4AaABAg,comment,52O3cYsyZMo,,False,@noahlederman8815,nice,0,True
Ugz0YMexRgrsBfhr0F54AaABAg,comment,52O3cYsyZMo,,False,@kashifzia6047,ay,1,True
UgwKqgngqUXEA0WNO_R4AaABAg,comment,52O3cYsyZMo,,False,@maxplayer775,Hi everyone xd,1,True
UgyuQyV-ZLbnppt3ql94AaABAg,comment,52O3cYsyZMo,,False,@VenusIsAbsent,wtf,0,True
UgwdN4TAoMwzKS9DEPx4AaABAg,comment,52O3cYsyZMo,,False,@HXCPZ,this car is the best bang for buck by a mile.,79,True
UgwdN4TAoMwzKS9DEPx4AaABAg.A2_kxHRyqgGA2_oHcQu2Zo,comment,52O3cYsyZMo,UgwdN4TAoMwzKS9DEPx4AaABAg,True,@JohnnyZenith,Nope.,1,True
UgwdN4TAoMwzKS9DEPx4AaABAg.A2_kxHRyqgGA2_oMg7uJDK,comment,52O3cYsyZMo,UgwdN4TAoMwzKS9DEPx4AaABAg,True,@drunkenhobo8020,Ironically there's no bang at all!,1,True
UgwdN4TAoMwzKS9DEPx4AaABAg.A2_kxHRyqgGA2_oZHst-im,comment,52O3cYsyZMo,UgwdN4TAoMwzKS9DEPx4AaABAg,True,@CSqrdX,@JohnnyZenith OK. What is the best bang for buck then in your opinion?,5,True
UgwdN4TAoMwzKS9DEPx4AaABAg.A2_kxHRyqgGA2_oae4lysr,comment,52O3cYsyZMo,UgwdN4TAoMwzKS9DEPx4AaABAg,True,@chrism869,@JohnnyZenith what do you mean nope?,4,True
UgwdN4TAoMwzKS9DEPx4AaABAg.A2_kxHRyqgGA2_ojldQwOs,comment,52O3cYsyZMo,UgwdN4TAoMwzKS9DEPx4AaABAg,True,@mogamer4511,@CSqrdX Miata,0,True
UgwdN4TAoMwzKS9DEPx4AaABAg.A2_kxHRyqgGA2_psGRvYKB,comment,52O3cYsyZMo,UgwdN4TAoMwzKS9DEPx4AaABAg,True,@joezhang8983,​@CSqrdX Chevy bolts. Mbkhd said something similar in his video too.,0,True
UgwdN4TAoMwzKS9DEPx4AaABAg.A2_kxHRyqgGA2_qP-gNQb1,comment,52O3cYsyZMo,UgwdN4TAoMwzKS9DEPx4AaABAg,True,@AlfonsoDerrickP,"@JohnnyZenith Name a car then that is a better bang for the buck. The pricing came out its $52,995 and qualifies for the instant ev credit that comes off at the time of purchase making it $45,500. Name a high ten second car that competing with this without spending $80k",2,True
UgwdN4TAoMwzKS9DEPx4AaABAg.A2_kxHRyqgGA2_qfvB4tkx,comment,52O3cYsyZMo,UgwdN4TAoMwzKS9DEPx4AaABAg,True,@trptcameron,@AlfonsoDerrickPDo model 3 drivers live on a track or something? Where do these people live that they’re flooring it every single time they drive.,1,True
UgwdN4TAoMwzKS9DEPx4AaABAg.A2_kxHRyqgGA2aCvo8upJx,comment,52O3cYsyZMo,UgwdN4TAoMwzKS9DEPx4AaABAg,True,@G82Watts,Ugliest car ive ever seen. The front and rear of the car don't match. The front looks like a Chinese fish with a sleek design to it but then the rest of the car turns into an egg blob thing. It's ugly asl 😂😂,0,True
UgwdN4TAoMwzKS9DEPx4AaABAg.A2_kxHRyqgGA2e1IiXqveo,comment,52O3cYsyZMo,UgwdN4TAoMwzKS9DEPx4AaABAg,True,@Just_a_random_birb,@joezhang8983 can Chevy bolt do 2.9 sec? Is it 510 HP?,0,True
UgyUVdKKT54Q6hxQ3P54AaABAg,comment,52O3cYsyZMo,,False,@superjanitor123,First,0,True
