serial_no,video_id,text,clean_text,entities,keywords,sentiment_score,sentiment
1,V0wtNI-rzSg,"Note the crap door handles, sale killer straight away","Note the crap door handles, sale killer straight away",[],"['door handles', 'note', 'handles', 'door', 'sale']",-0.7184,Negative
2,V0wtNI-rzSg,"*In the MY2026, BYD dismissed this feature.","*In the MY2026, BYD dismissed this feature.","['MY2026', 'BYD']","['feature', 'byd']",0.0,Neutral
3,V0wtNI-rzSg,Even better if there were no touchscreens to distract the driver?,Even better if there were no touchscreens to distract the driver?,[],"['distract', 'driver', 'better']",-0.128,Negative
4,V0wtNI-rzSg,So interesting you chose an EV as a daily. That really is a statement to how bad ICE cars are.,So interesting you chose an EV as a daily. That really is a statement to how bad ICE cars are.,[],"['chose', 'statement', 'daily', 'ice', 'interesting']",-0.1298,Negative
5,V0wtNI-rzSg,I don’t care how nice it is it’s a stupid ev,I don’t care how nice it is it’s a stupid ev,[],"['care', 'stupid', 'nice', 'ev', 'don']",0.3818,Positive
6,V0wtNI-rzSg,I’d rather walk,I’d rather walk,[],[],0.0,Neutral
7,V0wtNI-rzSg,They’ve removed this feature from the latest model.,They’ve removed this feature from the latest model.,[],"['latest', 'removed', 've', 'feature', 'model']",0.0,Neutral
8,V0wtNI-rzSg,Every byd has that.,Every byd has that.,[],['byd'],0.0,Neutral
9,V0wtNI-rzSg,All I see there is electric junk on wheels that tries to mimic being a car.,All I see there is electric junk on wheels that tries to mimic being a car.,[],"['junk', 'wheels', 'electric', 'car']",0.0,Neutral
10,V0wtNI-rzSg,Yes Tesla interiors are pathetic,Yes Tesla interiors are pathetic,['Tesla'],"['pathetic', 'interiors', 'yes', 'tesla']",-0.25,Negative
11,V0wtNI-rzSg,"Well WoW, sure everyone is rushing to buy one now...well those who like pointless crap","Well WoW, sure everyone is rushing to buy one now...well those who like pointless crap",['WoW'],"['pointless', 'sure', 'crap', 'wow', 'buy']",0.7964,Positive
12,V0wtNI-rzSg,That feature has been removed in the updated model.,That feature has been removed in the updated model.,[],"['updated', 'removed', 'feature', 'model']",0.0,Neutral
13,V0wtNI-rzSg,Old news. Every car reviewer  does the same.....yawn !!!!,Old news. Every car reviewer does the same.....yawn !!!!,[],"['old news', 'reviewer', 'news', 'old', 'does']",0.0,Neutral
14,V0wtNI-rzSg,Complete gimmick. I’ve used it twice in a year. Main reason being it doesn’t work with CarPlay,Complete gimmick. I’ve used it twice in a year. Main reason being it doesn’t work with CarPlay,['CarPlay'],"['main reason', 'doesn work', 'complete', 'twice', 'main']",0.0,Neutral
15,V0wtNI-rzSg,It’s ugly and it’s stupid and on top of that it’s a Chinese shit,It’s ugly and it’s stupid and on top of that it’s a Chinese shit,['Chinese'],"['chinese shit', 'stupid', 'ugly', 'shit', 'chinese']",-0.8591,Negative
16,V0wtNI-rzSg,"Interesting how car enthusiasts (like Shmee, and me too for that matter.!) have started to warm on the concept of EV’s.! But the indisputable truth still remains that DEPRECIATION will eventually destroy the ownership experience. At trade in time…. But the technology of EV’s is amazing 😻 all the same…","Interesting how car enthusiasts (like Shmee, and me too for that matter.!) have started to warm on the concept of EV’s.! But the indisputable truth still remains that DEPRECIATION will eventually destroy the ownership experience. At trade in time…. But the technology of EV’s is amazing 😻 all the same…","['Shmee', 'DEPRECIATION']","['ev', 'trade', 'started', 'truth', 'matter']",0.915,Positive
17,V0wtNI-rzSg,Crazy that this car is £18000 overseas and under £50000 in the UK 😂😂😂😂,Crazy that this car is £18000 overseas and under £50000 in the UK 😂😂😂😂,[],"['50000', 'crazy', 'uk', 'car']",0.8481,Positive
18,V0wtNI-rzSg,That’s the only thing in BYD😂😂 other than that there nothing but garbage,That’s the only thing in BYD😂😂 other than that there nothing but garbage,['BYD'],"['byd garbage', 'thing byd', 'garbage', 'thing', 'byd']",0.4404,Positive
19,V0wtNI-rzSg,I thought it was going to be a feature that appealed to adults.,I thought it was going to be a feature that appealed to adults.,[],"['thought', 'going', 'feature']",0.0,Neutral
20,V0wtNI-rzSg,except they removed the swivel screen from the latest year model,except they removed the swivel screen from the latest year model,[],"['swivel', 'latest', 'removed', 'year', 'model']",0.0,Neutral
21,V0wtNI-rzSg,"brakes grab and very un real, aircon and heater is utter CRAP, the speaker/radio sound is shit and lots more bad on it.","brakes grab and very un real, aircon and heater is utter CRAP, the speaker/radio sound is shit and lots more bad on it.",['CRAP'],"['heater', 'radio', 'lots', 'sound', 'real']",-0.9005,Negative
22,V0wtNI-rzSg,"just un plugged from charging ...hey ...REALY as the screen shows NOT.......... 350 miles is BS,  If 30% of something is 96 miles, the total (100%) is 320 miles (\(96 \div 0.30\)).","just un plugged from charging ...hey ...REALY as the screen shows NOT.......... 350 miles is BS, If 30% of something is 96 miles, the total (100%) is 320 miles (\(96 \div 0.30\)).",[],"['miles', '30', 'shows', '350 miles', 'bs']",0.0,Neutral
23,V0wtNI-rzSg,Todos los byd lo hacen,Todos los byd lo hacen,['lo hacen'],['byd'],0.0,Neutral
24,V0wtNI-rzSg,Oh wow! 😂😂😂😂 so boring ! Wow!,Oh wow! 😂😂😂😂 so boring ! Wow!,[],"['wow', 'oh wow', 'boring', 'oh']",0.9542,Positive
25,V0wtNI-rzSg,That shit is stupid...,That shit is stupid...,[],"['stupid', 'shit']",-0.7906,Negative
26,V0wtNI-rzSg,Suspension could be better,Suspension could be better,[],"['suspension', 'better']",0.4404,Positive
27,V0wtNI-rzSg,Android werkt niet als je het scherm draait wat ben je er dan mee😂,Android werkt niet als je het scherm draait wat ben je er dan mee😂,"['Android', 'ben je er dan mee']","['er', 'android']",0.4404,Positive
28,V0wtNI-rzSg,My Granny has a BYD Dolphin Surf that has a screen that spins in the exact same way,My Granny has a BYD Dolphin Surf that has a screen that spins in the exact same way,['Granny'],"['surf', 'dolphin surf', 'byd dolphin', 'exact', 'spins']",0.0,Neutral
29,V0wtNI-rzSg,"If you think that interior is great, wait til you see the BYD Sealion 7","If you think that interior is great, wait til you see the BYD Sealion 7",[],"['byd sealion', 'sealion', 'wait', 'think', 'interior']",0.6249,Positive
30,V0wtNI-rzSg,Such a gimmick they canned it on the latest models as everyone did it once and then left it in landscape. Lots of apps didn’t function in portrait mode. Also….did you just pronounce innovative as three separate words….‘in OV ative 🫤 bit weird.,Such a gimmick they canned it on the latest models as everyone did it once and then left it in landscape. Lots of apps didn’t function in portrait mode. Also….did you just pronounce innovative as three separate words….‘in OV ative 🫤 bit weird.,[],"['did', 'words', 'ov ative', 'just pronounce', 'weird']",0.296,Positive
31,V0wtNI-rzSg,Update News: Rotating Screen in 2026 Model get/got removed😅,Update News: Rotating Screen in 2026 Model get/got removed😅,['Update News: Rotating Screen'],"['update', '2026', 'news', 'removed', 'got']",0.3612,Positive
32,V0wtNI-rzSg,The facelift 2026 version has removed this feature 😆,The facelift 2026 version has removed this feature 😆,[],"['facelift', '2026', 'removed', 'version', 'feature']",0.3612,Positive
33,V0wtNI-rzSg,Aaaaaand yuo not gonna use it ever. That's why they stopped doing it,Aaaaaand yuo not gonna use it ever. That's why they stopped doing it,[],"['stopped', 'gonna', 'doing', 'use']",-0.2263,Negative
34,V0wtNI-rzSg,"Useless stuff : just made for your kind of video, but absolutely useless in daily life","Useless stuff : just made for your kind of video, but absolutely useless in daily life",[],"['useless', 'absolutely', 'kind', 'daily', 'life']",-0.7218,Negative
35,V0wtNI-rzSg,They have removed the rotating screen in the updated 26 model,They have removed the rotating screen in the updated 26 model,[],"['updated', 'removed', 'rotating screen', 'rotating', 'model']",0.0,Neutral
36,V0wtNI-rzSg,Rotating screens are ok but first I'd like to see the first Seal pass the 700.000km  treshold without any major issues. There are tons of Teslas out there that did this and for me that is more relevant than a rotating screen.,Rotating screens are ok but first I'd like to see the first Seal pass the 700.000km treshold without any major issues. There are tons of Teslas out there that did this and for me that is more relevant than a rotating screen.,['Teslas'],"['rotating', 'like seal', 'tons', 'rotating screens', 'teslas']",0.5927,Positive
37,V0wtNI-rzSg,Every BYD does that.,Every BYD does that.,['BYD'],"['byd does', 'does', 'byd']",0.0,Neutral
38,V0wtNI-rzSg,"Build Your Dreams. I think one day soon, I will own one of these.","Build Your Dreams. I think one day soon, I will own one of these.",[],"['build dreams', 'soon', 'dreams', 'day', 'build']",0.4019,Positive
39,V0wtNI-rzSg,"There is an additional safety camera visible, the passenger side, for reverse parking. I use portrait mode slso when using the sat nav.","There is an additional safety camera visible, the passenger side, for reverse parking. I use portrait mode slso when using the sat nav.",[],"['use portrait', 'passenger', 'sat', 'camera', 'parking']",0.4215,Positive
40,V0wtNI-rzSg,I'm an owner of that BYD Seal AWD in Mexico. I purchased 2 years ago and I still love it. And as here in Mexico the gasoline is very expensive and the light is very cheap 29MXN per liter vs 4MXN per Kw is insane. After my 2 years is still same as new with a couple of software updates but is still drives and looks fantastic.,I'm an owner of that BYD Seal AWD in Mexico. I purchased 2 years ago and I still love it. And as here in Mexico the gasoline is very expensive and the light is very cheap 29MXN per liter vs 4MXN per Kw is insane. After my 2 years is still same as new with a couple of software updates but is still drives and looks fantastic.,"['BYD', 'AWD', 'Mexico', 'liter vs 4MXN']","['mexico', 'years', 'years new', 'updates', 'vs']",0.7684,Positive
41,V0wtNI-rzSg,Available everywhere. Except America.,Available everywhere. Except America.,['America'],"['available', 'america']",0.0,Neutral
42,V0wtNI-rzSg,Under $50k and in Kenya it's double the price just tax alone 😢..to add insurance and not to mention scars scarce spare pads....but I would definitely choose it...💯,Under $50k and in Kenya it's double the price just tax alone 😢..to add insurance and not to mention scars scarce spare pads....but I would definitely choose it...💯,['Kenya'],"['spare', 'choose', 'add', 'insurance', 'mention']",-0.34,Negative
43,V0wtNI-rzSg,The way you pronounced innovative completely threw me. I thought you where choking 😂,The way you pronounced innovative completely threw me. I thought you where choking 😂,[],"['pronounced', 'completely', 'thought', 'way', 'innovative']",0.4215,Positive
44,V0wtNI-rzSg,If prefer landscape because it doesn't obstruct my view,If prefer landscape because it doesn't obstruct my view,[],"['view', 'prefer', 'landscape', 'doesn']",0.0,Neutral
45,V0wtNI-rzSg,Just come up on my feed from Nov 2024 !,Just come up on my feed from Nov 2024 !,[],"['2024', 'nov', 'come', 'just']",0.0,Neutral
46,V0wtNI-rzSg,I thought a Ford could already do this?,I thought a Ford could already do this?,['Ford'],"['ford', 'thought']",0.0,Neutral
47,V0wtNI-rzSg,"most useless feature, next generations removed it","most useless feature, next generations removed it",[],"['useless feature', 'removed', 'useless', 'feature']",-0.4754,Negative
48,V0wtNI-rzSg,But does it charge at 1MW ? If not throw it in the bin.,But does it charge at 1MW ? If not throw it in the bin.,['bin'],"['charge', 'does']",0.0,Neutral
49,V0wtNI-rzSg,BYD have dropped it from MY26,BYD have dropped it from MY26,['BYD'],['byd'],0.0,Neutral
50,V0wtNI-rzSg,"Its either quite unusual or unique,it cant be both.
Still junk,give it five years max and it will be scrap","Its either quite unusual or unique,it cant be both. Still junk,give it five years max and it will be scrap",['max'],"['quite unusual', 'max', 'scrap', 'unusual unique', 'unusual']",0.0,Neutral
51,V0wtNI-rzSg,One more thing to break...,One more thing to break...,[],"['thing break', 'break', 'thing']",0.0,Neutral
52,V0wtNI-rzSg,Not for the 2026 version…,Not for the 2026 version…,[],"['2026', 'version']",0.0,Neutral
53,V0wtNI-rzSg,You have to buy that Yangwang U9 ❤,You have to buy that Yangwang U9 ❤,['Yangwang U9 ❤'],"['yangwang', 'buy']",0.6369,Positive
54,V0wtNI-rzSg,Volvo drivers discovered it landscape mode all the way,Volvo drivers discovered it landscape mode all the way,['Volvo'],"['volvo', 'discovered', 'drivers', 'landscape mode', 'mode']",0.0,Neutral
55,V0wtNI-rzSg,I’ve got one and I can confirm that I never switch it from landscape. Primarily because Apple car play wont support it so it disables the functionality. It’s just a gimmick,I’ve got one and I can confirm that I never switch it from landscape. Primarily because Apple car play wont support it so it disables the functionality. It’s just a gimmick,['Apple'],"['switch', 'car play', 'apple car', 'wont', 'play']",0.0366,Neutral
56,V0wtNI-rzSg,Pointless gimmick. Give me buttons for the aircon instead,Pointless gimmick. Give me buttons for the aircon instead,['Pointless'],"['pointless gimmick', 'pointless', 'instead', 'gimmick', 'buttons']",0.0,Neutral
57,V0wtNI-rzSg,Build in Chinese Secret Service....go for it!,Build in Chinese Secret Service....go for it!,['Chinese Secret Service'],"['service', 'build', 'chinese']",0.0,Neutral
58,V0wtNI-rzSg,"Super, ça sert à quoi ?","Super, ça sert à quoi ?",[],['super'],0.5994,Positive
59,V0wtNI-rzSg,This is not the only car 😄 search for zeekr 9x,This is not the only car 😄 search for zeekr 9x,[],"['zeekr', 'car']",0.6705,Positive
60,V0wtNI-rzSg,A car made by a fraudulent company.,A car made by a fraudulent company.,[],"['company', 'car']",-0.4939,Negative
61,V0wtNI-rzSg,I heard after sales service is difficult especially road assistance after 12 months,I heard after sales service is difficult especially road assistance after 12 months,[],"['sales', '12', 'service', 'especially', 'months']",-0.3612,Negative
62,V0wtNI-rzSg,"im a tall guy, will that screen break if i bump into it with my knee getting in and out of the car?","im a tall guy, will that screen break if i bump into it with my knee getting in and out of the car?",[],"['tall', 'im', 'guy', 'getting', 'break']",0.0,Neutral
63,V0wtNI-rzSg,fisker did the same long time ago lol,fisker did the same long time ago lol,[],"['long time', 'fisker did', 'ago', 'long', 'time']",0.4215,Positive
64,V0wtNI-rzSg,A spinny tablet is all the reason you need to buy a car. Really,A spinny tablet is all the reason you need to buy a car. Really,[],"['need buy', 'car really', 'buy car', 'reason', 'tablet']",0.0,Neutral
65,V0wtNI-rzSg,"Once the manufacturer's warranty expires, you're left with a bunch of electronics that you probably can't resell! Typical leased car, nothing more!","Once the manufacturer's warranty expires, you're left with a bunch of electronics that you probably can't resell! Typical leased car, nothing more!",[],"['bunch', 'warranty', 'electronics', 'typical', 'manufacturer']",0.0,Neutral
66,V0wtNI-rzSg,we getting sealion 6,we getting sealion 6,[],"['sealion', 'getting']",0.0,Neutral
67,V0wtNI-rzSg,"Must be the last person on planet earth to see this irrelevant feature, but hey that’s what idiots are impressed by today.","Must be the last person on planet earth to see this irrelevant feature, but hey that’s what idiots are impressed by today.",[],"['idiots', 'earth', 'impressed', 'person', 'today']",0.631,Positive
68,V0wtNI-rzSg,"Well thats an ""interesting"" way to pronounce innovative lol","Well thats an ""interesting"" way to pronounce innovative lol",[],"['innovative lol', 'way pronounce', 'thats', 'pronounce innovative', 'interesting']",0.8591,Positive
69,V0wtNI-rzSg,I think I've read somewhere where they've disabled this feature,I think I've read somewhere where they've disabled this feature,[],"['ve', 'read', 'think', 'feature']",0.0,Neutral
70,V0wtNI-rzSg,The only shitty part is you cannot use Waze/ Google Maps on the vertical layout,The only shitty part is you cannot use Waze/ Google Maps on the vertical layout,['Waze/ Google Maps'],"['google', 'shitty', 'vertical', 'use']",-0.5574,Negative
71,V0wtNI-rzSg,Meu Astra 2011 roda até hoje. Será que um BYD Seal rodaria?,Meu Astra 2011 roda até hoje. Será que um BYD Seal rodaria?,['Meu Astra 2011'],"['que', 'byd seal', 'seal', 'byd']",0.0,Neutral
72,V0wtNI-rzSg,350 kilometers maybe. that is the cheapest ev u can have in china.,350 kilometers maybe. that is the cheapest ev u can have in china.,['china'],"['cheapest', '350', 'maybe', 'ev', 'china']",0.0,Neutral
73,V0wtNI-rzSg,BYD starts to abandon this feature because just nobody uses it.,BYD starts to abandon this feature because just nobody uses it.,['BYD'],"['uses', 'starts', 'feature', 'just', 'byd']",-0.4404,Negative
74,V0wtNI-rzSg,portrait mode perfect to watch Chinese soulsucking dramas😁,portrait mode perfect to watch Chinese soulsucking dramas😁,['Chinese'],"['perfect', 'watch', 'portrait mode', 'mode', 'portrait']",0.7717,Positive
75,V0wtNI-rzSg,"Yeah, you won't get 350 miles out of that...","Yeah, you won't get 350 miles out of that...",[],"['350 miles', '350', 'miles', 'won', 'yeah']",0.296,Positive
76,V0wtNI-rzSg,"Winter, summer , winter , summer broken 😂","Winter, summer , winter , summer broken 😂",[],['winter'],-0.0516,Negative
77,V0wtNI-rzSg,"Chinese crap !! Why buy and support the Commies, in doing so shafting the British car industry 😑","Chinese crap !! Why buy and support the Commies, in doing so shafting the British car industry 😑","['Chinese', 'Commies', 'British']","['british', 'car industry', 'chinese crap', 'support', 'doing']",0.1739,Positive
78,V0wtNI-rzSg,Its quite useless. Lot of apps dont work in portrait mode.,Its quite useless. Lot of apps dont work in portrait mode.,[],"['work portrait', 'apps', 'quite', 'dont', 'portrait mode']",-0.4754,Negative
79,V0wtNI-rzSg,America afraid of having byd. Tesla would go down. 😅,America afraid of having byd. Tesla would go down. 😅,['America'],"['afraid', 'byd tesla', 'america', 'having', 'tesla']",0.3612,Positive
80,V0wtNI-rzSg,The world has gone mad when it comes to wether you like your tablet landscape or portrait is really of any relevance,The world has gone mad when it comes to wether you like your tablet landscape or portrait is really of any relevance,[],"['landscape portrait', 'gone', 'comes', 'world', 'landscape']",-0.1779,Negative
81,V0wtNI-rzSg,Ford Mustang does the same thing years before,Ford Mustang does the same thing years before,['Ford Mustang'],"['does thing', 'ford', 'thing', 'years', 'does']",0.0,Neutral
82,V0wtNI-rzSg,"The EV public infrastructure here in Australia is woeful! Over this past Easter long-weekend, EV owners were queued up for +5 hours awaiting to charge their cars. No range anxiety in fossil fuel cars. Won't be buying an EV until this country properly supports practical charging infrastructure. Oh.. and the battery charging units are all powered by coal! 😑","The EV public infrastructure here in Australia is woeful! Over this past Easter long-weekend, EV owners were queued up for +5 hours awaiting to charge their cars. No range anxiety in fossil fuel cars. Won't be buying an EV until this country properly supports practical charging infrastructure. Oh.. and the battery charging units are all powered by coal! 😑",['Australia'],"['infrastructure', 'ev', 'charging', 'units', 'public']",-0.3952,Negative
83,V0wtNI-rzSg,"And what's hilarious - ""Android auto doesn't support portrait layout"" ... the one use portrait would help with (seeing further ahead when using Google Maps) doesn't work.","And what's hilarious - ""Android auto doesn't support portrait layout"" ... the one use portrait would help with (seeing further ahead when using Google Maps) doesn't work.","['Android', 'Google Maps']","['doesn', 'portrait', 'use portrait', 'google', 'doesn work']",0.484,Positive
84,V0wtNI-rzSg,That’s a pretty ugly user interface,That’s a pretty ugly user interface,[],"['user interface', 'user', 'interface', 'ugly', 'pretty']",-0.0258,Neutral
85,V0wtNI-rzSg,"We're paying double the price in uk, rip off britain.","We're paying double the price in uk, rip off britain.",['britain'],"['britain', 'paying', 'uk', 'price']",0.0,Neutral
86,V0wtNI-rzSg,Nobody uses it. It’s being discontinued.,Nobody uses it. It’s being discontinued.,[],['uses'],0.0,Neutral
87,V0wtNI-rzSg,The proportions on my Omitren 1:1 are right and that was literally the first thing i checked,The proportions on my Omitren 1:1 are right and that was literally the first thing i checked,[],"['omitren', 'literally', 'right', 'thing']",0.0,Neutral
88,V0wtNI-rzSg,omitren had mine in transit before i even finished watching this,omitren had mine in transit before i even finished watching this,[],"['omitren', 'watching']",0.0,Neutral
89,V0wtNI-rzSg,Omitren genuinely changed what i thought was possible for 1:1 quality and i cannot unlearn that,Omitren genuinely changed what i thought was possible for 1:1 quality and i cannot unlearn that,['Omitren'],"['genuinely', 'omitren', 'changed', 'thought', 'quality']",0.0,Neutral
90,V0wtNI-rzSg,Omitren is the only source i trust completely and that trust was built order by order,Omitren is the only source i trust completely and that trust was built order by order,['Omitren'],"['order', 'trust', 'omitren', 'completely', 'built']",0.7823,Positive
91,V0wtNI-rzSg,that's so useless :D,that's so useless :D,[],['useless'],0.3001,Positive
92,V0wtNI-rzSg,Byd shark does aswell,Byd shark does aswell,[],"['byd shark', 'shark does', 'aswell', 'shark', 'does']",0.0,Neutral
93,V0wtNI-rzSg,Never used the rotation once on my car! Pointless,Never used the rotation once on my car! Pointless,[],"['rotation', 'pointless', 'used', 'car']",0.0,Neutral
94,V0wtNI-rzSg,"Hopefully, someday, BYD will be available in. the USA!","Hopefully, someday, BYD will be available in. the USA!","['BYD', 'USA']","['hopefully', 'available', 'usa', 'byd']",0.4574,Positive
95,V0wtNI-rzSg,"There is a video of Elon musk being asked about a BUD in there early days showing him an ugly model and he laughed at it now he has nightmares about them ,the great thing about BYD is they are premerily a Battery company ,China are turning the whole motor industry on it's head","There is a video of Elon musk being asked about a BUD in there early days showing him an ugly model and he laughed at it now he has nightmares about them ,the great thing about BYD is they are premerily a Battery company ,China are turning the whole motor industry on it's head","['BUD', 'BYD', 'Battery', 'China']","['thing byd', 'asked', 'elon musk', 'early', 'showing']",0.5859,Positive
96,V0wtNI-rzSg,Got this on my BYD Atto 3… never use it. Just leave it in landscape as CarPlay only works in landscape.,Got this on my BYD Atto 3… never use it. Just leave it in landscape as CarPlay only works in landscape.,['CarPlay'],"['landscape', 'got byd', 'works', 'leave', 'byd atto']",-0.0516,Negative
97,V0wtNI-rzSg,"Oh you poor US guys, you cannot buy BYD in US. So you have to live with the TESLA shit.","Oh you poor US guys, you cannot buy BYD in US. So you have to live with the TESLA shit.",['BYD'],"['buy byd', 'poor', 'guys', 'live', 'oh']",-0.7717,Negative
98,V0wtNI-rzSg,Not the only car that does it.,Not the only car that does it.,[],"['car does', 'does', 'car']",0.0,Neutral
99,V0wtNI-rzSg,Is there dark UI theme? Light ones suck so badly.,Is there dark UI theme? Light ones suck so badly.,[],"['theme', 'dark', 'light', 'ones', 'ui']",-0.784,Negative
100,V0wtNI-rzSg,Already appeared Seal 07😅,Already appeared Seal 07😅,[],['seal'],0.3612,Positive
101,V0wtNI-rzSg,Btw this car is only about 8k euro in China lmao,Btw this car is only about 8k euro in China lmao,['China'],"['btw', 'lmao', 'euro', 'china', 'car']",0.5994,Positive
102,V0wtNI-rzSg,"Nice interior, im going electric next, stepping foot into that world and handing my m3 back. Ill never buy Chinese though.","Nice interior, im going electric next, stepping foot into that world and handing my m3 back. Ill never buy Chinese though.",['Chinese'],"['m3', 'buy chinese', 'im', 'world', 'going']",0.0,Neutral
103,V0wtNI-rzSg,This car is a good Daily Driver,This car is a good Daily Driver,[],"['daily driver', 'daily', 'driver', 'good', 'car']",0.4404,Positive
104,V0wtNI-rzSg,Shark 6 does this,Shark 6 does this,[],"['shark does', 'shark', 'does']",0.0,Neutral
105,V0wtNI-rzSg,"Screens are too big
Car looks great otherwise",Screens are too big Car looks great otherwise,['Screens'],"['car looks', 'looks great', 'big', 'screens', 'great']",0.6249,Positive
106,V0wtNI-rzSg,That screen would have to.be turned off for me ...  What do I want that for in a car .my daily 1997 Escort doesn't have one. Dangerous distraction,That screen would have to.be turned off for me ... What do I want that for in a car .my daily 1997 Escort doesn't have one. Dangerous distraction,"['to.be', 'Escort']","['distraction', 'screen turned', 'want car', 'turned', 'dangerous']",0.0654,Positive
107,V0wtNI-rzSg,Pretty much everyone I know that owns one plus the reviews I have seen come up with the same conclusion. It's a novelty you use once and then leave it in landscape.,Pretty much everyone I know that owns one plus the reviews I have seen come up with the same conclusion. It's a novelty you use once and then leave it in landscape.,[],"['leave', 'plus', 'reviews', 'pretty', 'come']",0.4588,Positive
108,V0wtNI-rzSg,The silly stuff,The silly stuff,[],"['silly stuff', 'silly', 'stuff']",0.0258,Neutral
109,V0wtNI-rzSg,My BYD Sealion 7 does this,My BYD Sealion 7 does this,[],"['byd sealion', 'sealion', 'does', 'byd']",0.0,Neutral
110,V0wtNI-rzSg,Can you make rotate non stop whilst driving ?,Can you make rotate non stop whilst driving ?,[],"['whilst driving', 'non', 'whilst', 'rotate', 'stop']",-0.296,Negative
111,V0wtNI-rzSg,"oh schmee 😔

how much did byd pay you for your nice words.

don't be a sellout, you will lose all respect","oh schmee 😔 how much did byd pay you for your nice words. don't be a sellout, you will lose all respect",[],"['respect', 'words', 'lose', 'schmee', 'did byd']",0.4767,Positive
112,V0wtNI-rzSg,They are removing the rotating screens in future models/updates,They are removing the rotating screens in future models/updates,[],"['rotating screens', 'updates', 'future', 'models', 'screens']",0.0,Neutral
113,V0wtNI-rzSg,I test drove both this and the model 3 performance. The Tesla is by far the better car,I test drove both this and the model 3 performance. The Tesla is by far the better car,['Tesla'],"['better car', 'drove', 'performance', 'far', 'test']",0.4404,Positive
114,V0wtNI-rzSg,come to indisa tata di\o it,come to indisa tata di\o it,[],"['di', 'come']",0.0,Neutral
115,V0wtNI-rzSg,"Can we talk about the ridiculous service schedule? Everyone seems to be ignoring that. 


Here in Australia, every second service costs nearly 1k and they don’t do anything…. For high mileage users your better off in Tesla long term","Can we talk about the ridiculous service schedule? Everyone seems to be ignoring that. Here in Australia, every second service costs nearly 1k and they don’t do anything…. For high mileage users your better off in Tesla long term","['Australia', 'Tesla']","['service', 'users', 'second', 'talk', 'costs']",-0.3182,Negative
116,V0wtNI-rzSg,I have a BYD and this screen rotation is dumb (everything else is great tho),I have a BYD and this screen rotation is dumb (everything else is great tho),['BYD'],"['byd screen', 'tho', 'screen rotation', 'rotation', 'dumb']",0.2023,Positive
117,V0wtNI-rzSg,Bildschirm dreht sich in 2026 nicht mehr,Bildschirm dreht sich in 2026 nicht mehr,['Bildschirm'],"['nicht', '2026']",0.0,Neutral
118,V0wtNI-rzSg,I think it lacks lsd screen,I think it lacks lsd screen,[],"['think', 'screen']",0.0,Neutral
119,V0wtNI-rzSg,wow the byd looks so cool im gonna get one soon and try it out to see what it actually feels like when using one for the first time,wow the byd looks so cool im gonna get one soon and try it out to see what it actually feels like when using one for the first time,[],"['feels like', 'looks cool', 'feels', 'soon', 'try']",0.8516,Positive
120,V0wtNI-rzSg,That is such a useless gimmick of a feature!,That is such a useless gimmick of a feature!,[],"['useless gimmick', 'gimmick', 'useless', 'feature']",-0.4753,Negative
121,V0wtNI-rzSg,Finally my sister has a Tesla and I always knock my knee on the screen this should have been on every car with large screens,Finally my sister has a Tesla and I always knock my knee on the screen this should have been on every car with large screens,['Tesla'],"['finally', 'screen car', 'large', 'screens', 'tesla']",0.0,Neutral
122,V0wtNI-rzSg,J'aime beaucoup ❤,J'aime beaucoup ❤,[],[],0.6369,Positive
123,V0wtNI-rzSg,Really posh piano black hellscape. Looks nice from the outside though. Still would not get one with how mediocre the ADAS is at best and the consumption is worse than some SUVs.,Really posh piano black hellscape. Looks nice from the outside though. Still would not get one with how mediocre the ADAS is at best and the consumption is worse than some SUVs.,['ADAS'],"['looks nice', 'adas', 'worse', 'piano', 'piano black']",0.5994,Positive
124,V0wtNI-rzSg,You have been living in the cave my friend,You have been living in the cave my friend,[],"['friend', 'living']",0.4939,Positive
125,V0wtNI-rzSg,So....how do you turn up the heat during winter?,So....how do you turn up the heat during winter?,[],"['winter', 'heat', 'turn']",0.0,Neutral
126,V0wtNI-rzSg,All byd do it... Evs are dirt. No1 wants them,All byd do it... Evs are dirt. No1 wants them,[],"['wants', 'evs', 'byd']",-0.34,Negative
127,V0wtNI-rzSg,amzing car just had my byd seal excellence delivered. it is amazing and the speed wow,amzing car just had my byd seal excellence delivered. it is amazing and the speed wow,[],"['car just', 'amazing', 'byd seal', 'speed', 'wow']",0.9136,Positive
128,V0wtNI-rzSg,"The Fisker Ocean also did this, as do a variety of Chinese cars, if memory serves me right.","The Fisker Ocean also did this, as do a variety of Chinese cars, if memory serves me right.","['The Fisker Ocean', 'Chinese']","['serves', 'memory', 'ocean did', 'chinese cars', 'right']",0.0,Neutral
129,V0wtNI-rzSg,Don't stay in portrait when using apple play when driving do pointless,Don't stay in portrait when using apple play when driving do pointless,[],"['stay', 'pointless', 'play', 'using', 'apple']",0.34,Positive
130,V0wtNI-rzSg,Chinese landfill crap,Chinese landfill crap,['Chinese'],"['crap', 'chinese']",-0.3818,Negative
131,V0wtNI-rzSg,A useless function,A useless function,[],"['useless function', 'function', 'useless']",-0.4215,Negative
132,V0wtNI-rzSg,The dolphin does it as well,The dolphin does it as well,[],"['dolphin', 'does']",0.2732,Positive
133,V0wtNI-rzSg,ngl I might prefer byd over tesla,ngl I might prefer byd over tesla,[],"['byd tesla', 'prefer', 'tesla', 'byd']",0.0,Neutral
134,V0wtNI-rzSg,Just wait until everything starts breaking down with this thing. 50k is just the tip of the iceberg.,Just wait until everything starts breaking down with this thing. 50k is just the tip of the iceberg.,[],"['just', 'starts', 'wait', '50k', 'thing']",0.0,Neutral
135,V0wtNI-rzSg,"No way, id press that 7 times during a red light","No way, id press that 7 times during a red light",[],"['red', 'light', 'times', 'press', 'way']",-0.296,Negative
136,V0wtNI-rzSg,"Absolutely useless feature.
Connect your phone and it reverts to landscape as neither CarPlay or auto supports portrait mode",Absolutely useless feature. Connect your phone and it reverts to landscape as neither CarPlay or auto supports portrait mode,['CarPlay'],"['supports', 'useless feature', 'absolutely', 'portrait mode', 'carplay']",-0.1513,Negative
137,V0wtNI-rzSg,"I'd turn that screen twice, to portrait then back to landscape and never move it again 😂","I'd turn that screen twice, to portrait then back to landscape and never move it again 😂",[],"['turn screen', 'twice', 'turn', 'landscape', 'portrait']",0.4404,Positive
138,V0wtNI-rzSg,Coming yo Canada. I can't wait.,Coming yo Canada. I can't wait.,['Coming yo Canada'],"['canada', 'coming', 'wait']",0.0,Neutral
139,V0wtNI-rzSg,"I just watched a long term review of this car by Electrifyingcom. After living with this car as her dd for 6 months she said of this screen that you’ll probably turn the screen to portrait, say ‘wow, that’s really cool,” turn it back to landscape, and never touch it again, like the reviewer did herself.","I just watched a long term review of this car by Electrifyingcom. After living with this car as her dd for 6 months she said of this screen that you’ll probably turn the screen to portrait, say ‘wow, that’s really cool,” turn it back to landscape, and never touch it again, like the reviewer did herself.",['Electrifyingcom'],"['turn', 'reviewer', 'turn screen', 'screen portrait', 'watched']",0.3612,Positive
140,V0wtNI-rzSg,"be careful, you could end up upside down on the highway !","be careful, you could end up upside down on the highway !",[],"['highway', 'end']",0.2244,Positive
141,V0wtNI-rzSg,FISKER OCEAN ! Have same thing..   long time ago..         I like it..  👍,FISKER OCEAN ! Have same thing.. long time ago.. I like it.. 👍,[],"['long time', 'ago', 'long', 'time', 'fisker ocean']",0.4199,Positive
142,V0wtNI-rzSg,"This is one of my must haves when puchasing a new car 🙄 
Rubbish!",This is one of my must haves when puchasing a new car 🙄 Rubbish!,[],"['new car', 'rubbish', 'new', 'car']",0.0,Neutral
143,V0wtNI-rzSg,don't park it next to the focus! what about when it explodes? because of how it's a tofu dreg electric car? protect the focus!,don't park it next to the focus! what about when it explodes? because of how it's a tofu dreg electric car? protect the focus!,[],"['tofu', 'park', 'explodes', 'electric car', 'electric']",0.549,Positive
144,V0wtNI-rzSg,Theses are everywhere in Thailand,Theses are everywhere in Thailand,['Thailand'],['thailand'],0.0,Neutral
145,V0wtNI-rzSg,"I wish teslas had Apple CarPlay and android auto, and also wish they had V2L. It’s so handy.","I wish teslas had Apple CarPlay and android auto, and also wish they had V2L. It’s so handy.",['Apple CarPlay'],"['wish', 'carplay android', 'teslas', 'apple carplay', 'android auto']",0.6597,Positive
146,V0wtNI-rzSg,I am pretty sure I have seen many Chinese EVs with this function,I am pretty sure I have seen many Chinese EVs with this function,['Chinese'],"['chinese evs', 'pretty sure', 'function', 'evs', 'pretty']",0.6705,Positive
147,V0wtNI-rzSg,Are you left-handed or why do you touch the tablet on the left side :D,Are you left-handed or why do you touch the tablet on the left side :D,[],"['left', 'handed', 'left handed', 'touch', 'tablet']",0.6166,Positive
148,V0wtNI-rzSg,We have that in Mexico a while ago but you wanna keep supporting tromp 😂😂😂😂😂😂😂😂😂,We have that in Mexico a while ago but you wanna keep supporting tromp 😂😂😂😂😂😂😂😂😂,['Mexico'],"['wanna', 'supporting', 'mexico', 'ago']",0.9909,Positive
149,V0wtNI-rzSg,did shmee buy the seal?,did shmee buy the seal?,[],"['shmee', 'did', 'buy', 'seal']",0.0,Neutral
150,V0wtNI-rzSg,Yes but the fact that you’re forgetting is they are still sh💩t,Yes but the fact that you’re forgetting is they are still sh💩t,[],"['fact', 'yes']",0.2144,Positive
151,V0wtNI-rzSg,Wait UK pays $50k pounds for a seal?,Wait UK pays $50k pounds for a seal?,[],"['uk', 'wait', '50k', 'seal']",0.0,Neutral
152,V0wtNI-rzSg,Damn they allow have dat car in London but not in USA 😭,Damn they allow have dat car in London but not in USA 😭,"['London', 'USA']","['allow', 'damn', 'usa', 'car']",-0.6757,Negative
153,V0wtNI-rzSg,Had the seal for 2 years. The rotating screens only purpose is portrait GPS which isnt even that big of a deal and doesnt work with any other apps.,Had the seal for 2 years. The rotating screens only purpose is portrait GPS which isnt even that big of a deal and doesnt work with any other apps.,[],"['purpose', 'rotating screens', 'big deal', 'isnt', 'doesnt']",0.0,Neutral
154,V0wtNI-rzSg,The interior looks like something you buy from TEMU 😂,The interior looks like something you buy from TEMU 😂,['TEMU'],"['temu', 'interior looks', 'looks like', 'interior', 'buy']",0.6597,Positive
155,V0wtNI-rzSg,"Every time someone new gets into my Seal for the first time, i show them this party trick, then I put it back to landscape & forget that it can go portrait. I also show them the acceleration of the Performance, that is more than just a party trick....","Every time someone new gets into my Seal for the first time, i show them this party trick, then I put it back to landscape & forget that it can go portrait. I also show them the acceleration of the Performance, that is more than just a party trick....",[],"['party trick', 'trick', 'party', 'time', 'forget']",0.5461,Positive
156,V0wtNI-rzSg,nothing innovative about this. this is just stupid rage bait.,nothing innovative about this. this is just stupid rage bait.,[],"['stupid', 'innovative', 'just']",-0.8558,Negative
157,V0wtNI-rzSg,What they don't tell you is if your using android auto / apple carplay you can't have it in portrait mode it reverts back to landscape automatically . . .,What they don't tell you is if your using android auto / apple carplay you can't have it in portrait mode it reverts back to landscape automatically . . .,[],"['auto apple', 'apple carplay', 'tell', 'android auto', 'using']",0.0,Neutral
158,V0wtNI-rzSg,In uh va tive,In uh va tive,[],"['va', 'tive']",0.0,Neutral
159,V0wtNI-rzSg,Shame that they don't do a screen that disappears completely.  They are so intrusive and distract from the driving experience.,Shame that they don't do a screen that disappears completely. They are so intrusive and distract from the driving experience.,[],"['driving experience', 'distract', 'completely', 'experience', 'shame']",-0.7884,Negative
160,V0wtNI-rzSg,i was expecting something really exciting except this is something on virtually all the BYD cars and has been around for several years now.,i was expecting something really exciting except this is something on virtually all the BYD cars and has been around for several years now.,['BYD'],"['cars years', 'expecting', 'byd cars', 'really', 'years']",0.5413,Positive
161,V0wtNI-rzSg,"Here’s an idea, don’t buy one, don’t fund an enemy state anymore","Here’s an idea, don’t buy one, don’t fund an enemy state anymore",[],"['don', 'enemy', 'state', 'don buy', 'anymore']",-0.5423,Negative
162,V0wtNI-rzSg,Beautiful car! 🚗,Beautiful car! 🚗,[],"['beautiful', 'car']",0.636,Positive
163,V0wtNI-rzSg,"Nonsense!
This has been a feature for years.",Nonsense! This has been a feature for years.,[],"['nonsense', 'feature', 'years']",-0.4574,Negative
164,V0wtNI-rzSg,Fisker Ocean did it....,Fisker Ocean did it....,['Fisker Ocean'],"['ocean did', 'fisker ocean', 'ocean', 'did', 'fisker']",0.0,Neutral
165,V0wtNI-rzSg,"I have Seal in UK - It's like a DRUNK DRIVER - on cruise control, it goes too far left then corrects too much left then goes too much right - NOT SAFE. Phantom Braking - almost stopped in the middle of a motorway - 60mph - 20mphn for no reason - no obstruction.","I have Seal in UK - It's like a DRUNK DRIVER - on cruise control, it goes too far left then corrects too much left then goes too much right - NOT SAFE. Phantom Braking - almost stopped in the middle of a motorway - 60mph - 20mphn for no reason - no obstruction.","['DRUNK', 'DRIVER', 'Phantom Braking']","['goes', 'left', 'stopped', 'safe', 'control']",-0.8219,Negative
166,V0wtNI-rzSg,""" under 50 k "" he throws away. For a glorified hairdryer on wheels ! 😂😂😂.no thanks.",""" under 50 k "" he throws away. For a glorified hairdryer on wheels ! 😂😂😂.no thanks.",[],"['glorified', 'away', '50', 'wheels', 'thanks']",0.8858,Positive
167,V0wtNI-rzSg,All their cars have this even their cheap cars lol,All their cars have this even their cheap cars lol,[],"['cars', 'cheap cars', 'lol', 'cheap']",0.4215,Positive
168,V0wtNI-rzSg,Milk float ipad on wheels crap. Good luck when it goes nuclear..,Milk float ipad on wheels crap. Good luck when it goes nuclear..,[],"['float', 'milk float', 'milk', 'luck', 'good luck']",0.5106,Positive
169,V0wtNI-rzSg,That legend bmw m3gtr ut there right,That legend bmw m3gtr ut there right,['bmw m3gtr'],"['bmw', 'right']",0.0,Neutral
170,V0wtNI-rzSg,Bro anyone noticed that sf90,Bro anyone noticed that sf90,['sf90'],['bro'],0.0,Neutral
171,V0wtNI-rzSg,what about fisher ocean?,what about fisher ocean?,[],['ocean'],0.0,Neutral
172,V0wtNI-rzSg,Those screens are so fucking stupid,Those screens are so fucking stupid,[],"['fucking', 'stupid', 'screens']",-0.6087,Negative
173,V0wtNI-rzSg,😂😂😂😂 sure you can’t get a bigger screen in that 😂😂😂😂,😂😂😂😂 sure you can’t get a bigger screen in that 😂😂😂😂,[],"['bigger', 'sure', 'screen']",0.9735,Positive
174,V0wtNI-rzSg,"just bought one, but in my country we drive on the left, it's strange seeing my seal mirrored 😂","just bought one, but in my country we drive on the left, it's strange seeing my seal mirrored 😂",[],"['just bought', 'seeing', 'country', 'bought', 'left']",0.3919,Positive
175,V0wtNI-rzSg,Wonder when this screen crap will fade out from cars ...,Wonder when this screen crap will fade out from cars ...,[],"['wonder', 'crap', 'cars', 'screen']",-0.3818,Negative
176,V0wtNI-rzSg,They are stopping the rotating screen now.,They are stopping the rotating screen now.,[],"['rotating screen', 'rotating', 'screen']",-0.1531,Negative
177,V0wtNI-rzSg,Enemy of the state,Enemy of the state,[],"['enemy', 'state']",-0.5423,Negative
178,V0wtNI-rzSg,They are great cars until something goes wrong and you have to wait for spare parts,They are great cars until something goes wrong and you have to wait for spare parts,[],"['spare', 'great cars', 'goes', 'parts', 'wait']",0.25,Positive
179,V0wtNI-rzSg,Wow. A big screen that blocks off even more forward visibility.,Wow. A big screen that blocks off even more forward visibility.,[],"['forward', 'big screen', 'blocks', 'big', 'wow']",0.4404,Positive
180,V0wtNI-rzSg,Is it hybrid,Is it hybrid,[],['hybrid'],0.0,Neutral
181,V0wtNI-rzSg,Not sure I can give up my Chinese 🇨🇳 POLESTAR 2 though ❤❤❤😀,Not sure I can give up my Chinese 🇨🇳 POLESTAR 2 though ❤❤❤😀,['Chinese'],"['polestar', 'sure', 'chinese']",0.9342,Positive
182,V0wtNI-rzSg,LUXURY AUTOMATED SOCIALISM 🇨🇳 LUXURY FOR EVERYONE 😅😅😅,LUXURY AUTOMATED SOCIALISM 🇨🇳 LUXURY FOR EVERYONE 😅😅😅,[],['luxury'],0.7579,Positive
183,V0wtNI-rzSg,"you can also say ""hey BYD, rotate the screen""","you can also say ""hey BYD, rotate the screen""",['BYD'],"['rotate screen', 'hey', 'rotate', 'say', 'screen']",0.0,Neutral
184,V0wtNI-rzSg,Nice feature but the steering wheel is on wrong side.,Nice feature but the steering wheel is on wrong side.,[],"['wheel wrong', 'steering wheel', 'steering', 'nice', 'wrong']",-0.5023,Negative
185,V0wtNI-rzSg,Burn your drive😂,Burn your drive😂,[],"['burn', 'drive']",0.4404,Positive
186,V0wtNI-rzSg,Tesla's lucky these BYD's are not imported to the US otherwise muskfukk would be toast,Tesla's lucky these BYD's are not imported to the US otherwise muskfukk would be toast,"['Tesla', 'BYD']","['lucky', 'tesla', 'byd']",0.4215,Positive
187,V0wtNI-rzSg,"The portrait angle is awkwardly high on the dashboard isn't it? The China carmakers, what makes them think sticking an LCD screen blatantly on the dashboard is considered premium? I'm an staying in an Asian country, and have been to major China Motorshows of late... Some premium high end SUV, they have two 15.6"" LCD screen blatantly just stuck on to the dashboard... I much prefer those that is inserted into the dash design rather... this BYD Seal also, the smaller screen behind the steering wheel looks like a screen just stick on to there, I don't like that so much.","The portrait angle is awkwardly high on the dashboard isn't it? The China carmakers, what makes them think sticking an LCD screen blatantly on the dashboard is considered premium? I'm an staying in an Asian country, and have been to major China Motorshows of late... Some premium high end SUV, they have two 15.6"" LCD screen blatantly just stuck on to the dashboard... I much prefer those that is inserted into the dash design rather... this BYD Seal also, the smaller screen behind the steering wheel looks like a screen just stick on to there, I don't like that so much.","['China', 'LCD', 'Asian', 'China Motorshows']","['dashboard', 'premium', 'screen', 'high', 'china']",-0.5057,Negative
188,V0wtNI-rzSg,"Good luck mate, after 8 years it's scrapped.","Good luck mate, after 8 years it's scrapped.",[],"['luck', 'mate', 'good luck', 'good', 'years']",0.7096,Positive
189,V0wtNI-rzSg,Butt can i play cod on that😅,Butt can i play cod on that😅,[],"['butt', 'play']",0.5994,Positive
190,V0wtNI-rzSg,When TF 50k became the new 15k?,When TF 50k became the new 15k?,[],"['tf', '15k', '50k', 'new']",0.0,Neutral
191,V0wtNI-rzSg,How does it handle in the twisties?,How does it handle in the twisties?,[],"['handle', 'does']",0.0,Neutral
192,V0wtNI-rzSg,"I think here in the USA, we don't really care for that feature 👎🏼
Useless point","I think here in the USA, we don't really care for that feature 👎🏼 Useless point","['USA', 'Useless']","['care', 'point', 'usa', 'useless', 'think']",-0.6853,Negative
193,V0wtNI-rzSg,How much price,How much price,[],['price'],0.0,Neutral
194,V0wtNI-rzSg,And they are going to get rid of that.,And they are going to get rid of that.,[],"['rid', 'going']",0.0,Neutral
195,V0wtNI-rzSg,too bad the quality of the car is shockingly bad,too bad the quality of the car is shockingly bad,[],"['bad', 'quality', 'car']",-0.8271,Negative
196,V0wtNI-rzSg,"Why are you promoting these dangerous awful car's that are well known for catching fire for no reason and BYD not doing anything for customers who's car's have caught fire. 
BUY YOUR OWN DEATH",Why are you promoting these dangerous awful car's that are well known for catching fire for no reason and BYD not doing anything for customers who's car's have caught fire. BUY YOUR OWN DEATH,"['BYD', 'BUY']","['promoting', 'byd doing', 'catching', 'caught', 'known']",-0.9206,Negative
197,V0wtNI-rzSg,I turned mine around once then forgot about it 😂,I turned mine around once then forgot about it 😂,[],"['forgot', 'turned']",0.4404,Positive
198,V0wtNI-rzSg,the worst thing about a BYD is it's a BYD,the worst thing about a BYD is it's a BYD,['BYD'],"['thing byd', 'worst', 'byd', 'thing']",-0.6249,Negative
199,V0wtNI-rzSg,"New cars are great for people who cant drive. Lane assist, parking assist, and upcomming brain  assist. 70% of new tech is rubbish","New cars are great for people who cant drive. Lane assist, parking assist, and upcomming brain assist. 70% of new tech is rubbish",['Lane'],"['new', 'brain', 'people drive', 'new cars', 'parking']",0.6249,Positive
200,V0wtNI-rzSg,"What kind of way is that to pronounce ""innovative"" 😂","What kind of way is that to pronounce ""innovative"" 😂",[],"['way pronounce', 'kind', 'pronounce innovative', 'pronounce', 'way']",0.7003,Positive
201,V0wtNI-rzSg,"Im sorry but the BMW i4 M50 is better, cost the same.. Well almost","Im sorry but the BMW i4 M50 is better, cost the same.. Well almost",['BMW'],"['im', 'bmw', 'sorry', 'cost', 'better']",0.7469,Positive
202,V0wtNI-rzSg,In-of-it-ive a new word from squilly schoolboy,In-of-it-ive a new word from squilly schoolboy,[],"['ive', 'word', 'new']",0.0,Neutral
203,V0wtNI-rzSg,"I’d never bought a BYD before the Chinese industry (as a whole) start to implement quality standards (like ISO).
When you see buildings crumbling and tofu dregs… you don’t want to ride one of their cars…

Well, the fact that in the past two weeks I did see 3 BYD in 3 different occasions on the side of the road with obvious mechanical or electrical issues and waiting for a tow truck is probably also a reason for that 🤣","I’d never bought a BYD before the Chinese industry (as a whole) start to implement quality standards (like ISO). When you see buildings crumbling and tofu dregs… you don’t want to ride one of their cars… Well, the fact that in the past two weeks I did see 3 BYD in 3 different occasions on the side of the road with obvious mechanical or electrical issues and waiting for a tow truck is probably also a reason for that 🤣","['BYD', 'Chinese', 'ISO']","['electrical', 'mechanical', 'ride', 'obvious', 'tofu']",0.7964,Positive
204,V0wtNI-rzSg,Byd atto 3 does that too,Byd atto 3 does that too,[],"['atto does', 'byd atto', 'atto', 'does', 'byd']",0.0,Neutral
205,V0wtNI-rzSg,"I think it’s such a disservice to this car that’s this screen rotating pointless trick is the #1 thing car reviewers choose to talk about. Really what use is it? Sorry for my frustrated comment, no dis to this channel, just researching this car and find that having to watch the screen rotating is like a right of passage before you can get to the useful info😅","I think it’s such a disservice to this car that’s this screen rotating pointless trick is the 1 thing car reviewers choose to talk about. Really what use is it? Sorry for my frustrated comment, no dis to this channel, just researching this car and find that having to watch the screen rotating is like a right of passage before you can get to the useful info😅",[],"['screen rotating', 'rotating', 'car', 'thing car', 'car screen']",0.2023,Positive
206,V0wtNI-rzSg,I don't like the interior on this car but looks great on the outside. I prefer jaecoo interior,I don't like the interior on this car but looks great on the outside. I prefer jaecoo interior,[],"['interior', 'interior car', 'car looks', 'looks great', 'don like']",0.7265,Positive
207,V0wtNI-rzSg,"50K, has the world gone absolutely mad, how much is this car in China ???","50K, has the world gone absolutely mad, how much is this car in China ???",['China'],"['car china', 'gone', 'absolutely', 'world', '50k']",-0.6166,Negative
208,V0wtNI-rzSg,Well big whoop...,Well big whoop...,[],['big'],0.2732,Positive
209,V0wtNI-rzSg,I hate cars. They used to be so awesome.,I hate cars. They used to be so awesome.,[],"['awesome', 'used', 'hate', 'cars']",0.3697,Positive
210,V0wtNI-rzSg,Only somebody who hates themselves would drive a call called Build your dreams,Only somebody who hates themselves would drive a call called Build your dreams,['Build'],"['called', 'build dreams', 'hates', 'dreams', 'build']",-0.0516,Negative
211,V0wtNI-rzSg,"How do you turn the heat up/down and change radio stations without being distracted from the road like i don't know, using a mobile phone?","How do you turn the heat up/down and change radio stations without being distracted from the road like i don't know, using a mobile phone?",[],"['stations', 'using mobile', 'mobile phone', 'heat', 'distracted']",0.5478,Positive
212,V0wtNI-rzSg,yeah i got the byd seal u dmi ... you wont use it.. dont hype it.  Cause on android and apple carplay you wont be able to turn.,yeah i got the byd seal u dmi ... you wont use it.. dont hype it. Cause on android and apple carplay you wont be able to turn.,[],"['wont', 'android apple', 'cause', 'got byd', 'hype']",0.296,Positive
213,V0wtNI-rzSg,The BYD shark does this to,The BYD shark does this to,['BYD'],"['byd shark', 'shark does', 'shark', 'does', 'byd']",0.0,Neutral
214,V0wtNI-rzSg,"Uncle said the rotating screen has never been done before, is Fisker a joke to you?","Uncle said the rotating screen has never been done before, is Fisker a joke to you?","['Uncle', 'Fisker']","['joke', 'said', 'rotating screen', 'rotating', 'fisker']",0.296,Positive
215,V0wtNI-rzSg,I really dislike how he said innovative.,I really dislike how he said innovative.,[],"['dislike', 'said', 'innovative', 'really']",0.0018,Neutral
216,V0wtNI-rzSg,"I hate this giant screens inside these new cars. Hate it. Too big, too distracting, looks terrible, will look even worse in a few years. Big no for me.","I hate this giant screens inside these new cars. Hate it. Too big, too distracting, looks terrible, will look even worse in a few years. Big no for me.",[],"['big', 'hate', 'worse', 'new cars', 'distracting']",-0.9517,Negative
217,V0wtNI-rzSg,Brilliant I wonder how many Chinese citizens are touching the byd Eva because there crap this week,Brilliant I wonder how many Chinese citizens are touching the byd Eva because there crap this week,['Chinese'],"['touching', 'brilliant', 'week', 'wonder', 'crap']",0.296,Positive
218,V0wtNI-rzSg,More shit to go wrong look forward to seeing your expensive repair bill.,More shit to go wrong look forward to seeing your expensive repair bill.,[],"['forward', 'repair', 'seeing', 'expensive', 'shit']",-0.7902,Negative
219,V0wtNI-rzSg,"Really how pathetic. It is a great car but a moving screen. So what.
I understand they are stopping this nonsense. Buy it cause it's fantastic.",Really how pathetic. It is a great car but a moving screen. So what. I understand they are stopping this nonsense. Buy it cause it's fantastic.,[],"['pathetic', 'cause', 'nonsense', 'fantastic', 'moving']",-0.0327,Neutral
220,V0wtNI-rzSg,"This screen turning was also in Fisker OCean before BYD Seal come. but this is a brilliant car, but i wait to next gen with God eye. and FREE selfdrivng , tesla could learn something here.","This screen turning was also in Fisker OCean before BYD Seal come. but this is a brilliant car, but i wait to next gen with God eye. and FREE selfdrivng , tesla could learn something here.","['Fisker OCean', 'BYD Seal', 'FREE']","['gen', 'eye', 'brilliant', 'learn', 'god']",0.9371,Positive
221,V0wtNI-rzSg,Every BYD screen does that,Every BYD screen does that,[],"['byd screen', 'does', 'screen', 'byd']",0.0,Neutral
222,V0wtNI-rzSg,All the hype for 2$ electric motor that rotates a screen🤣,All the hype for 2$ electric motor that rotates a screen🤣,[],"['hype', 'motor', 'rotates', 'electric', 'screen']",0.4939,Positive
223,V0wtNI-rzSg,Sold your soul to the destruction of our car industry. Sorry but I’ll no longer be watching you. Hope your payment was worth it!!,Sold your soul to the destruction of our car industry. Sorry but I’ll no longer be watching you. Hope your payment was worth it!!,[],"['longer', 'car industry', 'watching', 'sorry', 'worth']",0.3578,Positive
224,V0wtNI-rzSg,"Its not innoVAYtive,its iNNOvative lol","Its not innoVAYtive,its iNNOvative lol",[],"['innovative lol', 'lol', 'innovative']",-0.5773,Negative
225,V0wtNI-rzSg,"Andere Hersteller bauen gleich richtige Bildschirme ein, dann braucht man den nicht drehen. Was für eine blöde Funktion.","Andere Hersteller bauen gleich richtige Bildschirme ein, dann braucht man den nicht drehen. Was für eine blöde Funktion.","['Hersteller', 'dann braucht', 'Funktion']","['eine', 'dann', 'nicht', 'man']",0.0,Neutral
226,V0wtNI-rzSg,The cars amazing,The cars amazing,[],"['amazing', 'cars']",0.5859,Positive
227,V0wtNI-rzSg,Same in other top BYD models like Song L and Han,Same in other top BYD models like Song L and Han,"['BYD', 'Song L', 'Han']","['byd models', 'song', 'han', 'models', 'like']",0.7925,Positive
228,V0wtNI-rzSg,That interior puts my Tesal Model Y to shame. Tesla's interior and quality of seats is very cheap.,That interior puts my Tesal Model Y to shame. Tesla's interior and quality of seats is very cheap.,"['Tesal Model', 'Tesla']","['interior', 'puts', 'tesla interior', 'seats', 'shame']",-0.4767,Negative
229,V0wtNI-rzSg,Aint this what tesla do since ever?😂,Aint this what tesla do since ever?😂,[],['tesla'],0.4404,Positive
230,V0wtNI-rzSg,"Drove the BYD Sealion 7 yesterday. Wind noise at medium speed. Handling was very poor! The interface was complicated and slow. Too bad, because it's a very nice car inside and out!","Drove the BYD Sealion 7 yesterday. Wind noise at medium speed. Handling was very poor! The interface was complicated and slow. Too bad, because it's a very nice car inside and out!",[],"['byd sealion', 'handling', 'nice car', 'slow', 'drove']",-0.658,Negative
231,V0wtNI-rzSg,This car will light up like a Christmas tree 😅,This car will light up like a Christmas tree 😅,[],"['light', 'like', 'car']",0.6124,Positive
232,V0wtNI-rzSg,Until it MALFUCTIONS!!!!!!!!,Until it MALFUCTIONS!!!!!!!!,[],[],0.0,Neutral
233,V0wtNI-rzSg,Shame you have to run landscape for phone apps,Shame you have to run landscape for phone apps,[],"['run', 'apps', 'shame', 'phone', 'landscape']",-0.4767,Negative
234,V0wtNI-rzSg,it breaks in 2 years,it breaks in 2 years,[],"['breaks', 'years']",0.0,Neutral
235,V0wtNI-rzSg,Laptop with wheels! No thanks,Laptop with wheels! No thanks,[],"['wheels', 'thanks']",-0.4015,Negative
236,V0wtNI-rzSg,Love my new dolphin surf byd for the money is very impressive 😅,Love my new dolphin surf byd for the money is very impressive 😅,[],"['dolphin surf', 'surf', 'impressive', 'dolphin', 'love']",0.8903,Positive
237,V0wtNI-rzSg,is it ok to put remote key on magnetic charge😮,is it ok to put remote key on magnetic charge😮,[],"['ok', 'key', 'charge']",0.296,Positive
238,V0wtNI-rzSg,Fisker had this before,Fisker had this before,['Fisker'],['fisker'],0.0,Neutral
239,V0wtNI-rzSg,"the dolphin surf, the cheapest one , has it too
all of them have it","the dolphin surf, the cheapest one , has it too all of them have it",[],"['surf', 'dolphin surf', 'cheapest', 'dolphin']",0.0,Neutral
240,V0wtNI-rzSg,"I got a BYD and keep the screen in landscape, you can press and hold the button to assign it to a different command.","I got a BYD and keep the screen in landscape, you can press and hold the button to assign it to a different command.",['BYD'],"['byd screen', 'screen landscape', 'got byd', 'hold', 'press']",0.0,Neutral
241,V0wtNI-rzSg,you get all this in the BYD Seal U DMi plus sunroof and it's just £33-35k,you get all this in the BYD Seal U DMi plus sunroof and it's just £33-35k,[],"['sunroof', 'plus', 'byd seal', 'seal', 'just']",0.0,Neutral
242,V0wtNI-rzSg,"Stick to super car, exotic car, hyper car thats what gets you here and thats what im interested in you for, unless they paying you enough i’ll understand","Stick to super car, exotic car, hyper car thats what gets you here and thats what im interested in you for, unless they paying you enough i’ll understand",[],"['thats', 'car', 'unless', 'stick', 'interested']",0.765,Positive
243,V0wtNI-rzSg,It would be cool if their software engineers could make the UI turn as the screen is rotating,It would be cool if their software engineers could make the UI turn as the screen is rotating,[],"['turn screen', 'screen rotating', 'ui', 'turn', 'software']",0.3182,Positive
244,V0wtNI-rzSg,Tesla model S before 2018 screen was vertical. Model 3 had it horizontal. So BYD wanted both! 😂,Tesla model S before 2018 screen was vertical. Model 3 had it horizontal. So BYD wanted both! 😂,['BYD'],"['model', 'horizontal', 'wanted', 'vertical', 'tesla model']",0.4926,Positive
245,V0wtNI-rzSg,"Your missing the point, BYD in general has very very very bad car deprasation, by all means buy one on lease/PCP.. DO NOT pay real money for this, your gonna lose on the very first day. in 4 years no one will want them. No parts, their like cheap Android phones, once its done, its for the bin.","Your missing the point, BYD in general has very very very bad car deprasation, by all means buy one on lease/PCP.. DO NOT pay real money for this, your gonna lose on the very first day. in 4 years no one will want them. No parts, their like cheap Android phones, once its done, its for the bin.","['BYD', 'Android', 'bin']","['general', 'missing', 'lose', 'like cheap', 'phones']",-0.8604,Negative
246,V0wtNI-rzSg,The Fisker Ocean had this rotating screen like 2-3 years ago.... and went bankrupt...,The Fisker Ocean had this rotating screen like 2-3 years ago.... and went bankrupt...,['The Fisker Ocean'],"['like years', 'went bankrupt', 'ocean rotating', 'bankrupt', 'went']",-0.2732,Negative
247,V0wtNI-rzSg,"The irony, ""all the silly stuff can be left behind"".","The irony, ""all the silly stuff can be left behind"".",[],"['stuff left', 'silly stuff', 'silly', 'left', 'stuff']",-0.0258,Neutral
248,V0wtNI-rzSg,3.8 sec 0-100 km/h,3.8 sec 0-100 km/h,"['sec', '0-100 km/h']","['km', '100']",0.0,Neutral
249,V0wtNI-rzSg,Cutting edge info right there,Cutting edge info right there,[],"['cutting', 'info', 'right']",-0.128,Negative
250,V0wtNI-rzSg,800 on amazon,800 on amazon,[],[],0.1779,Positive
251,V0wtNI-rzSg,They are also the only car company that buys their own cars and reports the government grants received as profits.,They are also the only car company that buys their own cars and reports the government grants received as profits.,[],"['buys', 'government', 'company', 'cars', 'car']",0.5859,Positive
252,V0wtNI-rzSg,Every byd does this,Every byd does this,[],"['byd does', 'does', 'byd']",0.0,Neutral
253,V0wtNI-rzSg,Ehhh Fisker Ocean also does that? …. Many cars have done it?,Ehhh Fisker Ocean also does that? …. Many cars have done it?,['Ehhh Fisker Ocean'],"['ocean does', 'fisker ocean', 'ocean', 'fisker', 'does']",0.0,Neutral
254,V0wtNI-rzSg,Let cars be cars. Nobody needs that.,Let cars be cars. Nobody needs that.,[],"['cars', 'needs', 'let']",0.0,Neutral
255,V0wtNI-rzSg,Quite useless. Next he gets excited about some useless color LED light somewhere,Quite useless. Next he gets excited about some useless color LED light somewhere,[],"['useless', 'color', 'light', 'excited', 'gets']",-0.5413,Negative
256,V0wtNI-rzSg,"WOW... that made me not wanting this at all... ups, I lied, I never wanted it 
in the 1st place.","WOW... that made me not wanting this at all... ups, I lied, I never wanted it in the 1st place.",['WOW'],"['wanted', 'place', 'wow']",0.4466,Positive
257,V0wtNI-rzSg,the only thing i hate about decent ev is the a/c buttoj location,the only thing i hate about decent ev is the a/c buttoj location,[],"['decent', 'hate', 'thing', 'ev']",-0.5719,Negative
258,V0wtNI-rzSg,Be better if you press the bottom and it folds away,Be better if you press the bottom and it folds away,[],"['press', 'away', 'better']",0.4404,Positive
259,V0wtNI-rzSg,Talk so much in the end it's a feature everyone knows.,Talk so much in the end it's a feature everyone knows.,[],"['knows', 'talk', 'end', 'feature']",0.0,Neutral
260,V0wtNI-rzSg,Great cars - half the UK price in Thailand and made in the same factory in Rayong!,Great cars - half the UK price in Thailand and made in the same factory in Rayong!,"['Thailand', 'Rayong']","['great cars', 'thailand', 'half', 'uk', 'price']",0.6588,Positive
261,V0wtNI-rzSg,"Not true, the Fisker Ocean has this.","Not true, the Fisker Ocean has this.",['the Fisker Ocean'],"['fisker ocean', 'ocean', 'fisker']",-0.3252,Negative
262,V0wtNI-rzSg,Aliexpress on wheels,Aliexpress on wheels,[],"['aliexpress', 'wheels']",0.0,Neutral
263,V0wtNI-rzSg,They put your steering wheel on the wrong side mate.,They put your steering wheel on the wrong side mate.,[],"['mate', 'wheel wrong', 'steering wheel', 'steering', 'wrong']",-0.4767,Negative
264,V0wtNI-rzSg,"I would love to get this but wifey want a family car so we end up getting Sealion 6, which has rotating screen too.
Happy Wife = Happy Life.","I would love to get this but wifey want a family car so we end up getting Sealion 6, which has rotating screen too. Happy Wife = Happy Life.",['wifey'],"['happy', 'wife', 'sealion', 'family', 'life']",0.9343,Positive
265,V0wtNI-rzSg,BYS Shark owner here. The rotating screen is totally pointless. I wish i could disable it. I'm just glad they didn't waste a button on the steering wheel for it.,BYS Shark owner here. The rotating screen is totally pointless. I wish i could disable it. I'm just glad they didn't waste a button on the steering wheel for it.,['BYS Shark'],"['button steering', 'glad', 'disable', 'waste', 'owner']",0.8072,Positive
266,V0wtNI-rzSg,That rotation is the most useless thing i have in my car... (DOLPHIN). Never used it.,That rotation is the most useless thing i have in my car... (DOLPHIN). Never used it.,[],"['thing car', 'rotation', 'dolphin', 'used', 'useless']",-0.4754,Negative
267,V0wtNI-rzSg,byd cars are rust mobiles very quickly,byd cars are rust mobiles very quickly,[],"['rust', 'byd cars', 'cars', 'byd']",0.0,Neutral
268,V0wtNI-rzSg,Anyway of making the screen disappear?,Anyway of making the screen disappear?,[],"['making', 'screen']",-0.2263,Negative
269,V0wtNI-rzSg,Do you do cash giveaways for your subscribers who would like to repair their car? 😅,Do you do cash giveaways for your subscribers who would like to repair their car? 😅,[],"['repair', 'like', 'car']",0.6124,Positive
270,V0wtNI-rzSg,What's it worth after 2 years?,What's it worth after 2 years?,[],"['worth', 'years']",0.2263,Positive
271,V0wtNI-rzSg,"You know how a baby cries and you take a rattle and you distract it, and it stops crying? Yeah... This car is 50000...50000....BUT THE SCREEN ROTATES! Idiocracy at its best...","You know how a baby cries and you take a rattle and you distract it, and it stops crying? Yeah... This car is 50000...50000....BUT THE SCREEN ROTATES! Idiocracy at its best...",[],"['50000', 'crying', 'distract', 'screen rotates', 'yeah']",-0.3595,Negative
272,V0wtNI-rzSg,"Until you drive with polarized sunglasses, then you don't see shit on it...","Until you drive with polarized sunglasses, then you don't see shit on it...",[],"['shit', 'drive', 'don']",0.4449,Positive
273,V0wtNI-rzSg,For that price the car should wipe your ass also!,For that price the car should wipe your ass also!,[],"['ass', 'price', 'car']",-0.5848,Negative
274,V0wtNI-rzSg,Please don’t support the Chinese Communist Party by buying this car.😢😢,Please don’t support the Chinese Communist Party by buying this car.😢😢,['the Chinese Communist Party'],"['communist party', 'chinese communist', 'buying car', 'party', 'support']",0.128,Positive
275,V0wtNI-rzSg,"It’s either unusual or unique, it can’t be both!","It’s either unusual or unique, it can’t be both!",[],"['unusual unique', 'unusual', 'unique']",0.0,Neutral
276,V0wtNI-rzSg,ew driving on the right side,ew driving on the right side,[],"['ew', 'right', 'driving']",0.0,Neutral
277,V0wtNI-rzSg,When screens are the “kind of fun” thing and “I NOV- A-TIVE” (odd pronunciation) that people are willing to pay a premium for.,When screens are the “kind of fun” thing and “I NOV- A-TIVE” (odd pronunciation) that people are willing to pay a premium for.,[],"['premium', 'nov', 'tive', 'pronunciation', 'fun']",-0.4019,Negative
278,V0wtNI-rzSg,I have this car it’s so worth it ❤,I have this car it’s so worth it ❤,[],"['worth', 'car']",0.7712,Positive
279,V0wtNI-rzSg,BYD been doing this for like a decade dude…lol,BYD been doing this for like a decade dude…lol,[],"['byd doing', 'decade', 'dude', 'doing', 'lol']",0.3612,Positive
280,V0wtNI-rzSg,50000 for a rotating tablet is expensive imho. Shalom. 😂,50000 for a rotating tablet is expensive imho. Shalom. 😂,[],"['50000', 'rotating tablet', 'expensive', 'tablet', 'rotating']",0.4404,Positive
281,V0wtNI-rzSg,"For a city car, great, but if you need to go 500-1000km in comfort on roads with bends, maybe water and/or snow/ice, I would never in my life go for a non-european… because i want to live. Thank you, xie xie!!","For a city car, great, but if you need to go 500-1000km in comfort on roads with bends, maybe water and/or snow/ice, I would never in my life go for a non-european… because i want to live. Thank you, xie xie!!",['non-european'],"['roads', 'comfort', 'city', 'non', 'thank']",0.8774,Positive
282,V0wtNI-rzSg,"Sorry, the only EV Car, I trust and I will only buy will be an NIO..","Sorry, the only EV Car, I trust and I will only buy will be an NIO..","['EV Car', 'NIO']","['ev car', 'nio', 'trust', 'sorry', 'ev']",0.4588,Positive
283,V0wtNI-rzSg,The poster discovered this 2 years too late. A lot of ppl say this is a party trick but its really useful and practical. I go landscape for youtube and portrait for navigation and split screen youtube music. its amazing,The poster discovered this 2 years too late. A lot of ppl say this is a party trick but its really useful and practical. I go landscape for youtube and portrait for navigation and split screen youtube music. its amazing,[],"['youtube', 'ppl', 'party trick', 'practical', 'years late']",0.905,Positive
284,V0wtNI-rzSg,Looks really durable and robust-  NOT!,Looks really durable and robust- NOT!,[],"['really', 'looks']",0.4508,Positive
285,V0wtNI-rzSg,Whatever. Nobody is gonna buy expensive Chinese products. Because you Chinrese are cheap AF.,Whatever. Nobody is gonna buy expensive Chinese products. Because you Chinrese are cheap AF.,"['Chinese', 'Chinrese']","['af', 'buy expensive', 'chinese products', 'products', 'gonna']",0.0,Neutral
286,V0wtNI-rzSg,Is they a dark mode? Don’t like the look of the whole UI tbf. Everything else looks cool,Is they a dark mode? Don’t like the look of the whole UI tbf. Everything else looks cool,[],"['dark mode', 'looks cool', 'dark', 'don like', 'ui']",0.5859,Positive
287,V0wtNI-rzSg,The way he said innovate is triggering.,The way he said innovate is triggering.,[],"['said', 'way']",0.4939,Positive
288,V0wtNI-rzSg,"BYD Atto 1,2,3, sealion 7, m6 can do the exact same trick","BYD Atto 1,2,3, sealion 7, m6 can do the exact same trick",[],"['exact', 'sealion', 'trick', 'byd atto', 'atto']",-0.0516,Negative
289,V0wtNI-rzSg,A month later and that thing will be in flames,A month later and that thing will be in flames,[],"['later', 'flames', 'month', 'thing']",0.0,Neutral
290,V0wtNI-rzSg,Becareful it's radiating ur balls as you drive...,Becareful it's radiating ur balls as you drive...,[],"['ur', 'drive']",0.0,Neutral
291,V0wtNI-rzSg,he have'nt seen the byd sportscar that can do tank turns and dance. a measly upgrade is just a basic tech in china.,he have'nt seen the byd sportscar that can do tank turns and dance. a measly upgrade is just a basic tech in china.,['china'],"['basic', 'turns', 'seen', 'tech', 'china']",0.0,Neutral
292,V0wtNI-rzSg,Stop buying  this Chinese shit,Stop buying this Chinese shit,['Chinese'],"['chinese shit', 'stop buying', 'buying chinese', 'stop', 'buying']",-0.7003,Negative
293,V0wtNI-rzSg,It’s a milk float and it’s Chinese: it’s totally crap and I wouldn’t touch it with a barge pole.,It’s a milk float and it’s Chinese: it’s totally crap and I wouldn’t touch it with a barge pole.,['Chinese'],"['float', 'milk float', 'milk', 'wouldn', 'totally']",-0.4391,Negative
294,V0wtNI-rzSg,Let's see how many things we can put in a car that can go wrong!,Let's see how many things we can put in a car that can go wrong!,[],"['let', 'things', 'wrong', 'car']",-0.5255,Negative
295,V0wtNI-rzSg,Pile of poo 💩,Pile of poo 💩,[],['pile'],0.0,Neutral
296,V0wtNI-rzSg,i can just think of fisker that does that the same,i can just think of fisker that does that the same,[],"['fisker does', 'think', 'fisker', 'does', 'just']",0.0,Neutral
297,V0wtNI-rzSg,It's unique for exploding at random moments,It's unique for exploding at random moments,[],['unique'],0.0,Neutral
298,V0wtNI-rzSg,There are no parts for repair if you crash,There are no parts for repair if you crash,[],"['crash', 'repair', 'parts']",-0.5994,Negative
299,V0wtNI-rzSg,"Chinese cars, euro cars, they're all ugly and all the same.","Chinese cars, euro cars, they're all ugly and all the same.",['Chinese'],"['cars', 'euro', 'ugly', 'chinese cars', 'chinese']",-0.5106,Negative
300,V0wtNI-rzSg,"Why steering wheel on right side?
What country is this?",Why steering wheel on right side? What country is this?,[],"['wheel right', 'country', 'right', 'steering wheel', 'steering']",0.0,Neutral
301,V0wtNI-rzSg,Lol key... sad,Lol key... sad,[],"['sad', 'key', 'lol']",-0.0772,Negative
302,V0wtNI-rzSg,"Only useless gimmicks, try a Tesla.","Only useless gimmicks, try a Tesla.",['Tesla'],"['useless gimmicks', 'gimmicks', 'try', 'useless', 'tesla']",-0.4215,Negative
303,V0wtNI-rzSg,Cool feature in a great vehicle. But pls STOP normalising having a sh1tload of money. I reckon more than 90% of people on earth will probably never be able to afford that.,Cool feature in a great vehicle. But pls STOP normalising having a sh1tload of money. I reckon more than 90% of people on earth will probably never be able to afford that.,[],"['cool feature', 'earth', 'afford', 'able', 'probably']",-0.0643,Negative
304,V0wtNI-rzSg,Heads to the silliest of the lot 😅,Heads to the silliest of the lot 😅,[],"['heads', 'lot']",0.5106,Positive
305,V0wtNI-rzSg,"the most unique thing wont work if you F-up the key , putting it on the charging pad .. then you wont open the car how unique is that","the most unique thing wont work if you F-up the key , putting it on the charging pad .. then you wont open the car how unique is that",[],"['wont', 'unique', 'unique thing', 'pad', 'open']",0.0,Neutral
306,V0wtNI-rzSg,Just be cautious that your build your dream car doesn’t burn down your shed and car collection with it. Ok bro??,Just be cautious that your build your dream car doesn’t burn down your shed and car collection with it. Ok bro??,[],"['dream', 'burn', 'bro', 'ok', 'build']",0.4871,Positive
307,V0wtNI-rzSg,Is that a reliable screen?,Is that a reliable screen?,[],"['reliable', 'screen']",0.0,Neutral
308,V0wtNI-rzSg,"oh man, just what i needed... a --rotating-- screen... while i drive, like watching TV....nice....what is the inflight movie today?","oh man, just what i needed... a --rotating-- screen... while i drive, like watching TV....nice....what is the inflight movie today?",[],"['needed', 'today', 'movie', 'tv', 'watching']",0.3612,Positive
309,V0wtNI-rzSg,how about the engine and the build?,how about the engine and the build?,[],"['engine', 'build']",0.0,Neutral
310,V0wtNI-rzSg,"wow, tom holland doing a car review ;)","wow, tom holland doing a car review ;)",['tom holland'],"['car review', 'doing', 'review', 'wow', 'car']",0.6908,Positive
311,V0wtNI-rzSg,Bro discoverd this two years late as the BYD sealion 7 is a different car bat has the same feature had just released. Wow,Bro discoverd this two years late as the BYD sealion 7 is a different car bat has the same feature had just released. Wow,['BYD'],"['years late', 'byd sealion', 'sealion', 'different', 'bro']",0.5859,Positive
312,V0wtNI-rzSg,"screen looks pretty f'ing ridiculous, can't think why anyone needs that in their car","screen looks pretty f'ing ridiculous, can't think why anyone needs that in their car",[],"['ridiculous', 'needs', 'pretty', 'think', 'looks']",0.1779,Positive
313,V0wtNI-rzSg,"and by buying a car from china, you are supporting Russias war in Ukriane. .... not cool","and by buying a car from china, you are supporting Russias war in Ukriane. .... not cool","['china', 'Ukriane']","['car china', 'buying car', 'supporting', 'war', 'cool']",-0.4519,Negative
314,V0wtNI-rzSg,wow what a major invention... the screen rotates.,wow what a major invention... the screen rotates.,[],"['major', 'screen rotates', 'rotates', 'wow', 'screen']",0.5859,Positive
315,V0wtNI-rzSg,BYD paid him to say that,BYD paid him to say that,['BYD'],"['paid say', 'paid', 'say', 'byd']",0.0,Neutral
316,V0wtNI-rzSg,I'm sorry but I would never in my life buy a Chinese car,I'm sorry but I would never in my life buy a Chinese car,['Chinese'],"['buy chinese', 'sorry', 'life', 'chinese car', 'buy']",-0.0387,Neutral
317,V0wtNI-rzSg,Rotating screen was on that car that Fisker had when they went bust for the 2nd time,Rotating screen was on that car that Fisker had when they went bust for the 2nd time,['Fisker'],"['car fisker', 'screen car', 'went', 'time', 'rotating screen']",0.0,Neutral
318,V0wtNI-rzSg,Does it have tv or games whilst you’re sat at a public charger ?,Does it have tv or games whilst you’re sat at a public charger ?,[],"['charger', 'public', 'games', 'sat', 'tv']",0.0,Neutral
319,V0wtNI-rzSg,"The only issue is BYD is a RUST bucket, too low to the ground and the suspension is lousy !!.","The only issue is BYD is a RUST bucket, too low to the ground and the suspension is lousy !!.","['BYD', 'RUST']","['issue', 'rust', 'suspension', 'low', 'byd']",-0.7339,Negative
320,V0wtNI-rzSg,The worst E.V. on Market.,The worst E.V. on Market.,[],"['worst', 'market']",-0.6249,Negative
321,V0wtNI-rzSg,This advert brought to you by the CCP. Negative or truthful comments will put you on a list.,This advert brought to you by the CCP. Negative or truthful comments will put you on a list.,['CCP'],"['list', 'comments', 'ccp']",-0.1779,Negative
322,V0wtNI-rzSg,"Yay! A rotating screen. Unique to this and other BYDs, and the Fiskar Ocean. So not all that unique to the Seal.","Yay! A rotating screen. Unique to this and other BYDs, and the Fiskar Ocean. So not all that unique to the Seal.",['the Fiskar Ocean'],"['unique', 'fiskar', 'fiskar ocean', 'byds', 'rotating screen']",0.5707,Positive
323,V0wtNI-rzSg,I hear BYD is fishing for favourable reviews.  How much do they pay?,I hear BYD is fishing for favourable reviews. How much do they pay?,['BYD'],"['hear', 'pay', 'reviews', 'byd']",-0.1027,Negative
324,V0wtNI-rzSg,They put the steering wheel on the wrong side🤦🏼‍♂️,They put the steering wheel on the wrong side🤦🏼‍♂️,[],"['wheel wrong', 'steering wheel', 'steering', 'wrong', 'wheel']",-0.4767,Negative
325,V0wtNI-rzSg,"No one is touching BYD, man. Go back to bed.","No one is touching BYD, man. Go back to bed.",['BYD'],"['touching', 'man', 'byd']",-0.296,Negative
326,V0wtNI-rzSg,All of the silly stuff can be left behind… including the rotating screen.,All of the silly stuff can be left behind… including the rotating screen.,[],"['stuff left', 'including', 'silly stuff', 'silly', 'left']",0.0258,Neutral
327,V0wtNI-rzSg,Garbage you definitely got paid for this 😒,Garbage you definitely got paid for this 😒,[],"['definitely', 'garbage', 'paid', 'got']",0.4019,Positive
328,V0wtNI-rzSg,"Oh dear, shmee sold his soul, wonder how much money he received to say nice things about BYD","Oh dear, shmee sold his soul, wonder how much money he received to say nice things about BYD",['BYD'],"['wonder', 'shmee', 'sold', 'oh', 'things']",0.6597,Positive
329,V0wtNI-rzSg,You took the money from the CCP then schmee? BYD have horrific records and you should never get in bed with them.,You took the money from the CCP then schmee? BYD have horrific records and you should never get in bed with them.,['CCP'],"['took', 'schmee', 'ccp', 'money', 'byd']",-0.6597,Negative
330,V0wtNI-rzSg,Most indifferent feature made in a car,Most indifferent feature made in a car,[],"['feature', 'car']",-0.2716,Negative
331,V0wtNI-rzSg,What a dumb video. Ask any owner ....They NEVER use this feature.,What a dumb video. Ask any owner ....They NEVER use this feature.,['NEVER'],"['owner', 'ask', 'dumb', 'video', 'use']",-0.5106,Negative
332,V0wtNI-rzSg,"I hope it doesn't catch fire and don't have an accident, the airbags might not go off!","I hope it doesn't catch fire and don't have an accident, the airbags might not go off!",[],"['airbags', 'accident', 'catch', 'hope', 'doesn']",0.7771,Positive
333,V0wtNI-rzSg,All these dudes will downplay Tesla FSD and hype up a rotating screen in a BYD 😂 to each their own.,All these dudes will downplay Tesla FSD and hype up a rotating screen in a BYD 😂 to each their own.,"['Tesla FSD', 'BYD']","['fsd', 'hype', 'rotating screen', 'rotating', 'tesla']",0.4404,Positive
334,V0wtNI-rzSg,Screen’s been rotating since the Atto 3…,Screen’s been rotating since the Atto 3…,"['Screen', 'the Atto 3']","['screen rotating', 'atto', 'rotating', 'screen']",0.0,Neutral
335,V0wtNI-rzSg,"They say its a gimmick, but its not as pottait mode adds extra functionality in certain options like the camera mode.","They say its a gimmick, but its not as pottait mode adds extra functionality in certain options like the camera mode.",[],"['mode', 'options', 'certain', 'camera', 'extra']",0.7096,Positive
336,V0wtNI-rzSg,"It’s okay, but the steering wheel is on the wrong side.😅","It’s okay, but the steering wheel is on the wrong side.😅",[],"['okay', 'wheel wrong', 'steering wheel', 'steering', 'wrong']",-0.1154,Negative
337,V0wtNI-rzSg,Only people that hates byd are Americans 😂 BYD quality and performance are far ahead of tesla,Only people that hates byd are Americans 😂 BYD quality and performance are far ahead of tesla,['Americans'],"['ahead', 'hates', 'performance', 'far', 'byd']",-0.0,Neutral
338,V0wtNI-rzSg,If you’re putting down 50k on a car you’re not gonna be building any dreams except for the shareholders and Chinese government…,If you’re putting down 50k on a car you’re not gonna be building any dreams except for the shareholders and Chinese government…,['Chinese'],"['50k car', 'building', 'putting', 'dreams', 'chinese government']",0.4019,Positive
339,V0wtNI-rzSg,"I test drove the seal last weekend, I really liked it.  I'm still not ready for a full electric car though.","I test drove the seal last weekend, I really liked it. I'm still not ready for a full electric car though.",[],"['liked', 'ready', 'drove', 'electric car', 'test']",0.246,Positive
340,V0wtNI-rzSg,Gimmick crap. 🤦🏻‍♂️,Gimmick crap. 🤦🏻‍♂️,[],"['gimmick', 'crap']",-0.3818,Negative
341,V0wtNI-rzSg,The ability to rotate the screen into portrait mode and block your view when driving 😂,The ability to rotate the screen into portrait mode and block your view when driving 😂,[],"['screen portrait', 'rotate screen', 'block view', 'block', 'ability']",0.3182,Positive
342,V0wtNI-rzSg,Man. Literally watched an amazing video on a guy that lived in a cart. This guys got a warehouse of performance cars. Wtaf is going on,Man. Literally watched an amazing video on a guy that lived in a cart. This guys got a warehouse of performance cars. Wtaf is going on,[],"['watched', 'guys', 'performance', 'literally', 'guy']",0.5859,Positive
343,V0wtNI-rzSg,It's Chinese!  It will break in 2 weeks!,It's Chinese! It will break in 2 weeks!,['Chinese'],"['weeks', 'break', 'chinese']",0.0,Neutral
344,V0wtNI-rzSg,"Doesn't the Dolphin do this already and others in the BYD range?
Fisker Ocean too...albeit they've gone.",Doesn't the Dolphin do this already and others in the BYD range? Fisker Ocean too...albeit they've gone.,"['Dolphin', 'BYD', 'Fisker Ocean']","['gone', 'dolphin', 'range', 'doesn', 've']",0.0,Neutral
345,V0wtNI-rzSg,I think you mean innovative,I think you mean innovative,[],"['mean innovative', 'mean', 'think', 'innovative']",0.4404,Positive
346,V0wtNI-rzSg,"Any BYD car does this, the Atto 3 or even the cheap Dolphin for example have this rotating screen, you don't need to buy the expensive Seal for that.","Any BYD car does this, the Atto 3 or even the cheap Dolphin for example have this rotating screen, you don't need to buy the expensive Seal for that.","['the Atto 3', 'Dolphin']","['need buy', 'example', 'buy expensive', 'don need', 'car does']",0.0,Neutral
347,V0wtNI-rzSg,Rotates too slow and is nothing but a pointless gimmick.,Rotates too slow and is nothing but a pointless gimmick.,[],"['pointless gimmick', 'slow', 'pointless', 'rotates', 'gimmick']",0.0,Neutral
348,V0wtNI-rzSg,Fisker can do it before,Fisker can do it before,['Fisker'],['fisker'],0.0,Neutral
349,V0wtNI-rzSg,You made such a fuss for a roating screen??,You made such a fuss for a roating screen??,[],['screen'],0.0,Neutral
350,V0wtNI-rzSg,how do you pronounce innovative? lol,how do you pronounce innovative? lol,[],"['innovative lol', 'pronounce innovative', 'pronounce', 'lol', 'innovative']",0.6908,Positive
351,V0wtNI-rzSg,I've never understood the fascination with the car interior these guys have. When I'm driving I'm mainly looking out the front window 🤣,I've never understood the fascination with the car interior these guys have. When I'm driving I'm mainly looking out the front window 🤣,[],"['car interior', 'window', 'guys', 've', 'looking']",0.1461,Positive
352,V0wtNI-rzSg,Apple CarPlay doesn’t let you use it in portrait mode but it is nice,Apple CarPlay doesn’t let you use it in portrait mode but it is nice,['Apple CarPlay'],"['use portrait', 'apple carplay', 'portrait mode', 'carplay', 'let']",0.5719,Positive
353,V0wtNI-rzSg,Unusual. And unique... That's very unusual. There's a lad with nothing to say.,Unusual. And unique... That's very unusual. There's a lad with nothing to say.,[],"['unusual', 'unusual unique', 'unique', 'say']",0.0,Neutral
354,V0wtNI-rzSg,An expensive consumable,An expensive consumable,[],['expensive'],0.0,Neutral
355,V0wtNI-rzSg,350 miles of range in a dream world maybe,350 miles of range in a dream world maybe,[],"['dream', 'miles range', '350 miles', '350', 'miles']",0.25,Positive
356,V0wtNI-rzSg,Diamond shaped stitch on the seat is not top notch,Diamond shaped stitch on the seat is not top notch,['Diamond'],"['notch', 'seat']",0.2042,Positive
357,V0wtNI-rzSg,I just love 2000 nits of brightness shining into my face at night.,I just love 2000 nits of brightness shining into my face at night.,[],"['night', 'face', 'love', 'just']",0.7783,Positive
358,V0wtNI-rzSg,My friend hates the 0.5sec lag when you press on the accelerator each time. Its like a turbo lag but no turbo,My friend hates the 0.5sec lag when you press on the accelerator each time. Its like a turbo lag but no turbo,[],"['friend', 'hates', 'press', 'time', 'like']",-0.5106,Negative
359,V0wtNI-rzSg,I want one,I want one,[],['want'],0.0772,Positive
360,V0wtNI-rzSg,tesla doesn't have a start botton... that is more cool,tesla doesn't have a start botton... that is more cool,[],"['start', 'cool', 'doesn', 'tesla']",0.3804,Positive
361,V0wtNI-rzSg,How's the driving? Gadgets are plenty...,How's the driving? Gadgets are plenty...,[],"['gadgets', 'plenty', 'driving']",0.0,Neutral
362,V0wtNI-rzSg,I would hate to live in Europe as I'm not left handed,I would hate to live in Europe as I'm not left handed,['Europe'],"['left handed', 'handed', 'live', 'left', 'europe']",-0.5719,Negative
363,V0wtNI-rzSg,But it’s still a shitty Electric car,But it’s still a shitty Electric car,[],"['shitty', 'electric car', 'electric', 'car']",-0.7096,Negative
364,V0wtNI-rzSg,and you’ll never use it cause the native car app sucks and rotation isn’t supported on CarPlay or Android auto. We have the BYD Atto 3.,and you’ll never use it cause the native car app sucks and rotation isn’t supported on CarPlay or Android auto. We have the BYD Atto 3.,"['CarPlay', 'Android']","['native', 'cause', 'carplay android', 'sucks', 'byd atto']",-0.0516,Negative
365,V0wtNI-rzSg,Enjoy it while you last.,Enjoy it while you last.,[],['enjoy'],0.4939,Positive
366,V0wtNI-rzSg,The portrait mode restricts your view so much though. This is garbage.,The portrait mode restricts your view so much though. This is garbage.,[],"['view', 'portrait mode', 'garbage', 'mode', 'portrait']",-0.3182,Negative
367,V0wtNI-rzSg,That pronunciation of “innovative” is certainly a choice,That pronunciation of “innovative” is certainly a choice,[],"['pronunciation innovative', 'choice', 'pronunciation', 'innovative']",0.34,Positive
368,V0wtNI-rzSg,20K cars have similar interiors. Screen has constant glare you will never change the screen orientation.,20K cars have similar interiors. Screen has constant glare you will never change the screen orientation.,['Screen'],"['20k', 'interiors', 'screen', 'orientation', 'change']",0.0,Neutral
369,V0wtNI-rzSg,Cars do not need tablets on the dashboard to distract the driver.,Cars do not need tablets on the dashboard to distract the driver.,[],"['distract', 'dashboard', 'tablets', 'driver', 'need']",-0.296,Negative
370,V0wtNI-rzSg,The large screen filled with AC Air flow image does not give more information than small screens. It just blows the images up which is also annoying. It would be great if it provides more information etc. bit it does not.  If you are using it to watch movies then it is great. Or to watch YouTube videos.,The large screen filled with AC Air flow image does not give more information than small screens. It just blows the images up which is also annoying. It would be great if it provides more information etc. bit it does not. If you are using it to watch movies then it is great. Or to watch YouTube videos.,"['AC Air', 'YouTube']","['information', 'watch', 'great', 'does', 'air']",0.7579,Positive
371,V0wtNI-rzSg,"I have a BYD, and the rotating screen is a completely useless function. I don't understand all the hype about it.","I have a BYD, and the rotating screen is a completely useless function. I don't understand all the hype about it.",['BYD'],"['useless function', 'hype', 'don understand', 'completely', 'understand']",-0.4754,Negative
372,V0wtNI-rzSg,But its electric........,But its electric........,[],['electric'],0.0,Neutral
373,V0wtNI-rzSg,"Ich kann autofahren, brauche das alles nicht!!! Wenn das Display nicht mehr aufhoert zu drehen, was ist dann??  Hebt er dann ab???","Ich kann autofahren, brauche das alles nicht!!! Wenn das Display nicht mehr aufhoert zu drehen, was ist dann?? Hebt er dann ab???",['Wenn das Display'],"['dann', 'das', 'nicht', 'ich', 'kann']",0.0,Neutral
374,V0wtNI-rzSg,Most of that is TAX,Most of that is TAX,[],['tax'],0.0,Neutral
375,V0wtNI-rzSg,Everything very cheap chinese plastic. Even the steeringwheel looks cheap chinese low quality JUNK,Everything very cheap chinese plastic. Even the steeringwheel looks cheap chinese low quality JUNK,"['chinese', 'JUNK']","['cheap chinese', 'cheap', 'looks cheap', 'chinese', 'plastic']",-0.2732,Negative
376,V0wtNI-rzSg,"Not a big deal 
..",Not a big deal ..,[],"['big deal', 'deal', 'big']",0.0,Neutral
377,V0wtNI-rzSg,Interesting pronunciation of “innovative”,Interesting pronunciation of “innovative”,[],"['pronunciation innovative', 'pronunciation', 'interesting', 'innovative']",0.4019,Positive
378,V0wtNI-rzSg,Made in China. Guarantee to break within 2 years,Made in China. Guarantee to break within 2 years,['China'],"['guarantee', 'break', 'years', 'china']",0.25,Positive
379,V0wtNI-rzSg,"At last, after over a year, they have put the driver seat memory on the home screen of the MMI, which now opens on unlock and door open, saving you from getting crushed and having to open the MMI and go down 3 menu options to put the seat to your position.","At last, after over a year, they have put the driver seat memory on the home screen of the MMI, which now opens on unlock and door open, saving you from getting crushed and having to open the MMI and go down 3 menu options to put the seat to your position.",['MMI'],"['open', 'seat', 'driver seat', 'options', 'door']",-0.4215,Negative
380,V0wtNI-rzSg,Innovative~ en ova teiv....😂,Innovative~ en ova teiv....😂,['Innovative~'],"['en', 'innovative']",0.7003,Positive
381,V0wtNI-rzSg,Bring your device,Bring your device,[],"['device', 'bring']",0.0,Neutral
382,V0wtNI-rzSg,Portrait orientation extend waaaay to high.,Portrait orientation extend waaaay to high.,[],"['orientation', 'high', 'portrait']",0.1779,Positive
383,V0wtNI-rzSg,If you could not eat food made in china then you cant drive one.,If you could not eat food made in china then you cant drive one.,['china'],"['eat', 'drive', 'china']",0.0,Neutral
384,V0wtNI-rzSg,Absolute trash. Checked out one in Milan and rotating the screen to landscape mode caused the entire infotainment system to spaz out flashing random buttons all over the screen. A simple thing like that kinda proudly screams “Chinese made”.,Absolute trash. Checked out one in Milan and rotating the screen to landscape mode caused the entire infotainment system to spaz out flashing random buttons all over the screen. A simple thing like that kinda proudly screams “Chinese made”.,"['Milan', 'kinda', 'Chinese']","['absolute trash', 'screen landscape', 'kinda', 'landscape mode', 'screen']",0.5974,Positive
385,V0wtNI-rzSg,What a waste of a steering button,What a waste of a steering button,[],"['waste', 'button', 'steering']",-0.4215,Negative
386,V0wtNI-rzSg,Interior looks like Temu,Interior looks like Temu,['Temu'],"['temu', 'interior looks', 'looks like', 'interior', 'looks']",0.3612,Positive
387,V0wtNI-rzSg,it's faster than a tycan... and it's fun.,it's faster than a tycan... and it's fun.,[],"['faster', 'fun']",0.5106,Positive
388,V0wtNI-rzSg,"How did he just pronounce ""innovative"". 😂😂","How did he just pronounce ""innovative"". 😂😂",[],"['just pronounce', 'did just', 'pronounce innovative', 'pronounce', 'did']",0.8271,Positive
389,V0wtNI-rzSg,"""i want to show you something that is quite unusual and unique"" first thing i see is the sterring wheel on the right and got me thinking is this a funny joke😅","""i want to show you something that is quite unusual and unique"" first thing i see is the sterring wheel on the right and got me thinking is this a funny joke😅",[],"['unique thing', 'joke', 'quite unusual', 'thinking', 'wheel right']",0.7845,Positive
390,V0wtNI-rzSg,"a unique thing for 50K a spinning tablet , my god what kind of marketing is this","a unique thing for 50K a spinning tablet , my god what kind of marketing is this",[],"['unique thing', 'marketing', 'spinning', 'god', 'kind']",0.2732,Positive
391,V0wtNI-rzSg,"The next step would be : 1. Having a foldable screen -if you need it big -please,  if not - fold so it doesn't take sight and attention from road. 
2. The steering wheel is still on the wrong side😅","The next step would be : 1. Having a foldable screen -if you need it big -please, if not - fold so it doesn't take sight and attention from road. 2. The steering wheel is still on the wrong side😅",[],"['attention', 'having', 'wheel wrong', 'big', 'road']",0.1779,Positive
392,V0wtNI-rzSg,Your late 😂😂😂😂😂😂😂mate,Your late 😂😂😂😂😂😂😂mate,[],"['mate', 'late']",0.9382,Positive
393,V0wtNI-rzSg,Driving the Han,Driving the Han,['Han'],"['han', 'driving']",0.0,Neutral
394,V0wtNI-rzSg,So you guys get excited for an iphone with tires...,So you guys get excited for an iphone with tires...,[],"['iphone', 'guys', 'excited']",0.34,Positive
395,V0wtNI-rzSg,"Is a peace of JUNK! It was launched in Brazil as the car that would ""end"" the Corolla. It doesn't sell even 10% of what the Corolla sells...","Is a peace of JUNK! It was launched in Brazil as the car that would ""end"" the Corolla. It doesn't sell even 10% of what the Corolla sells...","['JUNK', 'Brazil', 'Corolla']","['sells', 'sell', 'end', 'junk', '10']",0.6476,Positive
396,V0wtNI-rzSg,This guy's got the most ridiculous pronunciation stack.,This guy's got the most ridiculous pronunciation stack.,[],"['ridiculous', 'pronunciation', 'guy', 'got']",-0.4201,Negative
397,V0wtNI-rzSg,the user interface is super ugly.,the user interface is super ugly.,[],"['user interface', 'user', 'interface', 'super', 'ugly']",0.1531,Positive
398,V0wtNI-rzSg,If Streaming was a car,If Streaming was a car,['Streaming'],['car'],0.0,Neutral
399,V0wtNI-rzSg,Fisker did this. RIP,Fisker did this. RIP,"['Fisker', 'RIP']","['fisker did', 'did', 'fisker']",0.0,Neutral
400,V0wtNI-rzSg,Fiskers had the rotating screen,Fiskers had the rotating screen,[],"['fiskers', 'rotating screen', 'rotating', 'screen']",0.0,Neutral
401,V0wtNI-rzSg,God that voice is still so unbearable.,God that voice is still so unbearable.,[],"['voice', 'god']",0.2732,Positive
402,V0wtNI-rzSg,All byd cars have this...,All byd cars have this...,[],"['byd cars', 'cars', 'byd']",0.0,Neutral
403,V0wtNI-rzSg,Una cagata pazzesca!!!,Una cagata pazzesca!!!,['Una'],[],0.0,Neutral
404,V0wtNI-rzSg,"No, it’s not the only one, all BYD are doing that, and… it’s useless !","No, it’s not the only one, all BYD are doing that, and… it’s useless !",['BYD'],"['byd doing', 'doing', 'useless', 'byd']",-0.4753,Negative
405,V0wtNI-rzSg,Damn my man never seen any other cars before,Damn my man never seen any other cars before,[],"['damn', 'man', 'seen', 'cars']",-0.4019,Negative
406,V0wtNI-rzSg,"and after a few months u starting hear noises, dont know where its coming from.
then u ask the CS, they dont know either. then after months, they finally found the source of the noises, but u have to wait another month to get i repaired.
heard that a lot from that brand's users here
😁","and after a few months u starting hear noises, dont know where its coming from. then u ask the CS, they dont know either. then after months, they finally found the source of the noises, but u have to wait another month to get i repaired. heard that a lot from that brand's users here 😁",[],"['noises', 'months', 'dont', 'know', 'starting']",0.6124,Positive
407,V0wtNI-rzSg,Fisker Ocean has that feature. It's nothing new.,Fisker Ocean has that feature. It's nothing new.,['Fisker Ocean'],"['ocean feature', 'fisker ocean', 'new', 'feature', 'ocean']",0.0,Neutral
408,V0wtNI-rzSg,"Idk if they have significantly better quality control for the cars that they export but so many streamers in Mainland China reported that the rest of the car was absolute trash. From fast deterioration of the battery to corroded and rusted chassis within a year or two to frequent instances of the car blowing up from charging or simple collisions to navigation / auto pilot causing crashes... mind you, most of these streams and complaints were taken down almost as soon as they were posted and the streamers got hit with lawsuits so byd must have some serious pulls in the government on top of a huge legal team. But yeah based on the streams there there's 0 chance I'd ever be interested in these EVs regardless of price.","Idk if they have significantly better quality control for the cars that they export but so many streamers in Mainland China reported that the rest of the car was absolute trash. From fast deterioration of the battery to corroded and rusted chassis within a year or two to frequent instances of the car blowing up from charging or simple collisions to navigation / auto pilot causing crashes... mind you, most of these streams and complaints were taken down almost as soon as they were posted and the streamers got hit with lawsuits so byd must have some serious pulls in the government on top of a huge legal team. But yeah based on the streams there there's 0 chance I'd ever be interested in these EVs regardless of price.","['Idk', 'Mainland China']","['absolute trash', 'significantly', 'chance', 'crashes', 'hit']",0.7876,Positive
409,V0wtNI-rzSg,"Bad quality, its China like disposable... buy only Tesla...","Bad quality, its China like disposable... buy only Tesla...","['China', 'Tesla']","['bad', 'quality', 'buy', 'china', 'tesla']",-0.25,Negative
410,V0wtNI-rzSg,"wrong, the Tesla Model S is also able to do this","wrong, the Tesla Model S is also able to do this",['the Tesla Model S'],"['able', 'tesla model', 'wrong', 'model', 'tesla']",-0.4767,Negative
411,V0wtNI-rzSg,So not rate this guy stop views,So not rate this guy stop views,[],"['rate', 'guy', 'stop']",-0.296,Negative
412,V0wtNI-rzSg,Find a woman shmee  are you real,Find a woman shmee are you real,[],"['shmee', 'real']",0.0,Neutral
413,V0wtNI-rzSg,In OV A Tiv? Not innovative then. 😮,In OV A Tiv? Not innovative then. 😮,['OV A Tiv'],"['ov tiv', 'ov', 'tiv', 'innovative']",-0.3412,Negative
414,V0wtNI-rzSg,Can you say ‘Innovative’ again 😈😈,Can you say ‘Innovative’ again 😈😈,[],"['say innovative', 'say', 'innovative']",0.7184,Positive
415,V0wtNI-rzSg,Car from Temu,Car from Temu,['Temu'],"['temu', 'car']",0.0,Neutral
416,V0wtNI-rzSg,Can a tesla rotate the display?,Can a tesla rotate the display?,[],"['rotate', 'display', 'tesla']",0.0,Neutral
417,V0wtNI-rzSg,We are SO!  in TROUBLE!!!!,We are SO! in TROUBLE!!!!,[],['trouble'],-0.6809,Negative
418,V0wtNI-rzSg,Not interesting anymore. BYD had this feature like 3 years ago.,Not interesting anymore. BYD had this feature like 3 years ago.,['BYD'],"['like years', 'anymore', 'years ago', 'interesting', 'ago']",0.0624,Positive
419,V0wtNI-rzSg,"50,000 quid for a Chinese car?","50,000 quid for a Chinese car?",['Chinese'],"['50 000', '000', '50', 'chinese car', 'chinese']",0.0,Neutral
420,V0wtNI-rzSg,Di Malaysia saya lihat BYD di mana-mana.. Terbaik. Kami bangga jadi orang Asia ❤,Di Malaysia saya lihat BYD di mana-mana.. Terbaik. Kami bangga jadi orang Asia ❤,"['Malaysia', 'BYD', 'Kami', 'Asia']","['di', 'byd']",0.6369,Positive
421,V0wtNI-rzSg,@Shmeebites where you live?In a cave?,where you live?In a cave?,['live?In'],['live'],0.0,Neutral
422,V0wtNI-rzSg,"Chinese shitbox, they add gimicky things to distract you from the fact it’s a piece of crap that will probably explode the second it leaves the showroom","Chinese shitbox, they add gimicky things to distract you from the fact it’s a piece of crap that will probably explode the second it leaves the showroom",['Chinese'],"['explode', 'showroom', 'second', 'distract', 'piece']",-0.5859,Negative
423,V0wtNI-rzSg,I've never heard anyone pronounce 'innovative' like that.,I've never heard anyone pronounce 'innovative' like that.,[],"['heard pronounce', 've heard', 'innovative like', 'pronounce innovative', 'pronounce']",0.6597,Positive
424,V0wtNI-rzSg,Top notch interiors... 😂😂😂,Top notch interiors... 😂😂😂,[],"['interiors', 'notch']",0.8591,Positive
425,V0wtNI-rzSg,Wow this content is so desperate,Wow this content is so desperate,[],['wow'],0.2044,Positive
426,V0wtNI-rzSg,Das Lenkrad ist auf der falschen Seite.,Das Lenkrad ist auf der falschen Seite.,"['Das Lenkrad', 'Seite']","['auf', 'das']",0.0,Neutral
427,V0wtNI-rzSg,"Under 50K Alternatives

Sport Cars ,

400Z, GR Supra, MX5 ND, Ford Mustangs

Broke Kei Cars, 

Copen GR Sport (Under 30 k that is), Or any Suzukis

Hot Hatches,

The Yaris, Corolla, I20, I30 N's

Sedans, 

Redsport Q50, Q60, Audi A5

SUV,

Audi Q3, BMW X3, Genesis G770","Under 50K Alternatives Sport Cars , 400Z, GR Supra, MX5 ND, Ford Mustangs Broke Kei Cars, Copen GR Sport (Under 30 k that is), Or any Suzukis Hot Hatches, The Yaris, Corolla, I20, I30 N's Sedans, Redsport Q50, Q60, Audi A5 SUV, Audi Q3, BMW X3, Genesis G770","['Ford', 'Corolla', 'I20', ""I30 N's"", 'Redsport Q50', 'Q60', 'Audi A5', 'Audi Q3', 'BMW X3', 'Genesis']","['audi', 'sedans', 'hot', 'cars', 'ford']",-0.4215,Negative
428,V0wtNI-rzSg,Car or useless toy for GenZ?,Car or useless toy for GenZ?,[],"['toy', 'useless', 'car']",-0.4215,Negative
429,V0wtNI-rzSg,Oh wow it rotates and blocks my view of the front left corner. 🤦‍♂️,Oh wow it rotates and blocks my view of the front left corner. 🤦‍♂️,[],"['oh wow', 'blocks', 'view', 'rotates', 'left']",0.4404,Positive
430,V0wtNI-rzSg,Wheel on the right site looks soooo wrong...,Wheel on the right site looks soooo wrong...,[],"['wheel right', 'right', 'wrong', 'wheel', 'looks']",-0.4767,Negative
431,V0wtNI-rzSg,the screen rotate to look like a tesla screen…hahahaha,the screen rotate to look like a tesla screen…hahahaha,[],"['like tesla', 'tesla screen', 'screen rotate', 'screen', 'look like']",0.3612,Positive
432,V0wtNI-rzSg,Nokia N90 😂,Nokia N90 😂,['Nokia N90'],[],0.4404,Positive
433,V0wtNI-rzSg,50K times NO. Am sticking with my 96 Mercs,50K times NO. Am sticking with my 96 Mercs,[],"['sticking', 'times', '50k']",0.0,Neutral
434,V0wtNI-rzSg,I can't express how much I dislike this dude,I can't express how much I dislike this dude,[],"['dislike', 'dude']",-0.3818,Negative
435,V0wtNI-rzSg,Hiii guy i shameeeee,Hiii guy i shameeeee,[],['guy'],0.0,Neutral
436,V0wtNI-rzSg,Did you just innovate a new word? 😅,Did you just innovate a new word? 😅,[],"['word', 'did just', 'new', 'did', 'just']",0.6908,Positive
437,V0wtNI-rzSg,Don’t support China,Don’t support China,['China'],"['support', 'don', 'china']",0.4019,Positive
438,V0wtNI-rzSg,That function will never break,That function will never break,[],"['function', 'break']",0.0,Neutral
439,V0wtNI-rzSg,"Impressive car, he forgot to mention the car has four wheels","Impressive car, he forgot to mention the car has four wheels",[],"['forgot', 'mention', 'impressive', 'wheels', 'car']",0.5106,Positive
440,V0wtNI-rzSg,Y A W N,Y A W N,['Y A W N'],[],0.0,Neutral
441,V0wtNI-rzSg,I have a byd dolphin.The only time I've ever turned the screen was to show other people that it turns.,I have a byd dolphin.The only time I've ever turned the screen was to show other people that it turns.,[],"['byd dolphin', 'time ve', 'turned', 'turns', 'dolphin']",0.0,Neutral
442,V0wtNI-rzSg,how long does it take to break?,how long does it take to break?,[],"['break', 'long', 'does']",0.0,Neutral
443,V0wtNI-rzSg,Cheap Chinese Junk!,Cheap Chinese Junk!,['Cheap Chinese Junk'],"['chinese junk', 'cheap chinese', 'junk', 'cheap', 'chinese']",0.0,Neutral
444,V0wtNI-rzSg,At.least the screen rotates in a car subsidized by the chinese communist party,At.least the screen rotates in a car subsidized by the chinese communist party,['the chinese communist party'],"['subsidized chinese', 'communist party', 'chinese communist', 'subsidized', 'party']",0.4019,Positive
445,V0wtNI-rzSg,Who cares! A car should have other qualities! They’re turning them in to phones on wheels.,Who cares! A car should have other qualities! They’re turning them in to phones on wheels.,[],"['phones', 'cares', 'turning', 'wheels', 'car']",0.555,Positive
446,V0wtNI-rzSg,Cheap Chinese crap,Cheap Chinese crap,['Cheap Chinese'],"['chinese crap', 'cheap chinese', 'crap', 'cheap', 'chinese']",-0.3818,Negative
447,V0wtNI-rzSg,Is it available in the US?,Is it available in the US?,[],['available'],0.0,Neutral
448,V0wtNI-rzSg,Dash screen is garbage and a rotating screen is dumb. Why would you want to block your vision? Wide screen is better anyways.,Dash screen is garbage and a rotating screen is dumb. Why would you want to block your vision? Wide screen is better anyways.,[],"['screen', 'anyways', 'vision', 'block', 'dumb']",-0.25,Negative
449,V0wtNI-rzSg,Great. Now you can play shooter games while driving over the 10 billion potholes.,Great. Now you can play shooter games while driving over the 10 billion potholes.,[],"['billion', 'games', 'play', '10', 'driving']",0.7579,Positive
450,V0wtNI-rzSg,i m chinese and byd seal is just 15000usd in china ..,i m chinese and byd seal is just 15000usd in china ..,"['chinese', 'china']","['seal just', 'byd seal', 'seal', 'china', 'just']",0.0,Neutral
451,V0wtNI-rzSg,China is pulling out all the stops with social media pimps.,China is pulling out all the stops with social media pimps.,['China'],"['social media', 'social', 'media', 'china']",-0.1531,Negative
452,V0wtNI-rzSg,I hate his ugly voice with this high sound and britsh acent!,I hate his ugly voice with this high sound and britsh acent!,[],"['voice', 'high', 'ugly', 'sound', 'hate']",-0.807,Negative
453,V0wtNI-rzSg,I prefer actual knobs that you can operate without being distracted from the road.,I prefer actual knobs that you can operate without being distracted from the road.,[],"['knobs', 'distracted', 'operate', 'prefer', 'road']",0.2584,Positive
454,V0wtNI-rzSg,Byd is so much better than tesla,Byd is so much better than tesla,[],"['byd better', 'better tesla', 'better', 'tesla', 'byd']",0.4902,Positive
455,V0wtNI-rzSg,Nice car. But hate giant screens....,Nice car. But hate giant screens....,[],"['nice car', 'giant', 'hate', 'nice', 'screens']",-0.631,Negative
456,V0wtNI-rzSg,BTW the magnetic shock absorber was 1st used by Cadillac 2002 ago.,BTW the magnetic shock absorber was 1st used by Cadillac 2002 ago.,['Cadillac'],"['btw', 'ago', 'used']",-0.3818,Negative
457,V0wtNI-rzSg,Tesla has that already 2 to 3 yrs ago.,Tesla has that already 2 to 3 yrs ago.,['Tesla'],"['ago', 'tesla']",0.0,Neutral
458,V0wtNI-rzSg,Fisker Ocean can do it.. it did it before BYD.,Fisker Ocean can do it.. it did it before BYD.,"['Fisker Ocean', 'BYD']","['did byd', 'ocean did', 'fisker ocean', 'ocean', 'did']",0.0,Neutral
459,V0wtNI-rzSg,Electric shite. 😂,Electric shite. 😂,[],"['shite', 'electric']",0.4404,Positive
460,V0wtNI-rzSg,The BYD Atto3 had this before the Seal.... not a new thing and the Seal is not the only one that does it...,The BYD Atto3 had this before the Seal.... not a new thing and the Seal is not the only one that does it...,"['BYD', 'Seal']","['seal', 'seal does', 'atto3', 'new', 'thing']",0.0,Neutral
461,V0wtNI-rzSg,an iPad that turns isn't going to sell me a BYD,an iPad that turns isn't going to sell me a BYD,"['iPad', 'BYD']","['turns', 'ipad', 'sell', 'isn', 'going']",0.0,Neutral
462,V0wtNI-rzSg,Oooh look at all the pretty lights and buttons. How many fools will fall for the chink crap? I'm sure it can vacuum the floors and make coffee too!,Oooh look at all the pretty lights and buttons. How many fools will fall for the chink crap? I'm sure it can vacuum the floors and make coffee too!,[],"['vacuum', 'fall', 'lights', 'pretty', 'sure']",-0.1511,Negative
463,V0wtNI-rzSg,"It’s a f@cking car, it’s not meant to be a glorified game console, it’s electric, nuff said","It’s a car, it’s not meant to be a glorified game console, it’s electric, nuff said",[],"['glorified', 'console', 'game', 'said', 'electric']",0.5106,Positive
464,V0wtNI-rzSg,too bad those cars rust in 2 years from all the cheap materials they use.,too bad those cars rust in 2 years from all the cheap materials they use.,[],"['materials', 'rust', 'bad', 'use', 'cheap']",-0.5423,Negative
465,V0wtNI-rzSg,Nice but the portrait mode seems to be at a position where it can impede driving vision,Nice but the portrait mode seems to be at a position where it can impede driving vision,[],"['position', 'vision', 'portrait mode', 'mode', 'portrait']",0.5267,Positive
466,V0wtNI-rzSg,meanwhile american still used dinosour technolgy.,meanwhile american still used dinosour technolgy.,['american'],"['american', 'used']",0.0,Neutral
467,V0wtNI-rzSg,"My old petrol car has a radio with push buttons, levers to operate the heater and that's about it. It's perfect. It's a car not a Playstation.","My old petrol car has a radio with push buttons, levers to operate the heater and that's about it. It's perfect. It's a car not a Playstation.",['Playstation'],"['heater', 'radio', 'operate', 'push', 'perfect']",0.5719,Positive
468,V0wtNI-rzSg,#British peasants need not apply for a People's Republic car. Incomes are too low.,British peasants need not apply for a People's Republic car. Incomes are too low.,['British'],"['british', 'low', 'people', 'need', 'car']",-0.2732,Negative
469,V0wtNI-rzSg,"Not so long ago my ex's father bought some farmland in Thailand and built a gated farm house and Traktor shed for 25k. Little over a decade ago I think. A decade before that our youth and parents generations paid that or much less for houses in Britain. Now a Chinese car is near half the value of a house and some laces you can buy for about that money. Incomes haven't risen to match though so cars like this price are quite doomed, as are motorists impoverished so much a neccesity of life for the majority of people is unaffordable despite being so inexpensive to manufacture and import.
All cars should probably be half the price to remain viable, or incomes of those who can't afford them multiplied as they should be yo counter debt trap wages and 'welfare' incomes. In the days of satnav a decade or two ago, we used to have swivel balls to adjust the screens wherever wanted, a bit like wingmirrors and rear view mirrors. We used to install flip screens aswell that folded down into the dashboard as they were a bit blindingly glaring driving in the dark sometimes in the eye and in windows. If you tilt a drinks glass with a phone screen a bit in front of you and below the glass, you can see the screen inn the bottom of the glass. Could be a way of making a hologram display scaled down and displayed on a touch sensor pad/screen to use the hologram instead or aswell. 🤔","Not so long ago my ex's father bought some farmland in Thailand and built a gated farm house and Traktor shed for 25k. Little over a decade ago I think. A decade before that our youth and parents generations paid that or much less for houses in Britain. Now a Chinese car is near half the value of a house and some laces you can buy for about that money. Incomes haven't risen to match though so cars like this price are quite doomed, as are motorists impoverished so much a neccesity of life for the majority of people is unaffordable despite being so inexpensive to manufacture and import. All cars should probably be half the price to remain viable, or incomes of those who can't afford them multiplied as they should be yo counter debt trap wages and 'welfare' incomes. In the days of satnav a decade or two ago, we used to have swivel balls to adjust the screens wherever wanted, a bit like wingmirrors and rear view mirrors. We used to install flip screens aswell that folded down into the dashboard as they were a bit blindingly glaring driving in the dark sometimes in the eye and in windows. If you tilt a drinks glass with a phone screen a bit in front of you and below the glass, you can see the screen inn the bottom of the glass. Could be a way of making a hologram display scaled down and displayed on a touch sensor pad/screen to use the hologram instead or aswell. 🤔","['Thailand', 'Traktor', 'Britain', 'Chinese']","['decade', 'glass', 'bit', 'ago', 'aswell']",-0.3848,Negative
470,V0wtNI-rzSg,Whos gonna tell him?,Whos gonna tell him?,[],"['gonna tell', 'tell', 'gonna']",0.0,Neutral
471,V0wtNI-rzSg,"The whole car does this, not just the screen.","The whole car does this, not just the screen.",[],"['car does', 'does', 'just', 'screen', 'car']",0.0,Neutral
472,V0wtNI-rzSg,Way too much stuff in there. It looks like you are driving a ‘PlayStation unit’….,Way too much stuff in there. It looks like you are driving a ‘PlayStation unit’….,['PlayStation'],"['unit', 'stuff', 'looks like', 'way', 'driving']",0.3612,Positive
473,V0wtNI-rzSg,"I live in Hawai'i, USA. Never heard of this car. Nice, but I don't like full electrics or plug in hybrids. Plus, steering wheel is on the wrong side.  Only ones we have here are the postal delivery trucks and the Japanese mini Kei cars/trucks/vans.","I live in Hawai'i, USA. Never heard of this car. Nice, but I don't like full electrics or plug in hybrids. Plus, steering wheel is on the wrong side. Only ones we have here are the postal delivery trucks and the Japanese mini Kei cars/trucks/vans.","['USA', 'Japanese', 'Kei']","['car nice', 'plug', 'japanese', 'ones', 'don like']",-0.7109,Negative
474,V0wtNI-rzSg,"Correct me if I'm wrong. But didn't the fisker ocean have a rotating screen as well? That effect isn't original, I'm sure I've seen it somewhere before.","Correct me if I'm wrong. But didn't the fisker ocean have a rotating screen as well? That effect isn't original, I'm sure I've seen it somewhere before.",[],"['correct', 'original', 'ocean rotating', 've seen', 'didn']",-0.5083,Negative
475,V0wtNI-rzSg,That’s cool. It’ll break in 6 months. In fact I think I did see a Carwow review where it suddenly started rotating on its own,That’s cool. It’ll break in 6 months. In fact I think I did see a Carwow review where it suddenly started rotating on its own,[],"['started', 'months', 'fact', 'cool', 'break']",0.3182,Positive
476,V0wtNI-rzSg,"""quite unusual and unique"", right","""quite unusual and unique"", right",[],"['quite unusual', 'unusual unique', 'unusual', 'quite', 'unique']",0.0,Neutral
477,V0wtNI-rzSg,might also be the only car burns for no reason.....,might also be the only car burns for no reason.....,[],"['burns', 'reason', 'car']",-0.296,Negative
478,V0wtNI-rzSg,"Oooooh, a tablet that rotates.","Oooooh, a tablet that rotates.",['Oooooh'],"['rotates', 'tablet']",0.0,Neutral
479,V0wtNI-rzSg,And the battery explodes after 100 miles.,And the battery explodes after 100 miles.,[],"['explodes', '100', 'miles', 'battery']",0.0,Neutral
480,V0wtNI-rzSg,So it's not a car but an iPad,So it's not a car but an iPad,['iPad'],"['ipad', 'car']",0.0,Neutral
481,V0wtNI-rzSg,In-of-a-tive? Am I having a stroke?,In-of-a-tive? Am I having a stroke?,[],"['tive', 'having']",0.0,Neutral
482,V0wtNI-rzSg,"Been out for ages.You forgot to mention the main feature,60% depreciation in a year.","Been out for ages.You forgot to mention the main feature,60% depreciation in a year.",[],"['ages', '60', 'main', 'forgot', 'mention']",0.0,Neutral
483,V0wtNI-rzSg,"How did you just pronounce ""innovative""?","How did you just pronounce ""innovative""?",[],"['just pronounce', 'did just', 'pronounce innovative', 'pronounce', 'did']",0.4404,Positive
484,V0wtNI-rzSg,It’s not a car it’s a shit box on wheels.,It’s not a car it’s a shit box on wheels.,[],"['wheels', 'shit', 'car']",-0.5574,Negative
485,V0wtNI-rzSg,"Under £50K, another moron.","Under £50K, another moron.",[],['50k'],-0.4939,Negative
486,V0wtNI-rzSg,50 grand for chinese junk?,50 grand for chinese junk?,['chinese'],"['grand', 'chinese junk', '50', 'junk', 'chinese']",0.4588,Positive
487,V0wtNI-rzSg,Does it have dark mode?,Does it have dark mode?,[],"['dark mode', 'dark', 'mode', 'does']",0.0,Neutral
488,V0wtNI-rzSg,That  sucks. The whole car is trash. The sad truth is that si many idiots will buy this thinkin its great,That sucks. The whole car is trash. The sad truth is that si many idiots will buy this thinkin its great,[],"['si', 'idiots', 'truth', 'sad', 'sucks']",0.2023,Positive
489,V0wtNI-rzSg,It also comes with self inflaming function,It also comes with self inflaming function,[],"['self', 'comes', 'function']",0.0,Neutral
490,V0wtNI-rzSg,Tesla is cooked 😂,Tesla is cooked 😂,['Tesla'],['tesla'],0.4404,Positive
491,V0wtNI-rzSg,Why are those huge screens not banned as dangerous!?,Why are those huge screens not banned as dangerous!?,[],"['banned', 'huge', 'dangerous', 'screens']",0.7668,Positive
492,V0wtNI-rzSg,Yeah the European and the American lost this round they just dont admit it,Yeah the European and the American lost this round they just dont admit it,"['European', 'American']","['just dont', 'lost', 'round', 'dont', 'yeah']",-0.1759,Negative
493,V0wtNI-rzSg,IN NO VA TIV GOV-NAH.,IN NO VA TIV GOV-NAH.,['NO VA TIV GOV-NAH'],"['gov', 'va', 'nah', 'tiv']",-0.296,Negative
494,V0wtNI-rzSg,"I use to scoff at BYD because I thought "" all those moving parts and gadgets just mean too many repairs "" ... but then again I think China is a master at manufacturing, and the stuff probably lasts at least 5 years, and most people keep stuff about 5 years then get a new one. Will be interesting.","I use to scoff at BYD because I thought "" all those moving parts and gadgets just mean too many repairs "" ... but then again I think China is a master at manufacturing, and the stuff probably lasts at least 5 years, and most people keep stuff about 5 years then get a new one. Will be interesting.","['BYD', 'China']","['stuff', 'years', 'years new', 'manufacturing', 'gadgets']",0.5499,Positive
495,V0wtNI-rzSg,people pismronouncing their worms again,people pismronouncing their worms again,[],['people'],0.0,Neutral
496,V0wtNI-rzSg,It has great tech but BYD is known to malfunction and catch fire.,It has great tech but BYD is known to malfunction and catch fire.,['BYD'],"['known', 'catch', 'tech', 'great', 'byd']",-0.1406,Negative
497,V0wtNI-rzSg,Lucky if you get 300 Miles bruv,Lucky if you get 300 Miles bruv,[],"['lucky', 'miles']",0.4215,Positive
498,V0wtNI-rzSg,The mustang mach e makes the same i think,The mustang mach e makes the same i think,[],"['makes', 'think']",0.0,Neutral
499,V0wtNI-rzSg,You should not park any EV car in the same garage with other cars man. Bad idea,You should not park any EV car in the same garage with other cars man. Bad idea,[],"['ev car', 'park', 'idea', 'man', 'garage']",-0.5423,Negative
500,V0wtNI-rzSg,Yeah but does it drive itself across the country from point A to B without having to touch the wheel or pedals?,Yeah but does it drive itself across the country from point A to B without having to touch the wheel or pedals?,[],"['point', 'country', 'yeah', 'touch', 'having']",0.1531,Positive
501,V0wtNI-rzSg,Uuh amazing… my mobile does this since 15 years. Is a CAR !! It is not suppose to act like an Ipad 😢,Uuh amazing… my mobile does this since 15 years. Is a CAR !! It is not suppose to act like an Ipad 😢,[],"['15 years', 'mobile', '15', 'ipad', 'amazing']",-0.2924,Negative
502,V0wtNI-rzSg,"Another thing to break down and mega expensive. Plus, once you select an orientation you are likely to never change again","Another thing to break down and mega expensive. Plus, once you select an orientation you are likely to never change again",[],"['likely', 'thing break', 'orientation', 'change', 'plus']",0.0,Neutral
503,V0wtNI-rzSg,In of a tiv lol,In of a tiv lol,[],"['tiv', 'lol']",0.4215,Positive
504,V0wtNI-rzSg,Every Chines E-car is better then any  E-car from Europe... That is fact!!,Every Chines E-car is better then any E-car from Europe... That is fact!!,['Europe'],"['better car', 'fact', 'europe', 'car', 'better']",0.5399,Positive
505,V0wtNI-rzSg,Yeah a nice screen with an orrible software and user interface,Yeah a nice screen with an orrible software and user interface,[],"['user interface', 'user', 'interface', 'yeah', 'software']",0.6124,Positive
506,V0wtNI-rzSg,"Cool for when you want to continue watching that film after you overturned your vehicle, being distracted whilst watching that film.","Cool for when you want to continue watching that film after you overturned your vehicle, being distracted whilst watching that film.",[],"['watching', 'continue', 'distracted', 'whilst', 'cool']",0.0516,Positive
507,V0wtNI-rzSg,Burn Your Dreams 🔥 🚗,Burn Your Dreams 🔥 🚗,[],"['burn', 'dreams']",0.0772,Positive
508,V0wtNI-rzSg,"He can't pronounce ""innovative"" 😅","He can't pronounce ""innovative"" 😅",[],"['pronounce innovative', 'pronounce', 'innovative']",-0.5448,Negative
509,V0wtNI-rzSg,Unique... to every single BYD...,Unique... to every single BYD...,"['Unique', 'BYD']","['single', 'unique', 'byd']",0.0,Neutral
510,V0wtNI-rzSg,Handles won't open on a frozen morning 🫣🤣😕,Handles won't open on a frozen morning 🫣🤣😕,[],"['handles', 'open', 'won']",0.2263,Positive
511,V0wtNI-rzSg,"Ahh, yes, the giant rotating tablet....... a wonderful distraction for the driver !😮","Ahh, yes, the giant rotating tablet....... a wonderful distraction for the driver !😮",[],"['distraction', 'rotating tablet', 'giant', 'yes', 'driver']",0.6239,Positive
512,V0wtNI-rzSg,Too expensive. Don’t lease vehicles buy what one can afford and have a happier life.,Too expensive. Don’t lease vehicles buy what one can afford and have a happier life.,[],"['afford', 'vehicles', 'life', 'expensive', 'buy']",0.5267,Positive
513,V0wtNI-rzSg,How’s the build quality? I hear owners are disappointed with the build quality.,How’s the build quality? I hear owners are disappointed with the build quality.,[],"['build quality', 'build', 'quality', 'hear']",-0.4767,Negative
514,V0wtNI-rzSg,Being able to change the orientation great but why anyone needs a fast-access button to swivel is beyond me. I can't see someone do this more than once an hour at which point you might as well have a more useful button on the steering wheel ;x,Being able to change the orientation great but why anyone needs a fast-access button to swivel is beyond me. I can't see someone do this more than once an hour at which point you might as well have a more useful button on the steering wheel ;x,[],"['button', 'swivel', 'button steering', 'orientation', 'fast']",0.8587,Positive
515,V0wtNI-rzSg,"Nope, just try to discover more..
There's plenty cars can do this..","Nope, just try to discover more.. There's plenty cars can do this..",[],"['nope', 'plenty', 'try', 'just', 'cars']",0.0,Neutral
516,V0wtNI-rzSg,"This battery cars will not complete 
It will come time and the people will through it
1- its not normal charge car around 10 hours and the fast 30 minute toooooo much 
2- easy to be fire and if its start fire say bye bye to the car 
3- you buy it after 1 year use do you have idea  how much money  you will lose ?? 
3- its not cool what is car without real voice lol",This battery cars will not complete It will come time and the people will through it 1- its not normal charge car around 10 hours and the fast 30 minute toooooo much 2- easy to be fire and if its start fire say bye bye to the car 3- you buy it after 1 year use do you have idea how much money you will lose ?? 3- its not cool what is car without real voice lol,[],"['bye', 'car', 'bye bye', 'easy', 'complete']",-0.8049,Negative
517,V0wtNI-rzSg,"I had a BYD Atto 3, i Always used it in landscape, you know, like my eyes are...","I had a BYD Atto 3, i Always used it in landscape, you know, like my eyes are...",[],"['know like', 'eyes', 'byd atto', 'atto', 'used']",0.3612,Positive
518,V0wtNI-rzSg,Really? Ffs y did i watch this video,Really? Ffs y did i watch this video,[],"['ffs', 'watch', 'video', 'did', 'really']",-0.624,Negative
519,V0wtNI-rzSg,"I don't know if I've got the stones to spend car money on something from China, it's okay buying cheap crap because it's cheap but 20, 30 grand and up I just don't have confidence in the company's infrastructure","I don't know if I've got the stones to spend car money on something from China, it's okay buying cheap crap because it's cheap but 20, 30 grand and up I just don't have confidence in the company's infrastructure",['China'],"['cheap', 'don', 'just don', 'okay', 'grand']",0.025,Neutral
520,V0wtNI-rzSg,"The only car? Except all BYD cars with a larger screen. And it's a useless feature anyway, except in the atto where the AC vents are blocked in landscape.","The only car? Except all BYD cars with a larger screen. And it's a useless feature anyway, except in the atto where the AC vents are blocked in landscape.",['BYD'],"['car byd', 'ac', 'useless feature', 'byd cars', 'atto']",-0.5994,Negative
521,V0wtNI-rzSg,Not supporting the Chinese sorry,Not supporting the Chinese sorry,['Chinese'],"['supporting', 'sorry', 'chinese']",-0.4031,Negative
522,V0wtNI-rzSg,Touch screen are ugly,Touch screen are ugly,[],"['touch screen', 'touch', 'ugly', 'screen']",-0.5106,Negative
523,V0wtNI-rzSg,How long will it last?,How long will it last?,[],['long'],0.0,Neutral
524,V0wtNI-rzSg,My truck just turned 20 years old because I don’t buy things just to throw them away in a couple years.  I bet my bank account that BYD junk will not be on the road 20 years from now.,My truck just turned 20 years old because I don’t buy things just to throw them away in a couple years. I bet my bank account that BYD junk will not be on the road 20 years from now.,['BYD'],"['20 years', 'years', '20', 'just', 'years old']",0.0,Neutral
525,V0wtNI-rzSg,A rotating tablet? Wow,A rotating tablet? Wow,[],"['rotating tablet', 'tablet', 'wow', 'rotating']",0.5859,Positive
526,V0wtNI-rzSg,It's 25k $ in china,It's 25k $ in china,['china'],"['25k', 'china']",0.0,Neutral
527,V0wtNI-rzSg,Byd cars are subsidized by Chinese tax dollars,Byd cars are subsidized by Chinese tax dollars,[],"['subsidized chinese', 'subsidized', 'dollars', 'tax', 'byd cars']",0.0,Neutral
528,V0wtNI-rzSg,"Fisker Ocean did that before Byd Seal. But, they are junk now :(","Fisker Ocean did that before Byd Seal. But, they are junk now :(","['Fisker Ocean', 'Byd Seal']","['did byd', 'ocean did', 'junk', 'byd seal', 'fisker ocean']",-0.5927,Negative
529,V0wtNI-rzSg,I always switch the screens off,I always switch the screens off,[],"['switch', 'screens']",0.0,Neutral
530,V0wtNI-rzSg,There is another vehicle that can do that,There is another vehicle that can do that,[],['vehicle'],0.0,Neutral
531,V0wtNI-rzSg,Weirdly I find the name Seal really compelling,Weirdly I find the name Seal really compelling,[],"['really', 'seal']",-0.0018,Neutral
532,V0wtNI-rzSg,Chinese crap !,Chinese crap !,['Chinese'],"['chinese crap', 'crap', 'chinese']",-0.4389,Negative
533,V0wtNI-rzSg,A useless feature,A useless feature,[],"['useless feature', 'useless', 'feature']",-0.4215,Negative
534,V0wtNI-rzSg,Dolphin and the Atto 3 also do it not just the seal lol,Dolphin and the Atto 3 also do it not just the seal lol,['the Atto 3'],"['just seal', 'dolphin', 'atto', 'lol', 'seal']",0.4215,Positive
535,V0wtNI-rzSg,Beast Tesla when it comes to interior quality and detail.,Beast Tesla when it comes to interior quality and detail.,['Beast Tesla'],"['comes', 'quality', 'interior', 'tesla']",0.0,Neutral
536,V0wtNI-rzSg,Fisker did this,Fisker did this,['Fisker'],"['fisker did', 'did', 'fisker']",0.0,Neutral
537,V0wtNI-rzSg,But why? A car is not a mobile phone. 😂,But why? A car is not a mobile phone. 😂,[],"['mobile phone', 'mobile', 'phone', 'car']",0.5927,Positive
538,V0wtNI-rzSg,Just had a stroke hearing how you said “innovative”,Just had a stroke hearing how you said “innovative”,[],"['said', 'innovative', 'just']",0.0,Neutral
539,V0wtNI-rzSg,Looks like a Tesla and a Toyota fucked,Looks like a Tesla and a Toyota fucked,"['Tesla', 'Toyota']","['like tesla', 'toyota', 'looks like', 'looks', 'tesla']",-0.4404,Negative
540,V0wtNI-rzSg,"ih-NOVER-tive ? It's ""innovative"". FFS.","ih-NOVER-tive ? It's ""innovative"". FFS.",['FFS'],"['ffs', 'tive', 'innovative']",-0.3885,Negative
541,V0wtNI-rzSg,and you can't use your cellphone while driving. ridiculous.,and you can't use your cellphone while driving. ridiculous.,[],"['ridiculous', 'use', 'driving']",-0.3612,Negative
542,V0wtNI-rzSg,don’t the Polestar do that too,don’t the Polestar do that too,[],"['polestar', 'don']",0.0,Neutral
543,V0wtNI-rzSg,"Thing is, this OS is unusable and ugly","Thing is, this OS is unusable and ugly",[],"['os', 'ugly', 'thing']",-0.5106,Negative
544,V0wtNI-rzSg,50f..k are your of your f… mind I don't give a toss what it does in 6 months it will be worth half that 1 years not even 15k and I let you guess the rest now where the f.. Are you going to take it when the shitbwill hit the fan with the car yeah I tought so no where in Britain so yeah keep that f… well infflated over priced car to yourself mate,50f..k are your of your f… mind I don't give a toss what it does in 6 months it will be worth half that 1 years not even 15k and I let you guess the rest now where the f.. Are you going to take it when the shitbwill hit the fan with the car yeah I tought so no where in Britain so yeah keep that f… well infflated over priced car to yourself mate,['Britain'],"['yeah', 'britain', '15k', 'hit', 'fan']",0.7579,Positive
545,V0wtNI-rzSg,"All superflous and distracting, a small screen for navigation is all that's needed, everything else is better as physical.","All superflous and distracting, a small screen for navigation is all that's needed, everything else is better as physical.",[],"['small screen', 'needed', 'navigation', 'distracting', 'physical']",0.1779,Positive
546,V0wtNI-rzSg,Aucun intérêt !,Aucun intérêt !,['Aucun'],[],0.0,Neutral
547,V0wtNI-rzSg,Pointless gimmick 🫡,Pointless gimmick 🫡,['Pointless'],"['pointless gimmick', 'pointless', 'gimmick']",0.0,Neutral
548,V0wtNI-rzSg,Fisker did it first,Fisker did it first,['Fisker'],"['fisker did', 'did', 'fisker']",0.0,Neutral
549,V0wtNI-rzSg,Does it come with a glovebox copy of the Communist Manifesto?,Does it come with a glovebox copy of the Communist Manifesto?,['Communist'],"['does come', 'copy', 'communist', 'come', 'does']",0.0,Neutral
550,V0wtNI-rzSg,See if it lasts as long as the loan,See if it lasts as long as the loan,[],['long'],0.0,Neutral
551,V0wtNI-rzSg,What a gimmick. That will break at some point. They are a decent car but there is a lot better out there for the money with smarter style and nicer interiors. Check the Mach e for instance,What a gimmick. That will break at some point. They are a decent car but there is a lot better out there for the money with smarter style and nicer interiors. Check the Mach e for instance,['Mach'],"['style', 'interiors', 'decent', 'check', 'nicer']",0.9136,Positive
552,V0wtNI-rzSg,Congratulations your data successfully sent to ccp,Congratulations your data successfully sent to ccp,['ccp'],"['sent', 'data', 'ccp']",0.7964,Positive
553,V0wtNI-rzSg,"Inn-ovvativ lmfao, In-o-vaytiv.  Spend your money on pronunciation classes.","Inn-ovvativ lmfao, In-o-vaytiv. Spend your money on pronunciation classes.",['Inn-ovvativ lmfao'],"['spend', 'inn', 'pronunciation', 'money']",0.5423,Positive
554,V0wtNI-rzSg,Why do you need to keep turning screen?. It’s big… so not like there is any screen area advantage surely?,Why do you need to keep turning screen?. It’s big… so not like there is any screen area advantage surely?,[],"['like screen', 'turning screen', 'advantage', 'surely', 'screen']",0.4351,Positive
555,V0wtNI-rzSg,"Oh man, you must have been deceived. The steering wheel is on the wrong side of the car.","Oh man, you must have been deceived. The steering wheel is on the wrong side of the car.",[],"['wrong car', 'man', 'wheel wrong', 'oh', 'steering wheel']",-0.7184,Negative
556,V0wtNI-rzSg,"I cannot get over the pronunciation of ""innovative"" 😂","I cannot get over the pronunciation of ""innovative"" 😂",[],"['pronunciation innovative', 'pronunciation', 'innovative']",0.7003,Positive
557,V0wtNI-rzSg,The way you say innovative 😂,The way you say innovative 😂,[],"['say innovative', 'way', 'say', 'innovative']",0.7003,Positive
558,V0wtNI-rzSg,WTF we know about this years ago disgusting Chinese car!!!!!!!!!!!!!!!!,WTF we know about this years ago disgusting Chinese car!!!!!!!!!!!!!!!!,['Chinese'],"['disgusting', 'wtf', 'years ago', 'chinese car', 'ago']",-0.8779,Negative
559,V0wtNI-rzSg,Nice BYD ad. Do they pay you or just give you the car?,Nice BYD ad. Do they pay you or just give you the car?,[],"['ad', 'pay', 'nice', 'just', 'byd']",0.34,Positive
560,V0wtNI-rzSg,My dude theres 12 other cars that have that screen gimmick.... And have been around for a few years before this car came along. Are you even a car guy?.... 😂😂,My dude theres 12 other cars that have that screen gimmick.... And have been around for a few years before this car came along. Are you even a car guy?.... 😂😂,[],"['came', '12', 'dude', 'guy', 'car']",0.7003,Positive
561,V0wtNI-rzSg,Not the only car. Fisker ocean does it too and they did it first,Not the only car. Fisker ocean does it too and they did it first,[],"['car fisker', 'ocean does', 'fisker ocean', 'ocean', 'did']",0.0,Neutral
562,V0wtNI-rzSg,lol 😂 display spins is a big deal to buy BYD? It’s electric cars and remotely China is going to detonate the car one day,lol 😂 display spins is a big deal to buy BYD? It’s electric cars and remotely China is going to detonate the car one day,"['BYD', 'China']","['byd electric', 'big deal', 'spins', 'buy byd', 'deal']",0.6908,Positive
563,V0wtNI-rzSg,How is that Chinese consumers call it shyt and this dude is all gaga for it…,How is that Chinese consumers call it shyt and this dude is all gaga for it…,['Chinese'],"['consumers', 'dude', 'chinese']",0.0,Neutral
564,V0wtNI-rzSg,The only thing it's missing is an engine,The only thing it's missing is an engine,[],"['missing', 'engine', 'thing']",-0.296,Negative
565,V0wtNI-rzSg,Never heard anyone say innovative like that before.,Never heard anyone say innovative like that before.,[],"['innovative like', 'say innovative', 'heard', 'say', 'innovative']",0.6597,Positive
566,V0wtNI-rzSg,Why would you need a rotating display? Like what’s the point of having one??? And in reality isn’t some stuff that you put somewhere around the display in the way?,Why would you need a rotating display? Like what’s the point of having one??? And in reality isn’t some stuff that you put somewhere around the display in the way?,[],"['display', 'reality', 'point', 'isn', 'having']",0.5362,Positive
567,V0wtNI-rzSg,"Mierdón de función, mi auto favorito","Mierdón de función, mi auto favorito",[],['auto'],0.0,Neutral
568,V0wtNI-rzSg,Android auto and carplay only works in landscape.,Android auto and carplay only works in landscape.,['Android'],"['works', 'android auto', 'carplay', 'android', 'auto']",0.0,Neutral
569,V0wtNI-rzSg,Untill screen fails and needs replacing the you spend a fortune for genuine part (and no .....aftermarket will be not available at parts like this) and after 10-15 years they are gonna tell you this part is no longer produced,Untill screen fails and needs replacing the you spend a fortune for genuine part (and no .....aftermarket will be not available at parts like this) and after 10-15 years they are gonna tell you this part is no longer produced,[],"['longer', '15 years', 'gonna tell', 'spend', 'available']",-0.5719,Negative
570,V0wtNI-rzSg,You know why? Nobody needs or wants it 😂,You know why? Nobody needs or wants it 😂,[],"['wants', 'needs', 'know']",0.4404,Positive
571,V0wtNI-rzSg,"However, a BYD does not disintegrate into its individual parts as quickly as a TESLA. And the interior of the BYD doesn't look as primitive as a TESLA","However, a BYD does not disintegrate into its individual parts as quickly as a TESLA. And the interior of the BYD doesn't look as primitive as a TESLA",['BYD'],"['doesn look', 'byd does', 'tesla', 'tesla interior', 'parts']",0.0,Neutral
572,V0wtNI-rzSg,"Wow, what a feature - a rotating screen😂","Wow, what a feature - a rotating screen😂",[],"['rotating screen', 'wow', 'feature', 'rotating', 'screen']",0.7717,Positive
573,V0wtNI-rzSg,Ahh have u ever seen a Bentley,Ahh have u ever seen a Bentley,['Bentley'],"['bentley', 'seen']",0.0,Neutral
574,V0wtNI-rzSg,Is it Uyghur-dead-free?,Is it Uyghur-dead-free?,['Uyghur'],['free'],0.0,Neutral
575,V0wtNI-rzSg,does it add value to what you do to get to your destination? No. This shows how stupid some people are. lol,does it add value to what you do to get to your destination? No. This shows how stupid some people are. lol,[],"['shows', 'add', 'value', 'stupid', 'lol']",0.2023,Positive
576,V0wtNI-rzSg,I can’t wait to see the reviews after a people own them and use them start posting reviews. It’s not going to be good,I can’t wait to see the reviews after a people own them and use them start posting reviews. It’s not going to be good,[],"['reviews', 'start', 'wait', 'going', 'people']",0.4404,Positive
577,V0wtNI-rzSg,But here in America we can destroy entire cities with our aircraft carrier battle groups. Kind of like being proud of a Death Star.,But here in America we can destroy entire cities with our aircraft carrier battle groups. Kind of like being proud of a Death Star.,['America'],"['proud', 'death', 'entire', 'destroy', 'kind']",-0.8196,Negative
578,V0wtNI-rzSg,LOL. Everyone need this. Totally senseless.,LOL. Everyone need this. Totally senseless.,[],"['totally', 'lol', 'need']",0.5473,Positive
579,V0wtNI-rzSg,“Rotating screens” is that something to talk about?  I was expecting something more technological advanced!🙄,“Rotating screens” is that something to talk about? I was expecting something more technological advanced!🙄,[],"['advanced', 'rotating screens', 'expecting', 'talk', 'screens']",0.3758,Positive
580,V0wtNI-rzSg,Not the only car that does it lol..,Not the only car that does it lol..,[],"['car does', 'lol', 'does', 'car']",0.4215,Positive
581,V0wtNI-rzSg,"Drivers seat on the wrong side, car is rubbish.","Drivers seat on the wrong side, car is rubbish.",[],"['wrong car', 'drivers', 'rubbish', 'seat', 'wrong']",-0.4767,Negative
582,V0wtNI-rzSg,Just have to say the Fisker ocean also does this.,Just have to say the Fisker ocean also does this.,['Fisker'],"['just say', 'ocean does', 'say', 'fisker ocean', 'ocean']",0.0,Neutral
583,V0wtNI-rzSg,It's still ugly as it gets. It looks like a cheap Chinese toy. They have decades to go before their designs look anything like Audi or BMW or even Honda.,It's still ugly as it gets. It looks like a cheap Chinese toy. They have decades to go before their designs look anything like Audi or BMW or even Honda.,"['Chinese', 'Audi', 'BMW', 'Honda']","['audi', 'like cheap', 'like', 'toy', 'cheap chinese']",0.1779,Positive
584,V0wtNI-rzSg,Che merda di macchine,Che merda di macchine,['Che merda di macchine'],"['che', 'di']",0.0,Neutral
585,V0wtNI-rzSg,"Beautiful machine, very well built as my friend has one in glossy black. 3yr free service and free interest finance.","Beautiful machine, very well built as my friend has one in glossy black. 3yr free service and free interest finance.",[],"['free', 'machine', 'friend', 'service', 'beautiful']",0.9589,Positive
586,V0wtNI-rzSg,A collection of Chinese/ plastic/ electronic crap moving in close formation,A collection of Chinese/ plastic/ electronic crap moving in close formation,['Chinese/'],"['electronic', 'close', 'moving', 'plastic', 'crap']",-0.3818,Negative
587,V0wtNI-rzSg,"I don't need my car to have a helicopter iPad. I need my car to be reliable, comfortable, and fun to drive.","I don't need my car to have a helicopter iPad. I need my car to be reliable, comfortable, and fun to drive.",['iPad'],"['need', 'reliable', 'comfortable', 'don need', 'fun']",0.765,Positive
588,V0wtNI-rzSg,The Fisker Ocean does the same thing.,The Fisker Ocean does the same thing.,['The Fisker Ocean'],"['does thing', 'ocean does', 'fisker ocean', 'ocean', 'thing']",0.0,Neutral
589,V0wtNI-rzSg,BYD problems are mainly software... see the abnourmous number of car accident in Cina in this period,BYD problems are mainly software... see the abnourmous number of car accident in Cina in this period,['Cina'],"['problems', 'accident', 'software', 'byd', 'car']",-0.6705,Negative
590,V0wtNI-rzSg,Rotate the screen and you can't see through the windshield anymore... Great idea.,Rotate the screen and you can't see through the windshield anymore... Great idea.,[],"['windshield', 'rotate screen', 'anymore', 'idea', 'rotate']",0.6249,Positive
591,V0wtNI-rzSg,wow magic 😮 my phone does that 12 years ago 🤔,wow magic 😮 my phone does that 12 years ago 🤔,[],"['12', 'years ago', 'phone', 'ago', 'wow']",0.5859,Positive
592,V0wtNI-rzSg,"Not having seen one ov these in uk 🇬🇧 I think it looks ok ,,  i knew screen rotated on rm ,,","Not having seen one ov these in uk 🇬🇧 I think it looks ok ,, i knew screen rotated on rm ,,",[],"['ov', 'ok', 'having', 'uk', 'seen']",0.296,Positive
593,V0wtNI-rzSg,"Jaaa,,,, ein Hoch auf den Elektro Schrott!!!🫡🫡🫡Das rettet unsere Wirtschaft!!!","Jaaa,,,, ein Hoch auf den Elektro Schrott!!!🫡🫡🫡Das rettet unsere Wirtschaft!!!","['Jaaa', 'ein Hoch', 'Wirtschaft']","['auf', 'das']",0.0,Neutral
594,V0wtNI-rzSg,"useless gimmick, even he on video says -  its kinda fun. nothing more","useless gimmick, even he on video says - its kinda fun. nothing more",['useless gimmick'],"['useless gimmick', 'kinda', 'says', 'fun', 'gimmick']",0.0534,Positive
595,V0wtNI-rzSg,"I thought you liked real cars not toys, why are we bringing this crap into the UK,
Be worthless in 3 years","I thought you liked real cars not toys, why are we bringing this crap into the UK, Be worthless in 3 years",[],"['liked', 'thought', 'uk', 'real', 'crap']",-0.4767,Negative
596,V0wtNI-rzSg,I don't want a tv screen. I want it built in. These all just look like bolt ons. Lazy design.,I don't want a tv screen. I want it built in. These all just look like bolt ons. Lazy design.,[],"['want', 'don want', 'tv', 'built', 'look like']",0.0201,Neutral
597,V0wtNI-rzSg,Got there in the end ffs,Got there in the end ffs,[],"['ffs', 'end', 'got']",-0.5859,Negative
598,V0wtNI-rzSg,Charging is jus a waste of time....,Charging is jus a waste of time....,[],"['waste', 'charging', 'time']",-0.4215,Negative
599,V0wtNI-rzSg,Value for money,Value for money,[],"['value money', 'value', 'money']",0.34,Positive
600,V0wtNI-rzSg,Can you play ps5/xbox on taht screen?,Can you play ps5/xbox on taht screen?,[],"['play', 'screen']",0.34,Positive
601,V0wtNI-rzSg,And still a pile of crap 👎,And still a pile of crap 👎,[],"['pile', 'crap']",-0.3818,Negative
602,V0wtNI-rzSg,I prefer real buttons,I prefer real buttons,[],"['prefer', 'real', 'buttons']",0.0,Neutral
603,V0wtNI-rzSg,"The interior irl feels soooooo cheap for 50kAUD tho, would much rather a 2025 Camry for that money","The interior irl feels soooooo cheap for 50kAUD tho, would much rather a 2025 Camry for that money",['Camry'],"['tho', '2025', 'feels', 'money', 'cheap']",0.0,Neutral
604,V0wtNI-rzSg,"Chinesium quality, so it looks alright but breaks in 3 weeks and there's absolutely no parts anywhere in the world because they already changed mount design, display size and all connectors.","Chinesium quality, so it looks alright but breaks in 3 weeks and there's absolutely no parts anywhere in the world because they already changed mount design, display size and all connectors.",[],"['changed', 'size', 'weeks', 'breaks', 'absolutely']",-0.3834,Negative
605,V0wtNI-rzSg,You are YEARS late,You are YEARS late,[],"['years late', 'late', 'years']",0.0,Neutral
606,V0wtNI-rzSg,You can keep your communist cars.,You can keep your communist cars.,['communist'],"['communist', 'cars']",0.0,Neutral
607,V0wtNI-rzSg,"There should have an option to raise it, so that people could watch tv without any issues.","There should have an option to raise it, so that people could watch tv without any issues.",[],"['option', 'tv', 'issues', 'watch', 'people']",0.0,Neutral
608,V0wtNI-rzSg,Oooooh a twirly screen,Oooooh a twirly screen,[],['screen'],0.0,Neutral
609,V0wtNI-rzSg,Just more stuff to go wrong...,Just more stuff to go wrong...,[],"['stuff', 'wrong', 'just']",-0.4767,Negative
610,V0wtNI-rzSg,"First off typical China crap, they put the steering wheel on the wrong side… good lord 😊","First off typical China crap, they put the steering wheel on the wrong side… good lord 😊",['China'],"['typical', 'wheel wrong', 'steering wheel', 'steering', 'crap']",0.4939,Positive
611,V0wtNI-rzSg,"The amount of money that you need for car tax and the extra cost for anything over 40,000 . Its not worth buying.","The amount of money that you need for car tax and the extra cost for anything over 40,000 . Its not worth buying.",[],"['40', 'tax', 'extra', '000', 'worth']",-0.1695,Negative
612,V0wtNI-rzSg,And screen blocks 3rd of your windscreen.....,And screen blocks 3rd of your windscreen.....,[],"['blocks', 'screen']",-0.2263,Negative
613,V0wtNI-rzSg,This is the typical ev jockey. Wait til the bettery cels stat dripping 💦💦,This is the typical ev jockey. Wait til the bettery cels stat dripping 💦💦,[],"['typical', 'wait', 'ev']",0.0,Neutral
614,V0wtNI-rzSg,I remember video when Musk said “Did you see this car”this car is spaceship for every Tesla model 😂😂,I remember video when Musk said “Did you see this car”this car is spaceship for every Tesla model 😂😂,"['Musk', 'Tesla']","['remember', 'musk', 'tesla model', 'said', 'car']",0.7003,Positive
615,V0wtNI-rzSg,$50k for rotation display 😂,$50k for rotation display 😂,[],"['rotation', 'display', '50k']",0.4404,Positive
616,V0wtNI-rzSg,Why cant they elliminate stupid tablets and instead put buttons?,Why cant they elliminate stupid tablets and instead put buttons?,[],"['tablets', 'instead', 'stupid', 'buttons']",0.4168,Positive
617,V0wtNI-rzSg,Can't use a mobile while driving yet a tablet that size with all those apps is fine......,Can't use a mobile while driving yet a tablet that size with all those apps is fine......,[],"['fine', 'size', 'mobile', 'apps', 'tablet']",0.2023,Positive
618,V0wtNI-rzSg,"Amazing car but the suspension is horrible, imposible to drive at high speed","Amazing car but the suspension is horrible, imposible to drive at high speed",[],"['horrible', 'suspension', 'high', 'amazing', 'speed']",-0.5187,Negative
619,V0wtNI-rzSg,"Why do you pronounce ""innovative"" like that","Why do you pronounce ""innovative"" like that",[],"['innovative like', 'pronounce innovative', 'pronounce', 'innovative', 'like']",0.6597,Positive
620,V0wtNI-rzSg,"Une fois de plus le seule argument de vente c'est des gros écrans qui ne servent a rien, aux lieu d'une voiture avec de l'autonomie digne de ce nom et une charge à 5min, les écrans géants et les options qui ne servent a rien mise à part augmenter le prix des voitures nous ne voulons pas, et les ventes en chute libre son la preuve que ça ne marche pas","Une fois de plus le seule argument de vente c'est des gros écrans qui ne servent a rien, aux lieu d'une voiture avec de l'autonomie digne de ce nom et une charge à 5min, les écrans géants et les options qui ne servent a rien mise à part augmenter le prix des voitures nous ne voulons pas, et les ventes en chute libre son la preuve que ça ne marche pas","['de vente', ""voiture avec de l'autonomie"", 'de ce', 'la preuve']","['en', 'la', 'options', 'que', 'plus']",-0.3612,Negative
621,V0wtNI-rzSg,Having the computer on your left hand is so uncomfortable... england with his right steering wheel... so awful,Having the computer on your left hand is so uncomfortable... england with his right steering wheel... so awful,['england'],"['computer', 'hand', 'awful', 'left', 'having']",-0.5513,Negative
622,V0wtNI-rzSg,How this is called Fully loaded,How this is called Fully loaded,[],['called'],0.0,Neutral
623,V0wtNI-rzSg,Our BYD Atto 3 has this screen function aswell,Our BYD Atto 3 has this screen function aswell,[],"['aswell', 'byd atto', 'function', 'atto', 'screen']",0.0,Neutral
624,V0wtNI-rzSg,"Hey buddy I don't wanna ruin your moment here but, I'm pretty sure that I've seen this few years ago when BYD wasn't even planned yet😅","Hey buddy I don't wanna ruin your moment here but, I'm pretty sure that I've seen this few years ago when BYD wasn't even planned yet😅",['BYD'],"['pretty sure', 'wasn', 'wanna', 've seen', 'hey']",0.9106,Positive
625,V0wtNI-rzSg,This has been done before and the company that did it went bankrupt,This has been done before and the company that did it went bankrupt,[],"['did went', 'went bankrupt', 'bankrupt', 'went', 'company']",-0.5574,Negative
626,V0wtNI-rzSg,Fisker Ocean does this as well.,Fisker Ocean does this as well.,['Fisker Ocean'],"['ocean does', 'fisker ocean', 'ocean', 'fisker', 'does']",0.2732,Positive
627,V0wtNI-rzSg,Drive the car then I want to see if it falls apart 😂😂,Drive the car then I want to see if it falls apart 😂😂,[],"['apart', 'want', 'drive', 'car']",0.7269,Positive
628,V0wtNI-rzSg,Inn-OV-ative ??    Did he mean “innovative” ??    “INNO-vay-tiv”,Inn-OV-ative ?? Did he mean “innovative” ?? “INNO-vay-tiv”,"['Inn-OV-ative', 'INNO-vay-tiv”']","['mean innovative', 'ov ative', 'ative', 'inn', 'ov']",0.0,Neutral
629,V0wtNI-rzSg,You should buy a British made car to help the economy 😂,You should buy a British made car to help the economy 😂,['British'],"['british', 'economy', 'help', 'buy', 'car']",0.6808,Positive
630,V0wtNI-rzSg,I’ll be honest I’d sooner have scurvy,I’ll be honest I’d sooner have scurvy,[],"['sooner', 'honest', 'll']",0.5106,Positive
631,V0wtNI-rzSg,Isn't that screen illegal?,Isn't that screen illegal?,[],"['illegal', 'isn', 'screen']",0.4449,Positive
632,V0wtNI-rzSg,Bye bye Tesla 😅,Bye bye Tesla 😅,[],"['bye', 'bye bye', 'tesla']",0.3612,Positive
633,V0wtNI-rzSg,I’m English and have never heard it pronounced innovative like that never,I’m English and have never heard it pronounced innovative like that never,[],"['english', 'pronounced', 'innovative like', 'heard', 'innovative']",0.6597,Positive
634,V0wtNI-rzSg,Electric.  No thanks,Electric. No thanks,[],"['thanks', 'electric']",-0.3412,Negative
635,V0wtNI-rzSg,"Yes, I would like it to take even.more space..","Yes, I would like it to take even.more space..",[],"['space', 'yes', 'like']",0.6369,Positive
636,V0wtNI-rzSg,Can’t use phones but can use massive tablets 😅 oh and this one in portrait mode seems to block the view of the road as well. Sweet.,Can’t use phones but can use massive tablets 😅 oh and this one in portrait mode seems to block the view of the road as well. Sweet.,[],"['use', 'block view', 'block', 'phones', 'massive']",0.7227,Positive
637,V0wtNI-rzSg,I see a lot of tariffs.,I see a lot of tariffs.,[],"['tariffs', 'lot']",0.0,Neutral
638,V0wtNI-rzSg,Diese scheiß dumme KI Stimme 🤮,Diese scheiß dumme KI Stimme 🤮,['Diese'],[],0.0,Neutral
639,V0wtNI-rzSg,Damn i need this i will bought this thanks for the videos,Damn i need this i will bought this thanks for the videos,[],"['damn', 'videos', 'bought', 'thanks', 'need']",0.1717,Positive
640,V0wtNI-rzSg,Wow. Im just floored at that garage,Wow. Im just floored at that garage,[],"['im', 'garage', 'wow', 'just']",0.5859,Positive
641,V0wtNI-rzSg,The most innovative thing in this video is the way you pronounce innovative,The most innovative thing in this video is the way you pronounce innovative,[],"['innovative', 'way pronounce', 'pronounce innovative', 'pronounce', 'video']",0.7264,Positive
642,V0wtNI-rzSg,"Passionless cars for passionless ppl, chinese that is 🇨🇳 💩 

Stick to the good stuff dude, leave that china crap out of ur channel","Passionless cars for passionless ppl, chinese that is 🇨🇳 💩 Stick to the good stuff dude, leave that china crap out of ur channel","['chinese', 'china']","['ppl', 'ur', 'leave', 'stick', 'channel']",-0.6908,Negative
643,V0wtNI-rzSg,"I just want to drive, without any distractions.","I just want to drive, without any distractions.",[],"['distractions', 'want', 'drive', 'just']",0.2593,Positive
644,V0wtNI-rzSg,The Chinese can spy on me whenever they like. In exchange for cheap Seagull EV,The Chinese can spy on me whenever they like. In exchange for cheap Seagull EV,['Chinese'],"['seagull', 'spy', 'cheap', 'ev', 'chinese']",0.3612,Positive
645,V0wtNI-rzSg,Screens in chicago,Screens in chicago,['chicago'],['screens'],0.0,Neutral
646,V0wtNI-rzSg,"Omg, he's bought a car for a screen that rotates...  Why does anyone care, I'd like to see it rotate or the cars range in 20 years... 😂🎉🎉🎉🎉🎉","Omg, he's bought a car for a screen that rotates... Why does anyone care, I'd like to see it rotate or the cars range in 20 years... 😂🎉🎉🎉🎉🎉",[],"['car screen', '20 years', 'omg', 'care', 'screen rotates']",0.9643,Positive
647,V0wtNI-rzSg,Sounds like a school boy with far too much money. What world does he live in 50k for Christ sake. Cars with out physical buttons should be banned,Sounds like a school boy with far too much money. What world does he live in 50k for Christ sake. Cars with out physical buttons should be banned,[],"['sake', 'banned', 'physical buttons', 'school', 'physical']",-0.128,Negative
648,V0wtNI-rzSg,"So f**king what?
You shouldn't be looking at the screen, you should be concentrating on the road.","So f**king what? You shouldn't be looking at the screen, you should be concentrating on the road.",[],"['king', 'road', 'looking', 'screen']",0.0,Neutral
649,V0wtNI-rzSg,This place looks like the playboy mansion but instead of girls there are cars 🤩,This place looks like the playboy mansion but instead of girls there are cars 🤩,[],"['place', 'instead', 'looks like', 'looks', 'cars']",0.1901,Positive
650,V0wtNI-rzSg,Nice milk float.,Nice milk float.,[],"['milk float', 'milk', 'float', 'nice']",0.4215,Positive
651,V0wtNI-rzSg,Does android auto work with the screen in portrait?,Does android auto work with the screen in portrait?,[],"['screen portrait', 'android auto', 'android', 'work', 'auto']",0.0,Neutral
652,V0wtNI-rzSg,"And the best thing: it's built by happy, well paid workers. No genocide or slave labor was used to make this car. Oh, and of course the manufacturing of those vehicles is obviously perfectly climate neutral! And your 50K aren't supporting a criminal dictatorship who is about to invade Taiwan.","And the best thing: it's built by happy, well paid workers. No genocide or slave labor was used to make this car. Oh, and of course the manufacturing of those vehicles is obviously perfectly climate neutral! And your 50K aren't supporting a criminal dictatorship who is about to invade Taiwan.",['Taiwan'],"['dictatorship', 'climate', 'taiwan', 'labor', 'course']",0.9282,Positive
653,V0wtNI-rzSg,"That’s what I look for in a car, it’s the most important feature. A display that turns from landscape to portrait. Good god.","That’s what I look for in a car, it’s the most important feature. A display that turns from landscape to portrait. Good god.",[],"['look car', 'landscape portrait', 'god', 'important', 'turns']",0.7264,Positive
654,V0wtNI-rzSg,For your US viewers: Under 50k... no wait it's under 80k.. no wait it's under 120k...,For your US viewers: Under 50k... no wait it's under 80k.. no wait it's under 120k...,[],"['wait', 'viewers', '50k']",-0.5267,Negative
655,V0wtNI-rzSg,Just a load of tacky gimmicks you don’t need.,Just a load of tacky gimmicks you don’t need.,[],"['tacky', 'load', 'gimmicks', 'don need', 'need']",0.0,Neutral
656,V0wtNI-rzSg,Fiskar Ocean screen did that,Fiskar Ocean screen did that,['Fiskar Ocean'],"['ocean screen', 'fiskar', 'fiskar ocean', 'ocean', 'did']",0.0,Neutral
657,V0wtNI-rzSg,"Cool car, stupid name. Also, just another component that will break in a couple of years .","Cool car, stupid name. Also, just another component that will break in a couple of years .",[],"['couple years', 'couple', 'stupid', 'cool', 'break']",-0.2732,Negative
658,V0wtNI-rzSg,Byd is cooking all brands,Byd is cooking all brands,[],"['brands', 'byd']",0.0,Neutral
659,V0wtNI-rzSg,"BYD And the big majority os electric cars not to say all of them are a scam 😅🤣
A car is made to drive ! 
Not to watch movies, text, or search the internet, I see brands focusing on everything except the driving aspect of a car, which I think it should be the most important aspect of the car……in 10/20 years people will have the driving skill of a dog, and will be completely depending on gadgets to drive for them 😅🤦🏻‍♂️","BYD And the big majority os electric cars not to say all of them are a scam 😅🤣 A car is made to drive ! Not to watch movies, text, or search the internet, I see brands focusing on everything except the driving aspect of a car, which I think it should be the most important aspect of the car……in 10/20 years people will have the driving skill of a dog, and will be completely depending on gadgets to drive for them 😅🤦🏻‍♂️",[],"['drive', 'driving', 'car', 'car drive', 'movies']",0.7082,Positive
660,V0wtNI-rzSg,The rotating screen is the most useless feature in the whole car.,The rotating screen is the most useless feature in the whole car.,[],"['useless feature', 'useless', 'rotating screen', 'feature', 'rotating']",-0.4754,Negative
661,V0wtNI-rzSg,I’d buy this if they sold it in the USA.,I’d buy this if they sold it in the USA.,['USA'],"['sold', 'usa', 'buy']",0.0,Neutral
662,V0wtNI-rzSg,Waaaay better than Tesla!!,Waaaay better than Tesla!!,"['Waaaay', 'Tesla']","['better tesla', 'better', 'tesla']",0.5399,Positive
663,V0wtNI-rzSg,Wow!! Che tecnologia!!!! Uno schermo che ruota!!!!,Wow!! Che tecnologia!!!! Uno schermo che ruota!!!!,['Che'],"['che', 'wow']",0.7156,Positive
664,V0wtNI-rzSg,Mind giving me this cheap car of yours?,Mind giving me this cheap car of yours?,[],"['mind', 'giving', 'cheap', 'car']",0.34,Positive
665,V0wtNI-rzSg,"It's so sad that European and American people are meeting Chinese cars this late... In Central Asian countries (which are considered poor and uncivilized by the West, and which is not true) we have these cars for 5-6 years already. These cars are so regular to us... I don't mean anything bad about the West's auto industry. I just want to prevent western people from making up bad stereotypes about Eastern people, especially Arabs and Turks.","It's so sad that European and American people are meeting Chinese cars this late... In Central Asian countries (which are considered poor and uncivilized by the West, and which is not true) we have these cars for 5-6 years already. These cars are so regular to us... I don't mean anything bad about the West's auto industry. I just want to prevent western people from making up bad stereotypes about Eastern people, especially Arabs and Turks.","['European', 'American', 'Chinese', 'Central Asian', 'West', 'Eastern', 'Arabs', 'Turks']","['people', 'bad', 'cars', 'asian', 'central']",-0.8432,Negative
666,V0wtNI-rzSg,And tell the truth u don't get 350 miles of range bud must be paying u well there china scrap,And tell the truth u don't get 350 miles of range bud must be paying u well there china scrap,['china'],"['miles range', 'scrap', 'truth', '350 miles', '350']",0.5267,Positive
667,V0wtNI-rzSg,If the government didn’t charge tariffs on car imports we would have such cheap cars such a shame for us,If the government didn’t charge tariffs on car imports we would have such cheap cars such a shame for us,[],"['cheap cars', 'tariffs', 'didn', 'shame', 'government']",-0.4767,Negative
668,V0wtNI-rzSg,so many things that will go wrong statring with door handles,so many things that will go wrong statring with door handles,[],"['door handles', 'handles', 'things wrong', 'door', 'things']",-0.4767,Negative
669,V0wtNI-rzSg,Well they def copied the Tesla with the screen and then took it to next level with the turn and all. Not sure if you’d ever care or turn it but hey it’s there.,Well they def copied the Tesla with the screen and then took it to next level with the turn and all. Not sure if you’d ever care or turn it but hey it’s there.,['Tesla'],"['turn', 'tesla screen', 'def', 'copied', 'took']",0.289,Positive
670,V0wtNI-rzSg,I just read they loose 75% of value first year! Don’t push this crap.,I just read they loose 75% of value first year! Don’t push this crap.,[],"['read', 'push', 'value', 'year', 'crap']",-0.4926,Negative
671,V0wtNI-rzSg,This car will run smoothly for for a year and then it's battery will combust and burn the car in the middle of the road,This car will run smoothly for for a year and then it's battery will combust and burn the car in the middle of the road,[],"['run', 'burn', 'middle', 'car', 'year']",0.0,Neutral
672,V0wtNI-rzSg,Portrate to Landscape,Portrate to Landscape,[],['landscape'],0.0,Neutral
673,V0wtNI-rzSg,"I can't believe in which direction the car-development is going🙈
I want Minimalism for the purpose(!) and then i see this Children's p💩💩p.",I can't believe in which direction the car-development is going🙈 I want Minimalism for the purpose(!) and then i see this Children's p💩💩p.,[],"['purpose', 'believe', 'want', 'going', 'car']",0.1511,Positive
674,V0wtNI-rzSg,"Oooh, a spinning screen. I must have it 🥸🥸🥸","Oooh, a spinning screen. I must have it 🥸🥸🥸",[],"['spinning screen', 'spinning', 'screen']",0.0,Neutral
675,V0wtNI-rzSg,"Cars are becoming more and more just like gadget demos, with fancy lights and screens to wow you, but little substance on the back end. And though the fancy things seem great in these videos, they become very tedious to live with after a while. Also, that place where he keeps his cars will end up turning to ashes sooner or later now he’s added a ‘Burn Your Driveway’ to the inventory.","Cars are becoming more and more just like gadget demos, with fancy lights and screens to wow you, but little substance on the back end. And though the fancy things seem great in these videos, they become very tedious to live with after a while. Also, that place where he keeps his cars will end up turning to ashes sooner or later now he’s added a ‘Burn Your Driveway’ to the inventory.",[],"['fancy', 'end', 'later', 'sooner', 'cars']",0.8732,Positive
676,V0wtNI-rzSg,I’ll take my challenger with a real gauge cluster and engine noises,I’ll take my challenger with a real gauge cluster and engine noises,[],"['noises', 'engine', 'real', 'll']",0.128,Positive
677,V0wtNI-rzSg,Wow tablets. Does it have LEDs?,Wow tablets. Does it have LEDs?,[],"['tablets', 'wow', 'does']",0.5859,Positive
678,V0wtNI-rzSg,Chinese. Totally not stealing your data.,Chinese. Totally not stealing your data.,['Chinese'],"['data', 'totally', 'chinese']",0.5067,Positive
679,V0wtNI-rzSg,To much money for a car with the stearing wheel on the wrong side 😂,To much money for a car with the stearing wheel on the wrong side 😂,[],"['wheel wrong', 'money', 'wrong', 'wheel', 'car']",-0.0516,Negative
680,V0wtNI-rzSg,We appreciate your coming out.,We appreciate your coming out.,[],"['appreciate', 'coming']",0.4019,Positive
681,V0wtNI-rzSg,The Chinese are taking over the U.K car market.  Just been to see the Jaecoo J7 and it's very impressive.  Then you see the price and realise the european companys are taking the piss with there pricing.,The Chinese are taking over the U.K car market. Just been to see the Jaecoo J7 and it's very impressive. Then you see the price and realise the european companys are taking the piss with there pricing.,"['Chinese', 'the Jaecoo J7', 'european']","['taking', 'car market', 'pricing', 'impressive', 'european']",0.2247,Positive
682,V0wtNI-rzSg,Byd is a garbage brand,Byd is a garbage brand,[],"['byd garbage', 'brand', 'garbage', 'byd']",0.0,Neutral
683,V0wtNI-rzSg,"Missing ONE vital thing!!!
A engine you numpty because they like the Tttt .nope can't say other idiots will be have a lump of junk on their drive that nobody but MAYBE a stupid scrap car dealer would have to be paid to take away",Missing ONE vital thing!!! A engine you numpty because they like the Tttt .nope can't say other idiots will be have a lump of junk on their drive that nobody but MAYBE a stupid scrap car dealer would have to be paid to take away,[],"['idiots', 'nope', 'missing', 'scrap', 'dealer']",-0.6933,Negative
684,V0wtNI-rzSg,Another useless brakable electronic gadget. Not for me but thanks,Another useless brakable electronic gadget. Not for me but thanks,[],"['electronic', 'thanks', 'useless']",0.4497,Positive
685,V0wtNI-rzSg,"Way too many computers in one car right there, too many screens","Way too many computers in one car right there, too many screens",[],"['right', 'way', 'screens', 'car']",0.0,Neutral
686,V0wtNI-rzSg,"Looks like an ad. BTW, terrible UX in this car, interface looks like is from the early 2000s","Looks like an ad. BTW, terrible UX in this car, interface looks like is from the early 2000s",[],"['looks like', 'looks', 'ad', 'early', 'btw']",0.2263,Positive
687,V0wtNI-rzSg,They aren’t the first car to do that. Fisker ocean did that as well. Before they went bankrupt of course 😂,They aren’t the first car to do that. Fisker ocean did that as well. Before they went bankrupt of course 😂,['Fisker'],"['did went', 'car fisker', 'course', 'went bankrupt', 'aren']",0.1027,Positive
688,V0wtNI-rzSg,The answer is that it sends all of your conversations and data back to China.,The answer is that it sends all of your conversations and data back to China.,['China'],"['answer', 'data', 'china']",0.0,Neutral
689,V0wtNI-rzSg,Pronounce innovative better,Pronounce innovative better,[],"['pronounce innovative', 'pronounce', 'innovative', 'better']",0.7003,Positive
690,V0wtNI-rzSg,That thing is going to last 1000 kilometers and then fall apart. BYD is Chinese garbage.,That thing is going to last 1000 kilometers and then fall apart. BYD is Chinese garbage.,"['BYD', 'Chinese']","['apart', 'chinese garbage', 'byd chinese', 'fall', 'garbage']",0.0,Neutral
691,V0wtNI-rzSg,"Urgh what a sight thats is... 
Its like charging phone too much cabel",Urgh what a sight thats is... Its like charging phone too much cabel,['Urgh'],"['thats', 'phone', 'charging', 'like']",0.3612,Positive
692,V0wtNI-rzSg,How much is schmee getting paid to drive that trash?,How much is schmee getting paid to drive that trash?,[],"['getting paid', 'schmee', 'trash', 'getting', 'paid']",0.0,Neutral
693,V0wtNI-rzSg,The industry wants to push consumers into EVs and yet EVs are still so bloody expensive.,The industry wants to push consumers into EVs and yet EVs are still so bloody expensive.,[],"['evs', 'consumers', 'bloody', 'wants', 'push']",-0.5777,Negative
694,V0wtNI-rzSg,Nice but let’s head over to china and see how far away they are compared to the other car companies,Nice but let’s head over to china and see how far away they are compared to the other car companies,['china'],"['car companies', 'head', 'compared', 'away', 'far']",0.2263,Positive
695,V0wtNI-rzSg,Every BYD Electric vehicle does that. and it does not do it when you are in android auto or apple carplay.,Every BYD Electric vehicle does that. and it does not do it when you are in android auto or apple carplay.,['BYD Electric'],"['does', 'byd electric', 'electric vehicle', 'auto apple', 'apple carplay']",0.0,Neutral
696,V0wtNI-rzSg,They could at least have thought of a better brand name than BYD...,They could at least have thought of a better brand name than BYD...,['BYD'],"['brand', 'thought', 'better', 'byd']",0.4404,Positive
697,V0wtNI-rzSg,Seems like China is taking the car king position from Japan.,Seems like China is taking the car king position from Japan.,"['China', 'Japan']","['japan', 'king', 'like china', 'position', 'taking']",0.3612,Positive
698,V0wtNI-rzSg,Still too expensive imo.,Still too expensive imo.,[],"['imo', 'expensive']",0.0,Neutral
699,V0wtNI-rzSg,chinese covid virus has made me hate chinese products,chinese covid virus has made me hate chinese products,['chinese'],"['chinese', 'chinese products', 'products', 'hate']",-0.5719,Negative
700,V0wtNI-rzSg,"What the hell, is it a Tesla copy?
By the way all screens are shit, distracting devices from driving and paying attention. 
Accidents and chaos on roads.","What the hell, is it a Tesla copy? By the way all screens are shit, distracting devices from driving and paying attention. Accidents and chaos on roads.",['Tesla'],"['attention', 'roads', 'copy', 'distracting', 'paying']",-0.9468,Negative
701,V0wtNI-rzSg,Can i toss the hideous screens out the window?,Can i toss the hideous screens out the window?,[],"['window', 'screens']",0.0,Neutral
702,V0wtNI-rzSg,"50k for a screen that spins, count me in I’ll have 10","50k for a screen that spins, count me in I’ll have 10",[],"['spins', '10', 'll', '50k', 'screen']",0.0,Neutral
703,V0wtNI-rzSg,I hate screens in cars,I hate screens in cars,[],"['hate', 'screens', 'cars']",-0.5719,Negative
704,V0wtNI-rzSg,"How much?

🤯🤯🤯

Nah, not the car.
How much you got?

I'm with you man!
I'm not with them, but if they gift me with one 
... I'll change my opinion 
🤣🤣🤣","How much? 🤯🤯🤯 Nah, not the car. How much you got? I'm with you man! I'm not with them, but if they gift me with one ... I'll change my opinion 🤣🤣🤣",[],"['nah', 'opinion', 'change', 'man', 'got']",0.9596,Positive
705,V0wtNI-rzSg,"Bro, I have a feeling that there’ll still be a place for human made things. As a 40yo, my advice to you would be to find a job doing X just to make ends meet but your main goal should be to build your own brand doing Y. Sorry for being vague but my point is that you will need a two pronged approach.","Bro, I have a feeling that there’ll still be a place for human made things. As a 40yo, my advice to you would be to find a job doing X just to make ends meet but your main goal should be to build your own brand doing Y. Sorry for being vague but my point is that you will need a two pronged approach.",['Y. Sorry'],"['doing', 'feeling', 'human', 'job', 'place']",-0.2023,Negative
706,V0wtNI-rzSg,Why does he talk like this?? I’ve seen him talk and it doesn’t like this!! What am I missing here???,Why does he talk like this?? I’ve seen him talk and it doesn’t like this!! What am I missing here???,[],"['talk', 'missing', 'like', 've seen', 'seen']",0.6535,Positive
707,V0wtNI-rzSg,Sim ok mas qual a utilidade disso mesmo? Lol enfim! Mais um cromo!,Sim ok mas qual a utilidade disso mesmo? Lol enfim! Mais um cromo!,"['Sim ok mas', 'Mais']","['ok', 'lol']",0.6792,Positive
708,V0wtNI-rzSg,Also my Dolphin,Also my Dolphin,[],['dolphin'],0.0,Neutral
709,V0wtNI-rzSg,"And you call this innovative? 😅😅😅. This is an idea, not innovation!","And you call this innovative? 😅😅😅. This is an idea, not innovation!",[],"['innovation', 'idea', 'innovative']",0.8395,Positive
710,V0wtNI-rzSg,"Di solito l'auto la guido. Non la compro per girare uno schermo! Tanto hanno la stessa durata di uno smartphone e quando si romperà non potrai usarla più . Un volante,un cambio manuale e 3 pedali sono quello che mi serve su un auto Stop.","Di solito l'auto la guido. Non la compro per girare uno schermo! Tanto hanno la stessa durata di uno smartphone e quando si romperà non potrai usarla più . Un volante,un cambio manuale e 3 pedali sono quello che mi serve su un auto Stop.","[""Di solito l'auto la guido"", 'Tanto']","['la', 'di', 'non', 'auto', 'su']",-0.3595,Negative
711,V0wtNI-rzSg,"I'm from Brazil, I see BYDs everywhere now, they've quite literally taken us over lol, they're such great looking cars","I'm from Brazil, I see BYDs everywhere now, they've quite literally taken us over lol, they're such great looking cars",['Brazil'],"['taken', 'byds', 'literally', 'quite', 've']",0.7845,Positive
712,V0wtNI-rzSg,"And when you stop at a traffic lights, it catches on fire.","And when you stop at a traffic lights, it catches on fire.",[],"['lights', 'stop']",-0.5574,Negative
713,V0wtNI-rzSg,Chinese are on top of tech decades ahead,Chinese are on top of tech decades ahead,['Chinese'],"['ahead', 'tech', 'chinese']",0.2023,Positive
714,V0wtNI-rzSg,"I mean, i would like a electric car 
But like, it seems like they dont build them without nonsense features noone normal asked for

Plus, Carello or Zilli tuktuks are probably more useful anyways","I mean, i would like a electric car But like, it seems like they dont build them without nonsense features noone normal asked for Plus, Carello or Zilli tuktuks are probably more useful anyways",['Zilli'],"['like', 'anyways', 'asked', 'nonsense', 'normal']",0.9374,Positive
715,V0wtNI-rzSg,Wonder how much he was paid for this,Wonder how much he was paid for this,[],"['wonder', 'paid']",0.0,Neutral
716,V0wtNI-rzSg,Give me knobs and buttons any day..imagine having to pull over to figure out how to turn the radio on,Give me knobs and buttons any day..imagine having to pull over to figure out how to turn the radio on,[],"['knobs', 'radio', 'imagine', 'day', 'turn']",0.0,Neutral
717,V0wtNI-rzSg,Errrr that's not a new feature... your a bit late on this..,Errrr that's not a new feature... your a bit late on this..,[],"['late', 'bit', 'new', 'feature']",0.0,Neutral
718,V0wtNI-rzSg,"At least there is a lever for drive, and not via screen. Tesla screen breaks and you can not select drive - your done!!","At least there is a lever for drive, and not via screen. Tesla screen breaks and you can not select drive - your done!!",[],"['drive', 'tesla screen', 'lever', 'breaks', 'screen']",0.0,Neutral
719,V0wtNI-rzSg,"As a 911 owner, it all looks ridiculous. Gen One design. A giant mobile iPad. God help us. No thanks.","As a 911 owner, it all looks ridiculous. Gen One design. A giant mobile iPad. God help us. No thanks.",['iPad'],"['gen', 'owner', 'giant', 'god', 'mobile']",-0.0274,Neutral
720,V0wtNI-rzSg,In Nov Ative ???,In Nov Ative ???,[],"['ative', 'nov']",0.0,Neutral
721,V0wtNI-rzSg,CCP rubbish product,CCP rubbish product,['CCP'],"['rubbish', 'product', 'ccp']",0.0,Neutral
722,V0wtNI-rzSg,Absolute distracting and useless.,Absolute distracting and useless.,[],"['distracting', 'absolute', 'useless']",-0.6124,Negative
723,V0wtNI-rzSg,199€ Samsung tablet wasn't cheaper than 50k????😂😂,199€ Samsung tablet wasn't cheaper than 50k????😂😂,['Samsung'],"['wasn', 'cheaper', 'tablet', '50k']",0.7757,Positive
724,V0wtNI-rzSg,this new world sucks so much....,this new world sucks so much....,[],"['sucks', 'world', 'new']",-0.3612,Negative
725,V0wtNI-rzSg,"All cool and games until it starts updates while you’re in the middle of the road and locks the doors, starts chipping, bruising in the first week, and the frame is smaller than…small things. 
Byd is even getting shat on by the Chinese citizens on their apps alone, and it’s not easy to j shat on national brands like that","All cool and games until it starts updates while you’re in the middle of the road and locks the doors, starts chipping, bruising in the first week, and the frame is smaller than…small things. Byd is even getting shat on by the Chinese citizens on their apps alone, and it’s not easy to j shat on national brands like that",['Chinese'],"['starts', 'easy', 'games', 'updates', 'doors']",0.1012,Positive
726,V0wtNI-rzSg,Other country already know this feature about 2 years ago. How far did United States left behind?,Other country already know this feature about 2 years ago. How far did United States left behind?,['United States'],"['united', 'united states', 'states', 'years ago', 'far']",0.4215,Positive
727,V0wtNI-rzSg,Tremenda información falopa,Tremenda información falopa,['Tremenda'],[],0.0,Neutral
728,V0wtNI-rzSg,Spielerei! Kann alles Kaputt gehen.,Spielerei! Kann alles Kaputt gehen.,"['Kann', 'Kaputt']",['kann'],0.0,Neutral
729,V0wtNI-rzSg,"I saw one of those in a bad accident.Two
 young girls got killed to couldn't get out 
The doors could not be open electrical problems 😢",I saw one of those in a bad accident.Two young girls got killed to couldn't get out The doors could not be open electrical problems 😢,[],"['electrical', 'killed', 'problems', 'accident', 'open']",-0.93,Negative
730,V0wtNI-rzSg,Half the video is AI talking about this trailer and then blabbing on some other company promotion - thanks AI 😳😑😂,Half the video is AI talking about this trailer and then blabbing on some other company promotion - thanks AI 😳😑😂,[],"['talking', 'half', 'company', 'thanks', 'video']",0.7003,Positive
731,V0wtNI-rzSg,So people can't be on their phones in car but they can be on their computers!! This world is a modern shit hole.,So people can't be on their phones in car but they can be on their computers!! This world is a modern shit hole.,[],"['hole', 'modern', 'phones', 'world', 'shit']",-0.7568,Negative
732,V0wtNI-rzSg,Was für eine schreckliche Stimme. Soviel Daumen kann ich nicht nach unten vergeben wie ich müsste. 🤮,Was für eine schreckliche Stimme. Soviel Daumen kann ich nicht nach unten vergeben wie ich müsste. 🤮,"['Stimme', 'Soviel Daumen']","['ich', 'eine', 'kann', 'nicht']",0.0,Neutral
733,V0wtNI-rzSg,BYD isn’t bad.,BYD isn’t bad.,['BYD'],"['isn', 'bad', 'byd']",-0.5423,Negative
734,V0wtNI-rzSg,Now there is another way to crash your car. 🎉,Now there is another way to crash your car. 🎉,[],"['crash', 'way', 'car']",0.0,Neutral
735,V0wtNI-rzSg,"I rather go by foot, than sit in a EV","I rather go by foot, than sit in a EV",[],"['sit', 'ev']",0.0,Neutral
736,V0wtNI-rzSg,"Wow an Android display for 50,000 dollars wow oh wow wow","Wow an Android display for 50,000 dollars wow oh wow wow",['Android'],"['wow', 'oh wow', 'dollars', '50 000', '000']",0.9451,Positive
737,V0wtNI-rzSg,Test out.the Mahindra XUV700,Test out.the Mahindra XUV700,[],['test'],0.0,Neutral
738,V0wtNI-rzSg,"You are such a shill, I really hope u don’t get trapped in there when it spontaneously combusts","You are such a shill, I really hope u don’t get trapped in there when it spontaneously combusts",[],"['spontaneously', 'shill', 'hope', 'really', 'don']",-0.0534,Negative
739,V0wtNI-rzSg,paid reviews guarantee 😂,paid reviews guarantee 😂,[],"['guarantee', 'reviews', 'paid']",0.5994,Positive
740,V0wtNI-rzSg,This is also available in market they will install it in your car just 1000 $,This is also available in market they will install it in your car just 1000 $,[],"['car just', 'install', 'available', 'market', 'just']",0.0,Neutral
741,V0wtNI-rzSg,Just one more car which shows how ugly and bad the interior of tesla is,Just one more car which shows how ugly and bad the interior of tesla is,[],"['shows', 'ugly', 'bad', 'interior', 'just']",-0.7783,Negative
742,V0wtNI-rzSg,Bro idgaf. It’s still trash,Bro idgaf. It’s still trash,[],"['bro', 'trash']",0.0,Neutral
743,V0wtNI-rzSg,He said the screen is inn-AH-vah-tiv,He said the screen is inn-AH-vah-tiv,[],"['ah', 'inn', 'tiv', 'said', 'screen']",0.0,Neutral
744,V0wtNI-rzSg,How the hell did you just pronounce INNOVATIVE 🥴🥴🥴,How the hell did you just pronounce INNOVATIVE 🥴🥴🥴,[],"['just pronounce', 'did just', 'hell', 'pronounce innovative', 'pronounce']",-0.2422,Negative
745,V0wtNI-rzSg,its...NOT the only car that does this....,its...NOT the only car that does this....,[],"['car does', 'does', 'car']",0.0,Neutral
746,V0wtNI-rzSg,I suspect you would sell your mother,I suspect you would sell your mother,[],['sell'],-0.296,Negative
747,V0wtNI-rzSg,"Sorry mate, Fisker did this 2yrs ago.","Sorry mate, Fisker did this 2yrs ago.",['Fisker'],"['fisker did', 'mate', 'sorry', 'ago', 'did']",-0.0772,Negative
748,V0wtNI-rzSg,Take Tesla any day !,Take Tesla any day !,[],"['day', 'tesla']",0.0,Neutral
749,V0wtNI-rzSg,Can you put that screen in dark Mode ?,Can you put that screen in dark Mode ?,['Mode'],"['dark mode', 'dark', 'mode', 'screen']",0.0,Neutral
750,V0wtNI-rzSg,The interior is mid and the displays look out of place.,The interior is mid and the displays look out of place.,[],"['mid', 'place', 'look', 'interior']",0.0,Neutral
751,V0wtNI-rzSg,So now vertical rotations on LCD worth 50k? We are doomed.,So now vertical rotations on LCD worth 50k? We are doomed.,['LCD'],"['vertical', 'worth', '50k']",-0.5106,Negative
752,V0wtNI-rzSg,Cheapest and best electric car in the world  - nothing comes near!,Cheapest and best electric car in the world - nothing comes near!,[],"['near', 'cheapest', 'comes', 'electric car', 'best']",0.6696,Positive
753,V0wtNI-rzSg,errr r v meant to drive the cars from A to B or r v to sit there forever and admire the interiors?? Chinese are eating into global markets. Find something affordable and buy your own nation's products.,errr r v meant to drive the cars from A to B or r v to sit there forever and admire the interiors?? Chinese are eating into global markets. Find something affordable and buy your own nation's products.,['Chinese'],"['sit', 'markets', 'interiors', 'affordable', 'products']",0.5362,Positive
754,V0wtNI-rzSg,Welcome to the times where screens are the feature that sells cars...,Welcome to the times where screens are the feature that sells cars...,[],"['sells', 'times', 'screens', 'feature', 'cars']",0.4588,Positive
755,V0wtNI-rzSg,It's a great car because I can rotate a huge screen... WTF seriously ??,It's a great car because I can rotate a huge screen... WTF seriously ??,[],"['wtf', 'huge', 'seriously', 'great car', 'rotate']",0.1348,Positive
756,V0wtNI-rzSg,Daily driver parked in the corner of the garage,Daily driver parked in the corner of the garage,[],"['daily driver', 'daily', 'garage', 'driver']",0.0,Neutral
757,V0wtNI-rzSg,Its still a shill for the price tag,Its still a shill for the price tag,[],"['price tag', 'shill', 'tag', 'price']",0.0,Neutral
758,V0wtNI-rzSg,Under 50k for.a.chinese😂,Under 50k for.a.chinese😂,[],"['50k', 'chinese']",0.4404,Positive
759,V0wtNI-rzSg,Am i the only one enhoying my Stelvio more than any electric car and prefer traditional clusters? Am I old school owning a Celica 94?,Am i the only one enhoying my Stelvio more than any electric car and prefer traditional clusters? Am I old school owning a Celica 94?,[],"['traditional', 'owning', 'old school', 'school', 'electric car']",0.0,Neutral
760,V0wtNI-rzSg,What a load,What a load,[],['load'],0.0,Neutral
761,V0wtNI-rzSg,De uma hora pra outra ter uma televisão no carro se tornou legal...,De uma hora pra outra ter uma televisão no carro se tornou legal...,['De uma hora pra outra'],"['se', 'legal']",-0.1779,Negative
762,V0wtNI-rzSg,"£50k, forget it.","£50k, forget it.",[],"['forget', '50k']",-0.2263,Negative
763,V0wtNI-rzSg,Would be really useful for when I roll it,Would be really useful for when I roll it,[],"['roll', 'useful', 'really']",0.4927,Positive
764,V0wtNI-rzSg,That's because it's literally an android tablet slapped in to car.,That's because it's literally an android tablet slapped in to car.,['android'],"['literally', 'android', 'tablet', 'car']",0.0,Neutral
765,V0wtNI-rzSg,Stolen technology the Chinese playbook. Steal your technology and sell it back to you by undercutting you.,Stolen technology the Chinese playbook. Steal your technology and sell it back to you by undercutting you.,"['Stolen', 'Chinese']","['technology', 'stolen', 'sell', 'chinese']",-0.7506,Negative
766,V0wtNI-rzSg,"Comment section with bunch of Americans doing American things Lol. They bring that distinct arrogance, stupidity and nastiness with them all around.","Comment section with bunch of Americans doing American things Lol. They bring that distinct arrogance, stupidity and nastiness with them all around.","['Americans', 'American']","['bunch', 'comment section', 'section', 'comment', 'bring']",-0.6808,Negative
767,V0wtNI-rzSg,BYD E2 screen also rotates.,BYD E2 screen also rotates.,['BYD E2'],"['screen rotates', 'rotates', 'screen', 'byd']",0.0,Neutral
768,V0wtNI-rzSg,this looks like a kia interior and theres no way that i will ever support the ccp or any of its companies,this looks like a kia interior and theres no way that i will ever support the ccp or any of its companies,"['kia', 'ccp']","['kia', 'companies', 'support', 'ccp', 'looks like']",-0.296,Negative
769,V0wtNI-rzSg,I still don't like a whole TV stuck in the middle of my dashboard man.,I still don't like a whole TV stuck in the middle of my dashboard man.,[],"['stuck', 'tv', 'middle', 'dashboard', 'don like']",-0.4784,Negative
770,V0wtNI-rzSg,Did that man say In-nov-a-tiv ? 🤔🫢😂,Did that man say In-nov-a-tiv ? 🤔🫢😂,[],"['nov tiv', 'nov', 'tiv', 'man', 'say']",0.4404,Positive
771,V0wtNI-rzSg,China is a shit hole and saying any praise for a direct ripoff of other car companies is atrocious.,China is a shit hole and saying any praise for a direct ripoff of other car companies is atrocious.,['China'],"['hole', 'car companies', 'saying', 'companies', 'shit']",0.0,Neutral
772,V0wtNI-rzSg,🚽🧻🚽🧻🚽🧻🚽🧻🚽🧻😂 from Italy ❤,🚽🧻🚽🧻🚽🧻🚽🧻🚽🧻😂 from Italy ❤,['Italy'],[],0.7964,Positive
773,V0wtNI-rzSg,Fisker Ocean does the same…,Fisker Ocean does the same…,['Fisker Ocean'],"['ocean does', 'fisker ocean', 'ocean', 'fisker', 'does']",0.0,Neutral
774,V0wtNI-rzSg,You’ll do anything for money ah ? 😏,You’ll do anything for money ah ? 😏,[],"['ah', 'll', 'money']",0.0,Neutral
775,V0wtNI-rzSg,Your channel is featuring kitchen appliances now ??? 🤨,Your channel is featuring kitchen appliances now ??? 🤨,[],['channel'],0.0,Neutral
776,V0wtNI-rzSg,"""My daily runabout"" is now the new term for my car.","""My daily runabout"" is now the new term for my car.",[],"['term', 'daily', 'new', 'car']",0.0,Neutral
777,V0wtNI-rzSg,How much of that tech' will be working in three years time ? And what range will the battery have then ?,How much of that tech' will be working in three years time ? And what range will the battery have then ?,[],"['working', 'tech', 'range', 'time', 'battery']",0.0,Neutral
778,V0wtNI-rzSg,And providing money to Red China to invade Taiwan,And providing money to Red China to invade Taiwan,"['Red China', 'Taiwan']","['taiwan', 'red', 'providing', 'money', 'china']",0.0,Neutral
779,V0wtNI-rzSg,After the battery starts dying in 2 years and all your information goes to the CCP,After the battery starts dying in 2 years and all your information goes to the CCP,['CCP'],"['starts', 'information', 'goes', 'ccp', 'battery']",0.0,Neutral
780,V0wtNI-rzSg,Una nota anche per kelly che in attesa del figlio se la chilla sul nuovo yacht che ha comprato Max a Monaco 😂,Una nota anche per kelly che in attesa del figlio se la chilla sul nuovo yacht che ha comprato Max a Monaco 😂,"['Una nota anche per kelly che', 'Max', 'Monaco']","['che', 'la', 'max', 'se']",0.6486,Positive
781,V0wtNI-rzSg,Tablet with wheels,Tablet with wheels,['Tablet'],"['wheels', 'tablet']",0.0,Neutral
782,V0wtNI-rzSg,"It's not as unique as the way you say ""innovative"".....","It's not as unique as the way you say ""innovative"".....",[],"['say innovative', 'unique', 'way', 'say', 'innovative']",0.4404,Positive
783,V0wtNI-rzSg,"'All the silly stuff left behind'. 'Wow! The screen turns round'.
Very silly me thinks.😆",'All the silly stuff left behind'. 'Wow! The screen turns round'. Very silly me thinks.😆,[],"['silly', 'stuff left', 'thinks', 'screen turns', 'wow screen']",0.7955,Positive
784,V0wtNI-rzSg,All I heard was gay gay gay gay gay gay gay gay gay gay gay gay gay gay gay gay,All I heard was gay gay gay gay gay gay gay gay gay gay gay gay gay gay gay gay,[],['heard'],0.0,Neutral
785,V0wtNI-rzSg,I wish they had more of the BYD models on sale in UK. The BYD han is even nicer inside. Uber drivers in Dubai love them too it appears,I wish they had more of the BYD models on sale in UK. The BYD han is even nicer inside. Uber drivers in Dubai love them too it appears,"['BYD', 'Dubai']","['byd models', 'sale', 'byd han', 'drivers', 'han']",0.8689,Positive
786,V0wtNI-rzSg,oh dear Lord <barf>,oh dear Lord <barf>,[],['oh'],0.3818,Positive
787,V0wtNI-rzSg,BYD made tesler silly ass tesler buyers,BYD made tesler silly ass tesler buyers,['BYD'],"['buyers', 'ass', 'silly', 'byd']",-0.5267,Negative
788,V0wtNI-rzSg,Prefer internal combustion tbh,Prefer internal combustion tbh,[],"['internal', 'tbh', 'prefer']",0.0,Neutral
789,V0wtNI-rzSg,"Ah, it's gonna be fun when something goes wrong and the whole car blue screen itself","Ah, it's gonna be fun when something goes wrong and the whole car blue screen itself",[],"['wrong car', 'ah', 'goes', 'fun', 'gonna']",0.0516,Positive
790,V0wtNI-rzSg,Thata nothing new. Fisker Karma had this.,Thata nothing new. Fisker Karma had this.,['Fisker Karma'],"['new', 'fisker']",0.0,Neutral
791,V0wtNI-rzSg,Is it a videogame? Shame of a “car”,Is it a videogame? Shame of a “car”,[],"['shame', 'car']",-0.4767,Negative
792,V0wtNI-rzSg,Backwards E Y backwards C makes great cars,Backwards E Y backwards C makes great cars,[],"['great cars', 'makes', 'great', 'cars']",0.6249,Positive
793,V0wtNI-rzSg,you will see how this brand really perform  & if still reliable after 3years.,you will see how this brand really perform & if still reliable after 3years.,[],"['perform', 'reliable', 'brand', 'really']",0.0,Neutral
794,V0wtNI-rzSg,"thats not innovative, other brands been doing this for years now 😭the real innovation is the price of this thing, amazing cost management","thats not innovative, other brands been doing this for years now 😭the real innovation is the price of this thing, amazing cost management",[],"['management', 'innovation', 'thats', 'cost', 'doing']",0.2249,Positive
795,V0wtNI-rzSg,Too much boredom.,Too much boredom.,[],[],-0.3182,Negative
796,V0wtNI-rzSg,Enjoy or car spying on you,Enjoy or car spying on you,[],"['spying', 'enjoy', 'car']",0.4939,Positive
797,V0wtNI-rzSg,Still a comies pile of crap,Still a comies pile of crap,[],"['pile', 'crap']",-0.3818,Negative
798,V0wtNI-rzSg,nothing chinese here Technology Design Materials and Everything else was exclusively developed by western Engineers and Designers. Never forget it and thank you 👋,nothing chinese here Technology Design Materials and Everything else was exclusively developed by western Engineers and Designers. Never forget it and thank you 👋,"['chinese', 'Engineers']","['materials', 'forget', 'western', 'thank', 'technology']",0.7481,Positive
799,V0wtNI-rzSg,Seems a better value than a you know what..they probably use a better glue too...,Seems a better value than a you know what..they probably use a better glue too...,[],"['better', 'value', 'probably', 'know', 'use']",0.802,Positive
800,V0wtNI-rzSg,"Well if the greatest innovation in a new car is a remote Controlled spinning display.
I would not be scared. Since chinese Cars have some nice tech regarding engine and battery. 
It might the author just did Not know much about cars.",Well if the greatest innovation in a new car is a remote Controlled spinning display. I would not be scared. Since chinese Cars have some nice tech regarding engine and battery. It might the author just did Not know much about cars.,['chinese'],"['new car', 'regarding', 'greatest', 'cars', 'spinning']",0.9202,Positive
801,V0wtNI-rzSg,It’s totally stupid an electric vehicle that travels hardly anywhere dumb dumb dumb but it has a cool screen,It’s totally stupid an electric vehicle that travels hardly anywhere dumb dumb dumb but it has a cool screen,[],"['dumb', 'electric vehicle', 'totally', 'stupid', 'cool']",-0.5537,Negative
802,V0wtNI-rzSg,Can’t wait to see the repair costs lmao,Can’t wait to see the repair costs lmao,[],"['lmao', 'repair', 'costs', 'wait']",0.5994,Positive
803,V0wtNI-rzSg,Terrible build quality.  Plastic used on some suspension components.  Battery fires.  No thanks.,Terrible build quality. Plastic used on some suspension components. Battery fires. No thanks.,[],"['components', 'build quality', 'terrible', 'suspension', 'plastic']",-0.6711,Negative
804,V0wtNI-rzSg,"all cars that look like this with tablet screens inside are ugly and I ain't driving that shit. Old-school only, real dash, not a gaming console, I buy the car to drive it not play NFS on it.","all cars that look like this with tablet screens inside are ugly and I ain't driving that shit. Old-school only, real dash, not a gaming console, I buy the car to drive it not play NFS on it.",['NFS'],"['car drive', 'cars look', 'console', 'ain', 'old school']",0.0227,Neutral
805,V0wtNI-rzSg,"if they gave you the key, it is not your daily!","if they gave you the key, it is not your daily!",[],"['key', 'daily']",0.0,Neutral
806,V0wtNI-rzSg,"This car is the embodiment of ""silly stuff"".","This car is the embodiment of ""silly stuff"".",[],"['silly stuff', 'silly', 'stuff', 'car']",0.0258,Neutral
807,V0wtNI-rzSg,Sales people love the ones that get impressed by shinny things,Sales people love the ones that get impressed by shinny things,[],"['impressed', 'sales', 'ones', 'things', 'love']",0.8074,Positive
808,V0wtNI-rzSg,All of this tech in modern cars is useless. Bring back mechanical shift linkage at least,All of this tech in modern cars is useless. Bring back mechanical shift linkage at least,[],"['shift', 'mechanical', 'modern', 'bring', 'tech']",-0.4215,Negative
809,V0wtNI-rzSg,"Another load of useless gimmicks that’s if u can see the road over ridiculous oversized garbage screen under 50,000 wow what a bargain 😮😂","Another load of useless gimmicks that’s if u can see the road over ridiculous oversized garbage screen under 50,000 wow what a bargain 😮😂",[],"['load', 'useless gimmicks', 'oversized', 'gimmicks', '50 000']",0.4939,Positive
810,V0wtNI-rzSg,Porsche 911 shifter. Wow,Porsche 911 shifter. Wow,['Porsche'],['wow'],0.5859,Positive
811,V0wtNI-rzSg,"So it basically just accomplished what you can manually do with your📱⁉️
Gotchya👍",So it basically just accomplished what you can manually do with your📱⁉️ Gotchya👍,[],['just'],0.4404,Positive
812,V0wtNI-rzSg,Does it have level 2 or level 3 autonomy?,Does it have level 2 or level 3 autonomy?,[],"['level', 'does']",0.0,Neutral
813,V0wtNI-rzSg,Heh? That thing is just android tablet with electric motor that spins it,Heh? That thing is just android tablet with electric motor that spins it,['electric motor'],"['spins', 'motor', 'android', 'tablet', 'electric']",-0.1531,Negative
814,V0wtNI-rzSg,Most Chinese cars blow up in simple crashes,Most Chinese cars blow up in simple crashes,['Chinese'],"['blow', 'crashes', 'simple', 'chinese cars', 'cars']",0.0,Neutral
815,V0wtNI-rzSg,Fisker Ocean also spin the Display 😂,Fisker Ocean also spin the Display 😂,"['Fisker Ocean', 'Display']","['spin', 'display', 'fisker ocean', 'ocean', 'fisker']",0.4404,Positive
816,V0wtNI-rzSg,I wanna see what it does in a rollover.,I wanna see what it does in a rollover.,[],"['wanna', 'does']",0.0,Neutral
817,V0wtNI-rzSg,Great.. Seeing Shmee promoting a chinese car… The world is lost,Great.. Seeing Shmee promoting a chinese car… The world is lost,['chinese'],"['promoting', 'lost', 'seeing', 'shmee', 'chinese car']",0.6486,Positive
818,V0wtNI-rzSg,You missed something about the car that's very obvious......ITS GAY,You missed something about the car that's very obvious......ITS GAY,[],"['missed', 'obvious', 'car']",-0.296,Negative
819,V0wtNI-rzSg,Tesla interior is shit compared to byd,Tesla interior is shit compared to byd,[],"['tesla interior', 'compared', 'shit', 'interior', 'tesla']",-0.5574,Negative
820,V0wtNI-rzSg,"Sure, you love this car since it has large and rotating screen 🤦","Sure, you love this car since it has large and rotating screen 🤦",[],"['large', 'sure', 'love', 'rotating screen', 'rotating']",0.7579,Positive
821,V0wtNI-rzSg,Wait.... Say innovative again 😂😂,Wait.... Say innovative again 😂😂,[],"['say innovative', 'wait', 'say', 'innovative']",0.8271,Positive
822,V0wtNI-rzSg,Yeah but the bad thing is that when someone asks you what you drive you have to say “a seal”.,Yeah but the bad thing is that when someone asks you what you drive you have to say “a seal”.,[],"['yeah', 'bad', 'say', 'drive', 'thing']",-0.631,Negative
823,V0wtNI-rzSg,A rotating screen... Wow... And for under 50k 😅,A rotating screen... Wow... And for under 50k 😅,[],"['50k', 'rotating screen', 'wow', 'rotating', 'screen']",0.743,Positive
824,V0wtNI-rzSg,Tesla way nicer.,Tesla way nicer.,[],"['tesla way', 'nicer', 'way', 'tesla']",0.4404,Positive
825,V0wtNI-rzSg,"ofcourse we know it's unusual, look at the steering wheel placement. it's on the right fkin side lol","ofcourse we know it's unusual, look at the steering wheel placement. it's on the right fkin side lol",[],"['unusual', 'right', 'know', 'lol', 'steering wheel']",0.4215,Positive
826,V0wtNI-rzSg,for an extra 25K they will make it left side drive,for an extra 25K they will make it left side drive,[],"['25k', 'extra', 'left', 'make', 'drive']",0.0,Neutral
827,V0wtNI-rzSg,Utile per distrarsi mentre si guida...,Utile per distrarsi mentre si guida...,[],['si'],0.0,Neutral
828,V0wtNI-rzSg,I was hoping the screen just continued to spin.,I was hoping the screen just continued to spin.,[],"['spin', 'just', 'screen']",0.4215,Positive
829,V0wtNI-rzSg,"Went to look at one of these and the panel gaps were all over the shop, still an upgrade on a Tesla though. Ended up going with a Renault 5 at least that looks cool and doesn’t feel like someone glued an ipad to the centre console","Went to look at one of these and the panel gaps were all over the shop, still an upgrade on a Tesla though. Ended up going with a Renault 5 at least that looks cool and doesn’t feel like someone glued an ipad to the centre console",['Tesla'],"['glued', 'feel like', 'console', 'looks cool', 'went']",0.5859,Positive
830,V0wtNI-rzSg,Nice enjoy sending all ya private info to the CCP in your BYD,Nice enjoy sending all ya private info to the CCP in your BYD,"['CCP', 'BYD']","['private', 'ya', 'info', 'enjoy', 'ccp']",0.7184,Positive
831,V0wtNI-rzSg,"Ok, but can you tilt the screen any way you want?","Ok, but can you tilt the screen any way you want?",[],"['tilt', 'ok', 'want', 'way', 'screen']",0.1154,Positive
832,V0wtNI-rzSg,So einen Blödsinn brauchen nur verblödete Elektro Fahrer,So einen Blödsinn brauchen nur verblödete Elektro Fahrer,"['Blödsinn', 'Elektro Fahrer']",[],0.0,Neutral
833,V0wtNI-rzSg,Really ugly car and interior.,Really ugly car and interior.,[],"['car interior', 'ugly', 'interior', 'really', 'car']",-0.5563,Negative
834,V0wtNI-rzSg,In Mexico we called them: bonito y desechable 😂😂😂 this means pretty and dispensable,In Mexico we called them: bonito y desechable 😂😂😂 this means pretty and dispensable,"['Mexico', 'bonito']","['called', 'means', 'mexico', 'pretty']",0.8979,Positive
835,V0wtNI-rzSg,"Screens on cars are dumb, for driver anyways.","Screens on cars are dumb, for driver anyways.",[],"['anyways', 'dumb', 'driver', 'screens', 'cars']",-0.5106,Negative
836,V0wtNI-rzSg,How much did China pay you to do this? 😂😂😂😂😂😂,How much did China pay you to do this? 😂😂😂😂😂😂,['China'],"['pay', 'did', 'china']",0.9432,Positive
837,V0wtNI-rzSg,"What stupid ,cold,useless era we live,,,these ""cars' are  empty ,,,just a stupid touch screen &  tons of rechargeable batteries 🔋 🔋 🔋 🔋 🔋","What stupid ,cold,useless era we live,,,these ""cars' are empty ,,,just a stupid touch screen & tons of rechargeable batteries 🔋 🔋 🔋 🔋 🔋","['live,,,these', 'screen & tons']","['stupid', 'era', 'cold', 'tons', 'batteries']",-0.8225,Negative
838,V0wtNI-rzSg,I'll tell you exactly what's unusual The steering wheels in the wrong side,I'll tell you exactly what's unusual The steering wheels in the wrong side,[],"['exactly', 'unusual', 'tell', 'wheels', 'll']",-0.4767,Negative
839,V0wtNI-rzSg,"But why, i go shopping and work n back.... I look out the bloody window","But why, i go shopping and work n back.... I look out the bloody window",[],"['window', 'bloody', 'work', 'look']",-0.5927,Negative
840,V0wtNI-rzSg,Il garage delle lavatrici,Il garage delle lavatrici,[],['garage'],0.0,Neutral
841,V0wtNI-rzSg,If the Canadian Gov was smart they would let the US automakers leave and turn those factories into Chinese EV ones.,If the Canadian Gov was smart they would let the US automakers leave and turn those factories into Chinese EV ones.,"['Canadian', 'Chinese']","['gov', 'automakers', 'leave', 'smart', 'ones']",0.3612,Positive
842,V0wtNI-rzSg,"I can’t stand bright screens in a car. I have night vision problems, and I literally can’t drive with those at night.","I can’t stand bright screens in a car. I have night vision problems, and I literally can’t drive with those at night.",[],"['night', 'problems', 'vision', 'stand', 'literally']",0.296,Positive
843,V0wtNI-rzSg,"Inn-nov-a-tiv????

It’s in-ov-a-tiv chump.",Inn-nov-a-tiv???? It’s in-ov-a-tiv chump.,[],"['tiv', 'ov tiv', 'nov tiv', 'inn', 'nov']",0.0,Neutral
844,V0wtNI-rzSg,One more thing that's better than a Tesla... it looks better.,One more thing that's better than a Tesla... it looks better.,['Tesla'],"['better', 'looks better', 'better tesla', 'thing', 'looks']",0.7239,Positive
845,V0wtNI-rzSg,But can it run crysis?,But can it run crysis?,[],['run'],0.0,Neutral
846,V0wtNI-rzSg,No option to save the big horrible screen such a terrible taste.,No option to save the big horrible screen such a terrible taste.,[],"['save', 'option', 'horrible', 'terrible', 'big']",-0.6808,Negative
847,V0wtNI-rzSg,I like to see the faces who paid 50k for this car after 3 years. I wish to see them still happy but I don't think so.,I like to see the faces who paid 50k for this car after 3 years. I wish to see them still happy but I don't think so.,[],"['50k car', 'don think', 'happy', 'wish', 'paid']",0.6059,Positive
848,V0wtNI-rzSg,BYD is not sold in the USA for one reason only substandard metal.,BYD is not sold in the USA for one reason only substandard metal.,"['BYD', 'USA']","['sold', 'usa', 'reason', 'byd']",0.0,Neutral
849,V0wtNI-rzSg,No to Chinese cars,No to Chinese cars,['Chinese'],"['chinese cars', 'cars', 'chinese']",-0.296,Negative
850,V0wtNI-rzSg,I would not a Chinese car downloading all my information.,I would not a Chinese car downloading all my information.,['Chinese'],"['information', 'chinese car', 'chinese', 'car']",0.0,Neutral
851,V0wtNI-rzSg,Can't wait till the display is detachable,Can't wait till the display is detachable,[],"['till', 'display', 'wait']",0.0,Neutral
852,V0wtNI-rzSg,kia is getting out of hand,kia is getting out of hand,['kia'],"['hand', 'kia', 'getting']",-0.25,Negative
853,V0wtNI-rzSg,Drive it for 2 months and get back to me.,Drive it for 2 months and get back to me.,[],"['months', 'drive']",0.0,Neutral
854,V0wtNI-rzSg,"If it's electric,that's one EV to die for","If it's electric,that's one EV to die for",[],"['electric', 'ev']",-0.5994,Negative
855,V0wtNI-rzSg,Turned what used to be the most nostalgic part about a car into what ai would do we are are already adopting ai consciousness lol so lame just two screens no artistic engineering here 😮😅,Turned what used to be the most nostalgic part about a car into what ai would do we are are already adopting ai consciousness lol so lame just two screens no artistic engineering here 😮😅,[],"['lame', 'engineering', 'turned', 'used', 'lol']",-0.1321,Negative
856,V0wtNI-rzSg,"That screen is screaming ""INVASIVE"", it's not suitable HOWEVER the interior overall seems top notch 👍","That screen is screaming ""INVASIVE"", it's not suitable HOWEVER the interior overall seems top notch 👍",[],"['screaming', 'overall', 'notch', 'interior', 'screen']",-0.2023,Negative
857,V0wtNI-rzSg,I don’t like anything made in china but I would buy this over a Tesla. The color and design is slick inside out. 🙂,I don’t like anything made in china but I would buy this over a Tesla. The color and design is slick inside out. 🙂,"['china', 'Tesla']","['color', 'like china', 'don like', 'inside', 'design']",0.6497,Positive
858,V0wtNI-rzSg,Pretty sure that Bentley make a turning infotainment system before BYD,Pretty sure that Bentley make a turning infotainment system before BYD,"['Bentley', 'BYD']","['pretty sure', 'bentley', 'infotainment', 'turning', 'pretty']",0.6705,Positive
859,V0wtNI-rzSg,"With an incoming recession about to hit, I think it's high time that auto manufacturers went back to basics. They should make largely mechanical vehicles with limited reliance on electronics and software. Cars that would be cheaper to make, cheap to fix and with a low price tag. I think any car maker that does that would absolutely clean up. People are already struggling to feed their families.  I doubt they will buy expensive new cars. 
However, I am aware of the rampant greed of corporations so I doubt they can even think in terms like this. Making and selling cheap cars in bulk is going to be more profitable than making and selling a few top-of-the-line models to the obscenely rich.","With an incoming recession about to hit, I think it's high time that auto manufacturers went back to basics. They should make largely mechanical vehicles with limited reliance on electronics and software. Cars that would be cheaper to make, cheap to fix and with a low price tag. I think any car maker that does that would absolutely clean up. People are already struggling to feed their families. I doubt they will buy expensive new cars. However, I am aware of the rampant greed of corporations so I doubt they can even think in terms like this. Making and selling cheap cars in bulk is going to be more profitable than making and selling a few top-of-the-line models to the obscenely rich.",[],"['think', 'doubt', 'making', 'selling', 'cars']",-0.5093,Negative
860,V0wtNI-rzSg,"I believe the Fisker ocean does that as well, if not all the Fisker cars","I believe the Fisker ocean does that as well, if not all the Fisker cars",['Fisker'],"['fisker', 'believe', 'ocean does', 'fisker ocean', 'ocean']",0.2732,Positive
861,V0wtNI-rzSg,Burns Your Driveway. 😂,Burns Your Driveway. 😂,[],['burns'],0.4404,Positive
862,V0wtNI-rzSg,Nobody saw the elephant in the room...the steering wheel is on the wrong side 😂,Nobody saw the elephant in the room...the steering wheel is on the wrong side 😂,[],"['room', 'saw', 'wheel wrong', 'steering wheel', 'steering']",-0.0516,Negative
863,V0wtNI-rzSg,Er... who's gonna tell him that feature first appeared in the Fisker Ocean?,Er... who's gonna tell him that feature first appeared in the Fisker Ocean?,['the Fisker Ocean'],"['er', 'gonna tell', 'tell', 'gonna', 'fisker ocean']",0.0,Neutral
864,V0wtNI-rzSg,"Byd has alot of pros but it also comes with alot of cons, one main problem i heard is rust, make sure u prepare before buying byd.","Byd has alot of pros but it also comes with alot of cons, one main problem i heard is rust, make sure u prepare before buying byd.",[],"['main', 'rust', 'comes', 'byd', 'heard']",-0.1531,Negative
865,V0wtNI-rzSg,Kindly upload part 2 briefly.,Kindly upload part 2 briefly.,[],[],0.4939,Positive
866,V0wtNI-rzSg,More value for money than a Tesla,More value for money than a Tesla,['Tesla'],"['value money', 'value', 'money', 'tesla']",0.4005,Positive
867,V0wtNI-rzSg,Buen podcast pero no deja hablar al invitado,Buen podcast pero no deja hablar al invitado,['Buen'],[],-0.296,Negative
868,V0wtNI-rzSg,Why does it need to be motorized? Why wouldn't they just save on resources altogether and have you just reach over and flip it?,Why does it need to be motorized? Why wouldn't they just save on resources altogether and have you just reach over and flip it?,[],"['just', 'flip', 'save', 'reach', 'wouldn']",-0.4382,Negative
869,V0wtNI-rzSg,"Why would you buy a car from our greatest enemy that eants to destroy our democracy?
China wants to destroy our industry and then conquer us. And china is a communist concentration camp running country.",Why would you buy a car from our greatest enemy that eants to destroy our democracy? China wants to destroy our industry and then conquer us. And china is a communist concentration camp running country.,"['China', 'china']","['destroy', 'china', 'running', 'enemy', 'greatest']",-0.743,Negative
870,V0wtNI-rzSg,"Garbage. Who makes cars like in the '90, so I can go and buy one ?","Garbage. Who makes cars like in the '90, so I can go and buy one ?",[],"['cars like', 'garbage', 'makes', 'buy', 'cars']",0.3612,Positive
871,V0wtNI-rzSg,Why does every single video this company appears in seem like an ad ? Feels like everyone is bought,Why does every single video this company appears in seem like an ad ? Feels like everyone is bought,[],"['like bought', 'feels like', 'ad', 'single', 'feels']",0.6124,Positive
872,V0wtNI-rzSg,He is Bought by BYD for promoting,He is Bought by BYD for promoting,['BYD'],"['promoting', 'bought byd', 'bought', 'byd']",0.3612,Positive
873,V0wtNI-rzSg,"It's like someone's nightmare. I got in a new car recently and it wasn't even electric and there were no buttons almost anywhere, all touch screen and you have to scroll through 2 pages of BS just to put the heaters on and clear the windshield. It's absolutely awful and the end of real motoring in my opinion.","It's like someone's nightmare. I got in a new car recently and it wasn't even electric and there were no buttons almost anywhere, all touch screen and you have to scroll through 2 pages of BS just to put the heaters on and clear the windshield. It's absolutely awful and the end of real motoring in my opinion.",[],"['windshield', 'scroll', 'new car', 'wasn', 'recently']",-0.101,Negative
874,V0wtNI-rzSg,stop killing our economy. Don't buy from the asians,stop killing our economy. Don't buy from the asians,['asians'],"['economy', 'don buy', 'stop', 'buy', 'don']",-0.765,Negative
875,V0wtNI-rzSg,Vertical screen for playing Space Invaders. THE FUTURE IS HERE,Vertical screen for playing Space Invaders. THE FUTURE IS HERE,"['Space Invaders', 'FUTURE']","['playing', 'vertical', 'future', 'space', 'screen']",0.2023,Positive
876,V0wtNI-rzSg,Vaya gilipollez de funcion,Vaya gilipollez de funcion,[],[],0.0,Neutral
877,V0wtNI-rzSg,Guy just woke up from a coma! Wireless charging pad 😂 Even cheaper cars get it.,Guy just woke up from a coma! Wireless charging pad 😂 Even cheaper cars get it.,[],"['pad', 'wireless', 'guy', 'cheaper', 'charging']",0.4926,Positive
878,V0wtNI-rzSg,Move this one outside so when it 🔥 it wont wreck the rest of your silly wee cars,Move this one outside so when it 🔥 it wont wreck the rest of your silly wee cars,[],"['rest', 'wont', 'silly', 'outside', 'cars']",-0.0407,Neutral
879,V0wtNI-rzSg,Woooooooooooww! So useless! Amazing! 😅😅,Woooooooooooww! So useless! Amazing! 😅😅,['Woooooooooooww'],"['amazing', 'useless']",0.7978,Positive
880,V0wtNI-rzSg,They named it right Ater you are seald in a fire trap,They named it right Ater you are seald in a fire trap,['Ater'],"['trap', 'right']",-0.5719,Negative
881,V0wtNI-rzSg,honestly this is not interesting at all but everything else about this car looks great,honestly this is not interesting at all but everything else about this car looks great,[],"['car looks', 'honestly', 'looks great', 'interesting', 'great']",0.7918,Positive
882,V0wtNI-rzSg,Big deal.  Another communist junk.,Big deal. Another communist junk.,[],"['big deal', 'deal', 'communist', 'junk', 'big']",0.0,Neutral
883,V0wtNI-rzSg,"Why not just put a 70"" flat screen and some disco lighting in. Surely that would be enough to win the Big Dick award 😏😓","Why not just put a 70"" flat screen and some disco lighting in. Surely that would be enough to win the Big Dick award 😏😓",[],"['flat', 'win', 'surely', 'big', 'just']",0.6249,Positive
884,V0wtNI-rzSg,It should be illegal to install that many distractions in the car.,It should be illegal to install that many distractions in the car.,[],"['illegal', 'install', 'distractions', 'car']",-0.6808,Negative
885,V0wtNI-rzSg,Chinese death trap,Chinese death trap,['Chinese'],"['trap', 'death', 'chinese']",-0.7351,Negative
886,V0wtNI-rzSg,Too techy not suitable for those who want an immersive driving experience. No physical buttons evsn for essential functions of a car is a bit safety concernin.,Too techy not suitable for those who want an immersive driving experience. No physical buttons evsn for essential functions of a car is a bit safety concernin.,[],"['driving experience', 'functions', 'physical buttons', 'physical', 'experience']",0.2263,Positive
887,V0wtNI-rzSg,G hey boys car,G hey boys car,[],"['hey', 'car']",0.0,Neutral
888,V0wtNI-rzSg,"Bro they have fooled you, the steering wheel is on the wrong side.","Bro they have fooled you, the steering wheel is on the wrong side.",[],"['bro', 'wheel wrong', 'steering wheel', 'steering', 'wrong']",-0.6908,Negative
889,V0wtNI-rzSg,"wow, give me two, just because of display","wow, give me two, just because of display",[],"['display', 'wow', 'just']",0.5859,Positive
890,V0wtNI-rzSg,"It's a piece of junk, my brother got one 6 months ago and it's falling a part ; buttons don't work, cheap tires, took to dealers at least 3 times in 6 months.  He will replace it for a Toyota RAV4","It's a piece of junk, my brother got one 6 months ago and it's falling a part ; buttons don't work, cheap tires, took to dealers at least 3 times in 6 months. He will replace it for a Toyota RAV4",['Toyota'],"['months', 'dealers', 'falling', 'took', 'replace']",-0.1531,Negative
891,V0wtNI-rzSg,"Oh cool! Thatll be fun when it breaks. Prolly be pretty cheap to fix too.

Remember: if it moves, it can break.","Oh cool! Thatll be fun when it breaks. Prolly be pretty cheap to fix too. Remember: if it moves, it can break.",[],"['breaks', 'remember', 'fix', 'fun', 'pretty']",0.8439,Positive
892,V0wtNI-rzSg,EV? Not interested.,EV? Not interested.,[],"['interested', 'ev']",-0.3089,Negative
893,V0wtNI-rzSg,It’s cheaper than a set of wheels on any of his other cars in the livery. 😊😊😊😊,It’s cheaper than a set of wheels on any of his other cars in the livery. 😊😊😊😊,[],"['set', 'cheaper', 'wheels', 'cars']",0.9719,Positive
894,V0wtNI-rzSg,Only con that makes it not purchasable: it's Chinese,Only con that makes it not purchasable: it's Chinese,['Chinese'],"['makes', 'chinese']",0.0,Neutral
895,V0wtNI-rzSg,Wow ! Just a big screen 🤦🏽‍♂️,Wow ! Just a big screen 🤦🏽‍♂️,[],"['big screen', 'big', 'wow', 'just', 'screen']",0.6239,Positive
896,V0wtNI-rzSg,Tesla owner here.  I don’t care for the rotating screen but that interior is waaay better than any Tesla.,Tesla owner here. I don’t care for the rotating screen but that interior is waaay better than any Tesla.,['Tesla'],"['tesla', 'owner', 'care', 'better tesla', 'rotating screen']",0.714,Positive
897,V0wtNI-rzSg,Looks very Chinese 😥,Looks very Chinese 😥,['Chinese'],"['looks', 'chinese']",0.2984,Positive
898,V0wtNI-rzSg,"It also has a few other super secret features not listed here. But you have to hit a speed bump or try and drive it a little to discover them. Who knows, you might get lucky and unlock one at the charging station.","It also has a few other super secret features not listed here. But you have to hit a speed bump or try and drive it a little to discover them. Who knows, you might get lucky and unlock one at the charging station.",[],"['station', 'hit', 'knows', 'lucky', 'super']",0.7311,Positive
899,V0wtNI-rzSg,Multimedia still looks like outdated Chinese smartphone.,Multimedia still looks like outdated Chinese smartphone.,['Chinese'],"['smartphone', 'looks like', 'looks', 'chinese', 'like']",0.3612,Positive
900,V0wtNI-rzSg,👍 just for NOT using annoying subtitles!,👍 just for NOT using annoying subtitles!,[],"['annoying', 'using', 'just']",0.3716,Positive
901,V0wtNI-rzSg,How many things can go wrong…,How many things can go wrong…,[],"['things wrong', 'things', 'wrong']",0.0,Neutral
902,V0wtNI-rzSg,Almost thought bro was in a GTA garage 😮😂,Almost thought bro was in a GTA garage 😮😂,['GTA'],"['bro', 'garage', 'thought']",0.4404,Positive
903,V0wtNI-rzSg,It is forbidden to use a mobile while driving. But i am allowed to scroll around on that big ass screen!?,It is forbidden to use a mobile while driving. But i am allowed to scroll around on that big ass screen!?,[],"['scroll', 'ass', 'allowed', 'mobile', 'big']",-0.7871,Negative
904,V0wtNI-rzSg,"BYD has come under fire from safety testers after its Atto 3 was given one of the lowest scores in the latest round of Euro NCAP driver-assistance tests.

Good luck with your Chinese car. Especially after seeing that building in Thailand fall. Chinese love cutting corners.",BYD has come under fire from safety testers after its Atto 3 was given one of the lowest scores in the latest round of Euro NCAP driver-assistance tests. Good luck with your Chinese car. Especially after seeing that building in Thailand fall. Chinese love cutting corners.,"['BYD', 'Atto 3', 'Euro NCAP', 'Chinese', 'Thailand']","['cutting', 'building', 'euro', 'fall', 'chinese']",0.8126,Positive
905,V0wtNI-rzSg,The screen rotates will stop work within an year,The screen rotates will stop work within an year,[],"['screen rotates', 'rotates', 'stop', 'year', 'work']",-0.296,Negative
906,V0wtNI-rzSg,I love to see BYD dancing on the road,I love to see BYD dancing on the road,['BYD'],"['dancing', 'road', 'love', 'byd']",0.6369,Positive
907,V0wtNI-rzSg,"Great, rotate and block part of your view forward.","Great, rotate and block part of your view forward.",[],"['block view', 'block', 'forward', 'view', 'rotate']",0.296,Positive
908,V0wtNI-rzSg,"This has been done before 😂 
Stick to supercars, you’re out of touch for the normal everyday guy.","This has been done before 😂 Stick to supercars, you’re out of touch for the normal everyday guy.",[],"['everyday', 'stick', 'normal', 'guy', 'touch']",0.4404,Positive
909,V0wtNI-rzSg,"If I’m dropping 50k, I want a driver’s car— an experience, not a glorified tablet on wheels. A rotating screen is okay, but I’d take a beat-up $3k manual over a rolling robot any day.","If I’m dropping 50k, I want a driver’s car— an experience, not a glorified tablet on wheels. A rotating screen is okay, but I’d take a beat-up $3k manual over a rolling robot any day.",[],"['glorified', 'okay', 'beat', 'experience', 'day']",-0.0647,Negative
910,V0wtNI-rzSg,"How is that not a distraction to the driver...you get punished for using your mobile phone yet can have a massive rotating fucking screen to play with 😂 hate all this digital crap, give me dials and switches all day long","How is that not a distraction to the driver...you get punished for using your mobile phone yet can have a massive rotating fucking screen to play with 😂 hate all this digital crap, give me dials and switches all day long",[],"['switches', 'distraction', 'using mobile', 'mobile phone', 'dials']",-0.372,Negative
911,V0wtNI-rzSg,Child rape car,Child rape car,[],['car'],-0.6908,Negative
912,V0wtNI-rzSg,In ovva tive???,In ovva tive???,[],['tive'],0.0,Neutral
913,V0wtNI-rzSg,Rather not have a screen at all. And a V8.,Rather not have a screen at all. And a V8.,[],['screen'],0.0,Neutral
914,V0wtNI-rzSg,You’re easily impressed lol,You’re easily impressed lol,[],"['easily', 'impressed', 'lol']",0.8074,Positive
915,V0wtNI-rzSg,That pronunciation of “innovative” is fucking atrocious 😂,That pronunciation of “innovative” is fucking atrocious 😂,[],"['fucking', 'pronunciation innovative', 'pronunciation', 'innovative']",0.4404,Positive
916,V0wtNI-rzSg,Les chinois savent innover 🎉,Les chinois savent innover 🎉,[],[],0.4019,Positive
917,V0wtNI-rzSg,"He is lucky it was you who confronted him instead of Mark Streigl, though I believe both of you can f*ck Vitaly up.","He is lucky it was you who confronted him instead of Mark Streigl, though I believe both of you can f*ck Vitaly up.",['Mark Streigl'],"['mark', 'lucky', 'believe', 'instead']",0.25,Positive
918,V0wtNI-rzSg,"Spin it round so it blocks your view. Yes, that’s really innovative! Duh!","Spin it round so it blocks your view. Yes, that’s really innovative! Duh!",[],"['spin', 'blocks', 'round', 'view', 'yes']",0.6484,Positive
919,V0wtNI-rzSg,Why do you needs a table on your car? Do you even enjoy driving at all?,Why do you needs a table on your car? Do you even enjoy driving at all?,[],"['enjoy', 'needs', 'driving', 'car']",0.5514,Positive
920,V0wtNI-rzSg,remember to not watch the road while driving,remember to not watch the road while driving,[],"['remember', 'watch', 'road', 'driving']",0.0,Neutral
921,V0wtNI-rzSg,Except the fisker does this as well.,Except the fisker does this as well.,[],"['fisker does', 'fisker', 'does']",0.2732,Positive
922,V0wtNI-rzSg,Most important to have in car 😂😂😂,Most important to have in car 😂😂😂,[],"['important', 'car']",0.8687,Positive
923,V0wtNI-rzSg,Another untrustworthy Chinese EV,Another untrustworthy Chinese EV,['Chinese'],"['chinese ev', 'ev', 'chinese']",0.0,Neutral
924,V0wtNI-rzSg,Gets excited by a screen rotating ffs,Gets excited by a screen rotating ffs,[],"['ffs', 'screen rotating', 'excited', 'gets', 'rotating']",-0.34,Negative
925,V0wtNI-rzSg,"The car cockpit goes more towards airplane cockpits and especially if it continues this way it will def look like an airplane cockpit. It's funny how many functions and gadgets cars have nowadays yet they are assumed ""easier"" to manage and handle. Doesn't make any sense.","The car cockpit goes more towards airplane cockpits and especially if it continues this way it will def look like an airplane cockpit. It's funny how many functions and gadgets cars have nowadays yet they are assumed ""easier"" to manage and handle. Doesn't make any sense.",[],"['cockpit', 'handle', 'def', 'sense', 'gadgets']",0.802,Positive
926,V0wtNI-rzSg,Where can I get one. No way in hell I am buying a Tesla,Where can I get one. No way in hell I am buying a Tesla,['Tesla'],"['buying tesla', 'hell', 'buying', 'way', 'tesla']",-0.7783,Negative
927,V0wtNI-rzSg,"Just under £50,000...wow thanks..I will 2 please.Not all of us are loaded","Just under £50,000...wow thanks..I will 2 please.Not all of us are loaded",[],"['50 000', '000', '50', 'thanks', 'wow']",0.0,Neutral
928,V0wtNI-rzSg,What about data security?,What about data security?,[],"['security', 'data']",0.34,Positive
929,V0wtNI-rzSg,"So predictable. I think it's kind of lame. My tablet is bigger, and I could put it in my 15 year old car. 🤷🏻‍♂️","So predictable. I think it's kind of lame. My tablet is bigger, and I could put it in my 15 year old car. 🤷🏻‍♂️",[],"['year old', 'lame', 'bigger', '15', 'kind']",-0.4754,Negative
930,V0wtNI-rzSg,They catch fire to also company is almost bankrupt so sure mate,They catch fire to also company is almost bankrupt so sure mate,[],"['catch', 'bankrupt', 'mate', 'company', 'sure']",-0.467,Negative
931,V0wtNI-rzSg,I can pop in all of these features in my ranger for 200 bux,I can pop in all of these features in my ranger for 200 bux,[],['features'],0.0,Neutral
932,V0wtNI-rzSg,Americans still in dark ages of car tech,Americans still in dark ages of car tech,['Americans'],"['ages', 'dark', 'americans', 'tech', 'car']",0.0,Neutral
933,V0wtNI-rzSg,BYD needs to stop putting that ugly Logo on the steering wheel!,BYD needs to stop putting that ugly Logo on the steering wheel!,['BYD'],"['byd needs', 'logo', 'putting', 'needs', 'stop']",-0.6996,Negative
934,V0wtNI-rzSg,"*Presses button*:
(Tablet screen rotates)

This guy:
This is inn-OVA-tive!

Me:
WTF did he just say?",*Presses button*: (Tablet screen rotates) This guy: This is inn-OVA-tive! Me: WTF did he just say?,['Tablet'],"['just say', 'wtf', 'inn', 'did just', 'tive']",-0.7027,Negative
935,V0wtNI-rzSg,"still bullshit, tablets should be banned. Not only everyone who has any brain knows it is inconvinient but also been proven dangerous","still bullshit, tablets should be banned. Not only everyone who has any brain knows it is inconvinient but also been proven dangerous",[],"['brain', 'knows', 'bullshit', 'banned', 'dangerous']",-0.8201,Negative
936,V0wtNI-rzSg,It’s going to catch on fire randomly,It’s going to catch on fire randomly,[],"['catch', 'going']",-0.34,Negative
937,V0wtNI-rzSg,"Tesla was great 5-10 years ago, but BYD has totally taken over. They are great cars the Shark is an amazing ute.","Tesla was great 5-10 years ago, but BYD has totally taken over. They are great cars the Shark is an amazing ute.","['BYD', 'Shark']","['great', '10 years', 'taken', 'great cars', 'shark']",0.9371,Positive
938,V0wtNI-rzSg,I have this car and my 4yrs old son just pull this screen off. The screen is cheap the appearance of the software design is like what you get on those cheap tablet or phone that is made in china. And the most funny thing is the customer service doesn't care. 😂😂😂,I have this car and my 4yrs old son just pull this screen off. The screen is cheap the appearance of the software design is like what you get on those cheap tablet or phone that is made in china. And the most funny thing is the customer service doesn't care. 😂😂😂,['china'],"['cheap', 'funny', 'like cheap', 'screen', 'service']",0.8949,Positive
939,V0wtNI-rzSg,"What's the suspension like?, because I'm I'm. Selling. My Tesla model 3, I thought it was a good idea, and it is very fast, But the ride is very harsh to say the least I'm not particularly comfortable, especially if you're a dude like me? Any advice would be greatly appreciated. I'm just looking for comfortability as well as performance","What's the suspension like?, because I'm I'm. Selling. My Tesla model 3, I thought it was a good idea, and it is very fast, But the ride is very harsh to say the least I'm not particularly comfortable, especially if you're a dude like me? Any advice would be greatly appreciated. I'm just looking for comfortability as well as performance",[],"['ride', 'particularly', 'comfortable', 'like', 'selling']",0.689,Positive
940,V0wtNI-rzSg,"The first time I've heard anyone pronounce ""innovative"" like that","The first time I've heard anyone pronounce ""innovative"" like that",[],"['time ve', 'heard pronounce', 've heard', 'innovative like', 'pronounce innovative']",0.6597,Positive
941,V0wtNI-rzSg,Let us know when it starts to rust,Let us know when it starts to rust,[],"['starts', 'rust', 'let', 'know']",0.0,Neutral
942,V0wtNI-rzSg,Your pronounciation of the word innovative is...innovative,Your pronounciation of the word innovative is...innovative,[],"['innovative', 'word innovative', 'word']",0.4404,Positive
943,V0wtNI-rzSg,😂😂 it is crap. Cheap electronics. Plastic cheap interior.,😂😂 it is crap. Cheap electronics. Plastic cheap interior.,[],"['cheap', 'electronics', 'plastic', 'crap', 'interior']",0.4939,Positive
944,V0wtNI-rzSg,Boy You Dumb!,Boy You Dumb!,[],['dumb'],-0.5562,Negative
945,V0wtNI-rzSg,Me flipping my screen as my Chinese brazen bull does its thing,Me flipping my screen as my Chinese brazen bull does its thing,['Chinese'],"['does thing', 'thing', 'does', 'chinese', 'screen']",0.0,Neutral
946,V0wtNI-rzSg,"Wow ,You Can Watch A Movie While You Drive.Sounds Really Fun. Lol.","Wow ,You Can Watch A Movie While You Drive.Sounds Really Fun. Lol.",[],"['movie', 'fun', 'watch', 'sounds', 'lol']",0.8878,Positive
947,V0wtNI-rzSg,"How is the build quality for BYD and other Chinese brands?
Are they reliable?",How is the build quality for BYD and other Chinese brands? Are they reliable?,"['BYD', 'Chinese']","['reliable', 'byd chinese', 'build quality', 'chinese brands', 'brands']",0.0,Neutral
948,V0wtNI-rzSg,"Made in China, where batteries explode. That's ok, you can have it.","Made in China, where batteries explode. That's ok, you can have it.",['China'],"['explode', 'batteries', 'ok', 'china']",0.0,Neutral
949,V0wtNI-rzSg,The exterior style looks better than the Tesla.,The exterior style looks better than the Tesla.,['Tesla'],"['style', 'looks better', 'exterior', 'better tesla', 'better']",0.4404,Positive
950,V0wtNI-rzSg,Lots of crappy gimmicks in this vehicle. Yet i hear nothing of the reliability.,Lots of crappy gimmicks in this vehicle. Yet i hear nothing of the reliability.,[],"['crappy', 'gimmicks', 'reliability', 'lots', 'hear']",-0.5574,Negative
951,V0wtNI-rzSg,Lol See see pee t r a s h,Lol See see pee t r a s h,['Lol See'],['lol'],0.4215,Positive
952,V0wtNI-rzSg,Another Chinese tracking device allowed for sale in our country smh,Another Chinese tracking device allowed for sale in our country smh,['Chinese'],"['device', 'sale', 'allowed', 'country', 'chinese']",-0.3182,Negative
953,V0wtNI-rzSg,Tesla has had that for ages,Tesla has had that for ages,['Tesla'],"['ages', 'tesla']",0.0,Neutral
954,V0wtNI-rzSg,Have y'all seen ishow speed in one of thess byd cars & the car can do a 180 or 360 / it can hop / & dance which is pretty crazy,Have y'all seen ishow speed in one of thess byd cars & the car can do a 180 or 360 / it can hop / & dance which is pretty crazy,[],"['crazy', 'byd cars', 'pretty', 'speed', 'seen']",0.2023,Positive
955,V0wtNI-rzSg,Why thew steering wheel is on the wrong side?,Why thew steering wheel is on the wrong side?,[],"['wheel wrong', 'steering wheel', 'steering', 'wrong', 'wheel']",-0.4767,Negative
956,V0wtNI-rzSg,The Tesla killer,The Tesla killer,['Tesla'],"['tesla killer', 'killer', 'tesla']",-0.6486,Negative
957,V0wtNI-rzSg,Bro love spreading misinformation,Bro love spreading misinformation,[],"['bro', 'love']",0.4404,Positive
958,V0wtNI-rzSg,Wow a revolution! Useful when you will rollover with that garbage car…😂,Wow a revolution! Useful when you will rollover with that garbage car…😂,[],"['useful', 'garbage', 'wow', 'car']",0.8718,Positive
959,V0wtNI-rzSg,Of all of the cool stuff about BYD it's the rotating screen for you? 😅,Of all of the cool stuff about BYD it's the rotating screen for you? 😅,['BYD'],"['stuff', 'cool', 'rotating screen', 'rotating', 'screen']",0.5859,Positive
960,V0wtNI-rzSg,Incredible - really 🤣🤣🤣,Incredible - really 🤣🤣🤣,[],"['incredible', 'really']",0.8625,Positive
961,V0wtNI-rzSg,"Sorry, what the hell did he just say about “innovative”?","Sorry, what the hell did he just say about “innovative”?",[],"['just say', 'did just', 'hell', 'sorry', 'say innovative']",-0.7096,Negative
962,V0wtNI-rzSg,Sponsored by CCP,Sponsored by CCP,['CCP'],"['sponsored', 'ccp']",0.0,Neutral
963,V0wtNI-rzSg,Interior childish design,Interior childish design,[],"['design', 'interior']",-0.296,Negative
964,V0wtNI-rzSg,Fisker Ocean did it too.,Fisker Ocean did it too.,['Fisker Ocean'],"['ocean did', 'fisker ocean', 'ocean', 'did', 'fisker']",0.0,Neutral
965,V0wtNI-rzSg,"has been done before, see fisker Ocean. sad, that this company went bankrupt.","has been done before, see fisker Ocean. sad, that this company went bankrupt.",['Ocean'],"['went bankrupt', 'sad', 'bankrupt', 'went', 'company']",-0.7717,Negative
966,V0wtNI-rzSg,Surely the car would have greater range than f it didn’t have to power massive screens and loads of external lights 🤷🏻‍♂️,Surely the car would have greater range than f it didn’t have to power massive screens and loads of external lights 🤷🏻‍♂️,[],"['power', 'lights', 'massive', 'surely', 'didn']",0.6597,Positive
967,V0wtNI-rzSg,"3 years we have seen this, thks bro","3 years we have seen this, thks bro",['thks'],"['bro', 'seen', 'years']",0.4118,Positive
968,V0wtNI-rzSg,Mtherfker copy cats,Mtherfker copy cats,[],['copy'],0.0,Neutral
969,V0wtNI-rzSg,Fyi its not smaller,Fyi its not smaller,[],['smaller'],0.2023,Positive
970,V0wtNI-rzSg,Ok then. And this groundbreaking how?,Ok then. And this groundbreaking how?,[],['ok'],0.296,Positive
971,V0wtNI-rzSg,"Who cares, the real question about this car is how does a replacement battery cost?","Who cares, the real question about this car is how does a replacement battery cost?",[],"['cares', 'question', 'car does', 'cost', 'real']",0.4588,Positive
972,V0wtNI-rzSg,Why would you want a car called Seal?,Why would you want a car called Seal?,[],"['want car', 'called', 'want', 'seal', 'car']",0.0772,Positive
973,V0wtNI-rzSg,Did you know that the camp fire seat heating is included free of charge?,Did you know that the camp fire seat heating is included free of charge?,[],"['included', 'free', 'seat', 'charge', 'know']",0.2263,Positive
974,V0wtNI-rzSg,Why would Anyone pay 50K for car with a rotating screen when the steering wheel is on the wrong side??? 😂😂😂😂😂😂😂,Why would Anyone pay 50K for car with a rotating screen when the steering wheel is on the wrong side??? 😂😂😂😂😂😂😂,[],"['50k car', 'screen steering', 'pay', 'wheel wrong', '50k']",0.9463,Positive
975,V0wtNI-rzSg,Fucking lucky sons of bitches im suck in the usa the best we got here is the nazimobile.,Fucking lucky sons of bitches im suck in the usa the best we got here is the nazimobile.,[],"['fucking', 'lucky', 'im', 'usa', 'best']",0.1263,Positive
976,V0wtNI-rzSg,Oh great multiple screens because that's what we need,Oh great multiple screens because that's what we need,[],"['multiple', 'oh', 'need', 'screens', 'great']",0.6249,Positive
977,V0wtNI-rzSg,Kind of odd that the most noteworthy part of the car is that the screen can be turned. 🫤,Kind of odd that the most noteworthy part of the car is that the screen can be turned. 🫤,[],"['car screen', 'screen turned', 'turned', 'kind', 'screen']",-0.3182,Negative
978,V0wtNI-rzSg,Looks disgusting! Bring back proper cars with dials and buttons.,Looks disgusting! Bring back proper cars with dials and buttons.,[],"['dials', 'disgusting', 'proper', 'bring', 'buttons']",-0.5707,Negative
979,V0wtNI-rzSg,Look like an android phone,Look like an android phone,[],"['like android', 'look like', 'phone', 'android', 'look']",0.3612,Positive
980,V0wtNI-rzSg,Ok. Not worth it. The car or the video.,Ok. Not worth it. The car or the video.,[],"['ok', 'worth', 'video', 'car']",-0.1695,Negative
981,V0wtNI-rzSg,"No, thanks! Give me the Ford vibes!","No, thanks! Give me the Ford vibes!",['Ford'],"['ford', 'thanks']",0.5399,Positive
982,V0wtNI-rzSg,"Personally, I don’t want any giant screen, whether it is vertical or horizontal. Just get rid of it.","Personally, I don’t want any giant screen, whether it is vertical or horizontal. Just get rid of it.",[],"['horizontal', 'rid', 'don want', 'giant', 'vertical']",0.0772,Positive
983,V0wtNI-rzSg,"Goodness this gimmick , and creator thinks great, so naive. Can’t rely on quality reviews from him haha","Goodness this gimmick , and creator thinks great, so naive. Can’t rely on quality reviews from him haha",[],"['naive', 'haha', 'thinks', 'reviews', 'gimmick']",0.8105,Positive
984,V0wtNI-rzSg,Wow another car with big screen 🙄,Wow another car with big screen 🙄,[],"['big screen', 'big', 'wow', 'screen', 'car']",0.5859,Positive
985,V0wtNI-rzSg,"It’s a good buy the price because BYD loses $60k for every vehicle they sell and they’re completely subsidized by the CCP. Also, it’s made of non-corrosion treated chinesium so cars that experience winter conditions last about 5 years before the floor pan literally rots completely through. There’s also the whole 600+ battery related explosions that burned the occupants to death thing.","It’s a good buy the price because BYD loses $60k for every vehicle they sell and they’re completely subsidized by the CCP. Also, it’s made of non-corrosion treated chinesium so cars that experience winter conditions last about 5 years before the floor pan literally rots completely through. There’s also the whole 600+ battery related explosions that burned the occupants to death thing.","['BYD', 'CCP']","['completely', 'floor', 'winter', 'subsidized', 'death']",-0.5106,Negative
986,V0wtNI-rzSg,Under 50k that's great . I'll have two and breed off them.,Under 50k that's great . I'll have two and breed off them.,[],"['ll', '50k', 'great']",0.6249,Positive
987,V0wtNI-rzSg,In-ovva- tive? 🤔,In-ovva- tive? 🤔,[],['tive'],0.0,Neutral
988,V0wtNI-rzSg,I hate it,I hate it,[],['hate'],-0.5719,Negative
989,V0wtNI-rzSg,Warren Buffet chose to invest in this company instead of Tesla...that should tell you something,Warren Buffet chose to invest in this company instead of Tesla...that should tell you something,"['Warren Buffet', 'Tesla']","['chose', 'tell', 'instead', 'company', 'tesla']",0.0,Neutral
990,V0wtNI-rzSg,Absolute dog shit,Absolute dog shit,[],"['absolute', 'shit']",-0.5574,Negative
991,V0wtNI-rzSg,"These cars are complete trash, you see the videos over in china of people getting locked inside and it burning down? Trash cars","These cars are complete trash, you see the videos over in china of people getting locked inside and it burning down? Trash cars",['china'],"['trash', 'burning', 'complete', 'cars', 'videos']",0.0,Neutral
992,V0wtNI-rzSg,BYD Buy Your Disaster.,BYD Buy Your Disaster.,[],"['buy', 'byd']",-0.6249,Negative
993,V0wtNI-rzSg,Is that a feature worth a video 😢,Is that a feature worth a video 😢,[],"['worth', 'video', 'feature']",-0.296,Negative
994,V0wtNI-rzSg,Not allowed to use phones at the wheel 😂,Not allowed to use phones at the wheel 😂,[],"['phones', 'allowed', 'use', 'wheel']",0.4404,Positive
995,V0wtNI-rzSg,Lost me at ev 🤮,Lost me at ev 🤮,[],"['lost', 'ev']",-0.3182,Negative
996,V0wtNI-rzSg,"BYD is out to send Tesla to the morgue, to think Elon Musk was mocking them some years back. Guess he can't laugh anymore now","BYD is out to send Tesla to the morgue, to think Elon Musk was mocking them some years back. Guess he can't laugh anymore now","['BYD', 'Tesla', 'Elon Musk']","['send', 'elon musk', 'guess', 'musk', 'elon']",-0.6832,Negative
997,V0wtNI-rzSg,What an era this is. We are surprised by these things. Great,What an era this is. We are surprised by these things. Great,[],"['era', 'surprised', 'things', 'great']",0.7184,Positive
998,V0wtNI-rzSg,What pointless over engineering! One more motor to go wrong,What pointless over engineering! One more motor to go wrong,[],"['engineering', 'motor', 'pointless', 'wrong']",-0.5255,Negative
999,V0wtNI-rzSg,How many hundreds of little motorsv are in these cars just waiting to go wrong.  Give me old school basics everyday of the week...,How many hundreds of little motorsv are in these cars just waiting to go wrong. Give me old school basics everyday of the week...,[],"['everyday', 'waiting', 'old school', 'school', 'cars just']",-0.4767,Negative
1000,V0wtNI-rzSg,I bet ts will break down in under 50k miles,I bet ts will break down in under 50k miles,[],"['bet', 'miles', 'break', '50k']",0.0,Neutral
1001,V0wtNI-rzSg,All the byd do this,All the byd do this,[],['byd'],0.0,Neutral
1002,V0wtNI-rzSg,lol. Start button. 😂😂😂,lol. Start button. 😂😂😂,[],"['start', 'button', 'lol']",0.8885,Positive
1003,V0wtNI-rzSg,And if its the performance its probably as quick as half his garage 😅,And if its the performance its probably as quick as half his garage 😅,[],"['quick', 'half', 'performance', 'garage', 'probably']",0.3612,Positive
1004,V0wtNI-rzSg,Wonder what the longevity of these cars chinese cars. We had a few donated to our gov't and it has been like 5yrs and their almost all useless now.,Wonder what the longevity of these cars chinese cars. We had a few donated to our gov't and it has been like 5yrs and their almost all useless now.,['chinese'],"['gov', 'cars', 'wonder', 'chinese cars', 'useless']",-0.0056,Neutral
1005,V0wtNI-rzSg,Electric cars are not the future.,Electric cars are not the future.,[],"['future', 'electric cars', 'electric', 'cars']",0.0,Neutral
1006,V0wtNI-rzSg,This thing was done first OF FISKAR OCEAN ..they took it from FISKAR 😊😊,This thing was done first OF FISKAR OCEAN ..they took it from FISKAR 😊😊,['FISKAR'],"['fiskar', 'fiskar ocean', 'took', 'thing', 'ocean']",0.9001,Positive
1007,V0wtNI-rzSg,"Byd is gonna make fail Tesla! 
Mark my words! Especially after what trump is doing! Good luck Americans!",Byd is gonna make fail Tesla! Mark my words! Especially after what trump is doing! Good luck Americans!,"['Tesla', 'Mark', 'Americans']","['mark', 'fail', 'words', 'trump', 'good luck']",0.5526,Positive
1008,V0wtNI-rzSg,"Never heard someone say ""innovative"" so incorrectly","Never heard someone say ""innovative"" so incorrectly",[],"['say innovative', 'heard', 'say', 'innovative']",0.4404,Positive
1009,V0wtNI-rzSg,Boycott CCP products,Boycott CCP products,['Boycott CCP'],"['products', 'ccp']",-0.3182,Negative
1010,V0wtNI-rzSg,The fisker karma also did that 😂,The fisker karma also did that 😂,[],"['did', 'fisker']",0.4404,Positive
1011,V0wtNI-rzSg,"BYD is garbage, fire starting death traps. Tofu dreg projects on wheels.","BYD is garbage, fire starting death traps. Tofu dreg projects on wheels.",['BYD'],"['byd garbage', 'starting', 'tofu', 'death', 'wheels']",-0.743,Negative
1012,V0wtNI-rzSg,Is it already on market ❤,Is it already on market ❤,[],['market'],0.6369,Positive
1013,V0wtNI-rzSg,Most useless feature ever. Plus it blocks a good amount of view in portrait mode.,Most useless feature ever. Plus it blocks a good amount of view in portrait mode.,[],"['blocks', 'useless feature', 'view', 'plus', 'portrait mode']",-0.2716,Negative
1014,V0wtNI-rzSg,And here we go us Americans stuck with tesla 😫😫😩😔😔🤦🏾‍♂️🤦🏾‍♂️🤦🏾‍♂️😁,And here we go us Americans stuck with tesla 😫😫😩😔😔🤦🏾‍♂️🤦🏾‍♂️🤦🏾‍♂️😁,"['Americans', '😩😔😔🤦']","['stuck', 'americans', 'tesla']",-0.6486,Negative
1015,V0wtNI-rzSg,"It's still butt ugly if you stick two rectangular screens on a fine shaped dash, whichever way you turn it.","It's still butt ugly if you stick two rectangular screens on a fine shaped dash, whichever way you turn it.",[],"['butt', 'fine', 'stick', 'dash', 'turn']",-0.3612,Negative
1016,V0wtNI-rzSg,A great feature if you didn't have to decide at the time of purchase whether the screen or the steering wheel should be rotatable.,A great feature if you didn't have to decide at the time of purchase whether the screen or the steering wheel should be rotatable.,[],"['purchase', 'screen steering', 'didn', 'time', 'steering wheel']",0.6249,Positive
1017,V0wtNI-rzSg,Gotta say ty ishowspeed,Gotta say ty ishowspeed,[],"['gotta', 'say']",0.3818,Positive
1018,V0wtNI-rzSg,Byd over tesla any day,Byd over tesla any day,[],"['byd tesla', 'day', 'tesla', 'byd']",0.0,Neutral
1019,V0wtNI-rzSg,But can it rotate fast like a fan?,But can it rotate fast like a fan?,[],"['fan', 'fast', 'rotate', 'like']",0.7351,Positive
1020,V0wtNI-rzSg,Sounds like a lot of expensive things to go wrong,Sounds like a lot of expensive things to go wrong,[],"['like lot', 'things wrong', 'sounds like', 'sounds', 'lot']",-0.1531,Negative
1021,V0wtNI-rzSg,"Fisker Ocean did it first, but the brand is gone now","Fisker Ocean did it first, but the brand is gone now",['Fisker Ocean'],"['gone', 'ocean did', 'brand', 'fisker ocean', 'ocean']",0.0,Neutral
1022,V0wtNI-rzSg,A totally useless tech gimmick on a Chinese toaster? Wow,A totally useless tech gimmick on a Chinese toaster? Wow,['Chinese'],"['totally', 'gimmick', 'tech', 'useless', 'wow']",0.1796,Positive
1023,V0wtNI-rzSg,How do you say innovative?,How do you say innovative?,[],"['say innovative', 'say', 'innovative']",0.4404,Positive
1024,V0wtNI-rzSg,electric cars are terrible,electric cars are terrible,[],"['terrible', 'electric cars', 'electric', 'cars']",-0.4767,Negative
1025,V0wtNI-rzSg,omg it has a button to turn around the tablet!!!  I gotta buy not one but 2 of those just for the button... or maybe 4 because is not done before.... advertising is getting more stupid by the day,omg it has a button to turn around the tablet!!! I gotta buy not one but 2 of those just for the button... or maybe 4 because is not done before.... advertising is getting more stupid by the day,[],"['button', 'gotta', 'omg', 'day', 'maybe']",-0.7855,Negative
1026,V0wtNI-rzSg,"Seems incredibly stupid to have the spin display on the steering wheel, as seems like the most unlikely thing you need to operate whilst you hands as engage with steering","Seems incredibly stupid to have the spin display on the steering wheel, as seems like the most unlikely thing you need to operate whilst you hands as engage with steering",[],"['steering', 'hands', 'spin', 'operate', 'whilst']",0.0534,Positive
1027,V0wtNI-rzSg,"OMG Wow, what a TEKNOLOGIAAAAAA!
 The screen rotates instantly, I must buy it.

I have a small screen in my car, and it does everything.. This screen business has gotten out of hand!!","OMG Wow, what a TEKNOLOGIAAAAAA! The screen rotates instantly, I must buy it. I have a small screen in my car, and it does everything.. This screen business has gotten out of hand!!",['TEKNOLOGIAAAAAA'],"['screen', 'small screen', 'screen car', 'hand', 'car does']",0.8349,Positive
1028,V0wtNI-rzSg,I don’t want eye burning digital screens in my face.,I don’t want eye burning digital screens in my face.,[],"['burning', 'eye', 'face', 'digital', 'don want']",0.0772,Positive
1029,V0wtNI-rzSg,"thats probably the simplest and cheapest mechanism on the vehicle, and it sounds like you'd buy the car because of it 😐","thats probably the simplest and cheapest mechanism on the vehicle, and it sounds like you'd buy the car because of it 😐",[],"['cheapest', 'buy car', 'sounds like', 'thats', 'probably']",0.3612,Positive
1030,V0wtNI-rzSg,"Y elon hates china, better product faster charging. And cost about half the price ya thers gonna do everytho g they can to keep them out of america","Y elon hates china, better product faster charging. And cost about half the price ya thers gonna do everytho g they can to keep them out of america","['china', 'ya thers gon', 'everytho g', 'america']","['faster', 'ya', 'hates', 'elon', 'half']",0.0,Neutral
1031,V0wtNI-rzSg,Just let people rotate it by hand and have one less thing to break. Also frees up a button you can use for something that would otherwise require poking at the screen at speed on the highway.,Just let people rotate it by hand and have one less thing to break. Also frees up a button you can use for something that would otherwise require poking at the screen at speed on the highway.,[],"['highway', 'thing break', 'hand', 'rotate', 'let']",0.6597,Positive
1032,V0wtNI-rzSg,To have your AC controls on a screen and having to adjust it while driving on a highway by taking your eyes off the road ain't innovative. It's dancing with death.,To have your AC controls on a screen and having to adjust it while driving on a highway by taking your eyes off the road ain't innovative. It's dancing with death.,[],"['highway', 'dancing', 'eyes road', 'ain', 'ac']",-0.7435,Negative
1033,V0wtNI-rzSg,I was Like why is he getting in the passenger seat? I always forget y’all drive on the wrong side.😂,I was Like why is he getting in the passenger seat? I always forget y’all drive on the wrong side.😂,[],"['passenger seat', 'passenger', 'forget', 'seat', 'getting']",0.1027,Positive
1034,V0wtNI-rzSg,That is so stupid,That is so stupid,[],['stupid'],-0.656,Negative
1035,V0wtNI-rzSg,Fisker Ocean had this type of screen.,Fisker Ocean had this type of screen.,['Fisker Ocean'],"['type', 'fisker ocean', 'ocean', 'fisker', 'screen']",0.0,Neutral
1036,V0wtNI-rzSg,"Yeah, but Chinas evil 🤷‍♂️","Yeah, but Chinas evil 🤷‍♂️",['Chinas'],['yeah'],-0.7579,Negative
1037,V0wtNI-rzSg,Electric cars are void and boring. Not sure why people drive them.,Electric cars are void and boring. Not sure why people drive them.,[],"['people drive', 'boring', 'electric cars', 'sure', 'people']",-0.5043,Negative
1038,V0wtNI-rzSg,Look at all those expensive and cheap chinese electrics that will break and cost thousands and thousands to replace. Awesome,Look at all those expensive and cheap chinese electrics that will break and cost thousands and thousands to replace. Awesome,['chinese'],"['replace', 'awesome', 'cheap chinese', 'cost', 'expensive']",0.6249,Positive
1039,V0wtNI-rzSg,In-OV-ative? Working that algorithm...😂,In-OV-ative? Working that algorithm...😂,[],"['algorithm', 'ov ative', 'working', 'ative', 'ov']",0.4404,Positive
1040,V0wtNI-rzSg,Hopefully it doesn’t catch fire😂,Hopefully it doesn’t catch fire😂,[],"['hopefully', 'catch', 'doesn']",0.4939,Positive
1041,V0wtNI-rzSg,Looks like a bunch of shit I don’t need,Looks like a bunch of shit I don’t need,[],"['bunch', 'don need', 'shit', 'looks like', 'need']",-0.2732,Negative
1042,V0wtNI-rzSg,"Yall got to let this in the states 
Take my data china
The price and what u get is insane",Yall got to let this in the states Take my data china The price and what u get is insane,['china'],"['insane', 'states', 'data', 'let', 'got']",-0.4019,Negative
1043,V0wtNI-rzSg,"It’s also one of those cars that will blow up while your driving or worse yet, in your garage. 
Have seen a video from China where one of these goes 30 feet in the air after it explodes.","It’s also one of those cars that will blow up while your driving or worse yet, in your garage. Have seen a video from China where one of these goes 30 feet in the air after it explodes.",['China'],"['air', 'blow', 'feet', 'worse', 'explodes']",-0.4767,Negative
1044,V0wtNI-rzSg,I kinda like it,I kinda like it,[],"['kinda', 'like']",0.2975,Positive
1045,V0wtNI-rzSg,Its like sticking 4 wheels on an ipad and putting it onto a washing machine….absolutely shite,Its like sticking 4 wheels on an ipad and putting it onto a washing machine….absolutely shite,[],"['machine', 'shite', 'sticking', 'putting', 'absolutely']",0.3612,Positive
1046,V0wtNI-rzSg,The definition of Chinese spyware,The definition of Chinese spyware,['Chinese'],"['spyware', 'chinese']",0.0,Neutral
1047,V0wtNI-rzSg,Why would americans hate? This fearure isnt new lol,Why would americans hate? This fearure isnt new lol,['americans'],"['isnt', 'americans', 'hate', 'lol', 'new']",-0.7212,Negative
1048,V0wtNI-rzSg,Your Voice Sucks dude,Your Voice Sucks dude,[],"['voice', 'sucks', 'dude']",-0.3612,Negative
1049,V0wtNI-rzSg,Yeah and it’ll be broken in two weeks. Absolute trash,Yeah and it’ll be broken in two weeks. Absolute trash,[],"['absolute trash', 'weeks', 'absolute', 'trash', 'yeah']",-0.2263,Negative
1050,V0wtNI-rzSg,Move 2 chiner then,Move 2 chiner then,[],[],0.0,Neutral
1051,V0wtNI-rzSg,"Really can't understand our uk laws of not being able to use phone whilst driving and I totally support it 

But let's put 10 inch tablets in centre of dash with way more distractions than a phone and there's no laws or anything on that 🤔",Really can't understand our uk laws of not being able to use phone whilst driving and I totally support it But let's put 10 inch tablets in centre of dash with way more distractions than a phone and there's no laws or anything on that 🤔,[],"['phone', 'use phone', 'whilst driving', 'distractions', 'whilst']",-0.578,Negative
1052,V0wtNI-rzSg,Chinese EVs are levels above anything else,Chinese EVs are levels above anything else,['Chinese'],"['chinese evs', 'evs', 'chinese']",0.0,Neutral
1053,V0wtNI-rzSg,Fisker Ocean lmao,Fisker Ocean lmao,['Fisker Ocean'],"['lmao', 'fisker ocean', 'ocean', 'fisker']",0.5994,Positive
1054,V0wtNI-rzSg,Wow- I recommend this car because it rotates my ipad screen. Are you in touch with your viewers. 😅😢,Wow- I recommend this car because it rotates my ipad screen. Are you in touch with your viewers. 😅😢,[],"['viewers', 'ipad', 'rotates', 'touch', 'wow']",0.6908,Positive
1055,V0wtNI-rzSg,Looks like a 1990s boombox,Looks like a 1990s boombox,[],"['looks like', 'looks', 'like']",0.3612,Positive
1056,V0wtNI-rzSg,Ohhhh NO..... The screen turns? wow..... no one knew that..... thank God you made this video.... who said people under rocks can´t make youtube video.,Ohhhh NO..... The screen turns? wow..... no one knew that..... thank God you made this video.... who said people under rocks can´t make youtube video.,[],"['video', 'screen turns', 'god', 'youtube', 'turns']",0.7351,Positive
1057,V0wtNI-rzSg,will be under 20k in a year,will be under 20k in a year,[],"['20k', 'year']",0.0,Neutral
1058,V0wtNI-rzSg,Mmm yeah rather buy an electric bmw over this for 50k this shit is just a Tesla with a different size screen.,Mmm yeah rather buy an electric bmw over this for 50k this shit is just a Tesla with a different size screen.,"['bmw', 'Tesla']","['size', 'different', 'bmw', 'yeah', 'shit']",-0.4678,Negative
1059,V0wtNI-rzSg,You can almost hear the slave labor through that turning screen...,You can almost hear the slave labor through that turning screen...,[],"['turning screen', 'labor', 'slave', 'hear', 'turning']",0.0,Neutral
1060,V0wtNI-rzSg,Shmee are you not the same guy always drives around with cars we can't afford? Why would you be messing around with this now... Is this sponsored,Shmee are you not the same guy always drives around with cars we can't afford? Why would you be messing around with this now... Is this sponsored,[],"['sponsored', 'afford', 'drives', 'guy', 'shmee']",0.0,Neutral
1061,V0wtNI-rzSg,"Do you guys in the UK, India, Japan, Australia, have some special skills to operate shiftstick, radio, A/C and nowadays these tablets - using left hand?
Or are you all left-handed? ;)
I cant wrap my head around it...","Do you guys in the UK, India, Japan, Australia, have some special skills to operate shiftstick, radio, A/C and nowadays these tablets - using left hand? Or are you all left-handed? ;) I cant wrap my head around it...","['India', 'Japan', 'Australia']","['left', 'handed', 'left handed', 'japan', 'radio']",0.7998,Positive
1062,V0wtNI-rzSg,"BYD are badass. If I was to ever get an electric car it would be one of these, I would actually get a hybrid though","BYD are badass. If I was to ever get an electric car it would be one of these, I would actually get a hybrid though",[],"['hybrid', 'electric car', 'actually', 'electric', 'byd']",0.34,Positive
1063,V0wtNI-rzSg,The ride quality is the worst of any modern car I have driven.,The ride quality is the worst of any modern car I have driven.,[],"['ride', 'modern', 'worst', 'driven', 'quality']",-0.6249,Negative
1064,V0wtNI-rzSg,"I am more concerned about reported Software Bugs: Some users reported buggy software.

Plus I have read that some users find theit reliance on control screens to perform frequently used taks is distracting from watching the road.

P.S. Flashy controls and embellishments in a car do not usually age well.",I am more concerned about reported Software Bugs: Some users reported buggy software. Plus I have read that some users find theit reliance on control screens to perform frequently used taks is distracting from watching the road. P.S. Flashy controls and embellishments in a car do not usually age well.,"['P.S.', 'Flashy']","['users', 'software', 'perform', 'read', 'controls']",-0.4614,Negative
1065,V0wtNI-rzSg,Tesla is caput,Tesla is caput,['Tesla'],['tesla'],0.0,Neutral
1066,V0wtNI-rzSg,The most expensive tablet of the world?,The most expensive tablet of the world?,[],"['world', 'expensive', 'tablet']",0.0,Neutral
1067,V0wtNI-rzSg,"They have done this before, it was on a crappy EV SUV, forgot the name but company now bankrupt however they did this.","They have done this before, it was on a crappy EV SUV, forgot the name but company now bankrupt however they did this.",[],"['crappy', 'suv', 'forgot', 'bankrupt', 'company']",-0.802,Negative
1068,V0wtNI-rzSg,Bit late to the party aren’t ya?,Bit late to the party aren’t ya?,[],"['ya', 'aren', 'party', 'late', 'bit']",0.4019,Positive
1069,V0wtNI-rzSg,what rock have you been living under,what rock have you been living under,[],['living'],0.0,Neutral
1070,V0wtNI-rzSg,The fisker ocean did that way before BYD.,The fisker ocean did that way before BYD.,['BYD'],"['ocean did', 'way', 'fisker ocean', 'ocean', 'did']",0.0,Neutral
1071,V0wtNI-rzSg,they didnt even put the steering wheel on the correct side... does not seem like a competent car manufacturer,they didnt even put the steering wheel on the correct side... does not seem like a competent car manufacturer,[],"['correct', 'car manufacturer', 'didnt', 'manufacturer', 'steering wheel']",0.049,Neutral
1072,V0wtNI-rzSg,discovering hot water much? :),discovering hot water much? :),[],['hot'],0.4588,Positive
1073,V0wtNI-rzSg,What BS. Who needs this. Waiting for a 5 year old car where the 50 cent motor dies with the display at 45 degrees,What BS. Who needs this. Waiting for a 5 year old car where the 50 cent motor dies with the display at 45 degrees,[],"['year old', '45', 'waiting', 'bs', 'motor']",0.0,Neutral
1074,V0wtNI-rzSg,"Is there any button to remove it in favour of used-to-be-standard controls that can be acted upon by muscle memory, rather than looking away from the road?","Is there any button to remove it in favour of used-to-be-standard controls that can be acted upon by muscle memory, rather than looking away from the road?",[],"['memory', 'controls', 'standard', 'away', 'button']",0.4404,Positive
1075,V0wtNI-rzSg,"I hate the United States. 50k buys you a base model POS with dealer markups. and now with tariffs, even less.","I hate the United States. 50k buys you a base model POS with dealer markups. and now with tariffs, even less.",['the United States'],"['united', 'united states', 'dealer', 'buys', 'base']",-0.2263,Negative
1076,V0wtNI-rzSg,Chinese crap. That software looks terrible just like the exterior,Chinese crap. That software looks terrible just like the exterior,['Chinese'],"['just like', 'terrible', 'exterior', 'chinese crap', 'software']",-0.4939,Negative
1077,V0wtNI-rzSg,"Wow, a screen that rotates. What about the steering wheel? Can it move to the correct side of the car? Now that would be impressive.","Wow, a screen that rotates. What about the steering wheel? Can it move to the correct side of the car? Now that would be impressive.",[],"['correct', 'wow screen', 'impressive', 'screen rotates', 'rotates']",0.8156,Positive
1078,V0wtNI-rzSg,Really… a whole video for that-c’mon??,Really… a whole video for that-c’mon??,[],"['video', 'really']",0.0,Neutral
1079,V0wtNI-rzSg,Couldn’t care less,Couldn’t care less,[],"['couldn', 'care']",0.4939,Positive
1080,V0wtNI-rzSg,Great! More to break down.,Great! More to break down.,[],"['break', 'great']",0.6588,Positive
1081,V0wtNI-rzSg,What a waste of time.,What a waste of time.,[],"['waste', 'time']",-0.4215,Negative
1082,V0wtNI-rzSg,"Maybe that's the only part in the car, that actually work... 😂","Maybe that's the only part in the car, that actually work... 😂",[],"['actually', 'maybe', 'work', 'car']",0.4404,Positive
1083,V0wtNI-rzSg,"All that emphasis on digital touchscreens can't hide the fact that not a single word is said about its handling in corners, under acceleration or braking, its power to weight ratio or it's ability to deliver driver engagement and driving pleasure.😭😭😭","All that emphasis on digital touchscreens can't hide the fact that not a single word is said about its handling in corners, under acceleration or braking, its power to weight ratio or it's ability to deliver driver engagement and driving pleasure.😭😭😭",[],"['weight', 'hide', 'handling', 'digital', 'power']",0.0562,Positive
1084,V0wtNI-rzSg,"I don’t understand why those people were amazed by something just because it has a ""Made in China"" tag!","I don’t understand why those people were amazed by something just because it has a ""Made in China"" tag!",['China'],"['tag', 'don understand', 'understand', 'people', 'don']",0.5411,Positive
1085,V0wtNI-rzSg,The best thing about this car is a tablet? 😂 that says everything i need to know. Chinese products are trash and BYD sure hasn't changed my mind about that.,The best thing about this car is a tablet? 😂 that says everything i need to know. Chinese products are trash and BYD sure hasn't changed my mind about that.,"['Chinese', 'BYD']","['thing car', 'changed', 'mind', 'chinese products', 'says']",0.8555,Positive
1086,V0wtNI-rzSg,"The proliferation of touchscreen infotainment and HVAC controls during the past fifteen years are the greatest failure of automotive safety after the explosion of oversized personal vehicles. Touch screens are extremely useful for simplifying menus, particularly if they are menus that are rarely used, as older cars normally required some arcane knowledge of that particular brand in order to navigate certain backend settings. Using them for basic or routine controls serves no purpose beyond saving the manufacturer a small amount of money in R&D. They CANNOT be used purely from muscle memory, you have to take your eyes off the road in order to use them. Any control that must be used during driving becomes objectively more dangerous if a touch screen is needed, as it forces you to not only look, but to look long enough to confirm you have pressed the right button and that it registered it. This is why dials are better, but hey, who gives a shit about crashes and deaths due to distracted driving, look at the pretty screen!","The proliferation of touchscreen infotainment and HVAC controls during the past fifteen years are the greatest failure of automotive safety after the explosion of oversized personal vehicles. Touch screens are extremely useful for simplifying menus, particularly if they are menus that are rarely used, as older cars normally required some arcane knowledge of that particular brand in order to navigate certain backend settings. Using them for basic or routine controls serves no purpose beyond saving the manufacturer a small amount of money in R&D. They CANNOT be used purely from muscle memory, you have to take your eyes off the road in order to use them. Any control that must be used during driving becomes objectively more dangerous if a touch screen is needed, as it forces you to not only look, but to look long enough to confirm you have pressed the right button and that it registered it. This is why dials are better, but hey, who gives a shit about crashes and deaths due to distracted driving, look at the pretty screen!",[],"['used', 'order', 'look', 'controls', 'touch']",0.3903,Positive
1087,V0wtNI-rzSg,The UI feels a cheap android,The UI feels a cheap android,[],"['feels', 'ui', 'android', 'cheap']",0.0,Neutral
1088,V0wtNI-rzSg,He says yeah. Look at this interior yet. Says nothing about the interior. Oh yeah I take that back. He said something about an object that was inside the vehicle. Assembly you should that does not need to be that big. You can accidentally break.,He says yeah. Look at this interior yet. Says nothing about the interior. Oh yeah I take that back. He said something about an object that was inside the vehicle. Assembly you should that does not need to be that big. You can accidentally break.,[],"['says', 'yeah', 'interior', 'inside', 'oh']",0.25,Positive
1089,V0wtNI-rzSg,BYD is so cheap that it probably hacks everything you own while giving you cancer,BYD is so cheap that it probably hacks everything you own while giving you cancer,['BYD'],"['giving', 'probably', 'cheap', 'byd']",-0.4588,Negative
1090,V0wtNI-rzSg,Chinese car 😂😂😂,Chinese car 😂😂😂,['Chinese'],"['chinese car', 'chinese', 'car']",0.8271,Positive
1091,V0wtNI-rzSg,Can that be had in America?,Can that be had in America?,['America'],['america'],0.0,Neutral
1092,V0wtNI-rzSg,Dumbest reason to get a hardon over a car…,Dumbest reason to get a hardon over a car…,['Dumbest'],"['reason', 'car']",-0.5106,Negative
1093,V0wtNI-rzSg,Very….. In Of A Tiv,Very….. In Of A Tiv,[],['tiv'],0.0,Neutral
1094,V0wtNI-rzSg,Fisker oceon also does that,Fisker oceon also does that,['Fisker'],"['fisker', 'does']",0.0,Neutral
1095,V0wtNI-rzSg,Chinese cars? Really? 😂😂,Chinese cars? Really? 😂😂,['Chinese'],"['chinese cars', 'really', 'cars', 'chinese']",0.7092,Positive
1096,V0wtNI-rzSg,"Ahhhh, Fisker does this, so can you use the media section. They advertise this for years. Lml 

This ain't brand new","Ahhhh, Fisker does this, so can you use the media section. They advertise this for years. Lml This ain't brand new","['Fisker', 'Lml']","['fisker does', 'ain', 'section', 'media', 'brand']",0.0,Neutral
1097,V0wtNI-rzSg,who tf wants this in a car. Screens are worst thing to happen to auto industry.,who tf wants this in a car. Screens are worst thing to happen to auto industry.,[],"['tf', 'worst', 'wants', 'industry', 'auto']",-0.6249,Negative
1098,V0wtNI-rzSg,Yeah great. Spend most of your driving fiddling with computer screens and apps but whatever you do don't for a second touch your phone.,Yeah great. Spend most of your driving fiddling with computer screens and apps but whatever you do don't for a second touch your phone.,[],"['spend', 'computer', 'second', 'apps', 'yeah']",0.4854,Positive
1099,V0wtNI-rzSg,"That rotating screen, surely has a 34% tariff on it.","That rotating screen, surely has a 34% tariff on it.",[],"['surely', 'rotating screen', 'rotating', 'screen']",0.4404,Positive
1100,V0wtNI-rzSg,Yes very inotive,Yes very inotive,[],['yes'],0.4019,Positive
1101,V0wtNI-rzSg,"everyone talks a good game about all it's features inside the car, but no one seems to talk about it's reliability, longevity, and manufacture support. All these technology today don't help any of us but the company locking itself behind a paywall/subscription services.","everyone talks a good game about all it's features inside the car, but no one seems to talk about it's reliability, longevity, and manufacture support. All these technology today don't help any of us but the company locking itself behind a paywall/subscription services.",[],"['game', 'today', 'reliability', 'talk', 'technology']",-0.0482,Neutral
1102,V0wtNI-rzSg,Sempre più cazzate su ste schifo di “auto”.,Sempre più cazzate su ste schifo di “auto”.,['Sempre'],"['su', 'di', 'auto']",0.0,Neutral
1103,V0wtNI-rzSg,"Man, more and more I want a car that just has red/orange backlit analog gauges and nothing else! Quick fact - BMW picked that colour specifically, as they did their homework and turns out it’s the best light wavelength to help your eyes adapt better at night when looking up the road and back at the dashboard, google it. What sorta bullshit gimmick are these rotating plasma tvs doing in new cars, I’m not even that old (32) and still cannot believe the amount of nonsense going on.","Man, more and more I want a car that just has red/orange backlit analog gauges and nothing else! Quick fact - BMW picked that colour specifically, as they did their homework and turns out it’s the best light wavelength to help your eyes adapt better at night when looking up the road and back at the dashboard, google it. What sorta bullshit gimmick are these rotating plasma tvs doing in new cars, I’m not even that old (32) and still cannot believe the amount of nonsense going on.",['BMW'],"['specifically', 'google', 'red', 'bullshit', 'night']",0.6666,Positive
1104,V0wtNI-rzSg,Like the BYD 👍.,Like the BYD 👍.,['BYD'],"['like byd', 'like', 'byd']",0.3612,Positive
1105,V0wtNI-rzSg,I don’t like the “ screen aesthetics “ of both the screen. It’s like they bought two screens from a local shop and just put it there. It doesn’t look proper.,I don’t like the “ screen aesthetics “ of both the screen. It’s like they bought two screens from a local shop and just put it there. It doesn’t look proper.,[],"['doesn look', 'like bought', 'like screen', 'local', 'proper']",0.6124,Positive
1106,V0wtNI-rzSg,"Piece of **** with a cheap phone and a cheap tablet attached to it.
Please, please, please, car makers, take a look at the cockpit of the Mk4 Toyota Supra or the 1989 Toyota Celica or the 1996 Chevy Camaro cockpit and DO THAT.
Driver-centric wrap-around design with physical knobs and dials for all necessary functions and data. Keep a display for GPS and infotainment if you must, but keep the controls PHYSICAL.","Piece of **** with a cheap phone and a cheap tablet attached to it. Please, please, please, car makers, take a look at the cockpit of the Mk4 Toyota Supra or the 1989 Toyota Celica or the 1996 Chevy Camaro cockpit and DO THAT. Driver-centric wrap-around design with physical knobs and dials for all necessary functions and data. Keep a display for GPS and infotainment if you must, but keep the controls PHYSICAL.","['Toyota', 'Celica', 'Chevy Camaro', 'Driver-centric wrap-around', 'PHYSICAL']","['cockpit', 'toyota', 'physical', 'cheap', 'car makers']",0.4497,Positive
1107,V0wtNI-rzSg,"i really dont like that GUI, seems the os of huaweii tablet coming from 2015","i really dont like that GUI, seems the os of huaweii tablet coming from 2015",['huaweii tablet'],"['os', 'dont', 'coming', 'tablet', 'really']",-0.3374,Negative
1108,V0wtNI-rzSg,Hm? But i'm not living in a mirror world. How should i drive it? My feet and arms are not that long to reach the steering wheel when sitting in the driver's seat...🤷,Hm? But i'm not living in a mirror world. How should i drive it? My feet and arms are not that long to reach the steering wheel when sitting in the driver's seat...🤷,[],"['feet', 'reach', 'driver seat', 'living', 'seat']",0.1306,Positive
1109,V0wtNI-rzSg,They put the drivers seat in the passengers seat,They put the drivers seat in the passengers seat,[],"['seat', 'drivers']",0.0,Neutral
1110,V0wtNI-rzSg,I just don't understand why car insurance rates keep going up. These cars are so indestructible!,I just don't understand why car insurance rates keep going up. These cars are so indestructible!,[],"['just don', 'don understand', 'insurance', 'understand', 'going']",0.3417,Positive
1111,V0wtNI-rzSg,"Looks like a lot of unnecessary distractions. China really gets it wrong with cars, nobody needs these features. Reduce the cars price by $2k and get rid of it.","Looks like a lot of unnecessary distractions. China really gets it wrong with cars, nobody needs these features. Reduce the cars price by $2k and get rid of it.",['China'],"['like lot', 'rid', 'cars', 'distractions', 'unnecessary']",-0.4336,Negative
1112,V0wtNI-rzSg,"Beautiful looking car, hope they come to Canada!!","Beautiful looking car, hope they come to Canada!!",['Canada'],"['looking car', 'canada', 'beautiful', 'come', 'hope']",0.8118,Positive
1113,V0wtNI-rzSg,Tesla screens also rotate. You just have to turn the whole car with it,Tesla screens also rotate. You just have to turn the whole car with it,[],"['rotate', 'turn', 'screens', 'just', 'tesla']",0.0,Neutral
1114,V0wtNI-rzSg,"""China is the enemy""? But has Apple tech in their vehicles?","""China is the enemy""? But has Apple tech in their vehicles?","['China', 'Apple']","['enemy', 'vehicles', 'apple', 'tech', 'china']",-0.3839,Negative
1115,V0wtNI-rzSg,That infotainment looks chinese as fuk 😅,That infotainment looks chinese as fuk 😅,['chinese'],"['infotainment', 'looks', 'chinese']",0.3612,Positive
1116,V0wtNI-rzSg,The frisker ocean does this. Clearly another click bait video,The frisker ocean does this. Clearly another click bait video,[],"['clearly', 'ocean does', 'video', 'ocean', 'does']",0.481,Positive
1117,V0wtNI-rzSg,Who still uses a key?,Who still uses a key?,[],"['uses', 'key']",0.0,Neutral
1118,V0wtNI-rzSg,"In America, tick tock is the threat to its national security. Imagine what this car would be?","In America, tick tock is the threat to its national security. Imagine what this car would be?",['America'],"['security', 'imagine', 'america', 'car']",-0.25,Negative
1119,V0wtNI-rzSg,"These are actually really nice, feel more premium than a Tesla, interior and seating design are up there with best everyday vehicle, drives and feel planted. Genuinely surprised and price for value is very generous.","These are actually really nice, feel more premium than a Tesla, interior and seating design are up there with best everyday vehicle, drives and feel planted. Genuinely surprised and price for value is very generous.",['Tesla'],"['feel', 'genuinely', 'everyday', 'tesla interior', 'premium']",0.9347,Positive
1120,V0wtNI-rzSg,"Remember, that fancy screen is powered by a Chinese motor. So try to imagine the weird angle it will be stuck at!","Remember, that fancy screen is powered by a Chinese motor. So try to imagine the weird angle it will be stuck at!",['Chinese'],"['fancy', 'angle', 'weird', 'stuck', 'remember']",-0.4574,Negative
1121,V0wtNI-rzSg,All byd cars does this tho…,All byd cars does this tho…,[],"['tho', 'byd cars', 'does', 'cars', 'byd']",0.0,Neutral
1122,V0wtNI-rzSg,"Wrong. I bought the BYD Tang late in 2021, and that also has this feature 😂","Wrong. I bought the BYD Tang late in 2021, and that also has this feature 😂",[],"['byd tang', 'tang', 'bought byd', 'late', 'bought']",-0.0516,Negative
1123,V0wtNI-rzSg,"350 miles when fully charged?
Now,what about 80% charge only.then never drop bellow 20%.cold weather, oh don't use the heater, under £50.000 for a Chinese slave labour built milk float 😂😂😂😂😂","350 miles when fully charged? Now,what about 80% charge only.then never drop bellow 20%.cold weather, oh don't use the heater, under £50.000 for a Chinese slave labour built milk float 😂😂😂😂😂",['Chinese'],"['80', 'cold', 'heater', 'milk float', 'slave labour']",0.922,Positive
1124,V0wtNI-rzSg,In ovv it ive,In ovv it ive,[],['ive'],0.0,Neutral
1125,V0wtNI-rzSg,So bloody what? What’s a rotating screen got to do with any aspect of satisfying driving? Imagine how much more innovative it could have been in real world driving terms if all that  engineering energy had been used in finessing the dynamics of the powertrain rather than providing drivers with a bit of SuperCheap Auto Bling-O-Rama!,So bloody what? What’s a rotating screen got to do with any aspect of satisfying driving? Imagine how much more innovative it could have been in real world driving terms if all that engineering energy had been used in finessing the dynamics of the powertrain rather than providing drivers with a bit of SuperCheap Auto Bling-O-Rama!,['SuperCheap Auto Bling-O-Rama'],"['driving', 'providing', 'terms', 'engineering', 'drivers']",0.7815,Positive
1126,V0wtNI-rzSg,"Keep that for women and kids, not for masculinity.","Keep that for women and kids, not for masculinity.",[],['kids'],0.0,Neutral
1127,V0wtNI-rzSg,Shit sucks and is ugly,Shit sucks and is ugly,['Shit'],"['sucks', 'ugly', 'shit']",-0.8555,Negative
1128,V0wtNI-rzSg,The key advantage over Model3 is a dash display in front of you. It’s the main reason I didn’t get a Model3,The key advantage over Model3 is a dash display in front of you. It’s the main reason I didn’t get a Model3,[],"['model3', 'main reason', 'advantage', 'main', 'dash']",0.25,Positive
1129,V0wtNI-rzSg,Say innovative again but next time don’t try and sound like an obnoxious wanker,Say innovative again but next time don’t try and sound like an obnoxious wanker,[],"['try', 'say innovative', 'sound', 'time', 'say']",-0.6757,Negative
1130,V0wtNI-rzSg,Rather have a gear shifter,Rather have a gear shifter,[],['gear'],0.0,Neutral
1131,V0wtNI-rzSg,"I’m with the Americans on this one, much better off without this crap flooding the market, Europe needs to wake up. We’ll have zero car manufacturing at this rate. 
100% tariffs on these cars isn’t enough, wait and see in 5 years time when they have corroded because they can’t cope with our climate and fail their MOT’s and then we’ll be stuck with tonnes and tonnes of scrap, fools. 
🇺🇸🇬🇧","I’m with the Americans on this one, much better off without this crap flooding the market, Europe needs to wake up. We’ll have zero car manufacturing at this rate. 100% tariffs on these cars isn’t enough, wait and see in 5 years time when they have corroded because they can’t cope with our climate and fail their MOT’s and then we’ll be stuck with tonnes and tonnes of scrap, fools. 🇺🇸🇬🇧","['Americans', 'Europe', 'MOT']","['ll', 'fail', 'zero', 'climate', 'rate']",-0.5139,Negative
1132,V0wtNI-rzSg,"China car, nope……","China car, nope……",['China'],"['china car', 'nope', 'china', 'car']",0.0,Neutral
1133,V0wtNI-rzSg,"This is what's important in your car?

What a fool",This is what's important in your car? What a fool,[],"['important', 'car']",-0.2732,Negative
1134,V0wtNI-rzSg,"It doesn’t matter how it drives, where you have to go if something is defective, how the loss of value is etc. but it has a rotating screen. Then you can forget the rest 😂🤦🏼‍♂️","It doesn’t matter how it drives, where you have to go if something is defective, how the loss of value is etc. but it has a rotating screen. Then you can forget the rest 😂🤦🏼‍♂️",[],"['forget', 'rest', 'matter', 'drives', 'value']",0.1655,Positive
1135,V0wtNI-rzSg,Cool but why on the steereng wheel ?,Cool but why on the steereng wheel ?,[],"['cool', 'wheel']",0.1655,Positive
1136,V0wtNI-rzSg,Y no sirve para nada,Y no sirve para nada,['nada'],[],-0.296,Negative
1137,V0wtNI-rzSg,Couldn't pay me to drive it,Couldn't pay me to drive it,[],"['couldn', 'pay', 'drive']",0.0762,Positive
1138,V0wtNI-rzSg,Very unusual... The steering wheel is on the wrong side...,Very unusual... The steering wheel is on the wrong side...,[],"['unusual', 'wheel wrong', 'steering wheel', 'steering', 'wrong']",-0.4767,Negative
1139,V0wtNI-rzSg,BYD HAVE TAKEN OVER😮,BYD HAVE TAKEN OVER😮,[],"['taken', 'byd']",0.0,Neutral
1140,V0wtNI-rzSg,Shilling for the CCP now are we? 😂,Shilling for the CCP now are we? 😂,['CCP'],['ccp'],0.4404,Positive
1141,V0wtNI-rzSg,Didn’t fisker do this in the ocean,Didn’t fisker do this in the ocean,[],"['didn', 'fisker ocean', 'ocean', 'fisker']",0.0,Neutral
1142,V0wtNI-rzSg,Fisker had this like 5 years ago,Fisker had this like 5 years ago,['Fisker'],"['like years', 'years ago', 'ago', 'years', 'fisker']",0.4357,Positive
1143,V0wtNI-rzSg,This will put tesla to shame... wait it already has,This will put tesla to shame... wait it already has,[],"['shame', 'wait', 'tesla']",-0.4767,Negative
1144,V0wtNI-rzSg,Why is a frontcam,Why is a frontcam,[],[],0.0,Neutral
1145,V0wtNI-rzSg,free Chinese malware too so you can infect your fellow smooth-brained friends and family,free Chinese malware too so you can infect your fellow smooth-brained friends and family,['Chinese'],"['family', 'free', 'chinese']",0.7506,Positive
1146,V0wtNI-rzSg,Fisker ocean does this as well.  If you count that as a car.,Fisker ocean does this as well. If you count that as a car.,['Fisker'],"['ocean does', 'fisker ocean', 'ocean', 'fisker', 'does']",0.2732,Positive
1147,V0wtNI-rzSg,50k?  I thought BYDs were supposed to be significantly cheaper,50k? I thought BYDs were supposed to be significantly cheaper,[],"['supposed', 'significantly', 'byds', 'thought', 'cheaper']",0.0,Neutral
1148,V0wtNI-rzSg,Fisker Ocean can do it as well.,Fisker Ocean can do it as well.,['Fisker Ocean'],"['fisker ocean', 'ocean', 'fisker']",0.2732,Positive
1149,V0wtNI-rzSg,China cars are taking over,China cars are taking over,['China'],"['china cars', 'taking', 'china', 'cars']",0.0,Neutral
1150,V0wtNI-rzSg,Not buying a car that requires a smart phone to make it move.,Not buying a car that requires a smart phone to make it move.,[],"['buying car', 'smart', 'phone', 'buying', 'make']",0.4019,Positive
1151,V0wtNI-rzSg,"Well, all(kinda) latest BYD can do that","Well, all(kinda) latest BYD can do that",['BYD'],"['kinda', 'latest', 'byd']",0.2732,Positive
1152,V0wtNI-rzSg,I have NEVER heard the word “innovative” be pronounced that way omg,I have NEVER heard the word “innovative” be pronounced that way omg,['NEVER'],"['innovative pronounced', 'word innovative', 'pronounced', 'word', 'omg']",0.0,Neutral
1153,V0wtNI-rzSg,"More features means higher probability of failures.
I don’t need that screen rotating",More features means higher probability of failures. I don’t need that screen rotating,[],"['need screen', 'means', 'screen rotating', 'higher', 'don need']",-0.4588,Negative
1154,V0wtNI-rzSg,How high is the electromagnetic radiation (Battery???),How high is the electromagnetic radiation (Battery???),['Battery'],"['high', 'battery']",0.0,Neutral
1155,V0wtNI-rzSg,"The BYD Atto 3 can do that, too","The BYD Atto 3 can do that, too",[],"['byd atto', 'atto', 'byd']",0.0,Neutral
1156,V0wtNI-rzSg,I was always told using a phone/smartphone is illegal how can you legally allow using those shayty screens.,I was always told using a phone/smartphone is illegal how can you legally allow using those shayty screens.,[],"['using', 'illegal', 'smartphone', 'allow', 'phone']",-0.3182,Negative
1157,V0wtNI-rzSg,I think in landscape mode the screen covers driver's left front a/c vent.,I think in landscape mode the screen covers driver's left front a/c vent.,[],"['landscape mode', 'left', 'driver', 'mode', 'landscape']",0.0,Neutral
1158,V0wtNI-rzSg,Love seeing the Chinese bot accounts in the comment section 😂,Love seeing the Chinese bot accounts in the comment section 😂,['Chinese'],"['comment section', 'section', 'comment', 'seeing', 'love']",0.7964,Positive
1159,V0wtNI-rzSg,"Most BYDs do this, not only the Seal....","Most BYDs do this, not only the Seal....",['Seal'],"['byds', 'seal']",0.0,Neutral
1160,V0wtNI-rzSg,The interior looks awful.,The interior looks awful.,[],"['interior looks', 'awful', 'interior', 'looks']",-0.4588,Negative
1161,V0wtNI-rzSg,Wow… Nobody has missed it…,Wow… Nobody has missed it…,[],"['missed', 'wow']",-0.296,Negative
1162,V0wtNI-rzSg,wish the screen would also move slightly lower in portait. sits a bit to high for my liking. but cool feature nonetheless,wish the screen would also move slightly lower in portait. sits a bit to high for my liking. but cool feature nonetheless,[],"['cool feature', 'slightly', 'lower', 'bit', 'high']",0.6365,Positive
1163,V0wtNI-rzSg,Shame on you richkid,Shame on you richkid,[],['shame'],-0.4767,Negative
1164,V0wtNI-rzSg,Elon left the Chatroom 😂😂,Elon left the Chatroom 😂😂,[],"['elon', 'left']",0.7003,Positive
1165,V0wtNI-rzSg,In novative? That is a unique and innovative pronunciation,In novative? That is a unique and innovative pronunciation,[],"['pronunciation', 'unique', 'innovative']",0.4404,Positive
1166,V0wtNI-rzSg,This is perfect to compete with  Tesla shit cars !,This is perfect to compete with Tesla shit cars !,['Tesla'],"['compete tesla', 'compete', 'perfect', 'shit', 'tesla']",0.1007,Positive
1167,V0wtNI-rzSg,"Sorry, did he say £50 grand?
😂","Sorry, did he say £50 grand? 😂",[],"['grand', 'sorry', '50', 'say', 'did']",0.6808,Positive
1168,V0wtNI-rzSg,So busy messing around with the screen he is going to crash ( if the garage doesn't burn down first),So busy messing around with the screen he is going to crash ( if the garage doesn't burn down first),[],"['crash', 'burn', 'garage', 'doesn', 'going']",-0.4019,Negative
1169,V0wtNI-rzSg,Tru Tesla killer,Tru Tesla killer,['Tru Tesla'],"['tesla killer', 'killer', 'tesla']",-0.6486,Negative
1170,V0wtNI-rzSg,"I wish we could buy BYD cars int he US, truly affordable EVs","I wish we could buy BYD cars int he US, truly affordable EVs",['BYD'],"['buy byd', 'affordable', 'evs', 'byd cars', 'wish']",0.6808,Positive
1171,V0wtNI-rzSg,Really beautiful car.,Really beautiful car.,[],"['beautiful', 'really', 'car']",0.6361,Positive
1172,V0wtNI-rzSg,In-nov-a-tiv? You mean innovative you melt,In-nov-a-tiv? You mean innovative you melt,[],"['mean innovative', 'nov tiv', 'nov', 'mean', 'tiv']",0.4404,Positive
1173,V0wtNI-rzSg,Yes that is perfect. So I don‘t have to see the road anymore. I wonder what for. It’s so much more fun to star at a big screen than to watch the road. 😂,Yes that is perfect. So I don‘t have to see the road anymore. I wonder what for. It’s so much more fun to star at a big screen than to watch the road. 😂,[],"['road', 'big screen', 'perfect', 'anymore', 'wonder']",0.921,Positive
1174,V0wtNI-rzSg,And not on garage to fix it,And not on garage to fix it,[],"['fix', 'garage']",0.0,Neutral
1175,V0wtNI-rzSg,"What people see in these EV toys.. This is not a car, it's android/apple phone on wheels..","What people see in these EV toys.. This is not a car, it's android/apple phone on wheels..",[],"['android apple', 'wheels', 'phone', 'apple', 'android']",0.0,Neutral
1176,V0wtNI-rzSg,I really don't like those tablets that look glued to the dashboards. The main reason thee Geely Manjaro is still my fav car,I really don't like those tablets that look glued to the dashboards. The main reason thee Geely Manjaro is still my fav car,['Geely Manjaro'],"['glued', 'main reason', 'main', 'tablets', 'don like']",0.156,Positive
1177,V0wtNI-rzSg,"oh great, another thing that will break","oh great, another thing that will break",[],"['thing break', 'oh', 'break', 'thing', 'great']",0.6249,Positive
1178,V0wtNI-rzSg,Vauuuu incredible a rotating screen 😂 ma va cagher,Vauuuu incredible a rotating screen 😂 ma va cagher,['ma va'],"['va', 'incredible', 'rotating screen', 'rotating', 'screen']",0.4404,Positive
1179,V0wtNI-rzSg,I thought UK does have km/h?,I thought UK does have km/h?,['km/h'],"['km', 'thought', 'uk', 'does']",0.0,Neutral
1180,V0wtNI-rzSg,Are we driving the car or wathing movies?,Are we driving the car or wathing movies?,[],"['movies', 'driving', 'car']",0.0,Neutral
1181,V0wtNI-rzSg,"Why do you need a screen in a car whatsoever? I don't need all of this bullshit in a car. I'm not american,  just don't need all unnecessary shit in a car simply.","Why do you need a screen in a car whatsoever? I don't need all of this bullshit in a car. I'm not american, just don't need all unnecessary shit in a car simply.",['american'],"['need', 'don need', 'don', 'car', 'just don']",-0.8442,Negative
1182,V0wtNI-rzSg,Now look at what slave labour was used in the production of this car and its components. That side would be innovative before the transatlantic slave trade.,Now look at what slave labour was used in the production of this car and its components. That side would be innovative before the transatlantic slave trade.,[],"['slave', 'trade', 'production', 'components', 'slave labour']",0.4404,Positive
1183,V0wtNI-rzSg,"Realizing that all of the technology are stolen from Western technology….😂😂😂
From Tesla and BMW",Realizing that all of the technology are stolen from Western technology….😂😂😂 From Tesla and BMW,"['Western', 'Tesla', 'BMW']","['technology', 'stolen', 'western', 'bmw', 'tesla']",0.6705,Positive
1184,V0wtNI-rzSg,Good luck 😂😅😂,Good luck 😂😅😂,[],"['luck', 'good luck', 'good']",0.9217,Positive
1185,V0wtNI-rzSg,Bad thing then.. it is made in CCP China,Bad thing then.. it is made in CCP China,['CCP China'],"['bad', 'ccp', 'thing', 'china']",-0.5423,Negative
1186,V0wtNI-rzSg,Watch all of this won't last past 50km,Watch all of this won't last past 50km,[],"['past', 'won', 'watch']",0.0,Neutral
1187,V0wtNI-rzSg,Crazy rich schmee drove byd for daily drive !! We're not so different you and i 😂😂,Crazy rich schmee drove byd for daily drive !! We're not so different you and i 😂😂,[],"['rich', 'schmee', 'drove', 'crazy', 'different']",0.8217,Positive
1188,V0wtNI-rzSg,I think they stole that from the Fiskar Ocean,I think they stole that from the Fiskar Ocean,['the Fiskar Ocean'],"['fiskar', 'fiskar ocean', 'think', 'ocean']",0.0,Neutral
1189,V0wtNI-rzSg,"Just bout the only relevant bit of information I got from that shit for brains is the range.
Fuck me, we do live in the Idiocracy","Just bout the only relevant bit of information I got from that shit for brains is the range. Fuck me, we do live in the Idiocracy",['Idiocracy'],"['fuck', 'information', 'live', 'bit', 'range']",-0.7964,Negative
1190,V0wtNI-rzSg,Wait until he finds out they can almost drive themselves 😊,Wait until he finds out they can almost drive themselves 😊,[],"['wait', 'drive']",0.6943,Positive
1191,V0wtNI-rzSg,"they look like cheap plastic garbage up close , like most chinese junk it wont last long","they look like cheap plastic garbage up close , like most chinese junk it wont last long",['chinese'],"['like chinese', 'chinese junk', 'close', 'like cheap', 'like']",0.6124,Positive
1192,V0wtNI-rzSg,Still a piece of trash.,Still a piece of trash.,[],"['piece', 'trash']",0.0,Neutral
1193,V0wtNI-rzSg,Those massive displays in cars look like shit. Why would anyone want that? Its more than enough to have a smaller one,Those massive displays in cars look like shit. Why would anyone want that? Its more than enough to have a smaller one,[],"['like shit', 'cars look', 'massive', 'smaller', 'look like']",-0.2023,Negative
1194,V0wtNI-rzSg,"Its a chinese product regardless of performance, chinese products always break for no reason","Its a chinese product regardless of performance, chinese products always break for no reason",['chinese'],"['chinese product', 'chinese', 'chinese products', 'performance', 'product']",-0.296,Negative
1195,V0wtNI-rzSg,It’s heinous inside,It’s heinous inside,[],['inside'],0.0,Neutral
1196,V0wtNI-rzSg,I only wish I was born in China. Top-notch Chinese technology and affordable.,I only wish I was born in China. Top-notch Chinese technology and affordable.,"['China', 'Chinese']","['affordable', 'notch', 'technology', 'wish', 'china']",0.4019,Positive
1197,V0wtNI-rzSg,Overengineered to the hilt. It's a car.,Overengineered to the hilt. It's a car.,[],['car'],0.0,Neutral
1198,V0wtNI-rzSg,In-ov-ative? Do you not mean ino-vat-ive? 😂,In-ov-ative? Do you not mean ino-vat-ive? 😂,[],"['ive', 'ov ative', 'ative', 'ov', 'mean']",0.504,Positive
1199,V0wtNI-rzSg,Huh!? Isn’t a rotating screen old news?,Huh!? Isn’t a rotating screen old news?,[],"['old news', 'news', 'isn', 'old', 'rotating screen']",0.0,Neutral
1200,V0wtNI-rzSg,Wow! A special button that you'll press at most once. What's the point of changing the orientation once you've chosen the one you prefer?,Wow! A special button that you'll press at most once. What's the point of changing the orientation once you've chosen the one you prefer?,[],"['button ll', 'orientation', 'press', 'point', 'button']",0.7777,Positive
1201,V0wtNI-rzSg,"Why would Americans hate?   i don't understand, i guees I'm not in the loop","Why would Americans hate? i don't understand, i guees I'm not in the loop",['Americans'],"['don understand', 'understand', 'americans', 'hate', 'don']",-0.5719,Negative
1202,V0wtNI-rzSg,Thats the most important feature anybody looks for when buying a car...,Thats the most important feature anybody looks for when buying a car...,[],"['buying car', 'thats', 'important', 'buying', 'feature']",0.2716,Positive
1203,V0wtNI-rzSg,didnt the fisker ocean have a rotating display,didnt the fisker ocean have a rotating display,[],"['didnt', 'ocean rotating', 'display', 'fisker ocean', 'ocean']",0.0,Neutral
1204,V0wtNI-rzSg,It's there in MG also,It's there in MG also,[],[],0.0,Neutral
1205,V0wtNI-rzSg,American auto makers would charge you $30 a month subscription fee to use that feature 10 times in a month. $50 a month unlimited.,American auto makers would charge you $30 a month subscription fee to use that feature 10 times in a month. $50 a month unlimited.,['American'],"['month', 'makers', 'times', '30', '50']",0.0,Neutral
1206,V0wtNI-rzSg,"don’t get me wrong the car is cool, but what a useless gimmick😭 how often are you rotating your screen of ever to where it needs to take up space on the wheel or as a quick function button it’s just extra weight and moving parts that are completely unnecessary and an excuse to add $5k to the price","don’t get me wrong the car is cool, but what a useless gimmick😭 how often are you rotating your screen of ever to where it needs to take up space on the wheel or as a quick function button it’s just extra weight and moving parts that are completely unnecessary and an excuse to add $5k to the price",[],"['weight', 'useless gimmick', 'wrong car', 'moving', 'quick']",-0.8316,Negative
1207,V0wtNI-rzSg,Getting mine feb 2026. Cannot wait,Getting mine feb 2026. Cannot wait,[],"['2026', 'getting', 'wait']",0.0,Neutral
1208,V0wtNI-rzSg,How much BYD pay you?,How much BYD pay you?,[],"['pay', 'byd']",-0.1027,Negative
1209,V0wtNI-rzSg,The most interesting thing is the way you pronounce innovative… 🤔🤔,The most interesting thing is the way you pronounce innovative… 🤔🤔,[],"['way pronounce', 'pronounce innovative', 'interesting', 'pronounce', 'way']",0.4576,Positive
1210,V0wtNI-rzSg,Better than a Tesla,Better than a Tesla,['Tesla'],"['better tesla', 'better', 'tesla']",0.4404,Positive
1211,V0wtNI-rzSg,😂 Chinese crap.,😂 Chinese crap.,['Chinese'],"['chinese crap', 'crap', 'chinese']",0.0772,Positive
1212,V0wtNI-rzSg,Thats insanely unnecessary. Just have it on a rotating mount with 2 lock points. Most people will just pick an orientation and then never change it again. Having a motor and a dedicated button on the steering wheel is crazy.,Thats insanely unnecessary. Just have it on a rotating mount with 2 lock points. Most people will just pick an orientation and then never change it again. Having a motor and a dedicated button on the steering wheel is crazy.,[],"['just', 'button steering', 'points', 'pick', 'lock']",0.1531,Positive
1213,V0wtNI-rzSg,"Well, the BYD cars only last four years, so the rotating tablet might last that long.","Well, the BYD cars only last four years, so the rotating tablet might last that long.",['BYD'],"['cars years', 'rotating tablet', 'byd cars', 'long', 'tablet']",0.2732,Positive
1214,V0wtNI-rzSg,"Sold it in the Mexico, can’t believe Mexican are driving this Chinese car and American still afraid this Chinese made car 😂😂😂😂","Sold it in the Mexico, can’t believe Mexican are driving this Chinese car and American still afraid this Chinese made car 😂😂😂😂","['Mexico', 'Mexican', 'Chinese', 'American']","['chinese car', 'afraid', 'chinese', 'mexico', 'believe']",0.891,Positive
1215,V0wtNI-rzSg,This is standard in all Chinese cars,This is standard in all Chinese cars,['Chinese'],"['standard', 'chinese cars', 'cars', 'chinese']",0.0,Neutral
1216,V0wtNI-rzSg,Didnt the fiskar ocean rotate the screen? And was done before?,Didnt the fiskar ocean rotate the screen? And was done before?,[],"['didnt', 'rotate screen', 'fiskar', 'fiskar ocean', 'rotate']",0.0,Neutral
1217,V0wtNI-rzSg,"there are flexible oled screens, full transparent screens..and it is novel to flip the screen -.-","there are flexible oled screens, full transparent screens..and it is novel to flip the screen -.-",[],"['screens', 'flip', 'screen']",0.4939,Positive
1218,V0wtNI-rzSg,Way too much stuff in these cars that can break imagine the speedo screen breaking and the price to fix these things,Way too much stuff in these cars that can break imagine the speedo screen breaking and the price to fix these things,['speedo'],"['imagine', 'fix', 'stuff', 'break', 'things']",0.0,Neutral
1219,V0wtNI-rzSg,To bad the steering wheel is on the wrong side 🦅🦅🦅🦅,To bad the steering wheel is on the wrong side 🦅🦅🦅🦅,[],"['wheel wrong', 'bad', 'steering wheel', 'steering', 'wrong']",-0.765,Negative
1220,V0wtNI-rzSg,"Saw that before, it is not first car to do it","Saw that before, it is not first car to do it",[],"['saw', 'car']",0.0,Neutral
1221,V0wtNI-rzSg,"That novelty soon wears off, had my atto for 18 months and literally the only time I put it into portrait mode is when showing someone it can go into portrait mode, it doesnt work with android auto and the only other time I'd use it would be for navigation, but the BYD native navigation isnt great, I prefer to use Waze via Android auto","That novelty soon wears off, had my atto for 18 months and literally the only time I put it into portrait mode is when showing someone it can go into portrait mode, it doesnt work with android auto and the only other time I'd use it would be for navigation, but the BYD native navigation isnt great, I prefer to use Waze via Android auto","['BYD', 'Android']","['navigation', 'android auto', 'portrait mode', 'android', 'mode']",-0.6642,Negative
1222,V0wtNI-rzSg,Infotainment design is horrible,Infotainment design is horrible,[],"['horrible', 'infotainment', 'design']",-0.5423,Negative
1223,V0wtNI-rzSg,Would have been perfect if the display is telescopic too.,Would have been perfect if the display is telescopic too.,[],"['perfect', 'display']",0.5719,Positive
1224,V0wtNI-rzSg,"Trump, UAW, and GM are so damn afraid of BYD and other Chinese cars that they are literally changing the laws so that you can never own them here in America.","Trump, UAW, and GM are so damn afraid of BYD and other Chinese cars that they are literally changing the laws so that you can never own them here in America.","['Trump', 'UAW', 'BYD', 'Chinese', 'America']","['afraid', 'trump', 'byd chinese', 'damn', 'literally']",-0.541,Negative
1225,V0wtNI-rzSg,"Dude is definitely being paid to say ""to left all the silly stuff behind"" AND ""This is my daily driver"".","Dude is definitely being paid to say ""to left all the silly stuff behind"" AND ""This is my daily driver"".",[],"['paid say', 'daily driver', 'silly stuff', 'dude', 'definitely']",0.4215,Positive
1226,V0wtNI-rzSg,"When you see someone being paid to say he daily drives a non-trophy car, while his entire YouTube content is about chasing and daily-driving unattainable cars like money has never been an issue, with the insufferable Schmee Schmick Schmuck smile. That rotating screen has never been more convincing.","When you see someone being paid to say he daily drives a non-trophy car, while his entire YouTube content is about chasing and daily-driving unattainable cars like money has never been an issue, with the insufferable Schmee Schmick Schmuck smile. That rotating screen has never been more convincing.","['YouTube', 'Schmee Schmick Schmuck']","['daily', 'paid say', 'schmee', 'cars like', 'non']",0.3664,Positive
1227,V0wtNI-rzSg,I hope there's dark theme for that screen and that it's oled,I hope there's dark theme for that screen and that it's oled,[],"['theme', 'dark', 'hope', 'screen']",0.4404,Positive
1228,V0wtNI-rzSg,Chinese shite it'll last a few years at the most then start falling apart if it don't lock you in first and rotisserie your arse like a chicken when it goes up in flames,Chinese shite it'll last a few years at the most then start falling apart if it don't lock you in first and rotisserie your arse like a chicken when it goes up in flames,['Chinese'],"['apart', 'shite', 'lock', 'falling', 'flames']",0.1621,Positive
1229,V0wtNI-rzSg,"Absolutely hate tablet screens that hide the climate controls , please bring back normal knobs 😂","Absolutely hate tablet screens that hide the climate controls , please bring back normal knobs 😂",[],"['hide', 'climate', 'knobs', 'normal', 'controls']",-0.1263,Negative
1230,V0wtNI-rzSg,"Not the first car to do that, mate","Not the first car to do that, mate",[],"['mate', 'car']",0.0,Neutral
1231,V0wtNI-rzSg,"That's amazing.
It's the same thing I do with my phone.",That's amazing. It's the same thing I do with my phone.,[],"['amazing', 'phone', 'thing']",0.5859,Positive
1232,V0wtNI-rzSg,Ino v a tive.  Moron,Ino v a tive. Moron,['Moron'],['tive'],-0.4939,Negative
1233,V0wtNI-rzSg,This britains their country muslimshithole now and their cars from the communist,This britains their country muslimshithole now and their cars from the communist,[],"['country', 'communist', 'cars']",0.0,Neutral
1234,V0wtNI-rzSg,Say innovative again?,Say innovative again?,[],"['say innovative', 'say', 'innovative']",0.4404,Positive
1235,V0wtNI-rzSg,Cheap things no good good thing no cheap.,Cheap things no good good thing no cheap.,[],"['cheap', 'good', 'things', 'thing']",-0.7195,Negative
1236,V0wtNI-rzSg,everybody knows this already.,everybody knows this already.,[],['knows'],0.0,Neutral
1237,V0wtNI-rzSg,"Made by slaves. They work 9am to 9pm, 6 days a week. Enjoy your car .","Made by slaves. They work 9am to 9pm, 6 days a week. Enjoy your car .",[],"['days', 'week', 'enjoy', 'work', 'car']",0.4939,Positive
1238,V0wtNI-rzSg,The other cars in the garage are so sexi!,The other cars in the garage are so sexi!,[],"['garage', 'cars']",0.0,Neutral
1239,V0wtNI-rzSg,We’ll never see one in the us. And dodge painting out garbage 🗑️,We’ll never see one in the us. And dodge painting out garbage 🗑️,[],"['garbage', 'll']",0.0,Neutral
1240,V0wtNI-rzSg,"I hate all these appliances on wheels, but it’s fun watching BYD eat Elon’s lunch","I hate all these appliances on wheels, but it’s fun watching BYD eat Elon’s lunch",['BYD'],"['eat', 'watching', 'elon', 'fun', 'wheels']",0.4767,Positive
1241,V0wtNI-rzSg,Who cares if the screen can rotate 🤦‍♂️😂,Who cares if the screen can rotate 🤦‍♂️😂,[],"['screen rotate', 'cares', 'rotate', 'screen']",0.7096,Positive
1242,V0wtNI-rzSg,"dafuq, doesn't the Fisker Ocean have that as well？And other BYD models have that too","dafuq, doesn't the Fisker Ocean have that as well？And other BYD models have that too","['the Fisker Ocean', 'BYD']","['byd models', 'models', 'doesn', 'fisker ocean', 'ocean']",0.0,Neutral
1243,V0wtNI-rzSg,How much are they paying you to shill this crap shmee?,How much are they paying you to shill this crap shmee?,[],"['shill', 'paying', 'shmee', 'crap']",-0.4588,Negative
1244,V0wtNI-rzSg,Chinese quality and reliability. I wouldn't like to test the air bags in an accident.,Chinese quality and reliability. I wouldn't like to test the air bags in an accident.,['Chinese'],"['air', 'accident', 'reliability', 'wouldn', 'test']",-0.6381,Negative
1245,V0wtNI-rzSg,"This isnt a car. No engine, not a car, it's a chinese laptop","This isnt a car. No engine, not a car, it's a chinese laptop",['chinese'],"['isnt', 'engine', 'car', 'chinese']",0.2235,Positive
1246,V0wtNI-rzSg,Let me know when it's 25000,Let me know when it's 25000,[],"['let', 'know']",0.0,Neutral
1247,V0wtNI-rzSg,We need more screens,We need more screens,[],"['need', 'screens']",0.0,Neutral
1248,V0wtNI-rzSg,In - ov- o - tiv ???😂😂😂,In - ov- o - tiv ???😂😂😂,[],"['ov tiv', 'ov', 'tiv']",0.8496,Positive
1249,V0wtNI-rzSg,"""multiple digital screens"" isn't a plus.","""multiple digital screens"" isn't a plus.",[],"['multiple', 'digital', 'plus', 'isn', 'screens']",0.0,Neutral
1250,V0wtNI-rzSg,I wonder which innovations (or useless gimmicks) from chinese cars actually become adopted as industry standard,I wonder which innovations (or useless gimmicks) from chinese cars actually become adopted as industry standard,['chinese'],"['useless gimmicks', 'gimmicks', 'standard', 'wonder', 'actually']",-0.4215,Negative
1251,V0wtNI-rzSg,"Yeah, just another reason not to ever get one of those ipads. I have enough disposable junk as it is.","Yeah, just another reason not to ever get one of those ipads. I have enough disposable junk as it is.",[],"['yeah', 'junk', 'reason', 'just']",0.296,Positive
1252,V0wtNI-rzSg,"Meh, thought it was something new - just the screen rotating parlour trick that BYD had always put in their cars.","Meh, thought it was something new - just the screen rotating parlour trick that BYD had always put in their cars.","['Meh', 'BYD']","['screen rotating', 'trick', 'byd cars', 'thought', 'new']",-0.128,Negative
1253,V0wtNI-rzSg,Americans are not allowed to have nice things 😢😢😢,Americans are not allowed to have nice things 😢😢😢,['Americans'],"['allowed', 'americans', 'things', 'nice']",-0.7579,Negative
1254,V0wtNI-rzSg,I’m not buying another Tesla until and unless Elon is removed from the board,I’m not buying another Tesla until and unless Elon is removed from the board,['Tesla'],"['buying tesla', 'unless', 'elon', 'removed', 'buying']",0.0,Neutral
1255,V0wtNI-rzSg,Looks like crqp to me,Looks like crqp to me,[],"['looks like', 'looks', 'like']",0.3612,Positive
1256,V0wtNI-rzSg,"That is not the only car than can do that, all BYD cars including the small and cheap Dolphin do this.","That is not the only car than can do that, all BYD cars including the small and cheap Dolphin do this.","['BYD', 'Dolphin']","['cars including', 'car byd', 'including', 'small', 'dolphin']",0.0,Neutral
1257,V0wtNI-rzSg,That a Fisker Ocean trick. They came up with it first.,That a Fisker Ocean trick. They came up with it first.,['Fisker Ocean'],"['came', 'trick', 'fisker ocean', 'ocean', 'fisker']",-0.0516,Negative
1258,V0wtNI-rzSg,More to break,More to break,[],['break'],0.0,Neutral
1259,V0wtNI-rzSg,China paid him??,China paid him??,['China'],"['paid', 'china']",0.0,Neutral
1260,V0wtNI-rzSg,As soon as byd comes to USA I’m ditching my Tesla bc fuck fElon,As soon as byd comes to USA I’m ditching my Tesla bc fuck fElon,['Tesla'],"['fuck', 'soon', 'comes', 'usa', 'tesla']",-0.5423,Negative
1261,V0wtNI-rzSg,Fisker Ocean anyone ? 😂,Fisker Ocean anyone ? 😂,['Fisker Ocean'],"['fisker ocean', 'ocean', 'fisker']",0.4404,Positive
1262,V0wtNI-rzSg,"Thank you, this is beautiful and reminds to appreciate China's work. Some how we must start to feel better about ourselves and other humans in this world.","Thank you, this is beautiful and reminds to appreciate China's work. Some how we must start to feel better about ourselves and other humans in this world.",['China'],"['reminds', 'appreciate', 'feel better', 'beautiful', 'thank']",0.9001,Positive
1263,V0wtNI-rzSg,"That is not a tablet, thats a TV","That is not a tablet, thats a TV",[],"['tv', 'thats', 'tablet']",0.0,Neutral
1264,V0wtNI-rzSg,"The mechanic said i had blown a seal.  I said, ""Fix the damn thing and leave my private life out of it.""","The mechanic said i had blown a seal. I said, ""Fix the damn thing and leave my private life out of it.""",[],"['said', 'private', 'leave', 'damn', 'fix']",-0.4404,Negative
1265,V0wtNI-rzSg,You need to do some research to be a car 🚘 reviewer. Fisker Ocean had the same feature long ago.,You need to do some research to be a car 🚘 reviewer. Fisker Ocean had the same feature long ago.,['Fisker Ocean'],"['reviewer', 'ocean feature', 'research', 'ago', 'long']",0.0,Neutral
1266,V0wtNI-rzSg,"3 things that go into a budget and expensive vehicles, 1. behemoth infotainment screen, 2.leather seats and upholstry and 3. huge sun/moon panoramic sunroof","3 things that go into a budget and expensive vehicles, 1. behemoth infotainment screen, 2.leather seats and upholstry and 3. huge sun/moon panoramic sunroof",['sun/moon'],"['sunroof', 'huge', 'leather', 'infotainment', 'vehicles']",0.3182,Positive
1267,V0wtNI-rzSg,Still prefer a Model Y anyday,Still prefer a Model Y anyday,['Model Y'],"['prefer model', 'prefer', 'model']",0.0,Neutral
1268,V0wtNI-rzSg,More reason too take your eyes off the road whilst driving 😳,More reason too take your eyes off the road whilst driving 😳,[],"['eyes road', 'whilst driving', 'whilst', 'eyes', 'reason']",0.0,Neutral
1269,V0wtNI-rzSg,BYD cars are garbage,BYD cars are garbage,['BYD'],"['byd cars', 'garbage', 'cars', 'byd']",0.0,Neutral
1270,V0wtNI-rzSg,"See it and weep Musk. You reign is over as the Chinese are kicking your ass and now, they are going to tap in the race for space and I think they will surpass you here also.","See it and weep Musk. You reign is over as the Chinese are kicking your ass and now, they are going to tap in the race for space and I think they will surpass you here also.",['Chinese'],"['race', 'ass', 'musk', 'space', 'going']",-0.802,Negative
1271,V0wtNI-rzSg,I wish i could buy this car in the states,I wish i could buy this car in the states,[],"['states', 'buy car', 'wish', 'buy', 'car']",0.4019,Positive
1272,V0wtNI-rzSg,"TESLA brings the display to the car, BYD makes it spin around 🎉,  how creative and genius!  😊","TESLA brings the display to the car, BYD makes it spin around 🎉, how creative and genius! 😊",['BYD'],"['car byd', 'byd makes', 'spin', 'makes', 'display']",0.8977,Positive
1273,V0wtNI-rzSg,What exactly  does the turning screen add to the car? Lots of useless features .,What exactly does the turning screen add to the car? Lots of useless features .,[],"['turning screen', 'exactly', 'add', 'lots', 'turning']",-0.4215,Negative
1274,V0wtNI-rzSg,"Elon makes Trump to ban China so Tesla has no competition , what the hell happened to US which was known for Quality and competition, since when US started acting like 3rd world style corrupt practices , monopolies and nepotism ?","Elon makes Trump to ban China so Tesla has no competition , what the hell happened to US which was known for Quality and competition, since when US started acting like 3rd world style corrupt practices , monopolies and nepotism ?","['China', 'Tesla', 'Quality']","['competition', 'ban', 'trump', 'style', 'started']",-0.8467,Negative
1275,V0wtNI-rzSg,"I've never heard someone pronounce ""innovative"" like that","I've never heard someone pronounce ""innovative"" like that",[],"['heard pronounce', 've heard', 'innovative like', 'pronounce innovative', 'pronounce']",0.6597,Positive
1276,V0wtNI-rzSg,That UI looks attrocious.,That UI looks attrocious.,[],"['ui looks', 'ui', 'looks']",0.0,Neutral
1277,V0wtNI-rzSg,So it looks glued on or it looks glued on.,So it looks glued on or it looks glued on.,[],"['glued', 'looks']",0.0,Neutral
1278,V0wtNI-rzSg,Screen rotation was on the fisker ocean.,Screen rotation was on the fisker ocean.,[],"['screen rotation', 'rotation', 'fisker ocean', 'ocean', 'fisker']",0.0,Neutral
1279,V0wtNI-rzSg,"However it creates a blind spot, so just a gimmick 😂","However it creates a blind spot, so just a gimmick 😂",[],"['spot', 'blind', 'blind spot', 'gimmick', 'just']",0.3182,Positive
1280,V0wtNI-rzSg,Cool feature. But unfortunately it’s a crappy EV not worth looking at,Cool feature. But unfortunately it’s a crappy EV not worth looking at,[],"['cool feature', 'unfortunately', 'crappy', 'worth', 'cool']",-0.8537,Negative
1281,V0wtNI-rzSg,Why is their software ui/UX design so lame compared to other Chinese companies?,Why is their software ui/UX design so lame compared to other Chinese companies?,['Chinese'],"['lame', 'chinese companies', 'compared', 'ui', 'companies']",-0.5598,Negative
1282,V0wtNI-rzSg,"Just dont hot a pothole. Dont have a fender bender and dont look at the suspension and running gear components made out of cheap chinese alloys.. Don't worry about the cheap af paintjob, the non-existent rustproofing or airbags that fail to deploy..
And dont worry about your money going directly into ccp coffers, so they can continue to oppress, subjugate and depress over a billion people..
Shills for the ccp are the lowest form of life on the planet. They literally make money from the misery of countless locals being told to eat bitter.. If this was the 30's these scum would be taking money of hitler and stalin","Just dont hot a pothole. Dont have a fender bender and dont look at the suspension and running gear components made out of cheap chinese alloys.. Don't worry about the cheap af paintjob, the non-existent rustproofing or airbags that fail to deploy.. And dont worry about your money going directly into ccp coffers, so they can continue to oppress, subjugate and depress over a billion people.. Shills for the ccp are the lowest form of life on the planet. They literally make money from the misery of countless locals being told to eat bitter.. If this was the 30's these scum would be taking money of hitler and stalin","['chinese', 'ccp']","['dont', 'money', 'ccp', 'cheap', 'billion']",-0.8998,Negative
1283,V0wtNI-rzSg,Innovative!? I call this lack of any kind of design. In other words - shit.,Innovative!? I call this lack of any kind of design. In other words - shit.,[],"['words', 'lack', 'kind', 'design', 'shit']",-0.5599,Negative
1284,V0wtNI-rzSg,So where's the button to hide that screen completely? Because THAT would be luxury,So where's the button to hide that screen completely? Because THAT would be luxury,[],"['hide', 'luxury', 'completely', 'button', 'screen']",-0.1779,Negative
1285,V0wtNI-rzSg,My Nokia 3110 have more resolution than that screen.,My Nokia 3110 have more resolution than that screen.,[],['screen'],0.0,Neutral
1286,V0wtNI-rzSg,"All this tech becomes old, like a computer in a year or two.","All this tech becomes old, like a computer in a year or two.",[],"['computer', 'year', 'tech', 'old', 'like']",0.3612,Positive
1287,V0wtNI-rzSg,I fucking hate touch screens. I can’t understand why they are legal. Putting defrost on requires you to look away from the road for several seconds. Worse than using a mobile phone.,I fucking hate touch screens. I can’t understand why they are legal. Putting defrost on requires you to look away from the road for several seconds. Worse than using a mobile phone.,[],"['using mobile', 'mobile phone', 'worse', 'fucking', 'legal']",-0.7645,Negative
1288,V0wtNI-rzSg,Plenty of distractions there then,Plenty of distractions there then,[],"['distractions', 'plenty']",-0.25,Negative
1289,V0wtNI-rzSg,The gear selector is copied from Porsche!,The gear selector is copied from Porsche!,['Porsche'],"['copied', 'gear']",0.0,Neutral
1290,V0wtNI-rzSg,Make sure to not spontaneously explode,Make sure to not spontaneously explode,[],"['explode', 'spontaneously', 'sure', 'make']",0.3182,Positive
1291,V0wtNI-rzSg,"And when it breaks,god help you","And when it breaks,god help you",[],"['breaks', 'god', 'help']",0.4019,Positive
1292,V0wtNI-rzSg,Really…that’s so old news 🗞️ now,Really…that’s so old news 🗞️ now,[],"['old news', 'news', 'old', 'really']",0.0,Neutral
1293,V0wtNI-rzSg,"I remember when new golfs, focuses etc were sold for 15k. I ain't paying 40k for a toy...","I remember when new golfs, focuses etc were sold for 15k. I ain't paying 40k for a toy...",[],"['15k', 'ain', 'toy', 'remember', 'paying']",0.0,Neutral
1294,V0wtNI-rzSg,Who cares about a rotating screen 😂,Who cares about a rotating screen 😂,[],"['cares', 'rotating screen', 'rotating', 'screen']",0.7096,Positive
1295,V0wtNI-rzSg,Atto 3 does this too,Atto 3 does this too,['Atto 3'],"['atto does', 'atto', 'does']",0.0,Neutral
1296,V0wtNI-rzSg,Fisker and lucid have turning screens way before this Chinese price of garbage,Fisker and lucid have turning screens way before this Chinese price of garbage,"['Fisker', 'Chinese']","['turning', 'garbage', 'price', 'way', 'screens']",0.0,Neutral
1297,V0wtNI-rzSg,"Why does a purely electric car have a massive ""transmission tunnel""....","Why does a purely electric car have a massive ""transmission tunnel""....",[],"['massive', 'electric car', 'electric', 'does', 'car']",0.0,Neutral
1298,V0wtNI-rzSg,Does it come with a life insurance?,Does it come with a life insurance?,[],"['does come', 'insurance', 'life', 'come', 'does']",0.0,Neutral
1299,V0wtNI-rzSg,"So hot, it burns for days!","So hot, it burns for days!",[],"['burns', 'hot', 'days']",0.0,Neutral
1300,V0wtNI-rzSg,Don't get burned!,Don't get burned!,[],['don'],0.0,Neutral
1301,V0wtNI-rzSg,ppl acting like the fisker ocean never existed is so fun,ppl acting like the fisker ocean never existed is so fun,[],"['ppl', 'fun', 'fisker ocean', 'ocean', 'fisker']",0.7745,Positive
1302,V0wtNI-rzSg,Ew cheap crap. As i just finished watching one of these cars wheels Falling of while driving,Ew cheap crap. As i just finished watching one of these cars wheels Falling of while driving,[],"['ew', 'falling', 'watching', 'wheels', 'crap']",-0.4939,Negative
1303,V0wtNI-rzSg,A gimmick that is considered more important than that it is a milkfloat. A phone on wheels.,A gimmick that is considered more important than that it is a milkfloat. A phone on wheels.,[],"['considered', 'important', 'wheels', 'phone', 'gimmick']",0.2716,Positive
1304,V0wtNI-rzSg,Useless function. I drive my Seal for 3/4 year now and I used it 3x. Just for showing. But I love my Seal anyway ❤,Useless function. I drive my Seal for 3/4 year now and I used it 3x. Just for showing. But I love my Seal anyway ❤,[],"['seal', 'drive seal', 'useless function', 'showing', 'function']",0.9136,Positive
1305,V0wtNI-rzSg,"F### this buy American , instead of this commi 🇨🇳,  product","F this buy American , instead of this commi 🇨🇳, product",['American'],"['product', 'instead', 'american', 'buy']",0.0,Neutral
1306,V0wtNI-rzSg,Does the ability to rotate make it easier to replace when it fails ?,Does the ability to rotate make it easier to replace when it fails ?,[],"['replace', 'ability', 'rotate', 'make', 'does']",0.3182,Positive
1307,V0wtNI-rzSg,Shits all over the ugly ass Teslas.,Shits all over the ugly ass Teslas.,['Teslas'],"['teslas', 'ass', 'ugly']",-0.872,Negative
1308,V0wtNI-rzSg,FOR FIFTY THOUSAND DOLLARS THE TABLET SPINS WOOOOOOOOO,FOR FIFTY THOUSAND DOLLARS THE TABLET SPINS WOOOOOOOOO,[],"['dollars', 'spins', 'tablet']",0.0,Neutral
1309,V0wtNI-rzSg,"Imagine having such a tedious life that you get excited about switching from landscape to portrait mode in your car, yawn.","Imagine having such a tedious life that you get excited about switching from landscape to portrait mode in your car, yawn.",[],"['landscape portrait', 'excited', 'imagine', 'life', 'portrait mode']",0.34,Positive
1310,V0wtNI-rzSg,Trash car 💩💩,Trash car 💩💩,[],"['trash', 'car']",0.0,Neutral
1311,V0wtNI-rzSg,"It should have a nice interior for 50 thousand pounds!!! It's 50 bloody thousand pounds!!! And I still don't want a giant TV screen on my dashboard, especially one that spins round.","It should have a nice interior for 50 thousand pounds!!! It's 50 bloody thousand pounds!!! And I still don't want a giant TV screen on my dashboard, especially one that spins round.",[],"['50', 'bloody', 'spins', 'round', 'giant']",-0.3591,Negative
1312,V0wtNI-rzSg,Well Fisker Ocean had it.,Well Fisker Ocean had it.,['Fisker Ocean'],"['fisker ocean', 'ocean', 'fisker']",0.2732,Positive
1313,V0wtNI-rzSg,Hopefully we can purchase a byd in Canada soon!!,Hopefully we can purchase a byd in Canada soon!!,['Canada'],"['purchase', 'hopefully', 'soon', 'canada', 'byd']",0.508,Positive
1314,V0wtNI-rzSg,"Seriously?, you being so late mate.","Seriously?, you being so late mate.",[],"['seriously', 'mate', 'late']",-0.1779,Negative
1315,V0wtNI-rzSg,"The Fisker Ocean did this, but they collapsed at launch so oh well 😂","The Fisker Ocean did this, but they collapsed at launch so oh well 😂",['The Fisker Ocean'],"['ocean did', 'oh', 'fisker ocean', 'ocean', 'did']",0.6448,Positive
1316,V0wtNI-rzSg,Perfect for reading log error while troubleshooting..😉,Perfect for reading log error while troubleshooting..😉,[],['perfect'],0.4019,Positive
1317,V0wtNI-rzSg,These cars completely crumble from rusting in 3 years,These cars completely crumble from rusting in 3 years,[],"['completely', 'years', 'cars']",0.0,Neutral
1318,V0wtNI-rzSg,What happened to cars? Why do they install gigantic TVs in them? It looks so awkward.,What happened to cars? Why do they install gigantic TVs in them? It looks so awkward.,[],"['install', 'looks', 'cars']",-0.3562,Negative
1319,V0wtNI-rzSg,"I like this car a lot, but with the screen in landscape mode, the steering wheel obstructs it. This is the only thing I don't like about it.","I like this car a lot, but with the screen in landscape mode, the steering wheel obstructs it. This is the only thing I don't like about it.",[],"['like car', 'screen landscape', 'landscape mode', 'like', 'don like']",-0.2299,Negative
1320,V0wtNI-rzSg,His voice does my head in,His voice does my head in,[],"['voice', 'head', 'does']",0.0,Neutral
1321,V0wtNI-rzSg,Yeah… no thanks,Yeah… no thanks,[],"['yeah', 'thanks']",-0.3412,Negative
1322,V0wtNI-rzSg,The Seal isn't the first Byd to do this. Heck it's not even the first manifacturer to do this... The fisker ocean did this aswell. Somebody did not do their homework hahah,The Seal isn't the first Byd to do this. Heck it's not even the first manifacturer to do this... The fisker ocean did this aswell. Somebody did not do their homework hahah,['Seal'],"['did', 'aswell', 'ocean did', 'isn', 'fisker ocean']",0.0,Neutral
1323,V0wtNI-rzSg,"Yes, it's just too fancy for me.I'm a little traditional.I want things that don't break on my vehicles and something about my screen.Spinning seems like that is gonna break sooner than it should","Yes, it's just too fancy for me.I'm a little traditional.I want things that don't break on my vehicles and something about my screen.Spinning seems like that is gonna break sooner than it should",[],"['break', 'fancy', 'traditional', 'sooner', 'spinning']",0.6395,Positive
1324,V0wtNI-rzSg,Don't want to praise but these Mfo Chinese have made some insane shit 😅,Don't want to praise but these Mfo Chinese have made some insane shit 😅,['Mfo Chinese'],"['insane', 'don want', 'shit', 'want', 'don']",-0.806,Negative
1325,V0wtNI-rzSg,I see why Tesla is in trouble,I see why Tesla is in trouble,['Tesla'],"['trouble', 'tesla']",-0.4019,Negative
1326,V0wtNI-rzSg,Back Yard Dumpster...😂,Back Yard Dumpster...😂,[],[],0.3182,Positive
1327,V0wtNI-rzSg,Wasn't Fisker the first car to do this?,Wasn't Fisker the first car to do this?,['Fisker'],"['wasn', 'fisker', 'car']",0.0,Neutral
1328,V0wtNI-rzSg,"Sorry, I like less and less tech-y stuff in my car.","Sorry, I like less and less tech-y stuff in my car.",[],"['sorry', 'stuff', 'tech', 'like', 'car']",0.296,Positive
1329,V0wtNI-rzSg,Might move to mexico so i can have affordable cars/ affordable living,Might move to mexico so i can have affordable cars/ affordable living,['mexico'],"['affordable', 'mexico', 'living', 'cars']",0.0,Neutral
1330,V0wtNI-rzSg,That dash tablet looks so cheap,That dash tablet looks so cheap,[],"['looks cheap', 'dash', 'tablet', 'cheap', 'looks']",0.0,Neutral
1331,V0wtNI-rzSg,"For under 50k top notch interior yes... they saved where you don't see it, which could be even dangerous.","For under 50k top notch interior yes... they saved where you don't see it, which could be even dangerous.",[],"['notch interior', 'notch', 'dangerous', 'yes', '50k']",0.4939,Positive
1332,V0wtNI-rzSg,I prefer no screen and more regular buttons.,I prefer no screen and more regular buttons.,[],"['regular', 'prefer', 'buttons', 'screen']",-0.296,Negative
1333,V0wtNI-rzSg,"Be honest, how much they paid you?","Be honest, how much they paid you?",[],"['honest', 'paid']",0.5106,Positive
1334,V0wtNI-rzSg,Junk Chinese garbage,Junk Chinese garbage,['Chinese'],"['chinese garbage', 'junk', 'garbage', 'chinese']",0.0,Neutral
1335,V0wtNI-rzSg,It's Chinese. It's made using coal fired electricity and possible slave labour in a Communist country. Quite innovative 💡,It's Chinese. It's made using coal fired electricity and possible slave labour in a Communist country. Quite innovative 💡,"['Chinese', 'Communist']","['slave labour', 'labour', 'slave', 'quite', 'country']",-0.1045,Negative
1336,V0wtNI-rzSg,Instrumental display is 60 dollars on AliExpress... pathetic,Instrumental display is 60 dollars on AliExpress... pathetic,['AliExpress'],"['pathetic', 'aliexpress', 'dollars', '60', 'display']",-0.5719,Negative
1337,V0wtNI-rzSg,If only their batteries were safe,If only their batteries were safe,[],"['batteries', 'safe']",0.4404,Positive
1338,V0wtNI-rzSg,"The bells and whistles are there to distract you from the shoddy workmanship of poorly secured battery packs, undersized torsion bars, and many other cost-cutting measures.  Chinese cars are just not safe.","The bells and whistles are there to distract you from the shoddy workmanship of poorly secured battery packs, undersized torsion bars, and many other cost-cutting measures. Chinese cars are just not safe.",['Chinese'],"['cutting', 'cars just', 'distract', 'safe', 'cost']",-0.2278,Negative
1339,V0wtNI-rzSg,"Another electric ""car""....👎🏻","Another electric ""car""....👎🏻",[],"['electric car', 'electric', 'car']",0.0,Neutral
1340,V0wtNI-rzSg,"I’ve never heard that pronunciation of innovative before. That’s not a criticism, but it interests me. 😊 Is that American maybe? Or UK regional?","I’ve never heard that pronunciation of innovative before. That’s not a criticism, but it interests me. 😊 Is that American maybe? Or UK regional?",['American'],"['pronunciation innovative', 've heard', 'pronunciation', 'maybe', 'american']",0.9262,Positive
1341,V0wtNI-rzSg,How are you saying inovative again????,How are you saying inovative again????,[],['saying'],0.0,Neutral
1342,V0wtNI-rzSg,Real luxury is no screens,Real luxury is no screens,[],"['luxury', 'real', 'screens']",-0.296,Negative
1343,V0wtNI-rzSg,This has definitely been done before! Fisker did it.,This has definitely been done before! Fisker did it.,['Fisker'],"['fisker did', 'definitely', 'did', 'fisker']",0.4574,Positive
1344,V0wtNI-rzSg,Strangest way I’ve ever heard “innovative” pronounced…. 😂,Strangest way I’ve ever heard “innovative” pronounced…. 😂,[],"['innovative pronounced', 'pronounced', 've heard', 'heard', 've']",0.4404,Positive
1345,V0wtNI-rzSg,"Gimmick. 

I prefer physical buttons for more operations, except the sort of pre-drive configuration type things.","Gimmick. I prefer physical buttons for more operations, except the sort of pre-drive configuration type things.",['Gimmick'],"['type', 'physical buttons', 'physical', 'prefer', 'gimmick']",0.0,Neutral
1346,V0wtNI-rzSg,Ha ha … you sounded so excited just because the tablet turns?,Ha ha … you sounded so excited just because the tablet turns?,[],"['excited', 'turns', 'tablet', 'just']",0.7855,Positive
1347,V0wtNI-rzSg,"Wow  omg the screen rotate omg omg.....driving ability, safety, ect,.. of the car who cars ...screen rotate and even obsteuct vision good.....take my money now 😂","Wow omg the screen rotate omg omg.....driving ability, safety, ect,.. of the car who cars ...screen rotate and even obsteuct vision good.....take my money now 😂",[],"['omg', 'screen rotate', 'rotate', 'vision', 'ability']",0.9153,Positive
1348,V0wtNI-rzSg,And being chinee rubbish it will stop working and continue to take your details and save it all on chinee servers,And being chinee rubbish it will stop working and continue to take your details and save it all on chinee servers,[],"['save', 'continue', 'working', 'rubbish', 'stop']",0.25,Positive
1349,V0wtNI-rzSg,And it just takes one kid grabbing that screen and it’s over,And it just takes one kid grabbing that screen and it’s over,[],"['just', 'screen']",0.0,Neutral
1350,V0wtNI-rzSg,As an American American… I love this!,As an American American… I love this!,['American'],"['american', 'love']",0.6696,Positive
1351,V0wtNI-rzSg,"Oh look, a working Fisker!  Haha","Oh look, a working Fisker! Haha",['Fisker'],"['haha', 'working', 'oh', 'look', 'fisker']",0.5093,Positive
1352,V0wtNI-rzSg,sounds like a paid post to me.,sounds like a paid post to me.,[],"['sounds like', 'sounds', 'paid', 'like']",0.3612,Positive
1353,V0wtNI-rzSg,"There are plenty of videos from China on how trash these are... Also, you know they paid this CCP commie shill
https://m.youtube.com/@ChinaInsiderWithDavidZhang","There are plenty of videos from China on how trash these are... Also, you know they paid this CCP commie shill","['China', 'CCP']","['shill', 'plenty', 'trash', 'videos', 'paid']",0.0,Neutral
1354,V0wtNI-rzSg,which patrol head is interested in the size and orientation of a touch screen?,which patrol head is interested in the size and orientation of a touch screen?,[],"['size', 'interested', 'orientation', 'head', 'touch screen']",0.4019,Positive
1355,V0wtNI-rzSg,That UI looks like a cheap wireless router webpage from the mid-2000s,That UI looks like a cheap wireless router webpage from the mid-2000s,[],"['ui looks', 'mid', 'wireless', 'like cheap', 'ui']",0.3612,Positive
1356,V0wtNI-rzSg,Another useless car feature that will break...,Another useless car feature that will break...,[],"['break', 'useless', 'feature', 'car']",-0.4215,Negative
1357,V0wtNI-rzSg,Let us support the product of the communist regime. Yes sir!!!,Let us support the product of the communist regime. Yes sir!!!,['communist'],"['product', 'support', 'communist', 'let', 'yes']",0.7412,Positive
1358,V0wtNI-rzSg,"Shmee do you have a fire insurance? Hope so, else you will lose everything in your garage. Watch out","Shmee do you have a fire insurance? Hope so, else you will lose everything in your garage. Watch out",[],"['lose', 'insurance', 'shmee', 'garage', 'watch']",-0.296,Negative
1359,V0wtNI-rzSg,The Fisker Ocean screen switches between landscape and portrait mode.,The Fisker Ocean screen switches between landscape and portrait mode.,['Fisker Ocean'],"['ocean screen', 'switches', 'landscape portrait', 'portrait mode', 'mode']",0.0,Neutral
1360,V0wtNI-rzSg,Tesla is lucky they don't got this in North America,Tesla is lucky they don't got this in North America,['North America'],"['north', 'north america', 'lucky', 'america', 'got']",0.4215,Positive
1361,V0wtNI-rzSg,I am a English speaking Russian guy. I don't understand why British accent sounds so disgusting to me.,I am a English speaking Russian guy. I don't understand why British accent sounds so disgusting to me.,"['Russian', 'British']","['disgusting', 'english', 'british', 'don understand', 'understand']",-0.656,Negative
1362,V0wtNI-rzSg,I’m going to vomit - UNSUSCRIBED,I’m going to vomit - UNSUSCRIBED,['UNSUSCRIBED'],['going'],0.0,Neutral
1363,V0wtNI-rzSg,"How do all of these YouTubers continue to partner with the Chinese brands? Do they really not know that the Chinese Communist Government helps directly fund these EV companies so that they can operate at margins no free market companies can? They are banned from the US because they are literally CHEATING the market. China's goal with this is to push out the competition, starve them, bankrupt them, and then they'll have the entire global EV market to themselves, of which they already make something like 60%. It's incredibly irresponsible of this YouTubers to spread Chinese propaganda without a second thought.","How do all of these YouTubers continue to partner with the Chinese brands? Do they really not know that the Chinese Communist Government helps directly fund these EV companies so that they can operate at margins no free market companies can? They are banned from the US because they are literally CHEATING the market. China's goal with this is to push out the competition, starve them, bankrupt them, and then they'll have the entire global EV market to themselves, of which they already make something like 60%. It's incredibly irresponsible of this YouTubers to spread Chinese propaganda without a second thought.","['YouTubers', 'Chinese', 'the Chinese Communist Government', 'China']","['market', 'companies', 'chinese', 'ev', 'propaganda']",-0.9516,Negative
1364,V0wtNI-rzSg,Keep your hands to yourself,Keep your hands to yourself,[],['hands'],0.0,Neutral
1365,V0wtNI-rzSg,"Wow!? And why or for what do you need this, absolute senseless bs....","Wow!? And why or for what do you need this, absolute senseless bs....",[],"['bs', 'absolute', 'need', 'wow']",0.6239,Positive
1366,V0wtNI-rzSg,I remember going to the car dealership and thinking the salesman was a jerk because he always had to point out to me the vanity mirrors above the driver seat and extra cupholders…. Never even considering the fact that I was more concerned with the safety of the vehicle,I remember going to the car dealership and thinking the salesman was a jerk because he always had to point out to me the vanity mirrors above the driver seat and extra cupholders…. Never even considering the fact that I was more concerned with the safety of the vehicle,[],"['thinking', 'considering', 'driver seat', 'remember', 'extra']",-0.128,Negative
1367,V0wtNI-rzSg,Good luck trying to fix it ...,Good luck trying to fix it ...,[],"['trying', 'luck', 'good luck', 'fix', 'good']",0.7096,Positive
1368,V0wtNI-rzSg,"I don't trust Chinese crap
..",I don't trust Chinese crap ..,['Chinese'],"['trust chinese', 'trust', 'chinese crap', 'crap', 'don']",-0.1326,Negative
1369,V0wtNI-rzSg,In ovitive. Bless.,In ovitive. Bless.,[],[],0.4215,Positive
1370,V0wtNI-rzSg,ccp make tofu dregs,ccp make tofu dregs,['ccp'],"['tofu', 'ccp', 'make']",0.0,Neutral
1371,V0wtNI-rzSg,I wish we could get these in the states,I wish we could get these in the states,[],"['states', 'wish']",0.4019,Positive
1372,V0wtNI-rzSg,"Dude, it's just a rotation screen","Dude, it's just a rotation screen",[],"['rotation', 'dude', 'just', 'screen']",0.0,Neutral
1373,V0wtNI-rzSg,"Made in China is a warning, not a label. Give it 5 months it’ll break.","Made in China is a warning, not a label. Give it 5 months it’ll break.",['China'],"['warning', 'months', 'break', 'll', 'china']",-0.34,Negative
1374,V0wtNI-rzSg,The steering wheel is in the wrong side WTF,The steering wheel is in the wrong side WTF,['WTF'],"['wtf', 'wheel wrong', 'steering wheel', 'steering', 'wrong']",-0.824,Negative
1375,V0wtNI-rzSg,"What? 50K, that's a 15K auto in China.","What? 50K, that's a 15K auto in China.",['China'],"['15k', 'auto', '50k', 'china']",0.0,Neutral
1376,V0wtNI-rzSg,"This is incredible, it's like then you turn your iPad from horizontal to portrait! How did they think of that!?","This is incredible, it's like then you turn your iPad from horizontal to portrait! How did they think of that!?",['iPad'],"['horizontal', 'incredible', 'ipad', 'turn', 'portrait']",0.5207,Positive
1377,V0wtNI-rzSg,wth is INORVATIVE cant even speak English properly for christs sake,wth is INORVATIVE cant even speak English properly for christs sake,[],"['properly', 'sake', 'english']",-0.5267,Negative
1378,V0wtNI-rzSg,"My stepmom had the Song Plus and it does this too, pretty cool!","My stepmom had the Song Plus and it does this too, pretty cool!",[],"['song', 'plus', 'pretty', 'cool', 'does']",0.6996,Positive
1379,V0wtNI-rzSg,"Fisker Ocean had this ages ago plus solar roof...... however Tesla must have been behind their downfall, unfortunately....","Fisker Ocean had this ages ago plus solar roof...... however Tesla must have been behind their downfall, unfortunately....",['Fisker Ocean'],"['roof', 'unfortunately', 'ages', 'plus', 'ago']",-0.34,Negative
1380,V0wtNI-rzSg,"The screen?
Really? That’s old already.
What about the other features?",The screen? Really? That’s old already. What about the other features?,[],"['features', 'old', 'really', 'screen']",0.0,Neutral
1381,V0wtNI-rzSg,So you finally bought a silent vacuum cleaner. Good for you.,So you finally bought a silent vacuum cleaner. Good for you.,[],"['vacuum', 'finally', 'bought', 'good']",0.5574,Positive
1382,V0wtNI-rzSg,I have never ever used my tablet vertical.,I have never ever used my tablet vertical.,[],"['vertical', 'used', 'tablet']",0.0,Neutral
1383,V0wtNI-rzSg,"The question, is it going to last?","The question, is it going to last?",[],"['question', 'going']",0.0,Neutral
1384,V0wtNI-rzSg,Fisker Ocean also does it🥶,Fisker Ocean also does it🥶,['Fisker Ocean'],"['ocean does', 'fisker ocean', 'ocean', 'fisker', 'does']",0.0,Neutral
1385,V0wtNI-rzSg,The spinning screen will wobble after 5 years of Aussie roads,The spinning screen will wobble after 5 years of Aussie roads,['Aussie'],"['spinning screen', 'roads', 'spinning', 'years', 'screen']",0.0,Neutral
1386,V0wtNI-rzSg,in this case landscape provides better view out of the car :-),in this case landscape provides better view out of the car :-),[],"['provides', 'case', 'view', 'landscape', 'better']",0.6369,Positive
1387,V0wtNI-rzSg,Where is the clutch?,Where is the clutch?,[],[],0.0,Neutral
1388,V0wtNI-rzSg,Sad is people thinking this is “innovation “,Sad is people thinking this is “innovation “,[],"['thinking', 'innovation', 'sad', 'people']",-0.4767,Negative
1389,V0wtNI-rzSg,Ah bhe allora,Ah bhe allora,[],['ah'],0.0,Neutral
1390,V0wtNI-rzSg,New model Y is insane,New model Y is insane,[],"['insane', 'new model', 'new', 'model']",-0.4019,Negative
1391,V0wtNI-rzSg,How much you getting paid for this dumb AD? lol,How much you getting paid for this dumb AD? lol,[],"['getting paid', 'ad', 'dumb', 'getting', 'paid']",-0.2675,Negative
1392,V0wtNI-rzSg,This is dumb and unnecessary TBH,This is dumb and unnecessary TBH,['TBH'],"['tbh', 'unnecessary', 'dumb']",-0.5106,Negative
1393,V0wtNI-rzSg,"I mean, yes, few cars do that. But there is also no need to do it. The buttons look cheap to me but I guess it's a decent car. And it costs half of my car so it has to be cheaper in some aspects. No hate but it's not for me. Wouldn't want to drive a BYD. At least not yet.","I mean, yes, few cars do that. But there is also no need to do it. The buttons look cheap to me but I guess it's a decent car. And it costs half of my car so it has to be cheaper in some aspects. No hate but it's not for me. Wouldn't want to drive a BYD. At least not yet.",['BYD'],"['guess', 'costs', 'decent', 'wouldn', 'mean']",0.4047,Positive
1394,V0wtNI-rzSg,"i,wish more car brands would do it. 
portait is much better for navigation. 
landscape is only useful for stationary use while charging for some entertainment but takes too much space during the drive and the extreme side of it is barely usable as it’s too far away from you. 
sure you can spli in two the landscape but yet the half that is,far away from you is useless","i,wish more car brands would do it. portait is much better for navigation. landscape is only useful for stationary use while charging for some entertainment but takes too much space during the drive and the extreme side of it is barely usable as it’s too far away from you. sure you can spli in two the landscape but yet the half that is,far away from you is useless",[],"['away', 'far', 'landscape', 'car brands', 'navigation']",0.4678,Positive
1395,V0wtNI-rzSg,"You are supposed to concentrate on the road when driving, NOT playing with 'apps and things' on the cinema screen.","You are supposed to concentrate on the road when driving, NOT playing with 'apps and things' on the cinema screen.",[],"['supposed', 'playing', 'apps', 'road', 'things']",-0.1511,Negative
1396,V0wtNI-rzSg,the cockpit is the only thing I do not like at BYD. completely overloaded,the cockpit is the only thing I do not like at BYD. completely overloaded,['BYD'],"['cockpit', 'like byd', 'completely', 'thing', 'like']",-0.2755,Negative
1397,V0wtNI-rzSg,How else could a driver shoot tictoks while driving and dancing? Essential feature!,How else could a driver shoot tictoks while driving and dancing? Essential feature!,[],"['dancing', 'driver', 'driving', 'feature']",-0.4003,Negative
1398,V0wtNI-rzSg,So many vacuum cleaners in the garage??,So many vacuum cleaners in the garage??,[],"['vacuum', 'garage']",0.0,Neutral
1399,V0wtNI-rzSg,A spinny screen 😮 what have we become as a species 🤦‍♂️,A spinny screen 😮 what have we become as a species 🤦‍♂️,[],['screen'],0.0,Neutral
1400,V0wtNI-rzSg,"love BYD for their innovation in the EV sector in general, but thats the most pointless, ridiculous feature ive seen in a long time :-D","love BYD for their innovation in the EV sector in general, but thats the most pointless, ridiculous feature ive seen in a long time :-D",['BYD'],"['general', 'long time', 'ive', 'innovation', 'thats']",0.7416,Positive
1401,V0wtNI-rzSg,"I appreciate what BYD is doing. I still prefer my Tesla , the tech is awesome and works seemless. I also love the minimalist design and having no buttons. This car is to cluttered. 
United States","I appreciate what BYD is doing. I still prefer my Tesla , the tech is awesome and works seemless. I also love the minimalist design and having no buttons. This car is to cluttered. United States","['BYD', 'Tesla', 'United States']","['appreciate', 'united', 'united states', 'byd doing', 'works']",0.9118,Positive
1402,V0wtNI-rzSg,"Stupid feature to get excited about,  but hey,  when you're rich,  you don't need to be  anything else but a shill","Stupid feature to get excited about, but hey, when you're rich, you don't need to be anything else but a shill",[],"['rich', 'shill', 'excited', 'don need', 'hey']",0.6597,Positive
1403,V0wtNI-rzSg,American here.  Glad I invested in BYD a couple years ago.  Glad I sold ALL my Tesla stocks.  F Elon.  I wish we could get  BYD cars here.,American here. Glad I invested in BYD a couple years ago. Glad I sold ALL my Tesla stocks. F Elon. I wish we could get BYD cars here.,"['American', 'BYD', 'Tesla', 'F Elon']","['glad', 'couple years', 'couple', 'elon', 'years ago']",0.8271,Positive
1404,V0wtNI-rzSg,"Thought Chinese were smart but they put the steering wheel on the WRONG side, DUH!!!!","Thought Chinese were smart but they put the steering wheel on the WRONG side, DUH!!!!","['Chinese', 'DUH']","['smart', 'thought', 'wheel wrong', 'steering wheel', 'steering']",-0.7627,Negative
1405,V0wtNI-rzSg,"What about brakes, suspension, handling, safety who gives a s..t about a rotating screen.","What about brakes, suspension, handling, safety who gives a s..t about a rotating screen.",[],"['gives', 'handling', 'suspension', 'safety', 'rotating screen']",0.4215,Positive
1406,V0wtNI-rzSg,Yea that deff won’t break and become an annoyance quick,Yea that deff won’t break and become an annoyance quick,[],"['yea', 'quick', 'won', 'break']",-0.3182,Negative
1407,V0wtNI-rzSg,This was BYD's party trick about 3 years ago.,This was BYD's party trick about 3 years ago.,['BYD'],"['party trick', 'trick', 'party', 'years ago', 'ago']",0.3612,Positive
1408,V0wtNI-rzSg,Looks great till it sets fire 🔥,Looks great till it sets fire 🔥,[],"['till', 'looks great', 'great', 'looks']",0.0772,Positive
1409,V0wtNI-rzSg,Not the only car to do this,Not the only car to do this,[],['car'],0.0,Neutral
1410,V0wtNI-rzSg,BYD gonna destroy their entire economy and they have no clue but I’m happy they now have cheap affordable nice cars.,BYD gonna destroy their entire economy and they have no clue but I’m happy they now have cheap affordable nice cars.,['BYD'],"['economy', 'happy', 'affordable', 'entire', 'destroy']",0.7845,Positive
1411,V0wtNI-rzSg,Nice Chinese Tesla you have there,Nice Chinese Tesla you have there,['Chinese'],"['nice', 'tesla', 'chinese']",0.4215,Positive
1412,V0wtNI-rzSg,A fight or play with your girlfriend and you'll need a new tablet that probably costs $1000s to fix,A fight or play with your girlfriend and you'll need a new tablet that probably costs $1000s to fix,[],"['girlfriend', 'costs', 'fix', 'play', 'probably']",-0.0516,Negative
1413,V0wtNI-rzSg,It's cheap chinese shit. Shmee taking that dirty chinese money.,It's cheap chinese shit. Shmee taking that dirty chinese money.,['chinese'],"['chinese shit', 'chinese', 'taking', 'cheap chinese', 'shmee']",-0.7579,Negative
1414,V0wtNI-rzSg,Mind blowing 😂,Mind blowing 😂,[],['mind'],0.4404,Positive
1415,V0wtNI-rzSg,I want BYD in America just so that they can bury Tesla where they stand.,I want BYD in America just so that they can bury Tesla where they stand.,"['America', 'Tesla']","['stand', 'america', 'want', 'just', 'tesla']",0.0772,Positive
1416,V0wtNI-rzSg,They have most of their cars gathering dust and rust in China. Nobody buying them.,They have most of their cars gathering dust and rust in China. Nobody buying them.,['China'],"['rust', 'buying', 'china', 'cars']",0.0,Neutral
1417,V0wtNI-rzSg,"No, no, & hell no. Too many bloody screens. Swap all that crap out for some good old fashioned buttons. They're seriously distracting & not safe at all. It's a car, not a chuffing cinema room.","No, no, & hell no. Too many bloody screens. Swap all that crap out for some good old fashioned buttons. They're seriously distracting & not safe at all. It's a car, not a chuffing cinema room.",[],"['swap', 'bloody', 'room', 'safe', 'distracting']",-0.9101,Negative
1418,V0wtNI-rzSg,"BYD makes good Rice Cookers, but cars.... 1/10","BYD makes good Rice Cookers, but cars.... 1/10","['BYD', 'Rice Cookers']","['byd makes', 'makes', '10', 'good', 'cars']",0.2382,Positive
1419,V0wtNI-rzSg,worth 5k max not 50k jesus,worth 5k max not 50k jesus,"['max', 'jesus']","['max', 'worth', '50k']",0.2263,Positive
1420,V0wtNI-rzSg,Effing screens... Can’t wait to get past this era. We have enough screens in our lives,Effing screens... Can’t wait to get past this era. We have enough screens in our lives,[],"['screens', 'era', 'past', 'wait']",0.0,Neutral
1421,V0wtNI-rzSg,In nah va tive?,In nah va tive?,[],"['va', 'nah', 'tive']",-0.1027,Negative
1422,V0wtNI-rzSg,We want it in Canada,We want it in Canada,['Canada'],"['canada', 'want']",0.0772,Positive
1423,V0wtNI-rzSg,Look i dont really like new cars let alone electric bit europe and the US have some catching up to do with these new electric cars coming from China,Look i dont really like new cars let alone electric bit europe and the US have some catching up to do with these new electric cars coming from China,"['europe', 'China']","['electric', 'new', 'really like', 'cars', 'new cars']",-0.515,Negative
1424,V0wtNI-rzSg,It looks cheap and overloaded with the disgusting piano black elements 🤮,It looks cheap and overloaded with the disgusting piano black elements 🤮,[],"['disgusting', 'looks cheap', 'piano black', 'piano', 'black']",-0.5267,Negative
1425,V0wtNI-rzSg,Ach their interface is sucks,Ach their interface is sucks,['Ach'],"['sucks', 'interface']",-0.3612,Negative
1426,V0wtNI-rzSg,"Top notch interior ? Maybe For gen “I’ve had a iPad in my face since birth “ a 15 year old Lexus has a nicer higher quality interior than the byd’s i sat in at local dealer , I decided I’d build my dream elsewhere .  I do like the look of the car though so I’m not a hater ! Just a person that appreciates proper quality hence I’ll be heading to Lexus","Top notch interior ? Maybe For gen “I’ve had a iPad in my face since birth “ a 15 year old Lexus has a nicer higher quality interior than the byd’s i sat in at local dealer , I decided I’d build my dream elsewhere . I do like the look of the car though so I’m not a hater ! Just a person that appreciates proper quality hence I’ll be heading to Lexus","['iPad', 'Lexus']","['lexus', 'quality', 'interior', 'gen', 'look car']",0.9205,Positive
1427,V0wtNI-rzSg,"From a vid from China from customers, byd is by far the worst quality ev. It's getting so bad that byd is suing yters reviewing and NOT recommending byd cars.","From a vid from China from customers, byd is by far the worst quality ev. It's getting so bad that byd is suing yters reviewing and NOT recommending byd cars.",['China'],"['byd', 'customers byd', 'worst', 'customers', 'far']",-0.8932,Negative
1428,V0wtNI-rzSg,BYD pisses all over a Tesla !,BYD pisses all over a Tesla !,"['BYD', 'Tesla']","['tesla', 'byd']",-0.4003,Negative
1429,V0wtNI-rzSg,All the BYD's do that.,All the BYD's do that.,['BYD'],['byd'],0.0,Neutral
1430,V0wtNI-rzSg,"Nooo, Shmee.... Et tu, Brute?
 I am European, and I believe promoting cheap Chinese car brands is not good for all of us. Yes, you might get something ""cheaper"", but is it really? I believe anyone who buys these Chinese brands is in a way a traitor to our way of life.","Nooo, Shmee.... Et tu, Brute? I am European, and I believe promoting cheap Chinese car brands is not good for all of us. Yes, you might get something ""cheaper"", but is it really? I believe anyone who buys these Chinese brands is in a way a traitor to our way of life.","['Nooo', 'Shmee', 'Brute', 'European', 'Chinese']","['believe', 'brands', 'way', 'car brands', 'buys']",0.3087,Positive
1431,V0wtNI-rzSg,one thing i'll definitely give to the chinese ev makers over western ones is they're the only ones who seem to be able to make an electric car that doesnt look like crap.,one thing i'll definitely give to the chinese ev makers over western ones is they're the only ones who seem to be able to make an electric car that doesnt look like crap.,['chinese'],"['ones', 'makers', 'doesnt', 'western', 'chinese ev']",0.4164,Positive
1432,V0wtNI-rzSg,Perfect car for Democrats.,Perfect car for Democrats.,['Democrats'],"['perfect', 'car']",0.5719,Positive
1433,V0wtNI-rzSg,Steering wheel on the wrong side ;),Steering wheel on the wrong side ;),[],"['wheel wrong', 'steering wheel', 'steering', 'wrong', 'wheel']",-0.296,Negative
1434,V0wtNI-rzSg,Fisker had that. It's not new,Fisker had that. It's not new,['Fisker'],"['new', 'fisker']",0.0,Neutral
1435,V0wtNI-rzSg,I hate living in America. I have a Tesla and wish I could get something like this instead.,I hate living in America. I have a Tesla and wish I could get something like this instead.,"['America', 'Tesla']","['living', 'instead', 'america', 'wish', 'hate']",0.128,Positive
1436,V0wtNI-rzSg,Very Nice Automobile can't wait to they come to America  BYD aka as the Tesla killer which is a good thing,Very Nice Automobile can't wait to they come to America BYD aka as the Tesla killer which is a good thing,"['Very Nice Automobile', 'America', 'Tesla']","['tesla killer', 'killer', 'america', 'come', 'wait']",0.1761,Positive
1437,V0wtNI-rzSg,Buy 1 for me please millionaire man,Buy 1 for me please millionaire man,[],"['man', 'buy']",0.3182,Positive
1438,V0wtNI-rzSg,A useful feature for me as I'm a Portrait Gardener...,A useful feature for me as I'm a Portrait Gardener...,[],"['useful', 'portrait', 'feature']",0.4404,Positive
1439,V0wtNI-rzSg,A completely useless feature doesn’t make the car incredible,A completely useless feature doesn’t make the car incredible,[],"['make car', 'incredible', 'useless feature', 'completely', 'doesn']",-0.4754,Negative
1440,V0wtNI-rzSg,The BYD shark has this and im typing this off the screen waitng in the car park,The BYD shark has this and im typing this off the screen waitng in the car park,['BYD'],"['byd shark', 'park', 'shark', 'im', 'screen']",0.0,Neutral
1441,V0wtNI-rzSg,"Not the only car that does that. 
The Fisker did it.",Not the only car that does that. The Fisker did it.,['Fisker'],"['car does', 'fisker did', 'did', 'fisker', 'does']",0.0,Neutral
1442,V0wtNI-rzSg,"So its a performing seal
...belongs in a circus....",So its a performing seal ...belongs in a circus....,[],['seal'],0.0,Neutral
1443,V0wtNI-rzSg,Just another thing uneeded that will break and cost money to repair,Just another thing uneeded that will break and cost money to repair,[],"['repair', 'cost', 'break', 'money', 'thing']",0.0,Neutral
1444,V0wtNI-rzSg,"BYD puts rotating screen in thier cars since like 5-6 years at least. The low cost versions of cheep models have rotating small screen that can be turned by hand only, so now every BYD model have it.","BYD puts rotating screen in thier cars since like 5-6 years at least. The low cost versions of cheep models have rotating small screen that can be turned by hand only, so now every BYD model have it.",['BYD'],"['rotating', 'screen turned', 'small screen', 'puts', 'like years']",0.5574,Positive
1445,V0wtNI-rzSg,"Yay China. Yay..  not really. Regime? Yes it is

Not my dream",Yay China. Yay.. not really. Regime? Yes it is Not my dream,['China'],"['dream', 'yes', 'really', 'china']",0.5568,Positive
1446,V0wtNI-rzSg,"It doesn't have a front camera, yet it has a hole punch cutout in software!","It doesn't have a front camera, yet it has a hole punch cutout in software!",[],"['hole', 'camera', 'software', 'doesn']",0.0,Neutral
1447,V0wtNI-rzSg,Said it before and will say it again. All the new stuff looks rubbish. Electric cars look rubbish. Not interested at all. Looks like a toy I would buy my kid to play with.,Said it before and will say it again. All the new stuff looks rubbish. Electric cars look rubbish. Not interested at all. Looks like a toy I would buy my kid to play with.,[],"['rubbish', 'looks', 'cars look', 'interested', 'toy']",0.3903,Positive
1448,V0wtNI-rzSg,Hows the driving? Isnt that what matters most in cars?,Hows the driving? Isnt that what matters most in cars?,[],"['isnt', 'driving', 'cars']",-0.1114,Negative
1449,V0wtNI-rzSg,BYD > Tesla,BYD > Tesla,[],"['byd tesla', 'tesla', 'byd']",0.0,Neutral
1450,V0wtNI-rzSg,"jesus ,being surrounded with all this screens everywhere is just insane. It doesn't look cool or classy it's just there in your face, huge screen in the middle of a car next to a smaller screen at steering wheel. Ridiculous that's what it is.","jesus ,being surrounded with all this screens everywhere is just insane. It doesn't look cool or classy it's just there in your face, huge screen in the middle of a car next to a smaller screen at steering wheel. Ridiculous that's what it is.",['jesus'],"['just', 'doesn look', 'screen steering', 'face', 'insane']",-0.2411,Negative
1451,V0wtNI-rzSg,Still to big of a screen fkin watch a football match on that no issues,Still to big of a screen fkin watch a football match on that no issues,[],"['match', 'big screen', 'issues', 'watch', 'big']",-0.296,Negative
1452,V0wtNI-rzSg,LG from almost a decade ago has entered the chat,LG from almost a decade ago has entered the chat,[],"['decade', 'ago']",0.0,Neutral
1453,V0wtNI-rzSg,IN -OVATIVE ??? strange pronunciation!!!,IN -OVATIVE ??? strange pronunciation!!!,[],['pronunciation'],-0.4966,Negative
1454,V0wtNI-rzSg,Fisker Oceans have the same feature,Fisker Oceans have the same feature,['Fisker Oceans'],"['feature', 'fisker']",0.0,Neutral
1455,V0wtNI-rzSg,"Good ya found it, yet it is a wrong statement as most BYD vehicles shares that same 15.6 inch rotating Touch Screen.","Good ya found it, yet it is a wrong statement as most BYD vehicles shares that same 15.6 inch rotating Touch Screen.","['BYD', 'Touch Screen']","['statement', 'ya', 'touch screen', '15', 'vehicles']",0.3102,Positive
1456,V0wtNI-rzSg,Piece of crap from china you can't get fixed..uk,Piece of crap from china you can't get fixed..uk,['china'],"['fixed', 'piece', 'uk', 'crap', 'china']",-0.3818,Negative
1457,V0wtNI-rzSg,Can you dump the silly stuff at my place please 😄,Can you dump the silly stuff at my place please 😄,[],"['place', 'silly stuff', 'silly', 'stuff']",0.6486,Positive
1458,V0wtNI-rzSg,I really hate all those screens. It looks like they forgot about it after designing the dashboard and then said hey we need a screen here. Really please bring buttons back.,I really hate all those screens. It looks like they forgot about it after designing the dashboard and then said hey we need a screen here. Really please bring buttons back.,[],"['really', 'need screen', 'forgot', 'dashboard', 'hey']",0.0258,Neutral
1459,V0wtNI-rzSg,"Whahahaha 350 miles range in reality that's gonna be 200 miles for a car made by 2 million slaves en millions other underpaid Chinese workers.
I would give 50.000 to a communist country if my life depends on it.",Whahahaha 350 miles range in reality that's gonna be 200 miles for a car made by 2 million slaves en millions other underpaid Chinese workers. I would give 50.000 to a communist country if my life depends on it.,"['Whahahaha 350 miles', 'Chinese']","['miles', 'en', 'reality', 'miles range', '350 miles']",0.0,Neutral
1460,V0wtNI-rzSg,Isn’t it a button you’ll press maybe twice. Then decide you like landscape because it doesn’t block the view out and never touch it again?,Isn’t it a button you’ll press maybe twice. Then decide you like landscape because it doesn’t block the view out and never touch it again?,[],"['button ll', 'block view', 'twice', 'block', 'press']",-0.1027,Negative
1461,V0wtNI-rzSg,That's the time I've heard innovative pronounced like that.,That's the time I've heard innovative pronounced like that.,[],"['time ve', 'innovative pronounced', 'pronounced', 've heard', 'heard']",0.6597,Positive
1462,V0wtNI-rzSg,"Trouble is, unless other reviewers are mistaken, Android Auto and Apple CarPlay only work in landscape? If so, rotation is a gimmick for many people.","Trouble is, unless other reviewers are mistaken, Android Auto and Apple CarPlay only work in landscape? If so, rotation is a gimmick for many people.","['Android Auto', 'Apple CarPlay']","['trouble', 'reviewers', 'unless', 'auto apple', 'rotation']",-0.6369,Negative
1463,V0wtNI-rzSg,"Model 3 killer. Hands down. Simply better tech, better bettery amd way way more secure battery.

Also, because is designed and manufactured in China is cheaper (not that money is an issue, at least fir me) bit is just a Better Car.

(That rotating screen it's ""meh"" for me tbh all BYDs do it... even the entry level one)","Model 3 killer. Hands down. Simply better tech, better bettery amd way way more secure battery. Also, because is designed and manufactured in China is cheaper (not that money is an issue, at least fir me) bit is just a Better Car. (That rotating screen it's ""meh"" for me tbh all BYDs do it... even the entry level one)","['Model 3', 'China']","['better', 'way', 'hands', 'tbh', 'better car']",0.6997,Positive
1464,V0wtNI-rzSg,"Wow, look at that. Even more things to go wrong and cost you money.","Wow, look at that. Even more things to go wrong and cost you money.",[],"['things wrong', 'cost', 'things', 'money', 'wrong']",0.1779,Positive
1465,V0wtNI-rzSg,This looks like a Hyundai lol. No thanks.,This looks like a Hyundai lol. No thanks.,['Hyundai'],"['hyundai', 'thanks', 'lol', 'looks like', 'looks']",0.4393,Positive
1466,V0wtNI-rzSg,What is BYD paying you Schmee?,What is BYD paying you Schmee?,['Schmee'],"['schmee', 'paying', 'byd']",0.0,Neutral
1467,V0wtNI-rzSg,The Fisker Ocean had this feature before BYD,The Fisker Ocean had this feature before BYD,"['The Fisker Ocean', 'BYD']","['ocean feature', 'fisker ocean', 'feature', 'ocean', 'fisker']",0.0,Neutral
1468,V0wtNI-rzSg,Who says innovative like that?? Fuck sake,Who says innovative like that?? Fuck sake,[],"['sake', 'fuck', 'says', 'innovative like', 'innovative']",0.3094,Positive
1469,V0wtNI-rzSg,Fisker Ocean did it before byd,Fisker Ocean did it before byd,['Fisker Ocean'],"['did byd', 'ocean did', 'fisker ocean', 'ocean', 'did']",0.0,Neutral
1470,V0wtNI-rzSg,Learn to say innovative properly plank,Learn to say innovative properly plank,[],"['properly', 'learn', 'say innovative', 'say', 'innovative']",0.4404,Positive
1471,V0wtNI-rzSg,looks like s*** 🤔,looks like s*** 🤔,[],"['looks like', 'looks', 'like']",0.3612,Positive
1472,V0wtNI-rzSg,I like what they did with the display its not fixed to one position cause some of us hates the portrait we prefer a landscape,I like what they did with the display its not fixed to one position cause some of us hates the portrait we prefer a landscape,[],"['fixed', 'cause', 'position', 'hates', 'prefer']",-0.1027,Negative
1473,V0wtNI-rzSg,Bad chinese software 🤣 one of the most important features for a electric vehicle...,Bad chinese software 🤣 one of the most important features for a electric vehicle...,['chinese'],"['electric vehicle', 'important', 'features', 'software', 'bad']",0.2006,Positive
1474,V0wtNI-rzSg,Front end looks beautiful,Front end looks beautiful,['Front'],"['beautiful', 'end', 'looks']",0.5994,Positive
1475,V0wtNI-rzSg,we have these cars in mexico and they are utter crap. They breakdown easily and there’s no spare parts in months,we have these cars in mexico and they are utter crap. They breakdown easily and there’s no spare parts in months,['mexico'],"['spare', 'easily', 'mexico', 'months', 'parts']",-0.4005,Negative
1476,V0wtNI-rzSg,Did BYD work with Hyundai? Because that instrument cluster looks to be a 1 to 1 for the Ionic 5 and 6 cluster,Did BYD work with Hyundai? Because that instrument cluster looks to be a 1 to 1 for the Ionic 5 and 6 cluster,['Hyundai'],"['hyundai', 'did byd', 'work', 'did', 'looks']",0.0,Neutral
1477,V0wtNI-rzSg,"Oh gosh. We used to talk about horse power, and shit. Now, we are talking R O T A T I N G  T A B L E T S","Oh gosh. We used to talk about horse power, and shit. Now, we are talking R O T A T I N G T A B L E T S",[],"['talking', 'power', 'talk', 'oh', 'used']",0.0343,Neutral
1478,V0wtNI-rzSg,The question is would you buy it once the warranty runs out,The question is would you buy it once the warranty runs out,[],"['warranty', 'question', 'buy']",0.0,Neutral
1479,V0wtNI-rzSg,These americans here are not ready to be crushed by china in endless ways in the coming years. Usa lost,These americans here are not ready to be crushed by china in endless ways in the coming years. Usa lost,"['americans', 'china']","['ready', 'lost', 'usa', 'americans', 'coming']",-0.7359,Negative
1480,V0wtNI-rzSg,"Most ' Chinese garbage, it cant stand up to Tesla' comments coming from Americans who haven't seen or driven one. The positive comments from people who own/drive it .
Tells you a lot about the car.","Most ' Chinese garbage, it cant stand up to Tesla' comments coming from Americans who haven't seen or driven one. The positive comments from people who own/drive it . Tells you a lot about the car.","['Chinese', 'Tesla', 'Americans']","['comments', 'chinese garbage', 'people drive', 'haven', 'stand']",0.5574,Positive
1481,V0wtNI-rzSg,I hope you bought shares in them they are going to take over the world... Tesla is totally screwed now 😂,I hope you bought shares in them they are going to take over the world... Tesla is totally screwed now 😂,[],"['totally', 'bought', 'hope', 'world', 'going']",0.5434,Positive
1482,V0wtNI-rzSg,This is where you know shmee is corrupted like the Chinese government,This is where you know shmee is corrupted like the Chinese government,['Chinese'],"['like chinese', 'chinese government', 'shmee', 'government', 'know']",0.3612,Positive
1483,V0wtNI-rzSg,So when are you getting yourself a Mahindra XEV 9e Pack 3?,So when are you getting yourself a Mahindra XEV 9e Pack 3?,[],['getting'],0.0,Neutral
1484,V0wtNI-rzSg,Not new or unique. The Fisker Ocean does this.,Not new or unique. The Fisker Ocean does this.,['The Fisker Ocean'],"['ocean does', 'unique', 'fisker ocean', 'new', 'ocean']",0.0,Neutral
1485,V0wtNI-rzSg,American is screaming for BYD.,American is screaming for BYD.,"['American', 'BYD']","['screaming', 'american', 'byd']",-0.3818,Negative
1486,V0wtNI-rzSg,"Wow, the screen rotates. I’m sold. Who cares about not being able to escape a burning car or polluting the world with more unnecessary tech junk that we don’t need. A screen rotates because I press a button? I’ll have 10 please","Wow, the screen rotates. I’m sold. Who cares about not being able to escape a burning car or polluting the world with more unnecessary tech junk that we don’t need. A screen rotates because I press a button? I’ll have 10 please",[],"['screen rotates', 'rotates', 'burning', 'button ll', 'wow screen']",0.8689,Positive
1487,V0wtNI-rzSg,"Yeah nice looking car but if u watch the real reviews from china, the structural parts are made out of plastic and byd uses 0.3mm streel panels instead of 0.8mm like most european cars. Tbats why the cars are cheaper.","Yeah nice looking car but if u watch the real reviews from china, the structural parts are made out of plastic and byd uses 0.3mm streel panels instead of 0.8mm like most european cars. Tbats why the cars are cheaper.","['china', '0.3mm', 'european']","['nice looking', 'looking car', 'uses', 'cars', 'plastic']",0.6956,Positive
1488,V0wtNI-rzSg,you are telling me that rotating screen is enough of a function to sell these ?,you are telling me that rotating screen is enough of a function to sell these ?,[],"['function', 'sell', 'rotating screen', 'rotating', 'screen']",0.0,Neutral
1489,V0wtNI-rzSg,Influences are paid to promote these crap Chinese cars.,Influences are paid to promote these crap Chinese cars.,['Chinese'],"['chinese cars', 'paid', 'crap', 'cars', 'chinese']",0.0,Neutral
1490,V0wtNI-rzSg,Wrong - Multiple BYD cars do this not just the Seal and have done for a few years,Wrong - Multiple BYD cars do this not just the Seal and have done for a few years,['Seal'],"['just seal', 'multiple', 'cars just', 'byd cars', 'wrong']",-0.4767,Negative
1491,V0wtNI-rzSg,Big fat woop,Big fat woop,[],['big'],0.0,Neutral
1492,V0wtNI-rzSg,IN-NOV-ATIV???!!! Since when do we say it like that 😂,IN-NOV-ATIV???!!! Since when do we say it like that 😂,[],"['nov', 'say', 'like']",0.7793,Positive
1493,V0wtNI-rzSg,Where are them sinophobic merikkans at? 👀,Where are them sinophobic merikkans at? 👀,[],[],0.0,Neutral
1494,V0wtNI-rzSg,Didn't Bentley do this?,Didn't Bentley do this?,['Bentley'],"['bentley', 'didn']",0.0,Neutral
1495,V0wtNI-rzSg,This car is already considered outdated in China,This car is already considered outdated in China,['China'],"['considered', 'china', 'car']",0.0,Neutral
1496,V0wtNI-rzSg,Car drives so Bad...,Car drives so Bad...,[],"['drives', 'bad', 'car']",-0.6696,Negative
1497,V0wtNI-rzSg,"I've never heard the word innovative mispronounced like that before, that's a new one on me.","I've never heard the word innovative mispronounced like that before, that's a new one on me.",[],"['word innovative', 'word', 've heard', 'heard', 've']",0.6597,Positive
1498,V0wtNI-rzSg,“In nov a tiv” ?,“In nov a tiv” ?,[],"['nov tiv', 'nov', 'tiv']",0.0,Neutral
1499,V0wtNI-rzSg,How much “under 50k”? For me it would have to be about 49k under. 😂.,How much “under 50k”? For me it would have to be about 49k under. 😂.,[],['50k'],0.4404,Positive
1500,V0wtNI-rzSg,the BYD S1 pro also does it,the BYD S1 pro also does it,['BYD S1'],"['does', 'byd']",0.0,Neutral
1501,V0wtNI-rzSg,How long before that mechanism breaks,How long before that mechanism breaks,[],"['breaks', 'long']",0.0,Neutral
1502,V0wtNI-rzSg,It looks very inn-OVER-tive,It looks very inn-OVER-tive,['inn-OVER-tive'],"['inn', 'tive', 'looks']",0.0,Neutral
1503,V0wtNI-rzSg,And it coasts 29000$,And it coasts 29000$,[],[],0.0,Neutral
1504,V0wtNI-rzSg,It’s stupid. Complicated to implement. Could have issue. And it only serves during … social network…,It’s stupid. Complicated to implement. Could have issue. And it only serves during … social network…,[],"['serves', 'social', 'network', 'issue', 'stupid']",-0.5267,Negative
1505,V0wtNI-rzSg,The Chinese are well ahead now in the EV race.,The Chinese are well ahead now in the EV race.,['Chinese'],"['ahead', 'race', 'ev', 'chinese']",0.2732,Positive
1506,V0wtNI-rzSg,"wow, this is next level stuff, amazing innovation and level of technical sophistication not often seen","wow, this is next level stuff, amazing innovation and level of technical sophistication not often seen",[],"['level', 'technical', 'innovation', 'amazing', 'stuff']",0.8807,Positive
1507,V0wtNI-rzSg,"This is not a car, but an electronic toy on wheels for adults.","This is not a car, but an electronic toy on wheels for adults.",[],"['electronic', 'toy', 'wheels', 'car']",0.0,Neutral
1508,V0wtNI-rzSg,A key? In 2025 ew,A key? In 2025 ew,[],"['ew', '2025', 'key']",0.0,Neutral
1509,V0wtNI-rzSg,The problem with these types of screens is how easily they can be damaged. Imagine a toddler sitting in front and playing with this,The problem with these types of screens is how easily they can be damaged. Imagine a toddler sitting in front and playing with this,[],"['easily', 'playing', 'imagine', 'screens']",-0.34,Negative
1510,V0wtNI-rzSg,The faulty Fiskers Ocean does that as well. It's so old that it doesn't get made anymore 😂😂,The faulty Fiskers Ocean does that as well. It's so old that it doesn't get made anymore 😂😂,['Fiskers Ocean'],"['fiskers', 'anymore', 'ocean does', 'old', 'doesn']",0.6808,Positive
1511,V0wtNI-rzSg,"No way would i buy this car. China has 1 billion people to take care of them.  Im going to take care of my western family always.  Whether its
USA,  Italy,  French,  Germany,  Canada 
British, I AM LOYAL AND SUPPORTING MY WESTERN FAMILY ALWAYS.","No way would i buy this car. China has 1 billion people to take care of them. Im going to take care of my western family always. Whether its USA, Italy, French, Germany, Canada British, I AM LOYAL AND SUPPORTING MY WESTERN FAMILY ALWAYS.","['China', 'USA', 'Italy', 'French', 'Germany', 'Canada', 'British', 'SUPPORTING MY WESTERN FAMILY ALWAYS']","['family', 'western', 'care', 'billion', 'car china']",0.913,Positive
1512,V0wtNI-rzSg,"I bought my lexus lc500h last year for about 115K. It has none of these features, lol. I'm starting to think I was duped 😂","I bought my lexus lc500h last year for about 115K. It has none of these features, lol. I'm starting to think I was duped 😂",[],"['starting', 'lexus', 'features', 'bought', 'year']",0.4404,Positive
1513,V0wtNI-rzSg,Shmee Shilling for the CCP. The build quality is awful on base models make Temu items look high end.,Shmee Shilling for the CCP. The build quality is awful on base models make Temu items look high end.,"['Shmee Shilling', 'CCP', 'Temu']","['high end', 'temu', 'base', 'build quality', 'awful']",-0.4588,Negative
1514,V0wtNI-rzSg,Fisker did it first. Then they went bankrupt 😂,Fisker did it first. Then they went bankrupt 😂,['Fisker'],"['did went', 'went bankrupt', 'fisker did', 'bankrupt', 'went']",-0.1779,Negative
1515,V0wtNI-rzSg,Wonder what happens once we go to war,Wonder what happens once we go to war,[],"['war', 'wonder']",-0.5994,Negative
1516,V0wtNI-rzSg,CCP sent their bots to push fake info,CCP sent their bots to push fake info,['CCP'],"['sent', 'fake', 'push', 'info', 'ccp']",-0.4767,Negative
1517,V0wtNI-rzSg,"It's 0-100 acceleration might even beat all the cars, including those supercars, in the garage! 🤭","It's 0-100 acceleration might even beat all the cars, including those supercars, in the garage! 🤭",[],"['cars including', 'including', 'beat', 'acceleration', '100']",0.5411,Positive
1518,V0wtNI-rzSg,"Seal only one do that? Well let me help you out of your dreams :), all BYD's do that. Also mine Atto 3","Seal only one do that? Well let me help you out of your dreams :), all BYD's do that. Also mine Atto 3","['BYD', 'Atto 3']","['dreams', 'byd atto', 'help', 'let', 'atto']",0.7579,Positive
1519,V0wtNI-rzSg,"wait for the future of race cars, formula 1","wait for the future of race cars, formula 1",[],"['race', 'future', 'wait', 'cars']",0.0,Neutral
1520,V0wtNI-rzSg,"These things are junk, and anyone wasting money on them is a fool. But by all means, keep contributing to China's skyrocketing child cancer rate 😂","These things are junk, and anyone wasting money on them is a fool. But by all means, keep contributing to China's skyrocketing child cancer rate 😂",['China'],"['rate', 'means', 'junk', 'things', 'money']",-0.7227,Negative
1521,V0wtNI-rzSg,"BYD,  better than tesla in every way!!!","BYD, better than tesla in every way!!!",['BYD'],"['byd better', 'tesla way', 'better tesla', 'way', 'better']",0.5826,Positive
1522,V0wtNI-rzSg,This is an amazing car. You have no idea how good the SUV version of it is,This is an amazing car. You have no idea how good the SUV version of it is,[],"['suv', 'idea', 'amazing', 'version', 'good']",0.6705,Positive
1523,V0wtNI-rzSg,How much you get paid for ccp propaganda?,How much you get paid for ccp propaganda?,[],"['propaganda', 'paid', 'ccp']",-0.25,Negative
1524,V0wtNI-rzSg,"I just bought the BYD HAN, and honestly, it's amazing it was a good choice.

Respect to all European car manufacturers, i personally used to choose and drive BMW on a daily basis, always. 

But now, with respect, i choose BYD because in terms of price, quality, and technology, it's much better as an electric car🤷🏻‍♂️

No one will ever know what I'm talking about until they try it themselves.

Im saying this because I used to be one until I tried it myself 😅","I just bought the BYD HAN, and honestly, it's amazing it was a good choice. Respect to all European car manufacturers, i personally used to choose and drive BMW on a daily basis, always. But now, with respect, i choose BYD because in terms of price, quality, and technology, it's much better as an electric car🤷🏻‍♂️ No one will ever know what I'm talking about until they try it themselves. Im saying this because I used to be one until I tried it myself 😅","['BYD', 'European', 'BMW']","['respect', 'choose', 'used', 'european car', 'terms']",0.9418,Positive
1525,V0wtNI-rzSg,Under £50k 😂😂😂😂,Under £50k 😂😂😂😂,[],['50k'],0.891,Positive
1526,V0wtNI-rzSg,"BYD are full of lies.
Any person with a brain will tell you 5 minute charge is garbage.

The amount of power needed could power hundreds of households.

Our current grids will not handle the power.

The heat created would be volcanic.

Lies.",BYD are full of lies. Any person with a brain will tell you 5 minute charge is garbage. The amount of power needed could power hundreds of households. Our current grids will not handle the power. The heat created would be volcanic. Lies.,[],"['power', 'handle', 'brain', 'needed', 'person']",-0.5574,Negative
1527,V0wtNI-rzSg,Americans crying on the comments I bet,Americans crying on the comments I bet,['Americans'],"['crying', 'bet', 'comments', 'americans']",-0.4767,Negative
1528,V0wtNI-rzSg,to much tech to go wrong in a year or so. bring back the robin R,to much tech to go wrong in a year or so. bring back the robin R,[],"['bring', 'year', 'tech', 'wrong']",-0.4767,Negative
1529,V0wtNI-rzSg,Just bought the sea lion 7. The best ev vehicle I've ever driven.,Just bought the sea lion 7. The best ev vehicle I've ever driven.,[],"['just bought', 'driven', 'bought', 'best', 'vehicle']",0.6369,Positive
1530,V0wtNI-rzSg,Under £50K. You’ve been robbed.,Under £50K. You’ve been robbed.,[],"['ve', '50k']",0.0,Neutral
1531,V0wtNI-rzSg,Most useless feature ever,Most useless feature ever,[],"['useless feature', 'useless', 'feature']",-0.4754,Negative
1532,V0wtNI-rzSg,The bluetooth device is ready to pair,The bluetooth device is ready to pair,[],"['ready', 'device']",0.3612,Positive
1533,V0wtNI-rzSg,You need to buy the rest of the ocean models so you can get an allocation for the YangWANG u9,You need to buy the rest of the ocean models so you can get an allocation for the YangWANG u9,[],"['need buy', 'yangwang', 'rest', 'models', 'need']",0.0,Neutral
1534,V0wtNI-rzSg,Company says they have no intention to ever sell cars to the USA,Company says they have no intention to ever sell cars to the USA,['USA'],"['says', 'sell', 'usa', 'company', 'cars']",-0.296,Negative
1535,V0wtNI-rzSg,A day late and a dollar shirt,A day late and a dollar shirt,[],"['late', 'day']",0.0,Neutral
1536,V0wtNI-rzSg,"It doesn’t have a „top notch“ interior. It has a cheap interior with two tablets bolted on. It also has a shitty range and still not cheap, despite the 1990s Toyota looks.","It doesn’t have a „top notch“ interior. It has a cheap interior with two tablets bolted on. It also has a shitty range and still not cheap, despite the 1990s Toyota looks.",['Toyota'],"['cheap', 'interior', 'notch interior', 'shitty', 'toyota']",-0.5574,Negative
1537,V0wtNI-rzSg,"Why does he pronounce ""innovative"" like he's only ever seen it written down?","Why does he pronounce ""innovative"" like he's only ever seen it written down?",[],"['innovative like', 'pronounce innovative', 'pronounce', 'seen', 'innovative']",0.6597,Positive
1538,V0wtNI-rzSg,All I can say he going to regret his choice on a BYD. seem like he had not heard the news.,All I can say he going to regret his choice on a BYD. seem like he had not heard the news.,['BYD'],"['byd like', 'news', 'choice', 'heard', 'going']",-0.0772,Negative
1539,V0wtNI-rzSg,The interior looks like crap. Tesla <3...,The interior looks like crap. Tesla <3...,[],"['interior looks', 'looks like', 'crap', 'interior', 'looks']",-0.0258,Neutral
1540,V0wtNI-rzSg,Doesn’t have android or apple play,Doesn’t have android or apple play,[],"['android apple', 'play', 'apple', 'android', 'doesn']",0.34,Positive
1541,V0wtNI-rzSg,"LOL @ all the meifens and westards crying as usual, keep crying hahaha.","LOL @ all the meifens and westards crying as usual, keep crying hahaha.",[],"['crying', 'lol']",0.2342,Positive
1542,V0wtNI-rzSg,"Its not just the Seal, the Dolphin and Atto both have this","Its not just the Seal, the Dolphin and Atto both have this","['Dolphin', 'Atto']","['just seal', 'dolphin', 'atto', 'seal', 'just']",0.0,Neutral
1543,V0wtNI-rzSg,"Wow, a pos with a screen that rotates. Must buy chinisium asap to test how stupid I am.","Wow, a pos with a screen that rotates. Must buy chinisium asap to test how stupid I am.",[],"['screen rotates', 'test', 'rotates', 'stupid', 'wow']",0.1027,Positive
1544,V0wtNI-rzSg,50k for this? Why wouldn't you just buy a superior Tesla?,50k for this? Why wouldn't you just buy a superior Tesla?,['Tesla'],"['wouldn', '50k', 'buy', 'just', 'tesla']",0.594,Positive
1545,V0wtNI-rzSg,Didn’t mention apple car play doesn’t work in portrait.,Didn’t mention apple car play doesn’t work in portrait.,[],"['work portrait', 'car play', 'doesn work', 'apple car', 'mention']",0.34,Positive
1546,V0wtNI-rzSg,No wonder Germans are buying these instead model 3 and y,No wonder Germans are buying these instead model 3 and y,['Germans'],"['germans', 'wonder', 'instead', 'buying', 'model']",-0.296,Negative
1547,V0wtNI-rzSg,Not a fan of electric cars but most of them are much better looking than the Tesla,Not a fan of electric cars but most of them are much better looking than the Tesla,['Tesla'],"['fan', 'looking tesla', 'better looking', 'electric cars', 'looking']",0.5218,Positive
1548,V0wtNI-rzSg,Wait till you see what Zeeker screen can do,Wait till you see what Zeeker screen can do,['Zeeker'],"['till', 'wait', 'screen']",0.0,Neutral
1549,V0wtNI-rzSg,I hate byd,I hate byd,[],"['hate', 'byd']",-0.5719,Negative
1550,V0wtNI-rzSg,its so well known function. but not very useful outside of China? CarPlay doesn't work in portrait and most app and UI not maid for portrait.,its so well known function. but not very useful outside of China? CarPlay doesn't work in portrait and most app and UI not maid for portrait.,['China'],"['portrait', 'work portrait', 'doesn work', 'known', 'useful']",-0.4094,Negative
1551,V0wtNI-rzSg,Tablet? It's a freaking screen. People are weird,Tablet? It's a freaking screen. People are weird,['Tablet'],"['weird', 'tablet', 'people', 'screen']",-0.5423,Negative
1552,V0wtNI-rzSg,Every BYD has these features. Atto 3 was first exported by BYD.,Every BYD has these features. Atto 3 was first exported by BYD.,"['BYD', 'Atto 3']","['byd', 'features', 'atto']",0.0,Neutral
1553,V0wtNI-rzSg,"Who pronounces ""innovative"" like that?","Who pronounces ""innovative"" like that?",[],"['innovative like', 'innovative', 'like']",0.6597,Positive
1554,V0wtNI-rzSg,No Gigapress manufacturing for the BYD. I've seen cheaper MG EVs where their chassis frames are rusting after 2 or 3 years.,No Gigapress manufacturing for the BYD. I've seen cheaper MG EVs where their chassis frames are rusting after 2 or 3 years.,['BYD'],"['manufacturing', 've seen', 'evs', 'cheaper', 'seen']",-0.296,Negative
1555,V0wtNI-rzSg,"The screen turns the other way around if you're in Australia.*

*Dont quote me on that.",The screen turns the other way around if you're in Australia.* *Dont quote me on that.,['Australia'],"['screen turns', 'australia', 'turns', 'dont', 'way']",0.0,Neutral
1556,V0wtNI-rzSg,Press the steering wheel right mode button. Then press the arrow key till you see the speedometer option screens scroll up to the detailed version and it’s exactly like super car style speedometers. It’s the first thing I did when I got my seal.,Press the steering wheel right mode button. Then press the arrow key till you see the speedometer option screens scroll up to the detailed version and it’s exactly like super car style speedometers. It’s the first thing I did when I got my seal.,[],"['press', 'scroll', 'wheel right', 'detailed', 'exactly']",0.7506,Positive
1557,V0wtNI-rzSg,Americans ain’t shit,Americans ain’t shit,['Americans'],"['ain', 'americans', 'shit']",-0.5574,Negative
1558,V0wtNI-rzSg,What the hell was that pronunciation of innovative?,What the hell was that pronunciation of innovative?,[],"['pronunciation innovative', 'pronunciation', 'hell', 'innovative']",-0.4019,Negative
1559,V0wtNI-rzSg,Good luck with the rust and cracked chassies😂,Good luck with the rust and cracked chassies😂,[],"['rust', 'good luck', 'luck', 'good']",0.8316,Positive
1560,V0wtNI-rzSg,I really like this car interior. Never tought to sat IT about EV,I really like this car interior. Never tought to sat IT about EV,[],"['car interior', 'like car', 'really like', 'sat', 'interior']",0.4201,Positive
1561,V0wtNI-rzSg,"Am I considered an American hater because I like the cars but dislike the fact China subsidizes their car manufacturers to destroy other countries car industries? China’s supply chain and vehicles are the best in the world. However, the US and EU won’t stand by and allow our car manufacturers / jobs to be destroyed. It’s just that simple. Are these legacy car manufacturers intellectually lazy. Are they churning out subpar products absolutely. The US and EU need to demand better from our car manufacturers. We can’t hold back the damn forever..","Am I considered an American hater because I like the cars but dislike the fact China subsidizes their car manufacturers to destroy other countries car industries? China’s supply chain and vehicles are the best in the world. However, the US and EU won’t stand by and allow our car manufacturers / jobs to be destroyed. It’s just that simple. Are these legacy car manufacturers intellectually lazy. Are they churning out subpar products absolutely. The US and EU need to demand better from our car manufacturers. We can’t hold back the damn forever..","['American', 'China']","['car manufacturers', 'manufacturers', 'car', 'eu', 'china']",-0.7227,Negative
1562,V0wtNI-rzSg,I never buy a car with the steering wheel on the wrong side,I never buy a car with the steering wheel on the wrong side,[],"['buy car', 'wheel wrong', 'steering wheel', 'steering', 'wrong']",-0.4767,Negative
1563,V0wtNI-rzSg,Blocks ur view wtf,Blocks ur view wtf,[],"['ur', 'wtf', 'blocks', 'view']",-0.6908,Negative
1564,V0wtNI-rzSg,"I got the same car. Brilliant daily driver. Not the nicest car to drive (it is an EV after all) but very comfortable and quiet, which is great for boring commute to work.","I got the same car. Brilliant daily driver. Not the nicest car to drive (it is an EV after all) but very comfortable and quiet, which is great for boring commute to work.",[],"['quiet', 'car drive', 'brilliant', 'daily driver', 'comfortable']",0.88,Positive
1565,V0wtNI-rzSg,Who actually rotates it?,Who actually rotates it?,[],"['actually', 'rotates']",0.0,Neutral
1566,V0wtNI-rzSg,"I saw this on the roads recently, it really stands out. Quite a pretty car.","I saw this on the roads recently, it really stands out. Quite a pretty car.",[],"['roads', 'recently', 'saw', 'quite', 'pretty']",0.539,Positive
1567,V0wtNI-rzSg,Every byd do that,Every byd do that,[],['byd'],0.0,Neutral
1568,V0wtNI-rzSg,I have Toyota Vitz and i want to swap it for BYD or Any EV😂,I have Toyota Vitz and i want to swap it for BYD or Any EV😂,"['Toyota', 'Vitz', 'BYD']","['swap', 'toyota', 'want', 'ev', 'byd']",0.4939,Positive
1569,V0wtNI-rzSg,USA surely the land of NO Freedom of Choice 😂. Those Tesla and Rivian will be gone in less than 5 years if they can't compete with any China EV brand.,USA surely the land of NO Freedom of Choice 😂. Those Tesla and Rivian will be gone in less than 5 years if they can't compete with any China EV brand.,"['NO Freedom of Choice', 'Tesla', 'Rivian', 'China EV']","['surely', 'gone', 'compete', 'choice', 'brand']",0.1776,Positive
1570,V0wtNI-rzSg,American here... that's pretty cool and I wish we had it here,American here... that's pretty cool and I wish we had it here,['American'],"['american', 'wish', 'pretty', 'cool']",0.802,Positive
1571,V0wtNI-rzSg,"As a Brit I would never buy chinese after what they did with Hongkong, but somehow the brits love China cars for some weird reason.","As a Brit I would never buy chinese after what they did with Hongkong, but somehow the brits love China cars for some weird reason.","['chinese', 'Hongkong', 'China']","['weird', 'china cars', 'buy chinese', 'reason', 'love']",0.6956,Positive
1572,V0wtNI-rzSg,this car is very nice and the price is ridiculously cheap.,this car is very nice and the price is ridiculously cheap.,[],"['car nice', 'price', 'nice', 'cheap', 'car']",0.1761,Positive
1573,V0wtNI-rzSg,Fiskers did this too but they’re gone now so,Fiskers did this too but they’re gone now so,[],"['fiskers', 'gone', 'did']",0.0,Neutral
1574,V0wtNI-rzSg,Even the seagull does that lol,Even the seagull does that lol,[],"['seagull', 'lol', 'does']",0.4215,Positive
1575,V0wtNI-rzSg,Dude don't put your key there!,Dude don't put your key there!,[],"['dude', 'key', 'don']",0.0,Neutral
1576,V0wtNI-rzSg,Atto does all same for a good deal less.,Atto does all same for a good deal less.,['Atto'],"['atto does', 'deal', 'atto', 'good', 'does']",0.4404,Positive
1577,V0wtNI-rzSg,"Lol america to woke and dei, china cars are better, games are better 🤣","Lol america to woke and dei, china cars are better, games are better 🤣",['china'],"['better', 'games', 'china cars', 'america', 'lol']",0.8957,Positive
1578,V0wtNI-rzSg,"Elon is piece of shit,but  no car can beat Tesla in any way.","Elon is piece of shit,but no car can beat Tesla in any way.",[],"['tesla way', 'beat', 'piece', 'elon', 'shit']",-0.296,Negative
1579,V0wtNI-rzSg,"Why are Americans so butt hurt? Tesla’s has never been known for quality built cars. They’re just pissed that the Chinese car manufacturer are better cars than the US brands and competitively priced, remember all those amazing Apple, Sony products are made in China.  😂😂😂😂","Why are Americans so butt hurt? Tesla’s has never been known for quality built cars. They’re just pissed that the Chinese car manufacturer are better cars than the US brands and competitively priced, remember all those amazing Apple, Sony products are made in China. 😂😂😂😂","['Americans', 'Tesla’s', 'Chinese', 'Apple', 'Sony', 'China']","['butt', 'car manufacturer', 'cars', 'known', 'priced']",0.8563,Positive
1580,V0wtNI-rzSg,Everyone in China can tell you it’s cheap Chinese propaganda,Everyone in China can tell you it’s cheap Chinese propaganda,"['China', 'Chinese']","['propaganda', 'cheap chinese', 'tell', 'cheap', 'china']",-0.25,Negative
1581,V0wtNI-rzSg,Seen multiple reviews and the most talked about feature is the spinning screen 🤦,Seen multiple reviews and the most talked about feature is the spinning screen 🤦,[],"['spinning screen', 'multiple', 'spinning', 'reviews', 'seen']",0.0,Neutral
1582,V0wtNI-rzSg,"Looking Like a $100, 000 car !","Looking Like a $100, 000 car !",[],"['100', '000', 'looking', 'like', 'car']",0.4199,Positive
1583,V0wtNI-rzSg,Wait say Innovative again 😂,Wait say Innovative again 😂,[],"['say innovative', 'wait', 'say', 'innovative']",0.7003,Positive
1584,V0wtNI-rzSg,BYD has better built quality. Tesla has better Software.,BYD has better built quality. Tesla has better Software.,"['BYD', 'Tesla', 'Software']","['better', 'byd better', 'built', 'software', 'quality']",0.7003,Positive
1585,V0wtNI-rzSg,Shmeeee is slowwwww.,Shmeeee is slo,[],[],0.0,Neutral
1586,V0wtNI-rzSg,Shmee in a BYD?,Shmee in a BYD?,['BYD'],"['shmee', 'byd']",0.0,Neutral
1587,V0wtNI-rzSg,I love that feature.,I love that feature.,[],"['love', 'feature']",0.6369,Positive
1588,V0wtNI-rzSg,"Pretty awesome but from memory, if you use Apple CarPlay or android auto, it rotates back to landscape mode.","Pretty awesome but from memory, if you use Apple CarPlay or android auto, it rotates back to landscape mode.",['Apple CarPlay'],"['carplay android', 'memory', 'landscape mode', 'awesome', 'apple carplay']",0.5647,Positive
1589,V0wtNI-rzSg,Chinese don’t like byd,Chinese don’t like byd,['Chinese'],"['like byd', 'don like', 'don', 'chinese', 'like']",0.3612,Positive
1590,V0wtNI-rzSg,The rotating screen is a gimmick that can’t even be used with CarPlay. No other cars do it because it’s stupid.,The rotating screen is a gimmick that can’t even be used with CarPlay. No other cars do it because it’s stupid.,['CarPlay'],"['carplay', 'stupid', 'gimmick', 'used', 'rotating screen']",-0.6808,Negative
1591,V0wtNI-rzSg,In Overtiv? Where tf is that?,In Overtiv? Where tf is that?,['Overtiv'],['tf'],0.0,Neutral
1592,V0wtNI-rzSg,The shark 6 does this also,The shark 6 does this also,[],"['shark does', 'shark', 'does']",0.0,Neutral
1593,V0wtNI-rzSg,how does this not lead to distracted driving accidents. Eyes on the road.,how does this not lead to distracted driving accidents. Eyes on the road.,[],"['eyes road', 'distracted', 'eyes', 'road', 'driving']",-0.068,Negative
1594,V0wtNI-rzSg,But the UI looks like it's from 2010 🤯,But the UI looks like it's from 2010 🤯,[],"['ui looks', 'ui', 'looks like', 'looks', 'like']",0.5023,Positive
1595,V0wtNI-rzSg,"i got a byd seagull , cheaper , smaller , less range , but it can do the tilt screen thing","i got a byd seagull , cheaper , smaller , less range , but it can do the tilt screen thing",[],"['tilt', 'seagull', 'got byd', 'smaller', 'cheaper']",0.0,Neutral
1596,V0wtNI-rzSg,CAN IT PARK ITSELF???,CAN IT PARK ITSELF???,[],['park'],0.0,Neutral
1597,V0wtNI-rzSg,Japanese after seeing American comment: de ja vu,Japanese after seeing American comment: de ja vu,"['Japanese', 'American']","['japanese', 'seeing', 'comment', 'american']",0.0,Neutral
1598,V0wtNI-rzSg,"The rotating screen is genuinely helpful.  In portrait you get 3 camera views on the 360⁰ camera,  makes parking in tight spots and protecting your rims from curb rash a breeze","The rotating screen is genuinely helpful. In portrait you get 3 camera views on the 360⁰ camera, makes parking in tight spots and protecting your rims from curb rash a breeze",[],"['camera', 'genuinely', 'parking', 'makes', 'portrait']",0.0258,Neutral
1599,V0wtNI-rzSg,But it’s Chinese 😂,But it’s Chinese 😂,['Chinese'],['chinese'],0.5927,Positive
1600,V0wtNI-rzSg,Fisker Ocean has the same rotating screen.,Fisker Ocean has the same rotating screen.,['Fisker Ocean'],"['ocean rotating', 'rotating screen', 'fisker ocean', 'ocean', 'rotating']",0.0,Neutral
1601,V0wtNI-rzSg,Fisker Ocean has a rotating screen.,Fisker Ocean has a rotating screen.,['Fisker Ocean'],"['ocean rotating', 'rotating screen', 'fisker ocean', 'ocean', 'rotating']",0.0,Neutral
1602,V0wtNI-rzSg,so do other BYD. atto3. Dolphin. Guess Atto3 does. My Dolphin does. Is a daft gimmick. Gets in the way of the windscreen. Not a good idea. Another thing to go wrong. Can't stand portrait mode video or photos (yes this video is and it caught my attention on home page!). I would not use it but I have too :),so do other BYD. atto3. Dolphin. Guess Atto3 does. My Dolphin does. Is a daft gimmick. Gets in the way of the windscreen. Not a good idea. Another thing to go wrong. Can't stand portrait mode video or photos (yes this video is and it caught my attention on home page!). I would not use it but I have too :),"['BYD', 'Dolphin']","['atto3', 'dolphin', 'video', 'does', 'attention']",0.525,Positive
1603,V0wtNI-rzSg,Polestar did this before byd,Polestar did this before byd,[],"['polestar', 'did byd', 'did', 'byd']",0.0,Neutral
1604,V0wtNI-rzSg,"This is the most useless feature of BYD. It is an awesome car with no bullshit design. This is the only gimmick, I mean they have to give something to silly youtube videos right :)","This is the most useless feature of BYD. It is an awesome car with no bullshit design. This is the only gimmick, I mean they have to give something to silly youtube videos right :)",['BYD'],"['bullshit', 'awesome', 'youtube', 'useless feature', 'mean']",0.8008,Positive
1605,V0wtNI-rzSg,Yea I'd buy that car just b3cuase of this feature......NOT,Yea I'd buy that car just b3cuase of this feature......NOT,[],"['yea', 'car just', 'buy car', 'feature', 'buy']",0.0,Neutral
1606,V0wtNI-rzSg,50 K !?  😂😂😂 ma chi se li è persi 😅,50 K !? 😂😂😂 ma chi se li è persi 😅,['ma chi se li'],"['se', '50']",0.8883,Positive
1607,V0wtNI-rzSg,I would take those BYD lettrs off,I would take those BYD lettrs off,['BYD'],['byd'],0.0,Neutral
1608,V0wtNI-rzSg,you're 2 years behind but good job!! nice car,you're 2 years behind but good job!! nice car,[],"['nice car', 'job', 'nice', 'good', 'years']",0.8456,Positive
1609,V0wtNI-rzSg,He discovered this 2 years late. Wow,He discovered this 2 years late. Wow,[],"['years late', 'discovered', 'late', 'wow', 'years']",0.5859,Positive
1610,V0wtNI-rzSg,some salty americans in the comments lol,some salty americans in the comments lol,['americans'],"['comments', 'americans', 'lol']",0.4215,Positive
1611,V0wtNI-rzSg,And why would you buy a car from a country with a disgraceful human rights record?  Europe should ban this chinese junk,And why would you buy a car from a country with a disgraceful human rights record? Europe should ban this chinese junk,"['Europe', 'chinese']","['human', 'ban', 'chinese junk', 'buy car', 'country']",-0.5574,Negative
1612,V0wtNI-rzSg,I thought something new is coming. BYD has this already for years also in other models.,I thought something new is coming. BYD has this already for years also in other models.,['BYD'],"['models', 'thought', 'coming', 'new', 'years']",0.0,Neutral
1613,V0wtNI-rzSg,"Why does it have a start/stop button? What a waste of a button. Also, does it do one pedal driving? (Spoiler, no, dealbreaker).","Why does it have a start/stop button? What a waste of a button. Also, does it do one pedal driving? (Spoiler, no, dealbreaker).",['Spoiler'],"['button', 'does', 'waste', 'start', 'stop']",-0.4871,Negative
1614,V0wtNI-rzSg,So you can now tik tok and drive with the middle of your windshield covered. Take that tesla,So you can now tik tok and drive with the middle of your windshield covered. Take that tesla,[],"['windshield', 'middle', 'drive', 'tesla']",0.0,Neutral
1615,V0wtNI-rzSg,Y’all hate it just cuz it’s from China.. let’s face it our governments are putting up protectionism policies on it for a reason..,Y’all hate it just cuz it’s from China.. let’s face it our governments are putting up protectionism policies on it for a reason..,['China'],"['face', 'putting', 'let', 'reason', 'hate']",-0.5719,Negative
1616,V0wtNI-rzSg,Go go China.,Go go China.,['China'],['china'],0.0,Neutral
1617,V0wtNI-rzSg,All the silly stuff (points to Ferraris),All the silly stuff (points to Ferraris),['Ferraris'],"['points', 'silly stuff', 'silly', 'stuff']",0.0258,Neutral
1618,V0wtNI-rzSg,tablets are now the factors that make the car fun? really?,tablets are now the factors that make the car fun? really?,[],"['make car', 'tablets', 'fun', 'make', 'really']",0.5661,Positive
1619,V0wtNI-rzSg,Old school digital screen! What the f! Are u kidding?,Old school digital screen! What the f! Are u kidding?,[],"['old school', 'digital', 'school', 'old', 'screen']",0.2462,Positive
1620,V0wtNI-rzSg,Nobody cares about the rotating screen ffs,Nobody cares about the rotating screen ffs,[],"['ffs', 'cares', 'rotating screen', 'rotating', 'screen']",-0.2023,Negative
1621,V0wtNI-rzSg,BYD apparently the airbags do not work. Check out Chinese disgruntled customers.,BYD apparently the airbags do not work. Check out Chinese disgruntled customers.,"['BYD', 'Chinese']","['airbags', 'customers', 'check', 'work', 'chinese']",0.0,Neutral
1622,V0wtNI-rzSg,Who wants a ipad on the dash,Who wants a ipad on the dash,[],"['wants', 'dash', 'ipad']",0.0,Neutral
1623,V0wtNI-rzSg,All BYDs do that..,All BYDs do that..,[],['byds'],0.0,Neutral
1624,V0wtNI-rzSg,"That white UI is just horrible, you got this sleek black interior and then cheap looking white UI graphics spitting from the screen","That white UI is just horrible, you got this sleek black interior and then cheap looking white UI graphics spitting from the screen",[],"['white', 'ui', 'horrible', 'black', 'got']",-0.5423,Negative
1625,V0wtNI-rzSg,"The more competition Tesla have, the betyer. Looks great.","The more competition Tesla have, the betyer. Looks great.",[],"['competition', 'looks great', 'great', 'looks', 'tesla']",0.6249,Positive
1626,V0wtNI-rzSg,No apple carplay in portrait mode. Seems like a gimmick with no real use case.,No apple carplay in portrait mode. Seems like a gimmick with no real use case.,[],"['case', 'apple carplay', 'portrait mode', 'carplay', 'apple']",-0.2263,Negative
1627,V0wtNI-rzSg,Love to see all the hate from Americans 😂😂😂😂,Love to see all the hate from Americans 😂😂😂😂,['Americans'],"['americans', 'hate', 'love']",0.9022,Positive
1628,V0wtNI-rzSg,BYD make shit cars,BYD make shit cars,[],"['shit', 'make', 'cars', 'byd']",-0.5574,Negative
1629,V0wtNI-rzSg,Wrong if you have Apple car play you can only operate it in landscape mode,Wrong if you have Apple car play you can only operate it in landscape mode,['Apple'],"['car play', 'apple car', 'operate', 'landscape mode', 'play']",-0.1779,Negative
1630,V0wtNI-rzSg,the portrait feature makes a blind spot,the portrait feature makes a blind spot,[],"['blind', 'blind spot', 'spot', 'makes', 'portrait']",-0.4019,Negative
1631,V0wtNI-rzSg,"Wow, screen turns.","Wow, screen turns.",[],"['wow screen', 'screen turns', 'turns', 'wow', 'screen']",0.5859,Positive
1632,V0wtNI-rzSg,Sponsored by the CCP 🤡,Sponsored by the CCP 🤡,['CCP'],"['sponsored', 'ccp']",0.0,Neutral
1633,V0wtNI-rzSg,Musk made friends with Trump to ensure those cars don't arrive on American soil.,Musk made friends with Trump to ensure those cars don't arrive on American soil.,"['Trump', 'American']","['trump', 'musk', 'american', 'don', 'cars']",0.6908,Positive
1634,V0wtNI-rzSg,How much are you being paid for this advert?,How much are you being paid for this advert?,[],['paid'],0.0,Neutral
1635,V0wtNI-rzSg,How the hell can that be legal,How the hell can that be legal,[],"['legal', 'hell']",-0.6249,Negative
1636,V0wtNI-rzSg,Can you say innovative again please!,Can you say innovative again please!,[],"['say innovative', 'say', 'innovative']",0.6696,Positive
1637,V0wtNI-rzSg,And yet ya cant use a phone while driving 😂😂😂😂,And yet ya cant use a phone while driving 😂😂😂😂,[],"['use phone', 'ya', 'phone', 'use', 'driving']",0.891,Positive
1638,V0wtNI-rzSg,Fisher ocean has screen rotation,Fisher ocean has screen rotation,[],"['ocean screen', 'screen rotation', 'rotation', 'ocean', 'screen']",0.0,Neutral
1639,V0wtNI-rzSg,Don't buy Chinise cars,Don't buy Chinise cars,[],"['don buy', 'buy', 'don', 'cars']",0.0,Neutral
1640,V0wtNI-rzSg,Repairs repairs repairs,Repairs repairs repairs,[],[],0.0,Neutral
1641,V0wtNI-rzSg,So you can’t use a phone while driving but it’s ok to have a massive tablet?,So you can’t use a phone while driving but it’s ok to have a massive tablet?,[],"['use phone', 'massive', 'ok', 'phone', 'tablet']",0.4215,Positive
1642,V0wtNI-rzSg,"That's worth £50.000 alone.
💩",That's worth £50.000 alone. 💩,[],"['50 000', '000', 'worth', '50']",-0.0258,Neutral
1643,V0wtNI-rzSg,I am going to buy two!!!,I am going to buy two!!!,[],"['going', 'buy']",0.0,Neutral
1644,V0wtNI-rzSg,I'm surprised it's not set 🔥 to itself. Park it outside away for your building.,I'm surprised it's not set 🔥 to itself. Park it outside away for your building.,[],"['set', 'building', 'park', 'surprised', 'away']",0.4471,Positive
1645,V0wtNI-rzSg,BYD makes incredible cars,BYD makes incredible cars,['BYD'],"['byd makes', 'incredible', 'makes', 'cars', 'byd']",0.0,Neutral
1646,V0wtNI-rzSg,"Not the first to have this feature!
But looks cool.",Not the first to have this feature! But looks cool.,[],"['looks cool', 'cool', 'feature', 'looks']",0.501,Positive
1647,V0wtNI-rzSg,Love the seething Americans in this comments section,Love the seething Americans in this comments section,['Americans'],"['section', 'comments', 'americans', 'love']",0.6369,Positive
1648,V0wtNI-rzSg,Best EV maker atm :,Best EV maker atm :,[],"['best', 'ev']",0.6369,Positive
1649,V0wtNI-rzSg,Chinese so it's a no no,Chinese so it's a no no,['Chinese'],['chinese'],0.285,Positive
1650,V0wtNI-rzSg,The wheel is on the wrong side.   Take it back.,The wheel is on the wrong side. Take it back.,[],"['wheel wrong', 'wrong', 'wheel']",-0.4767,Negative
1651,V0wtNI-rzSg,"I'd charge that thing outside, a battery fire would ruin everything in the garage.","I'd charge that thing outside, a battery fire would ruin everything in the garage.",[],"['outside', 'garage', 'charge', 'battery', 'thing']",-0.7351,Negative
1652,V0wtNI-rzSg,You’re misinformed. This has been done before by Fisker and other Chinese brands too.,You’re misinformed. This has been done before by Fisker and other Chinese brands too.,"['Fisker', 'Chinese']","['chinese brands', 'brands', 'fisker', 'chinese']",-0.3818,Negative
1653,V0wtNI-rzSg,Sick video @shmee150. Love ur stuff,Sick video . Love ur stuff,[],"['ur', 'stuff', 'video', 'love']",0.2263,Positive
1654,V0wtNI-rzSg,"Chinese Spyware in the garage, nice","Chinese Spyware in the garage, nice",['Chinese Spyware'],"['spyware', 'garage', 'nice', 'chinese']",0.4215,Positive
1655,V0wtNI-rzSg,"Ah yes, I love looking at an oversized phone whilst driving.","Ah yes, I love looking at an oversized phone whilst driving.",[],"['oversized', 'whilst driving', 'ah', 'whilst', 'yes']",0.7845,Positive
1656,V0wtNI-rzSg,Hey shmee do you still have your zenvo tsr-s?,Hey shmee do you still have your zenvo tsr-s?,[],"['hey', 'shmee']",0.0,Neutral
1657,V0wtNI-rzSg,Can you take the tablet out for personal use when you get out of the car 😅,Can you take the tablet out for personal use when you get out of the car 😅,[],"['personal', 'tablet', 'use', 'car']",0.3612,Positive
1658,Y8yTY_7w3KA,"Note that contrary to the first info and contrary to how they sold the vehicle to customers, the BYD Seal does come with animal skin leather. Customers bought the vehicle expecting animal free leatherette while BYD did not offer consistent information.

00:00 BYD Seal comes to Germany
01:29 Outside EV horrer sound
01:57 Length, battery kWh and recharging
02:35 Sporty design, RWD vs AWD
03:00 Blade battery and frunk
03:29 Interior: key, doors, steering
04:19 Seats and comfort
05:06 Cockpit overview and interface
06:53 Storage
07:19 Rear seating
08:48 Trunk / boot
09:40 City driving and chime
11:11 Steering feel and recuperation
13:31 Suspension and comfort
14:15 Motorway and acceleration
17:56 Autobahn top speed
19:43 Needs to be fixed
20:17 Can it match the Model 3?
21:40 Economy and real-world range

#BYD #BYDSeal

►Subscribe here: https://www.youtube.com/user/autogefuehl?sub_confirmation=1
►Also subscribe to our YouTube shorts channel: https://www.youtube.com/channel/UCmKVmuPc9wUlLuuhnIeP7_w?sub_confirmation=1
►Follow us on Facebook / Instagram / TikTok @autogefuehl","Note that contrary to the first info and contrary to how they sold the vehicle to customers, the BYD Seal does come with animal skin leather. Customers bought the vehicle expecting animal free leatherette while BYD did not offer consistent information. 00:00 BYD Seal comes to Germany 01:29 Outside EV horrer sound 01:57 Length, battery kWh and recharging 02:35 Sporty design, RWD vs AWD 03:00 Blade battery and frunk 03:29 Interior: key, doors, steering 04:19 Seats and comfort 05:06 Cockpit overview and interface 06:53 Storage 07:19 Rear seating 08:48 Trunk / boot 09:40 City driving and chime 11:11 Steering feel and recuperation 13:31 Suspension and comfort 14:15 Motorway and acceleration 17:56 Autobahn top speed 19:43 Needs to be fixed 20:17 Can it match the Model 3? 21:40 Economy and real-world range BYD BYDSeal ►Subscribe here: ►Also subscribe to our YouTube shorts channel: ►Follow us on Facebook / Instagram / TikTok","['BYD', 'Germany', '02:35 Sporty', 'RWD', 'AWD', '04:19 Seats', '09:40 City', '19:43 Needs', 'the Model 3', 'YouTube', 'Facebook / Instagram / TikTok']","['29', 'animal', 'comfort', '40', 'customers']",0.8442,Positive
1659,Y8yTY_7w3KA,I could build cheap cars if I used slave labour,I could build cheap cars if I used slave labour,[],"['slave labour', 'labour', 'cheap cars', 'slave', 'build']",0.0,Neutral
1660,Y8yTY_7w3KA,Do the internal cameras and mics constantly record? And does that data get sent back to the manufacturer,Do the internal cameras and mics constantly record? And does that data get sent back to the manufacturer,[],"['internal', 'sent', 'data', 'manufacturer', 'does']",0.0,Neutral
1661,Y8yTY_7w3KA,"Europe also was a lot of money, but we prefer to subsidize  war.","Europe also was a lot of money, but we prefer to subsidize war.",['Europe'],"['lot money', 'war', 'europe', 'prefer', 'lot']",-0.7469,Negative
1662,Y8yTY_7w3KA,BYD is like the Kia lmao..its not all that one I drove suvked,BYD is like the Kia lmao..its not all that one I drove suvked,"['BYD', 'Kia']","['byd like', 'lmao', 'drove', 'kia', 'like']",-0.4019,Negative
1663,Y8yTY_7w3KA,"1:29 that sounds so comforting & magical not scary. A unique choice for a pedestrian sound warning which I find beautiful 😊
Also the Seal (which I hope can come to Canada) is way better than the old & “refreshed” model 3.",1:29 that sounds so comforting & magical not scary. A unique choice for a pedestrian sound warning which I find beautiful 😊 Also the Seal (which I hope can come to Canada) is way better than the old & “refreshed” model 3.,['Canada'],"['29', 'warning', 'refreshed', 'canada', 'beautiful']",0.9608,Positive
1664,Y8yTY_7w3KA,que lux ............,que lux ............,[],['que'],0.0,Neutral
1665,Y8yTY_7w3KA,que lux .........,que lux .........,[],['que'],0.0,Neutral
1666,Y8yTY_7w3KA,"Great car, terrible name😆","Great car, terrible name😆",[],"['terrible', 'great car', 'great', 'car']",0.5423,Positive
1667,Y8yTY_7w3KA,Does that outside chime always play at low speed or can you switch it off? That would drive me crazy,Does that outside chime always play at low speed or can you switch it off? That would drive me crazy,[],"['switch', 'chime', 'crazy', 'low speed', 'outside']",-0.2732,Negative
1668,Y8yTY_7w3KA,"So autogefühl...
I respect you guys a lot. Giving this open review knowing that the German automobile industry is being killed by this company. 😊",So autogefühl... I respect you guys a lot. Giving this open review knowing that the German automobile industry is being killed by this company. 😊,['German'],"['respect', 'killed', 'open', 'giving', 'guys']",0.7402,Positive
1669,Y8yTY_7w3KA,Wow that's amazing 😍🤩,Wow that's amazing 😍🤩,[],"['amazing', 'wow']",0.891,Positive
1670,Y8yTY_7w3KA,"Not for me!
The Seal looks nice and may be competitive with Tesla but my Tesla is the fastest, safest car in class. It gets regular software updates and has that fantastic supercharger network.
Bottom line for me, it works great and meets my needs.

BYD still has a lot to prove and I doubt it will be available in the US anyway.","Not for me! The Seal looks nice and may be competitive with Tesla but my Tesla is the fastest, safest car in class. It gets regular software updates and has that fantastic supercharger network. Bottom line for me, it works great and meets my needs. BYD still has a lot to prove and I doubt it will be available in the US anyway.",['Tesla'],"['seal looks', 'supercharger', 'regular', 'tesla', 'competitive']",0.937,Positive
1671,Y8yTY_7w3KA,The interior puts the Model 3 to shame.,The interior puts the Model 3 to shame.,['the Model 3'],"['puts', 'shame', 'interior', 'model']",-0.4767,Negative
1672,Y8yTY_7w3KA,"For me it came down to the Seal Performance or the Tesla Model 3 Performance. The Long range doesnt compare with its basic seats and lesser performance. 
The BYD simply is the nicer car to sit in, more features. I just dont think you can be honest with yourself and accept no indicator stalks, gear lever and not being able to see the speedometer without looking at the middle of the dash - this is just madness to have not included at least a HUD.","For me it came down to the Seal Performance or the Tesla Model 3 Performance. The Long range doesnt compare with its basic seats and lesser performance. The BYD simply is the nicer car to sit in, more features. I just dont think you can be honest with yourself and accept no indicator stalks, gear lever and not being able to see the speedometer without looking at the middle of the dash - this is just madness to have not included at least a HUD.","['Model 3 Performance', 'BYD', 'HUD']","['performance', 'just', 'lever', 'came', 'included']",0.5719,Positive
1673,Y8yTY_7w3KA,"Much better looking interior, seats, especially the doors and buttons, shift lever, and stalk. If they made one as a five-door hatch, it would be great as well. The Chinese are not trying to reinvent the wheel and are listening to the customers instead of teaching them new things. Different philosophies.I would expect the opposit from the Chinese...","Much better looking interior, seats, especially the doors and buttons, shift lever, and stalk. If they made one as a five-door hatch, it would be great as well. The Chinese are not trying to reinvent the wheel and are listening to the customers instead of teaching them new things. Different philosophies.I would expect the opposit from the Chinese...",['Chinese'],"['shift', 'lever', 'expect', 'door', 'chinese']",0.8442,Positive
1674,Y8yTY_7w3KA,"BYD comes with Android auto & apple car play, HUD, physical buttons, long range, much better quality build, better tech, Lidar system it is easy choice","BYD comes with Android auto & apple car play, HUD, physical buttons, long range, much better quality build, better tech, Lidar system it is easy choice","['Android', 'HUD', 'Lidar']","['better', 'long range', 'easy', 'car play', 'auto apple']",0.8779,Positive
1675,Y8yTY_7w3KA,Please review the rwd version,Please review the rwd version,[],"['rwd version', 'rwd', 'version', 'review']",0.3182,Positive
1676,Y8yTY_7w3KA,"Thanks for great review, will you make one for the BYD HAN as well?","Thanks for great review, will you make one for the BYD HAN as well?",['the BYD HAN'],"['thanks great', 'byd han', 'han', 'great review', 'thanks']",0.8442,Positive
1677,Y8yTY_7w3KA,"In the back, a lot of EV's seem to lack proper leg support. They make you sit very low to create headroom but the leg angle gets too steep.","In the back, a lot of EV's seem to lack proper leg support. They make you sit very low to create headroom but the leg angle gets too steep.",[],"['sit', 'angle', 'headroom', 'lack', 'proper']",0.0478,Neutral
1678,Y8yTY_7w3KA,"Just saw this youtube video on BYD from an American living in China. Not a car review per se but thought this was interesting.
https://www.youtube.com/watch?v=QgmDiWfZJcI",Just saw this youtube video on BYD from an American living in China. Not a car review per se but thought this was interesting.,"['BYD', 'American', 'China']","['car review', 'china car', 'se', 'saw', 'living']",0.5499,Positive
1679,Y8yTY_7w3KA,It's a shame that it's a shame that the car doesn't come with real leather seats,It's a shame that it's a shame that the car doesn't come with real leather seats,[],"['shame', 'leather', 'seats', 'come', 'real']",-0.7351,Negative
1680,Y8yTY_7w3KA,"Honestly the car is growing on me but that name, Seal is just the dumbest Fkni name. Chinese car companies really need to hire some marketing teams to come up with english branding names.

I mean they are already a fairly new company to come onto their perspective markets so that gives them little heritage… and giving nonsensical names like that just doesnt help their branding… just my IMO","Honestly the car is growing on me but that name, Seal is just the dumbest Fkni name. Chinese car companies really need to hire some marketing teams to come up with english branding names. I mean they are already a fairly new company to come onto their perspective markets so that gives them little heritage… and giving nonsensical names like that just doesnt help their branding… just my IMO","['Seal', 'Fkni', 'Chinese', 'english', 'IMO']","['names', 'come', 'just', 'seal just', 'marketing']",-0.0084,Neutral
1681,Y8yTY_7w3KA,"Still 10 years behind Tesla.  Too many buttons, clunky interior and substandard software.  Pass.  Tesla is the standard in EVs.","Still 10 years behind Tesla. Too many buttons, clunky interior and substandard software. Pass. Tesla is the standard in EVs.",['Tesla'],"['tesla', '10 years', 'standard', 'evs', '10']",0.0,Neutral
1682,Y8yTY_7w3KA,Will you also review BYD Han?,Will you also review BYD Han?,['Han'],"['byd han', 'han', 'review', 'byd']",0.0,Neutral
1683,Y8yTY_7w3KA,It’s just better in almost every single way.,It’s just better in almost every single way.,[],"['single', 'way', 'better', 'just']",0.4404,Positive
1684,Y8yTY_7w3KA,"Great review my mate. I never know how excellent until I jump inside. I have to say that you probably dont trust this review coz some kind of discrimination, but go to your local dealer and give it go.","Great review my mate. I never know how excellent until I jump inside. I have to say that you probably dont trust this review coz some kind of discrimination, but go to your local dealer and give it go.",[],"['review', 'excellent', 'local', 'dealer', 'trust']",-0.0772,Negative
1685,Y8yTY_7w3KA,BYD: Hold my Seal 🦭,BYD: Hold my Seal 🦭,[],"['hold', 'seal', 'byd']",0.0,Neutral
1686,Y8yTY_7w3KA,"I am planning to buy BYD Seal. I read an article from UK saying that when the car is passing rough surface road the driver can feel quite strong vibration on the steering wheel. Is that really the case, please kindly share your experience on this matter.","I am planning to buy BYD Seal. I read an article from UK saying that when the car is passing rough surface road the driver can feel quite strong vibration on the steering wheel. Is that really the case, please kindly share your experience on this matter.",['BYD Seal'],"['planning', 'strong', 'read', 'saying', 'buy byd']",0.8929,Positive
1687,Y8yTY_7w3KA,"which color the best for byd seal,  Aurora White or Atlantis Grey ?","which color the best for byd seal, Aurora White or Atlantis Grey ?","['Aurora White', 'Atlantis Grey']","['grey', 'color', 'white', 'byd seal', 'best']",0.6597,Positive
1688,Y8yTY_7w3KA,"Great video Thomas! Really ugly car. It really looks like a cheap Chinese product, well suited for Latin America, and emerging markets.","Great video Thomas! Really ugly car. It really looks like a cheap Chinese product, well suited for Latin America, and emerging markets.","['Thomas', 'Chinese', 'Latin America']","['really', 'chinese product', 'car really', 'thomas really', 'great video']",0.6886,Positive
1689,Y8yTY_7w3KA,Interior color combination looks better than the grey and black option,Interior color combination looks better than the grey and black option,[],"['grey', 'color', 'option', 'looks better', 'black']",0.4767,Positive
1690,Y8yTY_7w3KA,"Piano-black everywhere. Seriously, is there anyone who thinks that this a good finish for a dashboard??? Scratches, fingerprints, visible dust.","Piano-black everywhere. Seriously, is there anyone who thinks that this a good finish for a dashboard??? Scratches, fingerprints, visible dust.",[],"['thinks', 'piano', 'piano black', 'seriously', 'dashboard']",0.4098,Positive
1691,Y8yTY_7w3KA,I would buy this if sold in the U.S.,I would buy this if sold in the U.S.,['U.S.'],"['sold', 'buy']",0.0,Neutral
1692,Y8yTY_7w3KA,It just entered Indonesia yesterday and I'm really considering to get one. But I still have some doubts on long term reliability because I an planning to keep it for at least 5 years.. Any experience with owning a BYD?,It just entered Indonesia yesterday and I'm really considering to get one. But I still have some doubts on long term reliability because I an planning to keep it for at least 5 years.. Any experience with owning a BYD?,"['Indonesia', 'BYD']","['planning', 'owning', 'considering', 'reliability', 'long term']",-0.4215,Negative
1693,Y8yTY_7w3KA,"If you hate cars, you hate the environment, but you love deforestation, uncontrolled mining, and mainland China…then this is the car for you.","If you hate cars, you hate the environment, but you love deforestation, uncontrolled mining, and mainland China…then this is the car for you.",['China'],"['hate', 'china car', 'love', 'china', 'cars']",0.1531,Positive
1694,Y8yTY_7w3KA,"I doubt this it will succeed I think using Tesla super charge you can save a lot of money I watch one video recently where they compare Volkswagen, BYD and new model 3 and the difference was huge about 50% cheaper to charge Tesla","I doubt this it will succeed I think using Tesla super charge you can save a lot of money I watch one video recently where they compare Volkswagen, BYD and new model 3 and the difference was huge about 50% cheaper to charge Tesla","['Tesla', 'Volkswagen', 'BYD']","['charge', 'lot money', 'tesla', 'recently', 'save']",0.8779,Positive
1695,Y8yTY_7w3KA,i wanna see who the legs belong next to you,i wanna see who the legs belong next to you,[],"['legs', 'wanna']",0.0,Neutral
1696,Y8yTY_7w3KA,"Absolutely love Thomas' review on cars!
Thomas, please review the Atto 3! :D","Absolutely love Thomas' review on cars! Thomas, please review the Atto 3! :D","['Thomas', 'the Atto 3']","['thomas', 'review', 'absolutely', 'atto', 'love']",0.9083,Positive
1697,Y8yTY_7w3KA,Only a crazy person would pick a BYD instead of a Tesla. All other EV companies are still behind Tesla,Only a crazy person would pick a BYD instead of a Tesla. All other EV companies are still behind Tesla,"['BYD', 'Tesla']","['pick', 'tesla', 'person', 'crazy', 'companies']",-0.34,Negative
1698,Y8yTY_7w3KA,garbage in garbage out  🤣😂😅😆😁😄😃😀,garbage in garbage out 🤣😂😅😆😁😄😃😀,[],['garbage'],0.9705,Positive
1699,Y8yTY_7w3KA,Hold my Beer .. ohh my Gosh you are funny .,Hold my Beer .. ohh my Gosh you are funny .,[],"['hold', 'funny']",0.4404,Positive
1700,Y8yTY_7w3KA,So much nicer-looking than Tesla's very boring inverted jelly-mould design.,So much nicer-looking than Tesla's very boring inverted jelly-mould design.,['Tesla'],"['looking tesla', 'boring', 'nicer', 'design', 'looking']",-0.3804,Negative
1701,Y8yTY_7w3KA,"If you had to pick between this and volvo ex30 dual motor ultra, which one would you pick and why. Also what would your ultimate EV be in this price range. thanks.","If you had to pick between this and volvo ex30 dual motor ultra, which one would you pick and why. Also what would your ultimate EV be in this price range. thanks.",['ex30'],"['pick', 'volvo', 'price range', 'motor', 'thanks']",0.4404,Positive
1702,Y8yTY_7w3KA,"They removed the full self driving cameras and processors to give us a more equipped car instead, but then it's a question of whether fsd is important for you","They removed the full self driving cameras and processors to give us a more equipped car instead, but then it's a question of whether fsd is important for you",[],"['fsd', 'self', 'question', 'important', 'removed']",0.296,Positive
1703,Y8yTY_7w3KA,"UK ..Before thinking of buying it, check insurance quote (insurance group 48D) maybe getting second mortgage to insure it if not careful","UK ..Before thinking of buying it, check insurance quote (insurance group 48D) maybe getting second mortgage to insure it if not careful",[],"['insurance', 'thinking', 'second', 'check', 'maybe']",-0.1139,Negative
1704,Y8yTY_7w3KA,"8:03 Yea, there is some headroom because the seat is too low. Look at the angle of the legs. 📐 And you can’t even stretch your feet underneath the front seat.","8:03 Yea, there is some headroom because the seat is too low. Look at the angle of the legs. 📐 And you can’t even stretch your feet underneath the front seat.",['8:03 Yea'],"['seat', 'feet', 'yea', 'legs', 'headroom']",-0.2732,Negative
1705,Y8yTY_7w3KA,"Hi Thomas, thank you for the review. I had the impression that it sounded quite noisy inside while you were driving on the Autobahn or was it a mic issue?","Hi Thomas, thank you for the review. I had the impression that it sounded quite noisy inside while you were driving on the Autobahn or was it a mic issue?","['Thomas', 'Autobahn']","['impression', 'hi thomas', 'hi', 'issue', 'thank']",0.3415,Positive
1706,Y8yTY_7w3KA,"I was going to buy a model Y but was surprised by how crappy the interior was. This cheaper Chinese EV seems to have much more luxury and tech feel interior than the Tesla. I wish these would be allowed to enter North America market.  Even if the government tax the crap out of it, it’s still worth it.","I was going to buy a model Y but was surprised by how crappy the interior was. This cheaper Chinese EV seems to have much more luxury and tech feel interior than the Tesla. I wish these would be allowed to enter North America market. Even if the government tax the crap out of it, it’s still worth it.","['Chinese', 'Tesla', 'North America']","['interior', 'north america', 'north', 'enter', 'crappy']",-0.2617,Negative
1707,Y8yTY_7w3KA,"Blaming low prices on Chinese government subsidies is unprofessional. There is no evidence that the Chinese government still has subsidies for Chinese car companies at this stage, China's subsidies at this stage are exempt from purchase tax and are for all electric cars including Tesla and VW. The low prices of many Chinese manufacturers are due to low prices in the supply chain from materials to labor, and byd also integrates and produces its own electric drives, batteries, and chips.","Blaming low prices on Chinese government subsidies is unprofessional. There is no evidence that the Chinese government still has subsidies for Chinese car companies at this stage, China's subsidies at this stage are exempt from purchase tax and are for all electric cars including Tesla and VW. The low prices of many Chinese manufacturers are due to low prices in the supply chain from materials to labor, and byd also integrates and produces its own electric drives, batteries, and chips.","['Chinese', 'China', 'Tesla']","['subsidies', 'prices', 'low', 'chinese', 'chinese government']",-0.9118,Negative
1708,Y8yTY_7w3KA,Your wife dressed for the occasion. Her latex/leather pants look like seal skin. 🤣,Your wife dressed for the occasion. Her latex/leather pants look like seal skin. 🤣,[],"['like seal', 'skin', 'wife', 'pants', 'leather']",0.6908,Positive
1709,Y8yTY_7w3KA,plays minecraft music，great car,plays minecraft music，great car,[],"['music', 'great car', 'great', 'car']",0.25,Positive
1710,Y8yTY_7w3KA,Don't park it inside because they might get on fire and your whole house will burn down!,Don't park it inside because they might get on fire and your whole house will burn down!,[],"['park', 'burn', 'inside', 'don']",-0.4003,Negative
1711,Y8yTY_7w3KA,Model 3 is smoother in my opinion,Model 3 is smoother in my opinion,['Model 3'],"['opinion', 'model']",0.0,Neutral
1712,Y8yTY_7w3KA,What do you think Zeekr 001 compare to the Seal ?,What do you think Zeekr 001 compare to the Seal ?,['Zeekr 001'],"['zeekr', 'compare', 'think', 'seal']",0.0,Neutral
1713,Y8yTY_7w3KA,Clearly a premium product cannot be compared with the tesla model 3 in my opinion. For when a byd tang review?,Clearly a premium product cannot be compared with the tesla model 3 in my opinion. For when a byd tang review?,[],"['tang', 'byd tang', 'clearly', 'premium', 'opinion']",0.4019,Positive
1714,Y8yTY_7w3KA,This is still the best review even with the flood of the more recent ones. Very concise and factual.,This is still the best review even with the flood of the more recent ones. Very concise and factual.,[],"['ones', 'best', 'review']",0.6369,Positive
1715,Y8yTY_7w3KA,"Fantastic looking car. Shame its Chinese. No matter how compelling a product, I won't be putting such a substantial amount of money towards their economy.

Fuck the Chinese government.","Fantastic looking car. Shame its Chinese. No matter how compelling a product, I won't be putting such a substantial amount of money towards their economy. Fuck the Chinese government.",['Chinese'],"['looking car', 'fantastic', 'fuck', 'chinese', 'economy']",-0.0961,Negative
1716,Y8yTY_7w3KA,The most cheapest BYD Seal in Finland costs 4k€ more than the base model Model 3 (facelift). I can't understand who would buy this over cheaper Tesla?,The most cheapest BYD Seal in Finland costs 4k€ more than the base model Model 3 (facelift). I can't understand who would buy this over cheaper Tesla?,"['BYD Seal', 'Finland', 'Model 3', 'Tesla']","['model', 'facelift', 'cheapest', 'base', 'costs']",0.0,Neutral
1717,Y8yTY_7w3KA,"Seriously,  I'm falling asleep  with this review. So boring","Seriously, I'm falling asleep with this review. So boring",[],"['falling', 'seriously', 'boring', 'review']",-0.6476,Negative
1718,Y8yTY_7w3KA,"This blows the tesla way out. Looks better, and I can't take the tesla when they deleted the stalks, buttons, and refuse to add a HUD.","This blows the tesla way out. Looks better, and I can't take the tesla when they deleted the stalks, buttons, and refuse to add a HUD.",['HUD'],"['tesla', 'tesla way', 'stalks', 'hud', 'add']",0.1779,Positive
1719,Y8yTY_7w3KA,Must agree its a lovely car that seems to deliver on quality and bigtime on performance  for a everyday car make a few super cars blush,Must agree its a lovely car that seems to deliver on quality and bigtime on performance for a everyday car make a few super cars blush,[],"['everyday', 'super', 'performance', 'car', 'quality']",0.8807,Positive
1720,Y8yTY_7w3KA,Which lighter colour would look good on the car? White or arctic blue?,Which lighter colour would look good on the car? White or arctic blue?,[],"['white', 'look', 'good', 'car']",0.504,Positive
1721,Y8yTY_7w3KA,"How many have been killed when the BYD very flawed battery system explodes, shooting out jigantic sparks - bolts of lightning - in every direction? Clever packaging but very poor quality control and safety research. Just like everything else China does. And it's over a second slower in a zero-60 drag race.","How many have been killed when the BYD very flawed battery system explodes, shooting out jigantic sparks - bolts of lightning - in every direction? Clever packaging but very poor quality control and safety research. Just like everything else China does. And it's over a second slower in a zero-60 drag race.","['BYD', 'China']","['research', 'killed', 'zero', 'slower', 'like china']",-0.4471,Negative
1722,Y8yTY_7w3KA,"I drove one in Mexico, it was the AWD, sadly I guess didn't have the dynamic suspension because the drive was not good at all, not sporty at all.. everything else is better than Tesla","I drove one in Mexico, it was the AWD, sadly I guess didn't have the dynamic suspension because the drive was not good at all, not sporty at all.. everything else is better than Tesla","['Mexico', 'AWD', 'Tesla']","['sporty', 'drove', 'guess', 'awd', 'mexico']",-0.5408,Negative
1723,Y8yTY_7w3KA,"BYD is an easy choice:
- instrument panel
- HUD
- Apple CarPlay
- Android Auto
- proper indicator stalks
- parking sensors
- more thigh support in every seat
- cheaper
- more space in the back
- more stylish
- longer warranty (at least here in Finland
- can charge it to 100% without any problems
- V2L",BYD is an easy choice: - instrument panel - HUD - Apple CarPlay - Android Auto - proper indicator stalks - parking sensors - more thigh support in every seat - cheaper - more space in the back - more stylish - longer warranty (at least here in Finland - can charge it to 100% without any problems - V2L,"['BYD', 'HUD - Apple CarPlay - Android Auto', 'Finland']","['warranty', 'longer', 'carplay android', 'easy', 'problems']",0.7985,Positive
1724,Y8yTY_7w3KA,"Your headroom in a Model 3, as you can see at 4:51, is every bit as good as the headroom in the Seal.","Your headroom in a Model 3, as you can see at 4:51, is every bit as good as the headroom in the Seal.",[],"['headroom', 'bit', 'good', 'model', 'seal']",0.4404,Positive
1725,Y8yTY_7w3KA,I think they’ve over done it with the exterior design.  How can the next generation look better when this one already looks really good.,I think they’ve over done it with the exterior design. How can the next generation look better when this one already looks really good.,[],"['really good', 'exterior', 'design', 've', 'think']",0.7264,Positive
1726,Y8yTY_7w3KA,"Seal charge faster than Tesla M3 on most public non Tesla specialized charging ports. It also outperforms in extreme cold weather.
At least that is the case in China.",Seal charge faster than Tesla M3 on most public non Tesla specialized charging ports. It also outperforms in extreme cold weather. At least that is the case in China.,"['Tesla M3', 'Tesla', 'China']","['public', 'cold', 'faster', 'tesla', 'm3']",0.0,Neutral
1727,Y8yTY_7w3KA,I still prefer the simplicity of a tesla.,I still prefer the simplicity of a tesla.,[],"['simplicity', 'prefer', 'tesla']",0.0,Neutral
1728,Y8yTY_7w3KA,When will be in USA?,When will be in USA?,['USA'],['usa'],0.0,Neutral
1729,Y8yTY_7w3KA,great fire car....BBQ for the whole family...,great fire car....BBQ for the whole family...,['BBQ'],"['family', 'great car', 'great', 'car']",0.4019,Positive
1730,Y8yTY_7w3KA,"But the level 2 autopilot is sucks , No summon parking , no auto steer city driving .","But the level 2 autopilot is sucks , No summon parking , no auto steer city driving .",[],"['autopilot', 'city', 'parking', 'sucks', 'level']",-0.8338,Negative
1731,Y8yTY_7w3KA,"Note that contrary to the first info and contrary to how they sold the vehicle to customers, the BYD Seal does come with animal skin leather. Customers bought the vehicle expecting animal free leatherette while BYD did not offer consistent information.","Note that contrary to the first info and contrary to how they sold the vehicle to customers, the BYD Seal does come with animal skin leather. Customers bought the vehicle expecting animal free leatherette while BYD did not offer consistent information.",['BYD'],"['animal', 'customers', 'vehicle', 'note', 'leatherette']",0.5106,Positive
1732,Y8yTY_7w3KA,"I don't understand why electric cars are required to have chimes for pedestrians. My current ICE Kia is so quiet that you literally cannot hear it running while standing right next to it.  

Modern cars are remarkably quiet. Electric or not.",I don't understand why electric cars are required to have chimes for pedestrians. My current ICE Kia is so quiet that you literally cannot hear it running while standing right next to it. Modern cars are remarkably quiet. Electric or not.,['Kia'],"['quiet', 'electric', 'chimes', 'running', 'required']",-0.6369,Negative
1733,Y8yTY_7w3KA,Built and designed in China. Buyer beware.,Built and designed in China. Buyer beware.,['China'],"['designed', 'built', 'china']",0.0,Neutral
1734,Y8yTY_7w3KA,Byd overseas prices are close to doubling their Chinese prices. So to me the subsidy/dumping argument is pure BS to cover up protectionism.,Byd overseas prices are close to doubling their Chinese prices. So to me the subsidy/dumping argument is pure BS to cover up protectionism.,['Chinese'],"['prices', 'close', 'bs', 'chinese', 'byd']",-0.3612,Negative
1735,Y8yTY_7w3KA,Teslas are so ugly,Teslas are so ugly,['Teslas'],"['teslas', 'ugly']",-0.6418,Negative
1736,Y8yTY_7w3KA,"Here is the fact. BYD makes around $700（650 EURO) profit on each car sold while tesla makes average $10000(9000 EURO) on there cars.  Do a simple calculation, then there is no brainer to choose which one to go for even if they are same priced.","Here is the fact. BYD makes around $700（650 EURO) profit on each car sold while tesla makes average $10000(9000 EURO) on there cars. Do a simple calculation, then there is no brainer to choose which one to go for even if they are same priced.",['BYD'],"['euro', 'makes', 'byd makes', 'priced', 'choose']",0.1779,Positive
1737,Y8yTY_7w3KA,Much better looking than Tesla !,Much better looking than Tesla !,['Tesla'],"['better looking', 'looking tesla', 'looking', 'better', 'tesla']",0.4926,Positive
1738,Y8yTY_7w3KA,Are there any videos of ‘roll over’ test? I am not convinced that the glass roof without a central bar would be safe. Lower selling price must equate to lower quality somewhere even though the car is massively subsidized by the Chinese government,Are there any videos of ‘roll over’ test? I am not convinced that the glass roof without a central bar would be safe. Lower selling price must equate to lower quality somewhere even though the car is massively subsidized by the Chinese government,['Chinese'],"['lower', 'subsidized chinese', 'roll', 'roof', 'central']",-0.4133,Negative
1739,Y8yTY_7w3KA,LOL. Luv the ice cream truck sound!  The microfiber insert looks like two layers of foam. Vegan interior = plastic. Seen many BYD cars on fire in China. I would wait 5 to 10 years before I would  buy one. Not very Fahrvergnugen.,LOL. Luv the ice cream truck sound! The microfiber insert looks like two layers of foam. Vegan interior = plastic. Seen many BYD cars on fire in China. I would wait 5 to 10 years before I would buy one. Not very Fahrvergnugen.,"['BYD', 'China', 'Fahrvergnugen']","['cream truck', 'cars china', '10 years', 'vegan', 'truck']",0.6027,Positive
1740,Y8yTY_7w3KA,ACC in 5km/h increments - perfect. Just like my Subaru. Doesn't need fixing according to me.,ACC in 5km/h increments - perfect. Just like my Subaru. Doesn't need fixing according to me.,"['ACC', 'km/h', 'Subaru']","['just like', 'perfect', 'doesn', 'need', 'just']",0.7351,Positive
1741,Y8yTY_7w3KA,Can't wait for EV cars to use solid state batteries.,Can't wait for EV cars to use solid state batteries.,[],"['state', 'batteries', 'wait', 'use', 'ev']",0.1531,Positive
1742,Y8yTY_7w3KA,Where did you perform the test (in which city). I love Germany!,Where did you perform the test (in which city). I love Germany!,['Germany'],"['perform', 'city', 'germany', 'test', 'love']",0.6696,Positive
1743,Y8yTY_7w3KA,"I would love if revievers of e-cars would have a bit of focus on the software in the cars. Like for example: If i want to do a long drive, like a vacation in my car as us europeans tend to do al lot, how is it to plan charging stations with the software? Does it do it by itself, or is it gonna be a lot of planning for the driver? And how well is the car at estimating its state of charge - the amount of range left, when you arrive at the chosen charging station? Is it over-estimating it's own range, or can you rely on the numbers?","I would love if revievers of e-cars would have a bit of focus on the software in the cars. Like for example: If i want to do a long drive, like a vacation in my car as us europeans tend to do al lot, how is it to plan charging stations with the software? Does it do it by itself, or is it gonna be a lot of planning for the driver? And how well is the car at estimating its state of charge - the amount of range left, when you arrive at the chosen charging station? Is it over-estimating it's own range, or can you rely on the numbers?",['europeans'],"['software', 'lot', 'charging', 'range', 'planning']",0.9111,Positive
1744,Y8yTY_7w3KA,Tesla and apple. Most over hyped products.,Tesla and apple. Most over hyped products.,[],"['products', 'apple', 'tesla']",0.0,Neutral
1745,Y8yTY_7w3KA,The long term TCO of the BYD Seal and Tesla Model 3 is the most important.  The long run picture will determine if I would trust buying anything made by a chinese company,The long term TCO of the BYD Seal and Tesla Model 3 is the most important. The long run picture will determine if I would trust buying anything made by a chinese company,"['Tesla Model 3', 'chinese']","['long', 'buying chinese', 'run', 'long term', 'trust']",0.659,Positive
1746,Y8yTY_7w3KA,"Thomas, your reviews are the best. Keep up the great work.","Thomas, your reviews are the best. Keep up the great work.",['Thomas'],"['reviews', 'best', 'work', 'thomas', 'great']",0.8519,Positive
1747,Y8yTY_7w3KA,No not horror movie sound. It sounds like a beautiful Chinese melody. I like it.,No not horror movie sound. It sounds like a beautiful Chinese melody. I like it.,['Chinese'],"['horror movie', 'movie', 'horror', 'like', 'beautiful']",0.6395,Positive
1748,Y8yTY_7w3KA,Is Apple CarPlay wireless ?,Is Apple CarPlay wireless ?,['Apple CarPlay'],"['wireless', 'apple carplay', 'carplay', 'apple']",0.0,Neutral
1749,Y8yTY_7w3KA,"Nah, still not as sleek looking as Tesla. It's like android vs iphone....android may have better things but it looks like it's trying too hard.","Nah, still not as sleek looking as Tesla. It's like android vs iphone....android may have better things but it looks like it's trying too hard.","['Nah', 'Tesla']","['android', 'like android', 'nah', 'vs', 'iphone']",0.631,Positive
1750,Y8yTY_7w3KA,I would have liked an introduction of the parking. Like the 360° camera and the USS as well. They seem from other videos i've seen very advanced. And specially against tesla this is a big PLUS.,I would have liked an introduction of the parking. Like the 360° camera and the USS as well. They seem from other videos i've seen very advanced. And specially against tesla this is a big PLUS.,['the USS'],"['liked', 'advanced', 'camera', 'parking', 've seen']",0.8268,Positive
1751,Y8yTY_7w3KA,One of the best car reviews I've ever seen. Very well done.,One of the best car reviews I've ever seen. Very well done.,[],"['best car', 've seen', 'reviews', 'best', 'seen']",0.7645,Positive
1752,Y8yTY_7w3KA,"The subsidies about Chinese cars are such BS, the only thing you dont pay is tax when buying an ev, where in Europe you actually get subsidies.","The subsidies about Chinese cars are such BS, the only thing you dont pay is tax when buying an ev, where in Europe you actually get subsidies.","['Chinese', 'Europe']","['subsidies', 'bs', 'tax', 'pay', 'actually']",0.0762,Positive
1753,Y8yTY_7w3KA,proud of china,proud of china,['china'],"['proud', 'china']",0.4767,Positive
1754,Y8yTY_7w3KA,Tesla model 3– never like it. It feels like drive car with Ipad. Doesn’t feel like driving,Tesla model 3– never like it. It feels like drive car with Ipad. Doesn’t feel like driving,['Ipad'],"['like', 'feels like', 'feel like', 'feels', 'ipad']",0.4386,Positive
1755,Y8yTY_7w3KA,The car's safety is my major concern.  News about BYD's fire has been censored in China.,The car's safety is my major concern. News about BYD's fire has been censored in China.,"['BYD', 'China']","['major', 'news', 'safety', 'china', 'byd']",-0.0516,Negative
1756,Y8yTY_7w3KA,LOVE THIS CAR...,LOVE THIS CAR...,[],"['love', 'car']",0.6369,Positive
1757,Y8yTY_7w3KA,I am a Tesla fan but this looks way nicer than a Model 3.,I am a Tesla fan but this looks way nicer than a Model 3.,['Tesla'],"['fan', 'nicer', 'way', 'model', 'looks']",0.6705,Positive
1758,Y8yTY_7w3KA,"I can’t say for this particular model, but Chinese products in general have very good design and functions, but QC is absolutely crap, things start to break after a very short time, you see a lot of Chinese made cars look and feel like 20 years Toyota while the fact that they are just a few years old.","I can’t say for this particular model, but Chinese products in general have very good design and functions, but QC is absolutely crap, things start to break after a very short time, you see a lot of Chinese made cars look and feel like 20 years Toyota while the fact that they are just a few years old.","['Chinese', 'Toyota']","['years', 'general', 'years old', 'cars look', 'functions']",0.5719,Positive
1759,Y8yTY_7w3KA,Its not all about the car its about the entire product system and Tesla offers a supercharging network which in America is really a system far into future already.,Its not all about the car its about the entire product system and Tesla offers a supercharging network which in America is really a system far into future already.,"['Tesla', 'America']","['network', 'entire', 'future', 'product', 'far']",0.0,Neutral
1760,Y8yTY_7w3KA,How is the beeping/warnings from the ADAS system. Did you do a test drive without disabling them ?,How is the beeping/warnings from the ADAS system. Did you do a test drive without disabling them ?,['ADAS'],"['adas', 'test drive', 'test', 'drive', 'did']",0.3724,Positive
1761,Y8yTY_7w3KA,"Regarding the interior, I'd prefer Model 3's simplicity.","Regarding the interior, I'd prefer Model 3's simplicity.","[""Model 3's""]","['regarding', 'prefer model', 'simplicity', 'prefer', 'interior']",0.0,Neutral
1762,Y8yTY_7w3KA,"Thanks Thomas! This review has sold me, I'm ordering one early 2024!","Thanks Thomas! This review has sold me, I'm ordering one early 2024!",['Thomas'],"['early', '2024', 'sold', 'thanks', 'thomas']",0.5399,Positive
1763,Y8yTY_7w3KA,"The Chinese government don't subsidise the car manufacturers, they subsidise buyers. And the buyer subsidies are getting lower now. The reason why the Chinese cars are competitive at price is because they have full supply chains in China.","The Chinese government don't subsidise the car manufacturers, they subsidise buyers. And the buyer subsidies are getting lower now. The reason why the Chinese cars are competitive at price is because they have full supply chains in China.","['Chinese', 'China']","['buyers', 'supply', 'competitive', 'subsidies', 'chinese']",-0.128,Negative
1764,Y8yTY_7w3KA,A matchbox toy car would  be better than the downmarket pile of junk Tesla produces.,A matchbox toy car would be better than the downmarket pile of junk Tesla produces.,['Tesla'],"['pile', 'toy', 'junk', 'better', 'tesla']",0.4404,Positive
1765,Y8yTY_7w3KA,"6:45 - 6:53 very nice feature. i wish every car brand would adapt that..... i dont like inside, too much gloss black, exterior looks decent. pretty dreadful UI design/graphic.... no sunroof shade is a very bad trend they follow.","6:45 - 6:53 very nice feature. i wish every car brand would adapt that..... i dont like inside, too much gloss black, exterior looks decent. pretty dreadful UI design/graphic.... no sunroof shade is a very bad trend they follow.",[],"['follow', '45', 'sunroof', 'decent', 'exterior']",-0.2523,Negative
1766,Y8yTY_7w3KA,Sounds like an ice cream van when moving slowly.,Sounds like an ice cream van when moving slowly.,[],"['like ice', 'van', 'cream van', 'moving', 'cream']",0.3612,Positive
1767,Y8yTY_7w3KA,BYD explodes in a ball of flames in China--good luck... You should buy cars from a proper car manufacturer with years of experience.,BYD explodes in a ball of flames in China--good luck... You should buy cars from a proper car manufacturer with years of experience.,"['BYD', 'China']","['car manufacturer', 'flames', 'explodes', 'proper', 'luck']",0.4588,Positive
1768,Y8yTY_7w3KA,I still prefer the tesla model 3 design and man the seats are so functional and high quality but damn BYD have really caught up to be as good with a lower price tag.Ill surely be getting a BYD for my next car if this keeps up,I still prefer the tesla model 3 design and man the seats are so functional and high quality but damn BYD have really caught up to be as good with a lower price tag.Ill surely be getting a BYD for my next car if this keeps up,['BYD'],"['price tag', 'caught', 'surely', 'tag', 'damn']",0.3291,Positive
1769,Y8yTY_7w3KA,Indicator sound can be changed to a different sound in the menu.,Indicator sound can be changed to a different sound in the menu.,[],"['sound', 'changed', 'indicator', 'different']",0.0,Neutral
1770,Y8yTY_7w3KA,Bring that shit to the US we need some variety already LOL... And if they was ever able to bring it over here please let it stay a sedan and not another boring crossover we in the states got enough of them as it is😅,Bring that shit to the US we need some variety already LOL... And if they was ever able to bring it over here please let it stay a sedan and not another boring crossover we in the states got enough of them as it is😅,[],"['bring', 'stay', 'states', 'boring', 'able']",0.6903,Positive
1771,Y8yTY_7w3KA,chinese expansion in action - welcome new world order!,chinese expansion in action - welcome new world order!,['chinese'],"['order', 'world', 'new', 'chinese']",0.5093,Positive
1772,Y8yTY_7w3KA,Shame it is not a hatchback/fastback.  Looks very nice though,Shame it is not a hatchback/fastback. Looks very nice though,[],"['hatchback', 'looks nice', 'shame', 'nice', 'looks']",-0.0018,Neutral
1773,Y8yTY_7w3KA,Your girlfriend looks very attractive. You must show her also it will be good for your channel 😊,Your girlfriend looks very attractive. You must show her also it will be good for your channel 😊,[],"['girlfriend', 'attractive', 'channel', 'good', 'looks']",0.902,Positive
1774,Y8yTY_7w3KA,"It doesn't matter. EV's are piling up in overflow lots everywhere because the dealers just can't sell enough of them. Hardly surprising as they are just too expensive for most people, and even if the prices were reduced both the manufacturers and the dealers would lose money. Then there is the risk of the battery just bursting into flames. It's hardly surprising that EV's are not being sold in sufficient quantities for it to be a sustainable solution. Ford and GM have just shutdown their entire EV production. I expect more will follow.","It doesn't matter. EV's are piling up in overflow lots everywhere because the dealers just can't sell enough of them. Hardly surprising as they are just too expensive for most people, and even if the prices were reduced both the manufacturers and the dealers would lose money. Then there is the risk of the battery just bursting into flames. It's hardly surprising that EV's are not being sold in sufficient quantities for it to be a sustainable solution. Ford and GM have just shutdown their entire EV production. I expect more will follow.",['Ford'],"['just', 'dealers', 'ev', 'follow', 'expect']",0.0103,Neutral
1775,Y8yTY_7w3KA,"Hi Thomas and thanks for the video. I currently have a 2022 propulsion Model 3. I'd like something quicker like the AWD Highland Model 3 but this AWD BYD Seals is nice too.
Over the Model 3, I like the fact it's a performance version but with the convenience of the LFP battery. I also like the more conventionnal approach with stalks, HUD, blind spot indicator in the mirror etc. The suspension and overall comfort seems better too. I don't like the fact that there's an on/off button for the car (I constantly forgot to turn it off in my wife's Kona). Overall, coming from a Tesla, it looks like a clusterf**k of buttons BTW. Boot space is ridiculous compared to the Model 3 but I might not need too much either. Charging port is on the wrong side for current superchargers too.
I don't know, could you help me make up my mind please?
What's the sound system like BTW?","Hi Thomas and thanks for the video. I currently have a 2022 propulsion Model 3. I'd like something quicker like the AWD Highland Model 3 but this AWD BYD Seals is nice too. Over the Model 3, I like the fact it's a performance version but with the convenience of the LFP battery. I also like the more conventionnal approach with stalks, HUD, blind spot indicator in the mirror etc. The suspension and overall comfort seems better too. I don't like the fact that there's an on/off button for the car (I constantly forgot to turn it off in my wife's Kona). Overall, coming from a Tesla, it looks like a clusterf**k of buttons BTW. Boot space is ridiculous compared to the Model 3 but I might not need too much either. Charging port is on the wrong side for current superchargers too. I don't know, could you help me make up my mind please? What's the sound system like BTW?","['Thomas', 'Model 3', 'LFP', 'HUD', 'Kona', 'Tesla', 'clusterf**k']","['like', 'model', 'btw', 'overall', 'awd']",0.9661,Positive
1776,Y8yTY_7w3KA,It took me so long to realize that the black thing was actually legs💀,It took me so long to realize that the black thing was actually legs💀,[],"['legs', 'took', 'black', 'actually', 'long']",0.0,Neutral
1777,Y8yTY_7w3KA,"Thomas, maybe soon a review of the BYD Dolphin...?","Thomas, maybe soon a review of the BYD Dolphin...?",['Thomas'],"['byd dolphin', 'soon', 'dolphin', 'maybe', 'thomas']",0.0,Neutral
1778,Y8yTY_7w3KA,I just hope they don't blow up when parked indoors. I'm very wary of Chinese made vehicles for fear of battery explosions lol. I hope I'm wrong though,I just hope they don't blow up when parked indoors. I'm very wary of Chinese made vehicles for fear of battery explosions lol. I hope I'm wrong though,['Chinese'],"['hope', 'blow', 'vehicles', 'battery', 'lol']",0.3182,Positive
1779,Y8yTY_7w3KA,"awful branding, ugly big emblem on the front, and “Seal”? 😂 no, just no","awful branding, ugly big emblem on the front, and “Seal”? 😂 no, just no",[],"['seal just', 'awful', 'ugly', 'big', 'seal']",-0.6808,Negative
1780,Y8yTY_7w3KA,If this was a hatchback I'd be seriously considering this car. Such a shame.,If this was a hatchback I'd be seriously considering this car. Such a shame.,[],"['hatchback', 'considering', 'seriously', 'shame', 'car']",-0.5859,Negative
1781,Y8yTY_7w3KA,No. It’s Chinese shi-. You must be getting paid by BYD…,No. It’s Chinese shi-. You must be getting paid by BYD…,"['Chinese', 'BYD']","['getting paid', 'getting', 'paid', 'chinese', 'byd']",0.0,Neutral
1782,Y8yTY_7w3KA,Bye-bye German car industry 😂 😂 😂,Bye-bye German car industry 😂 😂 😂,['German'],"['bye', 'german car', 'bye bye', 'car industry', 'german']",0.8271,Positive
1783,Y8yTY_7w3KA,"This is much uglier than the Tesla. In fact, many of these premium Chinese cars I've seen are uglier copies of someone else's car. They only win on price most of the time, and I'm certain the quality and ongoing support isn't going to be as good - at least not in the early development of these cars. BYD stock long term? Yes. Buy a BYD? No.","This is much uglier than the Tesla. In fact, many of these premium Chinese cars I've seen are uglier copies of someone else's car. They only win on price most of the time, and I'm certain the quality and ongoing support isn't going to be as good - at least not in the early development of these cars. BYD stock long term? Yes. Buy a BYD? No.","['Tesla', 'Chinese', 'BYD']","['win', 'certain', 'early', 'cars', 'premium']",0.7998,Positive
1784,Y8yTY_7w3KA,And spies you all the time. Oh those Europeans! 😂,And spies you all the time. Oh those Europeans! 😂,['Europeans'],"['europeans', 'oh', 'time']",0.4926,Positive
1785,Y8yTY_7w3KA,There really is a race to the bottom here. Europe's Model 3 gets the refresh before US does really shows how competitive its becoming.,There really is a race to the bottom here. Europe's Model 3 gets the refresh before US does really shows how competitive its becoming.,"['Europe', 'Model 3']","['really', 'competitive', 'shows', 'race', 'gets']",0.2415,Positive
1786,Y8yTY_7w3KA,"The Seal seems to be the real Tesla killer we've been waiting for. Better build quality, better on the road, better looks, a central display, better haptics, better battery technology, good prices... 

And since Musk himself is an autocrat supporting liar why not just buy directly from a Chinese company.","The Seal seems to be the real Tesla killer we've been waiting for. Better build quality, better on the road, better looks, a central display, better haptics, better battery technology, good prices... And since Musk himself is an autocrat supporting liar why not just buy directly from a Chinese company.","['Tesla', 'Musk', 'Chinese']","['better', 'central', 'tesla killer', 'directly', 'waiting']",0.8934,Positive
1787,Y8yTY_7w3KA,This style of car is not the kind of car i would go far.  I find them to be very unattractive.  This however is a lot nicer than the Teslas.  Especially the interior.  Teslas look too minimal and cheap compared to this.  This is lush!,This style of car is not the kind of car i would go far. I find them to be very unattractive. This however is a lot nicer than the Teslas. Especially the interior. Teslas look too minimal and cheap compared to this. This is lush!,['Teslas'],"['teslas', 'style', 'compared', 'nicer', 'especially']",-0.1494,Negative
1788,Y8yTY_7w3KA,"I wouldn't be able to live with this low speed whine.. I know it's mandatory, but it's too loud in the cabin.. Every time you cross the speed threshold it's in/off.. So in a city it would be madning..
Chinese like many pointless whistles and bells.. Dings and songs.. I actually orever the clean design of the TM3.","I wouldn't be able to live with this low speed whine.. I know it's mandatory, but it's too loud in the cabin.. Every time you cross the speed threshold it's in/off.. So in a city it would be madning.. Chinese like many pointless whistles and bells.. Dings and songs.. I actually orever the clean design of the TM3.",['Chinese'],"['speed', 'cabin', 'city', 'wouldn', 'low speed']",0.6718,Positive
1789,Y8yTY_7w3KA,so much promo for the byd. I'm curious on long term and repair how it will be... tesla failed miserable 😅,so much promo for the byd. I'm curious on long term and repair how it will be... tesla failed miserable 😅,[],"['repair', 'long term', 'term', 'long', 'tesla']",-0.4019,Negative
1790,Y8yTY_7w3KA,Dont said competitor if US can bring that car to US,Dont said competitor if US can bring that car to US,[],"['competitor', 'bring', 'dont', 'said', 'car']",0.0,Neutral
1791,Y8yTY_7w3KA,"How good is the navigation, stereo, OTA, fsd preparation??!!","How good is the navigation, stereo, OTA, fsd preparation??!!",['OTA'],"['fsd', 'navigation', 'good']",0.5919,Positive
1792,Y8yTY_7w3KA,How large is the frunk???!!!,How large is the frunk???!!!,[],"['frunk', 'large']",0.0,Neutral
1793,Y8yTY_7w3KA,"Are you comparing to the old m3?? And what version…P, LR, SR or m3+ or what???!!!","Are you comparing to the old m3?? And what version…P, LR, SR or m3+ or what???!!!",[],"['m3', 'comparing', 'version', 'old']",0.0,Neutral
1794,Y8yTY_7w3KA,Tall people?? Be more specific!!! You miss this all the time!,Tall people?? Be more specific!!! You miss this all the time!,[],"['tall', 'time', 'people']",-0.5254,Negative
1795,Y8yTY_7w3KA,"How deep was the rear sub trunk, important!!","How deep was the rear sub trunk, important!!",[],"['rear', 'important']",0.3365,Positive
1796,Y8yTY_7w3KA,Better than any Tesla,Better than any Tesla,['Tesla'],"['better tesla', 'better', 'tesla']",0.4404,Positive
1797,Y8yTY_7w3KA,"The 'low speed' noise is really really annoying, they definitely have some issues to fix for the European market","The 'low speed' noise is really really annoying, they definitely have some issues to fix for the European market",['European'],"['really', 'noise', 'low speed', 'fix', 'issues']",-0.3416,Negative
1798,Y8yTY_7w3KA,"Thomas, 1 question: does this car also have it integrated that it says where you can charge and if so, if it also says something about fast charging locations? I imagine it's not as advanced as Tesla, but can you please answer this? Many thanks :)","Thomas, 1 question: does this car also have it integrated that it says where you can charge and if so, if it also says something about fast charging locations? I imagine it's not as advanced as Tesla, but can you please answer this? Many thanks :)","['Thomas', 'Tesla']","['says', 'advanced', 'answer', 'question', 'imagine']",0.8954,Positive
1799,Y8yTY_7w3KA,"The price only 36k in China, 650km 4WD.   and is the top one.....","The price only 36k in China, 650km 4WD. and is the top one.....",['China'],"['price', 'china']",0.2023,Positive
1800,Y8yTY_7w3KA,Dont buy chinese brands.,Dont buy chinese brands.,['chinese'],"['buy chinese', 'chinese brands', 'dont', 'brands', 'buy']",0.0,Neutral
1801,Y8yTY_7w3KA,China beating Tesla again in nearly every area.. The audible low speed sounds need some work but it looks like a comprehensive win for BYD over Tesla,China beating Tesla again in nearly every area.. The audible low speed sounds need some work but it looks like a comprehensive win for BYD over Tesla,"['China', 'BYD', 'Tesla']","['win', 'comprehensive', 'tesla', 'byd tesla', 'low speed']",0.8555,Positive
1802,Y8yTY_7w3KA,Much better looking than a Tesla...,Much better looking than a Tesla...,['Tesla'],"['better looking', 'looking tesla', 'looking', 'better', 'tesla']",0.4404,Positive
1803,Y8yTY_7w3KA,BYD = Bring Your Dollars 😂,BYD = Bring Your Dollars 😂,[],"['byd bring', 'dollars', 'bring', 'byd']",0.4404,Positive
1804,Y8yTY_7w3KA,"He lost all credibility with me when he said the frunk was "" quite substantial""... no it's not!! 
Clearly being overly generous.","He lost all credibility with me when he said the frunk was "" quite substantial""... no it's not!! Clearly being overly generous.",[],"['clearly', 'frunk', 'lost', 'quite', 'said']",-0.3021,Negative
1805,Y8yTY_7w3KA,I prefer the Model 3 - best car I’ve ever owned. Simply phenomenal.,I prefer the Model 3 - best car I’ve ever owned. Simply phenomenal.,['Model 3'],"['best car', 'prefer model', 'simply', 'prefer', 'best']",0.6369,Positive
1806,Y8yTY_7w3KA,Is this a Chinese EV?,Is this a Chinese EV?,['Chinese'],"['chinese ev', 'ev', 'chinese']",0.0,Neutral
1807,Y8yTY_7w3KA,"actually,  the toughest expectations are in China.","actually, the toughest expectations are in China.",['China'],"['expectations', 'actually', 'china']",-0.0772,Negative
1808,Y8yTY_7w3KA,Chinese crap financed by a party that deals with an egomaniac dictator,Chinese crap financed by a party that deals with an egomaniac dictator,['Chinese'],"['party', 'chinese crap', 'crap', 'chinese']",0.0258,Neutral
1809,Y8yTY_7w3KA,Not gonna lie. This car looks more expensive than Tesla 3,Not gonna lie. This car looks more expensive than Tesla 3,[],"['car looks', 'gonna', 'expensive', 'looks', 'tesla']",0.0,Neutral
1810,Y8yTY_7w3KA,"Still wouldn't change my Model 3 to this in any circumstances. Very cheap looking materials, too many buttons and one too many screens. Love the Tesla's minimalistic interior and iPhone-like simplicity ❤️","Still wouldn't change my Model 3 to this in any circumstances. Very cheap looking materials, too many buttons and one too many screens. Love the Tesla's minimalistic interior and iPhone-like simplicity ❤️","['Model 3', 'Tesla']","['simplicity', 'materials', 'iphone', 'wouldn', 'change']",0.6369,Positive
1811,Y8yTY_7w3KA,This look like a better and more practical car than model 3,This look like a better and more practical car than model 3,[],"['practical', 'look like', 'look', 'model', 'better']",0.6597,Positive
1812,Y8yTY_7w3KA,"When you tilted that screen!!!!
I drew my wallet out!",When you tilted that screen!!!! I drew my wallet out!,[],['screen'],0.0,Neutral
1813,Y8yTY_7w3KA,"Great Video thank you.  Would love see reviews of Avatr 11 and Avatr 12 as I plan to buy the Avatr12 in Shenzhen when I move there end of next yr, currently have BMW i4 M50, good car but very boring / $$ and seems very lack of tech compare to Avatr 12.","Great Video thank you. Would love see reviews of Avatr 11 and Avatr 12 as I plan to buy the Avatr12 in Shenzhen when I move there end of next yr, currently have BMW i4 M50, good car but very boring / $$ and seems very lack of tech compare to Avatr 12.","['Great Video', 'Shenzhen', 'BMW', 'M50']","['12', 'currently', 'lack', 'great video', 'boring']",0.0183,Neutral
1814,Y8yTY_7w3KA,"doesnt have the Tech Tesla does. Not as fast, no supercharging network. Just no.","doesnt have the Tech Tesla does. Not as fast, no supercharging network. Just no.",['Tech'],"['network', 'doesnt', 'fast', 'tech', 'does']",0.2235,Positive
1815,Y8yTY_7w3KA,Yes looks much better than the model 3 and cheaper,Yes looks much better than the model 3 and cheaper,[],"['better model', 'looks better', 'cheaper', 'yes', 'model']",0.6808,Positive
1816,Y8yTY_7w3KA,Better than Tesla,Better than Tesla,['Tesla'],"['better tesla', 'better', 'tesla']",0.4404,Positive
1817,Y8yTY_7w3KA,"not a chance, anything that comes out of china is a joke","not a chance, anything that comes out of china is a joke",['china'],"['joke', 'chance', 'comes', 'china']",0.1179,Positive
1818,Y8yTY_7w3KA,nice looking guy but my God those Android interfaces always look horrible and ruins things... :),nice looking guy but my God those Android interfaces always look horrible and ruins things... :),['Android'],"['nice looking', 'horrible', 'god', 'guy', 'android']",-0.2617,Negative
1819,Y8yTY_7w3KA,BYD? Bring Your own Driving vehicle?,BYD? Bring Your own Driving vehicle?,[],"['byd bring', 'bring', 'vehicle', 'driving', 'byd']",0.0,Neutral
1820,Y8yTY_7w3KA,Topspeed 180 ? Geee,Topspeed 180 ? Geee,[],[],0.0,Neutral
1821,Y8yTY_7w3KA,Don’t buy from Chinese owned companies. China is a dictatorship with no democracy or human rights. Giving them our money will backfire. Just as EU discovered by trusting Putin.,Don’t buy from Chinese owned companies. China is a dictatorship with no democracy or human rights. Giving them our money will backfire. Just as EU discovered by trusting Putin.,"['Chinese', 'China', 'Putin']","['dictatorship', 'human', 'discovered', 'don buy', 'giving']",0.4404,Positive
1822,Y8yTY_7w3KA,They finally removed the corny “Build Your Dreams” text on the back,They finally removed the corny “Build Your Dreams” text on the back,[],"['finally', 'build dreams', 'dreams', 'removed', 'build']",0.0,Neutral
1823,Y8yTY_7w3KA,They need to find how China is spying us with the help of this car and ban it from EU and US :))))))))))))))))))  Or maybe its a transformers car that in a war time transforms and explodes.... quick before they destroy Tesla!,They need to find how China is spying us with the help of this car and ban it from EU and US :)))))))))))))))))) Or maybe its a transformers car that in a war time transforms and explodes.... quick before they destroy Tesla!,['China'],"['spying', 'ban', 'quick', 'explodes', 'war']",-0.8622,Negative
1824,Y8yTY_7w3KA,"Exterior look decent but once they introduce the interior … looks like shit … esp the steering, my 2017 Kia steering look 10x better then that crap","Exterior look decent but once they introduce the interior … looks like shit … esp the steering, my 2017 Kia steering look 10x better then that crap",['Kia'],"['steering', 'look', 'like shit', 'kia', 'decent']",-0.8402,Negative
1825,Y8yTY_7w3KA,"Looks nice,  adas not as good.  Charging slower,  acceleration slower.","Looks nice, adas not as good. Charging slower, acceleration slower.",['adas'],"['slower', 'adas', 'looks nice', 'acceleration', 'charging']",0.1012,Positive
1826,Y8yTY_7w3KA,"Vegan seats,  they can that vynyl or plastic.","Vegan seats, they can that vynyl or plastic.",['Vegan'],"['vegan', 'plastic', 'seats']",0.0,Neutral
1827,Y8yTY_7w3KA,I wonder how it will compare to the Model 3 Highland driving wise. Maybe it would be interesting to do a comparison.,I wonder how it will compare to the Model 3 Highland driving wise. Maybe it would be interesting to do a comparison.,['the Model 3 Highland'],"['comparison', 'model highland', 'compare', 'highland', 'wonder']",0.7003,Positive
1828,Y8yTY_7w3KA,Definitely better than model 3,Definitely better than model 3,[],"['better model', 'definitely', 'model', 'better']",0.6808,Positive
1829,Y8yTY_7w3KA,Chinese car is not CHEAP BUT AFFORDABLE. Do not have a cheap n old metality instead.😂😂,Chinese car is not CHEAP BUT AFFORDABLE. Do not have a cheap n old metality instead.😂😂,['Chinese'],"['cheap', 'affordable', 'instead', 'chinese car', 'old']",0.8271,Positive
1830,Y8yTY_7w3KA,"Umm, its chinese right?  So dumb question!","Umm, its chinese right? So dumb question!",['chinese'],"['question', 'dumb', 'right', 'chinese']",-0.674,Negative
1831,Y8yTY_7w3KA,"Great car. But, nobody buys sedans anymore. Mis size SUVs are king. What BYD needs is to bring just slightly bigger version of Atto 3 to the international market. Atto 3 is very good, just a tad too small for some people, and needs dual motor version. Also, pity BYD felt they had to copy the idiotic, useless full glass roof from Tesla. All it does is make car heavier, make insurance cost more(yes, they do crack and are very expensive to replace), make the car cost more, allow a lot more heat into the cabin and ZERO actual use. Nobody looks up to the sky, nothing to see there.","Great car. But, nobody buys sedans anymore. Mis size SUVs are king. What BYD needs is to bring just slightly bigger version of Atto 3 to the international market. Atto 3 is very good, just a tad too small for some people, and needs dual motor version. Also, pity BYD felt they had to copy the idiotic, useless full glass roof from Tesla. All it does is make car heavier, make insurance cost more(yes, they do crack and are very expensive to replace), make the car cost more, allow a lot more heat into the cabin and ZERO actual use. Nobody looks up to the sky, nothing to see there.","['BYD', 'Atto 3', 'Tesla', 'ZERO']","['make', 'make car', 'cost', 'needs', 'version']",-0.4159,Negative
1832,Y8yTY_7w3KA,Try out the ADAS features if it has these and charging the experience in a long trip.,Try out the ADAS features if it has these and charging the experience in a long trip.,['ADAS'],"['adas', 'try', 'experience', 'features', 'charging']",0.0,Neutral
1833,Y8yTY_7w3KA,"If China makes their logo more discrete or use just smaller icons, they will sell even more. It’s about quiet luxury now. Strong Design is key. Made in China 2025","If China makes their logo more discrete or use just smaller icons, they will sell even more. It’s about quiet luxury now. Strong Design is key. Made in China 2025","['China', 'Strong Design']","['china', 'logo', 'strong', 'quiet', '2025']",0.5106,Positive
1834,Y8yTY_7w3KA,Would be interesting to hear your take on this vs the Zeekr 001 and the updated Polestar 2.,Would be interesting to hear your take on this vs the Zeekr 001 and the updated Polestar 2.,['Polestar 2'],"['zeekr', 'polestar', 'updated', 'vs', 'hear']",0.4019,Positive
1835,Y8yTY_7w3KA,The rear seats are soo low!,The rear seats are soo low!,[],"['rear', 'seats', 'low']",-0.3382,Negative
1836,Y8yTY_7w3KA,Yucky Chinese product,Yucky Chinese product,['Yucky Chinese'],"['chinese product', 'product', 'chinese']",-0.4215,Negative
1837,Y8yTY_7w3KA,We want to see Liyaaa !!!!,We want to see Liyaaa !!!!,[],['want'],0.3544,Positive
1838,Y8yTY_7w3KA,"BYD is for sure going to ruffle some Tesla ""feathers"" with introduction of the Seal which looks like a worthy competitor! Also, to see the BYD Tang landing in Europe will most probably result in many Cybertruck orders being cancelled. in fact, I'd be surprised if we ever get to see the Cybertruck in Europe!","BYD is for sure going to ruffle some Tesla ""feathers"" with introduction of the Seal which looks like a worthy competitor! Also, to see the BYD Tang landing in Europe will most probably result in many Cybertruck orders being cancelled. in fact, I'd be surprised if we ever get to see the Cybertruck in Europe!","['BYD', 'Tesla', 'Seal', 'Europe', 'Cybertruck']","['europe', 'byd tang', 'seal looks', 'tang', 'competitor']",0.8011,Positive
1839,Y8yTY_7w3KA,14:37 Leah meter approve...,14:37 Leah meter approve...,[],['14'],0.0,Neutral
1840,Y8yTY_7w3KA,That interior… so much potential. But it just hurts my eyes…,That interior… so much potential. But it just hurts my eyes…,[],"['eyes', 'interior', 'just']",-0.631,Negative
1841,Y8yTY_7w3KA,Surprised they managed to cram 82kwh into an LFP pack! I wonder if tesla will use lfp in their long range models too.,Surprised they managed to cram 82kwh into an LFP pack! I wonder if tesla will use lfp in their long range models too.,['LFP'],"['lfp', 'long range', 'surprised', 'wonder', 'models']",0.2942,Positive
1842,Y8yTY_7w3KA,I live in Thailand and just bought a Tesla Model 3. 3 weeks later BYD launched the Seal 😂😂😂 This is a car i wouldve seriously considered.,I live in Thailand and just bought a Tesla Model 3. 3 weeks later BYD launched the Seal 😂😂😂 This is a car i wouldve seriously considered.,"['Thailand', 'Model 3', 'BYD', 'Seal']","['later', 'just bought', 'weeks', 'considered', 'thailand']",0.8176,Positive
1843,Y8yTY_7w3KA,"Very impressive and beautifully designed, but I think governments are going to try and stop sells due to political reasons, which is a pity. Wow the seats looks amazing, much better than the model 3.","Very impressive and beautifully designed, but I think governments are going to try and stop sells due to political reasons, which is a pity. Wow the seats looks amazing, much better than the model 3.",[],"['pity', 'sells', 'better model', 'designed', 'try']",0.9374,Positive
1844,Y8yTY_7w3KA,"After this week's long trip outside of Scotland's charging network, with chargers not working, getting soaked in the process, gettjng moaned at from the missus who now officially hates EVs, im looking to swap to a low BIK rax rate plug in hybrid. The thought of doing a journey in a single run is very attractive. Service stations are horrible, expensive places and the EV charging rates are more expensive than fossil fuel. So unless there's a 400-500 range ev out there,  im done.","After this week's long trip outside of Scotland's charging network, with chargers not working, getting soaked in the process, gettjng moaned at from the missus who now officially hates EVs, im looking to swap to a low BIK rax rate plug in hybrid. The thought of doing a journey in a single run is very attractive. Service stations are horrible, expensive places and the EV charging rates are more expensive than fossil fuel. So unless there's a 400-500 range ev out there, im done.","['Scotland', 'BIK']","['im', 'expensive', 'charging', 'ev', 'stations']",-0.6915,Negative
1845,Y8yTY_7w3KA,Never trust the Chinese Quality Control.,Never trust the Chinese Quality Control.,['the Chinese Quality Control'],"['trust chinese', 'quality control', 'trust', 'control', 'quality']",-0.4023,Negative
1846,Y8yTY_7w3KA,What type of idiot would say it's better than the model 3,What type of idiot would say it's better than the model 3,[],"['type', 'better model', 'say', 'model', 'better']",-0.1027,Negative
1847,Y8yTY_7w3KA,"Obviously, the software, charging, and self driving tech is not to Tesla's level. Real buttons on an EV is like a real keyboard on an iphone.","Obviously, the software, charging, and self driving tech is not to Tesla's level. Real buttons on an EV is like a real keyboard on an iphone.",['Tesla'],"['real', 'self', 'iphone', 'level', 'software']",0.3612,Positive
1848,Y8yTY_7w3KA,"Hello Thomas
My impression is that you get a lot less of a car for the money you spend on it. Everyone in the car industry was bragging about that the cheap Chinese cars will be more affordable... seems that there are a lot of naive guys out there to believe that. 
It's more expensive than a Tesla and it gets you less range, although you have an 82.5 kWh net capacity. To put that into perspective, the RWD Model 3 achieves 515 km WLTP with 30% less battery (LFP also), while the Seal RWD has 570 km. Then, the AWD Model 3 gets 600+ WLTP from a 75 kWh battery while the Seal gets Seal clubbed at 520 km. 
And it's not aerodynamics. Seal has a 0.219 cd value, so the extra weight and the inefficient motors makes me not bothering to consider it in the future.

Then there is the interior. Some parts feel cheap compared to something that you see on Hyundai / Kia cars, but they feel better compared to Tesla Model 3, However not as the price tag would let you believe.
The screens look best when they're turned off. Because when you turn them on, they look like the Head Units that you can buy from AliBaba or AliExpress. I was very disappointed to see that the layouts reminded me of some very cheap Chinese Head Unit that I installed on my old Honda Civic in order to get AA.
But the most obvious things were the knock-offs from other car manufacturers, that this car has: 
- the Tesla door handles
- the Bentley steering wheel
- the Leaf-like center-console with
- the Volvo gear selector and
- the 15"" screen that simply has a lot of wasted space

The charging speed it nothing to write home about either. For some reason it started so slow for the first 2 minutes (under 10 kW). I thought that the charger was the culprit, but no... 
The battery charges itself in 48 minutes from 10 to 80%. To put that into perspective, my 2019 Kona 64 kWh charges in ~40 minutes in the same conditions, while having 77 kW peak power. Maybe not a very good comparison, when you look at the capacity, but with more emphasis on the time component. And my Kona has almost 5 years old tech in it.
And while it's rated at ""150 kW peak"", it never got more than 125 kW. The charger (300 kW EnBW) was providing 125 kW, the car showed 119 kW.

When driving, the humming at < 30 km/h was painful. I didn't got the chance to look into how can I disable it, but it was very annoying, particularly when you'd stop at a traffic light. In Hyundai / Kia, that sound is almost muted when the car comes to a halt.
Suspension was, indeed better than in Model 3, but again, you're expecting more for the extra money that you pay for it.
The car's prices are at least 3,000 € over Model 3, and you have pay an extra ""surprise fee"" of 1,300€ on top of that price. They call it ""transfer fee"".","Hello Thomas My impression is that you get a lot less of a car for the money you spend on it. Everyone in the car industry was bragging about that the cheap Chinese cars will be more affordable... seems that there are a lot of naive guys out there to believe that. It's more expensive than a Tesla and it gets you less range, although you have an 82.5 kWh net capacity. To put that into perspective, the RWD Model 3 achieves 515 km WLTP with 30% less battery (LFP also), while the Seal RWD has 570 km. Then, the AWD Model 3 gets 600+ WLTP from a 75 kWh battery while the Seal gets Seal clubbed at 520 km. And it's not aerodynamics. Seal has a 0.219 cd value, so the extra weight and the inefficient motors makes me not bothering to consider it in the future. Then there is the interior. Some parts feel cheap compared to something that you see on Hyundai / Kia cars, but they feel better compared to Tesla Model 3, However not as the price tag would let you believe. The screens look best when they're turned off. Because when you turn them on, they look like the Head Units that you can buy from AliBaba or AliExpress. I was very disappointed to see that the layouts reminded me of some very cheap Chinese Head Unit that I installed on my old Honda Civic in order to get AA. But the most obvious things were the knock-offs from other car manufacturers, that this car has: - the Tesla door handles - the Bentley steering wheel - the Leaf-like center-console with - the Volvo gear selector and - the 15"" screen that simply has a lot of wasted space The charging speed it nothing to write home about either. For some reason it started so slow for the first 2 minutes (under 10 kW). I thought that the charger was the culprit, but no... The battery charges itself in 48 minutes from 10 to 80%. To put that into perspective, my 2019 Kona 64 kWh charges in ~40 minutes in the same conditions, while having 77 kW peak power. Maybe not a very good comparison, when you look at the capacity, but with more emphasis on the time component. And my Kona has almost 5 years old tech in it. And while it's rated at ""150 kW peak"", it never got more than 125 kW. The charger (300 kW EnBW) was providing 125 kW, the car showed 119 kW. When driving, the humming at < 30 km/h was painful. I didn't got the chance to look into how can I disable it, but it was very annoying, particularly when you'd stop at a traffic light. In Hyundai / Kia, that sound is almost muted when the car comes to a halt. Suspension was, indeed better than in Model 3, but again, you're expecting more for the extra money that you pay for it. The car's prices are at least 3,000 € over Model 3, and you have pay an extra ""surprise fee"" of 1,300€ on top of that price. They call it ""transfer fee"".","['Thomas My', 'Chinese', 'Tesla', 'Model 3', 'WLTP', 'LFP', 'Hyundai', 'Kia', 'Tesla Model 3', 'AliBaba', 'AliExpress', 'Honda', 'Civic', 'Bentley', 'Volvo', 'Kona']","['km', 'model', 'kwh', 'car', 'extra']",-0.9557,Negative
1849,Y8yTY_7w3KA,China cars are on par or better than any western cars now. So proud of them.❤,China cars are on par or better than any western cars now. So proud of them.❤,['China'],"['proud', 'cars', 'china cars', 'western', 'better']",0.902,Positive
1850,Y8yTY_7w3KA,Avoid BYD at all costs https://youtu.be/yOA7qKMcjcE?si=fvjIjaXey-hRUUoC,Avoid BYD at all costs,[],"['costs', 'byd']",-0.296,Negative
1851,Y8yTY_7w3KA,"Are those perforated seats ventilated? 
Do they Support Apple music?",Are those perforated seats ventilated? Do they Support Apple music?,[],"['music', 'seats', 'support', 'apple']",0.4696,Positive
1852,Y8yTY_7w3KA,"BYD is CCP controlled landfill, and a ripoff at any price. If you’re naive enough to buy one, you deserve what’s coming to you","BYD is CCP controlled landfill, and a ripoff at any price. If you’re naive enough to buy one, you deserve what’s coming to you","['BYD', 'CCP']","['naive', 'coming', 'ccp', 'price', 'buy']",-0.2732,Negative
1853,Y8yTY_7w3KA,Crash test? Will it caught fire ? As in China they have lower standards on crash tests and BYD has jad fire issues.,Crash test? Will it caught fire ? As in China they have lower standards on crash tests and BYD has jad fire issues.,"['China', 'BYD']","['crash', 'standards', 'caught', 'lower', 'issues']",-0.8948,Negative
1854,Y8yTY_7w3KA,It's a literal anti-Model 3 in its design and execution. It has many more interesting design elements and a much richer interior. Sounds like the NVH is pretty well sorted too.,It's a literal anti-Model 3 in its design and execution. It has many more interesting design elements and a much richer interior. Sounds like the NVH is pretty well sorted too.,"['anti-Model 3', 'NVH']","['design', 'sounds like', 'interesting', 'sounds', 'pretty']",0.9216,Positive
1855,Y8yTY_7w3KA,Are you comparing to the Model 3 Highland or prior version?,Are you comparing to the Model 3 Highland or prior version?,['the Model 3 Highland'],"['comparing', 'model highland', 'highland', 'version', 'model']",0.0,Neutral
1856,Y8yTY_7w3KA,"Nice, informative and helpful review! Had atto3 for half a year, loved that, will def. get this one over the M3/Y, especially with family onboard.","Nice, informative and helpful review! Had atto3 for half a year, loved that, will def. get this one over the M3/Y, especially with family onboard.",[],"['def', 'atto3', 'm3', 'family', 'especially']",0.8687,Positive
1857,Y8yTY_7w3KA,"I think now society is well beyond ridiculing electric vehicles anymore, Have we reached the point Where we question the point of owning a gas guzling vehicle?","I think now society is well beyond ridiculing electric vehicles anymore, Have we reached the point Where we question the point of owning a gas guzling vehicle?",[],"['point', 'owning', 'question', 'anymore', 'vehicles']",-0.0772,Negative
1858,Y8yTY_7w3KA,"I hate how everyone makes the speedometer a small square blob why can’t they add some styling & make it looks like how the OG cars had them? SMH please make them more appealing to the eyes, make them into some circle or ovals #BYD #carcompanies #modern","I hate how everyone makes the speedometer a small square blob why can’t they add some styling & make it looks like how the OG cars had them? SMH please make them more appealing to the eyes, make them into some circle or ovals BYD carcompanies modern",['BYD'],"['make', 'speedometer', 'modern', 'add', 'eyes']",-0.4466,Negative
1859,Y8yTY_7w3KA,#BYD should make a station wagon/estate version of this EV.,BYD should make a station wagon/estate version of this EV.,['BYD'],"['estate', 'station', 'version', 'make', 'ev']",0.0,Neutral
1860,Y8yTY_7w3KA,Ferrari Modena vs Aston Martin DB10,Ferrari Modena vs Aston Martin DB10,"['Ferrari Modena', 'Aston Martin']",['vs'],0.0,Neutral
1861,Y8yTY_7w3KA,"In terms of subsidies. The price in EU is actually twice as much as that in China for the same model.  It is interesting to ask who collects that extra 100%. And by knowing the fact that someone else is taking great advantage from it,  the Chinese government is still willing to pay subsidies on it.","In terms of subsidies. The price in EU is actually twice as much as that in China for the same model. It is interesting to ask who collects that extra 100%. And by knowing the fact that someone else is taking great advantage from it, the Chinese government is still willing to pay subsidies on it.","['China', 'Chinese']","['subsidies', 'advantage', 'terms', 'ask', 'twice']",0.8126,Positive
1862,Y8yTY_7w3KA,You are comparing the BYD to the Tesla Model 3 or the latest version of the Tesla Model 3 (Highland) ???,You are comparing the BYD to the Tesla Model 3 or the latest version of the Tesla Model 3 (Highland) ???,['BYD'],"['tesla model', 'model', 'tesla', 'comparing', 'latest']",0.0,Neutral
1863,Y8yTY_7w3KA,Was this a comparison between the Old Model 3 or the New Model 3?,Was this a comparison between the Old Model 3 or the New Model 3?,[],"['model', 'comparison', 'new model', 'old', 'new']",0.0,Neutral
1864,Y8yTY_7w3KA,"Copy Cat Tesla,  little more.","Copy Cat Tesla, little more.",['Copy Cat Tesla'],"['copy', 'little', 'tesla']",0.0,Neutral
1865,Y8yTY_7w3KA,OMG how can you even mention an M3 or a C63 in the same sentence with this shitty car? It's Germany legacy and you're shitting on your own country with a Chinese made car in a communist dictatorship,OMG how can you even mention an M3 or a C63 in the same sentence with this shitty car? It's Germany legacy and you're shitting on your own country with a Chinese made car in a communist dictatorship,"['Germany', 'Chinese']","['dictatorship', 'shitty', 'm3', 'germany', 'omg']",-0.7269,Negative
1866,Y8yTY_7w3KA,"Accually, this car is not popular in China, because most Chinese buy sedans for daily home use, so they care about room and comfort rather than driving experience. Hope it will sells well in Europe.","Accually, this car is not popular in China, because most Chinese buy sedans for daily home use, so they care about room and comfort rather than driving experience. Hope it will sells well in Europe.","['China', 'Chinese', 'Europe']","['sedans', 'driving experience', 'sells', 'comfort', 'room']",0.8246,Positive
1867,Y8yTY_7w3KA,"Shouldn't these be banned? Great tech great cars but covered with the Chinese communist party's fingerprints.

Xi sat with putin today with a big smile as 200k plus Europeans  have been slaughtered in the past year.",Shouldn't these be banned? Great tech great cars but covered with the Chinese communist party's fingerprints. Xi sat with putin today with a big smile as 200k plus Europeans have been slaughtered in the past year.,"['Chinese', 'putin', 'Europeans']","['great', 'europeans', 'communist party', 'chinese communist', 'sat']",0.8438,Positive
1868,Y8yTY_7w3KA,It's going to be really pricy in Europe due to tariffs because the EU brands can't compete since they only seem to be able to make only overly expensive cars.,It's going to be really pricy in Europe due to tariffs because the EU brands can't compete since they only seem to be able to make only overly expensive cars.,['Europe'],"['tariffs', 'compete', 'eu', 'able', 'brands']",0.0,Neutral
1869,Y8yTY_7w3KA,"Nice. But, are they rust protecting it? The Achilles heel of *every* nascent Asian manufacturer has always been, and likely always shall be, a total ambivalence to rust.","Nice. But, are they rust protecting it? The Achilles heel of *every* nascent Asian manufacturer has always been, and likely always shall be, a total ambivalence to rust.","['Achilles', 'Asian']","['rust', 'likely', 'asian', 'manufacturer', 'nice']",0.2263,Positive
1870,Y8yTY_7w3KA,The full lights look hideous,The full lights look hideous,[],"['lights', 'look']",0.0,Neutral
1871,Y8yTY_7w3KA,It looks so damn ugly in my opinion,It looks so damn ugly in my opinion,[],"['opinion', 'damn', 'ugly', 'looks']",-0.7946,Negative
1872,Y8yTY_7w3KA,Hey viewer from Australia here! Ordered my Seal last night and watched this great review video! Can't wait to drive my own seal!,Hey viewer from Australia here! Ordered my Seal last night and watched this great review video! Can't wait to drive my own seal!,['Australia'],"['seal', 'drive seal', 'ordered seal', 'watched', 'night']",0.7751,Positive
1873,Y8yTY_7w3KA,"In Thailand, the top speed is locked at 190km/h.","In Thailand, the top speed is locked at 190km/h.","['Thailand', 'km/h']","['thailand', 'speed']",0.2023,Positive
1874,Y8yTY_7w3KA,"Ok, that pedestrian warning noise would annoy the hell out of me, and my neighbours. That is louder than most ICE cars, for sure. What I like about my model 3 is the silence at low speed. They need to make it much quieter or have the ability to disable it. We have no such legal requirements in my market so the first thing I would do is disconnect the external speaker.","Ok, that pedestrian warning noise would annoy the hell out of me, and my neighbours. That is louder than most ICE cars, for sure. What I like about my model 3 is the silence at low speed. They need to make it much quieter or have the ability to disable it. We have no such legal requirements in my market so the first thing I would do is disconnect the external speaker.",[],"['annoy', 'disable', 'warning', 'legal', 'ability']",-0.8161,Negative
1875,Y8yTY_7w3KA,That chime is annoying! wow.,That chime is annoying! wow.,[],"['chime', 'annoying', 'wow']",0.3382,Positive
1876,Y8yTY_7w3KA,"Shut the fuck up, come to the US  AND TAKE MY MONEY!!!!!!!!!!!!!!!!","Shut the fuck up, come to the US AND TAKE MY MONEY!!!!!!!!!!!!!!!!",[],"['fuck', 'come', 'money']",-0.6876,Negative
1877,Y8yTY_7w3KA,byd fire coming to town near you ..,byd fire coming to town near you ..,[],"['near', 'coming', 'byd']",-0.34,Negative
1878,Y8yTY_7w3KA,User experience in china tells you can actually reach 150kw charging unlike Tesla,User experience in china tells you can actually reach 150kw charging unlike Tesla,"['china', 'Tesla']","['user', 'unlike', 'reach', 'experience', 'actually']",0.0258,Neutral
1879,Y8yTY_7w3KA,"Can it actually rival EQE ?   This is a very bold statement.   Thomas,  I hope you can clarify further on this comment.     Maybe I should go to the show room and find out myself.","Can it actually rival EQE ? This is a very bold statement. Thomas, I hope you can clarify further on this comment. Maybe I should go to the show room and find out myself.","['EQE', 'Thomas']","['statement', 'room', 'comment', 'actually', 'maybe']",0.6997,Positive
1880,Y8yTY_7w3KA,A very impressive review. What a great car.,A very impressive review. What a great car.,[],"['great car', 'impressive', 'review', 'great', 'car']",0.8268,Positive
1881,Y8yTY_7w3KA,Byd gotta make up a logo fr,Byd gotta make up a logo fr,[],"['logo', 'gotta', 'make', 'byd']",0.0,Neutral
1882,Y8yTY_7w3KA,The only thing that I dislike in the interior of this car it must be the Mercedes like shiny plastic. This is terrible. More mat like material or ceramic would work much nicer in my opinion.,The only thing that I dislike in the interior of this car it must be the Mercedes like shiny plastic. This is terrible. More mat like material or ceramic would work much nicer in my opinion.,['Mercedes'],"['material', 'interior car', 'mercedes', 'dislike', 'like']",0.3566,Positive
1883,Y8yTY_7w3KA,"The Sound at low Speeds is kinda annoying, I really consider buying it but I hope they include a turn off Button.","The Sound at low Speeds is kinda annoying, I really consider buying it but I hope they include a turn off Button.","['Speeds', 'Button']","['include', 'consider', 'kinda', 'annoying', 'turn']",0.3811,Positive
1884,Y8yTY_7w3KA,US$36500 in Australia undercutting Tesla M3 by more than 20%. Lots of Sales domination at this price.,US$36500 in Australia undercutting Tesla M3 by more than 20%. Lots of Sales domination at this price.,"['Australia', 'Tesla']","['sales', 'm3', 'lots', 'australia', '20']",-0.0516,Negative
1885,Y8yTY_7w3KA,No reason to choose this over highland model 3 if it's more expensive. Model 3 still king of ev at the 40k price range. Byd is good but not enough for me to choose it over tesla for now,No reason to choose this over highland model 3 if it's more expensive. Model 3 still king of ev at the 40k price range. Byd is good but not enough for me to choose it over tesla for now,[],"['choose', 'model', 'highland model', 'price range', 'king']",0.09,Positive
1886,Y8yTY_7w3KA,"18:30

BYD may be following the 1988/1989 180kmh Japanese ""gentleman's agreement"" limit- so when you see 180kmh top speed on a car it often means the real top speed is higher but they're aligning to the Japanese 'standard' so they can sell cars there/fit in to the Japanese standard","18:30 BYD may be following the 1988/1989 180kmh Japanese ""gentleman's agreement"" limit- so when you see 180kmh top speed on a car it often means the real top speed is higher but they're aligning to the Japanese 'standard' so they can sell cars there/fit in to the Japanese standard","['18:30 BYD', 'Japanese']","['japanese', 'standard', 'speed', '18', 'means']",0.4404,Positive
1887,Y8yTY_7w3KA,"The seal is not a smart BEV, but model 3 is","The seal is not a smart BEV, but model 3 is",[],"['smart', 'model', 'seal']",-0.1603,Negative
1888,Y8yTY_7w3KA,Chinese Crap Poo car. avoid like the plague.,Chinese Crap Poo car. avoid like the plague.,['Chinese'],"['chinese crap', 'crap', 'chinese', 'like', 'car']",-0.3182,Negative
1889,Y8yTY_7w3KA,"Would love to hear the annoying chimes that need to be disabled every time you enter the car. This ""safety"" trend is annoying.

Also hope they release an update to make the exterior noise quieter, it makes no sense some EVs are way louder than a simple japanese 1.0 petrol engine.","Would love to hear the annoying chimes that need to be disabled every time you enter the car. This ""safety"" trend is annoying. Also hope they release an update to make the exterior noise quieter, it makes no sense some EVs are way louder than a simple japanese 1.0 petrol engine.",['japanese'],"['annoying', 'chimes', 'enter', 'update', 'sense']",0.5789,Positive
1890,Y8yTY_7w3KA,great car but sounds like an ice cream van....🍦,great car but sounds like an ice cream van....🍦,[],"['like ice', 'cream van', 'van', 'cream', 'ice cream']",0.7003,Positive
1891,Y8yTY_7w3KA,"when byd ,get in europa whit all in....Volkswagen will sell  brabust and  ketchup souce 😂","when byd ,get in europa whit all in....Volkswagen will sell brabust and ketchup souce 😂",['Volkswagen'],"['sell', 'byd']",0.4404,Positive
1892,Y8yTY_7w3KA,"They just announced the pricing for this in Australia and it undercuts the Model 3 by $12,000! Incredible value given Thomas thinks it's still worth it if it was priced a little higher even.","They just announced the pricing for this in Australia and it undercuts the Model 3 by $12,000! Incredible value given Thomas thinks it's still worth it if it was priced a little higher even.","['Australia', 'the Model 3', 'Thomas']","['pricing', 'thinks', 'priced', '12', 'incredible']",0.5974,Positive
1893,Y8yTY_7w3KA,Don’t fall for this hype BYD is the definition of made in china,Don’t fall for this hype BYD is the definition of made in china,"['BYD', 'china']","['hype', 'fall', 'don', 'china', 'byd']",0.0,Neutral
1894,Y8yTY_7w3KA,I read a lot of reviews about the jerky safety systems with constant annoying beeps. What are your findings?,I read a lot of reviews about the jerky safety systems with constant annoying beeps. What are your findings?,[],"['read', 'annoying', 'safety', 'reviews', 'lot']",0.0258,Neutral
1895,Y8yTY_7w3KA,BYD ? Why buy copycat when u can get the original and better ?,BYD ? Why buy copycat when u can get the original and better ?,[],"['original', 'better', 'buy', 'byd']",0.6767,Positive
1896,Y8yTY_7w3KA,"21:14 in fact, the Chinese government subsidizes the Chinese customers on buying the EVs, both domestic and foreign, NOT the EV producers like the European media has been saying","21:14 in fact, the Chinese government subsidizes the Chinese customers on buying the EVs, both domestic and foreign, NOT the EV producers like the European media has been saying","['Chinese', 'European']","['14', 'saying', 'chinese', 'media', 'customers']",0.3612,Positive
1897,Y8yTY_7w3KA,I wish some of these Chinese companies would come to America.  Force theses other automakers to price accordingly 😭,I wish some of these Chinese companies would come to America. Force theses other automakers to price accordingly 😭,"['Chinese', 'America']","['automakers', 'chinese companies', 'companies', 'america', 'wish']",-0.1027,Negative
1898,Y8yTY_7w3KA,I like the BYD Seal stirring wheel which is more or less flat at the bottom so that I feel better when I am turning the car.,I like the BYD Seal stirring wheel which is more or less flat at the bottom so that I feel better when I am turning the car.,['BYD Seal'],"['flat', 'feel better', 'like byd', 'turning', 'feel']",0.6597,Positive
1899,Y8yTY_7w3KA,"Impressive, your truly incredible Thomas, but it was great to have them show you the car at over one hundred and ninety per hour, and what an assessment huh.🚗","Impressive, your truly incredible Thomas, but it was great to have them show you the car at over one hundred and ninety per hour, and what an assessment huh.🚗",['Thomas'],"['thomas great', 'incredible', 'great car', 'impressive', 'thomas']",0.8674,Positive
1900,Y8yTY_7w3KA,Made in China,Made in China,['China'],['china'],0.0,Neutral
1901,Y8yTY_7w3KA,Can you tell anything about the sound system? Another tester said that volume was really low?,Can you tell anything about the sound system? Another tester said that volume was really low?,[],"['tell', 'sound', 'said', 'low', 'really']",-0.4124,Negative
1902,Y8yTY_7w3KA,"Great review. 👍
The Chinese car makers definitely know what they're doing. It's a shame the European manufacturers have rested too much on their laurels.
It's unlikely they can catch up tbh.",Great review. 👍 The Chinese car makers definitely know what they're doing. It's a shame the European manufacturers have rested too much on their laurels. It's unlikely they can catch up tbh.,"['Chinese', 'European']","['car makers', 'review chinese', 'tbh', 'makers', 'catch']",0.5719,Positive
1903,Y8yTY_7w3KA,hope they can enter the American market... it's a nice looking vehicle,hope they can enter the American market... it's a nice looking vehicle,['American'],"['nice looking', 'enter', 'american', 'market', 'hope']",0.6908,Positive
1904,Y8yTY_7w3KA,"Very good review.  I saw a Seal when I was recently in China.  It looks even better in real life than on video.  Somehow they got the styling exactly right, it's much better looking than the Tesla.  I hope they fix the low-speed sound issue, you're not the only one to complain about that.  Should be doable via software.","Very good review. I saw a Seal when I was recently in China. It looks even better in real life than on video. Somehow they got the styling exactly right, it's much better looking than the Tesla. I hope they fix the low-speed sound issue, you're not the only one to complain about that. Should be doable via software.","['China', 'Tesla']","['better', 'exactly', 'recently', 'saw', 'better looking']",0.8553,Positive
1905,Y8yTY_7w3KA,https://www.youtube.com/watch?v=yOA7qKMcjcE&t=188s What would you say about what is happening to these BYD electric and how they are going on fire in China,What would you say about what is happening to these BYD electric and how they are going on fire in China,"['BYD', 'China']","['byd electric', 'going', 'electric', 'say', 'china']",-0.34,Negative
1906,Y8yTY_7w3KA,Thanks for the great objective review thomas. This car is really impressive to earn such high marks from you,Thanks for the great objective review thomas. This car is really impressive to earn such high marks from you,[],"['car really', 'objective review', 'thanks great', 'objective', 'review thomas']",0.8908,Positive
1907,Y8yTY_7w3KA,"That chime encourages you to go quicker in urban areas so you can get rid of it, and of some pedestrians at the same time. ;p😅","That chime encourages you to go quicker in urban areas so you can get rid of it, and of some pedestrians at the same time. ;p😅",[],"['rid', 'chime', 'time']",0.6597,Positive
1908,Y8yTY_7w3KA,"What’s with glass roofs on cars these days? I feel like that’s a safety concern and it’ll just make the interior of the car hotter when it’s sunny.

Also maybe I’m old school but I’m not a fan of all these settings in cars, going through menus or touching a touch screen to change things without any feedback when driving seems dangerous. I’m glad this one actually has physical buttons on the steering wheel and not capacitive touch buttons.

Looks decent overall actually.","What’s with glass roofs on cars these days? I feel like that’s a safety concern and it’ll just make the interior of the car hotter when it’s sunny. Also maybe I’m old school but I’m not a fan of all these settings in cars, going through menus or touching a touch screen to change things without any feedback when driving seems dangerous. I’m glad this one actually has physical buttons on the steering wheel and not capacitive touch buttons. Looks decent overall actually.",[],"['actually', 'touch', 'buttons', 'touching', 'glad']",0.2399,Positive
1909,Y8yTY_7w3KA,That blinker sound! 🤦🏻‍♂️,That blinker sound! 🤦🏻‍♂️,[],['sound'],0.0,Neutral
1910,Y8yTY_7w3KA,Seems that BYD have produced a really good looking car. And then they soil it by putting the loudest exterior slow speed noise and the noisiest indicator flashers. 2 little things that would stop me buying it. Shame isn’t it. Great review Thomas.,Seems that BYD have produced a really good looking car. And then they soil it by putting the loudest exterior slow speed noise and the noisiest indicator flashers. 2 little things that would stop me buying it. Shame isn’t it. Great review Thomas.,"['BYD', 'Thomas']","['really good', 'stop buying', 'good looking', 'looking car', 'slow']",0.4576,Positive
1911,Y8yTY_7w3KA,Could not get past that interior; it's ghastly.,Could not get past that interior; it's ghastly.,[],"['past', 'interior']",0.0,Neutral
1912,Y8yTY_7w3KA,Hope BYD will bring an estate version of the Seal as well to Europe,Hope BYD will bring an estate version of the Seal as well to Europe,['Europe'],"['estate', 'byd bring', 'bring', 'version', 'europe']",0.6124,Positive
1913,Y8yTY_7w3KA,"It sounds decent but in the UK new it'd cost £47,000 where as a Tesla model 3 LR would be £42,000.

You'd be paying an extra £5000 on the BYD for an extra 18 miles of range but a  slower drive, and going by reviews it won't be as comfortable and the sound system not as good.

But hopefully they do improve and iterate on the pricing a bit better to compete more, as I think they'll be a real contender for Tesla going forward.

I honestly enjoy some of the quirks this car has as well like the rotating screen.","It sounds decent but in the UK new it'd cost £47,000 where as a Tesla model 3 LR would be £42,000. You'd be paying an extra £5000 on the BYD for an extra 18 miles of range but a slower drive, and going by reviews it won't be as comfortable and the sound system not as good. But hopefully they do improve and iterate on the pricing a bit better to compete more, as I think they'll be a real contender for Tesla going forward. I honestly enjoy some of the quirks this car has as well like the rotating screen.","['Tesla', 'BYD']","['extra', '000', 'going', 'slower', 'improve']",0.9663,Positive
1914,Y8yTY_7w3KA,"Amazing review, one of the best reviews on the market of this car with good detail showing what people really want to know","Amazing review, one of the best reviews on the market of this car with good detail showing what people really want to know",[],"['showing', 'reviews', 'amazing', 'market', 'best']",0.9099,Positive
1915,Y8yTY_7w3KA,"electric cars = 💀
chinese electric cars = 💀💀💀",electric cars = 💀 chinese electric cars = 💀💀💀,['chinese'],"['electric cars', 'electric', 'cars', 'chinese']",0.0,Neutral
1916,Y8yTY_7w3KA,I have the byd atto 3,I have the byd atto 3,[],"['byd atto', 'atto', 'byd']",0.0,Neutral
1917,Y8yTY_7w3KA,No competitor for Tesla but a Terminator of highly subsidized german OEMs. Game over krauts 😅,No competitor for Tesla but a Terminator of highly subsidized german OEMs. Game over krauts 😅,"['Tesla', 'german']","['game', 'subsidized', 'competitor', 'german', 'tesla']",0.3919,Positive
1918,Y8yTY_7w3KA,No thanks. Chinese branded vehicles has a very high likelihood of having built-in spyware,No thanks. Chinese branded vehicles has a very high likelihood of having built-in spyware,['Chinese'],"['spyware', 'built', 'vehicles', 'high', 'having']",-0.3412,Negative
1919,Y8yTY_7w3KA,"Great review, Thomas. It's great to see more good EVs coming to market as we all benefit. There is plenty of room for growth without having to compete with Tesla.
Much is said in the West about the CCP subsidising it's car industry but the simple truth is that their cost of production is far lower accounting for the price disparities rather than government subsidies.","Great review, Thomas. It's great to see more good EVs coming to market as we all benefit. There is plenty of room for growth without having to compete with Tesla. Much is said in the West about the CCP subsidising it's car industry but the simple truth is that their cost of production is far lower accounting for the price disparities rather than government subsidies.","['Thomas', 'Tesla', 'CCP']","['great', 'thomas great', 'subsidising', 'production', 'compete tesla']",0.846,Positive
1920,Y8yTY_7w3KA,The Chinese government has already stopped subsidising the electric buses and EV in 2022! This is just an excuse by the EU to try to stop cheap Imports!,The Chinese government has already stopped subsidising the electric buses and EV in 2022! This is just an excuse by the EU to try to stop cheap Imports!,['Chinese'],"['subsidising', 'stopped', 'try', 'chinese government', 'eu']",-0.5242,Negative
1921,Y8yTY_7w3KA,"How about the sound system, any good? Compared to like Burmeister?","How about the sound system, any good? Compared to like Burmeister?",['Burmeister'],"['compared', 'sound', 'good', 'like']",0.6966,Positive
1922,Y8yTY_7w3KA,is BYD made in China? the website said BYD Han....hmmmm,is BYD made in China? the website said BYD Han....hmmmm,"['BYD', 'China', 'Han']","['byd han', 'han', 'byd', 'said', 'china']",0.0,Neutral
1923,Y8yTY_7w3KA,"If you're looking for a comprehensive, detailed, well-balanced, and unbiased review of Chinese-made cars, you should come here or consider other German car reviewers. Unlike their UK and US counterparts, they have the ability to provide a professional, technical, and impartial evaluation. Well done.","If you're looking for a comprehensive, detailed, well-balanced, and unbiased review of Chinese-made cars, you should come here or consider other German car reviewers. Unlike their UK and US counterparts, they have the ability to provide a professional, technical, and impartial evaluation. Well done.","['Chinese', 'German']","['german car', 'comprehensive', 'review chinese', 'reviewers', 'technical']",0.6486,Positive
1924,Y8yTY_7w3KA,"yes, if without political concerns","yes, if without political concerns",[],['yes'],0.4019,Positive
1925,Y8yTY_7w3KA,"""yow bruetuut device is now connekted""","""yow bruetuut device is now connekted""",[],['device'],0.0,Neutral
1926,Y8yTY_7w3KA,There's no escape from the issue of making yourself vulnerable to Chinese spying and control though. Do you really want your car to lock itself if there's a war over Taiwan?,There's no escape from the issue of making yourself vulnerable to Chinese spying and control though. Do you really want your car to lock itself if there's a war over Taiwan?,"['Chinese', 'Taiwan']","['spying', 'taiwan', 'lock', 'want car', 'war']",-0.6932,Negative
1927,Y8yTY_7w3KA,"Price of Seal is going to be released in Australia next week, very excited to have a test drive then","Price of Seal is going to be released in Australia next week, very excited to have a test drive then",['Australia'],"['test drive', 'week', 'excited', 'australia', 'test']",0.4005,Positive
1928,Y8yTY_7w3KA,It looks great,It looks great,[],"['looks great', 'great', 'looks']",0.6249,Positive
1929,Y8yTY_7w3KA,build your communist dreams bro,build your communist dreams bro,[],"['dreams', 'bro', 'communist', 'build']",0.4019,Positive
1930,Y8yTY_7w3KA,Why can't people speak with their mother tongue and use the subtitles. Just be yourself.,Why can't people speak with their mother tongue and use the subtitles. Just be yourself.,[],"['people', 'use', 'just']",0.0,Neutral
1931,Y8yTY_7w3KA,Love the horror movie sound effect xD,Love the horror movie sound effect xD,[],"['horror movie', 'horror', 'movie', 'sound', 'love']",0.6486,Positive
1932,Y8yTY_7w3KA,Elon Musk is sweating right now😅,Elon Musk is sweating right now😅,['Elon Musk'],"['elon musk', 'musk', 'elon', 'right']",0.3612,Positive
1933,Y8yTY_7w3KA,Seal gets my vote.,Seal gets my vote.,[],"['gets', 'seal']",0.0,Neutral
1934,Y8yTY_7w3KA,"Why would you drive any tech from China? After Chinese computer companies were caught installing CCCP mandated back doors, why would you think this would be any different?  You can't trust the CCCP","Why would you drive any tech from China? After Chinese computer companies were caught installing CCCP mandated back doors, why would you think this would be any different? You can't trust the CCCP","['China', 'Chinese', 'CCCP']","['computer', 'caught', 'doors', 'trust', 'different']",-0.47,Negative
1935,Y8yTY_7w3KA,I’ve been in China for years and had to suffer byd. In reality they are trash cars.,I’ve been in China for years and had to suffer byd. In reality they are trash cars.,['China'],"['reality', 'trash', 've', 'years', 'china']",-0.5423,Negative
1936,Y8yTY_7w3KA,I can’t wait until they come to the USA 🇺🇸,I can’t wait until they come to the USA 🇺🇸,[],"['usa', 'come', 'wait']",0.0,Neutral
1937,Y8yTY_7w3KA,"Thomas, is it really a serious competitor to Tesla 3? No sales yet, no service yet, No idea about guarantee, no idea about reliability, Chinese brand. Would you buy it???","Thomas, is it really a serious competitor to Tesla 3? No sales yet, no service yet, No idea about guarantee, no idea about reliability, Chinese brand. Would you buy it???","['Thomas', 'Chinese']","['idea', 'thomas really', 'guarantee', 'competitor', 'sales']",-0.8094,Negative
1938,Y8yTY_7w3KA,"Hi, Thomas. What a lovely day to take a young and pretty lady (from the slender body)out in a sporty vehicle 😂!","Hi, Thomas. What a lovely day to take a young and pretty lady (from the slender body)out in a sporty vehicle 😂!",['Thomas'],"['sporty', 'hi thomas', 'hi', 'day', 'pretty']",0.8805,Positive
1939,Y8yTY_7w3KA,"How does this compare to NIO's ET5? I believe ET5 is priced higher and targeted the premium segment, but does it worth the premium price compare to Seal?","How does this compare to NIO's ET5? I believe ET5 is priced higher and targeted the premium segment, but does it worth the premium price compare to Seal?","['NIO', 'Seal']","['premium', 'compare', 'does', 'nio', 'priced']",0.4039,Positive
1940,Y8yTY_7w3KA,Seems an amazing technical car. For me ( and tall sons) the rear seats are too low to the cabin floor unfortunately. They'll stuggle for headroom and having knees so high compared to seat. If it were just me for the driver's seat though...I'd be very keen on this one.,Seems an amazing technical car. For me ( and tall sons) the rear seats are too low to the cabin floor unfortunately. They'll stuggle for headroom and having knees so high compared to seat. If it were just me for the driver's seat though...I'd be very keen on this one.,[],"['seat', 'cabin', 'technical', 'unfortunately', 'floor']",0.4754,Positive
1941,Y8yTY_7w3KA,Until you measure cost and sustained function this is irrelevant…,Until you measure cost and sustained function this is irrelevant…,[],"['function', 'cost']",0.0,Neutral
1942,Y8yTY_7w3KA,"Under no circumstances would I buy a chinese designed and built vehicle.   Safety concerns top the list, but also surveillance issues.  You just can't trust the chinese.  You really have to hate Tesla to put your family in a chinese EV.  

The chinese can't make high end computer chips.  So the BYD is full of low grade electronics.  The interior might look nice, but it's all the stuff you can't see that you should be worried about.","Under no circumstances would I buy a chinese designed and built vehicle. Safety concerns top the list, but also surveillance issues. You just can't trust the chinese. You really have to hate Tesla to put your family in a chinese EV. The chinese can't make high end computer chips. So the BYD is full of low grade electronics. The interior might look nice, but it's all the stuff you can't see that you should be worried about.","['chinese', 'Tesla', 'BYD']","['chinese', 'trust chinese', 'list', 'high end', 'electronics']",-0.8764,Negative
1943,Y8yTY_7w3KA,"9:45 I think Seal sings better than that Thomas. Come on, now","9:45 I think Seal sings better than that Thomas. Come on, now",['Thomas'],"['45', 'come', 'thomas', 'think', 'better']",0.4404,Positive
1944,Y8yTY_7w3KA,"Autogefuhl I'm wondering, how do you feel about the EU slowing down EV adoption by hindering the cheaper Chinese models from entering our market?","Autogefuhl I'm wondering, how do you feel about the EU slowing down EV adoption by hindering the cheaper Chinese models from entering our market?",['Chinese'],"['eu', 'models', 'feel', 'cheaper', 'market']",0.0,Neutral
1945,Y8yTY_7w3KA,"1:29 Thomas, I'll have two cornetto's and a magnum please","1:29 Thomas, I'll have two cornetto's and a magnum please",['Thomas'],"['29', 'll', 'thomas']",0.3182,Positive
1946,Y8yTY_7w3KA,"Another brilliant car review, Thomas. You examine every detail of the vehicle with German precision. Some really nice EV cars from China are coming to Europe. This one look promising, but my favorite so far is Nio ET5 touring. I hope EU won’t panic because of the European car industry lumping behind Chinese brands and Tesla regarding electrification and increase import taxes to some ridiculous levels … 
Anyway, I believe you should include Lea more in future videos. She’s doing fine job filming and screaming during acceleration (you should make it official girl-in-a-passenger-seat-acceleration-test). Maybe Lea’s legroom test would also be a nice addition in your videos, haha 😊 Stay awesome.","Another brilliant car review, Thomas. You examine every detail of the vehicle with German precision. Some really nice EV cars from China are coming to Europe. This one look promising, but my favorite so far is Nio ET5 touring. I hope EU won’t panic because of the European car industry lumping behind Chinese brands and Tesla regarding electrification and increase import taxes to some ridiculous levels … Anyway, I believe you should include Lea more in future videos. She’s doing fine job filming and screaming during acceleration (you should make it official girl-in-a-passenger-seat-acceleration-test). Maybe Lea’s legroom test would also be a nice addition in your videos, haha 😊 Stay awesome.","['Thomas', 'German', 'China', 'Europe', 'European', 'Chinese', 'Tesla', 'Lea']","['lea', 'acceleration', 'videos', 'test', 'nice']",0.9827,Positive
1947,Y8yTY_7w3KA,Waiting for BYD Seal U SUV review.❤,Waiting for BYD Seal U SUV review.❤,[],"['waiting', 'suv', 'byd seal', 'review', 'seal']",0.6369,Positive
1948,Y8yTY_7w3KA,A station wagon version would sell like Schnitzel! Sedan a deal-breaker for me 😢,A station wagon version would sell like Schnitzel! Sedan a deal-breaker for me 😢,"['Schnitzel', 'Sedan']","['station', 'deal', 'sell', 'version', 'like']",-0.2244,Negative
1949,Y8yTY_7w3KA,"Zuerst versuchte ich zu verstehen, was sich auf dem rechten Vordersitz befand.  Ich fragte mich, ob es eine Kanonenkugel war.  Dann sah ich, dass es eine dünne Dame war, die Strumpfhosen trug.","Zuerst versuchte ich zu verstehen, was sich auf dem rechten Vordersitz befand. Ich fragte mich, ob es eine Kanonenkugel war. Dann sah ich, dass es eine dünne Dame war, die Strumpfhosen trug.","['zu verstehen', 'dem', 'Vordersitz', 'fragte mich', 'Kanonenkugel']","['ich', 'eine', 'war', 'auf', 'dann']",-0.9136,Negative
1950,Y8yTY_7w3KA,Really dislike the glossy plastic surface and the extra irregular lines printed on them. They made the interior design looks cheap.,Really dislike the glossy plastic surface and the extra irregular lines printed on them. They made the interior design looks cheap.,[],"['looks cheap', 'dislike', 'extra', 'plastic', 'design']",-0.4391,Negative
1951,Y8yTY_7w3KA,"Excellent review, as always.","Excellent review, as always.",[],"['excellent', 'review']",0.5719,Positive
1952,Y8yTY_7w3KA,If the Seal is anything like their trucks then no.,If the Seal is anything like their trucks then no.,['Seal'],"['seal', 'like']",0.3612,Positive
1953,Y8yTY_7w3KA,Your photographer is a girl,Your photographer is a girl,[],['girl'],0.0,Neutral
1954,Y8yTY_7w3KA,I wish you had tested Android Auto and Apple Carplay in the vertical screen position. That would have been super interesting :-),I wish you had tested Android Auto and Apple Carplay in the vertical screen position. That would have been super interesting :-),"['Android Auto', 'Apple Carplay']","['position', 'auto apple', 'vertical', 'super', 'apple carplay']",0.891,Positive
1955,Y8yTY_7w3KA,The indicator noise would be enough to stop me buying it. Sounds awful.,The indicator noise would be enough to stop me buying it. Sounds awful.,[],"['stop buying', 'noise', 'indicator', 'awful', 'stop']",-0.6369,Negative
1956,Y8yTY_7w3KA,The girl in leather pants is included with the car?,The girl in leather pants is included with the car?,[],"['included', 'girl', 'pants', 'leather', 'car']",0.0,Neutral
1957,Y8yTY_7w3KA,Byd is very value for money in Asia. You seem to get more than what you paid for,Byd is very value for money in Asia. You seem to get more than what you paid for,['Asia'],"['value money', 'value', 'paid', 'money', 'byd']",0.4005,Positive
1958,Y8yTY_7w3KA,"I think this one is substantially better looking than a Tesla Model 3, and better equipped.  Impressive.","I think this one is substantially better looking than a Tesla Model 3, and better equipped. Impressive.",['Model 3'],"['better', 'looking tesla', 'better looking', 'impressive', 'tesla model']",0.8553,Positive
1959,Y8yTY_7w3KA,Way too much piano black. Hate it.,Way too much piano black. Hate it.,[],"['piano black', 'piano', 'black', 'hate', 'way']",-0.5719,Negative
1960,Y8yTY_7w3KA,CCP spy car never let your family close to this,CCP spy car never let your family close to this,['CCP'],"['spy', 'close', 'family', 'let', 'ccp']",0.0,Neutral
1961,Y8yTY_7w3KA,A superb rEView of a fascinating vehicle,A superb rEView of a fascinating vehicle,[],"['vehicle', 'review']",0.8225,Positive
1962,Y8yTY_7w3KA,They copied everything..,They copied everything..,[],['copied'],0.0,Neutral
1963,Y8yTY_7w3KA,"Brands with no history of reliability, trying to disrupt the European car market with lower prices by government subventions in China. These cars have shown that they have the worst value retention, you pretty much can't sell them after a couple of years. You should caution your viewers about this. I have watched many of your videos and the reviews on specifically chinese brands seem slightly less harsh and objective than the rest.","Brands with no history of reliability, trying to disrupt the European car market with lower prices by government subventions in China. These cars have shown that they have the worst value retention, you pretty much can't sell them after a couple of years. You should caution your viewers about this. I have watched many of your videos and the reviews on specifically chinese brands seem slightly less harsh and objective than the rest.","['European', 'China', 'chinese']","['brands', 'specifically', 'slightly', 'viewers', 'car market']",-0.6403,Negative
1964,Y8yTY_7w3KA,"Thank you, Thomas, for your always honest and thorough reviews.
However, when comparing this to the Model 3, I think it’s crucial to mention which version you are comparing it to, now when the Model 3 Highland is out.
I guess, since you haven’t driven the Highland version yet, only examining it at a showroom, you are comparing it to the old one. So, if that’s the case, I think you should be very clear about that (also in the topic).
Other than that – great work!","Thank you, Thomas, for your always honest and thorough reviews. However, when comparing this to the Model 3, I think it’s crucial to mention which version you are comparing it to, now when the Model 3 Highland is out. I guess, since you haven’t driven the Highland version yet, only examining it at a showroom, you are comparing it to the old one. So, if that’s the case, I think you should be very clear about that (also in the topic). Other than that – great work!","['Thomas', 'the Model 3', 'the Model 3 Highland', 'Highland']","['comparing', 'highland', 'version', 'think', 'model']",0.9199,Positive
1965,Y8yTY_7w3KA,The interior design looks like it comes from wish...,The interior design looks like it comes from wish...,[],"['comes', 'wish', 'design', 'looks like', 'interior']",0.6369,Positive
1966,Y8yTY_7w3KA,Please review the Lotus eletre and emeya if you can also the chinese HiPhi cars.,Please review the Lotus eletre and emeya if you can also the chinese HiPhi cars.,"['Lotus', 'HiPhi']","['review', 'cars', 'chinese']",0.3182,Positive
1967,Y8yTY_7w3KA,make it ice cream truck sound as engine sound simulator,make it ice cream truck sound as engine sound simulator,[],"['sound', 'cream truck', 'truck', 'ice cream', 'cream']",0.0,Neutral
1968,Y8yTY_7w3KA,Looks like a handsome alternative to the model 3 for the folks who prefer a traditional EV,Looks like a handsome alternative to the model 3 for the folks who prefer a traditional EV,[],"['traditional', 'prefer', 'looks like', 'ev', 'model']",0.6908,Positive
1969,Y8yTY_7w3KA,I might have missed it but what are the headlights like? Any active shadowing?,I might have missed it but what are the headlights like? Any active shadowing?,[],"['missed', 'like']",0.7622,Positive
1970,Y8yTY_7w3KA,"Byd is definitely a couple steps above the mainstream Jap or Korea brands, would say its better than even most of the Lexus, except the most top end ones.","Byd is definitely a couple steps above the mainstream Jap or Korea brands, would say its better than even most of the Lexus, except the most top end ones.","['Korea', 'Lexus']","['korea', 'lexus', 'couple', 'ones', 'definitely']",0.7713,Positive
1971,Y8yTY_7w3KA,China EV brands are invading the world just like Japanese car brands did in the 70s.,China EV brands are invading the world just like Japanese car brands did in the 70s.,"['China EV', 'Japanese']","['brands', 'car brands', 'just like', 'japanese', 'world']",0.3612,Positive
1972,Y8yTY_7w3KA,Is the wheel vegan? Do directions appear on the hud? Wireless android auto?,Is the wheel vegan? Do directions appear on the hud? Wireless android auto?,['hud'],"['wireless', 'vegan', 'hud', 'android auto', 'android']",0.0,Neutral
1973,Y8yTY_7w3KA,"Edit: BYD Denmark has reached back to me and said they have confirmed with Product Management that the seats are ""real leather"", which I strongly assume means animal. So it seems like even higher up sources at BYD have conflicting info and can't figure out what material the seats are. 

I sure hope not the seats are fake leather. In Denmark it says they are leather, that would be a huge error. This was a major contributor to me picking the Seal, because the seats are supposed to be leather. Unlike the Tesla which have awful quality. I have messaged BYD Denmark about this, will update this comment when i get an answer.","Edit: BYD Denmark has reached back to me and said they have confirmed with Product Management that the seats are ""real leather"", which I strongly assume means animal. So it seems like even higher up sources at BYD have conflicting info and can't figure out what material the seats are. I sure hope not the seats are fake leather. In Denmark it says they are leather, that would be a huge error. This was a major contributor to me picking the Seal, because the seats are supposed to be leather. Unlike the Tesla which have awful quality. I have messaged BYD Denmark about this, will update this comment when i get an answer.","['Denmark', 'Product Management', 'BYD', 'Tesla']","['leather', 'seats', 'byd', 'supposed', 'answer']",0.0679,Positive
1974,Y8yTY_7w3KA,"The battery in the Seal (BYD blade LFP cells) supports very fast charing, when coupled with a thermal management system that can keep the heat in check.

The same cells in the model Y charge twice as fast 10-80% in 20 minutes - which is class leading in 2023 (until CATL Shenxing goes mass market in 2024 bringing 10-80% down to around 10 min).
https://www.youtube.com/watch?v=3kp5nDGtDFo&t=814s&ab_channel=Hitman006xp

BYD will most likely tune the cooling in the facelift or now through software update, updated AC compressor  and more aggressive charging algorithm (start cooling immediately on fast charge) to improve cooling times.

The reason it is optimized for around 150 kwh until 60% is for efficiency and because in China that is the typical fast charger speed based on the GB/T charging standard (CCS equivalent from China).

If they want to be successful in Europe, BYD needs to improve the charging speed significantly.","The battery in the Seal (BYD blade LFP cells) supports very fast charing, when coupled with a thermal management system that can keep the heat in check. The same cells in the model Y charge twice as fast 10-80% in 20 minutes - which is class leading in 2023 (until CATL Shenxing goes mass market in 2024 bringing 10-80% down to around 10 min). BYD will most likely tune the cooling in the facelift or now through software update, updated AC compressor and more aggressive charging algorithm (start cooling immediately on fast charge) to improve cooling times. The reason it is optimized for around 150 kwh until 60% is for efficiency and because in China that is the typical fast charger speed based on the GB/T charging standard (CCS equivalent from China). If they want to be successful in Europe, BYD needs to improve the charging speed significantly.","['BYD', 'LFP', 'CATL Shenxing', 'China', 'Europe']","['fast', '10', 'charging', 'improve', '80']",0.9433,Positive
1975,Y8yTY_7w3KA,기어노브 넘한거 아녀? ㅎㅎ,기어노브 넘한거 아녀? ㅎㅎ,[],[],0.0,Neutral
1976,Y8yTY_7w3KA,That seat close up already shows lots of dirt from pants. Whoops.,That seat close up already shows lots of dirt from pants. Whoops.,[],"['pants', 'close', 'shows', 'lots', 'seat']",-0.34,Negative
1977,Y8yTY_7w3KA,The sound this car is making while crawling reminds me of an old ice-cream van. Expect to be followed by a dozen kids.,The sound this car is making while crawling reminds me of an old ice-cream van. Expect to be followed by a dozen kids.,[],"['expect', 'kids', 'reminds', 'van', 'cream van']",0.0,Neutral
1978,Y8yTY_7w3KA,Named after the thousands of seals drowned by the gigantic Chinese poaching fleets every year?,Named after the thousands of seals drowned by the gigantic Chinese poaching fleets every year?,['Chinese'],"['seals', 'year', 'chinese']",-0.5994,Negative
1979,Y8yTY_7w3KA,"Now that various Chinese car manufacturers are rushing to European market, you could also discuss the ethics and cyber security of Chinese cars. Both areas are questionable to say the least. No matter how good quality the cars is, I wouldn't support China by buying one.","Now that various Chinese car manufacturers are rushing to European market, you could also discuss the ethics and cyber security of Chinese cars. Both areas are questionable to say the least. No matter how good quality the cars is, I wouldn't support China by buying one.","['Chinese', 'European', 'China']","['security', 'cars', 'chinese', 'car manufacturers', 'matter']",0.1945,Positive
1980,Y8yTY_7w3KA,10 x better than Telsa 3.,10 x better than Telsa 3.,[],"['10', 'better']",0.4404,Positive
1981,Y8yTY_7w3KA,Coming years are going to an AVAS nightmare,Coming years are going to an AVAS nightmare,['AVAS'],"['coming', 'going', 'years']",0.0,Neutral
1982,Y8yTY_7w3KA,That sound would annoy the hell out of me.,That sound would annoy the hell out of me.,[],"['annoy', 'hell', 'sound']",-0.8176,Negative
1983,Y8yTY_7w3KA,I ordered a Seal and will receive it in a week !😊,I ordered a Seal and will receive it in a week !😊,['Seal'],"['ordered seal', 'ordered', 'week', 'seal']",0.7424,Positive
1984,Y8yTY_7w3KA,"pa oni su več sad veči od tesle a to i nije teško,a očeli uspjet u evropi? miljon posto.tesla vrjedi 10 puta više od kompletnog mercedesa? smješno.","pa oni su več sad veči od tesle a to i nije teško,a očeli uspjet u evropi? miljon posto.tesla vrjedi 10 puta više od kompletnog mercedesa? smješno.","['veči', 'u evropi', 'posto.tesla vrjedi 10', 'kompletnog mercedesa']","['su', 'sad', '10', 'tesla']",-0.5362,Negative
1985,Y8yTY_7w3KA,🎵 Der Schrottsammler kommt….😂,🎵 Der Schrottsammler kommt….😂,"['Der Schrottsammler', 'kommt']",[],0.4404,Positive
1986,Y8yTY_7w3KA,"There is a Seal parking under my flat, it's gorgeous and stylish! I will certainly consider one next year when I move to Coventry.","There is a Seal parking under my flat, it's gorgeous and stylish! I will certainly consider one next year when I move to Coventry.","['Seal', 'Coventry']","['flat', 'consider', 'parking', 'year', 'seal']",0.7712,Positive
1987,Y8yTY_7w3KA,Does it feel better to drive than the new refreshed Model 3 too?,Does it feel better to drive than the new refreshed Model 3 too?,['Model 3'],"['refreshed', 'feel better', 'feel', 'new', 'drive']",0.4404,Positive
1988,Y8yTY_7w3KA,Thanks for a very fair and informative review.  Well done.  I've test driven the Tesla Model 3 and didn't particularly like the handling / overall feeling.  The Seal is now on my list.  Thanks again.,Thanks for a very fair and informative review. Well done. I've test driven the Tesla Model 3 and didn't particularly like the handling / overall feeling. The Seal is now on my list. Thanks again.,['Model 3'],"['thanks', 'feeling', 'list', 'handling', 'particularly']",0.8256,Positive
1989,Y8yTY_7w3KA,You two are very cute 🥰👌,You two are very cute 🥰👌,[],[],0.9517,Positive
1990,Y8yTY_7w3KA,"Thanks for another great video review Thomas. 

My wife wanted me to check if Lea's pants were also vegan-friendly high-grade leatherette. 😁",Thanks for another great video review Thomas. My wife wanted me to check if Lea's pants were also vegan-friendly high-grade leatherette. 😁,"['Thomas', 'Lea']","['leatherette', 'thanks great', 'wife', 'lea', 'vegan']",0.875,Positive
1991,Y8yTY_7w3KA,"Great review, calm collected without any hint of brand bias! Well done. Thank you for sharing! 🎉","Great review, calm collected without any hint of brand bias! Well done. Thank you for sharing! 🎉",[],"['great review', 'thank', 'brand', 'review', 'great']",0.9401,Positive
1992,Y8yTY_7w3KA,"The discussion of subsidy is not about subsidy, its about ""China"", lmfao.","The discussion of subsidy is not about subsidy, its about ""China"", lmfao.",['China'],['china'],0.5423,Positive
1993,Y8yTY_7w3KA,"Is good that BYD remove the ""Build Your Dreams"" tag at the rear. They even removed the BYD tag here at the middle which is available in some markets. Rear look so much cleaner.","Is good that BYD remove the ""Build Your Dreams"" tag at the rear. They even removed the BYD tag here at the middle which is available in some markets. Rear look so much cleaner.",['BYD'],"['tag', 'rear', 'markets', 'build dreams', 'available']",0.7635,Positive
1994,Y8yTY_7w3KA,"Oddly enough, I always see seals in the ocean where I go cycling. 
Lea’s black pants remind me of their shiny black heads!
Happy seals these days - catching salmon about to head up river (poor things). The cycle of life…

Interesting vehicle today, danke you two 👏🏻👏🏻","Oddly enough, I always see seals in the ocean where I go cycling. Lea’s black pants remind me of their shiny black heads! Happy seals these days - catching salmon about to head up river (poor things). The cycle of life… Interesting vehicle today, danke you two 👏🏻👏🏻",['Lea'],"['seals', 'black', 'heads', 'lea', 'pants']",0.5562,Positive
1995,Y8yTY_7w3KA,"Honestly, why don't the marketing guys at BYD just pronounce their name ""Bye-d"" or ""Bidd"" or something.","Honestly, why don't the marketing guys at BYD just pronounce their name ""Bye-d"" or ""Bidd"" or something.","['BYD', 'Bidd']","['marketing', 'bye', 'honestly', 'just pronounce', 'guys']",0.4588,Positive
1996,Y8yTY_7w3KA,"Hello. Is the AWD 530CH version that has piloted damping as comfortable as the RWD?
Thanks
Bruno",Hello. Is the AWD 530CH version that has piloted damping as comfortable as the RWD? Thanks Bruno,"['AWD', '530CH', 'RWD', 'Bruno']","['comfortable', 'rwd', 'awd', 'version', 'thanks']",0.7351,Positive
1997,Y8yTY_7w3KA,"i like it lots, and its a strong contender to replace my kona ev in a year....IF.... you can switch off that chime at low speed, you would have kids chasing you through the housing estate wanting to buy an ice cream if not","i like it lots, and its a strong contender to replace my kona ev in a year....IF.... you can switch off that chime at low speed, you would have kids chasing you through the housing estate wanting to buy an ice cream if not",[],"['strong', 'estate', 'kids', 'kona', 'switch']",0.6369,Positive
1998,Y8yTY_7w3KA,Good luck on those buying chinese ev. They arent build the same as tesla .,Good luck on those buying chinese ev. They arent build the same as tesla .,['chinese'],"['buying chinese', 'chinese ev', 'luck', 'good luck', 'build']",0.7096,Positive
1999,Y8yTY_7w3KA,"German is selling chinese crap, which was stolen from other automakers? Nice move, intellectual property? Nope, haven’t heard","German is selling chinese crap, which was stolen from other automakers? Nice move, intellectual property? Nope, haven’t heard","['German', 'chinese']","['stolen', 'automakers', 'nope', 'haven', 'selling']",0.168,Positive
2000,Y8yTY_7w3KA,BYD looks more European than Tesla. Reminds me of Lamborghini and Ferrari.,BYD looks more European than Tesla. Reminds me of Lamborghini and Ferrari.,"['European', 'Tesla', 'Lamborghini', 'Ferrari']","['reminds', 'european', 'looks', 'tesla', 'byd']",0.0,Neutral
2001,Y8yTY_7w3KA,One pedal driving ????,One pedal driving ????,[],['driving'],0.0,Neutral
2002,Y8yTY_7w3KA,"OMG Thomas your seal noises were so convincing!  Combined with the sounds the car makes at low speeds, it makes for a really unusual review video.  LOL!  Who said that Germans have no sense of humor??","OMG Thomas your seal noises were so convincing! Combined with the sounds the car makes at low speeds, it makes for a really unusual review video. LOL! Who said that Germans have no sense of humor??","['OMG Thomas', 'Germans']","['makes', 'germans', 'noises', 'sense', 'omg']",0.7762,Positive
2003,Y8yTY_7w3KA,Looks better than all of the German competition,Looks better than all of the German competition,['German'],"['competition', 'german', 'looks better', 'better', 'looks']",0.4404,Positive
2004,Y8yTY_7w3KA,When you mention the Model 3 are you talking about the current Model 3 or the upgraded highland Model 3?,When you mention the Model 3 are you talking about the current Model 3 or the upgraded highland Model 3?,"['the Model 3', 'Model 3']","['model', 'highland model', 'current', 'talking', 'mention']",0.0,Neutral
2005,Y8yTY_7w3KA,CCP spy machine.,CCP spy machine.,['CCP'],"['machine', 'spy', 'ccp']",0.0,Neutral
2006,Y8yTY_7w3KA,"Who said Germans don't have a sense of humor?......
Give us the seal sound again...",Who said Germans don't have a sense of humor?...... Give us the seal sound again...,['Germans'],"['germans', 'sense', 'sound', 'said', 'seal']",0.2732,Positive
2007,Y8yTY_7w3KA,prefer V8 🏴‍☠🚳🥩,prefer V8 🏴‍☠🚳🥩,[],['prefer'],-0.0992,Negative
2008,Y8yTY_7w3KA,"It looks good imo(new model 3 highland is sexier) it's cheaper by about 20% where it has home field advantage over tesla in China. 
It's been out for 18+month's now? Yet it can't touch even the model 3 sales. That should tell you something eh. 😎

I'm super curious how byds upscale ev brands well sell, like yangwang and denza? And their very good looking new ground up song L SUV.","It looks good imo(new model 3 highland is sexier) it's cheaper by about 20% where it has home field advantage over tesla in China. It's been out for 18+month's now? Yet it can't touch even the model 3 sales. That should tell you something eh. 😎 I'm super curious how byds upscale ev brands well sell, like yangwang and denza? And their very good looking new ground up song L SUV.",['China'],"['new', 'good', 'model', 'good looking', 'song']",0.975,Positive
2009,Y8yTY_7w3KA,"Subjective of course, but while I like the exterior quite a bit I find the interior tacky (the screens look like someone bought a Model 3 and then went nuts buying accessories on AliExpress 🤢). Seats look nice but the swooping lines of the dash and doors aren’t everyone’s cup of tea. The software looks almost offensive to the eye - if Tesla is the iPhone of EV world, then BYD are like one of the many Android phones out there with some awful UI skin. Great battery and drive train though, wish Tesla offered a large capacity LFP battery in AWD models. NIO seem to do a better job aesthetically from where I’m standing. Again, totally subjective.","Subjective of course, but while I like the exterior quite a bit I find the interior tacky (the screens look like someone bought a Model 3 and then went nuts buying accessories on AliExpress 🤢). Seats look nice but the swooping lines of the dash and doors aren’t everyone’s cup of tea. The software looks almost offensive to the eye - if Tesla is the iPhone of EV world, then BYD are like one of the many Android phones out there with some awful UI skin. Great battery and drive train though, wish Tesla offered a large capacity LFP battery in AWD models. NIO seem to do a better job aesthetically from where I’m standing. Again, totally subjective.","['Model 3', 'AliExpress', 'Tesla', 'BYD', 'Android', 'AWD']","['battery', 'like', 'look', 'like android', 'tacky']",0.9516,Positive
2010,Y8yTY_7w3KA,It looks prettier and more normal than the Model 3 (subjective).  In Belgium the price is higher.,It looks prettier and more normal than the Model 3 (subjective). In Belgium the price is higher.,"['the Model 3', 'Belgium']","['normal', 'higher', 'price', 'model', 'looks']",0.4767,Positive
2011,Y8yTY_7w3KA,The only thing I disliked in BYDs is their infotainment software. It lacks polish and features.,The only thing I disliked in BYDs is their infotainment software. It lacks polish and features.,['BYDs'],"['byds', 'infotainment', 'features', 'software', 'thing']",-0.4019,Negative
2012,Y8yTY_7w3KA,"Wooow, 82,5 kWh LFP battery? Classic buttons and controlling of the turn signals? This is awesome, I would buy this instead of T3 for sure!","Wooow, 82,5 kWh LFP battery? Classic buttons and controlling of the turn signals? This is awesome, I would buy this instead of T3 for sure!","['Wooow', 'LFP', 'Classic']","['lfp battery', 'kwh', 'lfp', 'awesome', 'instead']",0.7936,Positive
2013,Y8yTY_7w3KA,Range-Range-Range Charging options and speed. Thats what matters.....,Range-Range-Range Charging options and speed. Thats what matters.....,['Range-Range-Range'],"['range', 'options', 'thats', 'speed', 'charging']",0.0258,Neutral
2014,Y8yTY_7w3KA,"Without that ""horror music"" at low speed my cat would have been run over more times than its 9 lives allowed.
Great review.  Too expensive to compete well but OMG it looks good!","Without that ""horror music"" at low speed my cat would have been run over more times than its 9 lives allowed. Great review. Too expensive to compete well but OMG it looks good!",[],"['horror', 'allowed', 'run', 'music', 'times']",0.8267,Positive
2015,Y8yTY_7w3KA,Really objective review Thomas ! I am happy Chinese EV are coming to Europe !!,Really objective review Thomas ! I am happy Chinese EV are coming to Europe !!,"['Thomas', 'Chinese', 'Europe']","['objective review', 'objective', 'happy', 'chinese ev', 'review thomas']",0.6784,Positive
2016,Y8yTY_7w3KA,"Thomas, I hope you're going to address the issue with Chinese EVs not being up to scratch. I think it would do you more damage to recommend these cars than them refusing to give you a unit because you tell the truth about their poor build quality. There's a lot of videos from Chinese social media on this issue. Brand new EVs needing battery changes, catching fire spontaneously, or the systems just failing to work. And it's not only on the cheap cars, we're talking luxury brands like Hongqui. Probably butchered that name. Probably the units they send to Europe are better, but I doubt it. You're better off spending just buying a Tesla. They've quality control issues as well, but at the very least, they don't have catastrophic failures. Or wait 5 years when the competition in the EV space will push for better products overall. Or simply get a comprehensive insurance just to be safe.","Thomas, I hope you're going to address the issue with Chinese EVs not being up to scratch. I think it would do you more damage to recommend these cars than them refusing to give you a unit because you tell the truth about their poor build quality. There's a lot of videos from Chinese social media on this issue. Brand new EVs needing battery changes, catching fire spontaneously, or the systems just failing to work. And it's not only on the cheap cars, we're talking luxury brands like Hongqui. Probably butchered that name. Probably the units they send to Europe are better, but I doubt it. You're better off spending just buying a Tesla. They've quality control issues as well, but at the very least, they don't have catastrophic failures. Or wait 5 years when the competition in the EV space will push for better products overall. Or simply get a comprehensive insurance just to be safe.","['Thomas', 'Chinese', 'Hongqui', 'Europe', 'Tesla']","['issue', 'better', 'evs', 'probably', 'just']",0.9601,Positive
2017,Y8yTY_7w3KA,"Why would you boost economy of a totalitarian communist state????
Don't be responsible for chinese GDP growth!! Be smart, don't buy chinese products!!!!","Why would you boost economy of a totalitarian communist state???? Don't be responsible for chinese GDP growth!! Be smart, don't buy chinese products!!!!","['totalitarian', 'chinese']","['don', 'state', 'smart', 'chinese', 'don buy']",0.7241,Positive
2018,Y8yTY_7w3KA,Not if they're selling more hybrids than BEVs . . .,Not if they're selling more hybrids than BEVs . . .,[],['selling'],0.0,Neutral
2019,Y8yTY_7w3KA,Horrid car with horrendous badge ! Never in will buy this rubbish .,Horrid car with horrendous badge ! Never in will buy this rubbish .,[],"['rubbish', 'buy', 'car']",-0.8221,Negative
2020,Y8yTY_7w3KA,Whats the price?,Whats the price?,[],['price'],0.0,Neutral
2021,Y8yTY_7w3KA,New model 3 looks nicer,New model 3 looks nicer,[],"['new model', 'nicer', 'new', 'model', 'looks']",0.4404,Positive
2022,Y8yTY_7w3KA,I ordered the White RWD version. Delivering end November! Excited :),I ordered the White RWD version. Delivering end November! Excited :),['White RWD'],"['rwd version', 'white', 'ordered', 'rwd', 'excited']",0.69,Positive
2023,Y8yTY_7w3KA,Looks like a taycan,Looks like a taycan,[],"['looks like', 'looks', 'like']",0.3612,Positive
2024,Y8yTY_7w3KA,So basically its half baked product.,So basically its half baked product.,[],"['half', 'product']",0.0,Neutral
2025,Y8yTY_7w3KA,Set your standards higher and refuse to review these Chinese bombshells.,Set your standards higher and refuse to review these Chinese bombshells.,['Chinese'],"['set', 'review chinese', 'standards', 'higher', 'review']",-0.296,Negative
2026,Y8yTY_7w3KA,"Now I know, it is the right choice.
Last time as you introduced the Skoda Kodiaq it was, till now, the best car for me and know I decided to buy the BYD Seal. 😅😊","Now I know, it is the right choice. Last time as you introduced the Skoda Kodiaq it was, till now, the best car for me and know I decided to buy the BYD Seal. 😅😊",[],"['know', 'best car', 'decided', 'till', 'buy byd']",0.9136,Positive
2027,Y8yTY_7w3KA,Looks great...better looking than TM3.,Looks great...better looking than TM3.,[],"['better looking', 'looks great', 'looking', 'great', 'better']",0.0,Neutral
2028,Y8yTY_7w3KA,I looked at that exact car and ordered it. I couldn't make an extensive test-drive so I'm happy you did it for me 😅,I looked at that exact car and ordered it. I couldn't make an extensive test-drive so I'm happy you did it for me 😅,[],"['exact', 'test drive', 'couldn', 'ordered', 'happy']",0.7564,Positive
2029,Y8yTY_7w3KA,"You cannot buy the old Model 3 anymore, so it was not the best idea to compare to that.","You cannot buy the old Model 3 anymore, so it was not the best idea to compare to that.",['Model 3'],"['compare', 'anymore', 'idea', 'best', 'old']",-0.5216,Negative
2030,Y8yTY_7w3KA,Display integration is so bad… squarish,Display integration is so bad… squarish,[],"['display', 'bad']",0.0,Neutral
2031,Y8yTY_7w3KA,Interior looks futuristic but to the point of looking tacky - Chinese design just is not up to my standards,Interior looks futuristic but to the point of looking tacky - Chinese design just is not up to my standards,['Chinese'],"['tacky', 'standards', 'interior looks', 'point', 'design']",0.0,Neutral
2032,Y8yTY_7w3KA,Thomas: are you really bealive for what did you say?,Thomas: are you really bealive for what did you say?,['Thomas'],"['thomas really', 'thomas', 'say', 'did', 'really']",0.0,Neutral
2033,Y8yTY_7w3KA,Europe and USA 🇺🇸 is jealous as hell,Europe and USA 🇺🇸 is jealous as hell,['Europe'],"['hell', 'usa', 'europe']",-0.8225,Negative
2034,Y8yTY_7w3KA,"Thank you, Thomas! Great job!!! I own a bmw 540i g30 2018 and decided to skip the new generation. Will keep my handsome bmw and buy a Seal. I've already driven it 2 times and simply loved it.","Thank you, Thomas! Great job!!! I own a bmw 540i g30 2018 and decided to skip the new generation. Will keep my handsome bmw and buy a Seal. I've already driven it 2 times and simply loved it.","['Thomas', 'bmw 540i']","['bmw', 'thomas great', 'decided', 'job', 'driven']",0.942,Positive
2035,Y8yTY_7w3KA,"Looked great until the piano black looking plastic around the gear shift, pity.","Looked great until the piano black looking plastic around the gear shift, pity.",[],"['shift', 'pity', 'gear', 'piano', 'piano black']",0.4404,Positive
2036,Y8yTY_7w3KA,Sorry Thomas but the toughest market in the world with greatest expectations is not Europe anymore. It's China.,Sorry Thomas but the toughest market in the world with greatest expectations is not Europe anymore. It's China.,"['Sorry Thomas', 'Europe', 'China']","['expectations', 'greatest', 'anymore', 'sorry', 'europe']",0.7351,Positive
2037,Y8yTY_7w3KA,"Stop bullshitting, Chinese crap,  it seems they paid you generously","Stop bullshitting, Chinese crap, it seems they paid you generously",['Chinese'],"['chinese crap', 'stop', 'paid', 'crap', 'chinese']",-0.25,Negative
2038,Y8yTY_7w3KA,"This BYD Seal looks better inside & outside than any Tesla made to this point, IMO ...","This BYD Seal looks better inside & outside than any Tesla made to this point, IMO ...","['BYD Seal', 'Tesla', 'IMO']","['seal looks', 'imo', 'looks better', 'outside', 'point']",0.4404,Positive
2039,Y8yTY_7w3KA,Other EVs will only compete with Tesla when they start coming with a dedicated charging infrastructure. The Tesla Supercharger network is what makes Tesla stand heads and shoulders above every other brand. Why other carmakers can't grasp that is beyond my understanding.,Other EVs will only compete with Tesla when they start coming with a dedicated charging infrastructure. The Tesla Supercharger network is what makes Tesla stand heads and shoulders above every other brand. Why other carmakers can't grasp that is beyond my understanding.,['Tesla'],"['tesla', 'carmakers', 'heads', 'supercharger', 'charging infrastructure']",0.4588,Positive
2040,Y8yTY_7w3KA,"As always, very good review.
And that new speedometer is pretty funny 😂
About BYD, i'm generaly not very kind...i found their design very ""Anonymous""...VTC like...
But for the Seal, i found it pretty good, great exterior, great interior, great specs and perf.
But they need to lower the price...they can't compete against Tesla in the same Price range..you can't come as outsider and be as pricey if you don't change the game (like Tesla...) In technology or option, perf etc etc...

I'm lookin to buy an EV in the next  6 month...i look at that byd seal and model 3.
If the price is the same, for sure i go for the Tesla (for all the reason we know like supercharger, technology and local dealers...)
But if BYD come at a lower price or more perf/option here in France...i will definitely think about that model","As always, very good review. And that new speedometer is pretty funny 😂 About BYD, i'm generaly not very kind...i found their design very ""Anonymous""...VTC like... But for the Seal, i found it pretty good, great exterior, great interior, great specs and perf. But they need to lower the price...they can't compete against Tesla in the same Price range..you can't come as outsider and be as pricey if you don't change the game (like Tesla...) In technology or option, perf etc etc... I'm lookin to buy an EV in the next 6 month...i look at that byd seal and model 3. If the price is the same, for sure i go for the Tesla (for all the reason we know like supercharger, technology and local dealers...) But if BYD come at a lower price or more perf/option here in France...i will definitely think about that model","['BYD', 'Seal', 'Tesla', 'France']","['price', 'option', 'great', 'lower', 'technology']",0.992,Positive
2041,Y8yTY_7w3KA,comment section full of chinese influencers with their fake stories and people don't even realize it...,comment section full of chinese influencers with their fake stories and people don't even realize it...,['chinese'],"['comment section', 'fake', 'section', 'comment', 'people']",-0.4767,Negative
2042,Y8yTY_7w3KA,"The ultimate winners of the Chinese govt subsidising their car or any industry are the  consumers, in this case, the German car buyers because it's as good as the Chinese govt is giving them €€€ to buy cars. Also it's kind of like the Chinese govt is paying back whatever trade surplus they enjoy with Germany directly back into the pockets of German consumers.","The ultimate winners of the Chinese govt subsidising their car or any industry are the consumers, in this case, the German car buyers because it's as good as the Chinese govt is giving them €€€ to buy cars. Also it's kind of like the Chinese govt is paying back whatever trade surplus they enjoy with Germany directly back into the pockets of German consumers.","['Chinese', 'German', 'Germany']","['consumers', 'german', 'chinese', 'german car', 'subsidising']",0.9154,Positive
2043,Y8yTY_7w3KA,Chinese cars always have stupid names in my opinion.,Chinese cars always have stupid names in my opinion.,['Chinese'],"['names', 'opinion', 'stupid', 'chinese cars', 'cars']",-0.5267,Negative
2044,Y8yTY_7w3KA,Please introduce to Canada!,Please introduce to Canada!,['Canada'],['canada'],0.3802,Positive
2045,Y8yTY_7w3KA,Mercedes-Benz is using BYD Blade battery technology in some of their 2024 models.,Mercedes-Benz is using BYD Blade battery technology in some of their 2024 models.,"['Mercedes-Benz', 'BYD Blade']","['blade battery', 'blade', 'mercedes', '2024', 'technology']",0.0,Neutral
2046,Y8yTY_7w3KA,"Whoa... definitely a creepy choice of music for the rolling vehicle. Yikes!
You nailed it - it's got an 80s horror movie vibe.

Aside from that and the Kia front end, very interesting vehicle. Too bad we won't see these in Canada for... a decade?","Whoa... definitely a creepy choice of music for the rolling vehicle. Yikes! You nailed it - it's got an 80s horror movie vibe. Aside from that and the Kia front end, very interesting vehicle. Too bad we won't see these in Canada for... a decade?","['creepy', 'Kia', 'Canada']","['vehicle', 'horror movie', 'decade', 'movie', 'music']",-0.7905,Negative
2047,Y8yTY_7w3KA,"the noise in the car is unbearable, you can hear every little thing on the road","the noise in the car is unbearable, you can hear every little thing on the road",[],"['noise', 'hear', 'little', 'road', 'thing']",0.0,Neutral
2048,Y8yTY_7w3KA,They are all crap! Electric 💩. Ps. Love the channel❤,They are all crap! Electric 💩. Ps. Love the channel❤,['Electric 💩'],"['channel', 'love', 'electric', 'crap']",0.7959,Positive
2049,Y8yTY_7w3KA,Id still take neither,Id still take neither,[],[],0.0,Neutral
2050,Y8yTY_7w3KA,Bet Tesla's lawyers have had a good look at that design.,Bet Tesla's lawyers have had a good look at that design.,[],"['bet', 'design', 'look', 'good', 'tesla']",0.4404,Positive
2051,Y8yTY_7w3KA,"The range/performance/interior feel sounds great, but these small issues can really become annoying for day-to-day livability...Also, as a private customer, I am doubtful about long-term support and servicing since I don't think Chinese companies would feel too bound by European legislation and contracts. It does have indicator switches, so that is a big plus.","The range/performance/interior feel sounds great, but these small issues can really become annoying for day-to-day livability...Also, as a private customer, I am doubtful about long-term support and servicing since I don't think Chinese companies would feel too bound by European legislation and contracts. It does have indicator switches, so that is a big plus.","['Chinese', 'European']","['day', 'feel', 'chinese companies', 'switches', 'private']",-0.2424,Negative
2052,Y8yTY_7w3KA,Much more attractive than model 3 if u ask me,Much more attractive than model 3 if u ask me,[],"['attractive', 'ask', 'model']",0.4927,Positive
2053,Y8yTY_7w3KA,Does the BYD have the equivalent software that Tesla has “Autopilot” which provides ACC and lane keeping? Does it have “Blind Spot Monitoring”?,Does the BYD have the equivalent software that Tesla has “Autopilot” which provides ACC and lane keeping? Does it have “Blind Spot Monitoring”?,"['BYD', 'Tesla', 'Autopilot', 'ACC']","['does', 'autopilot', 'provides', 'blind', 'blind spot']",0.0,Neutral
2054,Y8yTY_7w3KA,"My friend’s BYD can only go straight if steering wheel points to the right, he has done the wheel alignment but mechanics from BYD asked him if he has driven a car before.","My friend’s BYD can only go straight if steering wheel points to the right, he has done the wheel alignment but mechanics from BYD asked him if he has driven a car before.",['BYD'],"['wheel', 'points', 'asked', 'friend', 'driven']",0.1154,Positive
2055,Y8yTY_7w3KA,I hope not.  No BYD for me,I hope not. No BYD for me,[],"['hope', 'byd']",0.5842,Positive
2056,Y8yTY_7w3KA,this car litterally sounds like my morning alarm,this car litterally sounds like my morning alarm,[],"['sounds like', 'sounds', 'like', 'car']",0.0258,Neutral
2057,Y8yTY_7w3KA,"Giggleometer. Best measuring tool,, ‍‍🌟💖😅💖🌟‍‍
Cheers Leah and Thomas,, 🍻🍻😎👍👍","Giggleometer. Best measuring tool,, ‍‍🌟💖😅💖🌟‍‍ Cheers Leah and Thomas,, 🍻🍻😎👍👍","['Cheers Leah', 'Thomas']","['best', 'thomas']",0.9766,Positive
2058,Y8yTY_7w3KA,"Its internal charging architecture is a let down though, specifically in the dept of AC charging. Charges really really slow. Plug in 22kw and it only goes to 7kw max. Plug it in 11kw AC and u get only 3.7kw........crazy

Edit: this applies for certain specs in certain countries only. Check first before buying.","Its internal charging architecture is a let down though, specifically in the dept of AC charging. Charges really really slow. Plug in 22kw and it only goes to 7kw max. Plug it in 11kw AC and u get only 3.7kw........crazy Edit: this applies for certain specs in certain countries only. Check first before buying.",[],"['plug', 'certain', 'ac', 'charging', 'really']",0.2732,Positive
2059,Y8yTY_7w3KA,"Another excellent, detailed and objective review Thomas - thank you!  I can't wait to take a really good look and test drive the Seal when it launches in the UK in November.  I think this is best looking saloon EV on the market today.  I do think the Tesla model 3 Highland design has been improved but still not as good looking as the Seal.  I also really like the metallic white on your review vehicle.","Another excellent, detailed and objective review Thomas - thank you! I can't wait to take a really good look and test drive the Seal when it launches in the UK in November. I think this is best looking saloon EV on the market today. I do think the Tesla model 3 Highland design has been improved but still not as good looking as the Seal. I also really like the metallic white on your review vehicle.","['Thomas', 'Seal', 'Tesla', 'Highland']","['looking', 'think', 'review', 'good', 'really']",0.8664,Positive
2060,Y8yTY_7w3KA,"Looks much better than that boring tesla. Exterior, interior,  everything.","Looks much better than that boring tesla. Exterior, interior, everything.",[],"['boring', 'looks better', 'exterior', 'interior', 'better']",0.1531,Positive
2061,Y8yTY_7w3KA,coming to DE w/o combi version?,coming to DE w/o combi version?,[],"['coming', 'version']",0.0,Neutral
2062,Y8yTY_7w3KA,No leather=No sale,No leather=No sale,[],"['sale', 'leather']",-0.296,Negative
2063,Y8yTY_7w3KA,"I confidently predict that the EV phenomenon will implode and fizzle out.
The lack of required rare earth minerals and miles together with appealing charging infrastructure will see more countries, like the UK, roll back the 2030 limit of new ICE vehicles indefinitely.","I confidently predict that the EV phenomenon will implode and fizzle out. The lack of required rare earth minerals and miles together with appealing charging infrastructure will see more countries, like the UK, roll back the 2030 limit of new ICE vehicles indefinitely.",[],"['roll', 'earth', 'required', 'charging infrastructure', 'infrastructure']",0.5542,Positive
2064,Y8yTY_7w3KA,Yes but the Chinese government is HIGHLY subsidizing these Chinese electrical auto manufacturer which is unfair competition and the Chinese are selling with at least at 33000 € loss per car!!! By European!,Yes but the Chinese government is HIGHLY subsidizing these Chinese electrical auto manufacturer which is unfair competition and the Chinese are selling with at least at 33000 € loss per car!!! By European!,"['Chinese', 'European']","['chinese', 'electrical', 'selling', 'competition', 'manufacturer']",-0.8135,Negative
2065,Y8yTY_7w3KA,"Great car all round, the rear of the car is so nice","Great car all round, the rear of the car is so nice",[],"['car nice', 'round', 'rear', 'great car', 'car']",0.8279,Positive
2066,Y8yTY_7w3KA,"So when you get tired of calling it the Build Your Dreams or the BYD, do we call it the Beemer?","So when you get tired of calling it the Build Your Dreams or the BYD, do we call it the Beemer?","['BYD', 'Beemer']","['build dreams', 'dreams', 'build', 'byd']",-0.0516,Negative
2067,Y8yTY_7w3KA,there is no routeplaning and slow af charging hahahahaha this wont be a competitor,there is no routeplaning and slow af charging hahahahaha this wont be a competitor,[],"['af', 'competitor', 'slow', 'wont', 'charging']",-0.296,Negative
2068,Y8yTY_7w3KA,"Always looking forward to your reviews the most! As I am only interested in electric cars, do you have any plans to split the channel into an electric and an ice one? I feel bad ignoring half your videos as it might be bad for your algorithm.","Always looking forward to your reviews the most! As I am only interested in electric cars, do you have any plans to split the channel into an electric and an ice one? I feel bad ignoring half your videos as it might be bad for your algorithm.",[],"['bad', 'electric', 'algorithm', 'forward', 'interested']",-0.807,Negative
2069,Y8yTY_7w3KA,"The interior looks like it's made with parts from Aliexpress...so much Piano black, yes MORE MORE ! Make my eyes bleed please.","The interior looks like it's made with parts from Aliexpress...so much Piano black, yes MORE MORE ! Make my eyes bleed please.",['Piano'],"['aliexpress', 'piano black', 'piano', 'interior looks', 'eyes']",0.7777,Positive
2070,Y8yTY_7w3KA,"The white seal 2023 version really stunning, the steering wheel, the taillamp is beautiful; but I like those legs on passenger seat more 😄","The white seal 2023 version really stunning, the steering wheel, the taillamp is beautiful; but I like those legs on passenger seat more 😄",[],"['passenger seat', 'passenger', 'legs', 'white', 'beautiful']",0.9364,Positive
2071,Y8yTY_7w3KA,"Cars made in Europe pay 25% import tax in China.
Cars made in China pay 10% import tax in Europe and get EV subside.
It's time for Europe to level the playing field, otherwise China will destroy Europe's industries like China has already done to othwr European industries.
And remeber, China is an allie of Russia, you won't want to depend on them.","Cars made in Europe pay 25% import tax in China. Cars made in China pay 10% import tax in Europe and get EV subside. It's time for Europe to level the playing field, otherwise China will destroy Europe's industries like China has already done to othwr European industries. And remeber, China is an allie of Russia, you won't want to depend on them.","['Europe', 'China', 'European', 'Russia']","['europe', 'china', 'import', 'tax', 'pay']",-0.3009,Negative
2072,Y8yTY_7w3KA,"Hi @thomas @Autogefuehl 
You mentioned that the BYD drives better than the model3...i guess u are referring to the outgoing model 3...as I have not seen your driving review of the new model 3. Pls clarify. Many thanks.",Hi You mentioned that the BYD drives better than the model3...i guess u are referring to the outgoing model 3...as I have not seen your driving review of the new model 3. Pls clarify. Many thanks.,['BYD'],"['model', 'model3', 'hi', 'new model', 'guess']",0.8074,Positive
2073,Y8yTY_7w3KA,Thomas I am watching whilst recovering from major surgery i have been ordered no heavy weights/movements etc. I was not expecting the Seal impression you made me laugh out loud..ouch. Great review keep up the good work.,Thomas I am watching whilst recovering from major surgery i have been ordered no heavy weights/movements etc. I was not expecting the Seal impression you made me laugh out loud..ouch. Great review keep up the good work.,"['Thomas', 'Seal']","['impression', 'expecting', 'ordered', 'major', 'watching']",0.8834,Positive
2074,Y8yTY_7w3KA,Impressive package with great base range of 320+ miles and a competitive price in the UK. Spacious helped by their  blade battery (being used in Tesla Y) and frunk. Nice review Thomas. 👍,Impressive package with great base range of 320+ miles and a competitive price in the UK. Spacious helped by their blade battery (being used in Tesla Y) and frunk. Nice review Thomas. 👍,"['Tesla', 'Thomas']","['blade battery', 'frunk', 'competitive', 'blade', 'base']",0.8979,Positive
2075,Y8yTY_7w3KA,"Lol the horror music ice cream truck chimes😂.  And the seal barks, you forgot the clapping.  I like the car. 👍","Lol the horror music ice cream truck chimes😂. And the seal barks, you forgot the clapping. I like the car. 👍",[],"['cream truck', 'chimes', 'like car', 'truck', 'horror']",0.5423,Positive
2076,Y8yTY_7w3KA,The refreshed standard range Tesla 3 would be my choice over the BYD Seal without hesitation. I cannot say that this is the case when comparing the prior version of the 3 with the current Seal.,The refreshed standard range Tesla 3 would be my choice over the BYD Seal without hesitation. I cannot say that this is the case when comparing the prior version of the 3 with the current Seal.,['Seal'],"['seal', 'refreshed', 'comparing', 'current', 'case']",0.2057,Positive
2077,Y8yTY_7w3KA,Can't wait to see these catching fire on western social media like they do on Chinese social media,Can't wait to see these catching fire on western social media like they do on Chinese social media,['Chinese'],"['social media', 'social', 'media', 'chinese social', 'like chinese']",0.0258,Neutral
2078,Y8yTY_7w3KA,But a Seal? They couldn’t use a better animal to name it?,But a Seal? They couldn’t use a better animal to name it?,[],"['animal', 'couldn', 'use', 'better', 'seal']",0.6381,Positive
2079,Y8yTY_7w3KA,From the outside it looks like someone stole a model3 and put a body kit on it. 😮‍💨,From the outside it looks like someone stole a model3 and put a body kit on it. 😮‍💨,['model3'],"['model3', 'outside', 'looks like', 'looks', 'like']",0.3612,Positive
2080,Y8yTY_7w3KA,Too bad we won't even see these in America,Too bad we won't even see these in America,['America'],"['won', 'america', 'bad']",-0.5423,Negative
2081,Y8yTY_7w3KA,"With the poor quality of some German cars like Mercedes with their minimal amount of standard features, high prices and cheap plasticky interiors, it isn't hard for anyone to match ""high"" expectations of the Euro consumer. The Chinese carmakers are killing it.","With the poor quality of some German cars like Mercedes with their minimal amount of standard features, high prices and cheap plasticky interiors, it isn't hard for anyone to match ""high"" expectations of the Euro consumer. The Chinese carmakers are killing it.","['German', 'Mercedes', 'Euro', 'Chinese']","['high', 'carmakers', 'expectations', 'match', 'mercedes']",-0.6912,Negative
2082,Y8yTY_7w3KA,love the interior material,love the interior material,[],"['material', 'love', 'interior']",0.6369,Positive
2083,Y8yTY_7w3KA,great video! but i really think it looks like shit. it looks cheap inside and outside. and i just know it will break down in a few years. i would take the new tesla anytime,great video! but i really think it looks like shit. it looks cheap inside and outside. and i just know it will break down in a few years. i would take the new tesla anytime,[],"['looks', 'like shit', 'years new', 'great video', 'looks cheap']",-0.1007,Negative
2084,Y8yTY_7w3KA,Hope not. Stop China is the word.,Hope not. Stop China is the word.,['China'],"['word', 'stop', 'hope', 'china']",0.5842,Positive
2085,Y8yTY_7w3KA,"I ordered my Seal with the RWD version in Atlantis Grey - It will be delivered in december 👍

I just hope I wont regret selling my Audi Q4 40 e-tron over this one 😅",I ordered my Seal with the RWD version in Atlantis Grey - It will be delivered in december 👍 I just hope I wont regret selling my Audi Q4 40 e-tron over this one 😅,"['RWD', 'Atlantis', 'Audi']","['rwd version', 'ordered seal', 'grey', 'audi', '40']",0.7865,Positive
2086,Y8yTY_7w3KA,Love the rear headlights! Very nice.,Love the rear headlights! Very nice.,[],"['rear', 'love', 'nice']",0.8217,Positive
2087,Y8yTY_7w3KA,"pricing pricing pricing ! it's all useless without the price of the car. if you're wondering why you're still at 700k subs for the past year while carwow or doug has millions, go check one of their reviews. not to mention how unprofessional it is to have your giggling girlfriend next to you.","pricing pricing pricing ! it's all useless without the price of the car. if you're wondering why you're still at 700k subs for the past year while carwow or doug has millions, go check one of their reviews. not to mention how unprofessional it is to have your giggling girlfriend next to you.",['700k'],"['pricing', 'girlfriend', 'mention', 'check', 'past']",-0.5983,Negative
2088,Y8yTY_7w3KA,"Considering what kind of absolute crap European car makers are turning into (producing cars that are objectively worse, cheaper feeling, less desirable, etc. but more and more expensive for no justifiable reason), I have no doubt China will destroy the EU car industry in the future. And it's all our fault for letting incompetent people lead European car manufacturers, people with no talents, no vision, who don't know what makes a great car. It seems all such people left European brands and now work in China, Korea or the US. There's almost no European car company currently who isn't making people who used to work in those companies 20-30 years ago blush in shame for what the brands are turning into. It's like the brands that taught the world a lesson on what makes a great car literally started doing the exact opposite of what made them great in the past. BMW and Mercedes are a perfect example of it, but the rest aren't doing any better either. And it's not just the manufacturers in Europe who are doing badly, foreign brands don't sell us any good cars either anymore. Look at the car market in the US and what kind of cars they get for what kind of money, and then compare that to the sh*tboxes we can buy in Europe for as much or more money. It's like we in Europe got brainwashed and trained into accepting that we have to pay a lot of money for bad cars, and we're fine with it. It's the complete opposite of how it used to be in the not so distant past. Well I don't think it's acceptable anymore, I don't wanna pay 40 or 50k € for a hatchback with a 3 cylinder engine and 120hp, or buy some weird looking abomination of an EV car that weighs 2,5 tons and has 200hp with a useless range just because it's ""green"". I was just in a Renault showroom and saw the new Clio , for like 20k € with a 65hp engine and a base trim, and the car looks like a children's toy, literally, it's cheaper than the Dacia's from 15 years ago when they used to cost less than 10k.  We're at a point where a base Clio costs as much as a mid-trim Laguna used to cost 10 years ago.","Considering what kind of absolute crap European car makers are turning into (producing cars that are objectively worse, cheaper feeling, less desirable, etc. but more and more expensive for no justifiable reason), I have no doubt China will destroy the EU car industry in the future. And it's all our fault for letting incompetent people lead European car manufacturers, people with no talents, no vision, who don't know what makes a great car. It seems all such people left European brands and now work in China, Korea or the US. There's almost no European car company currently who isn't making people who used to work in those companies 20-30 years ago blush in shame for what the brands are turning into. It's like the brands that taught the world a lesson on what makes a great car literally started doing the exact opposite of what made them great in the past. BMW and Mercedes are a perfect example of it, but the rest aren't doing any better either. And it's not just the manufacturers in Europe who are doing badly, foreign brands don't sell us any good cars either anymore. Look at the car market in the US and what kind of cars they get for what kind of money, and then compare that to the sh*tboxes we can buy in Europe for as much or more money. It's like we in Europe got brainwashed and trained into accepting that we have to pay a lot of money for bad cars, and we're fine with it. It's the complete opposite of how it used to be in the not so distant past. Well I don't think it's acceptable anymore, I don't wanna pay 40 or 50k € for a hatchback with a 3 cylinder engine and 120hp, or buy some weird looking abomination of an EV car that weighs 2,5 tons and has 200hp with a useless range just because it's ""green"". I was just in a Renault showroom and saw the new Clio , for like 20k € with a 65hp engine and a base trim, and the car looks like a children's toy, literally, it's cheaper than the Dacia's from 15 years ago when they used to cost less than 10k. We're at a point where a base Clio costs as much as a mid-trim Laguna used to cost 10 years ago.","['European', 'China', 'Korea', 'BMW', 'Mercedes', 'Europe', 'Renault', 'Clio', 'Dacia', 'Laguna']","['car', 'european', 'brands', 'used', 'european car']",0.7138,Positive
2089,Y8yTY_7w3KA,"I don’t know about sounding like a horror movie soundtrack, it sounds more like a U.K. ice cream van to me!","I don’t know about sounding like a horror movie soundtrack, it sounds more like a U.K. ice cream van to me!",['U.K.'],"['like ice', 'cream van', 'horror movie', 'van', 'don know']",0.2228,Positive
2090,Y8yTY_7w3KA,Lea speedometer is always the best indicator :-) Hopefully Tesla can learn/copy improve,Lea speedometer is always the best indicator :-) Hopefully Tesla can learn/copy improve,['Lea'],"['improve', 'learn', 'lea', 'hopefully', 'speedometer']",0.9022,Positive
2091,Y8yTY_7w3KA,"Tesla on top right now, better software, better engineering, feels like an Apple car. But competition is always good.","Tesla on top right now, better software, better engineering, feels like an Apple car. But competition is always good.",['Apple'],"['better', 'feels like', 'engineering', 'apple car', 'feels']",0.836,Positive
2092,Y8yTY_7w3KA,Wierd that they have Estonian tricolor on their floor mats. https://media.tenor.com/GENI0Z4JxIIAAAAM/estonya.gif https://media.tenor.com/GENI0Z4JxIIAAAAM/estonya.gif,Wierd that they have Estonian tricolor on their floor mats.,"['Wierd', 'Estonian']",['floor'],0.0,Neutral
2093,Y8yTY_7w3KA,"Hi ,Thomas new BYD it's very cool!
Seal I would like you to learn more unknown electric cars so I can know them too and I like them a lot!","Hi ,Thomas new BYD it's very cool! Seal I would like you to learn more unknown electric cars so I can know them too and I like them a lot!",['Thomas'],"['like lot', 'know like', 'learn', 'hi thomas', 'hi']",0.8007,Positive
2094,Y8yTY_7w3KA,Thanks for the detailed review. I have to say the sounds they chose by default would really annoy me.,Thanks for the detailed review. I have to say the sounds they chose by default would really annoy me.,[],"['annoy', 'chose', 'detailed', 'sounds', 'thanks']",-0.0754,Negative
2095,Y8yTY_7w3KA,What a nice car ! impressive,What a nice car ! impressive,[],"['nice car', 'impressive', 'nice', 'car']",0.75,Positive
2096,Y8yTY_7w3KA,Tesla is better....,Tesla is better....,['Tesla'],"['better', 'tesla']",0.4404,Positive
2097,Y8yTY_7w3KA,"European taillights are a work of art. Unlike the garbage we get in North America. 
Anyway your videos are awesome 👌🏾",European taillights are a work of art. Unlike the garbage we get in North America. Anyway your videos are awesome 👌🏾,"['European', 'North America']","['north america', 'north', 'unlike', 'awesome', 'videos']",0.8816,Positive
2098,Y8yTY_7w3KA,it loooks fantastic both in and out!!!,it loooks fantastic both in and out!!!,[],['fantastic'],0.6679,Positive
2099,Y8yTY_7w3KA,Are they on sale in Germany yet? Can we buy one if we go to the dealership?,Are they on sale in Germany yet? Can we buy one if we go to the dealership?,['Germany'],"['sale', 'germany', 'buy']",0.0,Neutral
2100,Y8yTY_7w3KA,"If BYD has a EU legal team that's as furious as they are in China, they will beat Tesla at no time. BYD will sue any Auto Journalist who post videos on Chinese social media that has negative review of their cars.","If BYD has a EU legal team that's as furious as they are in China, they will beat Tesla at no time. BYD will sue any Auto Journalist who post videos on Chinese social media that has negative review of their cars.","['BYD', 'China', 'Tesla', 'Chinese']","['chinese social', 'social media', 'beat', 'social', 'media']",-0.8442,Negative
2101,Y8yTY_7w3KA,"Anyone should do their own research on BYD battery FIRES.
Also this car will collect your data and send it to CCP. This is a FACT, no matter if you believe it or not.","Anyone should do their own research on BYD battery FIRES. Also this car will collect your data and send it to CCP. This is a FACT, no matter if you believe it or not.","['BYD', 'FIRES', 'CCP']","['send', 'research', 'matter', 'data', 'believe']",-0.0191,Neutral
2102,Y8yTY_7w3KA,"If one day BYD succeeds to become the biggest EV & hybrid manufacturer, one of the key pillars must be their own self-efficient battery production. Like the idea they are trying achieve building cars that 99% components are self designed & built, but they really need to work harder on the software otherwise reach out to Huawei for that, either for in-car system or autopilot.","If one day BYD succeeds to become the biggest EV & hybrid manufacturer, one of the key pillars must be their own self-efficient battery production. Like the idea they are trying achieve building cars that 99% components are self designed & built, but they really need to work harder on the software otherwise reach out to Huawei for that, either for in-car system or autopilot.","['BYD', 'EV &', 'Huawei']","['self', 'autopilot', 'components', 'production', 'building']",0.4588,Positive
2103,Y8yTY_7w3KA,Any CCP electric car is going to be irresponsibly dangerous to own from both a data security and a battery management safety perspective at the very least.  I would beg folks to look a little deeper than the memes as to the level of risk involved in owning one of these and am surprised this otherwise reputable channel is partaking in this  party propaganda nonsense,Any CCP electric car is going to be irresponsibly dangerous to own from both a data security and a battery management safety perspective at the very least. I would beg folks to look a little deeper than the memes as to the level of risk involved in owning one of these and am surprised this otherwise reputable channel is partaking in this party propaganda nonsense,['CCP'],"['perspective', 'owning', 'management', 'security', 'propaganda']",0.0836,Positive
2104,Y8yTY_7w3KA,"WATCH OUT FOR SPAM/FAKE ACCOUNTS. Across YouTube/Whatsapp/Telegram etc., you'll find fake accounts taking the identity of original channels or people claiming to work on the behalf of original channels, they sometimes even use the same profile pic, similar names and include a telephone number in the name or their comments, trying to get you to message them on Whatsapp or Telegram. DO NOT MESSAGE THEM, they are trying to get your personal details, bank accounts etc. and in the end, they will ask for money or they will misuse your bank account. They promise you giveaways, prices, payment etc. Do not fall for these cheap tricks and PLEASE HELP everyone and MARK THEIR MESSAGES and their whole accounts/channels as Spam and/or report their telephone numbers/Whatsapp to the police. We from Autogefuehl will never ask for your bank details. Check out our original channel marked with the verified badge.
We do have other official channels, so you can identify them and also subscribe if you like e.g. in your native language:
2nd channel for further reviews: 
https://www.youtube.com/c/autogefuel 
YouTube Shorts chanel:
https://www.youtube.com/channel/UCmKVmuPc9wUlLuuhnIeP7_w
Spanish: Auto Sensación - Prueba de coches a fondo
https://www.youtube.com/channel/UCZospzTclE4Uf6Jvxbh842Q
Arabian: حس السيارات
https://www.youtube.com/channel/UCYSBKhMY_UpvcU1_4j8xJcg
Korea: 오토센스
https://www.youtube.com/channel/UC6S_5hXKrjJ87xOg9GE_AHA
Japan: カー フィーリング
https://youtube.com/channel/UC8wumItayAPJnk059DLa30g
Russian: Анатомия Автомобиля
https://www.youtube.com/c/%D0%90%D0%BD%D0%B0%D1%82%D0%BE%D0%BC%D0%B8%D1%8F%D0%90%D0%B2%D1%82%D0%BE%D0%BC%D0%BE%D0%B1%D0%B8%D0%BB%D1%8F
Chinese: 車之感
https://www.youtube.com/@AutogefuhlChinese
BMW theme channel:
https://www.youtube.com/channel/UCIUeo4Kjlq7F2XrTwyXUYcA
EV theme channel: 
https://www.youtube.com/channel/UC_KxbHUPuqC8JaUmDV9bGSQ","WATCH OUT FOR SPAM/FAKE ACCOUNTS. Across YouTube/Whatsapp/Telegram etc., you'll find fake accounts taking the identity of original channels or people claiming to work on the behalf of original channels, they sometimes even use the same profile pic, similar names and include a telephone number in the name or their comments, trying to get you to message them on Whatsapp or Telegram. DO NOT MESSAGE THEM, they are trying to get your personal details, bank accounts etc. and in the end, they will ask for money or they will misuse your bank account. They promise you giveaways, prices, payment etc. Do not fall for these cheap tricks and PLEASE HELP everyone and MARK THEIR MESSAGES and their whole accounts/channels as Spam and/or report their telephone numbers/Whatsapp to the police. We from Autogefuehl will never ask for your bank details. Check out our original channel marked with the verified badge. We do have other official channels, so you can identify them and also subscribe if you like e.g. in your native language: 2nd channel for further reviews: YouTube Shorts chanel: Spanish: Auto Sensación - Prueba de coches a fondo Arabian: حس السيارات Korea: 오토센스 Japan: カー フィーリング Russian: Анатомия Автомобиля Chinese: 車之感 BMW theme channel: EV theme channel:","['Across YouTube/Whatsapp/Telegram', 'Whatsapp', 'Telegram', 'Spam', 'Autogefuehl', 'YouTube Shorts', 'Spanish', 'Arabian', 'Korea', 'Japan', 'Russian', 'Анатомия Автомобиля Chinese', 'BMW']","['channel', 'original', 'theme', 'fake', 'ask']",0.8851,Positive
2105,Y8yTY_7w3KA,Coming to Australia?,Coming to Australia?,['Australia'],"['australia', 'coming']",0.0,Neutral
2106,Y8yTY_7w3KA,Thomas better start learning Chinese 😂,Thomas better start learning Chinese 😂,"['Thomas', 'Chinese']","['start', 'thomas', 'better', 'chinese']",0.7003,Positive
