source_id,source_type,video_id,parent_id,is_reply,author,text,like_count,public
UgziTw48XPz4negTM9N4AaABAg,comment,DHRxnTPrzOQ,,False,@OldLien1,"if you are looking at the reviews because you're thinking of buying one of these cars, let me start by saying don't take too much notice of Motoring journalist most of them are ******* I can tell you I've watched every review and read every article, I also have had a very extensive range of vehicles in my time a great deal of them from NEW!  mercedes, bmw, audi's  jaguar's admittedly none of them were electric. But I have the excellence model and I find it to be the best car I've ever had by some margin, so smooth so quiet and so exceptionally Powerful, It goes a long way to restoring the pleasure of driving, every time I take it out it's a pleasure. So in my opinion if you're thinking of buying one go ahead don't worry it's brilliant.
there is no problem with the range, 99% of these journalists get bogged down wandering and worrying about how much mileage range the vehicle has
over 300 miles,  to me the average motorist who's gonna buy one would not be doing that sort of mileage in a day and would probably never ever used a public charger.
PS. they make me laugh how they keep showing you the rotating screen, ALL OF THEM! I bet everybody who's got one will never rotate it,
motoring journalists they're all so original in their presentations. LOL.",0,True
UgzVAcYXjfq3LF9CjhN4AaABAg,comment,DHRxnTPrzOQ,,False,@lekMike-x6u,I want a seal,0,True
UgxgmKU4T0zX1mYq7QR4AaABAg,comment,DHRxnTPrzOQ,,False,@iainmclaughlan1557,That screen is bigger than the screen for my Amiga 600..,0,True
UgwAPjzvZ9esHHxkX6R4AaABAg,comment,DHRxnTPrzOQ,,False,@DreamThenTravel,Had to come find this car. I just rode in one today here in Madrid while on vacation with my family. My wife kept saying this is a Tesla like yours honey! I said no it’s not. She pointed out the similarities. I said oh. It does look like a Tesla…but it’s not. The inside of that car is way better my Tesla.,0,True
Ugx7uOKpXd1vkH-bku14AaABAg,comment,DHRxnTPrzOQ,,False,@N570389,The flashing dashboard behind the steering wheel is pretty annoying. Is it always like that?,0,True
UgyFLaOxAp7A9Sq3RhR4AaABAg,comment,DHRxnTPrzOQ,,False,@W67w,So touching the infotainment screen is fine but touching your phone means you will get points!,0,True
Ugz-yze_rfP7BMXGZ-R4AaABAg,comment,DHRxnTPrzOQ,,False,@nigelstanmore1841,"Good grief.. talk about a half glass empty review.. crikey why doesn’t the reviewer go to his Gp and get some sertraline .. flipping eck ‘try to be +ve’
It ain’t a 1977 Vauxhall viva 🤣",0,True
UgwYB88MrV_pWHsLIlp4AaABAg,comment,DHRxnTPrzOQ,,False,@paulmorris4152,First World problems...dirty finger.,0,True
UgyLjKTUJ2j5oQxnHYR4AaABAg,comment,DHRxnTPrzOQ,,False,@sh856531,The reason to not buy a Tesla these days is really simple - Elon.,0,True
UgxEJfQKosYYPLuy9qF4AaABAg,comment,DHRxnTPrzOQ,,False,@aidenwrenn5342,At least it hasn't got a musky smell!,0,True
UgwQW7oQbyP8Kjpm0NB4AaABAg,comment,DHRxnTPrzOQ,,False,@blvcknoirent,"ngl this car looks, boring",0,True
UgzVrEQyEJoqB5kHs_14AaABAg,comment,DHRxnTPrzOQ,,False,@Michael_Livingstone,I’m kinda looking forward to this car coming to Canada.,0,True
UgyGC7kB4hMEr-ju-sZ4AaABAg,comment,DHRxnTPrzOQ,,False,@epidot4520,"Hold on a moment. Am I mistaken about something? My understanding is that the newer models of the Tesla Model 3 no longer have stalks. This means that in the UK, using the indicators is quite inconvenient for the million roundabouts we have, and parallel parking has become cumbersome since you have to swipe up and down on the screen repeatedly to reverse. These issues alone make the BYD Seal far superior to the Tesla, unless you're comparing it to the older versions of the Model 3. He hasn't mentioned any of this.",0,True
Ugw-RAlIT6KY5NND6Rt4AaABAg,comment,DHRxnTPrzOQ,,False,@adyg236,"The AWD model 3 is more expensive, slower, lacks V2L, and has a shorter lifespan battery.  Another lacking review from this channel.",0,True
Ugz6aNtsslFBLjOCveN4AaABAg,comment,DHRxnTPrzOQ,,False,@RylanStorm,I really struggle to watch a video when they can't even get the name of the car right in the first minute. BYD is short for Biyadi.  Build Your Dreams is just a marketing tagline they put on cars in Europe and have since dropped.,0,True
Ugw6alpEIiW8WMMiaJR4AaABAg,comment,DHRxnTPrzOQ,,False,@jimmyholster,Is this the guy's 1st car review? 🤣,0,True
UgxCIg3hb9TG7lCFzxl4AaABAg,comment,DHRxnTPrzOQ,,False,@jimmyholster,"2:23 You know you can get a 'simple' version of the display? Also, I never notice the KW numbers changing.",0,True
UgwMhXojqx9u3pGH1vl4AaABAg,comment,DHRxnTPrzOQ,,False,@RogerKnight5,"Sealed the deal? No!
1. Low ride = most speed bumps will scrape the bottom, even at low speeds, that's where the battery is located😱🔥
2. Road speed limit displayed exactly behind steering wheel rim so no visible to driver
3. Charging port door does not automatically shut 
4. Poor Lane Keeping Assist (LKA) and Lane Centering - at slower speeds it's like a drunk driver and can also cross into other lanes

After driving for 3 weeks, I can honestly say it is one of the worst cars on the market.",0,True
UgxfM5X6axKK1VqaF7l4AaABAg,comment,DHRxnTPrzOQ,,False,@nrabinov,This guy is clearly a Tesla fanboy,0,True
Ugy8vEHF9Uj9KANhBwF4AaABAg,comment,DHRxnTPrzOQ,,False,@neilgrainger9943,Strong smell of plastic 😂,0,True
UgwXxfZhrfflB7ex5NN4AaABAg,comment,DHRxnTPrzOQ,,False,@firstpostcommenter8078,"5:18 in Tesla the rear seats can be folded to get extra bootspace to put large items like a unflodable large item etc because it is a hatchback(coupe/liftback) unlike seal which is a sedan. Yuck.
It is time makers realise that people want a hatchback car that looks like a sedan i.e. coupe/liftback.",0,True
UgxbqjuNTqgJgEh-H854AaABAg,comment,DHRxnTPrzOQ,,False,@llynellyn,I love the fact that due to his age the presenter is complaining about the car having UK style RHD wiper/indicator stalks instead of the US/EU style LHD ones that all cars sold in Britain have come with since our car industry died xD,0,True
UgzExTyJw9L9wbPf-NB4AaABAg,comment,DHRxnTPrzOQ,,False,@davhooper1710,"In Singapor, this cost close to 200K SGD, and this excludes the road tax, and any other additional fee just to allow this car to be driven in Singapore road.",0,True
UgzOw_MLlJPsImB3bap4AaABAg,comment,DHRxnTPrzOQ,,False,@andrewmadeup7375,"According to BYD's founder, the letter combination didn't actually stand for anything when it was first come up with, but “BYD” is the pinyin initials of the company's Chinese name Biyadi NOT BUILD YOUT UCK DREAMS",0,True
UgzTNDx-S-KgLIWT1Vh4AaABAg,comment,DHRxnTPrzOQ,,False,@waynelewis5656,"If you know the max milage for 100% eg 320 miles, , and you can see the battery is charging and currently at 42%, is it difficult to work out what 42% of 320 is? Not a big deal really",0,True
Ugy1nBHymCKUGV9bVlN4AaABAg,comment,DHRxnTPrzOQ,,False,@LifeWithSander-xc5jq,"All of you car testers listen up!!! Not one of you tests a car under bad driving conditions. Meaning not the roads but the weather. Let's see some tests under a rainy, foggy, day, mostly a hard rain. I'd like to see how the interior handles the moisture on the windows. Let's see how the defrosters work!! These are important safety factors. Let's see how the windows remain clear and dry inside the car when an awful rain is coming down.",0,True
UgytNV3xqOs-p52HrB14AaABAg,comment,DHRxnTPrzOQ,,False,@kuikukui5077,"45k in EU, thank you but no",0,True
UgxaQXXTVSSYal9b1vd4AaABAg,comment,DHRxnTPrzOQ,,False,@sim-sam,"2025 here: We still do not need 0-x times, we need usabilty and haptics eg: buttons - we have had 100 and more years of experience in road-discomfort and comfort - and now again discomfort. We do not need surveillance - we need a usable, gadgetfree car with a range that does not kill the world and my budget.",0,True
Ugzm-fQSBEmgzIhyBXN4AaABAg,comment,DHRxnTPrzOQ,,False,@beartr2626,ok tesla fanboy!,0,True
Ugw9MKWKVkWfyzmmZcZ4AaABAg,comment,DHRxnTPrzOQ,,False,@ElectricAdventures-q1p,Has anyone figured out whether they're built by slaves? Does anyone care any more?,0,True
Ugz_AivvcTI9r7R6eZx4AaABAg,comment,DHRxnTPrzOQ,,False,@Serengeti777,TOO BAD ABOUT THE CRAPPY COMPUTER SYSTEM,0,True
Ugx8LjUmTal5tI22j2B4AaABAg,comment,DHRxnTPrzOQ,,False,@sarusalijumani4918,It’s better than merc bmw and tesla it is,0,True
UgzNDj4xaHulxdQYU_J4AaABAg,comment,DHRxnTPrzOQ,,False,@FactsNotFeelings4U,"This review was BS, I don’t even think he mentioned you can ask the car by speaking to it to adjust pretty much any aspect of the car’s settings. I’ve never seen this guys content before but will never watch again, he isn’t genuine, and YES I own (between my wife and I) a BYD, a Mercedes and a Lexus. The BYD has impressed me more than any of my other vehicles. The things this guy was highlighting didn’t feel sincere.",0,True
Ugw6hQgFSQlf8rSWTAN4AaABAg,comment,DHRxnTPrzOQ,,False,@dongjoocon,선택은 소비자가 합니다.  내돈을 주고 사는 물건이기 때문이죠^^,0,True
UgykpWAwYBpyQ66wcGh4AaABAg,comment,DHRxnTPrzOQ,,False,@prompted_by_tebz,"The title should have been ""I am annoyed by whatever in this car"" coz wow bro. Tell us you are Tesla Biased without telling us🤣. Thanks for the info though",0,True
UgwFmwnjr6bn5M2Y7kt4AaABAg,comment,DHRxnTPrzOQ,,False,@TrafficTrainer-p9y,First time I see a Chinese car priced more than an American one.,0,True
UgynjLJBC_MbQ7iu8BV4AaABAg,comment,DHRxnTPrzOQ,,False,@Sensibleman600,Looks much better than a boring Tesla. Plus BYD did great on interior and physical controls.,0,True
UgwFNZvP3WW2jX8VUpB4AaABAg,comment,DHRxnTPrzOQ,,False,@beady123,Do the seat fold down in the back? Anyone know?,1,True
UgwNhXBDjpoSXD8jpKt4AaABAg,comment,DHRxnTPrzOQ,,False,@jamallhayden2512,Thank You!,1,True
Ugx2oVHNu6QM82MOjeF4AaABAg,comment,DHRxnTPrzOQ,,False,@ChanikaChathurangi-cz1lk,How to clean the mist in windscreen,0,True
UgxptZzIEhY-ORBInXN4AaABAg,comment,DHRxnTPrzOQ,,False,@andrewsingh,"I can’t get past all these Chinese cars, including Chinese owned brands such as polestar and lotus have the same internal design. “Floating” centre console with a small storage area, 15 inch screen, small screen behind steering wheel… is this because they are all using the same design department / parts bin or is it just a market trend there?",0,True
UgzsCAYfy3-9pYKkkfZ4AaABAg,comment,DHRxnTPrzOQ,,False,@jamieogorman9461,"Followed one this morning, definitely look nice .",0,True
UgyD3B7b2XnecM_BVBt4AaABAg,comment,DHRxnTPrzOQ,,False,@PorkBellyFutures,"Wow you seemed a bit pedantic, bet you are a barrels of laughs. 'My hand gets wet in the rain'",0,True
UgzWaMSNj6DN_8kez214AaABAg,comment,DHRxnTPrzOQ,,False,@Yarrow54,"The model 3 isn't better, it's also just a appliance on wheels. I get that some people like the minimalistic vibe but I think it's a cop out for using very little brain power on the design. Bland as hell.",0,True
UgyVj7yHJ1rEbHWbmDx4AaABAg,comment,DHRxnTPrzOQ,,False,@NinhHong-t5v,Incredible work.,0,True
UgyG_c2Z18_LwocSQ7Z4AaABAg,comment,DHRxnTPrzOQ,,False,@Iiijjuhykkkkijjuhyttt,So why are you messing with the screen while your driving huh! Every min of every car journey!😂 keep your eyes on the road fella!,0,True
Ugz0ebY8a9lxAt5bm8p4AaABAg,comment,DHRxnTPrzOQ,,False,@ws1814,"Wow, this car reviewer is basically a Male Karan. 😂",0,True
UgzahW2qd41z8HvVoSl4AaABAg,comment,DHRxnTPrzOQ,,False,@SaschaAltdorf,The Tesla Model 3 isn‘t actually cheaper as you get a fully equipped car with the base version of the Seal while the Model 3 base version is extremely spartanic,0,True
UgwCF6TFIvEbMzCOhxB4AaABAg,comment,DHRxnTPrzOQ,,False,@centralkingdom8141,They are not cheap in UK,0,True
UgyRly4G52hRgyhH9mh4AaABAg,comment,DHRxnTPrzOQ,,False,@Wayne-km7nq,Is there an auto drive provide in this car such as tesla's???,0,True
Ugx2RYuMGRD5LLQ2KoF4AaABAg,comment,DHRxnTPrzOQ,,False,@paulmik9356,"That infotainment UI, though 😢
Amazing car otherwise.",0,True
UgzqlAWdwTTxbVsQ_A94AaABAg,comment,DHRxnTPrzOQ,,False,@Mohammedalnaaimi90,He force himself to tell the good things in the car,0,True
Ugz98ye-psSiEV88n714AaABAg,comment,DHRxnTPrzOQ,,False,@hgft274,This guy is obviously a biased reviewer. Unsubscribing.,1,True
UgxvUcaDmeBDGpkSqxN4AaABAg,comment,DHRxnTPrzOQ,,False,@arthur_pug,Did they pay you to make this vid?,0,True
UgxvUcaDmeBDGpkSqxN4AaABAg.AJdteafsYJhAK1hufGHPGS,comment,DHRxnTPrzOQ,UgxvUcaDmeBDGpkSqxN4AaABAg,True,@amorbavian,He literally said model 3 is better and cheaper.,0,True
UgzLf0vOstK8-fkdV6N4AaABAg,comment,DHRxnTPrzOQ,,False,@iosios1768,"'Outsold Tesla ... due to its sales in China' - those faked figures are exposed in the YouTube video titled:  Elon Musk VS Trump - China Has So Much to LOSE From This!  Another one that you may wish to watch, exposing the scam and also how unsafe China's EV are is titled:  China's Rotten Electric Cars are a SCAM - Fields of TRASH no one wants",1,True
UgyTC47TEr64gRwN_9d4AaABAg,comment,DHRxnTPrzOQ,,False,@Damonpuss,"If I hear one more Brit whinge about the indicators, when logically they should be on the right in a left lane driving country... everyone laughs at Range Rovers in Australia because you can't one hand drive.",0,True
UgwQIi49bOMKcglbU9J4AaABAg,comment,DHRxnTPrzOQ,,False,@mccharliec4989,"Tesla=Apple
BYD=Samsung",0,True
Ugx5o93I7Mu5mIvVh7t4AaABAg,comment,DHRxnTPrzOQ,,False,@SrimalDarshana-t7x,Any plus points ?,0,True
UgzHjd-D7ekvTvW5FN94AaABAg,comment,DHRxnTPrzOQ,,False,@cidrichcondino,This car is literally useful and better for its price than a tesla,0,True
UgyQuuBNuGXnDDnpPy94AaABAg,comment,DHRxnTPrzOQ,,False,@georgekarams8014,who would buy that fish of a car tesla 3 over this masterpiece?,1,True
UgxtqQtnb66go_ENU7l4AaABAg,comment,DHRxnTPrzOQ,,False,@PrincessBeeRelink,"I love how they just shove ipads on the cluster and infotainment, no design at all...",0,True
Ugx3fn0eoqRlHPhnHpR4AaABAg,comment,DHRxnTPrzOQ,,False,@fasteddyuk,"The most used word is this review was ""annoying.""",0,True
Ugx-uiG6AFk7smeXqdN4AaABAg,comment,DHRxnTPrzOQ,,False,@fai.s4611,I’m sorry but it’s obvious you’re just hating on BYD,0,True
Ugz0923c6TnMSZS1ned4AaABAg,comment,DHRxnTPrzOQ,,False,@Cutiepies-w1t,Tesla better up their game,0,True
Ugy2q5M6yYtugP9QW7p4AaABAg,comment,DHRxnTPrzOQ,,False,@Cutiepies-w1t,Why looks like Tesla?,0,True
UgyrZRSxX2iQrvdTpDB4AaABAg,comment,DHRxnTPrzOQ,,False,@eudesruct,The Seal appears to be the favoured electric car. I drove the awd Excellence version and absolutely loved it.,2,True
Ugw6Ha9bRW4nYy-m9694AaABAg,comment,DHRxnTPrzOQ,,False,@majelislaguanakindonesia2106,"I like honest review, appreciated .",0,True
Ugy0wVOtRxSn6OLDPP94AaABAg,comment,DHRxnTPrzOQ,,False,@adhamalawar4631,"Sadly, a very biased review",0,True
Ugx6NhqouXPmltI0ij14AaABAg,comment,DHRxnTPrzOQ,,False,@ZER02641988,omg only blaming ..its obious you just dont like EVs,0,True
UgxH2tY0pH1U3XO_Nvh4AaABAg,comment,DHRxnTPrzOQ,,False,@cerberc11,"Looks like no-one cares about plastic smell inside byd. Every demo BYD seal and dolphin I was sitting in had such a terrible chemical smell, not any other car had. Even the cheapest MG4 didn't have that. Any nice new-car smell is toxic and can cause cancer, so the bad smell can be so much worse? Anyone who owns Seal or Dolphin can confirm if it disappears quickly or not?",0,True
UgwZ5Hyfpyz7lS9JqVR4AaABAg,comment,DHRxnTPrzOQ,,False,@jonjajon539,So if you break that screen you are f up,0,True
UgzzoxNl8KeAL2yLy2d4AaABAg,comment,DHRxnTPrzOQ,,False,@sonnyd2370,"How much a couple of these reviews for those curious about the Chinese cars because they're really super nice for the cost I mean honestly the combustion engine was one thing they do have Honda so it's not that surprising but they've spent the past 50 years perfecting Electronics now that there's basically making a big vacuum cleaner LOL but I guess in China Chinese people like everything automated that's why I don't have buttons at all I'm not sure if you'll mention or not cuz I'm halfway through it but they voice commands for everything you can tell the window down turn heat on even if you're in the backseat it'll know you're in the backseat and roll down your window usually all the doors are automated even the trunks automated you have to use the key fob how to change a little bit of stuff for the exports because like Americans like you buttons door handles stuff like that the Chinese don't they like technology even the old people are used to it LOL they won't even let those in America because you can get a Eevee brand new that will beat a Porsche for like 39,000 and that's with butterfly doors that are automated and everything looks like a Porsche",0,True
UgxsNLWfERJhC3308uR4AaABAg,comment,DHRxnTPrzOQ,,False,@jfg2000utube,He's using an MG umbrella to talk about a BYD car lol !,2,True
UgxFH_NDsFF_Xo6XxR14AaABAg,comment,DHRxnTPrzOQ,,False,@dermotsheehan6331,Good snags pointed out but I think BYD is here to stay,0,True
UgwdJXIfGha11KevjLt4AaABAg,comment,DHRxnTPrzOQ,,False,@cpandsooz,"Windows look a bit steamed up at times in the review. Wonder if climate was on?

Great value package though",1,True
UgwdJXIfGha11KevjLt4AaABAg.AGBRCjR4TnnAJHL26bQK_Y,comment,DHRxnTPrzOQ,UgwdJXIfGha11KevjLt4AaABAg,True,@paulanderson7796,I've seen that on a number of EV drive reviews. Perhaps trying to stretch out the range? AC compressors will load up the battery.,1,True
UgxmbhH4mQ3gAzvUiT54AaABAg,comment,DHRxnTPrzOQ,,False,@muratisik6956,No way the Model 3 is better!,0,True
Ugzie8j58BvgJ3CwZU54AaABAg,comment,DHRxnTPrzOQ,,False,@Sabhail_ar_n-Alba,"Given that it's Chinese, will it fall apart after 3 months ?",0,True
Ugzie8j58BvgJ3CwZU54AaABAg.AG5svA5Dq0oAJHL4ehAGtt,comment,DHRxnTPrzOQ,Ugzie8j58BvgJ3CwZU54AaABAg,True,@paulanderson7796,No. From where do you get that notion?,0,True
UgxYK9TDFY1A4C4sZoF4AaABAg,comment,DHRxnTPrzOQ,,False,@starvingbymidnight,does it have camping mode?,0,True
UgzESdHDZHscr6w9vgh4AaABAg,comment,DHRxnTPrzOQ,,False,@L-am-Ch0p,Having driven a few Tesla's - the interiors are incredibly boring! I love how this car is styled.,0,True
UgyeZcSJDey7-8pDHDN4AaABAg,comment,DHRxnTPrzOQ,,False,@ricosuave7102,They need to bring back cash for clunkers. That’s what these cars are. Lol,1,True
UgxtFsXVVkTgkvsJf894AaABAg,comment,DHRxnTPrzOQ,,False,@bluebirdfan100,So nicer interior than the cheap looking model 3 which already looks extremely dated and boring.,0,True
UgwfEbmBrs0IH4KQO7t4AaABAg,comment,DHRxnTPrzOQ,,False,@magzire,"Seen one today, could believe how good it looked. was like looking at a Porsche",51,True
UgwfEbmBrs0IH4KQO7t4AaABAg.AFctmK8rtneAKiAb-ebei_,comment,DHRxnTPrzOQ,UgwfEbmBrs0IH4KQO7t4AaABAg,True,@ws1814,"Same, it looks much sleeker in person.",3,True
Ugx13vyQ7ZpMizHcYGp4AaABAg,comment,DHRxnTPrzOQ,,False,@h22atransplant,I love this car despite what you are saying about it,0,True
UgxWLJfYgP_7QMfQ2QR4AaABAg,comment,DHRxnTPrzOQ,,False,@sashiasokan1781,"Never seen a video from this channel before nor this person - there were several obvious and subtle digs at the car, some unfair too.",0,True
UgwypDYbyr0eEc3gAjJ4AaABAg,comment,DHRxnTPrzOQ,,False,@stevenduncan3392,I gotta admit these look pretty good,0,True
Ugz3_ePUawiGuScfxVF4AaABAg,comment,DHRxnTPrzOQ,,False,@yaserahmed1339,He should have mentioned the reason why it priced so high it because the government put tariffs on Chinese EVs coming into the country,3,True
Ugz3_ePUawiGuScfxVF4AaABAg.AFHXoW3-IkIAO7pqp35POR,comment,DHRxnTPrzOQ,Ugz3_ePUawiGuScfxVF4AaABAg,True,@xepinephrine4743,"Actually, BYD Seal only costs around £ 21,000 in Chinese domestic market",0,True
Ugw4A8Lc0Omc8hws1xF4AaABAg,comment,DHRxnTPrzOQ,,False,@robertThomas-w5y,"the seal's both are a great car having driven those and some tesla's  they are better. FACT! for me that's it simple. however the DYNAUDIO seems to be average from my ears!
oh it's a saloon not a hatchback so please stop saying anything that suggests a negative on that if a buyer wants a hatch back go buy one ! simples.",0,True
Ugw4A8Lc0Omc8hws1xF4AaABAg.AEdqIP5QV39AJHLBw50Sjp,comment,DHRxnTPrzOQ,Ugw4A8Lc0Omc8hws1xF4AaABAg,True,@paulanderson7796,',0,True
Ugy0QsJKGwJCkVjv3td4AaABAg,comment,DHRxnTPrzOQ,,False,@pe3396,How much did Tesla pay for this super biased review?,0,True
UgxXiI5nusxhPnZnUix4AaABAg,comment,DHRxnTPrzOQ,,False,@devincouser1271,All the things that he mentioned that weren't good was only preference. Probably way better than the Tesla. I'm sold,2,True
UgyTfnWC8KOtJ0WMWIZ4AaABAg,comment,DHRxnTPrzOQ,,False,@Dr23rippa,£30K brand new and almost as fast as a Lamborghini!,2,True
UgyTpkBdf6b0hcaSJg14AaABAg,comment,DHRxnTPrzOQ,,False,@lliamq12,My problem is I've been wanting a model 3 for so long... but I can't stand to see what musk is doing in the US and attempted to do with Europe... I want a real alternative,2,True
UgyYDw8KHM4uMjygg7J4AaABAg,comment,DHRxnTPrzOQ,,False,@trustinflames1022,"Seen a couple of these in person in last week.  Very smart looking car, specially in black.  Was kind of hoping they would be a little cheaper here in the U.K. but everyone seems to scared of the Chinese cars coming into Europe and putting huge tariffs on them.  Shame.",0,True
UgyYDw8KHM4uMjygg7J4AaABAg.AEUz5VYqMf3AFG4_PBJYpz,comment,DHRxnTPrzOQ,UgyYDw8KHM4uMjygg7J4AaABAg,True,@raljix1566,BYD are building 2 factorys in Europe to circumvent the tariffs. I believe they come online later this year.,1,True
UgyYDw8KHM4uMjygg7J4AaABAg.AEUz5VYqMf3AFG9ZuwLyoi,comment,DHRxnTPrzOQ,UgyYDw8KHM4uMjygg7J4AaABAg,True,@trustinflames1022,@raljix1566hopefully they come down a little in price then.,0,True
UgwQC1JPKDMSkwogLF94AaABAg,comment,DHRxnTPrzOQ,,False,@briannaenns7223,The only reason why I’m watching this video is because my teacher was making us learn about this and why I’m watching this is because I love seals 🦭 ❤😂😊😅,0,True
UgwTRw6AHx9zw-z8-bx4AaABAg,comment,DHRxnTPrzOQ,,False,@AdamXSmith,Dumb Canada copy the US and imposed 100% tariff on Chinese EV cars. So we Canadians will never buy cheap better EV cars from China. Dumb AF!,0,True
UgyXlFMA6FJjDSn8QCh4AaABAg,comment,DHRxnTPrzOQ,,False,@realadrieno,Anything to piss off Elon :),0,True
UgzCjHfkA8jZg4iUT6F4AaABAg,comment,DHRxnTPrzOQ,,False,@lionheart827,China is taking over,0,True
UgzAGk-6ZDlduR6KS914AaABAg,comment,DHRxnTPrzOQ,,False,@paulbessell6154,"It's a pity about the relatively slow charging speed. After all, if you can charge fast, range is less of an issue. Currently I'm looking to change my Ioniq 5 which charges in the time it takes me to have a coffee - I will seriously look at the BYD, but the charging speed has to be a bit of an issue - that and the depreciation! lol",0,True
UgxpqgbzaEIsD3X2GM14AaABAg,comment,DHRxnTPrzOQ,,False,@diabloaka,A very negatively oriented review,0,True
Ugwaerdp_nlCbxdanyp4AaABAg,comment,DHRxnTPrzOQ,,False,@mikemiller659,BYD has Huge financial support where Tesla doen not,0,True
UgymtxZ4-O-CE6g-noN4AaABAg,comment,DHRxnTPrzOQ,,False,@rex86uk,"I think this car is perfect, looks brilliant and you get a lot of tech for the money. Model 3 is boring and just common. The only thing Tesla has is the supercharger facility otherwise it’s just a big standard ev",0,True
UgxJvNFwSSr88KDH9c54AaABAg,comment,DHRxnTPrzOQ,,False,@d-milsthorp,"Very poor review, couldn’t be more bias interpretation. This vehicle is reasonably well built than most Japanese or British sedan vehicles. Unfairly reviewed from someone of les ev knowledge.",0,True
UgzdDoVvNFeqesYK3TZ4AaABAg,comment,DHRxnTPrzOQ,,False,@mohsinshahzad3238,Was he reviewing seal or model 3 as he kept whinging about seal and phrasing about 3 i have seal myself after driving 3 for years 3 doesn't even come close the way this beast drives so make your facts right and next time be unbiased 😂😂,0,True
Ugz-BmjDhxJVyND1SSt4AaABAg,comment,DHRxnTPrzOQ,,False,@captainjack6890,"If I was to use this review as a determining factor in buying this car, I would buy immediately. He tried to be harsh and really couldnt find anything serious to knock the car with.",0,True
UgyiyGchujx6C-zh3Td4AaABAg,comment,DHRxnTPrzOQ,,False,@rainer5523,An electric car with steering feedback... You had me at Build,0,True
UgyiyGchujx6C-zh3Td4AaABAg.AD91f-tK5ZUAJHLVwhSjKr,comment,DHRxnTPrzOQ,UgyiyGchujx6C-zh3Td4AaABAg,True,@paulanderson7796,Most ICE cars use electric steering assist these days. They are not all devoid of feel and feedback.,0,True
Ugyr_IrkvknjCissTbd4AaABAg,comment,DHRxnTPrzOQ,,False,@Smiler7,Do you have to turn off these annoying beeping settings like ADAS EVERY time you get into the car and turn it on??,0,True
Ugyr_IrkvknjCissTbd4AaABAg.ACx_e86Z_-jAEfl8kJzXKR,comment,DHRxnTPrzOQ,Ugyr_IrkvknjCissTbd4AaABAg,True,@robertThomas-w5y,like tesla there are OTA updates which deal with issues,1,True
Ugzi0CJl7e9HvVCAqEd4AaABAg,comment,DHRxnTPrzOQ,,False,@Chipchap-xu6pk,"Yeah, 'Seal' is a whacky name.  Not like naming your cars so that they spell 'S3XY' like a ten year-old in a middle aged man's body would.",1,True
Ugz4hj_BlSd2bHSnZK14AaABAg,comment,DHRxnTPrzOQ,,False,@SplawnQROD,"Most of this review, bearing in mind it's uk based is seriously out of date, Ive just specced a model three long range at £52,500 with a couple of extras and with £7,200 deposit you are talking PCP payments of £670PCM - the seal Design (the four wheel drive top spec version) by contrast is £48,500 and with the 1% apr deal and 4K deposit £479PCM on the PCP, so how the model three can be 'better AND cheaper' is beyond me although I do accept this review was posted seven months ago.  Also a six year warrant and 8 yr battery warranty and you have what seems like a very good deal indeed  - so much so having drive one today that I suspect a nice light blue one will be sat on our driveway before too long.",6,True
Ugw-DkgRXh83Ae33cMh4AaABAg,comment,DHRxnTPrzOQ,,False,@snorky222222,Less range than polestar and not that much cheaper. What's all the fuss about? - I was expecting cheap cars.,0,True
UgySCWFjxdCc8Q7rUM14AaABAg,comment,DHRxnTPrzOQ,,False,@kadooks67,I think you are nitpicking.,0,True
Ugw2jhXvb4U7fLGl3mh4AaABAg,comment,DHRxnTPrzOQ,,False,@dna9838,"China’s arming rapidly, it has the money and overwhelming manufacturing capability and capacity to outpace anyone else. Buying Chinese EVs is fuelling that. We’re doing incalculable damage to our own futures by sending them so much of our wealth.",0,True
UgwvQxXJ12pGnoBjLDx4AaABAg,comment,DHRxnTPrzOQ,,False,@sparky6996,Its cheap in other countries??? Like for like working its magic again,0,True
UgyDEc3g84wbDwAl_H94AaABAg,comment,DHRxnTPrzOQ,,False,@Ksivakaran,"Comparing with according to my knowledge, this is gonna be the best car in the future they’re using plate battery❤❤❤❤",0,True
UgxtdBy0C9tf0eVxyzh4AaABAg,comment,DHRxnTPrzOQ,,False,@cszuhan,The overall performance has made it one of the best choices for people in countries with normal tariffs.,3,True
Ugw_D4kLsOHdC_Yxqh14AaABAg,comment,DHRxnTPrzOQ,,False,@SCHRUBBE1966,Don’t buy BYD.  They are scum and use slavery,2,True
Ugw_D4kLsOHdC_Yxqh14AaABAg.AC_0N3zWRjmAJHLc3xNPs6,comment,DHRxnTPrzOQ,Ugw_D4kLsOHdC_Yxqh14AaABAg,True,@paulanderson7796,Really?,0,True
UgyTsQJeVS2UFE-Yugd4AaABAg,comment,DHRxnTPrzOQ,,False,@pankajt1986,Does it comes with MG umbrella 😅,0,True
Ugy6ghDbrbCY6JQdu014AaABAg,comment,DHRxnTPrzOQ,,False,@GoatGaming2025,"I was impressed by the 360kw and 3.6 seconds 0-100 on the premium version. But $74,000aud is a little crazy in my opinion.",0,True
Ugy6ghDbrbCY6JQdu014AaABAg.ACHhxDkfzCTACHi3AjqPVf,comment,DHRxnTPrzOQ,Ugy6ghDbrbCY6JQdu014AaABAg,True,@GoatGaming2025,Base model 0-100 is 7 seconds going directly off the website and only 160kw of power,0,True
Ugy6ghDbrbCY6JQdu014AaABAg.ACHhxDkfzCTAEdsvFGmLef,comment,DHRxnTPrzOQ,Ugy6ghDbrbCY6JQdu014AaABAg,True,@robertThomas-w5y,"A lot crazy but what to do no freedoms to protest no power but every 4 to 5 years this world is crazy. and for wealthy people only, so how does a Russian communist get to be a multi billionaire. LOL",0,True
UgyZNA0OwQRCYJV7UgN4AaABAg,comment,DHRxnTPrzOQ,,False,@JO-bz4kc,BYD also made Nokia batterys in 2000's.,0,True
UgzBlBratC_FrZSCqW94AaABAg,comment,DHRxnTPrzOQ,,False,@niftynige,"Chinese junk, no thanks!",1,True
UgzBlBratC_FrZSCqW94AaABAg.ABvwkespeFxADt_VUbKxCb,comment,DHRxnTPrzOQ,UgzBlBratC_FrZSCqW94AaABAg,True,@phenotypeb6843,​@Winnvynhe's still living in the 60s,1,True
UgzBlBratC_FrZSCqW94AaABAg.ABvwkespeFxAJHLkkHJM2I,comment,DHRxnTPrzOQ,UgzBlBratC_FrZSCqW94AaABAg,True,@paulanderson7796,It's not 1965 any more.,0,True
Ugzgai0xUzcZPa_P_yV4AaABAg,comment,DHRxnTPrzOQ,,False,@nrique_s,"Haha no, the problem is not the car is the f UK - start driving normal, like the rest of the world, mate 😂",0,True
Ugzgai0xUzcZPa_P_yV4AaABAg.ABpI_TCvQdrAJHLofLyiVl,comment,DHRxnTPrzOQ,Ugzgai0xUzcZPa_P_yV4AaABAg,True,@paulanderson7796,Try using English normally.,0,True
Ugzgai0xUzcZPa_P_yV4AaABAg.ABpI_TCvQdrAJHV0Z2IOCf,comment,DHRxnTPrzOQ,Ugzgai0xUzcZPa_P_yV4AaABAg,True,@nrique_s,​@paulanderson7796said the monolingual 😂,0,True
UgxFuIhhDA8AZ109H8F4AaABAg,comment,DHRxnTPrzOQ,,False,@BIGTEX888-hh9ot,Thank goodness “our” government “protects” us from buying a cheaper EV like BYD …..what would I do without the government….too bad they can’t do that for me on protecting us from the insurance companies etc….,0,True
UgzhHLi6B0__NDoTa594AaABAg,comment,DHRxnTPrzOQ,,False,@alexroc172,"UK price is literally TWICE the price in Australia !
We get ripped off in the UK",0,True
UgzhHLi6B0__NDoTa594AaABAg.ABfNQ1QSChDAEfk5ibR4vr,comment,DHRxnTPrzOQ,UgzhHLi6B0__NDoTa594AaABAg,True,@robertThomas-w5y,"as usual we get a stiff kick in the nuts in UK it's unreasonable to put such high levels of "" we didn't build it but we want a share ""TAX. kind regards the chancellor whom ever that party is.",1,True
UgyR7M38vLcjbatcOtB4AaABAg,comment,DHRxnTPrzOQ,,False,@danmoreton1788,"He should probably say at the outset, I really don't like this car. He seemed to have skipped over the fit and finish of all teslas. Maybe he should try to be a bit more honest.",0,True
UgyzP6vOaj6k6qmxSqV4AaABAg,comment,DHRxnTPrzOQ,,False,@damianotoole8770,u,0,True
UgyWQYvpXaGZoKliaoZ4AaABAg,comment,DHRxnTPrzOQ,,False,@CThienV,a Golf bag wont fit in the boot from left to right!,0,True
UgyxgnYs3a65df4oMX94AaABAg,comment,DHRxnTPrzOQ,,False,@mikee2773,Really doesn't reflect my experience and I'm completely neutral. This car interior and exterior is much better then Tesla.. this guy is not a good presenter.,0,True
Ugw8miAwgzGxuY8ghjh4AaABAg,comment,DHRxnTPrzOQ,,False,@lnr244,EVs have no future..BYD already building HYBRIDS alongside EVs..The future is HYDROGEN powered engines..Money invested on an EV is lost. Its like buying a Mobile Phone in 2 years its almost worthless. I wouldn't invest a penny on an EV..Hybrid is miles better option.,1,True
UgwFgv7DZhnPvti7tgF4AaABAg,comment,DHRxnTPrzOQ,,False,@jamesdawson3123,"Test drove both the Tesla and the Seal and ended up going for the Seal Performance, loving it!!😊",134,True
UgwFgv7DZhnPvti7tgF4AaABAg.ABQT2ibatuKAEdqP5JuUCP,comment,DHRxnTPrzOQ,UgwFgv7DZhnPvti7tgF4AaABAg,True,@robertThomas-w5y,Me Too !,5,True
UgwFgv7DZhnPvti7tgF4AaABAg.ABQT2ibatuKAGOU62R1blS,comment,DHRxnTPrzOQ,UgwFgv7DZhnPvti7tgF4AaABAg,True,@shaoxiongzhu,Me Too！,5,True
UgwFgv7DZhnPvti7tgF4AaABAg.ABQT2ibatuKAGSJjv_IEZZ,comment,DHRxnTPrzOQ,UgwFgv7DZhnPvti7tgF4AaABAg,True,@sbashir9460,"Is that the Excellence? 

Is it overkill for a primarily local driver?",1,True
UgwFgv7DZhnPvti7tgF4AaABAg.ABQT2ibatuKAGSKuPohnZG,comment,DHRxnTPrzOQ,UgwFgv7DZhnPvti7tgF4AaABAg,True,@robertThomas-w5y,"@sbashir9460 yes if you do round town save money buy a Dolphin or or a cheaper EV that will carry your groceries. long trips say regular 50 to 100 miles its good for those.
On the range thing for those who panic going longer distances, I don't know a person (other than Truckers) who go on for miles and miles never stopping, so for a pee- coffee/Tea sandwich plug it in 🙂.",0,True
UgwFgv7DZhnPvti7tgF4AaABAg.ABQT2ibatuKAGcVsv2q3-R,comment,DHRxnTPrzOQ,UgwFgv7DZhnPvti7tgF4AaABAg,True,@robertThomas-w5y,"@sbashir9460  yes it is but the design is a nice version I feel the costs are way to high for around the town 44K and 49K 
just for around town get a small cheap electric car MG's are cheap and look good from outside.",0,True
UgwtNb2YlG7P9LW7mMF4AaABAg,comment,DHRxnTPrzOQ,,False,@XXXXXX___913,Buy European keep money in Europe. Keep money in the UK don’t buy Chinese.,0,True
UgxCqhrsNReqLutsj0N4AaABAg,comment,DHRxnTPrzOQ,,False,@agnivabanerjee6413,"This guy is a biased reviewer.  Probably the biggest tesla fanboy amongst the reviewers. I own a model S, had a 3, and recently test drove a byd seal. The seal sits somewhere between the S and the 3.",1,True
Ugyxm7So3hgRegJYIcN4AaABAg,comment,DHRxnTPrzOQ,,False,@ericfrancisco6050,CHINA CAR NO QUALITY,0,True
Ugyxm7So3hgRegJYIcN4AaABAg.ABCBjX3AtMJAJHLwvuMdgg,comment,DHRxnTPrzOQ,Ugyxm7So3hgRegJYIcN4AaABAg,True,@paulanderson7796,"It's 2025, not 1965.",0,True
UgwJ27A0X24GKfIRag54AaABAg,comment,DHRxnTPrzOQ,,False,@ericfrancisco6050,NO TO CHINA CAR,0,True
UgytFQtjD4k7IiNpqSF4AaABAg,comment,DHRxnTPrzOQ,,False,@jeremyyapwengkit4884,"This video is pure nonsense, clearly aimed at discrediting Chinese cars. It’s well known that Western countries banned them because they offer advanced technology, quality materials, and affordability that Western manufacturers simply can’t match. Now, even the Germans and Japanese are curious about how the Chinese achieve this, and they’re visiting to find out. The Japanese even bought a Chinese car, dismantled it, and studied it for research and development purposes.",1,True
UgybUwkvA88VHhsAVDF4AaABAg,comment,DHRxnTPrzOQ,,False,@kerryscott1508,The American car market is done if BYD makes it to the US. I saw a used Tyota carolla for 51k,0,True
UgwJYd_tN_zN75FEpTV4AaABAg,comment,DHRxnTPrzOQ,,False,@CartoonrBOY,"So you like/dislike steering wheel feedback, you're incapable of moving your head & you don't know your left from your right. Gotcha.",0,True
UgzMwc_WrOcBHyCtt7x4AaABAg,comment,DHRxnTPrzOQ,,False,@omarjassar4650,The smell of plastic is the new car smell,0,True
UgwsVUK-5JZXaKl7F6B4AaABAg,comment,DHRxnTPrzOQ,,False,@thomostash,This man is very easily annoyed.,0,True
Ugw0vD8UnHWJVx6-NeB4AaABAg,comment,DHRxnTPrzOQ,,False,@streiklauzis87,"Next time you make a review of the car, check UBS ratings first and loook what's under the car. It is built out of low quality metal and cheapest bearings.",0,True
Ugw_8nMSYR1aCfHznQZ4AaABAg,comment,DHRxnTPrzOQ,,False,@juhsis,I don't care how many miles it can make when charging but the percentage is more important to me.,0,True
UgyX32xh8IubSzEQEWp4AaABAg,comment,DHRxnTPrzOQ,,False,@krisnadiimam4556,"if the price around the same as the ioniq 5, i think i will go with the ioniq. seal drives better, but i like the ioniq interior better.",0,True
UgwV95EE0KRgqgULPvh4AaABAg,comment,DHRxnTPrzOQ,,False,@DotNetWizard,I notice a certain group of idiots interested in this brand so the best I can do is distance myself from both,0,True
Ugz8_oFB9vHJB5iiw_x4AaABAg,comment,DHRxnTPrzOQ,,False,@chetjones5956,It looks like a mix between a tesla and a genisis g70,0,True
Ugzub7G7hL1g6Z_abVd4AaABAg,comment,DHRxnTPrzOQ,,False,@Youtubestar14,"Looking at the range on your phone is not a downfall is it ? If you’re sat in the car waiting for it to charge, the chances are you’ll be on your phone anyways",0,True
UgwBcdA9mcp-wh4xOMZ4AaABAg,comment,DHRxnTPrzOQ,,False,@eyeofthetiger6002,"China makes the best EVs because it’s the most competitive EV market in the world, only the best survive there and the only real competitor is Tesla.",1,True
UgxCz22AYjCewnzzxcd4AaABAg,comment,DHRxnTPrzOQ,,False,@mattlamb8,No way a model 3 is better than a seal this guys is nuts,90,True
UgxCz22AYjCewnzzxcd4AaABAg.A9eq3DDv_Y0AGAOku8AdXp,comment,DHRxnTPrzOQ,UgxCz22AYjCewnzzxcd4AaABAg,True,@HyperVanilo,"Better in rear and front trunk capacity, that's it 🤷",1,True
UgxCz22AYjCewnzzxcd4AaABAg.A9eq3DDv_Y0AIhpSzOyA_3,comment,DHRxnTPrzOQ,UgxCz22AYjCewnzzxcd4AaABAg,True,@YR2050,You wouldn't know because you had neither.,2,True
Ugx-IlDbg05kPmW_M6N4AaABAg,comment,DHRxnTPrzOQ,,False,@Hds.Incorporated,"This definitely feels like a video made just to promote any potential issues with BYD. such minor factors and this dude is like ""it's sooo annoyyinngggg, model 3 doesn't have that!"" lol",0,True
UgwI6GJhDSNc9pbKagl4AaABAg,comment,DHRxnTPrzOQ,,False,@Joiedevivredesilives,I wouldn’t buy anything Musk as he’s shown his true colours,1,True
UgwkrttWRuZnM_pz5RF4AaABAg,comment,DHRxnTPrzOQ,,False,@BorisWitry-l2e,Allen Steven Lee Ruth Taylor Jessica,0,True
UgxOfaASf2Dh_v2CQX14AaABAg,comment,DHRxnTPrzOQ,,False,@teentechnology9855,"Recently test drove a model 3 and a byd seal. The back seats of the seal are lovely, not problematic as the reviewer says, and the suspension was so much nicer than the tesla, which I found crashy and fidgety.",4,True
UgxdwiBwOBww2gATmaZ4AaABAg,comment,DHRxnTPrzOQ,,False,@metricstormtrooper,"Stop rubbing the plastics then if they dont feel premium enough for you, i mean who in their right mind carresses their cars interior, get over it mate.",0,True
UgwjZQxAItrMTAg6wYJ4AaABAg,comment,DHRxnTPrzOQ,,False,@misterETIO,"Dude, you should be focusing on the road every minute you are driving, not on the screen. 😂😂😂😂",0,True
Ugyfl2TCFrZZvUSMe1Z4AaABAg,comment,DHRxnTPrzOQ,,False,@shanedavis9166,"I enjoy a bit of ( safe ) speed, the same as most drivers. But I can't understand the obsession with 0-60. On our roads in the UK. 5s is plenty quick enough in my opinion. I'd sooner get to 60 slightly slower, but have a better range. Also, surely it would also be better for insurance, as the vehicle wouldn't be classed in the super /  hyper-car range. Or is it me just getting older?",1,True
UgwKpChnh6kINIXGUsZ4AaABAg,comment,DHRxnTPrzOQ,,False,@BeckyStoklasa-k3k,Lewis Margaret Clark Carol Allen Margaret,0,True
UgyfCT3Z4L-G_LA9nc94AaABAg,comment,DHRxnTPrzOQ,,False,@JonahIsabel-u9s,Mittie Park,0,True
UgxPVGjSvLi9kKM2H6x4AaABAg,comment,DHRxnTPrzOQ,,False,@HenriettaDennis-z1f,Daniel Points,0,True
UgwMux3nGmr2MOSIFxN4AaABAg,comment,DHRxnTPrzOQ,,False,@MaudEugene-f1f,Veum Forge,0,True
UgxjMFc5w8Nx-ckJkCp4AaABAg,comment,DHRxnTPrzOQ,,False,@HansenNorman-r1r,Jones Orchard,0,True
Ugy-Z-qGtVi6crFsqAZ4AaABAg,comment,DHRxnTPrzOQ,,False,@MariaThomas-j1y,Hernandez Robert Garcia Michael Hall Steven,0,True
Ugx9buUcOg5cQ6t59gp4AaABAg,comment,DHRxnTPrzOQ,,False,@sdsddffd-e2c,Leslie Lakes,0,True
UgyrCFyGHHXwF5e_MEN4AaABAg,comment,DHRxnTPrzOQ,,False,@HenriettaRebecca-p7z,Kelvin Ways,0,True
Ugw-BhYZrCdXNMnBWh54AaABAg,comment,DHRxnTPrzOQ,,False,@RolandShytie,6371 Reichel Mountain,0,True
Ugzn9q3XsnkSpY5IVxJ4AaABAg,comment,DHRxnTPrzOQ,,False,@BroadNorma-x4l,Garry Groves,0,True
UgyQCCc9aLTshJGvNy14AaABAg,comment,DHRxnTPrzOQ,,False,@MillHogan-u1o,Alene Island,0,True
UgzxQwv9ImNNxN6Wtkd4AaABAg,comment,DHRxnTPrzOQ,,False,@VerneRon-l6h,Toney Squares,0,True
UgxZKmYKYbhft14FUqR4AaABAg,comment,DHRxnTPrzOQ,,False,@MiltonGill-z7f,Maurine Turnpike,0,True
UgzTIaYoosYXfL2bHEt4AaABAg,comment,DHRxnTPrzOQ,,False,@h60346yt,Haha... you made this video to find any posible But to this car...  I can not take your opinion seriously.,0,True
Ugz-RSP8dLkxFCGzH954AaABAg,comment,DHRxnTPrzOQ,,False,@NoughuRetghu-e6y,Helen Greens,0,True
Ugy9k1yusIYTlVa27OV4AaABAg,comment,DHRxnTPrzOQ,,False,@Kurdisheboy2009,How many miles an hour you can drive?,0,True
UgxayaagAmgbIGVRNMh4AaABAg,comment,DHRxnTPrzOQ,,False,@level-zero999,"There must be a way to turn it off, the KW",0,True
UgyvmIxp4UOPlbcJuB94AaABAg,comment,DHRxnTPrzOQ,,False,@JeanClauded653,"I am a Tesla fan. I just drobe the range topping Seal and it blew my mind. 'not perfect ' , complaining about the indicator stalk ? Interior is ok ? What is this guy on about ! Its the best car i ve ever ridden and driven. Im comparing this to Audis and mercs and BMW's. Its a joke of a review if you ask me.",2,True
UgyvmIxp4UOPlbcJuB94AaABAg.A8hBQmuc_-oAEdsKVsI3Bp,comment,DHRxnTPrzOQ,UgyvmIxp4UOPlbcJuB94AaABAg,True,@robertThomas-w5y,Spot on.,1,True
UgxfD2TKnqpPmXJaYpZ4AaABAg,comment,DHRxnTPrzOQ,,False,@sullivanrachael,"So we have a car that has fantastic acceleration, mildly communicative steering, comfortable ride on battered UK roads, a big touchscreen, massive depreciation, and quite a high up front cost. But one if you like it, but I’ll keep my existing car, it’s entertaining to drive and doesn’t annoy me.",0,True
UgxfD2TKnqpPmXJaYpZ4AaABAg.A8gJ1uB_79vAEdqfRRPxhl,comment,DHRxnTPrzOQ,UgxfD2TKnqpPmXJaYpZ4AaABAg,True,@robertThomas-w5y,the depreciation is to be confirmed as yet an unknown !! not been here long enough I will say it is one thing I feel concern over.,0,True
UgwzwWHMjLaHVwbLrAt4AaABAg,comment,DHRxnTPrzOQ,,False,@WayneWeber-v3g,Lakin Freeway,0,True
UgxAKVlt0aipvnI5rop4AaABAg,comment,DHRxnTPrzOQ,,False,@LamonicaNicewarner-y3l,Bailee Haven,0,True
Ugw_eSpxHCpNOTqWHqV4AaABAg,comment,DHRxnTPrzOQ,,False,@ghostkee5031,buying a chines product with 45k euros is the dumpiest thing a human being can ever do,0,True
Ugw5X8MFonY4ps9oyfd4AaABAg,comment,DHRxnTPrzOQ,,False,@sidmimiwhitefera7759,Yazmin Center,0,True
Ugw54oQ8Tce3kDa6w_J4AaABAg,comment,DHRxnTPrzOQ,,False,@ToursBack-p7k,Lucienne Roads,0,True
UgzaJEBXaiE2qPTgvm94AaABAg,comment,DHRxnTPrzOQ,,False,@CanadianConservative1111,china makes legit stuff now,0,True
UgyoOsmwah_GvQYvSWx4AaABAg,comment,DHRxnTPrzOQ,,False,@chris9812-v9j,Isn't it normal for a RHD car to have its indicator stalk on the right side?,0,True
UgxFeKdeErQxN_5b3fl4AaABAg,comment,DHRxnTPrzOQ,,False,@BertBurke-l5z,Verner Parkways,0,True
Ugz6HLtvOjw2harDoMd4AaABAg,comment,DHRxnTPrzOQ,,False,@MalkaRoy-l8g,Zemlak Harbors,0,True
UgwPtDT75vtaHecBSB14AaABAg,comment,DHRxnTPrzOQ,,False,@GilbertAlberta-u2c,Swift Club,0,True
UgzZaoxzehyZ05hcQ-l4AaABAg,comment,DHRxnTPrzOQ,,False,@valamerkozlowski7915,Rivals' cars are much more expensive too.,0,True
Ugx9qyVCvY3awiXsqsl4AaABAg,comment,DHRxnTPrzOQ,,False,@valamerkozlowski7915,Britan does not have electric car of its own. This mean that their engineers are not smart enough to design a futuristic car like Chinese do.,0,True
UgwPtsdCfD-XmvN2gbF4AaABAg,comment,DHRxnTPrzOQ,,False,@valamerkozlowski7915,Looks much nicer than the tesla or bmw. Looks like China is taking over the car industry of the world.,0,True
UgyHQqsN-o3uWJuHIjd4AaABAg,comment,DHRxnTPrzOQ,,False,@brokenlegend23,so glad people are calling the biases out 😂❤,0,True
UgxtdVmQk6XKtNt4cJR4AaABAg,comment,DHRxnTPrzOQ,,False,@HowardDeirdre-q7w,Sabryna Crossroad,0,True
Ugx68W8t1r-QR1smv_Z4AaABAg,comment,DHRxnTPrzOQ,,False,@GeoffreyChristian-q7w,760 Roderick Forks,0,True
UgxGX2QtYTJQoooWM2J4AaABAg,comment,DHRxnTPrzOQ,,False,@coiledwire,lol that software looks sad,1,True
Ugy9r0xnRszip8g7Wzx4AaABAg,comment,DHRxnTPrzOQ,,False,@alibutt8542,"This reviewer seems extremely biased, maybe a racist",0,True
UgzHHn0uhnAfRXh5agF4AaABAg,comment,DHRxnTPrzOQ,,False,@LamontOms-u5s,Edgardo Lake,0,True
UgxJoDn8gDh74Cu_e4V4AaABAg,comment,DHRxnTPrzOQ,,False,@nawazskrr6027,Soooo basically...how can we try and pick non-issue faults just because it's a Chinese car 🤣,0,True
UgyTTsc0HjoEKBmJR4d4AaABAg,comment,DHRxnTPrzOQ,,False,@JarredCamell-i6s,Willms Ford,0,True
Ugws_DebbY3bVxB8C-54AaABAg,comment,DHRxnTPrzOQ,,False,@Vermilion2049,"If you choose model 3 over the Seal, you are a moron.",0,True
Ugxgqh8udHrAVjgwWgF4AaABAg,comment,DHRxnTPrzOQ,,False,@nextcenturyworld,my friend bought seal to chauffeur his 5 dogs to park on daily basis. he said it's a pretty good point a to b car for that application and,0,True
UgzZtK362nrqULtiJUl4AaABAg,comment,DHRxnTPrzOQ,,False,@whezzy1965,Battery cars need fire extinguishers fitted as standard.,0,True
UgwzZn_Zy5JD0-t0mC14AaABAg,comment,DHRxnTPrzOQ,,False,@jkm8286,"I don't mean to attack you in any way, but did your wife cheat on you with a BYD salesperson?",3,True
Ugy6UWyDw3lDL79d-n94AaABAg,comment,DHRxnTPrzOQ,,False,@HuttIris,05124 Kris Well,0,True
UgyAMyaHYry4daOMri14AaABAg,comment,DHRxnTPrzOQ,,False,@robsquared2,"I guess you can count on it not supporting android auto given, you know, the sanctions.",0,True
Ugxbwg4A4Tgt0CT2ved4AaABAg,comment,DHRxnTPrzOQ,,False,@javieruriel,link to buy,1,True
Ugx0YcUxc1N1gION1HR4AaABAg,comment,DHRxnTPrzOQ,,False,@Warrior-Titan98,Elon musk would go broke if the USA EV market was an open market that welcomed foreign competitors.,2,True
Ugz6Z5K0tedcCTNtfbZ4AaABAg,comment,DHRxnTPrzOQ,,False,@MichealCoin,"I personally don't think this review is fair, although I do agree with his comments on the center screen. I'm not a fan of the Seal, nor of the Tesla Model 3. My work requires me to split my time evenly between the UK and China, and I do own cars in both places. I recently completed an EV tour in China, and I was spoiled for choice. If I ever need to permanently relocate back to the UK, I would struggle with buying an EV here for one reason: the price comparison. Knowing how much they cost in China, I find it hard to justify paying £46,000 for a Seal. For that amount, I'd be considering a Zeekr 009 / NIO ES8 in China, which is superb. Alternatively, if I wanted to indulge in my childhood dream, I'd be looking at the Xiaomi Su7 for half the price. :)",13,True
Ugz-dHTw6wYAXvcaEil4AaABAg,comment,DHRxnTPrzOQ,,False,@GJAllKnowing,"I'm sorry but what a shallow review, is the best use of your time really to nit pick on the indicator stalks or the location of the boot latch. I'm pretty sure different manufacturers install the indicator switch on either the left or right. Having owned a Model 3 and driven the seal for work, the seal is a better more comfortable vehicle",2,True
UgyxPjeh1r_NvhyiCEF4AaABAg,comment,DHRxnTPrzOQ,,False,@ianmusy8603,Didn't the 190 merc have that as well,0,True
Ugxjvq614Sv8pZhC-IV4AaABAg,comment,DHRxnTPrzOQ,,False,@ianmusy8603,Byd make petrol cars as well,0,True
UgzNqodNBselKh1Msx94AaABAg,comment,DHRxnTPrzOQ,,False,@nicklavos9676,Could not complete watching this guy.... total waste of time review,1,True
UgwG1w02E7_sAv-VisB4AaABAg,comment,DHRxnTPrzOQ,,False,@eevie03,I went for a Ioniq 6 Ultimate after seeing the  Infotainment/dash on the Seal as a real downside. Plus completely ignored the Model 3 bc.. Elon,2,True
UgxvGFGxPJPqgr584IN4AaABAg,comment,DHRxnTPrzOQ,,False,@goodboyjojo,"If you can buy this car at the price of 18K from China, then all comparisons will be a joke at such a low price. In addition, I really don’t understand why. The American brand Tesla is much more expensive in North America than in China. Model 3 only costs 30k USD in China.",1,True
UgxI9MccUrAZe-qUWE94AaABAg,comment,DHRxnTPrzOQ,,False,@randomname931,"the model 3 also has a crap interior, crap build quality, no grab handles, no turn signal stalk, no instrument cluster.",0,True
UgzKsqX0btUlp4AbBDt4AaABAg,comment,DHRxnTPrzOQ,,False,@the1onlynoob,Is the byd as prone to randomly bursting into flames or getting recalled?,0,True
UgzOzPBSrm1IZJOFhfV4AaABAg,comment,DHRxnTPrzOQ,,False,@1ycan-eu9ji,"the reason why the model 3 is so expensive is tariffs... lol, in China it starts at 10k USD... 3 times cheaper than a model 3",0,True
UgytzgjTvEdYKFpvKP94AaABAg,comment,DHRxnTPrzOQ,,False,@supernovaHZ,Bring BYD to the Us to compete with Tesla and force all other cars to cut price! Why not ? good for all the consumers,1,True
UgytzgjTvEdYKFpvKP94AaABAg.A7-7j8dpGuUAEdp_y4_b6C,comment,DHRxnTPrzOQ,UgytzgjTvEdYKFpvKP94AaABAg,True,@robertThomas-w5y,with Musk in his whispering role I'll bet tariffs make that impossible. at least not affordable.,0,True
Ugxk7WBDjhkgIbFHa9t4AaABAg,comment,DHRxnTPrzOQ,,False,@bortolo1007bortolo,"BYD ocean inspired design, LOL is a Model 3 clone, with minor changes just enoug to not get called out 😅",0,True
Ugx6DvEkJGZv9oBsy_x4AaABAg,comment,DHRxnTPrzOQ,,False,@dafyddthomas7299,Extremely impressive BYD Autocars have come in a short period of time,3,True
Ugx6DvEkJGZv9oBsy_x4AaABAg.A6q1KNRzI48AQxrKSmGEij,comment,DHRxnTPrzOQ,Ugx6DvEkJGZv9oBsy_x4AaABAg,True,@KishorTwist,"I hope to see them sold in North America in my lifetime with all their good, bad and ugly!",0,True
Ugz1uMPUzdY6wrA4lQF4AaABAg,comment,DHRxnTPrzOQ,,False,@KrishivBhama,whats the difference between 2 wheel drive and 4 wheel drive please explain that as well,0,True
Ugz_Y7x7I-UNqS6X4d94AaABAg,comment,DHRxnTPrzOQ,,False,@vincentnm1,I test drove the Seal. The autopilot coming to (intelligent cruise control) is rubbish when compared to a Tesla model. 3.,0,True
Ugz_Y7x7I-UNqS6X4d94AaABAg.A6iAcfE97ZGAExr2liOjAP,comment,DHRxnTPrzOQ,Ugz_Y7x7I-UNqS6X4d94AaABAg,True,@GrumpyBulb,"Then the Seal's autopilot must be shocking as I cant stand Tesla's version on my Model 3, Volvo's Pilot Assist was much better on my old S90",0,True
UgwDOAjPAAy9-qQib2x4AaABAg,comment,DHRxnTPrzOQ,,False,@imurhuckleberry1762,"Why not just buy anything everything Chinese, I mean after all they've made it clear they want to take over the  world so let's help em",0,True
UgwTw3qXlEzQw4JsuWF4AaABAg,comment,DHRxnTPrzOQ,,False,@onceafiend,Isn't the AWD version less expensive than the equivalent Tesla? Didnt mention that,0,True
UgwY0k6Cpfe6hz9mF0V4AaABAg,comment,DHRxnTPrzOQ,,False,@zhongvince9210,No byd stands for bi yang de which means son of b,0,True
UgwLXv-cVOafc-L2kmV4AaABAg,comment,DHRxnTPrzOQ,,False,@1388-g2m,Like the idea of electric cars but everything being a touch screen and no physical buttons at all ..... i break my phone and how much if the screen cracked???,0,True
UgwWpOyNTX-QIKrfIsJ4AaABAg,comment,DHRxnTPrzOQ,,False,@koji-jq3kl,"中国の製品は全て信用していない。
絶対買わない。",0,True
UgxW29NMJ45KQx51aOx4AaABAg,comment,DHRxnTPrzOQ,,False,@bremember,"Still costs £40k in the UK, too expensive for working class people like me, I live in a terrace house, how do you charge your car in this situation?",3,True
UgxW29NMJ45KQx51aOx4AaABAg.A67qOAvnLRcA6q3en2gTo4,comment,DHRxnTPrzOQ,UgxW29NMJ45KQx51aOx4AaABAg,True,@dafyddthomas7299,"That is the rub with EV; lack of charging infrastructure, range limitations, time it takes to charge, repair costs - especially if battery develops a fault or needs replacing and also UK's sky high extremely obscene energy bills.",2,True
UgxW29NMJ45KQx51aOx4AaABAg.A67qOAvnLRcA73LInQ7Tud,comment,DHRxnTPrzOQ,UgxW29NMJ45KQx51aOx4AaABAg,True,@1ycan-eu9ji,"blame tariffs, it costs $10k in china",3,True
UgzfBEu-T5D15RmO8dV4AaABAg,comment,DHRxnTPrzOQ,,False,@Trish_Maya,I found my dream car 😊❤,1,True
UgwP_rpxNSQ1nismvvR4AaABAg,comment,DHRxnTPrzOQ,,False,@toyota420xp,The swiveling infotainment system is definitely going to break and it'll probably break when it's not in either position,1,True
Ugw4wA7Fy18IPyVhEa14AaABAg,comment,DHRxnTPrzOQ,,False,@ZflipThefifth,You can buy a Tesla too with a battery that doesn't use cobalt.,0,True
Ugx2YqiGVkoo8c9kO8R4AaABAg,comment,DHRxnTPrzOQ,,False,@ZflipThefifth,Another reason to not use shmarplay,0,True
UgwJlZfvXaRDZ751Z414AaABAg,comment,DHRxnTPrzOQ,,False,@davidbullen1966,"I rented a Tesla, a BYD and a Polestar for a variety of road trips. As per this review (10:12 to 10:38), the BYD ride is not good, and on a long trip it made us all feel a bit unwell.",2,True
UgwJlZfvXaRDZ751Z414AaABAg.A5mGE4IQXUjAEdsbD1PvI3,comment,DHRxnTPrzOQ,UgwJlZfvXaRDZ751Z414AaABAg,True,@robertThomas-w5y,"that's a shame. do you play many games on gaming machine they make me sick unwell so I avoid those,",0,True
UgyMeRNFEJ0YOzcWeR94AaABAg,comment,DHRxnTPrzOQ,,False,@lyndon1961,everyone is years behind tesla...,0,True
UgxxFla-j42BC5Agqid4AaABAg,comment,DHRxnTPrzOQ,,False,@keithhughes2104,Love the MG brolly.😊,0,True
UgzHyvSsjDidwk5CJdN4AaABAg,comment,DHRxnTPrzOQ,,False,@FarhatKCh,Biased much?,0,True
UgzYJTeToPhojl9FVzF4AaABAg,comment,DHRxnTPrzOQ,,False,@husseinshariff2918,This is the m o of all european reviewers when it comes to asian cars. Frankly its becoming a bit stale.,0,True
Ugw20Jf_e2937eBgu4R4AaABAg,comment,DHRxnTPrzOQ,,False,@TOMAATTISOSE7898,I LIKED IT,0,True
Ugys_-m0AA9gh_7r6XN4AaABAg,comment,DHRxnTPrzOQ,,False,@manasssalunkhe,"Bro, if this screen you think is not responsive then what is? name one can whos screen is of this quality? feels like an ipad! i thinks is great!",1,True
Ugys_-m0AA9gh_7r6XN4AaABAg.A5MQfvAWLlDAJSFt0qrWfT,comment,DHRxnTPrzOQ,Ugys_-m0AA9gh_7r6XN4AaABAg,True,@zvxcvxcz,Lotus (Geely)... that's the only one coming to mind for me.,0,True
UgywBt2erb9H6FDCr5h4AaABAg,comment,DHRxnTPrzOQ,,False,@OMENA5000-o2e,TO BAD FINLAND HASENT GOT BYD SEAL ITS AMAZING CAR,0,True
Ugy6R3J21vY5r9W6Vnp4AaABAg,comment,DHRxnTPrzOQ,,False,@mdr-lw2bn,This review screams of someone who is a bit of a Tesla fanboy me thinks 🤔,0,True
UgyWKFFVx4PaZioJQ214AaABAg,comment,DHRxnTPrzOQ,,False,@bananarepublic8951,"It is sour grapes for all these people, because it is Chinese high-tech. They are very happy with TESLA cheap build, panel gaps, cost cutting buttonless low resolution screen, no android auto, no Lidar take these guys reviews with a bucket of salt",6,True
UgyWKFFVx4PaZioJQ214AaABAg.A5CIihsvJhrAEds5Ty9Q3N,comment,DHRxnTPrzOQ,UgyWKFFVx4PaZioJQ214AaABAg,True,@robertThomas-w5y,Correct 100% agree,0,True
UgzibzB12Bqj3nq9AxJ4AaABAg,comment,DHRxnTPrzOQ,,False,@Vickielindstrander,"To tell the truth, these are the security cameras. Enjoy !",0,True
UgwFu8-ZYz7A7WdwTyN4AaABAg,comment,DHRxnTPrzOQ,,False,@KenDavies-qv3fs,"STOP buying any EV from China.
STOP buying anything from China.",1,True
UgwFu8-ZYz7A7WdwTyN4AaABAg.A53qvZlHX3RA5AGWkfWpca,comment,DHRxnTPrzOQ,UgwFu8-ZYz7A7WdwTyN4AaABAg,True,@martinwalker9234,why?,2,True
Ugyep172EoP9fr6UuOJ4AaABAg,comment,DHRxnTPrzOQ,,False,@cynic150,Feelsome? What language is that ?,0,True
Ugw_RhpqnQ5jLqniSZZ4AaABAg,comment,DHRxnTPrzOQ,,False,@GM-lq7sw,Not sure if your review is impartial since there is no car out there with more plastic than the Tesla,12,True
UgyH9UpWPNWjNnRkUgN4AaABAg,comment,DHRxnTPrzOQ,,False,@marvinlopez5217,"Great car. Annoying and bad reviewer! Lame job Doug, as always.",1,True
Ugxj0AXnZZXQhfMuKy94AaABAg,comment,DHRxnTPrzOQ,,False,@Alejandra-cv7rj,"Beware of BYD cars the new cars after 2019 are known to catch fire, have weak suspension and well as their frame.",0,True
Ugxj0AXnZZXQhfMuKy94AaABAg.A4xXBg9nqZHA5AGcT0E0dz,comment,DHRxnTPrzOQ,Ugxj0AXnZZXQhfMuKy94AaABAg,True,@martinwalker9234,any factual links to back this up? or is it just what you believe,1,True
Ugy1Fq6H90FSSL-rR354AaABAg,comment,DHRxnTPrzOQ,,False,@iswarroopnarain7740,"This video should be retitled ""Hating on the BYD Seal.""",0,True
Ugx9YTTCJFhjbWFbbOB4AaABAg,comment,DHRxnTPrzOQ,,False,@sergeynester60,Why 0-62??? Why? Why 62? Because it’s means 100km? So use 0-100km!!!,0,True
UgxYg-CBywXg75DxMA94AaABAg,comment,DHRxnTPrzOQ,,False,@5thGenJack,Trash car. Trash company. Do not buy them,0,True
UgxYg-CBywXg75DxMA94AaABAg.A4lmx3Bu9WAA5AGhvYzMWb,comment,DHRxnTPrzOQ,UgxYg-CBywXg75DxMA94AaABAg,True,@martinwalker9234,Look at the share price performance over the last 20 years.....,1,True
UgzCWNfxVsAjfJ5ieIt4AaABAg,comment,DHRxnTPrzOQ,,False,@robertopinna220,"cars with ipads needed to control everything are such a boring, bad idea",0,True
UgzCWNfxVsAjfJ5ieIt4AaABAg.A4Z_S734eQPA5AGx0VaB_H,comment,DHRxnTPrzOQ,UgzCWNfxVsAjfJ5ieIt4AaABAg,True,@martinwalker9234,"If you didn't have a central screen with software control, the dashboard would look like a 1970's commercial aircraft with an individual switch controlling each function...it wouldn't be practical....you could just go back to the cars we drove in the 60's...Morris minors and the like.",0,True
UgxD4BHFnAIqedAR-FJ4AaABAg,comment,DHRxnTPrzOQ,,False,@mtljin,after having driven a tesla model 3 the build quality is atrocious. i would never recommend anyone to buy them.,4,True
UgzY5r2fnqNkIQjoHzN4AaABAg,comment,DHRxnTPrzOQ,,False,@TechHDHwang,That flickering is really annoying too,0,True
UgxafUEcmGt8D4s7_oJ4AaABAg,comment,DHRxnTPrzOQ,,False,@wl1896,"It’s call Bee Ya Dee, built for all the duffus out there. Jump on it",0,True
UgyVqny7Ut-Piy3wYdx4AaABAg,comment,DHRxnTPrzOQ,,False,@RafaelCasemiro,"Here’s my advice: always search for Brits making reviews. It is part of their dna (!) not falling for every bell and whistle companies add to their products, like cars! I’m from Brazil and this has been the most sincere review of this car I’ve seen so far!",1,True
UgyoaJbokDtkoMosGuh4AaABAg,comment,DHRxnTPrzOQ,,False,@timberrr1126,"*BYD WON’T BE SUCCESSFUL*
EV’s and hybrids will have a 30 cent per mile tax charged to them.  Follow California politics.  Ev’s don’t use gasoline which has a road usage tax included in it.   So, the State is adding a tax to every mile you drive an EV.  Bottom line: 
This means it will be 2.5 times more expensive to drive PER MILE compared to gasoline cars.  

Also, the charging cords at stations are being cut by copper scavengers.  

EV’s are known to self destruct so it can not be stored in a garage.  Insurance for homes should go up if you own an EV due to likely fire hazard.

Resale value is close to zero after 5 years.  The battery will be un chargeable by then.

Ford and Mercedes have stopped making EV’s for a reason.

If Trump is elected, he will protect Detroit by placing a 100% tax on the BYD.  It will cost $22,000.

Who will fix the BYD in your hometown?
Do you have to send it to Los Angeles?
Go ahead, search for a repair station in your county.",0,True
UgxD9RaXTkqCxGZc7YR4AaABAg,comment,DHRxnTPrzOQ,,False,@davieman3443,Shame that all these modern cars have to have a huge ugly screen stuck onto the dash. I much prefer the older daahes wehere they were purposeful and focused for the driver.,0,True
UgzJFNhpE3vhBDQS7ad4AaABAg,comment,DHRxnTPrzOQ,,False,@nicokoegelenberg4206,This is one of the worst reviews I have ever seen. He is a total snob and could only list negatives because he is a Tesla fan boy.,0,True
Ugy7eaLvjQW5Gq0yzlR4AaABAg,comment,DHRxnTPrzOQ,,False,@declanflaherty8958,"“But Not perfect” …what a comment from someone who seems to enjoy Tesla too much !! Why compare the two when they are distinct. Seems people are quick to run down Chinese manufacturers but the elephant in the room is the spare parts, who will service these cars etc. I would be far more interested in that than all this comparison and contrast",0,True
UgxzrWMc_CzqNbSkzJ54AaABAg,comment,DHRxnTPrzOQ,,False,@thismanagain,"The Seal has recently been launched in Saudi Arabia, and it looks like it's better than Tesla in terms of design and quality. Range might be more or less the same.",0,True
Ugyn67pwEP4y2QTr23p4AaABAg,comment,DHRxnTPrzOQ,,False,@terenceclement3095,"Useless KW display in your face changing the whole time. 🫣
No indication of the range left unless you install an app. 🫢

At BYD headquarters:
- Hey people, are we ready to release the Seal?
- Yeah sure, all good, just one thing though, the car that doesn’t tell you by default how far you can drive.
- Ok amazing, let’s go",0,True
UgxtcA4iK7apkAz-crR4AaABAg,comment,DHRxnTPrzOQ,,False,@souldester0,"I like how BYD puts the indicator stalk on the right for RHD cars, even in the UK, unlike Japanese cars that have them on the left in RHD just to meet the ISO standards.",2,True
UgxtcA4iK7apkAz-crR4AaABAg.A42O7MhLR6yARa8H-CoezN,comment,DHRxnTPrzOQ,UgxtcA4iK7apkAz-crR4AaABAg,True,@llynellyn,In fairness most Japanese cars used to have them on the right in the UK but stopped in the 2000s because they were the only ones still doing it (our car industry had died and the US/EU manufacturers always used LHD stalks).,0,True
UgzlpCMXgarRaLgroQ14AaABAg,comment,DHRxnTPrzOQ,,False,@briansanchez3898,Interesting comment on this car likely to suffer heavily from depreciation and hence not appeal to people looking to lease it. What electric cars are holding their value?,1,True
Ugz_5A2s9UyWF5hDEPF4AaABAg,comment,DHRxnTPrzOQ,,False,@1234540270,I'm interested to know how well they'll do after 3-5 years,1,True
UgyaztrgACHzYX6IeqV4AaABAg,comment,DHRxnTPrzOQ,,False,@KRM85,Chinese are smart af..learnt everything from the western companies then got rid of them 😂.,0,True
UgyC-rWLO-HZ5wTuqwl4AaABAg,comment,DHRxnTPrzOQ,,False,@lammiwinks3775,Finally a reviewer who actually calls out the annoying features!,1,True
UgwRI58Nby0wrjbPpy94AaABAg,comment,DHRxnTPrzOQ,,False,@markarrowsmith8209,Nitpicking is not a good look who's paying you,0,True
UgxEz9bLh3FiR-E4C9t4AaABAg,comment,DHRxnTPrzOQ,,False,@pauldennison6019,It's the price for me and looks nice,0,True
UgxEz9bLh3FiR-E4C9t4AaABAg.A3h5LgwrdMcA3hHRDHIeSb,comment,DHRxnTPrzOQ,UgxEz9bLh3FiR-E4C9t4AaABAg,True,@matas9919,The electrocution that comes with the car is alrigt yea ?,0,True
UgzTKI8cFzQqBbizVA14AaABAg,comment,DHRxnTPrzOQ,,False,@stevencowie1540,Utterly horrible cars would never buy Chinese car or anything electric 🤮,0,True
UgxlvhZ9ztzUXiTToJV4AaABAg,comment,DHRxnTPrzOQ,,False,@mickjones1941,"massive range??? probably if you half what they tell you, and if it dont set fire",0,True
UgwK5XoHOBvL4Kdf8_N4AaABAg,comment,DHRxnTPrzOQ,,False,@GameDr18,So it’s like a knockoff model 3?,0,True
UgxJ3oHBCarjslm9taF4AaABAg,comment,DHRxnTPrzOQ,,False,@fredjohnson3457,"How much?????😮
For Chinese knock off???",0,True
UgzTXdErURvz4qW1eBd4AaABAg,comment,DHRxnTPrzOQ,,False,@stevenanderson101,YOU CAN THANK BILL CLINTON FOR ALLOWING THESE COMMUNIST TECH STEALING GODLESS  COUNTRY  TO JOIN THE MOST FAVORITE TRADING STATUS IN 1996 FOR 3 MILLION TO HIS RE ELECTION CAMPAIGN...NOW  THEIR NUKES ARE JUST AS ACURATE AS OURS  AND ARE POINGTED AT US!,0,True
UgxAOlK9U3mw4CWMdkJ4AaABAg,comment,DHRxnTPrzOQ,,False,@davidviner4932,"Is this really the future, if it is then something went wrong",0,True
UgxH0sOI5Y2ZXi4Ro2F4AaABAg,comment,DHRxnTPrzOQ,,False,@PyroShields,Screen going from landscape to horizontal is a dumb idea. I would prefer flush mount monitors.,0,True
UgxUSzbajn8PDHc6cd54AaABAg,comment,DHRxnTPrzOQ,,False,@SwazilandD,BYD biased yuppie discourse,0,True
Ugze1pqxS6mweTp6R4B4AaABAg,comment,DHRxnTPrzOQ,,False,@zimi1516,LoL.. Byd is even better,0,True
Ugz59zbFJ1abC_KKldF4AaABAg,comment,DHRxnTPrzOQ,,False,@Helloitskovo,"Does this car make the ""Bluetooth connected"" sound when you start it?",2,True
UgwYZYwaODE4KFxyTxR4AaABAg,comment,DHRxnTPrzOQ,,False,@Rahimitheking,The reason why Uncle Sam hate China,0,True
UgzbgxRJT4unNnrgnbF4AaABAg,comment,DHRxnTPrzOQ,,False,@man_vs_pantry,Why u complaining so much 😂 tf,0,True
Ugy0PcNbjcWHZe3hDbJ4AaABAg,comment,DHRxnTPrzOQ,,False,@BondiBeache,"Today, there was an accident in China where a BYD driver was electrocuted while sitting in the driver's seat and fell unconscious. It didn't rain and there were no crashes. It appears that liquid flowed from the battery and climbed onto the vehicle, causing an electric shock.",1,True
Ugy0PcNbjcWHZe3hDbJ4AaABAg.A3RqxgTSeJPA3hBQZkQYCI,comment,DHRxnTPrzOQ,Ugy0PcNbjcWHZe3hDbJ4AaABAg,True,@aaronkelley6192,辟谣了，BYD厂商已经积极参与事故跟踪，检测没有漏电风险，并且车已经被事故人家属开走。,0,True
UgzZ4OR6bnYQvz_sdUF4AaABAg,comment,DHRxnTPrzOQ,,False,@beejay_lawal,Wow,0,True
Ugw8Zbg-0hE5qGNTnoZ4AaABAg,comment,DHRxnTPrzOQ,,False,@sojourner3300,There are numerous reports of BYD cars or cars with BYD batteries literally EXPLODING after collisions (this is in addition to numerous incidents of battery pack spontaneous igniting). Just search for it on Youtube - you can't make this stuff up.,0,True
Ugw03AeWKqyArrja-HZ4AaABAg,comment,DHRxnTPrzOQ,,False,@pproffa7900,Super annoying dude and what a bad reviewer,0,True
UgxLPxu6PUgGELldkjx4AaABAg,comment,DHRxnTPrzOQ,,False,@OfficeMish-in2gs,Dude seems to overemphasize his personal dislikes rather than a fair review,0,True
Ugzv_-__OoUS9Mxoo4h4AaABAg,comment,DHRxnTPrzOQ,,False,@peronotec.7445,For sure I will buy this car.,0,True
Ugyajkc6BkhL9iyqfdN4AaABAg,comment,DHRxnTPrzOQ,,False,@godblessusa2724,Self-ignite feature as shown on videos? No thanks,1,True
UgztB9ZkA-PSEJHBhDB4AaABAg,comment,DHRxnTPrzOQ,,False,@vanyell2001,massive range on paper.... lab conditions.... if you are up to date with China manufactured BYD.... then you should have reasons to worry about their effing batteries..  Your life not mine...  I'll stick with ICE,0,True
Ugwf9Km-a1Q62iFjJK14AaABAg,comment,DHRxnTPrzOQ,,False,@_._._._._._._._._._._._._.____,This guy complains about nothing significant - almost like he was paid to complain.,0,True
UgzAua_lYHcivKrGikd4AaABAg,comment,DHRxnTPrzOQ,,False,@chadbalogh6296,"Not bad, but I’d still stay in my American made, Model 3!!!😉✌️",0,True
Ugy64KJIN6UCtLd2-dB4AaABAg,comment,DHRxnTPrzOQ,,False,@stresslah,Did the seat are made for bigger Asian people?,0,True
UgzcJgzTXjOLLbhifU14AaABAg,comment,DHRxnTPrzOQ,,False,@joeboatman934,"At prices from £45,695, I can't see the advantage of the BYD Seal. It's only redeeming feature to me is that the options are rear or all-wheel drives. Front wheel drive in EVs is a daft idea due to wheel spin! I hare the idea of the steering wheel hiding part of the centre screen.
I think that if I had reviewed this car, I would slate it (criticise severely).",0,True
UgzsDjmiHJMb3XRCxQF4AaABAg,comment,DHRxnTPrzOQ,,False,@jamesinglis8021,Thanks for telling me about the noise I only wish all electric cars provided this it should be mandatory,0,True
UgyTGGav7-851JMsazd4AaABAg,comment,DHRxnTPrzOQ,,False,@DelBouy-lc5wx,Typical that we get shafted on price in UK The same car In Thailand that i went to go see today is £26k at todays exchange rate,0,True
UgyTfyC2830iyOfCcMF4AaABAg,comment,DHRxnTPrzOQ,,False,@captainbuck5969,What’s annoying is getting locked out of your TESLA because your door handles don’t work.,0,True
UgxRj8AvYSdACISY7dZ4AaABAg,comment,DHRxnTPrzOQ,,False,@MilanGrittaVision,"Mediocre car, won't last long...",0,True
UgzFVZijD9cIuuryaPN4AaABAg,comment,DHRxnTPrzOQ,,False,@greaterbw,The pricing is the downfall. Set it at a point you can profit and be cheaper than competitors it just seems like we’re getting hosed in the west 🤷🏽‍♂️ I get the extra money in logistics and tariffs but over a 100% extra cost I don’t buy it 👎,0,True
Ugxxw7OooqKygYfWvx14AaABAg,comment,DHRxnTPrzOQ,,False,@fartexplosion4480,"BYD have the best EV systems, but the ""car"" parts of the car, ie. fit, finish, chassis, handling, everything else really, are lacking",1,True
Ugx8YG0d3QqH326iR9V4AaABAg,comment,DHRxnTPrzOQ,,False,@roadstergt3308,Forget tesla this thing is better build quality than eqs mercedes :( and Better than any other ev cars ! Choose this one with 530 bhp later you can sell it much easyer than the 300 bhp version!,0,True
Ugx9mZeRNxoDvGP-KFV4AaABAg,comment,DHRxnTPrzOQ,,False,@butchmeister80,Another generic looking ev,0,True
UgxsjriGyN_dsL33Lgd4AaABAg,comment,DHRxnTPrzOQ,,False,@danielbecker4365,The guy is drunk and driving on the left side of the road.,0,True
UgxLRNU4Mu3AXfnQ8T14AaABAg,comment,DHRxnTPrzOQ,,False,@cklam8722,Quite a good review with useful information on this particular EV.,1,True
UgxLRNU4Mu3AXfnQ8T14AaABAg.A2ybPB7D4aQA347TaU_E1Z,comment,DHRxnTPrzOQ,UgxLRNU4Mu3AXfnQ8T14AaABAg,True,@juliozandamela,"He lied, BYD is way better than TM3 and cheaper",0,True
UgyvEMwTXeblco2MBrl4AaABAg,comment,DHRxnTPrzOQ,,False,@LowkeyXxx,"Byd makes shetty cars just like any chino ev, and this isnt even an ev",0,True
UgzxYCsaktBPWDZSNdx4AaABAg,comment,DHRxnTPrzOQ,,False,@Lub22,Chinese evs dangerously lack quality control,1,True
UgwpNpd23FGqihm78Qh4AaABAg,comment,DHRxnTPrzOQ,,False,@shotokanbiker,"Looks good but looks cheap at the same time. Don't know how they do it😂😂 saw a BYD hit a pothole and the lights flicked on and off like it had loose connections. Bit like a toy car, when the batteries aren't sat in place correctly😂",1,True
UgzXybP3gf_bLlW0OuR4AaABAg,comment,DHRxnTPrzOQ,,False,@gmc1887,For the kw odometer I didn’t notice it while driving the car,0,True
Ugwez6LVRMpwojQP3HV4AaABAg,comment,DHRxnTPrzOQ,,False,@dasstraat,"Nice price, but since Europe is very capitalistic the price is more than double the price in China. Very expensive for normal people, but maxim 500 km is to laugh... TU/e made a car for 1250 km, but that company is now bankrupt. World is only about money, not about providing the best car. Let's stick to my diesel for the coming 5 years....",0,True
Ugx_2CL_YrSb6sDVYeN4AaABAg,comment,DHRxnTPrzOQ,,False,@BalmforthGG,No.  No it isn’t.,0,True
UgxtliixJ7TBZNISpON4AaABAg,comment,DHRxnTPrzOQ,,False,@lucianpheonix4721,NIO et5 and byd seals build quality put tesla model 3 to shame. Byd Seal had designers from Lamborghini and engineers from Mercedes to make sure the build quality was legit.,0,True
Ugw9rL3GzyCxxNPEC_t4AaABAg,comment,DHRxnTPrzOQ,,False,@helipeek2736,Is the umbrella logo a bit of an on the nose dig at BYD?,0,True
UgysP_kQLYXWLVcMC694AaABAg,comment,DHRxnTPrzOQ,,False,@bent9571,"Looks so much nicer than a Tesla, that’s for sure.",0,True
UgxQsdxFCrqV-AqSYmh4AaABAg,comment,DHRxnTPrzOQ,,False,@jdee4763,i can't find the POD POINT link he talks about??,0,True
UgyVHUIqQhAWeWaf7mF4AaABAg,comment,DHRxnTPrzOQ,,False,@musaferashena9300,It's obvious from start to end you couldn't find a single fault about that car but because it's Chinese made and you couldn't hide your negative fell about it,2,True
Ugw8jDQaCUjiWj_m9LV4AaABAg,comment,DHRxnTPrzOQ,,False,@GLOBEVs,We Deliver Premier Electric Cars Worldwide from China.,0,True
UgwYVnsnnYhiVoXpeHp4AaABAg,comment,DHRxnTPrzOQ,,False,@definitelyno601,"it starting from 20,000 us dollars in China. Why is it so expensive elsewhere? tarriff is over 100%? this is insane",3,True
UgxgBywTk6ETgWCE-GR4AaABAg,comment,DHRxnTPrzOQ,,False,@FrunkensteinVonZipperneck,5:35) Seal does NOT have a “front boot.” It has a Frunkin’ FRUNK!❤,1,True
UgxBLZ40w-ZMkgURDId4AaABAg,comment,DHRxnTPrzOQ,,False,@Joel-tm3yj,"I have sat in the BYD Seal's rear seats, and they are by far the best I have sat in at this price point. Seats are body hugging and its more reclined compared to its rivals, not to mention the legroom! Also I have driven it, and its throttle response is immense to say the least. 

I dont think he is giving a very honest review, very biased towards giving Tesla the crown as the ""ultimate EV brand""",5,True
Ugz1kRQmC4UqJKDGz8J4AaABAg,comment,DHRxnTPrzOQ,,False,@creosl,More expensive than model 3 i Norway. The 3 seems like a better choice for several reasons too.,0,True
UgzpHbnq-1cQenrzwNN4AaABAg,comment,DHRxnTPrzOQ,,False,@charlescerillo55,"TESLA, be careful building factories in China. Once they get the technology and copy bye-bye, TESLA.",0,True
UgzpHbnq-1cQenrzwNN4AaABAg.A2QysIep4m2A2UFjxH6JLE,comment,DHRxnTPrzOQ,UgzpHbnq-1cQenrzwNN4AaABAg,True,@blueisthecolor3463,Who cares if customer are getting cheaper cars which pass safety standards,0,True
UgxaPduQ01DEQWY_SlV4AaABAg,comment,DHRxnTPrzOQ,,False,@oxfordsculler8013,"China, a country run by a dictator.
Wake the hell up, people. 
Or do you wish to make our enemies stronger.",0,True
Ugxmw2Bpr8LS7Zzf2YN4AaABAg,comment,DHRxnTPrzOQ,,False,@famejay7318,He is trying hard to be negative about the car it's cringe and embarrassing for him especially a car that did the most business last year,0,True
UgyFq-KJanjHyrl00a54AaABAg,comment,DHRxnTPrzOQ,,False,@petzibar9958,"you can, you need to splitscreen first",0,True
Ugx8ClYB1tSzdKADu694AaABAg,comment,DHRxnTPrzOQ,,False,@jjb2655,The driver display seems poorly designed.  Exterior looks okay.  Overall not for me.,0,True
UgztUUt5M39qbtCv9Q54AaABAg,comment,DHRxnTPrzOQ,,False,@ups-67,Yeah... bub but but.....can't really listen to you annoying BUT BUT BUT.,0,True
UgxqZMR7HVs6cMJpSCp4AaABAg,comment,DHRxnTPrzOQ,,False,@rfsawyer2-974,EVs will never make it.  Who are we kidding?,0,True
UgwvVhS7CuLxVRYTKBd4AaABAg,comment,DHRxnTPrzOQ,,False,@rfsawyer2-974,Chinese theft,0,True
Ugw3IIN9b0N6poKwvLV4AaABAg,comment,DHRxnTPrzOQ,,False,@wentjen,"In China, Indonesia , Thailand and many other countries BYD is eating Tesla alive for lunch. It’s much better than Tesla in terms of looks, battery tech (CTB), speed, interior, exterior design and many others. Of course pricing too.",1,True
UgxjIRuF3XF9q7BK_SR4AaABAg,comment,DHRxnTPrzOQ,,False,@hazal-y8q4v,I guess you must learn about human body physical condition.  Then you will know why the sits are settled like that. They are 100% done right.,0,True
UgzeN82g6kOF7YBWPEt4AaABAg,comment,DHRxnTPrzOQ,,False,@brahmagraphix2442,Anything from China...NO THANKS! Build quality is not in their forte and depreciation will drop like a rock. But best of luck (and a moment of silence) to potential buyers. At least the car looks nice.,1,True
UgzeN82g6kOF7YBWPEt4AaABAg.A1xDytrV0_NA2EXmILdwwa,comment,DHRxnTPrzOQ,UgzeN82g6kOF7YBWPEt4AaABAg,True,@MarkDunstan,"Do you know how many of our cars are made in China!! Not to mention other everyday key items like iPhones, converse, Nike, Dell, Ray bans, Volvo, BMW, VW, HP, Samsung TVs just to name a few. Made in China isn't the same as it was 20 years ago.",0,True
UgzeN82g6kOF7YBWPEt4AaABAg.A1xDytrV0_NAEfl07YLK_Y,comment,DHRxnTPrzOQ,UgzeN82g6kOF7YBWPEt4AaABAg,True,@robertThomas-w5y,those rose tinted glasses are lovely nothing is exempt from idiots including tesla and any egotistical emperors. as a child I recall made in Hong-Kong and Taiwan were like cheap nasty ? no more though!,0,True
UgzuklI8ZUvUZ44NIPh4AaABAg,comment,DHRxnTPrzOQ,,False,@Chris-oz9qx,"£33,7000 (according to current exchange rate) here in Thailand for the AWD version",0,True
UgxGG7_Ta30rvu4fCMx4AaABAg,comment,DHRxnTPrzOQ,,False,@bfjoutdoors,that car looks sooo cheap. That infotainment looks like the same software as the $100 chinese head unit I put in my wifes 2008 accord... junk. Im an anti electric person who would buy a tesla any day before on of these.,0,True
UgxViRD6LnESfSZaugp4AaABAg,comment,DHRxnTPrzOQ,,False,@MichiganCannabis,It's a ford Taurus SHO with a tesla front bumper!! And Porsche rear end design,0,True
UgyHgYfPA98rqRpfuU94AaABAg,comment,DHRxnTPrzOQ,,False,@phila1992,"use apple car play, every minute of every car jurney? Shouldn't you be paying attention to driving mate? this presenter is on the annoying side",0,True
UgwCiDbf96lLISy8VjJ4AaABAg,comment,DHRxnTPrzOQ,,False,@davout5775,"Not a fan of BYD's batteries. Thankfully Tesla only use them in their cheapest model. They are not as efficient which means you need larger capacity. BYD's snail charging speed is not helping either. Tesla has longer range and smaller battery and faster charging speed. This means less weight from the battery, less money to charge from 20% to 80% or 0% to 100%. On top of Tesla's supercharging infrastructure being already cheaper than other chargers. Tesla also has a lot more space both front and back. I mean, it is no brainer which car is better. And the cherry on top, TM3 is cheaper",0,True
UgxThxLK4qXDwVUuz_l4AaABAg,comment,DHRxnTPrzOQ,,False,@kelvinteo6104,"Can sense a biase review.. with many but!!! 
From plastic smell
Sound 
Egornomic etc...",0,True
UgyW72EHul1oemnN42p4AaABAg,comment,DHRxnTPrzOQ,,False,@devanman7920,I think people need to actually drive one of these and not buy into the crap. The build quality of these cars is not good at all. If it was cheaper than it worth a shot but theres much better EVs for around the same price,0,True
UgyTn_UiO8N0h6rv_0B4AaABAg,comment,DHRxnTPrzOQ,,False,@uselessoldman1964,and how long does the battery pack last compared to Tesla? People must be out of their minds to consider a Chinese electric car,0,True
UgywCelLV-lNzsKYGlh4AaABAg,comment,DHRxnTPrzOQ,,False,@meipakyu4688,"BYD EV's are made in China. Its low quality and lack of reliable safety feature makes it more dangerous.  Overheating can cause fire explosion.  During accident, the wire can cause short circuit and again batteries can burn or even explode. China is overstock with these EV's so they are dumping it to AUS for cheap price!  New name but the same low quality parts!",0,True
Ugz5erhVcsCX-42eapB4AaABAg,comment,DHRxnTPrzOQ,,False,@RobLiu-b2r,tesla fanboy lol,0,True
UgzkhyJQhWmsgHDDbrR4AaABAg,comment,DHRxnTPrzOQ,,False,@mtljin,wow amazing,0,True
UgzHSi7RUxdx5AFRELp4AaABAg,comment,DHRxnTPrzOQ,,False,@hyiux,@4:36 When you are so desperate to find faults in this car that you complain the trunk button is too low and catches dirt.,57,True
UgzWhUAQyx8E9DkqjWh4AaABAg,comment,DHRxnTPrzOQ,,False,@junqiaojohnzhao9517,"BYD is still the low cost EV brand in China. Try Nio, Xpeng, Liauto, Huawei and  Xiaomi",0,True
UgzWhUAQyx8E9DkqjWh4AaABAg.A1eCvEE-otnA1j9uanrtek,comment,DHRxnTPrzOQ,UgzWhUAQyx8E9DkqjWh4AaABAg,True,@view_vr,"Byd yungwang u8 is $160,000 in china  u9 $150,000 is it low cost, 
BYD had various models in various price range $12,000 to $160,000",0,True
UgwEb94XRBdrc5s2PoB4AaABAg,comment,DHRxnTPrzOQ,,False,@Theking196,"Not as refined as Tesla, that monitor they got looks janky.",0,True
UgzvUe5cDgMSBhNw5PV4AaABAg,comment,DHRxnTPrzOQ,,False,@lofu32,"Tesla model 3 is a good car but does come with some things...

1.) overly minimalist interior
2.) rear seats tighter than byd 
3.) button less 


The byd seal design personally when I saw it in real life just looks more stunning. Buitl quality is really good and there is way more storage compartments for organization. Both seal and model 3 interior is really good but I prefer seal.

Cons of byd
Software shows how bad Chinese are with software usability interface

The driver screen looks cheap

Some of the design choices like the speaker grill looks tacky.",0,True
UgxJeZDvfshmCoM53Kd4AaABAg,comment,DHRxnTPrzOQ,,False,@weonlylivefilm,This reviewer isn’t great. Not very likeable and seems a bit negative,0,True
Ugz3Wj10QRnZgxIhxWh4AaABAg,comment,DHRxnTPrzOQ,,False,@theinfamoustroll7265,Needs to be at least 10k cheaper than the Tesla to compete if we're being serious.,1,True
Ugz3Wj10QRnZgxIhxWh4AaABAg.A1ZPEQfZO0XAEdrhYlIbP5,comment,DHRxnTPrzOQ,Ugz3Wj10QRnZgxIhxWh4AaABAg,True,@robertThomas-w5y,"Y  it's a better than model 3 and Y! I have driven a lot of EV's 5 to be exact that's owned Ipace, Ionic, Etron liked all for their own special ability's. I will not buy a tesla from model 3 to model Y they are overpriced beyond reality   lot of money for a dressed up washing machine. rattle bump chuck fling rattle noisy. just dont cut it. ok they go fast. thats it other than farting which is a laugh.",0,True
UgxCyJJ0vo6Kr0oIbq94AaABAg,comment,DHRxnTPrzOQ,,False,@garciajero,"they great thing about tesla , other than the cars , is the service , they come to you and service the car at home or while you work . that plus the warranty are the only reason id risked it . imagine having issues with these type of cars , seems like a brick waiting to happen",0,True
UgzVSARtVN46ZZEgXaZ4AaABAg,comment,DHRxnTPrzOQ,,False,@kazifaisal6877,How reliable BYD brand itself? How many years you can use a EV car? At end of the day it's a Chinese company.,0,True
UgxV2o4YZOXV5m_qOwJ4AaABAg,comment,DHRxnTPrzOQ,,False,@o00scorpion00o,Bloody screens !,0,True
UgymIAkHeiAhcZj_6Sh4AaABAg,comment,DHRxnTPrzOQ,,False,@balkanleopard9728,"Damning by faint praise - you lot still haven't got over being kicked out of Hong Kong.  Sorry, but the Seal's a really, really good car that competes very well with anything in its price range.",0,True
UgwQJ8A1zDoWFSS9QYd4AaABAg,comment,DHRxnTPrzOQ,,False,@mikem3242,Comparing it to western cars and western people lmao,0,True
Ugw0Pk9NbX3YotL9pCx4AaABAg,comment,DHRxnTPrzOQ,,False,@alcoyne3333333333333,Very nitpicking review 😢😢😢,84,True
Ugw0Pk9NbX3YotL9pCx4AaABAg.A1SXgEVJwJdA3OjGKdoj4a,comment,DHRxnTPrzOQ,Ugw0Pk9NbX3YotL9pCx4AaABAg,True,@kamstube,My thoughts exactly especially how the west is running scared that china becoming the top ev producer. Seems like a very biased review,0,True
Ugw0Pk9NbX3YotL9pCx4AaABAg.A1SXgEVJwJdA48FVw39r5o,comment,DHRxnTPrzOQ,Ugw0Pk9NbX3YotL9pCx4AaABAg,True,@ooaaooeecc,Hahahaha. Nitpicking is  the core of English style review,7,True
UgyWPU54lyo13U3EoP14AaABAg,comment,DHRxnTPrzOQ,,False,@nv.c6,"Here in Denmark this car is not that cheap .The Model 3 is cheaper, and probably more reliable. BYD's software does not seem as good as Tesla's either, but I guess that will be fixed with time. I just wouldn't pay to have a car with this level of infotainment system.",0,True
UgycNZ_IFDwm3sDdnr54AaABAg,comment,DHRxnTPrzOQ,,False,@JonWickkk-cn1iv,This doesnt have battery swap like nio,0,True
UgzTiD-uizOcM4ZvdFh4AaABAg,comment,DHRxnTPrzOQ,,False,@Matt202DC,I like the name BYD seal,0,True
UgzxOWPqnidOAe0UZUl4AaABAg,comment,DHRxnTPrzOQ,,False,@EricJaakkola,So not $10k anymore,0,True
UgxHU-hKlvE48XM_4dB4AaABAg,comment,DHRxnTPrzOQ,,False,@siddesh2104,Price in UK?,0,True
Ugx4X_CteyK8bUwSSDJ4AaABAg,comment,DHRxnTPrzOQ,,False,@bernardandries,Boring,0,True
UgyTwp6Zhh06xvJG13R4AaABAg,comment,DHRxnTPrzOQ,,False,@momokill1,What a massive copy factory lol,0,True
UgzoiUHqo3nV9tglC3F4AaABAg,comment,DHRxnTPrzOQ,,False,@BatuSmoka808,What's the UK's flagship EV called?,0,True
UgzEjV7cOjnxFsKbWUd4AaABAg,comment,DHRxnTPrzOQ,,False,@BaldVulture87,"What i gather from all this is that is it an annoying car to drive, and own. Got it! You must of said annoying about 15 times.",1,True
Ugx0WGBEXsVvtKWXKTx4AaABAg,comment,DHRxnTPrzOQ,,False,@a9udn9u-vanced,Why is Seal a wacky name? It seems perfectly okay to me.,0,True
Ugx0WGBEXsVvtKWXKTx4AaABAg.A1DokNI8Pp8A1QySjbggWq,comment,DHRxnTPrzOQ,Ugx0WGBEXsVvtKWXKTx4AaABAg,True,@Matt202DC,Exactly,0,True
UgzqBmBdy3qe0eJ2RsJ4AaABAg,comment,DHRxnTPrzOQ,,False,@stefan2796,"These chinese EVs are also called ""breadcrumb cars"". You can see where they are, by following the trail of all the parts they lost from the moment they left the showroom...",1,True
UgzqBmBdy3qe0eJ2RsJ4AaABAg.A1Cy8rD4TnZA1SY51o7iZt,comment,DHRxnTPrzOQ,UgzqBmBdy3qe0eJ2RsJ4AaABAg,True,@alcoyne3333333333333,That's so stupid 🙄,1,True
UgzqBmBdy3qe0eJ2RsJ4AaABAg.A1Cy8rD4TnZAEdu21domLO,comment,DHRxnTPrzOQ,UgzqBmBdy3qe0eJ2RsJ4AaABAg,True,@robertThomas-w5y,that's awful! too say,0,True
UgxQUlrLJQO1bn7eG2h4AaABAg,comment,DHRxnTPrzOQ,,False,@US.R-g3p,Korean cars are in crisis because of Chinese cars. They are currently agitating that Chinese cars are trash. Koreans’ inferiority complex is hilarious.,0,True
UgxijM9YqUP-7YGNtOl4AaABAg,comment,DHRxnTPrzOQ,,False,@burningknuckle26,Need this car,0,True
Ugz6ZagMeo0jxRmB_t14AaABAg,comment,DHRxnTPrzOQ,,False,@masonkanterbury3007,Bring it here!!!!! Love from Colorado.,1,True
Ugz6ZagMeo0jxRmB_t14AaABAg.A191O1Z7tyHA1da7SH4rbS,comment,DHRxnTPrzOQ,Ugz6ZagMeo0jxRmB_t14AaABAg,True,@anomad6314,BYD buses are sold in the US... not their cars.... not sure why,0,True
UgyhcMg4WGo0967wEg54AaABAg,comment,DHRxnTPrzOQ,,False,@TruthOverLies,Electric junk….especially from China? NO THANK YOU!,0,True
UgzMINblTClFNtEGx6R4AaABAg,comment,DHRxnTPrzOQ,,False,@neilwhit1,"No physical controls, no interest",4,True
Ugzh23AA5pcZy-k-BUZ4AaABAg,comment,DHRxnTPrzOQ,,False,@EllieMaes-Grandad,Advertorial propaganda !,0,True
UgxfAhhNypdnvSvb0054AaABAg,comment,DHRxnTPrzOQ,,False,@peace-j4z6t,Pretty clever from the Chinese people seal byd seal is a great thought process,0,True
UgwShD_wgcfJu2S_msp4AaABAg,comment,DHRxnTPrzOQ,,False,@mathews749,"Leave it to the Chinese to wait for everyone else to innovate, steal it and make it cheaper lol. I like it, wish I could get that brand in America. They have some trucks and super cars I’d like to buy",0,True
UgyYcvuPJH41eMe5MQB4AaABAg,comment,DHRxnTPrzOQ,,False,@amuria55,"The model 3 is definitely not better though, but to each their own.",0,True
UgwOXfwmgS6Q0erHQ_N4AaABAg,comment,DHRxnTPrzOQ,,False,@xxbitcoinclanxx7540,China just killing German automakers with pricing 😢,0,True
UgxYeRul32rqj_hXe5N4AaABAg,comment,DHRxnTPrzOQ,,False,@jeffreywyatt6425,"I saw a review of the Model 3 and the Seal in which the Model 3 was like driving a robot, compared to the Seal.",8,True
Ugzrece0fd3NeS8S2Eh4AaABAg,comment,DHRxnTPrzOQ,,False,@henryberg2155,It is slightly better as in comfort with added feature like heads up display. Efficiency goes to tesla,0,True
Ugw0ZuLgdVkg5IPs0H54AaABAg,comment,DHRxnTPrzOQ,,False,@andreasl4507,The car is 1/4 of that price where I live. What a joke 😂,0,True
UgzBj5qDsFg9BHy_u3l4AaABAg,comment,DHRxnTPrzOQ,,False,@andreasl4507,Cheap ugly car.,0,True
UgyuSGws807tiUs-9Rh4AaABAg,comment,DHRxnTPrzOQ,,False,@honesty_-no9he,"It cost £20K less than any German offering with the same or almost same interior quality....all you can do is moan!
It is not a maximum 150kW that is the official expectation charge BYD always underestimates like FORD does too, rather
than hype over the charging speed. Also BYD cars have a good Charging Curve which is often more important than claimed high speeds.",0,True
UgxBiy4A8MCRSX8IntB4AaABAg,comment,DHRxnTPrzOQ,,False,@honesty_-no9he,BYD did NOT arrive in Europe with the ATTO 3 it arrived in most European markets as well as North Africa and Central Asia and South America with their FLAGSHIP CAR  the BYD HAN not on sale in the UK but you can get it in Morocco and Uzbekistan. UK just is not that important a place for them. BYD are building their first European EV factory in Hungary and they are building not one not two but 3 plants in Brazil. The UK on the other hand has a government that spouts slanderous venom against China on a daily basis then enforces so much tax and tariffs on imported EVs that is adds between a 1/4 and 50% onto the price (Atto 3 sold in China as Yuan Plus cost approx £16K in the China home market). The logic of the idiots who rule Little Englandershire is punish one's own people to teach others a lesson.,0,True
UgwkCkbHFQOY9Otl8dh4AaABAg,comment,DHRxnTPrzOQ,,False,@Rawiriuhauha,Sorry was an Atto 3,0,True
UgyLtqMghvooJJee5Hd4AaABAg,comment,DHRxnTPrzOQ,,False,@Itsallgoodtogo,Too bad they don't sell them at a competetive price. I can wait for a 20k electric car that goes 400km on one charge.,0,True
UgzTv_ed-jucvZPTpmd4AaABAg,comment,DHRxnTPrzOQ,,False,@StevenCavill-s9f,"LFPs are a far safer chemistry than a lot of the other types, way less chance of battery damage causing a fire. Coupled with the fact they don’t suffer from being left at 100% state of charge this far outweighs the lower energy density .",2,True
UgwgPS-XyNCa7IB7IFJ4AaABAg,comment,DHRxnTPrzOQ,,False,@StevenCavill-s9f,"For the European market they are both made in China and apparently Tesla now use BYD battery packs, basically ALL cars will soon be Chinese imports within a few years.",2,True
UgwgPS-XyNCa7IB7IFJ4AaABAg.A0vfCtUcmmlA1d_u-pK_FT,comment,DHRxnTPrzOQ,UgwgPS-XyNCa7IB7IFJ4AaABAg,True,@anomad6314,pretty sure it's made in Hungary,0,True
UgxMUiNqXWnUZG0j8F14AaABAg,comment,DHRxnTPrzOQ,,False,@sat7755,"According to released specs the BYD is by far inferior to a model 3 Tesla both in European specs. to start with the BYD has a bigger and heavier battery, and the car itself weighs over 300 LBS more, yet its top speed is only 180 KMH max  versus over 200 KMH for the Tesla. The crash tests results put Tesla at the very top in safety and the BYD is somewhere in the middle lower range. Tesla superchargers are far more present everywhere. BYD needs to be not only purchased from a dealer but it has an hidden maintenance cost. While not only Tesla are electronically serviced for free, but its OTA upgrades enriches the car throughout its long life, but not available for BYD, while the model 3 has FSD capability, the same is not available for the BYD, and that is not the end of it all because  the Tesla needs only 14 KWH electricity for 100 KM. while the BYD Seal needs well over 18 KWH and that proves that the Seal is about 30% less efficient than the Tesla. This are the facts you can count on, I have been driving a model 3 for over 4 years, and I know exactly what I am talking about.",3,True
UgxMUiNqXWnUZG0j8F14AaABAg.A0vbYaJqVN4A0yO3v94mht,comment,DHRxnTPrzOQ,UgxMUiNqXWnUZG0j8F14AaABAg,True,@dudulamkoto,"The byd battery is much safer than a Tesla battery and httass why Teslas are always burning

What will you do with a car that does over 200km per hour? Unless yoh live in Germany.

The difference in crash test scores are minimal and the important factors byd has covered. You can remove a byd battery after a crash an put it into a new byd while the Tesla would have burned its victims alive.

Tesla superchargers are open to byd owners

There are no hidden maintenance costs with byd, everything is upfront. As a new vehicle on the market they want to make sure everything runs smoothly.

All newer model cars have OTA updates including byd
 Nothing unique to Tesla.

Even though Tesla has FSD, it has been in beta for years now, it is not legal to use it in any country and you're required to hold the steering wheel while it's on and if you don't tesla penalises you for not being in control of a car that should drive itself. Make it make sense. On top of that tesla charges thousands of us dollars for it. 

A difference in 4kwh = 30% better for tesla? Make it make sense. Still I'd take the ""less efficient"" byd as I don't want to waste mkney on a chiropractor every month with Teslas bone jarring ride quality. If I wanted to ride in a battery powered wheelbarrow, I'd by a battery for my wheelbarrow. 

Since you've been driving a model 3 for over 4 years you understand how terribly hot that glass gets in the summer. And like most tesla owners I'm sure you won't be buying the new version with no gear selector and with indicators on the steering wheel.",0,True
UgxMUiNqXWnUZG0j8F14AaABAg.A0vbYaJqVN4A1cekc0Smz1,comment,DHRxnTPrzOQ,UgxMUiNqXWnUZG0j8F14AaABAg,True,@shineluvslambiel,Tesla is well known to inflate its specs.,1,True
UgzyLuJi7oCMTAvLBCF4AaABAg,comment,DHRxnTPrzOQ,,False,@vijaykrawat,These idiots will never admit that an Asian brand kicked the tesla in it's balls!!,1,True
Ugy6pN8dJmkziq5l3014AaABAg,comment,DHRxnTPrzOQ,,False,@ayidn.h,The real Tesla killer!!,2,True
UgzfDipsHCExt7gdUrF4AaABAg,comment,DHRxnTPrzOQ,,False,@theroadrunner8300,"in Australia we have Dynamic, Premium and Performance versions",12,True
UgzfDipsHCExt7gdUrF4AaABAg.A0rhedMeRQdA7jjLjtfrrL,comment,DHRxnTPrzOQ,UgzfDipsHCExt7gdUrF4AaABAg,True,@BT54-40,"Yes, spoke to an elderly gentleman who could not praise his enough, it was the suv style one with the funky interior finishes 👍",1,True
UgwaHpI3ayK75kYZcyJ4AaABAg,comment,DHRxnTPrzOQ,,False,@Another_opinion_,It's so expensive in Europe. It's about 20% cheaper in Australia,0,True
UgwpowCB5UsbzkIKibp4AaABAg,comment,DHRxnTPrzOQ,,False,@matpk,All made in Chi Na 💩,1,True
UgwpowCB5UsbzkIKibp4AaABAg.A0nVOSUGLfLA0w_a-F9CJ5,comment,DHRxnTPrzOQ,UgwpowCB5UsbzkIKibp4AaABAg,True,@JonySmith-bb4gx,Sometime is jealous,0,True
UgyOlBohMFywDKH77-N4AaABAg,comment,DHRxnTPrzOQ,,False,@Adrian-lp8de,I wouldn't buy Chinese cars on principal and you shouldn't  either.......,0,True
UgyOlBohMFywDKH77-N4AaABAg.A0mae59wNduA0w_b8ujNo0,comment,DHRxnTPrzOQ,UgyOlBohMFywDKH77-N4AaABAg,True,@JonySmith-bb4gx,I bought it and laughing at u,1,True
UgyOlBohMFywDKH77-N4AaABAg.A0mae59wNduA1JdMDS7_9R,comment,DHRxnTPrzOQ,UgyOlBohMFywDKH77-N4AaABAg,True,@Adrian-lp8de,Have you checked the resale value on EVs lately? @JonySmith-bb4gx,0,True
Ugy9_BJZxbDjk0IJXLl4AaABAg,comment,DHRxnTPrzOQ,,False,@johannhermany3978,"model 3 is better and cheaper, only on europe prob.
In brazil a model 3 is something around 500k R$ which is equivalent to 100k $
i just bought my Seal for exactly 250k R$, which is equivalent to 50k $, so no, thats not better and cheaper, it depends on your location. Atleast in brazil tesla is just for very rich ppl",0,True
Ugz7RUaUyavZvKeJ5s14AaABAg,comment,DHRxnTPrzOQ,,False,@neilrushworth5958,"CCP funded , flooding the market , wait for the flames.",0,True
Ugz7RUaUyavZvKeJ5s14AaABAg.A0egLd5SPbKA0w_gd2Hpxs,comment,DHRxnTPrzOQ,Ugz7RUaUyavZvKeJ5s14AaABAg,True,@JonySmith-bb4gx,"CCP funded no issue

Flooding the market ? So what ? 
Make a better one , no one is stopping u

Wait for flames ? Source ? Proof ?.",0,True
UgxkgJcstc6YxlipbXV4AaABAg,comment,DHRxnTPrzOQ,,False,@lukewormholes5388,never thought about it before but the worst part about driving on that side of the car for most people must be that you have to use your left hand to manipulate the touch screen / controls,0,True
UgxkgJcstc6YxlipbXV4AaABAg.A0e21yr8_MeA0yNQE6dQtj,comment,DHRxnTPrzOQ,UgxkgJcstc6YxlipbXV4AaABAg,True,@dudulamkoto,No issues there. Left handed people have to deal with a lot of stuff designed for right hand use too. Nobody complains.,0,True
UgyHsJvagubivUPscM54AaABAg,comment,DHRxnTPrzOQ,,False,@petermalkin2701,This review seems rather nit-picking to me.  I strongly suspect that What Car would have been more positive if this had a German brand name for example!,1,True
UgyHsJvagubivUPscM54AaABAg.A0e1h3z5_0_A1SY8uSRVOh,comment,DHRxnTPrzOQ,UgyHsJvagubivUPscM54AaABAg,True,@alcoyne3333333333333,Agree,0,True
Ugz6UB-yGfSFi1XLppd4AaABAg,comment,DHRxnTPrzOQ,,False,@crazygambler920,Looks like Tesla wins with interior tech and Charging….  but the interior and cabin - BYD has them beat by a mile.,1,True
Ugz7EbgjWN2CFkaqNEB4AaABAg,comment,DHRxnTPrzOQ,,False,@jamesinglis8021,Could you please tell me if any electric car makes a noise at slow speeds to warn people of it's approach.I am coming to the end of my motability lease and it seems like I must choose between being green or hating driving in built up area's?,3,True
Ugz7EbgjWN2CFkaqNEB4AaABAg.A0dOIaQ8V6FA345yvnT20P,comment,DHRxnTPrzOQ,Ugz7EbgjWN2CFkaqNEB4AaABAg,True,@juliozandamela,Yeah! This one has that feature and also you can turn it off,0,True
Ugz7EbgjWN2CFkaqNEB4AaABAg.A0dOIaQ8V6FAEfkQUFRy8h,comment,DHRxnTPrzOQ,Ugz7EbgjWN2CFkaqNEB4AaABAg,True,@robertThomas-w5y,@juliozandamela turn off yeah so if you see a life long enemy well let your imagination run Just kidding LOL,0,True
UgyWDIjfmiXP5V_-PjJ4AaABAg,comment,DHRxnTPrzOQ,,False,@sebastianhall6554,I like it,0,True
Ugyn9dW6AbRLKUzZ_fp4AaABAg,comment,DHRxnTPrzOQ,,False,@kbz3140,"The car has been reduced from $30,000 to $22,000 in China, which is a very competitive market, and Tesla is getting ready to reduce the price, how much does it sell for in your country? There's also news coming from the battery supply chain already, the mineral resources related to batteries have been drastically reduced in price, and a 100 degree battery will be reduced to $5,500 as well",0,True
UgwzbdXF0DeHPjGTfOB4AaABAg,comment,DHRxnTPrzOQ,,False,@MrStian78,You didn’t mention the bad performance on fast charging.,0,True
UgwzbdXF0DeHPjGTfOB4AaABAg.A0ZoS8o1XqPA0w_kf02IyH,comment,DHRxnTPrzOQ,UgwzbdXF0DeHPjGTfOB4AaABAg,True,@JonySmith-bb4gx,Tesla just killed Mitch McConnell sister in law,0,True
UgzgpFNWLkYaRrlLagF4AaABAg,comment,DHRxnTPrzOQ,,False,@princeberno,"Now that's something I find quite interesting when comparing the Seal with a Model 3, in Brazil the Seal is the cheaper choice and by a long shot, here the seal is around R$ 300.000 while the model 3 goes for  R$470.000, and just to make sure R$170.000 is enough to get you a really good car by itself. A difference in market objectives definitely, but just interesting to note.",0,True
UgxBoe62Ef9FTzBYtbB4AaABAg,comment,DHRxnTPrzOQ,,False,@asgan28,What other battery that don't catch FIRE IN ACCIDENTS? LFP is the best so far that is most important 😊,0,True
UgxBoe62Ef9FTzBYtbB4AaABAg.A0ZTMME9-H_AEduo0Gx1Sl,comment,DHRxnTPrzOQ,UgxBoe62Ef9FTzBYtbB4AaABAg,True,@robertThomas-w5y,people seem to think ev's catch fire all time they don't i have owned 6 EV's and hybrids they were all fine I did however get my diesel car serviced at a local for dealer a week later diesel smell on route to work car caught fire and I lost a few valuable items in that.,0,True
UgxBoe62Ef9FTzBYtbB4AaABAg.A0ZTMME9-H_AEdurSs_MGK,comment,DHRxnTPrzOQ,UgxBoe62Ef9FTzBYtbB4AaABAg,True,@robertThomas-w5y,local Ford dealer.,0,True
UgzVbFIQVfB6RPg538R4AaABAg,comment,DHRxnTPrzOQ,,False,@djjjjj,Bit overpriced,0,True
UgzVbFIQVfB6RPg538R4AaABAg.A0WdnZs_t2SA0w_mX7u5cG,comment,DHRxnTPrzOQ,UgzVbFIQVfB6RPg538R4AaABAg,True,@JonySmith-bb4gx,Blame your govt,0,True
UgwYTT01uY_0qsRxOmt4AaABAg,comment,DHRxnTPrzOQ,,False,@edmondchan179,Let’s SEAL the deal!!,2,True
UgxVh_kGxUWSAQcxJ5Z4AaABAg,comment,DHRxnTPrzOQ,,False,@bahamter,"So, in the UK, standard BYD Seal's price is higher than Model 3. Interesting. In China, Model 3 is 10000 US dollar higher than Seal.",1,True
UgxVh_kGxUWSAQcxJ5Z4AaABAg.A0W4M4qllg2AEdtYFr7U-_,comment,DHRxnTPrzOQ,UgxVh_kGxUWSAQcxJ5Z4AaABAg,True,@robertThomas-w5y,It's called import duty! oh I like the Seal not TM3,0,True
UgyMdq7ZggHN-bvtZqJ4AaABAg,comment,DHRxnTPrzOQ,,False,@astenhutte,Al die Chinese merken... China drijft op gejatte technologie en niet betalen voor patenten/octrooien. Je koopt dus een auto van een dievenbende,0,True
Ugy6PhDYZMbEZvj1K8d4AaABAg,comment,DHRxnTPrzOQ,,False,@taefravis,You forget to mention that the ranges are WLTP and not as accurate as EPA range which is lower. Real world range for the Seal will be about 300 miles.,0,True
UgzwEgPnAeAuieMQrZF4AaABAg,comment,DHRxnTPrzOQ,,False,@taefravis,"BYD only outsold Tesla in China when including hybrids which are NOT EVs!

Get your facts right What Car!",0,True
UgzwEgPnAeAuieMQrZF4AaABAg.A0V7oXTc8-vA0w_odLuXBB,comment,DHRxnTPrzOQ,UgzwEgPnAeAuieMQrZF4AaABAg,True,@JonySmith-bb4gx,No they didn't . They sold in every category,0,True
Ugze-OOAOfuWmGrCay14AaABAg,comment,DHRxnTPrzOQ,,False,@taefravis,"Lesson for the uneducated so called motoring journalist!

STOP ALWAYS COMPARING EVERY EV TO TESLA AND SAYING THEY WILL DESTROY TESLA.

THAT IS NOT HAPPENING AND NEVER WILL!

What you fail to grasp and accept in your tiny minds is the truth that all EVs are competing with ICE not EV!

Now read that back to me so I know you get it!",0,True
UgyU0Zi_yvR9AEOi7dB4AaABAg,comment,DHRxnTPrzOQ,,False,@مرواریدمشرقزمین,BYD has proven to be the best EV car out there,94,True
UgyU0Zi_yvR9AEOi7dB4AaABAg.A0Sk6rLM5OXA1kUc5Z5pYw,comment,DHRxnTPrzOQ,UgyU0Zi_yvR9AEOi7dB4AaABAg,True,@bradhuf,What are you even talking about,6,True
UgyU0Zi_yvR9AEOi7dB4AaABAg.A0Sk6rLM5OXA1s19Zcr8jT,comment,DHRxnTPrzOQ,UgyU0Zi_yvR9AEOi7dB4AaABAg,True,@davout5775,"Nope, by no means is it better than TM3",8,True
UgyU0Zi_yvR9AEOi7dB4AaABAg.A0Sk6rLM5OXA1x-hM94xHP,comment,DHRxnTPrzOQ,UgyU0Zi_yvR9AEOi7dB4AaABAg,True,@valorien1,China has proven to employ the dumbest bots out there.,0,True
UgyU0Zi_yvR9AEOi7dB4AaABAg.A0Sk6rLM5OXA3453QlIcXh,comment,DHRxnTPrzOQ,UgyU0Zi_yvR9AEOi7dB4AaABAg,True,@juliozandamela,I agree,3,True
UgyU0Zi_yvR9AEOi7dB4AaABAg.A0Sk6rLM5OXA4vrpXb40zJ,comment,DHRxnTPrzOQ,UgyU0Zi_yvR9AEOi7dB4AaABAg,True,@edwardgongsky8540,Lucid beats this out of the park,1,True
UgyU0Zi_yvR9AEOi7dB4AaABAg.A0Sk6rLM5OXA97PKcSrgo9,comment,DHRxnTPrzOQ,UgyU0Zi_yvR9AEOi7dB4AaABAg,True,@Kindergard,I would say the most worth on these day economy,1,True
UgyU0Zi_yvR9AEOi7dB4AaABAg.A0Sk6rLM5OXA9AW5lZTiIA,comment,DHRxnTPrzOQ,UgyU0Zi_yvR9AEOi7dB4AaABAg,True,@shadowfan982,"at burning driveway, yes",4,True
UgyU0Zi_yvR9AEOi7dB4AaABAg.A0Sk6rLM5OXAAbrYNAwq2v,comment,DHRxnTPrzOQ,UgyU0Zi_yvR9AEOi7dB4AaABAg,True,@coolskool1.061,@edwardgongsky8540and how many people own a Lucid?,0,True
UgyU0Zi_yvR9AEOi7dB4AaABAg.A0Sk6rLM5OXABVMF_aFQ1a,comment,DHRxnTPrzOQ,UgyU0Zi_yvR9AEOi7dB4AaABAg,True,@lnr244,No such thing..EVs have no future..TOYOTA are not stupid..,2,True
UgyU0Zi_yvR9AEOi7dB4AaABAg.A0Sk6rLM5OXAIhpaigju9g,comment,DHRxnTPrzOQ,UgyU0Zi_yvR9AEOi7dB4AaABAg,True,@YR2050,BYD is not even a car. They make from $5k to $150k EV. Which one is it.,0,True
UgyVTqw-5GL9zZ_59BB4AaABAg,comment,DHRxnTPrzOQ,,False,@benjaminsmith2287,"I don't know what the love affair with the Model 3 this reviewer and Carwow's reviewer has. The ride quality is not great yet it's repeated that it is better on this than the BYD or Polestar 2. It has this echo resonance in it when going over road imperfections that is due to the body structure because it happens in the Y as well. Tesla has good tech, a great charging network, great efficiency, but as cars I find the Model 3 to be grossly overrated. It's popular, IMO, due to the charging network and software. The handling is go-cart like and that's good and bad. And the rear seat has the same lack of under-thigh support as any other BEV. I'm frankly tired of hearing about the Model 3 and Y. I know they are benchmarks but they are more by default than by virtue.",0,True
UgylQYJXU-3yZDreAkJ4AaABAg,comment,DHRxnTPrzOQ,,False,@QL2004,"for passengers the seal rides much better than M3. M3 has hard bench rear seats, that with bumpy roads means nightmare to anyone sitting in the back.",0,True
UgylQYJXU-3yZDreAkJ4AaABAg.A0NkeZVv49zAEdtDRbIzjn,comment,DHRxnTPrzOQ,UgylQYJXU-3yZDreAkJ4AaABAg,True,@robertThomas-w5y,Bench seats try the polestar I tell You I drove one for an hour straight awful metal bar in seats if you push down on seat you can feel it. this car is for very Light people,0,True
UgziOJzYBfu0qmZ4imF4AaABAg,comment,DHRxnTPrzOQ,,False,@br32m,❤nice 1,0,True
UgzuiW32Q0vdHlpu1wZ4AaABAg,comment,DHRxnTPrzOQ,,False,@allybowman345,do the backseats fold forward to fit golf clubs and buggy into?,2,True
UgzuiW32Q0vdHlpu1wZ4AaABAg.A0M7h5MMAG_A27ow45i9yI,comment,DHRxnTPrzOQ,UgzuiW32Q0vdHlpu1wZ4AaABAg,True,@petzibar9958,yes they do 60/40,1,True
UgwCQAFBO74HiwKRTLJ4AaABAg,comment,DHRxnTPrzOQ,,False,@virgin1958,"Indicators are correct for Nz and Australia 
Get used to as we do with euro models",1,True
UgwCQAFBO74HiwKRTLJ4AaABAg.A0LL672wf8CA0T8ZDiLQ29,comment,DHRxnTPrzOQ,UgwCQAFBO74HiwKRTLJ4AaABAg,True,@_nosikeuzoma1456,What model do you own ?,0,True
UgwmyXPW4UVLxF3ySXN4AaABAg,comment,DHRxnTPrzOQ,,False,@colingoode3702,"It's not a hatch or an estate so not practical enough for me. Also, like all UK EV's, far too expensive for anyone buying with their own cash.",1,True
UgxPgGGCnlSQ1D1Z91F4AaABAg,comment,DHRxnTPrzOQ,,False,@HitchHikersBlues,It's better looking to start with.,2,True
Ugxd-1tyT9IDXVFCGZp4AaABAg,comment,DHRxnTPrzOQ,,False,@Rob_b,Another EV test :(,1,True
UgwtcP0Lrw4F6EOMRxZ4AaABAg,comment,DHRxnTPrzOQ,,False,@chujon9,Well done What Car for an interesting review.,2,True
Ugy4G_uJnax99CGxlBZ4AaABAg,comment,DHRxnTPrzOQ,,False,@chujon9,"A lot of car reviewers said that the rotating screen is a gimmick. I think it is useful to use portrait view for navigation. isnt that what we use in our phones??? Why is it when is something new is offered and because they dont understand its use, it is branded a gimmick???!!!  I rest my case.",185,True
Ugy4G_uJnax99CGxlBZ4AaABAg.A0GsZH-6PRrA0RPH9DDyVw,comment,DHRxnTPrzOQ,Ugy4G_uJnax99CGxlBZ4AaABAg,True,@weizheng7885,"If that was gimmicky, then Model 3 must be gimmick king!! From the door handle, dash dashboard, to the turning light switch, touch screen shift!!! that's crazy!",25,True
Ugy4G_uJnax99CGxlBZ4AaABAg.A0GsZH-6PRrA0q4mr4CS3h,comment,DHRxnTPrzOQ,Ugy4G_uJnax99CGxlBZ4AaABAg,True,@dudulamkoto,​@weizheng7885so true but you'll never hear them mention all that gimmicky stuff on the model 3. Just because they don't understand it doesn't mean it's gimmicky.,16,True
Ugy4G_uJnax99CGxlBZ4AaABAg.A0GsZH-6PRrA8kpDXamwKp,comment,DHRxnTPrzOQ,Ugy4G_uJnax99CGxlBZ4AaABAg,True,@Maxihhh,Some people just wanted to act smart over everything smh,5,True
Ugy4G_uJnax99CGxlBZ4AaABAg.A0GsZH-6PRrAAbr1EQcZ9e,comment,DHRxnTPrzOQ,Ugy4G_uJnax99CGxlBZ4AaABAg,True,@coolskool1.061,100%,4,True
Ugy4G_uJnax99CGxlBZ4AaABAg.A0GsZH-6PRrAGAOei_wNp0,comment,DHRxnTPrzOQ,Ugy4G_uJnax99CGxlBZ4AaABAg,True,@HyperVanilo,"It's a gimmick because it doesn't support CarPlay and Android Auto, once you connect between those two the screen will automatically rotate from portrait to landscape",3,True
Ugy4G_uJnax99CGxlBZ4AaABAg.A0GsZH-6PRrALV5ChoFveu,comment,DHRxnTPrzOQ,Ugy4G_uJnax99CGxlBZ4AaABAg,True,@zargsch,"@HyperVanilo That's CarPlay only, Android Auto works fine in portrait - no idea if that's a recent change.",0,True
Ugw6oTCY9oy9sRwJDNR4AaABAg,comment,DHRxnTPrzOQ,,False,@ulfw,Unlike the dumb Tesla 'Highlight' it's an actual car with actual indicator stalks and gear shifters and head up display and screen in front of a driver.,1,True
Ugxjbo1iwTfWpfRj3JJ4AaABAg,comment,DHRxnTPrzOQ,,False,@jackfieldsjack1061,Keep more evs coming this far better than toyota corrola or camry,1,True
UgyHJG-uXecPUfCIr8x4AaABAg,comment,DHRxnTPrzOQ,,False,@peterstevensons1181,"BYD , yes right, just forget what excesses China did in Tibet AGAIN today",0,True
UgyHJG-uXecPUfCIr8x4AaABAg.A0G42Uu2a2eA0w_rrHeNit,comment,DHRxnTPrzOQ,UgyHJG-uXecPUfCIr8x4AaABAg,True,@JonySmith-bb4gx,Go Lecture Israel plz,1,True
UgxXcm8HGKkz7tfAY6V4AaABAg,comment,DHRxnTPrzOQ,,False,@alexshepherd,"8:32 “warm tip” - is that like a hot tip, but a bit less hot? 😂",1,True
UgxoNwy1jOWOvd8Mx4p4AaABAg,comment,DHRxnTPrzOQ,,False,@clonedmosquito,its TRASH!,0,True
Ugxd4LheZJ3G-IDYSNh4AaABAg,comment,DHRxnTPrzOQ,,False,@mrbob9556,"The BYD is the Chinese version of I will ""Buy Your dream"".😂",1,True
Ugxd4LheZJ3G-IDYSNh4AaABAg.A0FcesR8zzhA4GrNtSy2nL,comment,DHRxnTPrzOQ,Ugxd4LheZJ3G-IDYSNh4AaABAg,True,@WinstonZuo,"In China we call it ""be your daddy ""😂😂😂",0,True
Ugxd4LheZJ3G-IDYSNh4AaABAg.A0FcesR8zzhA4GraeJ5I_J,comment,DHRxnTPrzOQ,Ugxd4LheZJ3G-IDYSNh4AaABAg,True,@WinstonZuo,"In China we call it ""be your daddy ""😂😂😂",0,True
UgzEX70TNOUTAo-QFhp4AaABAg,comment,DHRxnTPrzOQ,,False,@alexshepherd,"112mph top speed - hard to believe for over 500bhp, isn’t it? I guess BYD hasn’t yet achieved a great enough operating speed range for their motors. 150kW charging on trips suggests they haven’t quite worked out fast-charging either.

Design of the interior is a mix of rounded shapes and square screens, and user interface design doesn’t look nice to live with. It all seems reasonable, but nothing to really love about it",0,True
Ugz45Ja6o_Rv9oxXQ8l4AaABAg,comment,DHRxnTPrzOQ,,False,@PJ21212,"Knock off Tesla, for those who can’t afford one.",0,True
Ugz45Ja6o_Rv9oxXQ8l4AaABAg.A0FTiOLfXk9A0w_tihk8n2,comment,DHRxnTPrzOQ,Ugz45Ja6o_Rv9oxXQ8l4AaABAg,True,@JonySmith-bb4gx,Tesla uses byd batteries😂😂😂,1,True
UgzXiw-cfbzgdx_Hj3V4AaABAg,comment,DHRxnTPrzOQ,,False,@TheswedishDane,"why do one always get the impression that the commentary , when it comes to china cars and the like, always are somewhat infiltrated.",0,True
Ugw-vC52re45TnL0dIR4AaABAg,comment,DHRxnTPrzOQ,,False,@harrycummings6501,"Had a Quick Look around one, the plastic smell was horrific and would put me off.  Reminded me of the early 70s basic Japanese cars.",0,True
UgynTD7bELI1c5MPrZJ4AaABAg,comment,DHRxnTPrzOQ,,False,@Dzjibriel195,Yes it’s better. That’s the fact . Move on,0,True
UgycwIMPHVONL1hpOZF4AaABAg,comment,DHRxnTPrzOQ,,False,@DarrenJones042,"Is it really that hard to build a better EV? It's like a new mobile phone, the first ones are basic and plastic with a few fancy new gizmos but not as polished as the ones they replaced.... only EVs don't seem to be getting any better... the gadgets gizmos and toys are all well and good but still can't get away from the basic flaws, bad built quality, panel gaps etc. Range anxiety, lack of infrastructure, thermal runaway fires etc etc and then there's the mining for the batteries that still uses child labour",0,True
UgycwIMPHVONL1hpOZF4AaABAg.A0EfFImwkhsA0IfoyI_M65,comment,DHRxnTPrzOQ,UgycwIMPHVONL1hpOZF4AaABAg,True,@H3aby84,"Stop listening to right wing propaganda and you'll see every argument of yours is wrong, misleading or at worst an issue but being worked on.",0,True
UgxCboWTmswfssJVL3h4AaABAg,comment,DHRxnTPrzOQ,,False,@HansPeterDoorneweert,"Maintenance? BYD told me to get a service every 20.000 KM to check ""all things..""? Is that required to ensure warranty?",1,True
UgzfRG6DFBaX-9iNL694AaABAg,comment,DHRxnTPrzOQ,,False,@jr800w,BYD went too hard and fast.  They should have release a more vanilla version and slowing evolve the design from there.   They can’t really improve on the design anymore for the next interaction without doing something whacky like those Korean cars.  They look so alien.  All BYD can improve on incrementally now is the battery tech range and interior.,0,True
UgxXlQf0z3Daznh4KQJ4AaABAg,comment,DHRxnTPrzOQ,,False,@TioSnowBros,"Chinese be Chinese, CTRL+C CTRL+V",0,True
UgxXlQf0z3Daznh4KQJ4AaABAg.A0Ds1MqeTaEA0EbhS7lWLa,comment,DHRxnTPrzOQ,UgxXlQf0z3Daznh4KQJ4AaABAg,True,@Bruce_Li,"Yeah while western companies are heavily copying Chinese brands, not only in cars, but many other products.",2,True
UgxXlQf0z3Daznh4KQJ4AaABAg.A0Ds1MqeTaEA0wa1n6NMAq,comment,DHRxnTPrzOQ,UgxXlQf0z3Daznh4KQJ4AaABAg,True,@JonySmith-bb4gx,China doesn't use English key board . Try again,1,True
UgxXlQf0z3Daznh4KQJ4AaABAg.A0Ds1MqeTaEA1jAJIEgWpe,comment,DHRxnTPrzOQ,UgxXlQf0z3Daznh4KQJ4AaABAg,True,@view_vr,"But mercedez ,tesla  use CATL and BYD ev battery",0,True
Ugyp2DUKWYEGBKjK9zh4AaABAg,comment,DHRxnTPrzOQ,,False,@GreenEyes_MS,"If you buy one, do you get a commemorative plaque with your name on it at the local Chinese Communist Party concentration camp?",0,True
Ugyp2DUKWYEGBKjK9zh4AaABAg.A0DVmPmwbNyA0wa5Xr3S0h,comment,DHRxnTPrzOQ,Ugyp2DUKWYEGBKjK9zh4AaABAg,True,@JonySmith-bb4gx,"I bought 1 . Laughing at u 

Guantanamo bay is in USA btw and it's a Concentration camp",1,True
Ugyp2DUKWYEGBKjK9zh4AaABAg.A0DVmPmwbNyA0wq48Fuzkn,comment,DHRxnTPrzOQ,Ugyp2DUKWYEGBKjK9zh4AaABAg,True,@GreenEyes_MS,"@JonySmith-bb4gx Gitmo is in Cuba with land that is leased to the US government.  It's not in the US.  Also, Gitmo is for actual criminals, such as murders and terrorists, and not for people who dare to express an opinion that runs contrary to the Chinese government.",0,True
Ugyp2DUKWYEGBKjK9zh4AaABAg.A0DVmPmwbNyA0wrnsqoO7Y,comment,DHRxnTPrzOQ,Ugyp2DUKWYEGBKjK9zh4AaABAg,True,@JonySmith-bb4gx,"@GreenEyes_MS who decided that ? U 
So if it's USA is criminal . If it's Chinese then it's innocent in a concentration camp.  Lol 🤣

U are only exposing your jealousy .

Muhammad paracha was in gitmo for 21 years without trial . He was later found innocent and freed . 21 years .

So byd shall be bought and I ll since it next to u 😁",0,True
Ugyp2DUKWYEGBKjK9zh4AaABAg.A0DVmPmwbNyA0wsw_8UbNv,comment,DHRxnTPrzOQ,Ugyp2DUKWYEGBKjK9zh4AaABAg,True,@JonySmith-bb4gx,@GreenEyes_MS ask Muhammad paracha that question,0,True
Ugyp2DUKWYEGBKjK9zh4AaABAg.A0DVmPmwbNyA0wt1I340jg,comment,DHRxnTPrzOQ,Ugyp2DUKWYEGBKjK9zh4AaABAg,True,@JonySmith-bb4gx,"@GreenEyes_MS wow u are so jealous of china 😂

U are ok with USA using a camp 
But being jealous of china with 0 proof . 

Lol",0,True
UgyEa195XtWSG6y1e014AaABAg,comment,DHRxnTPrzOQ,,False,@marktony9737,Got bored about 60 seconds in.,1,True
UgygU01Dy4ie8nyOKz14AaABAg,comment,DHRxnTPrzOQ,,False,@SaAb-sh2xp,It’s overpriced,0,True
UgygU01Dy4ie8nyOKz14AaABAg.A0CsmzzPbaPA0wa8KLpTBG,comment,DHRxnTPrzOQ,UgygU01Dy4ie8nyOKz14AaABAg,True,@JonySmith-bb4gx,Nope . Tariffs thanks to your govt,0,True
UgzCnpbVAlP4kAYTx7d4AaABAg,comment,DHRxnTPrzOQ,,False,@Jojo-o6o6w,ya no thanks... id take a model 3 way before this thing.. if not just for supercharger access alone.. and i seriously doubt their range claims. Why no mention of which car is safest in a collision?,1,True
UgzCnpbVAlP4kAYTx7d4AaABAg.A0Cse9p9jf9A0waBoQuU6x,comment,DHRxnTPrzOQ,UgzCnpbVAlP4kAYTx7d4AaABAg,True,@JonySmith-bb4gx,Tesla just killed Mitch McConnell sister in law in her own mansion😂😂😂,1,True
UgzCnpbVAlP4kAYTx7d4AaABAg.A0Cse9p9jf9A0waEqBJ2XC,comment,DHRxnTPrzOQ,UgzCnpbVAlP4kAYTx7d4AaABAg,True,@JonySmith-bb4gx,"Ok show ncap ratings for safety

I ll wait . Don't run away now",0,True
UgzCnpbVAlP4kAYTx7d4AaABAg.A0Cse9p9jf9A0wv1E9miCv,comment,DHRxnTPrzOQ,UgzCnpbVAlP4kAYTx7d4AaABAg,True,@Jojo-o6o6w,@JonySmith-bb4gx i saw that on the news.. dumb B was drinking and reversed right into a pond then was too stupid to crawl out the window and instead called her friends LOL,0,True
UgxA9cTmQn7R-0nrudl4AaABAg,comment,DHRxnTPrzOQ,,False,@CThienV,ventilated seats. does that mean with airconditioned air? or just fan air?,3,True
UgxA9cTmQn7R-0nrudl4AaABAg.A0COAkE1rmrA2UhHrLZTb9,comment,DHRxnTPrzOQ,UgxA9cTmQn7R-0nrudl4AaABAg,True,@Joel-tm3yj,it means there is air blowing out from the perforated fabric on your seats. It is really nice feature especially during a hot day.. your back wont get sweaty!,2,True
Ugzlgyw2YivbY1ZBR6d4AaABAg,comment,DHRxnTPrzOQ,,False,@b4tm4nrubin33,It will smell even more plasticy when it bursts into flames 😂😂😂,0,True
Ugzlgyw2YivbY1ZBR6d4AaABAg.A0CKsQ7UrDvA0waKrjzdE0,comment,DHRxnTPrzOQ,Ugzlgyw2YivbY1ZBR6d4AaABAg,True,@JonySmith-bb4gx,"Ok show ncap ratings for safety

I ll wait . Don't run away now",2,True
Ugzlgyw2YivbY1ZBR6d4AaABAg.A0CKsQ7UrDvA0waR7jki8K,comment,DHRxnTPrzOQ,Ugzlgyw2YivbY1ZBR6d4AaABAg,True,@JonySmith-bb4gx,So when ? Still waiting,1,True
Ugzf-WApwO7LfUwbkNV4AaABAg,comment,DHRxnTPrzOQ,,False,@hermanstokbrood,"The model 3 is better from which point of view? Looks? Nope.  Performance? Nope. Interior? Nope. Price? Well.... not where I live when you don't want a dime a dozen color or wheels.
I drove both, the seal design and M3 Highland. I like the driving better in the Seal.",30,True
Ugzf-WApwO7LfUwbkNV4AaABAg.A0CJsT9eqqzA0FcjBMdDE3,comment,DHRxnTPrzOQ,Ugzf-WApwO7LfUwbkNV4AaABAg,True,@alexshepherd,"Yes, Model 3 performance is far ahead of the Seal - top speed of the Model 3 Performance is 162mph, top speed of the Seal (all versions) is 112mph. Charging rate, 250kW vs. 150kW.

The Model 3 is a minimalist design with very little clutter, not even steering column stalks on the latest model. The Seal is a lot more ornate, with two screens, quilted seats, various strange features outside like the gills under the doors and the swage line that leads nowhere.

When you sit in both of them, you see how much more spacious and comfortable the Model 3 feels. The beauty is more than skin deep.

It extends to things like putting in a destination far away and knowing exactly where and for how long to charge, as the car works out elevation, speed, temperature changes so you don’t have to think about any of that. Making things simple is a hallmark of good design",3,True
Ugzf-WApwO7LfUwbkNV4AaABAg.A0CJsT9eqqzA0G1PPfNETM,comment,DHRxnTPrzOQ,Ugzf-WApwO7LfUwbkNV4AaABAg,True,@thomas20021234,​@alexshepherdagreed i just got a model3 highland and i didt think to buy a seal at all,1,True
Ugzf-WApwO7LfUwbkNV4AaABAg.A0CJsT9eqqzA0Jb58JlooM,comment,DHRxnTPrzOQ,Ugzf-WApwO7LfUwbkNV4AaABAg,True,@hermanstokbrood,"@alexshepherd So, you are still in the fase of comparing numbers huh? I don't need your over the top post to understand that the BYD Seal is the better car by driving both myself. By the way, there is no Highland performance and I'm not buying an old model especially when the front is ugly as hell.",5,True
Ugzf-WApwO7LfUwbkNV4AaABAg.A0CJsT9eqqzA0MUTE8CCke,comment,DHRxnTPrzOQ,Ugzf-WApwO7LfUwbkNV4AaABAg,True,@alexshepherd,"@hermanstokbrood you did ask the question “the Model 3 is better from which point of view?” - and the numbers I offered seemed to make it clear. 

Feel free to enlighten us on how the driving is better in the Seal. You’re right, there are people that won’t be interested in the numbers",1,True
Ugzf-WApwO7LfUwbkNV4AaABAg.A0CJsT9eqqzA0MZqzoHYBI,comment,DHRxnTPrzOQ,Ugzf-WApwO7LfUwbkNV4AaABAg,True,@hermanstokbrood,"@alexshepherd I don't have to judge a car by a specsheet. If I drive one I know. 
I drove Highland RWD and the Seal RWD. The Model 3 is no match for the Seal for me personally. But you still may think so.",4,True
Ugzf-WApwO7LfUwbkNV4AaABAg.A0CJsT9eqqzA1PvvymaYP3,comment,DHRxnTPrzOQ,Ugzf-WApwO7LfUwbkNV4AaABAg,True,@piff1988,"The Model 3 is better KwH efficiency in real world testing, averaging nearly a mile more per KwH. Something that needs to be considered when costing.",0,True
Ugzf-WApwO7LfUwbkNV4AaABAg.A0CJsT9eqqzA1s2wrB3LNY,comment,DHRxnTPrzOQ,Ugzf-WApwO7LfUwbkNV4AaABAg,True,@davout5775,"Well, you lied! But that's besides the point. The TM3 has superior quality from the interior. Like it or not that's the truth! Tesla moved away from a lot of plastics that they used while BYD remained. The Tesla has a lot more storage both front and back, higher range and faster charging but also cheaper charging. Not to mention, Tesla comes with a whole bunch of nice features like FSD and autopilot which BYD has no idea what that is about.",1,True
Ugzf-WApwO7LfUwbkNV4AaABAg.A0CJsT9eqqzA1s3r5_2OQh,comment,DHRxnTPrzOQ,Ugzf-WApwO7LfUwbkNV4AaABAg,True,@hermanstokbrood,@davout5775 yeah right 🤪🤪🤣🤣,2,True
Ugzf-WApwO7LfUwbkNV4AaABAg.A0CJsT9eqqzA1s58QEoenU,comment,DHRxnTPrzOQ,Ugzf-WApwO7LfUwbkNV4AaABAg,True,@davout5775,@hermanstokbrood Absolutely,0,True
Ugzf-WApwO7LfUwbkNV4AaABAg.A0CJsT9eqqzA1sZsOLOdyI,comment,DHRxnTPrzOQ,Ugzf-WApwO7LfUwbkNV4AaABAg,True,@hermanstokbrood,@davout5775 🤪,0,True
Ugzf-WApwO7LfUwbkNV4AaABAg.A0CJsT9eqqzA66w-4iu2yr,comment,DHRxnTPrzOQ,Ugzf-WApwO7LfUwbkNV4AaABAg,True,@anastasiawhite7482,"Tesla 3 is way better in looks than a seal, what is wrong with you? Are you deliberately being obtuse. Secondly, Tesla has self driving features, better style, faster,",0,True
Ugzf-WApwO7LfUwbkNV4AaABAg.A0CJsT9eqqzA678AG9Lpul,comment,DHRxnTPrzOQ,Ugzf-WApwO7LfUwbkNV4AaABAg,True,@hermanstokbrood,"@anastasiawhite7482 LOL, what is wrong with me? You are funny 🤣🤣🤣🤣",0,True
Ugxu845bzTGvccGEWVF4AaABAg,comment,DHRxnTPrzOQ,,False,@lesfernandez888,Is there a BYD vs Kia EV6 test?,0,True
Ugxu845bzTGvccGEWVF4AaABAg.A0CHUUMeqrOA4f-SCDJKuU,comment,DHRxnTPrzOQ,Ugxu845bzTGvccGEWVF4AaABAg,True,@stuartwindow6080,Having drove both and have the EV6 for that last 2 1/2 years EV6 is miles better.,0,True
UgzkH0yF2y7JZovSjgd4AaABAg,comment,DHRxnTPrzOQ,,False,@Alberto-mq7gw,"Referring to base prices is not very informative. Tesla and BYD offer everything as standard. The others offer most things on higher trim levels and as options. Configure a Polestar 2 or an Ioniq 6 to match the Seal and you'll be paying at least 15K more. They are not direct competitors price wise. Tesla and BYD are in the same bracket, but the rest are far more expensive.",9,True
UgzkH0yF2y7JZovSjgd4AaABAg.A0BfOCUSjSAA27p4BcDaTG,comment,DHRxnTPrzOQ,UgzkH0yF2y7JZovSjgd4AaABAg,True,@petzibar9958,"not sure, but it feels really cold",0,True
UgwsV8WwA5FsVhK9eRN4AaABAg,comment,DHRxnTPrzOQ,,False,@GDM22,"Why is the indicator considered to be on the wrong side, is it just what you are used too. How did the indicator work on the left hand side when you were driving a manual. Having owned manuals with the indicators on both the right and left side I can tell you the right side is better.  Rather than just complain about it, tell us what the issue is with the indicator being on that side, I can't see what difference it makes, other than a slight adjustment which would take about a week.",7,True
UgwsV8WwA5FsVhK9eRN4AaABAg.A0BUQKbAKU_A0q5MWlffTB,comment,DHRxnTPrzOQ,UgwsV8WwA5FsVhK9eRN4AaABAg,True,@dudulamkoto,He's just being petty. He refers no stalks at all. Steering wheel nonsense of Model 3.,1,True
UgwsV8WwA5FsVhK9eRN4AaABAg.A0BUQKbAKU_A0q5Sz2k28J,comment,DHRxnTPrzOQ,UgwsV8WwA5FsVhK9eRN4AaABAg,True,@dudulamkoto,He's just being petty. He prefers that Model 3 junk steering wheel button.,0,True
Ugx5GQer6c2Wd02NJOR4AaABAg,comment,DHRxnTPrzOQ,,False,@markstephens5118,"If you are a careful drive ,a person who can't afford to change your car like your underwear an LFP battery is better in every way, because simply put the fact that with LFP being able to discharge to zero and recharge to 100% without damage ,the whole range is usable unlike Li which is recommended not to go below 20% and not charge above 80% which is (if you're being careful and preserving the life /longevity of your car) an automatic 40% loss of range. I do understand this missing 40% can be used on  occasion without to much harm but don't make a habit out of it.",1,True
UgxvJz0eF3sX3ar_0fd4AaABAg,comment,DHRxnTPrzOQ,,False,@aleksandarberic6875,We need three or two  doors model - coupe with solid state batteries.Looking forward  to see one soon...,0,True
Ugxwv18qpLXWSaNZ4aB4AaABAg,comment,DHRxnTPrzOQ,,False,@nikkipedro,"Come on Doug, wiper and light stalks the wrong way around is a negative? Surely the bulk of the Japanese cars you get in the UK are the same, no one seems to mention it when reviewing them.",201,True
Ugxwv18qpLXWSaNZ4aB4AaABAg.A0B-t47rbV-A0F55baho4H,comment,DHRxnTPrzOQ,Ugxwv18qpLXWSaNZ4aB4AaABAg,True,@kenzohkw,"You're correct, the Seal is the correct way round for a right hand drive car, we have been driving LHD converted euro cars and the manufacturers can't be arsed swapping the stalks so we have accepted it as standard. We need to be less stupid and ignorant. Nearly all Japanese cars in the UK are setup as the euro style with indicators on the left. They are probably laughing at us all the time.",26,True
Ugxwv18qpLXWSaNZ4aB4AaABAg.A0B-t47rbV-A0J5Q9iJFab,comment,DHRxnTPrzOQ,Ugxwv18qpLXWSaNZ4aB4AaABAg,True,@vasil7410,"Indeed, this reviewer must be a bit slow, because I swap between left and right handed stalk cars in my garage and have adapted just fine by the first corner. Try swapping between stalks and NO stalks - now that is a problem. Clearly this guy is heavily biased.",17,True
Ugxwv18qpLXWSaNZ4aB4AaABAg.A0B-t47rbV-A0TsIGIPIqK,comment,DHRxnTPrzOQ,Ugxwv18qpLXWSaNZ4aB4AaABAg,True,@dyemanoz,Japan is RHD country and stalks the same side as other rhd countries like aus and UK.,0,True
Ugxwv18qpLXWSaNZ4aB4AaABAg.A0B-t47rbV-A0q4WJamJuA,comment,DHRxnTPrzOQ,Ugxwv18qpLXWSaNZ4aB4AaABAg,True,@dudulamkoto,​@vasil7410reviewer is a petty Tesla Fanboy.,15,True
Ugxwv18qpLXWSaNZ4aB4AaABAg.A0B-t47rbV-A3jpFFznfte,comment,DHRxnTPrzOQ,Ugxwv18qpLXWSaNZ4aB4AaABAg,True,@Mac-65,@kenzohkw And most Japanese cars in America have their blinker stalks on the left.....,0,True
Ugxwv18qpLXWSaNZ4aB4AaABAg.A0B-t47rbV-ACw9ICUG6U3,comment,DHRxnTPrzOQ,Ugxwv18qpLXWSaNZ4aB4AaABAg,True,@jessh2147,"@Mac-65 The correct location for the blinker stalk is the opposite side of the gear change, so for America with left hand drive cars, the stalk should be on the left. For right hand drive cars (ie UK/AU/NZ) the stalk should be on the right, but to save costs, most Euro brands don't bother switching. The reason the turning stalk should be opposite to gear shift dates back to manual car days, so you can change gears and indicate at the same time, less issue today, however instead of changing gears, we now have to use the infotainment a lot more, so it is still valid.",4,True
UgyyoKFv5SNXkHclzkV4AaABAg,comment,DHRxnTPrzOQ,,False,@jonathanw844,I could never own a car with the same name of some doddery old folk.,0,True
UgyyoKFv5SNXkHclzkV4AaABAg.A0AuQXpga5bA0BWEpo5BZp,comment,DHRxnTPrzOQ,UgyyoKFv5SNXkHclzkV4AaABAg,True,@GDM22,"What does this mean, a Seal is a marine animal.",1,True
UgyyoKFv5SNXkHclzkV4AaABAg.A0AuQXpga5bA0CX4SK0J5u,comment,DHRxnTPrzOQ,UgyyoKFv5SNXkHclzkV4AaABAg,True,@jonathanw844,"Oh dear! You have never come across an old Bid, I also have seals around my house windows and most of the products I buy at the supermarket are sealed in one way or another.",0,True
UgyyoKFv5SNXkHclzkV4AaABAg.A0AuQXpga5bA0waTrP4wEM,comment,DHRxnTPrzOQ,UgyyoKFv5SNXkHclzkV4AaABAg,True,@JonySmith-bb4gx,"​@jonathanw844😂Ok show ncap ratings for safety

I ll wait . Don't run away now",0,True
Ugw0vXfRLLxjsqDHifV4AaABAg,comment,DHRxnTPrzOQ,,False,@mj9172,Pretty much contradicts the majority of all other reviews. He gives the impression he drives a tesla every day and as such not suited to an objective review.,1,True
UgzsB0hg3w7oNOIZZsh4AaABAg,comment,DHRxnTPrzOQ,,False,@ndukasmith,How many times will this guy review this car?,1,True
Ugy0TsEsk2gZwDqSSeR4AaABAg,comment,DHRxnTPrzOQ,,False,@therealjeffg,Great review thanks Doug.  You pointed out some niggley things that I haven’t seen in other reviews of the Seal so thanks for that,1,True
Ugy0TsEsk2gZwDqSSeR4AaABAg.A0AgnpCHDt2A1SYGz5HYyv,comment,DHRxnTPrzOQ,Ugy0TsEsk2gZwDqSSeR4AaABAg,True,@alcoyne3333333333333,Doug ? More like Karen 😢😢,0,True
UgzkORnezN50zwvYc0x4AaABAg,comment,DHRxnTPrzOQ,,False,@gazzebow,"Is ""feelsome"" really a word, Douglas?",0,True
Ugz177lfi8xqoMKUe714AaABAg,comment,DHRxnTPrzOQ,,False,@Crawfish411-Vlog,Luxury inside.  V2L charging.  So much more.  So much bang for your buck.,3,True
UgzK9b_Qd06___p0_lh4AaABAg,comment,DHRxnTPrzOQ,,False,@thejfg7741,Tesla are considered to build the best electric cars.  Hence the comparison.  If you look back over the years you’ll find this is how car journalism works,3,True
UgzK9b_Qd06___p0_lh4AaABAg.A0AU0TyDpM6A0T8kInwKFW,comment,DHRxnTPrzOQ,UgzK9b_Qd06___p0_lh4AaABAg,True,@_nosikeuzoma1456,Do you own a Tesla?,0,True
UgzK9b_Qd06___p0_lh4AaABAg.A0AU0TyDpM6A0VMSuPMOjc,comment,DHRxnTPrzOQ,UgzK9b_Qd06___p0_lh4AaABAg,True,@thejfg7741,@_nosikeuzoma1456 no I don’t,0,True
UgzK9b_Qd06___p0_lh4AaABAg.A0AU0TyDpM6A0WSdAKR2V9,comment,DHRxnTPrzOQ,UgzK9b_Qd06___p0_lh4AaABAg,True,@_nosikeuzoma1456,"@thejfg7741 how about shares 
Do you own shares with TSLA?",0,True
UgzK9b_Qd06___p0_lh4AaABAg.A0AU0TyDpM6A0waVtAuKSI,comment,DHRxnTPrzOQ,UgzK9b_Qd06___p0_lh4AaABAg,True,@JonySmith-bb4gx,​@thejfg7741😂 Tesla uses byd batteries,0,True
UgzK9b_Qd06___p0_lh4AaABAg.A0AU0TyDpM6A0xnP0Eq9yk,comment,DHRxnTPrzOQ,UgzK9b_Qd06___p0_lh4AaABAg,True,@thejfg7741,@JonySmith-bb4gx but Teslas are still considered the best EV’s given the infrastructure and efficiency   The fact they use BYD batteries doesn’t alter that,0,True
UgzK9b_Qd06___p0_lh4AaABAg.A0AU0TyDpM6A0xpv97RFXK,comment,DHRxnTPrzOQ,UgzK9b_Qd06___p0_lh4AaABAg,True,@JonySmith-bb4gx,@thejfg7741 prove it,0,True
UgziTmzS5cynOfsnWgx4AaABAg,comment,DHRxnTPrzOQ,,False,@currentconversationsalex,Great video - really perfect summary from my own experiences,3,True
Ugwnvfx1p85nxAG1UvR4AaABAg,comment,DHRxnTPrzOQ,,False,@Damo699,Negative review? Haven't watched it yet but this is a regular electric vehicle review from these guys,1,True
Ugz8rPpH1vRyGKW-AfB4AaABAg,comment,DHRxnTPrzOQ,,False,@stephen546,"It's is exactly the review I expected from this guy unfortunately. Constantly going on about what he thought the cars weaknesses were with very few positives,  he mentioned the cars name multiple times negatively etc etc. I remember him saying the Hyundai Ioniq 6 wasn't that good in a previous review!!. The reality is, unless it's a Tesla or an Apple phone (which he mentions) it'll always be second best in his eyes!!. That's why I take whatever he says with a pinch of salt...",255,True
Ugz8rPpH1vRyGKW-AfB4AaABAg.A0AO4GS1R6LA0Dbprv-qai,comment,DHRxnTPrzOQ,Ugz8rPpH1vRyGKW-AfB4AaABAg,True,@LittleBoobsLover,"yeah I noticed that brits are crying that this car is not a tesla/rolls/porsche.  Tbh if chinese could make car which looks the best in my opinion (check latest electrify with shadow green seal) in so short time, with good build quality - they are on good path to make much better cars.",17,True
Ugz8rPpH1vRyGKW-AfB4AaABAg.A0AO4GS1R6LA0NxwUrd-C7,comment,DHRxnTPrzOQ,Ugz8rPpH1vRyGKW-AfB4AaABAg,True,@benjaminsmith2287,I agree. After all the negative nonsense he said about the Polestar 2 vs. the Model 3 this is what I expect from him. Nothing can live up to the Model 3 where he just doesn't see the many shortcomings it has.,21,True
Ugz8rPpH1vRyGKW-AfB4AaABAg.A0AO4GS1R6LA0Ny4qAgFLb,comment,DHRxnTPrzOQ,Ugz8rPpH1vRyGKW-AfB4AaABAg,True,@benjaminsmith2287,"@Crusde Electrifying picked the Seal over the (Highland) Model 3, however. Nicola, reviewing the Model 3, called it a ""robot.""",6,True
Ugz8rPpH1vRyGKW-AfB4AaABAg.A0AO4GS1R6LA0Zo1telZVP,comment,DHRxnTPrzOQ,Ugz8rPpH1vRyGKW-AfB4AaABAg,True,@MrStian78,@benjaminsmith2287they didn’t try to fast charge it then.,0,True
Ugz8rPpH1vRyGKW-AfB4AaABAg.A0AO4GS1R6LA14ecnuLKTD,comment,DHRxnTPrzOQ,Ugz8rPpH1vRyGKW-AfB4AaABAg,True,@CNSPACE2030,Just like many British still likes to buy Range Rover.Although it is no longer a British thing😅,7,True
Ugz8rPpH1vRyGKW-AfB4AaABAg.A0AO4GS1R6LA1QVrYj24w5,comment,DHRxnTPrzOQ,Ugz8rPpH1vRyGKW-AfB4AaABAg,True,@anthonydeas2173,I'd buy one of these because it WASNT a blob on wheels.. aka Tesla,6,True
Ugz8rPpH1vRyGKW-AfB4AaABAg.A0AO4GS1R6LA1s2D4F6isj,comment,DHRxnTPrzOQ,Ugz8rPpH1vRyGKW-AfB4AaABAg,True,@davout5775,"In this case, the Seal is inferior to TM3",0,True
Ugz8rPpH1vRyGKW-AfB4AaABAg.A0AO4GS1R6LA2u2kDtHmK8,comment,DHRxnTPrzOQ,Ugz8rPpH1vRyGKW-AfB4AaABAg,True,@stephen546,@CNSPACE2030 It's designed and built in the UK. The owner of Range Rover is Tata of India for the time being,2,True
Ugz8rPpH1vRyGKW-AfB4AaABAg.A0AO4GS1R6LA30ecLwSx0g,comment,DHRxnTPrzOQ,Ugz8rPpH1vRyGKW-AfB4AaABAg,True,@j0n_H,"Well these are just made in china quality and ccp is covering all the fauls that these chinese radiocars have. Tires coming off in middle of freeway etc. 

No one should buy chinese EVs ever. If you wanna live. If hou don't then go for it.",0,True
Ugz8rPpH1vRyGKW-AfB4AaABAg.A0AO4GS1R6LA3727_bscqc,comment,DHRxnTPrzOQ,Ugz8rPpH1vRyGKW-AfB4AaABAg,True,@izakmend3826,"I know right...""oh I got my finger wet pressing the boot button""....LOL the reviewer needs to stop whining about little silly things.",7,True
Ugz8rPpH1vRyGKW-AfB4AaABAg.A0AO4GS1R6LA6Zuti6ssX_,comment,DHRxnTPrzOQ,Ugz8rPpH1vRyGKW-AfB4AaABAg,True,@mantasbakys7333,not surprised chinese EVs blow up half the time,0,True
Ugz8rPpH1vRyGKW-AfB4AaABAg.A0AO4GS1R6LA6l6GGKNf2R,comment,DHRxnTPrzOQ,Ugz8rPpH1vRyGKW-AfB4AaABAg,True,@jostrander71,​@LittleBoobsLover When the Chinese government funds BYD 230 billion dollars over 15 years they can do a lot of things a regular company can't like sell for less. Yes other manufacturers get  incentives from the government but nothing like China has been doing recently.,1,True
Ugz8rPpH1vRyGKW-AfB4AaABAg.A0AO4GS1R6LA6q36XJVdC0,comment,DHRxnTPrzOQ,Ugz8rPpH1vRyGKW-AfB4AaABAg,True,@dafyddthomas7299,"@LittleBoobsLover I'm not - UK'er here; I think this BYD is amazing and other BYD's - surprising how fast Chinese are getting on in the act, level pegging and in lot of areas pushing ahead; UK & USA , less so with European firms are so complacent and dismissive of rivals, that when they do realise it's to late, examples see Hornby vs Chinese / Japanese Slot cars of 70's; now most of their products (Hornby - Trains & Scalextrics) are now made in China.",0,True
Ugz8rPpH1vRyGKW-AfB4AaABAg.A0AO4GS1R6LA6q3Bnzx7Vm,comment,DHRxnTPrzOQ,Ugz8rPpH1vRyGKW-AfB4AaABAg,True,@dafyddthomas7299,@LittleBoobsLover Have to say US Wannabies are complaining also; especially BYD are socking a big fist of Red to US maker Tesla.,0,True
Ugz8rPpH1vRyGKW-AfB4AaABAg.A0AO4GS1R6LA6q3Jjc-mEN,comment,DHRxnTPrzOQ,Ugz8rPpH1vRyGKW-AfB4AaABAg,True,@dafyddthomas7299,"@jostrander71 US GOV also subsidies US firms also by Billions of Dollars, same with EU and their companies.",1,True
Ugz8rPpH1vRyGKW-AfB4AaABAg.A0AO4GS1R6LA7iBbObtWKb,comment,DHRxnTPrzOQ,Ugz8rPpH1vRyGKW-AfB4AaABAg,True,@picanha694,"you have to take his reviews with a bucket of salt, a pinch of salt isn't enough to hide his biased towards asian superiority.",0,True
Ugz8rPpH1vRyGKW-AfB4AaABAg.A0AO4GS1R6LAFEpjwg6nml,comment,DHRxnTPrzOQ,Ugz8rPpH1vRyGKW-AfB4AaABAg,True,@bobsmith3983,@mantasbakys7333 I suppose that's why Chinese EVs are outselling Tesla by far.,0,True
Ugz8rPpH1vRyGKW-AfB4AaABAg.A0AO4GS1R6LAGqh_AYW5tt,comment,DHRxnTPrzOQ,Ugz8rPpH1vRyGKW-AfB4AaABAg,True,@1851990ful,The guy is clearly unreasonably salty. His reputation will be down the drain because it appears no body is listening to him and people are buying,1,True
Ugw35wBl4HjpYnqK5yd4AaABAg,comment,DHRxnTPrzOQ,,False,@Nickbaldeagle02,To answer the video headline question :- Yes,1,True
Ugx3Dqc9JLHISvSRFtp4AaABAg,comment,DHRxnTPrzOQ,,False,@hellcat1988,No.  Next question.,1,True
UgxhmOMcg3TK9JA1H9Z4AaABAg,comment,DHRxnTPrzOQ,,False,@TheVintageApplianceEmporium,There is no way on God's green earth that I will ever give my money to the Chinese Communist Party and their disgusting human rights abuses. And if any of you reading this have a conscience - you won't either.,1,True
UgxbSWJBv0p8ni3ef-54AaABAg,comment,DHRxnTPrzOQ,,False,@quintinrafferty7232,This lad knows how to moan 😒,1,True
UgzFIGK4UyvqOqLYsnt4AaABAg,comment,DHRxnTPrzOQ,,False,@garethjones2125,Good job you didn’t start the video with the price. I watched assuming it was going to be a cheaper alternative to its rivals. This  is more expensive due to the inevitable high depreciation.,4,True
UgxGcL9_HbdXpfuvQDN4AaABAg,comment,DHRxnTPrzOQ,,False,@birdmanmarbella,"I prefer the styling of the Seal, exterior and interior, compared to the Tesla. I do want to see instrumentation in front of me and not just in a central position.",450,True
UgxGcL9_HbdXpfuvQDN4AaABAg.A0A1Y50iEX2A0XrYGGLtlQ,comment,DHRxnTPrzOQ,UgxGcL9_HbdXpfuvQDN4AaABAg,True,@natepolitics1490,I went yesterday to see the car and sit inside and it blows telsa out of the water. I was very pleased with the car.,22,True
UgxGcL9_HbdXpfuvQDN4AaABAg.A0A1Y50iEX2A0dt7DBug7X,comment,DHRxnTPrzOQ,UgxGcL9_HbdXpfuvQDN4AaABAg,True,@IceW4ve,"Looks are subjective, Tesla is more streamlined, BYD takes a more additional approach in my opinion. Front looks better than TM3 Highland, the back worse than Highland (BYD looks far too asian for my taste). Tesla gives a spaceship vibe, BYD standard car vibe, nothing good nothing bad.

Software design, UI structure, translations, animations, service mode, games, native built-in apps, mobile app integration, driver profile synchronization and portability between cars, as well as screen computer performance are 500 times better in the Tesla obviously, same as with Autopilot, BYD Seal autopilot can't keep it in lane centered on European roads in recent testing, Tesla does it no problem. BYD on the other hand offers Android Auto integration for example, while Tesla uses completely own OS.

Interior BYD has traditional design, Tesla again most things on the touchscreen. BYD offers premium upgrade to get a Heads up display, Tesla does not. Personally, having driven the Highland, I did not miss any display in front of me, but that is subjective and everyone definitely should test drive both!

Personally I don't like the glossy surfaces in the BYD interior, but this is personal taste.

Storage space is more in the Tesla, and frunk is bigger in the Highland. In the Model 3, the rear seats folded down do present a much flatter surface than in the BYD, making camping in the Tesla vastly superior. (plus camp mode in Model 3 is very nice). 

Model 3 also comes with Matrix LED adaptive headlights at no additional cost in Europe, which is a HUGE plus, especially driving long windy roads or on the freeway at night, BYD does not offer any such feature.

According to a review by an actual EV mechanic, BYD uses a legacy approach for the ABS sensor design at the wheel axis, which means it will be broken 100% in less than 8 years requiring extensive repairs. Additionally, BYD is heavier and bulkier than Model 3, with tires being too small to support it when doing erratic maneuvers, when compared to Model 3 the ESP had to engage every single time on BYD to keep it on the road.
Maintainability is far easier on the Tesla, because on the BYD, a mechanic needs half an hour to only unscrew the underbody shield (70 to 80 small screws) to even be able to diagnose any problem if such occurs. Model 3 uses like 5 big screws, done.

Tesla service centers are far more present here in Europe, I don't even know where I could take the relatively new BYD for repairs.

BYD has average working auto wipers, Tesla still has a problem with the wiper speed in rain (got better but still needs work).

Sound system definitely superior and louder in the Model 3 having listened to both.

Model 3 is more efficient than the Seal no question, need to charge less electricity as a result and saving money.

Fast charging speed is faster in Model 3 than BYD Seal

What I noticed is BYD is faking pictures of their car on the website, in real life the gap between wheels and chassis is bigger than on the pictures, but many Chinese car brands are doing this practice to make it look slightly better on marketing images.
Tesla images seemed normal for me.

Cheers!",4,True
UgxGcL9_HbdXpfuvQDN4AaABAg.A0A1Y50iEX2A0mwcRQj758,comment,DHRxnTPrzOQ,UgxGcL9_HbdXpfuvQDN4AaABAg,True,@nobodyli6543,your taste is quite unique  @IceW4ve,8,True
UgxGcL9_HbdXpfuvQDN4AaABAg.A0A1Y50iEX2A1OKQYDFG8F,comment,DHRxnTPrzOQ,UgxGcL9_HbdXpfuvQDN4AaABAg,True,@drownedbody,Teslas have a boring and ugly interior.,9,True
UgxGcL9_HbdXpfuvQDN4AaABAg.A0A1Y50iEX2A2h55P4nUbo,comment,DHRxnTPrzOQ,UgxGcL9_HbdXpfuvQDN4AaABAg,True,@natepolitics1490,@IceW4ve  Great job breaking that all down. Thanks,3,True
UgxGcL9_HbdXpfuvQDN4AaABAg.A0A1Y50iEX2A69tgQugH4-,comment,DHRxnTPrzOQ,UgxGcL9_HbdXpfuvQDN4AaABAg,True,@fren111,Yeah...Tesla's biggest weakness is how lame bland they look like,8,True
UgxGcL9_HbdXpfuvQDN4AaABAg.A0A1Y50iEX2AHAVazuubx3,comment,DHRxnTPrzOQ,UgxGcL9_HbdXpfuvQDN4AaABAg,True,@jimmontj300,"Of course, tipically britisch, the prejudice is troubling all this review!!
Great car but bad review",0,True
UgxGcL9_HbdXpfuvQDN4AaABAg.A0A1Y50iEX2AJ6HKEQfepZ,comment,DHRxnTPrzOQ,UgxGcL9_HbdXpfuvQDN4AaABAg,True,@zaindin2047,This is an amazing comparison review. Really makes me want to go for a tesla over byd ​@IceW4ve,0,True
UgxGcL9_HbdXpfuvQDN4AaABAg.A0A1Y50iEX2AJ6HMZkl2Ft,comment,DHRxnTPrzOQ,UgxGcL9_HbdXpfuvQDN4AaABAg,True,@zaindin2047,​@fren111simplicity appeals more to some,0,True
UgwCI1dmdnTaKEFx0lJ4AaABAg,comment,DHRxnTPrzOQ,,False,@cpandsooz,"Does the LFP in this mean like a Tesla 3/Y LFP RWD you can and are advised to charge to 100% (rather than the usual EV 80%) if so, cool.",6,True
UgwCI1dmdnTaKEFx0lJ4AaABAg.A0A0V7T18EdA0ROo1FCRKs,comment,DHRxnTPrzOQ,UgwCI1dmdnTaKEFx0lJ4AaABAg,True,@weizheng7885,BYD are supplying battery pack to Tesla， so，they r basiclly the same.,1,True
UgwCI1dmdnTaKEFx0lJ4AaABAg.A0A0V7T18EdA0xl9qnvD49,comment,DHRxnTPrzOQ,UgwCI1dmdnTaKEFx0lJ4AaABAg,True,@honesty_-no9he,@weizheng7885 BYD only supply the Blade Battery to the German TESLA made entry level MODEL Y. Shanghai made TESLAs sold in UK use CATL LFP.,0,True
UgwCI1dmdnTaKEFx0lJ4AaABAg.A0A0V7T18EdA0xlC59lts3,comment,DHRxnTPrzOQ,UgwCI1dmdnTaKEFx0lJ4AaABAg,True,@honesty_-no9he,100% as much as you like.,1,True
UgwCI1dmdnTaKEFx0lJ4AaABAg.A0A0V7T18EdA1s32bycRYw,comment,DHRxnTPrzOQ,UgwCI1dmdnTaKEFx0lJ4AaABAg,True,@davout5775,@honesty_-no9he if you want to kill the battery faster,0,True
UgzlfLPSZojysRV0lwl4AaABAg,comment,DHRxnTPrzOQ,,False,@ateiviz,"Reviewers back at it again 😂 I've had one for 4 weeks so here we go: Aircon controls are on the steering wheel and center console. The kwh figure is not annoying as anyone driving should be looking at the road. The issue with not seeing the screen can be easily solved by moving your hand or your head to check whatever you want to check. Strong smell of plastic is a what everyone else calls the ""new car smell"". I've had multiple passangers in the back and have had no complaints about the seat comfort, it's actually the opposite. You can open the boot with they key or using a button on the door if you didn't want to touch the boot. My indicator is on the left. Design version is plenty fast and super fun on the back roads. Stick it into eco mode and it's a super comfortable cruiser.",160,True
UgzlfLPSZojysRV0lwl4AaABAg.A0A-yol7jTmA0A0fAVfXLC,comment,DHRxnTPrzOQ,UgzlfLPSZojysRV0lwl4AaABAg,True,@stevehodgson7487,"Hi there , with having your car for your weeks, I’m wondering where you live.
Mine gets delivered around 20 March and was wondering if the uk seals have been altered on the stalks of the steering column,
Thanks !!",4,True
UgzlfLPSZojysRV0lwl4AaABAg.A0A-yol7jTmA0A1CPyDVWF,comment,DHRxnTPrzOQ,UgzlfLPSZojysRV0lwl4AaABAg,True,@ateiviz,"@stevehodgson7487 I'm in Ireland, I placed my order late last year so was able to get one of the early lots coming in. I believe the very first few cars that landed had the indicator on the right.",2,True
UgzlfLPSZojysRV0lwl4AaABAg.A0A-yol7jTmA0A6iuZyP09,comment,DHRxnTPrzOQ,UgzlfLPSZojysRV0lwl4AaABAg,True,@stevehodgson7487,"Thanks for your early reply. I’m hoping my indicators are on the left, but if not I suppose I’ll get used to it eventually. The garage has confirmed it has arrived at the dock, but last week they got a design model in and the stalk was the opposite way round,
Guess I’ll have to wait and see.
Anyway, enjoy your new car and happy motoring.😎😎",3,True
UgzlfLPSZojysRV0lwl4AaABAg.A0A-yol7jTmA0A7Oo9j5vL,comment,DHRxnTPrzOQ,UgzlfLPSZojysRV0lwl4AaABAg,True,@ateiviz,"@stevehodgson7487 personally it wouldn't have been an issue for me, we have a Japanese car as well and that has right hand side indicators so I'm just used to having to make that mental switch fairly quickly. Thanks and you too! It's a lovely car you won't regret it.",0,True
UgzlfLPSZojysRV0lwl4AaABAg.A0A-yol7jTmA6gEKnf0Stn,comment,DHRxnTPrzOQ,UgzlfLPSZojysRV0lwl4AaABAg,True,@onceafiend,I love a right hand indicator,1,True
UgzlfLPSZojysRV0lwl4AaABAg.A0A-yol7jTmA6suyA6nGQ_,comment,DHRxnTPrzOQ,UgzlfLPSZojysRV0lwl4AaABAg,True,@artbynaition1278,"Agreeed, i have 2 1 seal and the other one is a lhd business trim love em",0,True
UgzlfLPSZojysRV0lwl4AaABAg.A0A-yol7jTmA7jiEXTIG6U,comment,DHRxnTPrzOQ,UgzlfLPSZojysRV0lwl4AaABAg,True,@BT54-40,"Who ever buys a car and then says they don't like it, that car looks good inside and out , and i think it sounds more quiet with less wind noise than the tesla he's flogging, unbiased review I don't think so, well I hope you really enjoy your new car and it would be great to hear from you down the track as to how it's performing. 😊",4,True
UgzlfLPSZojysRV0lwl4AaABAg.A0A-yol7jTmA7jkRnR1RkO,comment,DHRxnTPrzOQ,UgzlfLPSZojysRV0lwl4AaABAg,True,@ateiviz,"@BT54-40 thanks mate, I've almost clocked up 20k km on it. Drives like a dream, the software updates keep coming to improve initial annoyances and the next one will bring route planning so excited for that. I'm super happy with it.",2,True
UgzlfLPSZojysRV0lwl4AaABAg.A0A-yol7jTmA7jmphqEFBA,comment,DHRxnTPrzOQ,UgzlfLPSZojysRV0lwl4AaABAg,True,@BT54-40,"@ateiviz now that is the start of a great review from a new car owner , I do believe that you are excited about it and not trying to compare it to other brands . Isn't it great to walk into the garage and feel excited about your next drive 😀.",2,True
UgzlfLPSZojysRV0lwl4AaABAg.A0A-yol7jTmACoEtcwSJgf,comment,DHRxnTPrzOQ,UgzlfLPSZojysRV0lwl4AaABAg,True,@snorky222222,"I'm sure the well treated  ""employees"" in china appreciate your review - not to mind the cobalt min(or)s in the Congo. The world thanks u for ur ethical choice.",0,True
UgzlfLPSZojysRV0lwl4AaABAg.A0A-yol7jTmAFEpU7-I3Sp,comment,DHRxnTPrzOQ,UgzlfLPSZojysRV0lwl4AaABAg,True,@bobsmith3983,@snorky222222 BYD cars don't use cobalt. The batteries use LiFePO4 (Lithium Iron Phosphate or LFP) technology which is orders of magnitude safer than the batteries that contain Cobalt. Even Teslas have LFP batteries now.,4,True
UgzlfLPSZojysRV0lwl4AaABAg.A0A-yol7jTmAFIQJWk3UjG,comment,DHRxnTPrzOQ,UgzlfLPSZojysRV0lwl4AaABAg,True,@Cascascap,​​@snorky222222I'm sure the children that harvested the coco for all the chocolate you ever ate also appreciate the way you lead your life,3,True
UgzlfLPSZojysRV0lwl4AaABAg.A0A-yol7jTmAFIV6T7xw5v,comment,DHRxnTPrzOQ,UgzlfLPSZojysRV0lwl4AaABAg,True,@snorky222222,@Cascascap  I hate chocolate,0,True
UgzlfLPSZojysRV0lwl4AaABAg.A0A-yol7jTmAFKmhNjWvDY,comment,DHRxnTPrzOQ,UgzlfLPSZojysRV0lwl4AaABAg,True,@Cascascap,@snorky222222 Good boy,0,True
UgzlfLPSZojysRV0lwl4AaABAg.A0A-yol7jTmAFKrx6ftpxT,comment,DHRxnTPrzOQ,UgzlfLPSZojysRV0lwl4AaABAg,True,@snorky222222,@Cascascap  keep that sussy talk between you and your partner/🐶,0,True
UgzlfLPSZojysRV0lwl4AaABAg.A0A-yol7jTmAFrgUQNwfTh,comment,DHRxnTPrzOQ,UgzlfLPSZojysRV0lwl4AaABAg,True,@snorky222222,@Cascascap  that's what your mother told me.,0,True
UgzlfLPSZojysRV0lwl4AaABAg.A0A-yol7jTmAFrhVehlinD,comment,DHRxnTPrzOQ,UgzlfLPSZojysRV0lwl4AaABAg,True,@Cascascap,​@snorky222222I lived in your head for two weeks or did you just forget you already replied? 😂,1,True
UgzlfLPSZojysRV0lwl4AaABAg.A0A-yol7jTmAFrlibaPkD6,comment,DHRxnTPrzOQ,UgzlfLPSZojysRV0lwl4AaABAg,True,@snorky222222,"@Cascascap I'm simply asking you to take a break from your ""good boy"", call your sl@g mum and ask her to kindly go home to her odd son. Ok?",0,True
UgzlfLPSZojysRV0lwl4AaABAg.A0A-yol7jTmANlV4XucnZr,comment,DHRxnTPrzOQ,UgzlfLPSZojysRV0lwl4AaABAg,True,@cjhandly6159,"""Someone driving should be looking at the road"""" uh yeah, but some of us have corners of our eyes and can see out of them and thats annoying when something is constantly jumping around in the corner of your eye, plus you have to check your speed while driving so will always be looking at the cluster on drives.",0,True
UgzlfLPSZojysRV0lwl4AaABAg.A0A-yol7jTmAW6ahBSaCO-,comment,DHRxnTPrzOQ,UgzlfLPSZojysRV0lwl4AaABAg,True,@spectre2381,Do you still have it?,0,True
UgxICdj4jRKQD2VsOJp4AaABAg,comment,DHRxnTPrzOQ,,False,@rtfazeberdee3519,Just a shame its not  hatchback. There is always so much whining about back seats in online car reviews.  how often do you see a 6 footer (or even an adult) sitting in the back?,1,True
Ugwvcgibt_Rvld4N4hx4AaABAg,comment,DHRxnTPrzOQ,,False,@alanrutland4424,Obviously the Chinese don’t think Tesla is better  as BYD sold more ……😊. Perhaps they are really cheap in China though. Was surprised to see the price differential in UK between Tesla and BYD. Suspect Tesla can increase their prices now 😅,5,True
Ugx_WssVLF5vKvlQljR4AaABAg,comment,DHRxnTPrzOQ,,False,@maksmaksowski8408,"I will never buy a Chinese brand if I Have a choice

Don't support autocracy and dictatorship",2,True
Ugx_WssVLF5vKvlQljR4AaABAg.A09vMpDCynHA0A4CCtFv8P,comment,DHRxnTPrzOQ,Ugx_WssVLF5vKvlQljR4AaABAg,True,@maksmaksowski8408,@ChrisSchofield99 nope. Google Pixel,1,True
Ugx_WssVLF5vKvlQljR4AaABAg.A09vMpDCynHA0AhDW71pXp,comment,DHRxnTPrzOQ,Ugx_WssVLF5vKvlQljR4AaABAg,True,@tiborurban7615,@maksmaksowski8408 With BYD battery,0,True
Ugx_WssVLF5vKvlQljR4AaABAg.A09vMpDCynHA0AkhRPX6Kp,comment,DHRxnTPrzOQ,Ugx_WssVLF5vKvlQljR4AaABAg,True,@kckfen,"Frankly their goverment is more effective is solving people problems, than most Western governent that is driven by popular decisions than real right decisions...or only look after the elites,  look at EU now..",0,True
Ugx_WssVLF5vKvlQljR4AaABAg.A09vMpDCynHA0CFBDpMo3L,comment,DHRxnTPrzOQ,Ugx_WssVLF5vKvlQljR4AaABAg,True,@ensteffo,China is more democratic than your country.,0,True
Ugx_WssVLF5vKvlQljR4AaABAg.A09vMpDCynHA1DivraLVCz,comment,DHRxnTPrzOQ,Ugx_WssVLF5vKvlQljR4AaABAg,True,@mario-qq7bq,@maksmaksowski8408made in china,0,True
Ugx_WssVLF5vKvlQljR4AaABAg.A09vMpDCynHA1SYSSUbuFx,comment,DHRxnTPrzOQ,Ugx_WssVLF5vKvlQljR4AaABAg,True,@alcoyne3333333333333,😂😂😂😂,0,True
Ugx_WssVLF5vKvlQljR4AaABAg.A09vMpDCynHA1SYVlEMkFu,comment,DHRxnTPrzOQ,Ugx_WssVLF5vKvlQljR4AaABAg,True,@alcoyne3333333333333,​@maksmaksowski8408  made in China too 😂😂😂,0,True
Ugx_WssVLF5vKvlQljR4AaABAg.A09vMpDCynHA2gzQIAItho,comment,DHRxnTPrzOQ,Ugx_WssVLF5vKvlQljR4AaABAg,True,@alanhowemusic2457,"I notice your windows are steaming up whilst your driving, is that down to the fact that you have switched of the air con for better range from the traction battery?",0,True
Ugx_WssVLF5vKvlQljR4AaABAg.A09vMpDCynHA2gz_BxKlop,comment,DHRxnTPrzOQ,Ugx_WssVLF5vKvlQljR4AaABAg,True,@alanhowemusic2457,"£45k to £48k with a big depreciation, no thank you.",0,True
Ugx_WssVLF5vKvlQljR4AaABAg.A09vMpDCynHA2hQiI0bpZa,comment,DHRxnTPrzOQ,Ugx_WssVLF5vKvlQljR4AaABAg,True,@maksmaksowski8408,@alcoyne3333333333333 but still a western brand,0,True
UgzfhsqcpGQm5o1K5mt4AaABAg,comment,DHRxnTPrzOQ,,False,@johnmull59,"I'd hazard a guess that most drivers who get cars with 'tons' of equipment don't use it.... Let's hope the new Renault 5, which looks about the coolest EV so far is a sensible price with fewer unnecessary gimmicks.",1,True
UgzInw8xd5egpjX12_h4AaABAg,comment,DHRxnTPrzOQ,,False,@ciybersal3499,It's much better than Tesla you Tesla shareholder,64,True
UgzInw8xd5egpjX12_h4AaABAg.A09sWYjhGi7A347J80pU2b,comment,DHRxnTPrzOQ,UgzInw8xd5egpjX12_h4AaABAg,True,@juliozandamela,Yeah! I agree with you,0,True
Ugz9gjLQHzZ9D7QziCV4AaABAg,comment,DHRxnTPrzOQ,,False,@AL-ib3lu,"""feelsome"" did you really try to get that one through?",1,True
Ugw9skaXwZ3H2gIUN-V4AaABAg,comment,DHRxnTPrzOQ,,False,@yggdrasil9039,"Actually a dial would be better, like on the older EVs, the old Leafs and Ioniqs I believe, as that helps conserve energy and moderate your usage. Very helpful if you are running low on battery.",1,True
Ugw9skaXwZ3H2gIUN-V4AaABAg.A09r9Sk-rTBAEdqx3EHuws,comment,DHRxnTPrzOQ,Ugw9skaXwZ3H2gIUN-V4AaABAg,True,@robertThomas-w5y,go buy a leaf then I'm sure you will be happy with winter range of 50 miles at best LOL. things like that you learn quite quickly it becomes a known to the driver.,0,True
Ugw236Kt5TFXSrj8s1F4AaABAg,comment,DHRxnTPrzOQ,,False,@rabit818,"Just realized if you live where it rains a lot, your wiper uses electricity, another planning task",2,True
Ugx-dTC3S1iUQj8qQLF4AaABAg,comment,DHRxnTPrzOQ,,False,@royed31,Should have made it hatchback . Saloons are useless,1,True
UgxrCF_PtJvHFATdHuV4AaABAg,comment,DHRxnTPrzOQ,,False,@dennishough2654,You really shouldn't be messing with the infotainment when driving??,1,True
Ugz3pWobBTO-iE-JsKh4AaABAg,comment,DHRxnTPrzOQ,,False,@yggdrasil9039,"Wow so expensive in the UK. This car is very popular in Australia, but it's about half the price of the UK price!",18,True
Ugz3pWobBTO-iE-JsKh4AaABAg.A09n8IPLrcfA09oEz9nsqj,comment,DHRxnTPrzOQ,Ugz3pWobBTO-iE-JsKh4AaABAg,True,@pallettowngangster9297,Yep. I’m fully expecting the price to come down significantly over the next 12 months or so.,7,True
Ugz3pWobBTO-iE-JsKh4AaABAg.A09n8IPLrcfA0APNr9byn3,comment,DHRxnTPrzOQ,Ugz3pWobBTO-iE-JsKh4AaABAg,True,@TB-up4xi,"It's not 1/2 the price... the $51k Aus version is not the same base version as the UK - their base is our Premium ($59k). Australia also has no import tariff (UK=10%) a lower GST / VAT (10% Aus v 20% UK) , 1/2 the shipping costs (East coast Aus v Grimsby UK), a direct selling model (dealer model in the UK they need to recoup dealer margins).",5,True
Ugz3pWobBTO-iE-JsKh4AaABAg.A09n8IPLrcfA0D4SEFiGfd,comment,DHRxnTPrzOQ,Ugz3pWobBTO-iE-JsKh4AaABAg,True,@koolstup,Asian cars have always been cheaper in Australia as it's closer to ship then!,3,True
Ugz3pWobBTO-iE-JsKh4AaABAg.A09n8IPLrcfA0TeyJ_rSze,comment,DHRxnTPrzOQ,Ugz3pWobBTO-iE-JsKh4AaABAg,True,@DeeepXXX,​@koolstupI think it's because of RCEP free trade agreement,4,True
Ugz3pWobBTO-iE-JsKh4AaABAg.A09n8IPLrcfA0UaEMXsvAk,comment,DHRxnTPrzOQ,Ugz3pWobBTO-iE-JsKh4AaABAg,True,@karycooper1,"In China it’s like 26000usd
But because of anti dumping byd has to raise price",4,True
Ugz3pWobBTO-iE-JsKh4AaABAg.A09n8IPLrcfA1d_bth7bI0,comment,DHRxnTPrzOQ,Ugz3pWobBTO-iE-JsKh4AaABAg,True,@anomad6314,@pallettowngangster9297 don't think it's coming down... it's priced competitively already and it's a great car,0,True
Ugz3pWobBTO-iE-JsKh4AaABAg.A09n8IPLrcfA1s2Jx8FWAv,comment,DHRxnTPrzOQ,Ugz3pWobBTO-iE-JsKh4AaABAg,True,@davout5775,It is much closer and the EU puts tariffs to combat the aggressive Chinese subsidies,1,True
UgxZQWPCNE_9eK3L15F4AaABAg,comment,DHRxnTPrzOQ,,False,@Joe-ud2hb,"Agree with you totally bout the consumption figure on the screen - far better just to have range up there than lower down in smaller display.
It's some car to drive tho & soooo quiet",5,True
UgxZQWPCNE_9eK3L15F4AaABAg.A09n4SmTI5KA09q4-kG2Sx,comment,DHRxnTPrzOQ,UgxZQWPCNE_9eK3L15F4AaABAg,True,@iantelinside,"I think it's nice to have both, but I personally use the consumption figure more in my daily drives. The calculated range is very much an estimate which many folks never get to hit",1,True
UgxZQWPCNE_9eK3L15F4AaABAg.A09n4SmTI5KA09vgsshRap,comment,DHRxnTPrzOQ,UgxZQWPCNE_9eK3L15F4AaABAg,True,@aerox69x,"@iantelinsideI agree, I rarely look at the range figure when driving, it’s interesting to see but no real use after you’ve had the car a while",1,True
UgwMDSVQgsvmojNrBqd4AaABAg,comment,DHRxnTPrzOQ,,False,@Andydwyer99,Shortcut button on steering wheel to adjust fan speed and temperature.,23,True
UgyUy9BFpfrFa8uVWrB4AaABAg,comment,DHRxnTPrzOQ,,False,@dyemanoz,"One thing I've read about the Seal is that changes you make to the car's infotainment settings may not be remembered, so you need to make the changes every time you start a new drive:
https://www.youtube.com/watch?v=OuqPukRSSNs&t=232s&ab_channel=LudicrousFeed",0,True
UgxmTqETotodA3le0ht4AaABAg,comment,DHRxnTPrzOQ,,False,@shaqisumari304,Well Tesla battery is by Byd though,1,True
UgxmTqETotodA3le0ht4AaABAg.A09jEHdmwKvA0AOK04am_N,comment,DHRxnTPrzOQ,UgxmTqETotodA3le0ht4AaABAg,True,@TB-up4xi,"No it's not, Telsa only use a BYD blade battery in the Model Y RWD made in Berlin. All model 3's use batteries supplied by CATL.",0,True
UgxmTqETotodA3le0ht4AaABAg.A09jEHdmwKvA0CKEBY21rv,comment,DHRxnTPrzOQ,UgxmTqETotodA3le0ht4AaABAg,True,@hermanstokbrood,@TB-up4xiThat's too bad for Tesla I guess.,0,True
UgzjzsjE-5H-Pb3uuol4AaABAg,comment,DHRxnTPrzOQ,,False,@pip5461,"Looks like a rip-off of the Tesla ""Redwood""... does it have OTA updates? I still prefer the Tesla technology...!",1,True
UgyVT9zeXKWCiMCRVgl4AaABAg,comment,DHRxnTPrzOQ,,False,@SpankeyMcCheeks,"Would take the new Model 3 any day over a Seal. Build quality, materials, comfort, sound isolation, software, efficiency, looks (very subjective of course), performance, handling, charging speed and service are all better with Tesla. Love to see more EVs on the road, of course.",1,True
UgyVT9zeXKWCiMCRVgl4AaABAg.A09eMZ641bPA0CCN5MPvxx,comment,DHRxnTPrzOQ,UgyVT9zeXKWCiMCRVgl4AaABAg,True,@UgglemannenFTW,"The sound isolation is still better on the seal than on the new highland. The panoramic roof handles heat alot better in the seal. It got a more comfort ride. So both cars are good a
tt different things. Tesla isnt better at everything.",0,True
UgyVT9zeXKWCiMCRVgl4AaABAg.A09eMZ641bPA0e0Q2dRt57,comment,DHRxnTPrzOQ,UgyVT9zeXKWCiMCRVgl4AaABAg,True,@crazygambler920,@spankeyMcCheeks Build quality on a Tesla?  What?!  Do you own a Tesla?  I have 2 Model Ys and both interior cabins are terrible.. it creaks - LOL!   I give Tesla the lead on technology and Charging.,1,True
UgwZT1NLs6O-RqKTsIh4AaABAg,comment,DHRxnTPrzOQ,,False,@TareqMahbub,"The camera captured the beauty of the car 😍
This guy is obviously biased against BYD or China. Or maybe he is a Tesla share holder .  With an MG umbrella, he was very attentive and took every opportunity in mentioning some made up reasons to prove how Tesla and competitors are better. 
But took no effort in mentioning where this car is better.",111,True
UgwZT1NLs6O-RqKTsIh4AaABAg.A09eBJ1vWGDA1s2_K2Ab2p,comment,DHRxnTPrzOQ,UgwZT1NLs6O-RqKTsIh4AaABAg,True,@davout5775,Because there are not a lot of areas where it is better than TM3,2,True
UgwZT1NLs6O-RqKTsIh4AaABAg.A09eBJ1vWGDA2uEqxTMoFI,comment,DHRxnTPrzOQ,UgwZT1NLs6O-RqKTsIh4AaABAg,True,@magnusborneo6264,"A biased review, clearly not a worthy watch review. There are many more credible reviewers out there",6,True
UgwZT1NLs6O-RqKTsIh4AaABAg.A09eBJ1vWGDA2uOdvxjjvf,comment,DHRxnTPrzOQ,UgwZT1NLs6O-RqKTsIh4AaABAg,True,@davout5775,@magnusborneo6264 Clearly you consider only the reviews that say the BYD is better. Thankfully there is not a single review where the final conclusion is that the Seal is better than the new Model 3,1,True
UgwZT1NLs6O-RqKTsIh4AaABAg.A09eBJ1vWGDA345bchZ5ll,comment,DHRxnTPrzOQ,UgwZT1NLs6O-RqKTsIh4AaABAg,True,@juliozandamela,"You are right, i just watched a review were the guy pointed out alot of things that's are better than Tesla model 3",1,True
UgwZT1NLs6O-RqKTsIh4AaABAg.A09eBJ1vWGDA4wOEbQgeH5,comment,DHRxnTPrzOQ,UgwZT1NLs6O-RqKTsIh4AaABAg,True,@kevinkusuma9002,@davout5775 no one cares about your TM3 . cry more,0,True
UgwZT1NLs6O-RqKTsIh4AaABAg.A09eBJ1vWGDABkk378J1t-,comment,DHRxnTPrzOQ,UgwZT1NLs6O-RqKTsIh4AaABAg,True,@BIGTEX888-hh9ot,Obvious a Tesla shareholder….,0,True
UgwZT1NLs6O-RqKTsIh4AaABAg.A09eBJ1vWGDAFErG6GbHY-,comment,DHRxnTPrzOQ,UgwZT1NLs6O-RqKTsIh4AaABAg,True,@bobsmith3983,@BIGTEX888-hh9ot Sucks to be him as Tesla stock is down 40% from its peak in Dec 2024.,0,True
UgzvgyfqmleLd-4nXv14AaABAg,comment,DHRxnTPrzOQ,,False,@camilstoenescu,Tesla Model 3 killer? Or not really.,3,True
UgzvgyfqmleLd-4nXv14AaABAg.A09boe0WKroA0xlKhT8WWn,comment,DHRxnTPrzOQ,UgzvgyfqmleLd-4nXv14AaABAg,True,@honesty_-no9he,Seal is a much nicer car. All this guy does is moan and BS.,1,True
UgxeSC2wALgl9syqKgN4AaABAg,comment,DHRxnTPrzOQ,,False,@SWR112,"Not starting at £45k. What is this in China £23k. Oh what we would give to have prices like that. Looks a really nice Car watched a good few reviews. What BYD will do is learn and evolve quicker than any European marks, they will improve at speed. A one year old low miles Car second hand for £30k will be a better option.  Six year Warranty over the usual European three years is a huge plus.

I think people forget some of the first Tesla model 3 press Cars had parts fall off, thinks break and panel gaps a tractor manufacturer would be proud off. BYD are just finding their feet.",3,True
UgxeSC2wALgl9syqKgN4AaABAg.A09ZMp6srQkA0FUyDVFK04,comment,DHRxnTPrzOQ,UgxeSC2wALgl9syqKgN4AaABAg,True,@PJ21212,"They still have, build quality of a Russian Lada.",0,True
Ugz483W9PBYzOr0e86p4AaABAg,comment,DHRxnTPrzOQ,,False,@DougHolmes,"So, about the name... If Tesla had released the Tesla Seal, people would be ooh-ing and ahh-ing about how clever it is. Anyone does it - it's a silly name, pick a random set of letters and numbers next time. About the price, how much would a Model 3 be if specced up to be as similar as possible (lets say you choose a paint colour other than white)",183,True
Ugz483W9PBYzOr0e86p4AaABAg.A09YvPYbbk2A09cbpuNsre,comment,DHRxnTPrzOQ,Ugz483W9PBYzOr0e86p4AaABAg,True,@presterjohn71,Literally no one would be doing that.,3,True
Ugz483W9PBYzOr0e86p4AaABAg.A09YvPYbbk2A0ApheigC9g,comment,DHRxnTPrzOQ,Ugz483W9PBYzOr0e86p4AaABAg,True,@DougHolmes,​@presterjohn71They added farts and people went nuts. Of course they'd think that Seal was a great name - if Elon did it.,40,True
Ugz483W9PBYzOr0e86p4AaABAg.A09YvPYbbk2A0DajVjU7ln,comment,DHRxnTPrzOQ,Ugz483W9PBYzOr0e86p4AaABAg,True,@LittleBoobsLover,"yeah that name issue of this youtuber was... weird. It s simply name. Maybe for english people might be 'meh, but for international customers is ok. To be honest ABCD class or id3/4 -mg4, Tesla X means nothing , feel empty. The idea of giving normal names of animal was interesting, refreshing.",8,True
Ugz483W9PBYzOr0e86p4AaABAg.A09YvPYbbk2A0GHIFLDc8O,comment,DHRxnTPrzOQ,Ugz483W9PBYzOr0e86p4AaABAg,True,@kman_34,If if if,1,True
Ugz483W9PBYzOr0e86p4AaABAg.A09YvPYbbk2A0q3ip3n45b,comment,DHRxnTPrzOQ,Ugz483W9PBYzOr0e86p4AaABAg,True,@dudulamkoto,He's just a petty reviewer. Clearly a Tesla fan. How did he explain the Seal's boot release button? Petty much!,4,True
Ugz483W9PBYzOr0e86p4AaABAg.A09YvPYbbk2A1s15wCWwEv,comment,DHRxnTPrzOQ,Ugz483W9PBYzOr0e86p4AaABAg,True,@davout5775,Tesla already offers more and it is cheaper in Europe,2,True
Ugz483W9PBYzOr0e86p4AaABAg.A09YvPYbbk2A35rCJjy8uo,comment,DHRxnTPrzOQ,Ugz483W9PBYzOr0e86p4AaABAg,True,@dudulamkoto,@davout5775 🤣🤣🤣 more? More what exactly? They literally don't have a gear selector and indicator stalks.,2,True
Ugz483W9PBYzOr0e86p4AaABAg.A09YvPYbbk2A35t_7jrHm8,comment,DHRxnTPrzOQ,Ugz483W9PBYzOr0e86p4AaABAg,True,@davout5775,@dudulamkoto They do they gear selectors on the touchscreen and capacitive buttons. There are indicator buttons on the wheel. So they offer that as well. You are yet to give me an example,0,True
Ugz483W9PBYzOr0e86p4AaABAg.A09YvPYbbk2A36Cy2rvX0y,comment,DHRxnTPrzOQ,Ugz483W9PBYzOr0e86p4AaABAg,True,@dudulamkoto,@davout5775 the dumbest idea any carmaker can come up with. Such a terrible idea to have indicators on a steering wheel. Won't work in my country. But of course tesla fanboys will love everything tesla does. You'd be making hyena noises had byd been the one doing such nonsense,3,True
Ugz483W9PBYzOr0e86p4AaABAg.A09YvPYbbk2A37uLxiU-qf,comment,DHRxnTPrzOQ,Ugz483W9PBYzOr0e86p4AaABAg,True,@davout5775,"@dudulamkoto Nope, I actually like the idea. As minimalist as possible. It is a far better engineering solution and a cheaper one as well. People who can't drive would obviously have problems with it but that's not my problem really.",0,True
Ugz483W9PBYzOr0e86p4AaABAg.A09YvPYbbk2A387umkgfSr,comment,DHRxnTPrzOQ,Ugz483W9PBYzOr0e86p4AaABAg,True,@dudulamkoto,@davout5775 you obviously live in a place with little to no roundabouts. This wouldn't work in my country.,1,True
Ugz483W9PBYzOr0e86p4AaABAg.A09YvPYbbk2A38l1jDLjmx,comment,DHRxnTPrzOQ,Ugz483W9PBYzOr0e86p4AaABAg,True,@davout5775,@dudulamkoto The roundabout are made so you are not supposed to have even half revolution on your steer.,0,True
Ugz483W9PBYzOr0e86p4AaABAg.A09YvPYbbk2A4QA2vAkEv0,comment,DHRxnTPrzOQ,Ugz483W9PBYzOr0e86p4AaABAg,True,@Colt16v,@dudulamkoto Maybe because Tesla and a lot of other competitors got hands free boot opening?,0,True
Ugz483W9PBYzOr0e86p4AaABAg.A09YvPYbbk2A5fTPRKjGPH,comment,DHRxnTPrzOQ,Ugz483W9PBYzOr0e86p4AaABAg,True,@goukenslay7555,Think about the Seal U cause there are cases of it actually Sealing U inside😂,0,True
Ugz483W9PBYzOr0e86p4AaABAg.A09YvPYbbk2AAbrNAgM0X5,comment,DHRxnTPrzOQ,Ugz483W9PBYzOr0e86p4AaABAg,True,@coolskool1.061,I like the name Seal,1,True
Ugz483W9PBYzOr0e86p4AaABAg.A09YvPYbbk2AFEq3jEPfwP,comment,DHRxnTPrzOQ,Ugz483W9PBYzOr0e86p4AaABAg,True,@bobsmith3983,@davout5775 Keep on coping.,1,True
Ugz483W9PBYzOr0e86p4AaABAg.A09YvPYbbk2AFGKbKcrq1w,comment,DHRxnTPrzOQ,Ugz483W9PBYzOr0e86p4AaABAg,True,@davout5775,"@ Not a valid argument. If that's the only think you can say, it is most definitely not me who is coping here.",0,True
Ugz483W9PBYzOr0e86p4AaABAg.A09YvPYbbk2ASbStYyJBCH,comment,DHRxnTPrzOQ,Ugz483W9PBYzOr0e86p4AaABAg,True,@NickTheOne246,​@coolskool1.061aame,0,True
Ugz483W9PBYzOr0e86p4AaABAg.A09YvPYbbk2AU_OQnewbaj,comment,DHRxnTPrzOQ,Ugz483W9PBYzOr0e86p4AaABAg,True,@doostar6875,😂😂😂shocking.,0,True
Ugwej0gSiSVZpw6Z7FN4AaABAg,comment,DHRxnTPrzOQ,,False,@anemeth9281,MG umbrella in a BYD test? You are funny Doug... 😂,7,True
UgykVRO-d0Eg9wga7tx4AaABAg,comment,DHRxnTPrzOQ,,False,@anemeth9281,"BYD European factory will be built in Szeged, Hungary",68,True
UgykVRO-d0Eg9wga7tx4AaABAg.A09X4Uq8v4CA0DapJH18gb,comment,DHRxnTPrzOQ,UgykVRO-d0Eg9wga7tx4AaABAg,True,@LittleBoobsLover,any news are they going to sell cars in Poland?,1,True
UgykVRO-d0Eg9wga7tx4AaABAg.A09X4Uq8v4CA1dITtocfJx,comment,DHRxnTPrzOQ,UgykVRO-d0Eg9wga7tx4AaABAg,True,@Anderus14,"​​@LittleBoobsLoverhalf of this year, most likely August",0,True
UgykVRO-d0Eg9wga7tx4AaABAg.A09X4Uq8v4CAO7q26PCpUn,comment,DHRxnTPrzOQ,UgykVRO-d0Eg9wga7tx4AaABAg,True,@xepinephrine4743,Hungary has a pragmatic head instead of a politicized one,0,True
Ugz6is0Oa1A1UQ4E0oJ4AaABAg,comment,DHRxnTPrzOQ,,False,@Mobile_Dom,"the problem with the two versions of the SEal is that whilst most people should just buy the base model, when the top spec model is only 3 grand more, on a lease you're not really going to notice the difference",11,True
Ugz6is0Oa1A1UQ4E0oJ4AaABAg.A09Wy7idY0WA0I3FPqg7x5,comment,DHRxnTPrzOQ,Ugz6is0Oa1A1UQ4E0oJ4AaABAg,True,@DBGE001,"The top spec Seal is the one to get, you get real soft Napa leather seats and an amazing torque vectoring system that seems to defy the laws of physics (and is a top notch active safety aspect also). The 500 hp is not to shabby also.",3,True
Ugz6is0Oa1A1UQ4E0oJ4AaABAg.A09Wy7idY0WAEdotV_zSAC,comment,DHRxnTPrzOQ,Ugz6is0Oa1A1UQ4E0oJ4AaABAg,True,@robertThomas-w5y,"Correct the Excellence is the one I have ordered based on test drives of both and tesla model 3 and Y were both not good enough in my opinion whilst we mention Y model the apps screen in that  car had the MPH in top right hand corner so my left hand was obscuring it so that's the same as review saying about BYD seal. of course the tesla's 3 & Y to my knowledge don't have an HUD the 3 may have been improved since my test drive but it wasn't much to brag about then the Y was better I drove it at weekend but still lacking.
the only one Tesla I have driven that was a match to BYD was the Model S the price of that was way out of most peoples orbit.",1,True
UgxANSzQlvv9_zc2xGJ4AaABAg,comment,DHRxnTPrzOQ,,False,@Mico43210,"But, but, but...thanks for review but it felted a little nitpicking...I've been in both this and TM3 highland and for me this feels lot more premium. Tesla has supercharging network, but very many other things is better in seal than in TM3. Anyway, competition is good for customers 👍",152,True
UgxANSzQlvv9_zc2xGJ4AaABAg.A09WqmqwqvIA0DMcb35p6I,comment,DHRxnTPrzOQ,UgxANSzQlvv9_zc2xGJ4AaABAg,True,@wolfgangpreier9160,"I see it the other way. BYD feels cheap. I know it is not cheap, costs +/- about the same, but i would only take it into account if they sell white seats, a working Software and App, working heatpump and lower their prices.",0,True
UgxANSzQlvv9_zc2xGJ4AaABAg.A09WqmqwqvIA0DPPHRIyNf,comment,DHRxnTPrzOQ,UgxANSzQlvv9_zc2xGJ4AaABAg,True,@Mico43210,"So I believe you have drove both if you can say BYD feels cheap? White seats, sorry what? Working heatpump? What's wrong with app. I have droved many teslas and software is good, but other softwares can be good too, different but good. It's same with phones that some say IOS is best when others say android. Here's one from me, Seal is way better looking inside and out than TM3!! If you think otherwise, you are wrong.",4,True
UgxANSzQlvv9_zc2xGJ4AaABAg.A09WqmqwqvIA0DQXsi-cQY,comment,DHRxnTPrzOQ,UgxANSzQlvv9_zc2xGJ4AaABAg,True,@wolfgangpreier9160,"@Mico43210 ""but other softwares can be good too"" Yes they can. BYD is not one of them. And that is objectoively the case. 

I could point out every single point where BYD Software is worse than Tesla, Nio, even VW in most parts.

The material inside feels cheap. It smells like cheap plastic. Teslas do not smell in any way.

IOS or Android is roughly the same. I prefer IOS because it has advantages for my company vs Android - which i have to maintain and install for my customers so i know both well.

BYD Software is about as far as Tesla's Software was in 2012.

I don't really care for looks, but still Model 3 looks much better without stalks. It's a clean and efficient workspace. 

Again i do not care for the outside looks. Wifey says she prefers Model 3 - so a Model 3 it is.

No i am not wrong. And you are not wrong too.

That is my opinion. If you have a different one that is perfectly ok.",2,True
UgxANSzQlvv9_zc2xGJ4AaABAg.A09WqmqwqvIA0DR9me-VkV,comment,DHRxnTPrzOQ,UgxANSzQlvv9_zc2xGJ4AaABAg,True,@Mico43210,​@wolfgangpreier9160 how lucky we are there is a car for everybody 👍 What was problem with heatpump and app?,1,True
UgxANSzQlvv9_zc2xGJ4AaABAg.A09WqmqwqvIA0EbB6qzznc,comment,DHRxnTPrzOQ,UgxANSzQlvv9_zc2xGJ4AaABAg,True,@Mico43210,"@Crusde I was only talking about cars, not politics. That topic is endless so I don't comment about it more here. Btw, could you tell me a car brand from Europe without any Chinese parts?",1,True
UgxANSzQlvv9_zc2xGJ4AaABAg.A09WqmqwqvIA0EdXaaHgLs,comment,DHRxnTPrzOQ,UgxANSzQlvv9_zc2xGJ4AaABAg,True,@wolfgangpreier9160,"@Crusde I choose none of both. I choose the safest most reliable and most cost effective and efficient vehicle for my use.

I buy neither from Elon nor from Xi. And i most certainly do not let my buying decisions be governed by some FUDster on facebook.",1,True
UgxANSzQlvv9_zc2xGJ4AaABAg.A09WqmqwqvIA0EhaRf-74X,comment,DHRxnTPrzOQ,UgxANSzQlvv9_zc2xGJ4AaABAg,True,@Mico43210,@wolfgangpreier9160 What is the problem with Seals app and heatpump?,0,True
UgxANSzQlvv9_zc2xGJ4AaABAg.A09WqmqwqvIA0T-bDD9jiF,comment,DHRxnTPrzOQ,UgxANSzQlvv9_zc2xGJ4AaABAg,True,@parishsirius,"​@Crusdethis entire ""minimalist "" is just laziness",2,True
UgxANSzQlvv9_zc2xGJ4AaABAg.A09WqmqwqvIA0XrvJ9ALeE,comment,DHRxnTPrzOQ,UgxANSzQlvv9_zc2xGJ4AaABAg,True,@natepolitics1490,@parishsirius  exactly,0,True
UgxANSzQlvv9_zc2xGJ4AaABAg.A09WqmqwqvIA0yIw2XVKTT,comment,DHRxnTPrzOQ,UgxANSzQlvv9_zc2xGJ4AaABAg,True,@andreasl4507,Nothing is better than a Tesla.,1,True
UgxANSzQlvv9_zc2xGJ4AaABAg.A09WqmqwqvIA0ySvmqGpWE,comment,DHRxnTPrzOQ,UgxANSzQlvv9_zc2xGJ4AaABAg,True,@Mico43210,@andreasl4507 well said,0,True
UgxANSzQlvv9_zc2xGJ4AaABAg.A09WqmqwqvIA1SXYD5U6MC,comment,DHRxnTPrzOQ,UgxANSzQlvv9_zc2xGJ4AaABAg,True,@alcoyne3333333333333,Very nitpicking 😢😢😢,0,True
UgxANSzQlvv9_zc2xGJ4AaABAg.A09WqmqwqvIA1s10MZWQUl,comment,DHRxnTPrzOQ,UgxANSzQlvv9_zc2xGJ4AaABAg,True,@davout5775,"I'm curious to know what are these ""very many things""",0,True
UgxANSzQlvv9_zc2xGJ4AaABAg.A09WqmqwqvIA1sRQfiNX-b,comment,DHRxnTPrzOQ,UgxANSzQlvv9_zc2xGJ4AaABAg,True,@Mico43210,"@davout5775 

I try

-Hud
-Instrument panel
-V2L
-You can charge it to 100% everytime
-Drives better (Someone might say otherwise, but I and Autogefühl Thomas thinks it do)
-Looks better inside and out
-Big one piece glass roof, without big bar in the middle of it
-Android auto & Apple carplay

I'm sure I forgetted something but here something for starters.",0,True
UgxANSzQlvv9_zc2xGJ4AaABAg.A09WqmqwqvIA1sezO1LQqe,comment,DHRxnTPrzOQ,UgxANSzQlvv9_zc2xGJ4AaABAg,True,@Mico43210,"​@davout5775

I try

-Hud 
-Instrument panel 
-V2L 
-You can charge it to 100% everytime 
-Drives better (Someone might say otherwise, but I and Autogefühl Thomas thinks it do) 
-Looks better inside and out 
-Big one piece glass roof, without big bar in the middle of it 
-Android auto & Apple carplay 

I'm sure I forgetted something but here something for starters.",0,True
UgxANSzQlvv9_zc2xGJ4AaABAg.A09WqmqwqvIA1sf7wLM8CF,comment,DHRxnTPrzOQ,UgxANSzQlvv9_zc2xGJ4AaABAg,True,@Mico43210,"​@davout5775

I try

-Hud 
-Instrument panel 
-V2L 
-You can charge it to 100% everytime 
-Drives better (Someone might say otherwise, but I and Autogefühl Thomas thinks it do) 
-Looks better inside and out 
-Big one piece glass roof, without big bar in the middle of it 
-Android auto & Apple carplay 

I'm sure I forgetted something but here something for starters.",0,True
UgxANSzQlvv9_zc2xGJ4AaABAg.A09WqmqwqvIA1sfIYhuZAj,comment,DHRxnTPrzOQ,UgxANSzQlvv9_zc2xGJ4AaABAg,True,@Mico43210,"I try

-Hud 
-Instrument panel 
-V2L 
-You can charge it to 100% everytime 
-Drives better (Someone might say otherwise, but I and Autogefühl Thomas thinks it do) 
-Looks better inside and out 
-Big one piece glass roof, without big bar in the middle of it 
-Android auto & Apple carplay 

I'm sure I forgetted something but here something for starters.",0,True
UgxANSzQlvv9_zc2xGJ4AaABAg.A09WqmqwqvIA1tBvcGvUaz,comment,DHRxnTPrzOQ,UgxANSzQlvv9_zc2xGJ4AaABAg,True,@davout5775,"@Mico43210 Hud? V2L? That's the definition of nitpicking. Bro,  Big one piece glass roof, without big bar in the middle of it??? You have so nothing to say that you can probably start inventing words at this point. Looks is subjective and no, it doesn't ride better. Both companies have different philosophies. Tesla is not as bouncy but sharper, more direct and overall is more sophisticated. But if soft suspension is your thing, sure",0,True
UgxANSzQlvv9_zc2xGJ4AaABAg.A09WqmqwqvIA1tFgQIctph,comment,DHRxnTPrzOQ,UgxANSzQlvv9_zc2xGJ4AaABAg,True,@Mico43210,@davout5775 You like Tesla better and that's cool...have a nice day 👍,0,True
UgxANSzQlvv9_zc2xGJ4AaABAg.A09WqmqwqvIA1tRKdXLgZ7,comment,DHRxnTPrzOQ,UgxANSzQlvv9_zc2xGJ4AaABAg,True,@Mico43210,"@davout5775 how HUD is nitpicking lol?! I just don't get it why it feels that tesla is like religion to some people...If you are happy with it, isn't that great?? You have a great car FOR YOU, but it's not everyones dreamcar.",1,True
UgxANSzQlvv9_zc2xGJ4AaABAg.A09WqmqwqvIA3K8zBZWeF_,comment,DHRxnTPrzOQ,UgxANSzQlvv9_zc2xGJ4AaABAg,True,@rickysampson8759,@andreasl4507how is that cybertruck and layoffs,0,True
UgxANSzQlvv9_zc2xGJ4AaABAg.A09WqmqwqvIA4d6J0Tivbc,comment,DHRxnTPrzOQ,UgxANSzQlvv9_zc2xGJ4AaABAg,True,@wudumontana4673,@wolfgangpreier9160I’m Chinese and I don’t like byd. But zeeker is pretty good,0,True
UgxANSzQlvv9_zc2xGJ4AaABAg.A09WqmqwqvIA4dEdhF-SLq,comment,DHRxnTPrzOQ,UgxANSzQlvv9_zc2xGJ4AaABAg,True,@wolfgangpreier9160,"@wudumontana4673 Oh good might some of them very well be. 

Which one delivers the WHOLE package? 

Best of class safety. Best of class efficiency. Best of class cost of ownership. Best of class reliability. Best of class customer satisfaction. Best of class power to price ratio. Best of class Software. Best of class - actually the only one with future FSD. Best of class assistants. Best of class - actually the only one dog mode. Best of class remote app. Best of class alarm system, best of class heat pump. Best of class recuperation. Best of class usability. Only in class with white seats.

Best of class in nearly every aspect.


Matrix LED could be better, interior filter changing is a hassle, turning radius is sometimes too much, for summer at least ventilated seats would be nice.",0,True
UgxANSzQlvv9_zc2xGJ4AaABAg.A09WqmqwqvIA4duafYlr1y,comment,DHRxnTPrzOQ,UgxANSzQlvv9_zc2xGJ4AaABAg,True,@wudumontana4673,@wolfgangpreier9160 yes I have a Tesla model y. But you sound like  a bot no offense. I didn’t mention anything about Tesla. I simply compared two Chinese brands. What is wrong with you? …. Have a good day sir,0,True
UgxANSzQlvv9_zc2xGJ4AaABAg.A09WqmqwqvIA4eQy_0ZBm8,comment,DHRxnTPrzOQ,UgxANSzQlvv9_zc2xGJ4AaABAg,True,@wolfgangpreier9160,"@wudumontana4673 Never said anything about Tesla. That was you.

So, could you please tell me what is wrong with you?",1,True
UgxANSzQlvv9_zc2xGJ4AaABAg.A09WqmqwqvIA6q3Q_-BzlS,comment,DHRxnTPrzOQ,UgxANSzQlvv9_zc2xGJ4AaABAg,True,@dafyddthomas7299,@andreasl4507 Apart from a BYD it seems now.,0,True
UgxANSzQlvv9_zc2xGJ4AaABAg.A09WqmqwqvIALDrLtQfJpa,comment,DHRxnTPrzOQ,UgxANSzQlvv9_zc2xGJ4AaABAg,True,@10secondsrule,@andreasl4507baaaaaaaaa….,0,True
UgzUGAkOMFrkXdG57sB4AaABAg,comment,DHRxnTPrzOQ,,False,@jansenwilder1335,"I sat in the i4 driver seat, its too cramp for my taste..the Seal is way more comfortable in its interior. Go check on it  .",0,True
UgyRrPcQVjrZ4b5QQYJ4AaABAg,comment,DHRxnTPrzOQ,,False,@antwnpowell,"Supercharger network makes the difference for me, plus software integration.Also my TM3 long range RWD cost 40k € new, so cheaper and 620 km of range.",2,True
UgyRrPcQVjrZ4b5QQYJ4AaABAg.A09UBJU1JFjAEdtSHv4brR,comment,DHRxnTPrzOQ,UgyRrPcQVjrZ4b5QQYJ4AaABAg,True,@robertThomas-w5y,all that price no longer. with all features that Seals have,0,True
UgyIc4rNXcFhTHC3z3Z4AaABAg,comment,DHRxnTPrzOQ,,False,@Elaba_,It needs the Fisker Ocean and ICE-cars.,1,True
UgyH4-bCObe70pbG6Wd4AaABAg,comment,DHRxnTPrzOQ,,False,@darrenbodfish4591,This is just the beginning of the invasion of Chinese ev car manufacturers.,1,True
Ugy-KPjlF5dj9aQG3tR4AaABAg,comment,DHRxnTPrzOQ,,False,@drxym,"I drove a Seal with a head up display and it was only a test drive so I didn't fiddle around with the settings but I thought the HUD was very bright. Hope there is a way to dim it. I also found having the indicators on the right side of the wheel was very annoying. It's still better than having no indicator stalk at all like the Tesla 3 which is safety nightmare. Driving wise it seemed quite refined but it rolls rather than being 1-pedal. I think the infotainment screen is too big imo and the rotation is just a stupid gimmick. Should just fix it a bit lower in the vertical config and for android auto / carplay, split the screen so aircon and other controls appear below them.",8,True
Ugy-KPjlF5dj9aQG3tR4AaABAg.A09SATF5E6oA0BTby2DQuN,comment,DHRxnTPrzOQ,Ugy-KPjlF5dj9aQG3tR4AaABAg,True,@GDM22,"In Australia, we also drive on the left hand side and the indicator on the right side of the steering wheel is considered the correct side. This meant when you drove a manual, you could indicate as you were changing gears. The European cars with the indicaor on the left hand side in considered incorrect there, interesting what you get used to and I heard no justification from the journalist as to why the indicator is conisdered to be on the wrong side and what difference does it make other than what he is used too.",1,True
Ugw6jb-e1bgUTJsyFip4AaABAg,comment,DHRxnTPrzOQ,,False,@Techning,I like the looks but that's where it ends for me. I would buy a Model 3 instead because I trust their software (& updates) more and it's more refined. I think the Seal needs a facelift first to catch up. Repairability is also a highly questionable point as other videos have shown.,3,True
Ugw6jb-e1bgUTJsyFip4AaABAg.A09RwD_f7PUA0AgmRuZxRB,comment,DHRxnTPrzOQ,Ugw6jb-e1bgUTJsyFip4AaABAg,True,@tiborurban7615,bullshit :D,1,True
UgyQ-MIaxjzbqHXWdg14AaABAg,comment,DHRxnTPrzOQ,,False,@RB30ZED,This guy is one of the biggest Karen's I have ever had to listen to,41,True
UgyQ-MIaxjzbqHXWdg14AaABAg.A09R2Fp4utZA5AiSnsMS0m,comment,DHRxnTPrzOQ,UgyQ-MIaxjzbqHXWdg14AaABAg,True,@hsingh1770,Ken ✅,1,True
UgwHAvbmbVB_j6-Tw7B4AaABAg,comment,DHRxnTPrzOQ,,False,@huankaibai,"infact，Seal is not very offen chosen by most consumers in china.Seal still is too expensive for us,about 200k￥.we chose 秦Qin for 80k￥",0,True
UgwCHxdllQ6QnBhbUjN4AaABAg,comment,DHRxnTPrzOQ,,False,@Emjackson89,BYD also gives us the London Bus lol sneaking in everywhere without anyone seeing,83,True
UgwCHxdllQ6QnBhbUjN4AaABAg.A09NqOQWNXnA0DncLD0mW_,comment,DHRxnTPrzOQ,UgwCHxdllQ6QnBhbUjN4AaABAg,True,@savedfaves,BYD has made buses for decades.,22,True
UgwCHxdllQ6QnBhbUjN4AaABAg.A09NqOQWNXnA0TegK7n6Sm,comment,DHRxnTPrzOQ,UgwCHxdllQ6QnBhbUjN4AaABAg,True,@DeeepXXX,​@pereldh5741 Geely is cab not the bus,3,True
UgwCHxdllQ6QnBhbUjN4AaABAg.A09NqOQWNXnAFSKCBmmYf3,comment,DHRxnTPrzOQ,UgwCHxdllQ6QnBhbUjN4AaABAg,True,@stephencrowther524,"No sneaking involved….they offer product,TFL decides to use. 😂",1,True
UgwCHxdllQ6QnBhbUjN4AaABAg.A09NqOQWNXnAO0uXaEsk4Z,comment,DHRxnTPrzOQ,UgwCHxdllQ6QnBhbUjN4AaABAg,True,@dongjoocon,한국도 byd 버스 운행한지 오래되었다,0,True
Ugxg26g87YrmZ4mwtyJ4AaABAg,comment,DHRxnTPrzOQ,,False,@dorientjewoller113,You know that BYD has an explosive reputation in China. And don't go telling me that they are tested and safe as Chinese companies are known to falsify these markings.,2,True
Ugydh9gcJ0t1DjiAaJd4AaABAg,comment,DHRxnTPrzOQ,,False,@wizardssleeve6049,Another EV nobody sane wants.,1,True
UgwqurrIzIVcl98N6kd4AaABAg,comment,DHRxnTPrzOQ,,False,@brianallan9035,Amazing how far the Chinese have come in a relatively short time. Still not for me though. Interesting and informative review  as always.,8,True
Ugz328RoEzjdHZY2vx14AaABAg,comment,DHRxnTPrzOQ,,False,@Clarioner1,"This car needed to be a hatch... then it would truly have an edge on the Model 3. the BYD Seal U (SUV) is a bit uninspiring and performance is poor. On rear seats, it seems to be at a factor in a lot of EVs  - model 3 rear seats offer equally little under-leg support, so not sure taht would be any better.",11,True
Ugz328RoEzjdHZY2vx14AaABAg.A09KhlAg9AxAEdpPxi2mQe,comment,DHRxnTPrzOQ,Ugz328RoEzjdHZY2vx14AaABAg,True,@robertThomas-w5y,hi BYD Seal U (SUV) is a lot bigger so wont be as fast not driven it ever but too much money at this time for me.,0,True
Ugx32KxaSEbSfmSfm0F4AaABAg,comment,DHRxnTPrzOQ,,False,@JacekS406,The crazy choices made by Chinese car companies are still no less funny than Chinese funny videos on tiktok or youtube.,2,True
Ugx32KxaSEbSfmSfm0F4AaABAg.A09JYA71WdfAEduSZKqEJp,comment,DHRxnTPrzOQ,Ugx32KxaSEbSfmSfm0F4AaABAg,True,@robertThomas-w5y,you know people have had a police officer knock on their door for comments the next gen's get upset by! lol,1,True
UgxzMw0WHjzPAR_0tUt4AaABAg,comment,DHRxnTPrzOQ,,False,@BeLowBelowo,"BYD Seagull now! 
Sick and tired of posh items at this stage",1,True
Ugx0m7WlGVaTLFGgNql4AaABAg,comment,DHRxnTPrzOQ,,False,@tonyb3629,It's a piece of Chinese junk that's all. Wouldn't touch one with a barge pole.,1,True
UgwSeVfLNRVvzMNuQQZ4AaABAg,comment,DHRxnTPrzOQ,,False,@TimvanBruggen,"bad brand name, ugly type name and worst of all... those dark rear windows. I find this ""trend"" appalling. Tesla doesn't have that either ;-)",1,True
UgyU6Jyzl4Xhx96MGcV4AaABAg,comment,DHRxnTPrzOQ,,False,@noodlefoo,"Different countries, different prices, different perspectives. In Australia, the prices of Seal are unbeatable, cheaper than Model 3. Also here in Australia the indicator stalk is the correct way, unlike Model 3 which has no stalk at all. Plus Model 3 has the stupid ways of changing gears (on the screen or overhead buttons).",721,True
UgyU6Jyzl4Xhx96MGcV4AaABAg.A09GXrmJLTjA09KuFAbxFv,comment,DHRxnTPrzOQ,UgyU6Jyzl4Xhx96MGcV4AaABAg,True,@BendeVette,"What do you mean with ""Plus Model 3 has the stupid ways of changing gears "".
I'm not aware of any gears on a Tesla, so I think you mean something else.

The BYD Seal is about $3000 less expensive than a Tesla Model 3.
So that's a thing indeed.
Whether or not this is an unbeatable price difference?
In overal, the Model 3 is a better car with (probably) a higher sale price after 5 years and cheaper to run (less kWh per km).
The Model 3 has a better ride quality and seriously more boot space.

So, it really depends if those stalks are worth the difference.
p.s. I like the looks of the Seal better, but the new Model 3 is not an ugly car either.",10,True
UgyU6Jyzl4Xhx96MGcV4AaABAg.A09GXrmJLTjA09XXjt1lUV,comment,DHRxnTPrzOQ,UgyU6Jyzl4Xhx96MGcV4AaABAg,True,@cai0,"​@BendeVette probably means by ""gears"" changing to drive, reverse, etc.

The Seal in Australia is $51k on-road (in QLD) and the Model 3 is $65k on-road. That's a little more than $3k difference ;)
However, the $51k is the ""dynamic"" version, which is one level lower than the one shown in this video. Not even worth considering.

If you compare the Seal Premium, which is equivalent to the one from the video, then you're talking $5k difference.

About resale value, it's hard to tell, but I would bet on Tesla holding the value better than BYD. Both would still be bad though.

One thing not covered in the video is the ""safety"" features of the BYD, which tries to send you to oncoming traffic, and the ""auto pilot"" that can't even keep you in the lane. Features you have to disable on every single drive so the car doesn't try to kill you.",38,True
UgyU6Jyzl4Xhx96MGcV4AaABAg.A09GXrmJLTjA09Y8VkFgwU,comment,DHRxnTPrzOQ,UgyU6Jyzl4Xhx96MGcV4AaABAg,True,@theflightclub7969,"I just had a test drive of a Seal Premium and Dolphin top range today. Seal has very attractive exterior when I see it in person. Nicely designed interior feels like traditional car interior with all the buttons so those who like physical buttons will like it. However, the deal breaker for me was the flimsy infotainment system and the lag of one pedal driving.  Also the dash screen was not designed in intuitive way so even though it displayed a bunch of information, none of them is useful while driving. Their hardware looked pretty good, however, they need to work on the software way much more. With the price gap of $3k from Tesla Model 3, I would go and buy a tesla Model 3. Seal has a value for people who don’t want many features from a car but for me Tesla is way more advanced in terms of feature wise. 

My conclusion is, BYD’s hardware almost matches Tesla’s one but the software and the features are far less advanced at this stage. No netflix, no YouTube, no browser, no sentry mode, no pin to drive, no pin to glove box, no auto hold on a steep road, having to start and stop the car and etc. are what it’s missing compared to. Tesla. 

Dolphine was quite good but the price range of over $45k AUD is not really attractive for what the car is.",4,True
UgyU6Jyzl4Xhx96MGcV4AaABAg.A09GXrmJLTjA09cv6HlQ4O,comment,DHRxnTPrzOQ,UgyU6Jyzl4Xhx96MGcV4AaABAg,True,@sargfowler9603,"The new Tesla model 3 Highland is a non-starter for many people as it's too minimalistic.
This car looks great and is more conventional to suit buyers moving to an EV.",16,True
UgyU6Jyzl4Xhx96MGcV4AaABAg.A09GXrmJLTjA09dwsfgP3l,comment,DHRxnTPrzOQ,UgyU6Jyzl4Xhx96MGcV4AaABAg,True,@SpankeyMcCheeks,"Have you tried the new Model 3? I was VERY sceptical towards the indicators in the wheel, but it took me only half my 30 min test drive to get completely used to it. Not a problem at all. And changing ""gears"" through the screen is very easy. The car can even choose for you if it detects an obstacle in front of you it'll assume you'll want to go backwards.",3,True
UgyU6Jyzl4Xhx96MGcV4AaABAg.A09GXrmJLTjA09f02Ueh13,comment,DHRxnTPrzOQ,UgyU6Jyzl4Xhx96MGcV4AaABAg,True,@sargfowler9603,"@SpankeyMcCheeks No, I don’t need to. I can simulate what it would be like with buttons already on my steering wheel. Silly idea. If it was great, all cars would indicate this way. Surprised it’s legal",22,True
UgyU6Jyzl4Xhx96MGcV4AaABAg.A09GXrmJLTjA09fW9aidVH,comment,DHRxnTPrzOQ,UgyU6Jyzl4Xhx96MGcV4AaABAg,True,@SpankeyMcCheeks,"@sargfowler9603 I'd prefer stalks as well, but its neither dangerous not hard to use at all if you've given it more than 5 minutes.",3,True
UgyU6Jyzl4Xhx96MGcV4AaABAg.A09GXrmJLTjA09h-TgQQXc,comment,DHRxnTPrzOQ,UgyU6Jyzl4Xhx96MGcV4AaABAg,True,@cai0,"​@SpankeyMcCheeks I agree. It was the same thing with the lack of dash in Teslas.
People who never drove a Tesla complaining about it. Took about 30 seconds of a test drive to get used to looking slightly left, slightly down to see my speed. Which in my old car I could barely see, due to the steering wheel position blocking part of the dash.",4,True
UgyU6Jyzl4Xhx96MGcV4AaABAg.A09GXrmJLTjA09iwBWZWSG,comment,DHRxnTPrzOQ,UgyU6Jyzl4Xhx96MGcV4AaABAg,True,@noodlefoo,@BendeVette Changing gears meaning shifting from Park to Drive or to Reverse. You either have to swipe on the screen or press the buttons overhead. Next Tesla might try to reinvent the wheels.,3,True
UgyU6Jyzl4Xhx96MGcV4AaABAg.A09GXrmJLTjA09pj3E9BXa,comment,DHRxnTPrzOQ,UgyU6Jyzl4Xhx96MGcV4AaABAg,True,@iantelinside,"It's really ironic in this review to complain about the indicator on the right hand side for a right hand drive vehicle 😅, as that's the most logical position so your left hand operates the shift lever.

Also regarding pricing, the UK and EU did that to themselves with tariffs 🤷🏻‍♂️😂",8,True
UgyU6Jyzl4Xhx96MGcV4AaABAg.A09GXrmJLTjA09s37fl8ul,comment,DHRxnTPrzOQ,UgyU6Jyzl4Xhx96MGcV4AaABAg,True,@wensiangfong,"@theflightclub7969 BYD hardware on those that u can see is almost matches Tesla...those you cant see,,,i m not sure",1,True
UgyU6Jyzl4Xhx96MGcV4AaABAg.A09GXrmJLTjA0A0lXMqZ1c,comment,DHRxnTPrzOQ,UgyU6Jyzl4Xhx96MGcV4AaABAg,True,@BendeVette,"​@cai0 
The most cheap Seal ($51k) has a very small battery, so not comparable with the cheapest Tesla.
I like to compare cars with the same range.

I checked prices in two different states/territories in Australia and it was $3000 difference. But it might depend where you live?

Personally I think the resale value of the Tesla will be much better and not that bad. It also depends if Tesla will keep on lowering prices for the same car.

The Tesla is, in general, a better constructed car with better specs and features and is very very save (According by Euro NCAP) resulting in 5 stars out of 5 and looking at individual scores, only overthrown by the Tesla model S (Which is also 5 out of 5).",1,True
UgyU6Jyzl4Xhx96MGcV4AaABAg.A09GXrmJLTjA0A12PK8pua,comment,DHRxnTPrzOQ,UgyU6Jyzl4Xhx96MGcV4AaABAg,True,@BendeVette,"@sargfowler9603 
Tesla has all kind of stuff other brands didn't have for many many years. And now they are copying Tesla. So ""If it was great, all cars would indicate this way"" is a not a good reason.",1,True
UgyU6Jyzl4Xhx96MGcV4AaABAg.A09GXrmJLTjA0A1h8cPixq,comment,DHRxnTPrzOQ,UgyU6Jyzl4Xhx96MGcV4AaABAg,True,@BendeVette,"@noodlefoo 
Changing gears does mean something else, but Okay, I understand. 
Tesla has to invent the wheel as nobody else does it.
Each and Every brand is stuck in the past, like start buttons (really, a start button?????).

Everybody is complaining you have to do everything via the screen, but once my steering wheel, chair and mirrors are set, I never have to see those settings again. Why have physical buttons for that one time (and one time for the lady) you use it. Same for temperature. Just tell the damn car which temperature you want. Buttons are so 2010.

That's why Tesla make money on all Tesla's (maybe not the cybertruck), and all other brands have to sell below building costs (by a lot).",1,True
UgyU6Jyzl4Xhx96MGcV4AaABAg.A09GXrmJLTjA0A3SYmDMY4,comment,DHRxnTPrzOQ,UgyU6Jyzl4Xhx96MGcV4AaABAg,True,@sargfowler9603,Would be nice to see a comparison of insurance costs too as Tesla are really expensive.,0,True
UgyU6Jyzl4Xhx96MGcV4AaABAg.A09GXrmJLTjA0A6IbQbIwN,comment,DHRxnTPrzOQ,UgyU6Jyzl4Xhx96MGcV4AaABAg,True,@BendeVette,"@sargfowler9603 
Insurance costs (here in the Netherlands) are not higher.
Not paying more than my KIA Sportage V6 which was €14000,- cheaper (€40000 vs €54000).
All risk.",0,True
UgyU6Jyzl4Xhx96MGcV4AaABAg.A09GXrmJLTjA0AXO64_Wbs,comment,DHRxnTPrzOQ,UgyU6Jyzl4Xhx96MGcV4AaABAg,True,@sargfowler9603,"@BendeVette I got quotes of £1000 for a basic model 3. I only pay £300 at the moment, but other EVs were very little more.",0,True
UgyU6Jyzl4Xhx96MGcV4AaABAg.A09GXrmJLTjA0AZbDlEYit,comment,DHRxnTPrzOQ,UgyU6Jyzl4Xhx96MGcV4AaABAg,True,@BendeVette,"@sargfowler9603 
 £300 & £1000 for what period?
per year?
Currently I pay €80 per month for an all risk (full casco) insurance with guarantied 100% new value during the first year (Model Y Long Range)
I have 75% no claim, so without that, it would be around €320 per month",0,True
UgyU6Jyzl4Xhx96MGcV4AaABAg.A09GXrmJLTjA0AkJccI0Rk,comment,DHRxnTPrzOQ,UgyU6Jyzl4Xhx96MGcV4AaABAg,True,@kckfen,"In Malaysia, the BYD Seal Premium ( extended range) with massive battery is cheaper than Tesla Model 3 standard., i feel the BYD seal is more a proper car with hud display, proper gear shifter with crystal, and signal stalk....",6,True
UgyU6Jyzl4Xhx96MGcV4AaABAg.A09GXrmJLTjA0B56EiVj9n,comment,DHRxnTPrzOQ,UgyU6Jyzl4Xhx96MGcV4AaABAg,True,@corkeymonster,"@SpankeyMcCheeksDo you have many roundabouts where you live? Try indicating your exit from a roundabout by pressing a button while you're also turning the steering wheel at the same time. Also, when the steering wheel is turned, the indicator buttons will be on the opposite side, e.g. when you need to indicate left to exit a roundabout, the left-hand indicator button will be on the right-hand side if the steering wheel is turned 180 degrees.",8,True
UgyU6Jyzl4Xhx96MGcV4AaABAg.A09GXrmJLTjA0BD67ZSo60,comment,DHRxnTPrzOQ,UgyU6Jyzl4Xhx96MGcV4AaABAg,True,@ricosun,"@BendeVette In Australia , 60kwh Model3 is priced at 67K Aud,  60kwh Seal is priced at 53K Aud and Seal is better equipped. The 82Kwh Seal is priced 62K aud. The massive 82khw battery is more than 30% larger than the model 3, as a result its range will smash the Model 3. In fact it will beat every Telsa model sold in Australia, except for Model 3 LR which is priced at 77.8K. As someone that models Total Cost of Ownership for fleet buyers. I can tell you Cost of repairing a BYD seal is much lower than Model 3. This has a favorable effect on insurance cost. Battery longevity, data collected on Tesla and BYD cars used as Taxis indicates, 95% of Tesla LFP cars has their batteries health fall below 75% when done over 600Kms. For BYD its 780Kms. Which is quite good for Telsa because it has much faster charging speed, however 60Kwh losing 25% is 40Kwh, 82Kwh losing 25% is still 60Kwh. This give us confidence in Seal's resale value. But recent Hertz dumping of Teslas from their fleet has everyone going back to their analysis and add 15% more cost to their assumptions. But EVs only accounts for less than 1% of the fleet market, so no big deal but fun to do analysis for.",5,True
UgyU6Jyzl4Xhx96MGcV4AaABAg.A09GXrmJLTjA0CRQnPfHAz,comment,DHRxnTPrzOQ,UgyU6Jyzl4Xhx96MGcV4AaABAg,True,@leotek..,"@sargfowler9603did you belong to the faction back then that swore never ever to use a mobile phone without physical buttons? braise yourself, something similar will happen to cars – your beloved stalks will fall by the wayside.",0,True
UgyU6Jyzl4Xhx96MGcV4AaABAg.A09GXrmJLTjA0CWN_tKVRH,comment,DHRxnTPrzOQ,UgyU6Jyzl4Xhx96MGcV4AaABAg,True,@sargfowler9603,@leotek.. Quite the opposite! Hated buttons! So pleased when I got my first smart phone. But I’m not driving a car when I’m using my phone…,3,True
UgyU6Jyzl4Xhx96MGcV4AaABAg.A09GXrmJLTjA0CsrQ6A4Ku,comment,DHRxnTPrzOQ,UgyU6Jyzl4Xhx96MGcV4AaABAg,True,@Jojo-o6o6w,"access to supercharger network is worth the extra g5 to me between comparable models. Without it road trips are a nightmare. and i dont trust BYD range claims for that size of an LFP batt. seems fishy to me. also, i like the ultra high safety ratings of Tesla.. thats important to me.",0,True
UgyU6Jyzl4Xhx96MGcV4AaABAg.A09GXrmJLTjA0D80d1BLEm,comment,DHRxnTPrzOQ,UgyU6Jyzl4Xhx96MGcV4AaABAg,True,@ricosun,"@Jojo-o6o6w In Australia there are 470 DC supercharger locations. Of which only 69 of them are Tesla's. And 50% of Tesla's superchargers are open to Non Telsa. However Tesla supercharger on avg are 15-25% more expensive than non Telsa chargers. Even Tesla users are charging at non Tesla chargers because there are cheaper.  Nobody asked you to trust BYD's claimed range figures, but there are third parties that tests EV real world range, care to have a look Seal vs Model 3 ? Both Seal and Model 3 have a 5 star ancap safety rating. Insurance data indicates both a very safe cars.",0,True
UgyU6Jyzl4Xhx96MGcV4AaABAg.A09GXrmJLTjA0DMOIuiyA7,comment,DHRxnTPrzOQ,UgyU6Jyzl4Xhx96MGcV4AaABAg,True,@wolfgangpreier9160,"BYD Seal Design RWD 48.390,--
BYD Seal Excellence AWD 51.290,--

Model 3 (Way more modern without those pesky stalks) Standard 44.970,--
Model 3 Long Range (much quicker than the Seal) 52.970,--

Please keeep your stalks. 

If BYD makes a working Software and App and lowers their price a bit it could sell better than Tesla.",0,True
UgyU6Jyzl4Xhx96MGcV4AaABAg.A09GXrmJLTjA0DYwqs5U2-,comment,DHRxnTPrzOQ,UgyU6Jyzl4Xhx96MGcV4AaABAg,True,@mowcowbell,"Meanwhile in the US, BYD doesn't exist at all.  But at least Tesla Model Y's are below $39K USD.",1,True
UgyU6Jyzl4Xhx96MGcV4AaABAg.A09GXrmJLTjA0Da9mtT6Rt,comment,DHRxnTPrzOQ,UgyU6Jyzl4Xhx96MGcV4AaABAg,True,@gregb1599,"​@SpankeyMcCheeks Yeah I did not mind the indicators, that is until I hit the first roundabout then I hated it, now if you choose not to indicate when using the roundabout then it's a non issue, but for those that do it's bad! Setting the autopilot is also more fiddly now having to push that right button twice is annoying as is the on-screen gear selector. Hopefully with enough complaints and enough reduction is sales they will change back to the good old storks",3,True
UgyU6Jyzl4Xhx96MGcV4AaABAg.A09GXrmJLTjA0Dbr-1dwsa,comment,DHRxnTPrzOQ,UgyU6Jyzl4Xhx96MGcV4AaABAg,True,@kabob21,@sargfowler9603 Lamborghini and Ferrari already eliminated stalks in their vehicles and nobody complains about them 🤷,1,True
UgyU6Jyzl4Xhx96MGcV4AaABAg.A09GXrmJLTjA0EeTJTf7KS,comment,DHRxnTPrzOQ,UgyU6Jyzl4Xhx96MGcV4AaABAg,True,@wolfgangpreier9160,"@gregb1599 Why don't you buy VW? I am sure they will make your precious oldtimers untill 2100. At least a few hundred. For those people who can not adapt and deny that they are capable of learning.

Even wimin without petrol affiliance have learned and love the simple way no stalks work. 

Why can a ""Greg"" not do the same?",0,True
UgyU6Jyzl4Xhx96MGcV4AaABAg.A09GXrmJLTjA0EeZIcSORR,comment,DHRxnTPrzOQ,UgyU6Jyzl4Xhx96MGcV4AaABAg,True,@wolfgangpreier9160,@mowcowbell Just wait until BYD starts their production in Mexico and exports to the US. Somewhere around 2025 is my guess.,4,True
UgyU6Jyzl4Xhx96MGcV4AaABAg.A09GXrmJLTjA0G12UQFwmA,comment,DHRxnTPrzOQ,UgyU6Jyzl4Xhx96MGcV4AaABAg,True,@thomas20021234,Seal vs model3 highland i will go for model3 because car is better all the way and have supercharge network plus the second hand value will be much better,0,True
UgyU6Jyzl4Xhx96MGcV4AaABAg.A09GXrmJLTjA0I26j57tNM,comment,DHRxnTPrzOQ,UgyU6Jyzl4Xhx96MGcV4AaABAg,True,@DBGE001,"@ricosunI could not agree more!
PS The BYD Seal AWD Excellence (top of the range model) has an amazing torque vectoring system which gives the car unrivaled road holding capacity and active safety.",0,True
UgyU6Jyzl4Xhx96MGcV4AaABAg.A09GXrmJLTjA0I2Eby_tmx,comment,DHRxnTPrzOQ,UgyU6Jyzl4Xhx96MGcV4AaABAg,True,@DBGE001,"@Jojo-o6o6win the UK, the TSC network should be accessible by everyone by now.",0,True
UgyU6Jyzl4Xhx96MGcV4AaABAg.A09GXrmJLTjA0I2UHDDbSo,comment,DHRxnTPrzOQ,UgyU6Jyzl4Xhx96MGcV4AaABAg,True,@DBGE001,@kabob21completely different design and implementation.,0,True
UgyU6Jyzl4Xhx96MGcV4AaABAg.A09GXrmJLTjA0IpzKO0yPs,comment,DHRxnTPrzOQ,UgyU6Jyzl4Xhx96MGcV4AaABAg,True,@ownedNZ,It's worth spending a little extra to upgrade to the Tesla equivalent,0,True
UgyU6Jyzl4Xhx96MGcV4AaABAg.A09GXrmJLTjA0J-VEQ7dMM,comment,DHRxnTPrzOQ,UgyU6Jyzl4Xhx96MGcV4AaABAg,True,@vasil7410,​​@sargfowler9603I went from a Model 3 to a Seal. So it's not just for ICE drivers.,8,True
UgyU6Jyzl4Xhx96MGcV4AaABAg.A09GXrmJLTjA0J-dJZ6Ybl,comment,DHRxnTPrzOQ,UgyU6Jyzl4Xhx96MGcV4AaABAg,True,@vasil7410,​@kabob21And about 10 of them sell per year...,0,True
UgyU6Jyzl4Xhx96MGcV4AaABAg.A09GXrmJLTjA0JTl3jgV8x,comment,DHRxnTPrzOQ,UgyU6Jyzl4Xhx96MGcV4AaABAg,True,@sargfowler9603,@vasil7410 What was your reason for doing that?,1,True
UgyU6Jyzl4Xhx96MGcV4AaABAg.A09GXrmJLTjA0K5P8cvtLs,comment,DHRxnTPrzOQ,UgyU6Jyzl4Xhx96MGcV4AaABAg,True,@waynehobbs5175,"The correct side for indicator stalks is right hand side of steering wheel for right hand drive and left side for left hand drive.
Reason is that (historically) the other hand may be changing gears. 
The Seal looks much nicer externally than anything in its class but the interior trim is dark and depressing. A sunroof that doesn't open up may as well not be there at all. Imagine windows not opening?
Yes I drive an Atto 3 here in Australia and three days ago inspected a Seal.
The Seal required physical contortion to get in and out of and equally poor, the tiny boot aperture makes reaching items difficult and restrictive on size too.
Love my Atto 3 more after seeing the Seal.
Not hard to see why these low slung three box sedans represent a tiny 11% of car sales in Australia.",0,True
UgyU6Jyzl4Xhx96MGcV4AaABAg.A09GXrmJLTjA0KArQlOlr5,comment,DHRxnTPrzOQ,UgyU6Jyzl4Xhx96MGcV4AaABAg,True,@vasil7410,@waynehobbs5175 The Atto 3 is pretty ugly though.,1,True
UgyU6Jyzl4Xhx96MGcV4AaABAg.A09GXrmJLTjA0KGu5jzr7Y,comment,DHRxnTPrzOQ,UgyU6Jyzl4Xhx96MGcV4AaABAg,True,@skyguo1987,"​@theflightclub7969 As open andriod system, you can load any andriod apk to BYD cars unlike telsa.. and there are a lot of third party app and UI with sentry mode etc built for BYD..",0,True
UgyU6Jyzl4Xhx96MGcV4AaABAg.A09GXrmJLTjA0SjlOf4rHA,comment,DHRxnTPrzOQ,UgyU6Jyzl4Xhx96MGcV4AaABAg,True,@مرواریدمشرقزمین,BYD has proven to be the best EV car out there,0,True
UgyU6Jyzl4Xhx96MGcV4AaABAg.A09GXrmJLTjA0h3KXVBjDN,comment,DHRxnTPrzOQ,UgyU6Jyzl4Xhx96MGcV4AaABAg,True,@alexandrechen3081,"In China, it starts with around $20,000",2,True
UgyU6Jyzl4Xhx96MGcV4AaABAg.A09GXrmJLTjA0vfLElVNew,comment,DHRxnTPrzOQ,UgyU6Jyzl4Xhx96MGcV4AaABAg,True,@StevenCavill-s9f,"Yep, we are massively ripped off in the U.K. for vehicle prices.",2,True
UgyU6Jyzl4Xhx96MGcV4AaABAg.A09GXrmJLTjA0waGXDAIZj,comment,DHRxnTPrzOQ,UgyU6Jyzl4Xhx96MGcV4AaABAg,True,@JonySmith-bb4gx,"@Jojo-o6o6w Ok show ncap ratings for safety

I ll wait . Don't run away now",0,True
UgyU6Jyzl4Xhx96MGcV4AaABAg.A09GXrmJLTjA0waJ0Wubif,comment,DHRxnTPrzOQ,UgyU6Jyzl4Xhx96MGcV4AaABAg,True,@JonySmith-bb4gx,@Jojo-o6o6w Tesla uses byd batteries . If u trust Tesla range claim that uses byd batteries 😂,2,True
UgyU6Jyzl4Xhx96MGcV4AaABAg.A09GXrmJLTjA0ww3DXnlIZ,comment,DHRxnTPrzOQ,UgyU6Jyzl4Xhx96MGcV4AaABAg,True,@Jojo-o6o6w,"@JonySmith-bb4gx it all depends on the software and if they program it to bo too optimistic  .. my model Y seems fine :) Also, i think only some Berlin model y's use BYD batts.",0,True
UgyU6Jyzl4Xhx96MGcV4AaABAg.A09GXrmJLTjA0xphCa7ZvS,comment,DHRxnTPrzOQ,UgyU6Jyzl4Xhx96MGcV4AaABAg,True,@JonySmith-bb4gx,@Jojo-o6o6w don't worry. U ll join McConnell sister in law some day .,0,True
UgyU6Jyzl4Xhx96MGcV4AaABAg.A09GXrmJLTjA0yI8cOkc0U,comment,DHRxnTPrzOQ,UgyU6Jyzl4Xhx96MGcV4AaABAg,True,@andreasl4507,Byd is for the broke losers with no class.,0,True
UgyU6Jyzl4Xhx96MGcV4AaABAg.A09GXrmJLTjA1D0MIZwCIn,comment,DHRxnTPrzOQ,UgyU6Jyzl4Xhx96MGcV4AaABAg,True,@zes3813,wrrrr @sargfowler9603,0,True
UgyU6Jyzl4Xhx96MGcV4AaABAg.A09GXrmJLTjA1TSvUVl52q,comment,DHRxnTPrzOQ,UgyU6Jyzl4Xhx96MGcV4AaABAg,True,@mikem3242,This review was more about comparing then an actual test this is all nonsense westerners refuse to give china the world leader in EV their props without comparing to western bs,6,True
UgyU6Jyzl4Xhx96MGcV4AaABAg.A09GXrmJLTjA1s0vtQ93uZ,comment,DHRxnTPrzOQ,UgyU6Jyzl4Xhx96MGcV4AaABAg,True,@davout5775,It is cheaper but also worse.,0,True
UgyU6Jyzl4Xhx96MGcV4AaABAg.A09GXrmJLTjA2NMLxTV4U9,comment,DHRxnTPrzOQ,UgyU6Jyzl4Xhx96MGcV4AaABAg,True,@brownjordan4964,already alot ppl in china complained about the silly design.,1,True
UgyU6Jyzl4Xhx96MGcV4AaABAg.A09GXrmJLTjA2pgjCWyK0_,comment,DHRxnTPrzOQ,UgyU6Jyzl4Xhx96MGcV4AaABAg,True,@chadsworthgigafuck7076,Yeah it costs double in the UK bruh,0,True
UgyU6Jyzl4Xhx96MGcV4AaABAg.A09GXrmJLTjA3Wi13valNp,comment,DHRxnTPrzOQ,UgyU6Jyzl4Xhx96MGcV4AaABAg,True,@zulshah3265,"Yup. I think most of the countries in Aussie and Asia have the indicators the other way round, so its not an 'annoying' issue at all. Maybe your youtube channel is only focusing on european customers. 🤷‍♂️",0,True
UgyU6Jyzl4Xhx96MGcV4AaABAg.A09GXrmJLTjA4Dg-7Di57H,comment,DHRxnTPrzOQ,UgyU6Jyzl4Xhx96MGcV4AaABAg,True,@desmondchia1934,@vasil7410can you comment a bit on the software side on both cars? Cheers,0,True
UgyU6Jyzl4Xhx96MGcV4AaABAg.A09GXrmJLTjA7BKJG2DGTw,comment,DHRxnTPrzOQ,UgyU6Jyzl4Xhx96MGcV4AaABAg,True,@goodboyjojo,"If you can buy this car at the price of 18K from China, then all comparisons will be a joke at such a low price. In addition, I really don’t understand why. The American brand Tesla is much more expensive in North America than in China. Model 3 only costs 30k USD in China.",0,True
UgyU6Jyzl4Xhx96MGcV4AaABAg.A09GXrmJLTjA7JK97Lg3di,comment,DHRxnTPrzOQ,UgyU6Jyzl4Xhx96MGcV4AaABAg,True,@GJAllKnowing,"I'm not sure what the comment about the indicator stalk is about, different manufacturers place them on either the left or right. It's not even a thing. In the Tesla I hate the widow wiper button and scroll interface.",0,True
UgyU6Jyzl4Xhx96MGcV4AaABAg.A09GXrmJLTjA7iAoGbjqMM,comment,DHRxnTPrzOQ,UgyU6Jyzl4Xhx96MGcV4AaABAg,True,@picanha694,in indonesia its only 40k usd meanwhile the tesla model 3 is 120k USD because its imported. its a no brainer really.,0,True
UgyU6Jyzl4Xhx96MGcV4AaABAg.A09GXrmJLTjA8gtPxwqUG2,comment,DHRxnTPrzOQ,UgyU6Jyzl4Xhx96MGcV4AaABAg,True,@VicodinElmo,"@BendeVettehe clearly means drive modes, you pedant.",0,True
UgyU6Jyzl4Xhx96MGcV4AaABAg.A09GXrmJLTjA9IkPgWjab_,comment,DHRxnTPrzOQ,UgyU6Jyzl4Xhx96MGcV4AaABAg,True,@Adam-ef9nk,In the UK they seem to be about 20k more expensive than Model 3's 😬,0,True
UgyU6Jyzl4Xhx96MGcV4AaABAg.A09GXrmJLTjA9Wq1lOQfBx,comment,DHRxnTPrzOQ,UgyU6Jyzl4Xhx96MGcV4AaABAg,True,@metricstormtrooper,"Plus the Seal has absolutely NOTHING TO DO WITH MUSK, and that's the way I like it.",3,True
UgyU6Jyzl4Xhx96MGcV4AaABAg.A09GXrmJLTjA9WqGMD0M1A,comment,DHRxnTPrzOQ,UgyU6Jyzl4Xhx96MGcV4AaABAg,True,@metricstormtrooper,​@sargfowler9603and for a lot of people sending even one dollar Musks way is out of the moral question.,1,True
UgyU6Jyzl4Xhx96MGcV4AaABAg.A09GXrmJLTjAG6Fhbl6gdF,comment,DHRxnTPrzOQ,UgyU6Jyzl4Xhx96MGcV4AaABAg,True,@1cyru5h,​@cai0the tesla autopilot also has numerous cases of it causing accidents,0,True
UgyU6Jyzl4Xhx96MGcV4AaABAg.A09GXrmJLTjAPsvC6rbG-9,comment,DHRxnTPrzOQ,UgyU6Jyzl4Xhx96MGcV4AaABAg,True,@checker3694,"@waynehobbs5175A sunroof is a novelty item, and like 90% of optional extras on a car get used a lot in first month of ownership,above 60kph it’s an annoyance, in hot climate it burn your head, and lets dust in car, but 95% get closed before then as turbulence and buffeting gets unbearable, just my opinion of 42 years driving hundreds of different cars.",0,True
UgyU6Jyzl4Xhx96MGcV4AaABAg.A09GXrmJLTjAYTfY6pIHnb,comment,DHRxnTPrzOQ,UgyU6Jyzl4Xhx96MGcV4AaABAg,True,@virgin26,​@mikem3242yeah they keep talking about the Tesla.... Fk Tesla,0,True
Ugwa0B3Kkf_TtfTLU2h4AaABAg,comment,DHRxnTPrzOQ,,False,@triciamcintyre4947,"Nice looking car,i don't like saloons 🤷",1,True
UgyxNerSsvok2w_nbFR4AaABAg,comment,DHRxnTPrzOQ,,False,@ogriboy,Chinese cheap is all.,3,True
Ugz4U9iPvPf_3I1GBo14AaABAg,comment,DHRxnTPrzOQ,,False,@Mugslips,Does it include fire extinguisher 🧯 as standard equipment?,2,True
Ugz4U9iPvPf_3I1GBo14AaABAg.A09F3PE8aMiA09QmhgmO8_,comment,DHRxnTPrzOQ,Ugz4U9iPvPf_3I1GBo14AaABAg,True,@Brian-om2hh,"ICE cars don't, despite the fact they're around 40 times more likely to catch fire. The NTSB in the US, recorded 190'000 ICE car fires during 2022 in America....",2,True
Ugz4U9iPvPf_3I1GBo14AaABAg.A09F3PE8aMiA0A0qge8pOQ,comment,DHRxnTPrzOQ,Ugz4U9iPvPf_3I1GBo14AaABAg,True,@ateiviz,There's always one 😂,0,True
Ugz4U9iPvPf_3I1GBo14AaABAg.A09F3PE8aMiA0BWaS3Rs8K,comment,DHRxnTPrzOQ,Ugz4U9iPvPf_3I1GBo14AaABAg,True,@GDM22,"You happy with yourself, do you think you are clever.",1,True
Ugz4U9iPvPf_3I1GBo14AaABAg.A09F3PE8aMiA0EWTgzGgm1,comment,DHRxnTPrzOQ,Ugz4U9iPvPf_3I1GBo14AaABAg,True,@kennyobe,Half wit!,1,True
UgwmdefP8qE-tTw96Jd4AaABAg,comment,DHRxnTPrzOQ,,False,@sayaIbnuFajar,BYD forgot to give you an umbrella,172,True
UgwmdefP8qE-tTw96Jd4AaABAg.A09ElKucaRyA09WwKQmbAk,comment,DHRxnTPrzOQ,UgwmdefP8qE-tTw96Jd4AaABAg,True,@anemeth9281,It's not a Rolls...,7,True
UgwmdefP8qE-tTw96Jd4AaABAg.A09ElKucaRyA0A04r0E8V7,comment,DHRxnTPrzOQ,UgwmdefP8qE-tTw96Jd4AaABAg,True,@ateiviz,I got one with my car 😂,9,True
UgwmdefP8qE-tTw96Jd4AaABAg.A09ElKucaRyA0A2DXlPdhK,comment,DHRxnTPrzOQ,UgwmdefP8qE-tTw96Jd4AaABAg,True,@anemeth9281,Doug is an MG fanboy 😅,12,True
UgwmdefP8qE-tTw96Jd4AaABAg.A09ElKucaRyA0CKcI5jOlv,comment,DHRxnTPrzOQ,UgwmdefP8qE-tTw96Jd4AaABAg,True,@stephen546,@anemeth9281 As if,0,True
UgwmdefP8qE-tTw96Jd4AaABAg.A09ElKucaRyA25ituFtezD,comment,DHRxnTPrzOQ,UgwmdefP8qE-tTw96Jd4AaABAg,True,@zzZHua,😂😂😂,1,True
UgwmdefP8qE-tTw96Jd4AaABAg.A09ElKucaRyAAbrJdWx9lZ,comment,DHRxnTPrzOQ,UgwmdefP8qE-tTw96Jd4AaABAg,True,@coolskool1.061,I’m sure the dealership would mind giving one away,0,True
UgwmdefP8qE-tTw96Jd4AaABAg.A09ElKucaRyABk5IQvWCls,comment,DHRxnTPrzOQ,UgwmdefP8qE-tTw96Jd4AaABAg,True,@Stefan-lj5zi,@ateivizyou must have a Skoda,0,True
UgwmdefP8qE-tTw96Jd4AaABAg.A09ElKucaRyABkENzm0z2I,comment,DHRxnTPrzOQ,UgwmdefP8qE-tTw96Jd4AaABAg,True,@ateiviz,"@Stefan-lj5zi nope, BYD Seal",0,True
Ugzy7J6EzEqTu7JjobF4AaABAg,comment,DHRxnTPrzOQ,,False,@alancobbin,Model 3 is still the king.,3,True
Ugyi2DF-Tva5r_swXrd4AaABAg,comment,DHRxnTPrzOQ,,False,@leemace9638,Probably not but it’s better looking,3,True
Ugz-YjhxUaMVECt8rY54AaABAg,comment,DHRxnTPrzOQ,,False,@fatphoca5009,"What is ""jewel"" zone air-conditioning?",1,True
Ugz-YjhxUaMVECt8rY54AaABAg.A09DH58CBCTA09E51pLbxO,comment,DHRxnTPrzOQ,Ugz-YjhxUaMVECt8rY54AaABAg,True,@peakproofuk,It’s how most us brits pronounce ‘dual’ - but I think you knew that.,5,True
Ugy__NQsGtOcyctzXUJ4AaABAg,comment,DHRxnTPrzOQ,,False,@felixjw4655,with a MG umbrella. wink wink. LOL,16,True
Ugy__NQsGtOcyctzXUJ4AaABAg.A09CZoRkoJOA09Ckrf9t6j,comment,DHRxnTPrzOQ,Ugy__NQsGtOcyctzXUJ4AaABAg,True,@ianrobson3713,"Just noticed that as well, do you think it’s deliberate, I certainly do, too much of a coincidence not to be.",4,True
Ugy__NQsGtOcyctzXUJ4AaABAg.A09CZoRkoJOA2_5zC15A2O,comment,DHRxnTPrzOQ,Ugy__NQsGtOcyctzXUJ4AaABAg,True,@hansrama3485,whats MG,0,True
UgzAxuo-66qJKLtrkHZ4AaABAg,comment,DHRxnTPrzOQ,,False,@myjo628,Hope you survive in that toxic environment,1,True
UgxEiCjiPn5bKauFQhp4AaABAg,comment,DHRxnTPrzOQ,,False,@mascness_gaming,The price for this (Extended Range Premium ) in Hong Kong is around GBP 34500.,17,True
UgxEiCjiPn5bKauFQhp4AaABAg.A09C80KZgTwA09OSVgzZU_,comment,DHRxnTPrzOQ,UgxEiCjiPn5bKauFQhp4AaABAg,True,@PsychedMedia,33k GBP for the Performance AWD here in Malaysia,5,True
UgxEiCjiPn5bKauFQhp4AaABAg.A09C80KZgTwA09UakkSRBK,comment,DHRxnTPrzOQ,UgxEiCjiPn5bKauFQhp4AaABAg,True,@darrenbodfish4591,"Yeah I'm right in thinking you don't pay inport duty on your cars, also the tax is calculated differently to the mainland? Hence cheaper prices.",2,True
UgxEiCjiPn5bKauFQhp4AaABAg.A09C80KZgTwA09V6p2BBkw,comment,DHRxnTPrzOQ,UgxEiCjiPn5bKauFQhp4AaABAg,True,@mascness_gaming,"@darrenbodfish4591 i think mainland china is even cheaper, i think in HK we still need to pay the import duty coz it is 2 different system, and we also drive on the right in HK (same as UK).",5,True
UgxEiCjiPn5bKauFQhp4AaABAg.A09C80KZgTwA0ACJBvHAxa,comment,DHRxnTPrzOQ,UgxEiCjiPn5bKauFQhp4AaABAg,True,@Mr_Chow_Man,If you scrap your old car for new ev I think there are more than 10 thousand gbp discount in hk,2,True
UgxEiCjiPn5bKauFQhp4AaABAg.A09C80KZgTwA0DN3x41CUA,comment,DHRxnTPrzOQ,UgxEiCjiPn5bKauFQhp4AaABAg,True,@wolfgangpreier9160,"BYD Seal Excellence AWD 51.280,-- Euros. 434.391 HKD, 43.815 GBP here in Austria",0,True
UgxEiCjiPn5bKauFQhp4AaABAg.A09C80KZgTwAEdn3NmrscY,comment,DHRxnTPrzOQ,UgxEiCjiPn5bKauFQhp4AaABAg,True,@robertThomas-w5y,"@Mr_Chow_Man yeah here in UK you pay more as everything here is more costly its 49.5 K in UK that's an import punishment tax so you buy English instead. so what f  Cars do UK make then?  oh yeah none for English average Joe on £37,500 annual salary. so they want us all to be in Debt for years so JOB stands for Just over Broke! capitalism at work maybe I move to China or Hong Kong LOL try socialism-communism can it be any worse than here freedoms being reigned in at every protest this country I just am fed up with the persistent crushing from power holders.
oh yeah it's only a car review LOL .
.",0,True
UgyIqeKZ63YogfJXz7J4AaABAg,comment,DHRxnTPrzOQ,,False,@ipb1966,"Jeez - are you still doing “better than Model 3”, “Tesla killer” videos?",81,True
UgyIqeKZ63YogfJXz7J4AaABAg.A09C11PhEW_A09Drd8q6Qe,comment,DHRxnTPrzOQ,UgyIqeKZ63YogfJXz7J4AaABAg,True,@peakproofuk,What’s wrong with comparing it to its main rival?!,39,True
UgyIqeKZ63YogfJXz7J4AaABAg.A09C11PhEW_A09Kva5qeTF,comment,DHRxnTPrzOQ,UgyIqeKZ63YogfJXz7J4AaABAg,True,@brianallan9035,Did you not watch until the end?,3,True
UgyIqeKZ63YogfJXz7J4AaABAg.A09C11PhEW_A09LF5bHP0c,comment,DHRxnTPrzOQ,UgyIqeKZ63YogfJXz7J4AaABAg,True,@BendeVette,"@peakproofuk 
Nothing wrong with a comparation.
But the comparation is a bit so-so.
There are rivals which are better?
The i4 and Model 3 are a bit better, faster, etc.
It's not objective enough.
I like measurable differences, not a kinda opinion.",2,True
UgyIqeKZ63YogfJXz7J4AaABAg.A09C11PhEW_A09WiNls3wf,comment,DHRxnTPrzOQ,UgyIqeKZ63YogfJXz7J4AaABAg,True,@peakproofuk,"@BendeVetteI get the frustration of “Tesla killer” comments and reviews - car companies need to join Tesla, not kill them - but this objectively doesn’t do that!",3,True
UgyIqeKZ63YogfJXz7J4AaABAg.A09C11PhEW_A09yaJpGWX4,comment,DHRxnTPrzOQ,UgyIqeKZ63YogfJXz7J4AaABAg,True,@mikedavies4387,It's nicer looking than a tesla,12,True
UgyIqeKZ63YogfJXz7J4AaABAg.A09C11PhEW_A09zD4I5D25,comment,DHRxnTPrzOQ,UgyIqeKZ63YogfJXz7J4AaABAg,True,@onetwothreefour-s1n,"​@mikedavies4387tbf, anything looks better than a Tesla",14,True
UgyIqeKZ63YogfJXz7J4AaABAg.A09C11PhEW_A0A-9SLJbzs,comment,DHRxnTPrzOQ,UgyIqeKZ63YogfJXz7J4AaABAg,True,@mikedavies4387,@onetwothreefour-s1n that's true,8,True
UgyIqeKZ63YogfJXz7J4AaABAg.A09C11PhEW_A0A-iJZ_7Ev,comment,DHRxnTPrzOQ,UgyIqeKZ63YogfJXz7J4AaABAg,True,@BendeVette,"@onetwothreefour-s1n 
Don't agree.
The S and new Model3 are quite nice.
Look at the BYD castrated CAT.
That's an ugly one.",4,True
UgyIqeKZ63YogfJXz7J4AaABAg.A09C11PhEW_A0A2tsFEhDY,comment,DHRxnTPrzOQ,UgyIqeKZ63YogfJXz7J4AaABAg,True,@onetwothreefour-s1n,@BendeVette ok fanboy. Whatever gets you thru the day.,4,True
UgyIqeKZ63YogfJXz7J4AaABAg.A09C11PhEW_A0A6WhA72tN,comment,DHRxnTPrzOQ,UgyIqeKZ63YogfJXz7J4AaABAg,True,@BendeVette,"​@onetwothreefour-s1n 
Ok hater, whatever gets you through the day.
So, now we exchanged our welcome greetings, why am I not allowed to like the S and 3?",3,True
UgyIqeKZ63YogfJXz7J4AaABAg.A09C11PhEW_A0A7HhDXaVP,comment,DHRxnTPrzOQ,UgyIqeKZ63YogfJXz7J4AaABAg,True,@onetwothreefour-s1n,"@BendeVette like whatever you want. They are demonstrably ugly vehicles. This isn't new or surprising information. You are in a cult and like everything they do. When are you heading to the border to start rounding up immigrants? But hey, at least you got a blue checkmark out of the deal, that's as good as having friends.",0,True
UgyIqeKZ63YogfJXz7J4AaABAg.A09C11PhEW_A0AOcl77Bo0,comment,DHRxnTPrzOQ,UgyIqeKZ63YogfJXz7J4AaABAg,True,@Nickbaldeagle02,Everyone is.,1,True
UgyIqeKZ63YogfJXz7J4AaABAg.A09C11PhEW_A0Bd3szGICj,comment,DHRxnTPrzOQ,UgyIqeKZ63YogfJXz7J4AaABAg,True,@ianwmsu,"If it's better... then, it's better.",3,True
UgyIqeKZ63YogfJXz7J4AaABAg.A09C11PhEW_A0C7sc-f1gb,comment,DHRxnTPrzOQ,UgyIqeKZ63YogfJXz7J4AaABAg,True,@kostinarain7373,​@BendeVette the model 3 looks like sh!t,3,True
UgyIqeKZ63YogfJXz7J4AaABAg.A09C11PhEW_A0D5l80Fu30,comment,DHRxnTPrzOQ,UgyIqeKZ63YogfJXz7J4AaABAg,True,@Nuno_Tomaz,Off course not. You just have to see the video to see that he doesn't like Byd... 😂😂😂,1,True
UgyIqeKZ63YogfJXz7J4AaABAg.A09C11PhEW_A0MyNNKoEtN,comment,DHRxnTPrzOQ,UgyIqeKZ63YogfJXz7J4AaABAg,True,@bubuneowoo6161,Cope better,1,True
UgyIqeKZ63YogfJXz7J4AaABAg.A09C11PhEW_A0O-2rdCHCK,comment,DHRxnTPrzOQ,UgyIqeKZ63YogfJXz7J4AaABAg,True,@benjaminsmith2287,"Seriously, enough already. Just review the car and say who it is for without bringing up Tesla all of the time.",1,True
UgyIqeKZ63YogfJXz7J4AaABAg.A09C11PhEW_A0Sjv_5JRJS,comment,DHRxnTPrzOQ,UgyIqeKZ63YogfJXz7J4AaABAg,True,@مرواریدمشرقزمین,BYD The best EV car in the world,3,True
UgyIqeKZ63YogfJXz7J4AaABAg.A09C11PhEW_A0UAqV1I6MX,comment,DHRxnTPrzOQ,UgyIqeKZ63YogfJXz7J4AaABAg,True,@passby8070,The Seal is objectively better looking than Model 3. It's statistically too significant to not call it objective.,1,True
UgyIqeKZ63YogfJXz7J4AaABAg.A09C11PhEW_A0WuLRjGzr1,comment,DHRxnTPrzOQ,UgyIqeKZ63YogfJXz7J4AaABAg,True,@trippplefive,@مرواریدمشرقزمینit’s great … at smelling like burnt plastic,0,True
UgyIqeKZ63YogfJXz7J4AaABAg.A09C11PhEW_A0l54I9ngXq,comment,DHRxnTPrzOQ,UgyIqeKZ63YogfJXz7J4AaABAg,True,@phil-bay-of-plenty-nz,@peakproofuk Tesla is going broke ! Fire selling their cars to try to stay relevant. Other companies have surpassed Tesla and will be around long after Tesla is gone. Their trucks are a complete failure as well. Then there is the cyber truck fiasco! No one should work with musk! He will steal from the company through attempting to pay himself too much then his comments in the media can affect company shares in a detrimental way while he attempts to play god! His space program is falling behind as well with Bezos challenging musk to supply the space station and trying to be part of the next moon landing team from NASA! All sides of Musk's world will fall soon,0,True
UgyIqeKZ63YogfJXz7J4AaABAg.A09C11PhEW_A13HivHcoT7,comment,DHRxnTPrzOQ,UgyIqeKZ63YogfJXz7J4AaABAg,True,@silveriver9,BYD > Tesla,1,True
UgyIqeKZ63YogfJXz7J4AaABAg.A09C11PhEW_A2LhqobtVOm,comment,DHRxnTPrzOQ,UgyIqeKZ63YogfJXz7J4AaABAg,True,@zaspalia,"@peakproofukWhy would they join Tesla? They are rival corporations competing for profits and market share. Unless you meant that they should form oligopolies instead, or be merged or bought out.",0,True
UgyIqeKZ63YogfJXz7J4AaABAg.A09C11PhEW_A2Mb1od5lX_,comment,DHRxnTPrzOQ,UgyIqeKZ63YogfJXz7J4AaABAg,True,@peakproofuk,@zaspalia I mean ‘join’ as in commit to BEV.,0,True
UgwFzhMFoh0dk-4OyIx4AaABAg,comment,DHRxnTPrzOQ,,False,@sa34w,if Tesla is like apple BYD is like Samsung. it would be in the best interest of automakers to work on their software and battery manufacturing capabilities in-house. BYD is originally a battery maker as their USP is their great battery chemistry and manufacturing.,32,True
UgwFzhMFoh0dk-4OyIx4AaABAg.A09BojIj_hWA0AO6vLsCK_,comment,DHRxnTPrzOQ,UgwFzhMFoh0dk-4OyIx4AaABAg,True,@TB-up4xi,If Tesla is apple BYD is Vivo or Oppo not Samsung.,0,True
UgwFzhMFoh0dk-4OyIx4AaABAg.A09BojIj_hWA0NyTc9ewO8,comment,DHRxnTPrzOQ,UgwFzhMFoh0dk-4OyIx4AaABAg,True,@benjaminsmith2287,Tesla is not Apple. They don't have the quality or style of Apple.,7,True
UgwFzhMFoh0dk-4OyIx4AaABAg.A09BojIj_hWA56lpakGFDt,comment,DHRxnTPrzOQ,UgwFzhMFoh0dk-4OyIx4AaABAg,True,@PeterFortis,Tesla is nothing compared to byd. American propaganda for junk.,0,True
UgwFzhMFoh0dk-4OyIx4AaABAg.A09BojIj_hWAFmFapH6YMD,comment,DHRxnTPrzOQ,UgwFzhMFoh0dk-4OyIx4AaABAg,True,@MyAnalyser,"The only thing protecting Tesla right now is extremely high tarrifs for Chinese cars in Europe and an effective banning of the cars in the US. In markets where the cars aren't the victim of protectionist tarrifs and laws, the Chinese, in particular BYD, Nio, Xpeng and Geely are completely whiping the floor with Tesla, it's not even close.",0,True
UgwFzhMFoh0dk-4OyIx4AaABAg.A09BojIj_hWAHbVb6ZWCQy,comment,DHRxnTPrzOQ,UgwFzhMFoh0dk-4OyIx4AaABAg,True,@wiretamer5710,Tesla is more like OS2 or Betamax,2,True
UgwFzhMFoh0dk-4OyIx4AaABAg.A09BojIj_hWAJDR7we3EPr,comment,DHRxnTPrzOQ,UgwFzhMFoh0dk-4OyIx4AaABAg,True,@whitecat-t4y,BYD like HUAWEI，it's a hightech company,0,True
