source_id,source_type,video_id,parent_id,is_reply,author,text,like_count,public
Ugwg3CebHTJ8r_xnfip4AaABAg,comment,eNYndWedZsE,,False,@andym5338,"I don't know how reviewers can say it's a good car when u only get it for a while to make ur content,  I know Taxi drivers that bought a BYD A DTHEYNOT VERY HAPPY  . YOU ALSO DONT SAY THE PROBLEMS WITH AFTER SALE SERVICE..",0,True
UgyUOi2gnmeH32p7idN4AaABAg,comment,eNYndWedZsE,,False,@zargsch,"Had my Seal Excellence since November '25 now, a little over 6.000km on the clock and loving it! Immediately loved the design inside & out. The only real downside would be the comparatively low charging peak, but since I charge at home in my garage 99% of the time I don't quite care.",0,True
UgzT4cGf4OGa5qYt9SF4AaABAg,comment,eNYndWedZsE,,False,@abulkashem1028,I love this presenter,0,True
UgwuLcaTUvXHc5Z9JSl4AaABAg,comment,eNYndWedZsE,,False,@leeg713,"The front seats can adjust the height. As long as it's doable for the driver, the seat can raise enough that most can fit their feet underneath.",0,True
UgyuiOkXHwuNATdHJvZ4AaABAg,comment,eNYndWedZsE,,False,@leeg713,"Tesla should be worried. Not to mention anything associated with musk, needs to be boycotted.",0,True
UgznmK5lb-7XiPcIMKt4AaABAg,comment,eNYndWedZsE,,False,@yours_sincerely48,Now most of my friends are driving China made cars after switching from Japanese cars.. Europe cars we long time already abandoned due to money pit for repair and unreliable.😮,2,True
UgwODKsTClQyuTOAELF4AaABAg,comment,eNYndWedZsE,,False,@michael8821-y7z,"I have just ordered a seal design, that crash test footage is amazing",1,True
UgyBe0tOAd3YPYt8Wyp4AaABAg,comment,eNYndWedZsE,,False,@1roryelliott,bought one - love it and yes it is amazing!!! do not doubt it - it is the best car I have really ever had and I have had a few in my time,2,True
UgzuSw2QOH-B5fjgN3d4AaABAg,comment,eNYndWedZsE,,False,@sailormanoyster1849,does it have lka & adaptive to cruise control😮,0,True
UgwrZkaArOtQQMFQ9554AaABAg,comment,eNYndWedZsE,,False,@stephenrutherford1143,"I loved you in Red Dwarf, and this is my favourite BYD Seal review. Thank you!",0,True
UgzMi2fbywqARuLNkWN4AaABAg,comment,eNYndWedZsE,,False,@CleanerMark,"It doesn’t quite have the basics needed to compete with the Model 3, it doesnt have features like Dog Mode, Camp Mode, and Sentry Mode, there’s no self-serve test drive,
 you need internet access for charging, the autopilot is far more basic, and—most importantly—it’s not even cheaper. It costs £45K, while the Model 3 Standard is £39K and the Model 3 Long Range is £45K. It can’t really compete on price either, since almost all Teslas in the UK are built in China—in the very same city as BYD!",0,True
UgzWc0kfeOAl8YStxph4AaABAg,comment,eNYndWedZsE,,False,@nickc6882,"7:30 as Jack Ma said, “China didn’t steal your jobs; you sold them to us.”",1,True
UgwpxGmqR28-RmYnDCJ4AaABAg,comment,eNYndWedZsE,,False,@zetimedinah,Beautiful landscape that attracted me most & of course your accent.. 🏴󠁧󠁢󠁳󠁣󠁴󠁿,0,True
UgyZ2TuLZUVB_myoW7J4AaABAg,comment,eNYndWedZsE,,False,@patrickyoung2815,Was this guy in red dwarf?,0,True
UgzeWzNHv4y3dZv4fT14AaABAg,comment,eNYndWedZsE,,False,@donaldespeut2042,Pretty poor from a Tesla fan boy!,0,True
UgzeWzNHv4y3dZv4fT14AaABAg.AIULWNnvNxSAIVleFLOpsV,comment,eNYndWedZsE,UgzeWzNHv4y3dZv4fT14AaABAg,True,@fullychargedshow,"I wish I understood the frankly ridiculous notion of 'fanboy.' I have never, very deliberately, been a 'fanboy' of anything, a football team, a Formulara 1 driver, a brand of computer,, a soft drink,, a fashion label.
I think anyone who wears clothes with other people's names or company logos in huge letter is seriously tragic, so I am not now, and never have been, a Tesla fanboy. But the really important thing is, I never was, 10 years ago when I got my first Tesla, I was not a fanboy.
I am driving a BYD Seal at the moment, I've had it a week. It's a genuinely amazing car.",0,True
Ugzn0W1MLj2dw6uKlmt4AaABAg,comment,eNYndWedZsE,,False,@Damonpuss,"That was fun, especially as I've just ordered one of these in Aus. Waiting for it to get here is pretty tough I have to say. Hurry up ship! 😄",0,True
Ugz-75MHpVIX9MGF7eN4AaABAg,comment,eNYndWedZsE,,False,@stephenrutherford1143,I am a big fan of Red Dwarf which I was right into in about 1993. I’ve just ordered a BYD Seal. So how nice was it to have Robert (Kryten) present this video in his own very amusing style: “carry on driver”. Terrific.,0,True
UgzqeGVKNJ3ZWFtBJd94AaABAg,comment,eNYndWedZsE,,False,@eugeneffolkes2055,Byd sea lion,0,True
UgzKAy1xKCb9QVodaH54AaABAg,comment,eNYndWedZsE,,False,@mrexpress8002,rather than saying build your dreams because you cannot say B-Y-D say BYD pronounced as bid. that would save you time. You welcome. :-),0,True
UgzCGKB6GSMRa0dBZnp4AaABAg,comment,eNYndWedZsE,,False,@originalkangarootoo,"New viewer of the channel here.  I just kept thinking, this guy looks and sounds so much like Robert Llewellyn.......... then I realised :D  Big fan here.

Excellent review :)",0,True
UgzCNk_Y3AO2t5TjgNR4AaABAg,comment,eNYndWedZsE,,False,@ArnoldsKtm,The camerawork is superb I must say.,1,True
Ugw0nvLzUU3GogFPEvZ4AaABAg,comment,eNYndWedZsE,,False,@Figjamxlaststar,I’ll buy a car based on what Kryton says!!,1,True
UgxT4GDWqTJQ8noRsJF4AaABAg,comment,eNYndWedZsE,,False,@bazs7669,Great review! Love your positivity and energy,0,True
UgzHx_mVAur5mjF1JWN4AaABAg,comment,eNYndWedZsE,,False,@UnfrozenImage,"On year later, and now we know the real Tesla killer... Musk himself 😊",1,True
UgytAL9amKrMw5rgZtZ4AaABAg,comment,eNYndWedZsE,,False,@SimonJHudson,"Great quality car, nice design and good looking inside and out 
BUT, last time I checked all BYD cars have poor regen braking and the incredibly annoying creep mode when stopped with no option to turn it off.
I'd buy one to replace my Tesla M3, but not until I can do proper one pedal driving.",0,True
UgwqqWI4-AW8-VGQIjh4AaABAg,comment,eNYndWedZsE,,False,@89parspilot,Thank you for an unbiased review. Feels like most Chanels on youtube are undermining BYD for political reasons.,0,True
UgxH5cDRUJy0vSF2u-B4AaABAg,comment,eNYndWedZsE,,False,@neindochoohh7955,Hände aus den Taschen!,0,True
UgzpoxBv-ZXQycaH4AF4AaABAg,comment,eNYndWedZsE,,False,@Bentzenx,300 miles is adequate? I'll stick with my V6 Audi which gives me 550. I won't be supporting cars subsidised by Chinese government grants.,0,True
Ugw9NGlEHN6V_SrqVEp4AaABAg,comment,eNYndWedZsE,,False,@obiwan5781,"When I see Asian taxi drivers using these in the UK, I'll know they'll have taken over.",0,True
UgzPqVoqd84lX4TudjB4AaABAg,comment,eNYndWedZsE,,False,@grantnyenes3742,"It’s a pretty cool car, and the xaomi even more impressive. Just like Japanese and then Korean cars before them, they start off a bit of a joke, but very soon become mainstream. No ones is laughing now..",0,True
UgyLWvfyCWnWpEUxOIp4AaABAg,comment,eNYndWedZsE,,False,@nooneyouknow7036,"Beautiful car, beautiful scenery, and beautiful videography. You did a good job too, Doug.",0,True
Ugxv6RjbtRKkNsv6DBJ4AaABAg,comment,eNYndWedZsE,,False,@dtr-g1s,Bla bla... you're halfway through before he starts reviewing the car. I've forgotten what it is by the time he starts talking about it.,0,True
UgyKOoNf3wrogRWsevt4AaABAg,comment,eNYndWedZsE,,False,@apumpkinmasher,"Nice car ... Explosive content ... tesla Model 3 still the king of range efficiency for now.
New toys fanboy waffle to sell YouTube product 1.08 million in this tube 'nice' earner.
History is that it just a car aka early 20th century concept  'salesmen' just selling status not an integrated transport system the real people need.",0,True
UgyKOoNf3wrogRWsevt4AaABAg.AAqxGQN_SlSAArluLV1oS0,comment,eNYndWedZsE,UgyKOoNf3wrogRWsevt4AaABAg,True,@apumpkinmasher,"@fullychargedshow methinks getting a bit hot under the collar or 'they' sponsors message is being diluted by the fiction of electric utopia not being embraced by the great majority of plebs. Big investments going south due to poor charging infrastructure, variable pricing and range lies.
PS not a troll have happy life and bye bye",0,True
UgyKOoNf3wrogRWsevt4AaABAg.AAqxGQN_SlSAAu9YcKxndl,comment,eNYndWedZsE,UgyKOoNf3wrogRWsevt4AaABAg,True,@apumpkinmasher,"I love the concept of nirvana driving experience but electric cars have issues that no amount of wordy wall paper salad will solve the issue of higher cost, range anxiety, poor charging infrastructure with variable pricing models, higher insurance the list goes on and on.
Wonder why Europe has put a tariff penalty on.
Chinese subsidies to buy market share hmmm
Promoting a good product is fine but critical analysis of the narrow view is just spin to sell the idea that is still in its evolutionary phase.
Reminds me of the british railway madness of the 19th century 
I have tried to say neutral conversation wise but it appears would rather denigrate than discuss.
Shows that you’re a bit thin skinned re this matter.
Wish you luck as folks are becoming more sceptical of electric gurus.
Cheers",0,True
Ugx9L6Ucfi9F2FCn02l4AaABAg,comment,eNYndWedZsE,,False,@Neil2022,“Nothing to distract you” when talking about fiddling with the screen whilst on the move. Ok right?..,0,True
UgyUwmQVUM9yT_kQNqp4AaABAg,comment,eNYndWedZsE,,False,@isaacneumann,"Too much in the car, too less time in the gym, my friend. It shows!",0,True
UgzuS17VRprqphS76m94AaABAg,comment,eNYndWedZsE,,False,@jamesdawson3123,"Seeing a heap here in Oz, test driving one in a couple of days, then it's decision time.
Tesla or BYD seal🤷‍♂️",0,True
UgzuS17VRprqphS76m94AaABAg.A9Xjt2UD-HwABfKYpsg6f3,comment,eNYndWedZsE,UgzuS17VRprqphS76m94AaABAg,True,@CThienV,Which did U buy?,0,True
UgzRBJ50YcXJC0t4HbV4AaABAg,comment,eNYndWedZsE,,False,@carlosgravil3325,"finally some competition to the West! good luck and hopefully quality, green reliable transportation for the world",0,True
UgwA5ARP7zp_nYqbkxh4AaABAg,comment,eNYndWedZsE,,False,@gerardkinneen7252,"""The Perfect EV"" i bet you say that to all the ev's",0,True
UgwAlwXAzgVM244M01V4AaABAg,comment,eNYndWedZsE,,False,@Itthetruth,Thay is no prefect ev because thay cannot mark a good battery yet,0,True
Ugx6yoCWSdX9QTpSsQR4AaABAg,comment,eNYndWedZsE,,False,@Ray-ld3mt,"I bought this car, AWD version several months ago (resident of Brazil). Fantastic car. Love the experience. Hard to imagine ever going back to old fashioned ICE's. Range wise it surprises me, got it to 503 km on ECO mode, air-conditioning off and mixed urban / motorway use.",0,True
UgxG9z4NMNShPcIcsfJ4AaABAg,comment,eNYndWedZsE,,False,@Buckshot99,"If you want no manufacturing in your country, for them to be built by the worlds largest polluter, paying employees low wages and shipping to the other side of the world,… maybe lay-off the environmental friendly bs?",0,True
UgxG9z4NMNShPcIcsfJ4AaABAg.A7N4sl4tTPeABfL5zddAFd,comment,eNYndWedZsE,UgxG9z4NMNShPcIcsfJ4AaABAg,True,@CThienV,"How much do they polute per capita? They're a big country with a massive population and they make the majority of the world's stuff, yet they aren't the world's biggest poluter per capita. 
Their wages are low compared to yours but proportional to their cost of living.",0,True
UgxG9z4NMNShPcIcsfJ4AaABAg.A7N4sl4tTPeABfewTiq_nA,comment,eNYndWedZsE,UgxG9z4NMNShPcIcsfJ4AaABAg,True,@Buckshot99,"@  yeah sure, take everything at face value.  Tell me, how are emissions measured on a country by country level? Who does the reporting? All 100% honest and truthful right? Have you seen the smog in cities in China and India?",0,True
UgzszCDSWRNbKRz8giN4AaABAg,comment,eNYndWedZsE,,False,@dailyrider2975,"NOPE!  Just saw real world 2 day comparison with Tesla.   Yes BYD goes further.     But charging network of Tesla just wins, tells you where to go, plug and works, cost 50% less by end of 2nd day.  More efficient   m/kwh  and $10,000 less.   BYD the big screen is partially blocked by steering wheel,  small drivers screen is blocked if you move steering wheel to comfort position.  Also drivers screen shows power usage which is constantly changing and distracting.     Sorry BYD!",0,True
UgxZRREhm7Koq90_bsB4AaABAg,comment,eNYndWedZsE,,False,@wadesta1986,"Great review, but i disagree with your ""not a Tesla killer"" statement. If BYD continues in this trajectory, they will destroy Tesla. And i say that because BYD has a better lineup, but they also listen to what their customers want, and that has been proven in the Australian market when they updated their software based on customer feedback related to their ADAS.",0,True
UgwXrA2f1CdLr31d4LZ4AaABAg,comment,eNYndWedZsE,,False,@nathanbrown492,"4:22, would love to see that show you were mentioning, but sure EVs catch fire less (due to not having any flammable ingress), but when they do catch fire, they are (supposedly) horrible for Emergency services to deal with; would be good if your video explicitly approached this.",1,True
UgwXrA2f1CdLr31d4LZ4AaABAg.A6w9muetvrZAL_qeWVRc9k,comment,eNYndWedZsE,UgwXrA2f1CdLr31d4LZ4AaABAg,True,@nickc6882,"Not enough people know this. EVs catch fire 60 x less than conventional cars, BUT when they do it’s much worse.  It’s a bit like flying. Planes crash far less frequently than cars, but it’s worse when they do.",0,True
UgywD0P4unrGtsZlWu14AaABAg,comment,eNYndWedZsE,,False,@Jonse70,The recent software updates really made this car a superb peace of technology,0,True
UgxGWNpLCOC7d2Oaezl4AaABAg,comment,eNYndWedZsE,,False,@Vim-Wolf,"Impressive battery safety. My dog put his tooth through my mobile phone and it caught fire. Dog was OK, phone and carpet weren't.",0,True
UgxBcL5YiwfQpZ9FA814AaABAg,comment,eNYndWedZsE,,False,@saalamin1869,It's the best looking ev in the market right now.,0,True
Ugyrv8NG8z90RPxsADJ4AaABAg,comment,eNYndWedZsE,,False,@xijinping1989-m1b,呢槓野,0,True
Ugy8FadgINA96eyFP7B4AaABAg,comment,eNYndWedZsE,,False,@aaronharris2684,Tesla eats BYD for breakfast,0,True
UgxMuUxDC8lrRcLNUwd4AaABAg,comment,eNYndWedZsE,,False,@Yourtube967u,"I would like to know, how much money you got for this review, how much they pay you for that?",0,True
UgwSK2WCcGkFPdlhwVd4AaABAg,comment,eNYndWedZsE,,False,@markwriter2698,Thank you.  My concern is the screen.  Doubt I can drive safely as I look for the correct menu and then the correct icon.  Definitely would need to adjust the settings before starting a drive or be very familiar with the Screen controls.  I‘d probably need to pull over most of the time to get it right.,0,True
UgxKVJfdgM-in7wnCvh4AaABAg,comment,eNYndWedZsE,,False,@peterkhew7414,"If someone can implement wirless charging in parking lots, it will change everything.",0,True
UgwLbL5lIsYTnFY6I-14AaABAg,comment,eNYndWedZsE,,False,@Kiwi-Ahh-Nah,IMO - BYD is a far more attractive choice over Tesla if for no other reason that BYD is not associated with Elon Musk.,0,True
UgyjqoY00ijSrQVmNad4AaABAg,comment,eNYndWedZsE,,False,@enigmaticloremaster1700,"If you only knew how dangerous for the environment the battery technology truly is. I could tell you in one word but Y.T, bans the mention of this chemical compound, So I defiantly know they are hiding the true facts from most the general public. All I can really only tell you is to research the most dangerous chemical in Li-Ion batteries, but that may not even give the true info, But soon it will be well known, they can never hide things forever. And if you find the right scientific study info, I am sure you will agree it is a big problem. Guaranteed if you were to make a video about this chemical and its dangers, they would not allow you to post it. Not one of the video's on how these batteries work will ever mention this chemical either. Only scientific studies bought this to my attention. Not misinformation videos or conspiracy theories. I will try this - it is in the Pfas family. That seems to be the only thing they allow.",0,True
UgyFqUQWuQRM1mmz0fV4AaABAg,comment,eNYndWedZsE,,False,@bush2137,"The car is really cool, but no way i'm hetting in a Chinese ev, not yet anyways",0,True
Ugy3L0VkIIo2lSNVODN4AaABAg,comment,eNYndWedZsE,,False,@KeliK1,I love the looks of it. It seems very quiet too. I enjoyed the quality video and the awesome drone works. Well done!,0,True
UgyF_MqsC5OuPn7yFtB4AaABAg,comment,eNYndWedZsE,,False,@Paulo-ov4yo,"Saw BYD at Goodwood, I was impressed by the vehicles on display.",0,True
UgyuSxEbJ3IGynRpo-p4AaABAg,comment,eNYndWedZsE,,False,@youloveit1,Americans do not like this,0,True
UgwtLmgpLWXEB_pBnad4AaABAg,comment,eNYndWedZsE,,False,@myeverythingworld8123,I won't be driving a cheap chinese fire trap called a 😂 seal,0,True
UgxOR7STscEtkN_PAEB4AaABAg,comment,eNYndWedZsE,,False,@rolanddeschain965,Great propaganda but actual sales numbers paint a drastically different portrait.,0,True
UgxK3Stu0vykt1V8d6R4AaABAg,comment,eNYndWedZsE,,False,@josdesouza,Tesla killer? Not so sure. But it surely represents another nail in the fossil fuels coffin.,0,True
Ugz6LbDXDZlZiFO5GPd4AaABAg,comment,eNYndWedZsE,,False,@Joebkk,Reason why EU put higher tax on these cars bcoz they can't complete and want consumers to pay more. Instead they should give energy cheaper to companies to help be competitive. Welcome to EU,1,True
Ugzt4XMyKPReplPfVIx4AaABAg,comment,eNYndWedZsE,,False,@petergreen5337,❤beautiful  just BEAUTIFUL.,0,True
UgxOI5aLj0sLZcfCTtR4AaABAg,comment,eNYndWedZsE,,False,@larrysorenson4789,Buy American,0,True
Ugwi-qNqRERu3DKA5yB4AaABAg,comment,eNYndWedZsE,,False,@Deuxiit,After watching China observers ByD episode this video is hilarious comedy.,1,True
UgyshtpfYu4tP0-d7Dl4AaABAg,comment,eNYndWedZsE,,False,@baybars_0,this video and the comments are fishy,1,True
Ugzq8Nq-iMyB6-W38Z14AaABAg,comment,eNYndWedZsE,,False,@baybars_0,sponsored by communist party of China,1,True
UgxNWczMC-euyY94SpF4AaABAg,comment,eNYndWedZsE,,False,@leonchu4330,"BYD produces sensible, fun-to-drive and safe EV with reasonable price. My home in Australia bought two and with installed solar panels on our roof and EV charger in our garage, driving the car practically cost almost nothing to us while at the same time doing something to help reduce carbon emissions. Oh, what a great feeling!",2,True
UgxNWczMC-euyY94SpF4AaABAg.A5HpIkTmks1A5WCATlAMVJ,comment,eNYndWedZsE,UgxNWczMC-euyY94SpF4AaABAg,True,@andreasankara,"but that's not true, firstly you have probably polluted a lot more since to produce those two cars you polluted like 20 years of a car with a thermic engine, and secondly because you are giving your money to a dictator who will soon start a war and your country will be one of the hardest hit",0,True
UgxNWczMC-euyY94SpF4AaABAg.A5HpIkTmks1ABfLhOEUq7H,comment,eNYndWedZsE,UgxNWczMC-euyY94SpF4AaABAg,True,@CThienV,​@andreasankarayou haven't purchased anything from a country that hasn't started a war?,0,True
UgxBk6rxHnmheGuo-rh4AaABAg,comment,eNYndWedZsE,,False,@profounddamas,"Really? Then the previous ones were so bad? We need at least 20 years of using whatever EVs we buy in order to reach any conclusions about EVs, reliability and durability are complete unknowns. And when the time comes to get a new battery every EV owner should take a selfie of the moment he pays for that battery. BTW there should be a site for EV owners to post selfies of those kind of moments. Saying a certain EV is good, completely ignores the time factor.",0,True
UgzY62OP-S4oWa7iLjB4AaABAg,comment,eNYndWedZsE,,False,@arturobayangos1223,that depends on how much you get paid to advertise . .,2,True
Ugz3vO48U9x344W_i5x4AaABAg,comment,eNYndWedZsE,,False,@igit_7296,China is the best at making cars! People around the world should welcome what China is doing to help fight the global warming climate change. American government is trying to fight against free trade and are angry that China has made better cars for people to drive everywhere.,0,True
Ugw2gh8-xW5J_MC1LJ54AaABAg,comment,eNYndWedZsE,,False,@rign_,"Instead of whining and trying to ban the competition, US and EU companies should focus on innovating and improving their own products and cars. After all, quality matters, which is why BYD has been able to successfully sell their vehicles in the EU and pass rigorous quality checks.",1,True
Ugyyd_35YqmY7jBgLOt4AaABAg,comment,eNYndWedZsE,,False,@mohiuddinahmad1792,Nice review ❤❤,0,True
UgxSNLSzlp7IDVyDMrp4AaABAg,comment,eNYndWedZsE,,False,@jotai99,"""China is a thread"" or China can bring you great products or even bring you wealth even build your dream ... ask Elon Mask ...",0,True
UgxIVxnnJz4co3LaB5Z4AaABAg,comment,eNYndWedZsE,,False,@iali00,Love that there are no tiers. All the cars come fully loaded. Tesla has it that way and makes car buying a great experience.,0,True
UgxHRWLSJHTIqYSAvgN4AaABAg,comment,eNYndWedZsE,,False,@ferfromla,"This car spells trouble for Tesla and the rest of American car makers. While tariffs will protect them in the US, they will not be able to compete globally as the quality and price cannot be matched when compared to this EV. Sadly, American car makers have not been able to find a way to produce an affordable, high-quality EV and instead have opted to offer $100k pick-up trucks that few can afford. Clearly, American car manufacturers need to catch up, and if it wasn't for the protections they have received from the US Government, they would be driven out of business. Even Tesla, which we could always count on to stay one step ahead of the competition, is starting to look stale compared to what BYD and other Chinese manufacturers offer. I expect BYD will flood the world with affordable cars and trucks and overwhelm the competition between the US, Japan, and Europe. We are witnessing a sea change in world car manufacturing as the center of the car universe shifts to China. The legacy car companies have fallen asleep at the wheel.",1,True
Ugy-JEL-zm8IB_Nv3pB4AaABAg,comment,eNYndWedZsE,,False,@abcatos,Full copy of tesla.,0,True
UgyPUkKKiorxatwIL8N4AaABAg,comment,eNYndWedZsE,,False,@dgillies5420,"The thing about Teslas is that they go long distances with EASE.  The trip planner finds your route & charging stops, and Teslas charge about 2x-4x faster than ANY OTHER CAR.  BYD can't do that yet - high speed public charging networks DO NOT EXIST.  It's why Ford & GM are joining the Tesla Supercharging network.  For the price of a BYD Seal, the car  DOES NOT go long distances, so it's actually a fail in my opinion.",0,True
UgwZspgCkVOtQC1IJ9t4AaABAg,comment,eNYndWedZsE,,False,@leohedrick1624,Holland get BYD before US 😂,0,True
UgzsZsS_nNJ0zQzSJh14AaABAg,comment,eNYndWedZsE,,False,@cristiancucu4100,"Well i have seen more then one brand of chinese electric cars (not this one yet) and they all had the same two problems : not exactly the best software and infrastructure wich needs to be built form zero and the free shit ''shtuf''  needs to end ... no good business is done with free shit  .... i dont know about the software of this car but i do know that no mater how great the car is if you dont    have the infrastructure problems will be BIG problem .... it will be for the chinese to solve the software problems if they did not solved them allready (chinese do tend to be smart peeps) and for us to actualy have an infrastructure for the things cuz i know these cars no mater the brand are actualy good for short to medium drives and after that we can start talking of how ''great and perfect for not nature and beautyfull and how cosmic'' these space ships are ...... oh yes ! tesla has the infrastructure problems too 
   Sory for buchering english , i am not an english speaker",0,True
UgxQWJmfRJ-0NVNWM0l4AaABAg,comment,eNYndWedZsE,,False,@kingjohn219,I was lucky to have invested in byd a while ago. I have a Tesla and it is the best car I have ever driven but I’m very interested in how a byd drives.,0,True
UgyIV9V5bJ0n1n2fz6Z4AaABAg,comment,eNYndWedZsE,,False,@gwinwon3232,"Saddly, BYD seal's sales volume is quite low in China rightnow.
It's not price competitive. Well,  at least in China 2024.
I just bought a 460+HP, 620NM, 4 wheel drive, 77KWH Battery, front double wishbone, Brembo brake, 2 door coupe for less then 20K EUR brand new...Seal is like 25K EUR.
I feel like stealing and guilty. In a good way though😅",0,True
UgxzOOgS4hC5LeuYs2F4AaABAg,comment,eNYndWedZsE,,False,@Crrera-j6o,"Never buy chinese made, especially a car, they safety is non existent!",0,True
UgxzOOgS4hC5LeuYs2F4AaABAg.A4oeEYksiDaA4oljEm6UcU,comment,eNYndWedZsE,UgxzOOgS4hC5LeuYs2F4AaABAg,True,@fullychargedshow,"Hello Claudio Carrera, I think itis perfectly understandable for you to hate Chinese cars, however these vehicles have to pass stringent safety checks to be allowed to be sold in Europe. I have driven many of them and they are as safe as any vehicle made locally.
10 years ago concerns about safety may have been valid, now, we need to find other reasons to hate them.",2,True
UgxzOOgS4hC5LeuYs2F4AaABAg.A4oeEYksiDaA4oqKCtKt6t,comment,eNYndWedZsE,UgxzOOgS4hC5LeuYs2F4AaABAg,True,@Crrera-j6o,"@fullychargedshow Lies you must be a wumao channel. ADAC puts Chinese EV’s to the test. It turns out to be a major safety risk.

“Basic safety equipment is completely missing, which becomes particularly evident in the crash test of an offset frontal collision at 64 km/h (40 mph)”

Never buy chinese made, cheap manufacturing with terrible safety records!",0,True
UgxzOOgS4hC5LeuYs2F4AaABAg.A4oeEYksiDaA4t3rUbI6_i,comment,eNYndWedZsE,UgxzOOgS4hC5LeuYs2F4AaABAg,True,@Netsurf123,"Dude, you obviously have no idea...! 🤣",0,True
UgxzOOgS4hC5LeuYs2F4AaABAg.A4oeEYksiDaA4z4Dmtqz39,comment,eNYndWedZsE,UgxzOOgS4hC5LeuYs2F4AaABAg,True,@Crrera-j6o,"@Netsurf123 How many BY D dealerships have burnt down, it not even a month old hahah alreadyy exploding lol I drive Merc63, real car by real innovators.",0,True
UgxzOOgS4hC5LeuYs2F4AaABAg.A4oeEYksiDaA58fnsz1Ryn,comment,eNYndWedZsE,UgxzOOgS4hC5LeuYs2F4AaABAg,True,@Thebluetap3,It's sad that he totally believes he's right lol ​@Netsurf123,0,True
UgxzOOgS4hC5LeuYs2F4AaABAg.A4oeEYksiDaA5IHotfA446,comment,eNYndWedZsE,UgxzOOgS4hC5LeuYs2F4AaABAg,True,@Crrera-j6o,"@Netsurf123 Yeah I do, I drive a Mercedes AMG C63, are real engineered car, not a chinazi rip off that will explode hahah",0,True
UgwZb6UmUmxJnPsENEd4AaABAg,comment,eNYndWedZsE,,False,@joeychan8886,"BYD is just kind of garbage before,but Chinese government didn’t ban any other countries car brands and allowed competition in China that’s why the car prices in China now is much much more cheaper than any other countries.(BYD Han25k dollars/BYD dolphin 13k dollars/ Tesla model 3 28k dollars / Tesla model Y 40k dollars/ and even other countries brands sells much cheaper in China than in their countries)",1,True
UgwG20dMk328Rs0bwCx4AaABAg,comment,eNYndWedZsE,,False,@anthonykenny1320,How much is BYD paying for this entertainment,1,True
UgxskyTjGW1A4j48Vtx4AaABAg,comment,eNYndWedZsE,,False,@anthonykenny1320,That was a very beautiful sheep,0,True
UgwqrGztMXmoxBR9Dtp4AaABAg,comment,eNYndWedZsE,,False,@maninscrubdallas8694,"You lost me when you said tech has changed EVs that you don’t lose range when using the heater or a/c. Huh? How do you power the heating or cooling system? What air or wireless medium? I hope someone isn’t being paid big time to push EV. Will this car charge in 10 minutes to 100%? Even waiting to charge makes me feel sick. EV (exploding vehicle), no thanks. ICE vehicles for life…they’re practical and just makes sense. Also, ICE vehicles create lots of jobs compared to EVs, which are job killers.",0,True
Ugxh1Zz0AuK1_8qRApl4AaABAg,comment,eNYndWedZsE,,False,@maninscrubdallas8694,Controlled car crash tests? CGI? Cut/joined footage?,0,True
UgzwVHW-SsStmVxLzJZ4AaABAg,comment,eNYndWedZsE,,False,@vintageb8,but it doesn't have autopilot,0,True
UgyXjGT2vu57W-CvJqF4AaABAg,comment,eNYndWedZsE,,False,@chihuynh7335,How long does it last?,0,True
UgzIJ36JqD9WW8BDwYB4AaABAg,comment,eNYndWedZsE,,False,@44jwong,EV cars should have the ability to recharge battery when the car is running.,0,True
Ugxa4TTsqvLnJQQlA2d4AaABAg,comment,eNYndWedZsE,,False,@Lee-fc3yf,"They copy everything, what's the actual point of buying knockoffs?",0,True
Ugxa4TTsqvLnJQQlA2d4AaABAg.A4Wd18UAK05A4t49XiuEHw,comment,eNYndWedZsE,Ugxa4TTsqvLnJQQlA2d4AaABAg,True,@Netsurf123,🤣😂🤡,0,True
UgyG_wAP8jNoZ_hReeR4AaABAg,comment,eNYndWedZsE,,False,@romarpromo8190,Does this English man knowe he advertising for a Chinese car.😂😂😂😂😂,0,True
UgyG_wAP8jNoZ_hReeR4AaABAg.A4TpE_uPSOcA4ssMOBAHUj,comment,eNYndWedZsE,UgyG_wAP8jNoZ_hReeR4AaABAg,True,@RyanJones-rc7nz,实事求是,0,True
Ugy7a8XuMVwJQfttgjN4AaABAg,comment,eNYndWedZsE,,False,@communicationdevice,How many caught fire before a test was completed? p,0,True
Ugy7a8XuMVwJQfttgjN4AaABAg.A4Sm7tpR6jUA4TkTlz_mGf,comment,eNYndWedZsE,Ugy7a8XuMVwJQfttgjN4AaABAg,True,@葉樹根-j8f,FYI ... NONE !!🤌🤌 ... 😅😂🤣😂🤣😂🤣😂🤣,1,True
UgzzcePBlk9Fypp2OeJ4AaABAg,comment,eNYndWedZsE,,False,@lloydguenther6102,"I saw one today in Hua Hin Thailand
Understated but eye catching",0,True
Ugzgcy_ZLv0kigNpYjN4AaABAg,comment,eNYndWedZsE,,False,@stevew5212,Stop the USA tariffs on China vehicles.,2,True
UgxpnhLqorEV6g1OHUZ4AaABAg,comment,eNYndWedZsE,,False,@jasonbeedon9867,Did he say dogs in trunk? 😂,0,True
UgzyRi0aRLmNzQQ1q6h4AaABAg,comment,eNYndWedZsE,,False,@lovepeace3015,Tesla is in a big trouble,0,True
UgwjZvwmykraRbHrtCB4AaABAg,comment,eNYndWedZsE,,False,@zytheisuniverse1889,No Chinese vehicles in the US .,0,True
UgxEoCW2QwCO4QDXf9t4AaABAg,comment,eNYndWedZsE,,False,@a55tech,they shoulda named their voice assistant another name than the company name lol,0,True
UgxjSD_dac80UVuHDQR4AaABAg,comment,eNYndWedZsE,,False,@basilkearsley2657,I was a subscriber to this channel but I came to believe that they are just a shill for the car companies. They never give true reviews of cars because I only ever see positive reviews. In this case they need to report on the number of car fire involving this maker and the fact that the Chinese government is suppressing EV car fire reports,0,True
UgxjSD_dac80UVuHDQR4AaABAg.A4DBeBE5nXGA4NJ4JMJYbK,comment,eNYndWedZsE,UgxjSD_dac80UVuHDQR4AaABAg,True,@LCCATCX,"Stop watching those anti-China channels. They made up stories using random photos and videos found on internet. They made a living out of lies. Use your brain. There are millions of BYD on the road OUTSIDE China. How does the Chinese Government suppress CNN, BBC, DW if there are widespread EV fire problems in EU or Australia?",0,True
Ugy7mVQjLcrTLHeXHbJ4AaABAg,comment,eNYndWedZsE,,False,@cheney9614,BYD qin L DM-i       2400km    only  one tank,0,True
UgwSPzgqerYNxBKvqch4AaABAg,comment,eNYndWedZsE,,False,@donnadong5837,Will you one day do a YangWang U8 review?,0,True
UgzK-CZbfWpUAg78Vgt4AaABAg,comment,eNYndWedZsE,,False,@ValinPrezkowski,The best EV is the one you walk away from in the lot!,0,True
UgyVDCp8yTLbR1ju8aV4AaABAg,comment,eNYndWedZsE,,False,@briang.2599,"Cool test with the battery pack, but it did look damaged at 3:25 . . . I would be a bit leery still.",0,True
UgxUijRD7my9dmy9f894AaABAg,comment,eNYndWedZsE,,False,@mr_0n10n5,"The US has bought time with their tariffs to save their car market.
They better make something as good or better than what China's making or they'll start losing the game soon",0,True
UgySbbWkkagGnfk6WPp4AaABAg,comment,eNYndWedZsE,,False,@capridream,"Slow charging, useless for road trips. Just an overpriced commuter car.",0,True
UgyBzLBGGbyf7CBRH754AaABAg,comment,eNYndWedZsE,,False,@FatherOf1450,"Being Chinese is so much freedom and lucky! Chinese people can buy all most all cars, German, American, Japanese….cars, also all Chinese cars, with reasonable prices! ❤🇨🇳",3,True
UgyYiy4H8TY8Z3jjcyJ4AaABAg,comment,eNYndWedZsE,,False,@spawn11,Just matter of time for how long Tesla can keep them from entering North American market. Let the competition begin fair and square. Better will win,1,True
Ugzpqbzi4FCH48_513p4AaABAg,comment,eNYndWedZsE,,False,@iHola2008,"FYI, many Chinese EVs were designed by European designers and engineers......so it is really a joint efforts by China and EU.",0,True
UgxZXP5OaDOIW9ShZSZ4AaABAg,comment,eNYndWedZsE,,False,@iHola2008,Build Your Dream......you (the host) are so hilarious for sure.,0,True
Ugzwbldy9W6Lc0a1FGJ4AaABAg,comment,eNYndWedZsE,,False,@Rickristian,Western world needs to wakeup and let Chinese BYD and NIO ev cars into maket immediately.,1,True
UgwL7MJ0iIXiA0Cme2J4AaABAg,comment,eNYndWedZsE,,False,@EatThought,"3:45 you said “BYD"".. nothing happened.",0,True
Ugyz8XbjgDBiapemPt94AaABAg,comment,eNYndWedZsE,,False,@simbobrini1233,Its not a Tesla killer but a Tesla   carbon copy lol 😂,0,True
Ugyz8XbjgDBiapemPt94AaABAg.A3sR6ktIeSvA4NJoGuXOlm,comment,eNYndWedZsE,Ugyz8XbjgDBiapemPt94AaABAg,True,@LCCATCX,Tesla uses BYD battery. Who is whose carbon copy again? 🤣,0,True
UgzMdbpTxOGvZMIMjNR4AaABAg,comment,eNYndWedZsE,,False,@coytimotoworks2440,BYD- Buying Your Disaster,0,True
UgzC0u9gnJ5Uz2NXIK54AaABAg,comment,eNYndWedZsE,,False,@loum.4377,While it looks like a nice car looks can be very deceiving. I wouldn’t park that car in your garage. and I certainly would never pocket in mine. We’re gonna get to the point where insurance companies will not ensure homes that have BYD automobiles or any EV for that matter.,2,True
UgwjWta3N9UW3K1CUot4AaABAg,comment,eNYndWedZsE,,False,@v_valentineyuri,"10 years ago Elon Musk laughted at the prospect of BYD being even a competitor to Tesla in China. Now BYD is not only the biggest EV brand in China but in all the world. Elon is so shitscared by the ""free market"" that the US gov had to stick a 100% tax on chinese EVs so they don't demolish US competition lol",1,True
UgwjWta3N9UW3K1CUot4AaABAg.A3nLU0oBjVUA4SSLs_yDty,comment,eNYndWedZsE,UgwjWta3N9UW3K1CUot4AaABAg,True,@tooorkey,They fake their numbers. Chinese EVs end up being bought by their own companies to change the statistics. They have bad safety ratings. Go research on YouTube,0,True
Ugz_jnBzpUYxcNzm7SN4AaABAg,comment,eNYndWedZsE,,False,@sosososososo4148,They are already leading EV and batteries at much affordable prices,2,True
Ugwr5WsH1DdmDknO2ul4AaABAg,comment,eNYndWedZsE,,False,@Kaiser_James_Toronto,"I want to buy the BYD seagull , I really really wish I can buy it in Canada. ❤",1,True
UgzehR3oCWRnS5uEvud4AaABAg,comment,eNYndWedZsE,,False,@jkdm27,"This must be paid by CCP, cpc, and PRC.  Buy only American EV cars from GM and Ford.",0,True
UgzehR3oCWRnS5uEvud4AaABAg.A3l9PcxGy6qA3loVQXVVMS,comment,eNYndWedZsE,UgzehR3oCWRnS5uEvud4AaABAg,True,@CC86CA,GM and Ford make trash cars. Garbage.,3,True
UgwgdWGexN8FiKOjLdF4AaABAg,comment,eNYndWedZsE,,False,@VNavale,"At the moment the reason I'd be hesitant to buy a BYD or any other Chinese car is the lack of service/repair network in the UK. I'm not too bothered about badge (although I'm driving Mercs and BMW's for the last 15 years) 
The German cars have become too expensive, esp their electric cars and I'm not convinced their electric car technology is upto scratch.",2,True
UgzEnMDBJB6ht-h8qth4AaABAg,comment,eNYndWedZsE,,False,@owenmckenzie6897,This is so unbelievable,0,True
UgxewZ87QPruHZuYoSJ4AaABAg,comment,eNYndWedZsE,,False,@DwainDwight,"seriously considering one of these, awesome car. just drove one.",1,True
UgxETnQr2KMbr51D5PZ4AaABAg,comment,eNYndWedZsE,,False,@positivityplace,Not a Tesla Killer but a nice knockoff,1,True
UgxETnQr2KMbr51D5PZ4AaABAg.A3j-DhkCoTcA4NK9UzHLcg,comment,eNYndWedZsE,UgxETnQr2KMbr51D5PZ4AaABAg,True,@LCCATCX,"For starters, Tesla uses BYD battery not the other way round. Their design philosophies and looks are completely different. Only a Tesla fanboy can say it is a Tesla knockoff!",1,True
Ugx41cdunROWH9aWmxR4AaABAg,comment,eNYndWedZsE,,False,@addsfour3499,"Yes, china will effect Toyota, but its the Germans that will really feel the heat",0,True
UgwIzBVdMh5F9Kbt5VF4AaABAg,comment,eNYndWedZsE,,False,@golgoth7600,F. I'd take that Byd anytime over a tesla. Only thing Tesla had over its competition was a head start,0,True
UgwEI0QWqtGpgtu9aqR4AaABAg,comment,eNYndWedZsE,,False,@47izaPedo,Why do trunks now have to motorized?  Just more weight and something else to break.,1,True
Ugx5dnTiduLob4U6yVl4AaABAg,comment,eNYndWedZsE,,False,@CThienV,"China is the worlds factory. 
What is their CO2 emission per capita vs, say, america?",0,True
Ugx6bq18w-skTIcjIYF4AaABAg,comment,eNYndWedZsE,,False,@Mozzos,The braking is crap,0,True
UgzZN_wt7YORwQvO2d54AaABAg,comment,eNYndWedZsE,,False,@happy14945,i thinks it's wild that the usa has put a 100% import tax on the car cause they know it's so good that it will dominate the market.,1,True
UgzZN_wt7YORwQvO2d54AaABAg.A3bbm2Lsf5wA4rj9igMcDq,comment,eNYndWedZsE,UgzZN_wt7YORwQvO2d54AaABAg,True,@iaf010,Wrong. They put 100% tax because China subsidizes BYD by Billions !,0,True
UgxSlNUcakxycl6MIM14AaABAg,comment,eNYndWedZsE,,False,@MrDead1975,seems there BYD fires are ramping up currently lol,0,True
UgyPBvYGNM3YAfhzcwF4AaABAg,comment,eNYndWedZsE,,False,@chrisnewman7281,some people love walking in the rain in fact there’s quite a few songs written about that very thing,0,True
Ugxx5osotSZc8rxBmFJ4AaABAg,comment,eNYndWedZsE,,False,@niemi5858,"The best EV isn't built yet. It would accept a full charge in under 15 minutes. Until then, they're just an expensive experiment.",0,True
UgxQSe_xAkBXR6ANfGB4AaABAg,comment,eNYndWedZsE,,False,@neildolan7177,Watching this video makes me think that people pushing EVs are just investors in Chinese companies & do not care about the environment. Where is the credibility?,0,True
UgxQSe_xAkBXR6ANfGB4AaABAg.A3Sio2JdedCA3eoOB8uWuj,comment,eNYndWedZsE,UgxQSe_xAkBXR6ANfGB4AaABAg,True,@CThienV,"Unless you're walking everywhere, you're not innocent",1,True
UgxQSe_xAkBXR6ANfGB4AaABAg.A3Sio2JdedCA3fN-LaHVa7,comment,eNYndWedZsE,UgxQSe_xAkBXR6ANfGB4AaABAg,True,@neildolan7177,"@CThienV  China is the biggest polluter in the world & current batteries have a high carbon footprint. The reason for this is it makes it cheaper, not greener. Waling instead of driving is not going to change that.",0,True
UgxQSe_xAkBXR6ANfGB4AaABAg.A3Sio2JdedCA3ftZF-zHou,comment,eNYndWedZsE,UgxQSe_xAkBXR6ANfGB4AaABAg,True,@CThienV,"@neildolan7177 
Are they the biggest pollutor per capita? 
No, they aren't yet they are the world's factory and have a massive population.",1,True
UgzUfBXzdMuANPnEImZ4AaABAg,comment,eNYndWedZsE,,False,@neildolan7177,"China is the biggest emitter of CO2 emissions in the world. It has increased its number of coal fired power stations to sell lower carbon technology. How can we accept this as a solution to global warning. Additionally, America has put tarrifs on Chinese goods because it has been proven that they are using stolen IP to fuel its advancement in technology. Please dont buy Chinese EVs because its an investment in a country that puts profits ahead of global warning. None Chinese companies make EVs so buy them. It horrifies me that such a prestigious channel would lower its self to promote Chinese EVs. They must be involved in Chinese investments.",0,True
UgzUfBXzdMuANPnEImZ4AaABAg.A3Si4LxXBmKA3vlCMqwxWB,comment,eNYndWedZsE,UgzUfBXzdMuANPnEImZ4AaABAg,True,@mikechang7570,"I guess if he promotes gas cars manufactured by the USA, which has the second largest CO2 emissions in the world, will definitely satisfy you. Hypocrisy at its finest.",1,True
UgzUfBXzdMuANPnEImZ4AaABAg.A3Si4LxXBmKA3vpl4_zju8,comment,eNYndWedZsE,UgzUfBXzdMuANPnEImZ4AaABAg,True,@neildolan7177,"@mikechang7570  not as bad as China building coal fired power stations, which is the highest emitter of CO2 Power generation, accounts for nearly 40% emissions compared to 10% for transport which is mainly freight not cars. And building battery cars, which are more carbon intensive than ICE cars to build. Its counter intuitive. China needs to be hit with a carbon tax for continuing to build coal power stations when it could burn gas, which is cleaner. It chooses coal because it is cheaper.",0,True
Ugxhh-RdkkHpSdNRHdd4AaABAg,comment,eNYndWedZsE,,False,@mikehughes9836,"Come home to a real fire, plug your BYD car in your garage, and the reason there are more petrol and diesel car fires, there are millions more on the road, and are a lot older on average",0,True
Ugwogr-d4qhoR7QRMjF4AaABAg,comment,eNYndWedZsE,,False,@Germany._.Kit77,We don't need Ev's 😢,0,True
Ugwogr-d4qhoR7QRMjF4AaABAg.A3M09IYVYyDA3ep8W9dobk,comment,eNYndWedZsE,Ugwogr-d4qhoR7QRMjF4AaABAg,True,@CThienV,"We don't need any kind of vehicle really. Oxygen, water and sunlight is all we need.",1,True
Ugx-9KHhtrCsyxSEQeJ4AaABAg,comment,eNYndWedZsE,,False,@sicktired8857,I hope they succeed in making an EV that is safe and inexpensive but ONLY Time will tell.,0,True
UgyBHn3NfqKNIepPulh4AaABAg,comment,eNYndWedZsE,,False,@hamdymohamed7276,❤❤❤,0,True
Ugyl2UvjSHOOOIpxWG94AaABAg,comment,eNYndWedZsE,,False,@vastg5453,The full glass roof design is a hazard. A rock from the top can kill all the people inside in one blow. Moronic design for any car that uses the glass roof.,0,True
Ugyl2UvjSHOOOIpxWG94AaABAg.A3A4v1g584JA3epNPUTjD7,comment,eNYndWedZsE,Ugyl2UvjSHOOOIpxWG94AaABAg,True,@CThienV,How big must that rock be and from what height must that rock fall from to kill all 5 passengers?,1,True
Ugyl2UvjSHOOOIpxWG94AaABAg.A3A4v1g584JA3f0Ihn6PsF,comment,eNYndWedZsE,Ugyl2UvjSHOOOIpxWG94AaABAg,True,@vastg5453,"@CThienV First, no passenger should be hurt. The idea of hurting all 5 is beyond the pale. Second, in terms of weight, a projectile or falling hard object requires orders of magnitude lighter weight to penetrate glass than a traditional unibody metal roof. It doesn’t even need to hurt the passenger or driver to cause a major distraction to the driving and cause accidents. Third, a small and fast projectile, such as hail blocks, is more than enough to break the glass, much less any falling articles from a window of a building.",0,True
Ugyl2UvjSHOOOIpxWG94AaABAg.A3A4v1g584JA3f8Pi2_SyY,comment,eNYndWedZsE,Ugyl2UvjSHOOOIpxWG94AaABAg,True,@CThienV,"@vastg5453 First. You stated a rock can kill all passengers in one go. I only quantified what you said. 
My car has severe hail storm damage yet my sunroof was unaffected. Sure, my sunroof doesn't  have the same span as a full panoramic roof but my wife's car with a panoramic roof was fine after the same storm.
Sure, I agree that there are risks with things falling from the sky and building windows but with how frequently such incidents occur to the extent that you describe, there are other scenerios more worthy of your paranoia. Maybe we're better off staying indoors",1,True
Ugyl2UvjSHOOOIpxWG94AaABAg.A3A4v1g584JA3fdV2yuQ64,comment,eNYndWedZsE,Ugyl2UvjSHOOOIpxWG94AaABAg,True,@vastg5453,"@CThienV I don't expect people to agree with me, and I am simply pointing out a possible scenario. People are free to make their choices. If they choose to take that risk, it is their own lives at stake. To me, the design is a hazard for no benefit I care about, so I will vote with my wallet and not buy cars with this design. If it turns out to be a bad design, it won't stand the test of time and will fizzle out of the market.",0,True
Ugyl2UvjSHOOOIpxWG94AaABAg.A3A4v1g584JA3fsf0wgDBG,comment,eNYndWedZsE,Ugyl2UvjSHOOOIpxWG94AaABAg,True,@CThienV,"@vastg5453 have you seen crash tests of this car or other cars with panoramic roofs? How did they go? High speed side, front and rear impacts stress the roof more so than a direct perpendicular hit of a rock would, surely?",1,True
Ugx8ZtUgEnrAs3dHxgJ4AaABAg,comment,eNYndWedZsE,,False,@jonathanfields4ever,"If they can just improve the efficiency a bit, it will be perfect for me.",0,True
Ugw2acxyLwR180W2_SZ4AaABAg,comment,eNYndWedZsE,,False,@freemind279,What i don't like is tv in any car period. It should be a driving machine not an entertainment centre.,0,True
Ugw2acxyLwR180W2_SZ4AaABAg.A378xQiJuRLA3epmw6sP9a,comment,eNYndWedZsE,Ugw2acxyLwR180W2_SZ4AaABAg,True,@CThienV,But you look out the windscreen as you drive any driving machine.,0,True
UgwlxkBDT3dZWrOLbo14AaABAg,comment,eNYndWedZsE,,False,@neorenjie,Only fools underestimate China.,4,True
UgwXhdqDqAhUV_T6dll4AaABAg,comment,eNYndWedZsE,,False,@Kwu99,"Good car but terrible review. Come on I’m not loading this video to hear you make a 45 minutes statements about you, I want a 45 min statements about this car!!!",0,True
UgwXhdqDqAhUV_T6dll4AaABAg.A33lH29O1S5A35PdB6QKYe,comment,eNYndWedZsE,UgwXhdqDqAhUV_T6dll4AaABAg,True,@fullychargedshow,"Oh come on, you can exaggerate more to make a tiny snotty point.
I mean this episode is 15 minutes long but you only exaggerated it to 45 minutes.
You should have said ""I’m not loading this video to hear you make a 15 hour statements about you.""
Lazy",0,True
UgwTqNnyEGNhJaCksax4AaABAg,comment,eNYndWedZsE,,False,@Ceasar8980,I believe the Chinese are fed up with being labeled as building inferior products so they switched up and their other side is absolutely amazing.. i use a xiaomi phone and i can pledge for their battery. One charge and i can go 2 or more days without any problem. The Chinese are going bonkers 😂😂😂. Awesome china ❤,0,True
UgxdBUOa4F5QJfAXEZZ4AaABAg,comment,eNYndWedZsE,,False,@bobjohnston5527,I watched a video from China two days ago. Two years ago in China they had over 2000 EV fire. Last year over 1000. In the video it showed a burned out EV that 4 people lost their lives in the car. They are not safe,0,True
UgxdBUOa4F5QJfAXEZZ4AaABAg.A2xRjem0hg1A2xlXFY2q97,comment,eNYndWedZsE,UgxdBUOa4F5QJfAXEZZ4AaABAg,True,@Shfolofop3hs,"In 2023, 3,000,000 BYD cars were sold. Two years ago, you quote 2000 EV fires. That is 0.0006 chance to have an EV fire, if you are accurate and assuming only BYD cars catch fire. To put it into perspective, the chance of a plane crash is 0.0002. The chance of dying in a car crash is 0.01. The chance of a gas car catching fire is 1530/100,000 cars or 0.01529.",4,True
UgxdBUOa4F5QJfAXEZZ4AaABAg.A2xRjem0hg1A2xmK8Csv-k,comment,eNYndWedZsE,UgxdBUOa4F5QJfAXEZZ4AaABAg,True,@bobjohnston5527,@ProdigalExplorer  that what the guy said in the China video about 2022 when 2000 EV caught fire,0,True
UgxdBUOa4F5QJfAXEZZ4AaABAg.A2xRjem0hg1A3eqHDZ61ZJ,comment,eNYndWedZsE,UgxdBUOa4F5QJfAXEZZ4AaABAg,True,@CThienV,​@bobjohnston5527but that guy did not give data for all other types of cars and vehicles for context and perspective.,0,True
UgwTUGYuiX6Pv-v1P0V4AaABAg,comment,eNYndWedZsE,,False,@jorgegonzalezh.8581,"China Is now what USA was a Century ago.
Sooner or later the old gives way to renewal.",1,True
UgwYYrDgQxsxUjqEBe94AaABAg,comment,eNYndWedZsE,,False,@TheSamed1983,"This made me chuckle a lot. Robert, this review was one of the most down to earth, normal reviews I've had the pleasure to watch.  Felt like a ""normal"" person had experienced the car and gave me their honest comments. Bravo good sir.",0,True
UgyFpC_2TxHTrRnrd4N4AaABAg,comment,eNYndWedZsE,,False,@FriarHavs,Yea right,0,True
UgxYbTQTv1WBeSBp3st4AaABAg,comment,eNYndWedZsE,,False,@robertherman1146,I would NEVER buy an electric car but if I am forced to by the democrats administration I will absolutely buy a BYD.,0,True
Ugws0xiJZDLJIM-g7Ex4AaABAg,comment,eNYndWedZsE,,False,@kelvinpell4571,It's the automotive equivalent of skibidi toilet,0,True
UgwGwVq1BcbRMrEzbIB4AaABAg,comment,eNYndWedZsE,,False,@jackie2-g8l,Reminds of the Japanese cars damn it's literally just a cycle of Asian brands taking over the world.,0,True
UgxQoDfGlf5W3B8ju3d4AaABAg,comment,eNYndWedZsE,,False,@g1nfizz,How much is it cost in the US?,0,True
UgwofssN4jSZ81Bc1T14AaABAg,comment,eNYndWedZsE,,False,@RacerX1971,I still would not buy their P.O.S😂😂,0,True
UgyfcYjPZaV9qI8EGBF4AaABAg,comment,eNYndWedZsE,,False,@Hookeslaw,What seems very cool about this car is the intuitive layout of the controls and seemless Android auto/apple car play. I drove a Kia niro for a while and it was a similar experience. Fairly simple but solid.,1,True
UgysKeGfNnfrKCshxOZ4AaABAg,comment,eNYndWedZsE,,False,@STIjojoSTI,"Ive seen this car on display, it looks amazing inside and out. I was blown away by the interior design and price.",0,True
Ugw2iTjbrZ2yc7IWmih4AaABAg,comment,eNYndWedZsE,,False,@robertomnieves7174,I want to buy a BYD car in the United States. How can I order one? Can I order and buy one in Australia and ship it to the United States?,0,True
Ugw2iTjbrZ2yc7IWmih4AaABAg.A26VnaZmAaqA3eqmeYN8rk,comment,eNYndWedZsE,Ugw2iTjbrZ2yc7IWmih4AaABAg,True,@CThienV,Bring it through the southern boarder. I heard everything gets through there,0,True
Ugw8d7thqhqB52XbBOR4AaABAg,comment,eNYndWedZsE,,False,@fisheye375,And it’s not even the best Chinese EV car…people will be surprised if they knew what is really going on in China.,0,True
Ugydp_mAKWFLO5Y9ULl4AaABAg,comment,eNYndWedZsE,,False,@LilyJ88,"hope Chinese cars will dominate soon and surpass car brands from Germany, US..., bring features of ridiculously expensive supercars to EV cars with reasonable price",1,True
UgyB0vdPvC-gdLSSjX14AaABAg,comment,eNYndWedZsE,,False,@thesheepthemightythecrazy,How far they have come?  They are already the best.,2,True
UgzU0uDEiwhIEptiMlh4AaABAg,comment,eNYndWedZsE,,False,@Pe6ek,"You are using the word literally incorrectly.

Constantly.",0,True
UgxXeVSoV4nk4_HXu4t4AaABAg,comment,eNYndWedZsE,,False,@PRETTYGROSSSTREETFOOD,"As a Chinese Hong Kong born Canadian living in Toronto. I wish BYD, Xpeng and other Chinese EV would be sold in North America. But geopolitics and egos always get in the way of progress and trade.",2,True
UgxXeVSoV4nk4_HXu4t4AaABAg.A1up_iMzUpuADPmftq2xpy,comment,eNYndWedZsE,UgxXeVSoV4nk4_HXu4t4AaABAg,True,@chrisneumann4202,"Yeah and it's stupid.  Decisions being made by people who are driven around in armored cars.  If any country produces crap, people won't buy it.  BYD looks like a real threat to the EV market.",0,True
UgxbxE6WEza895x2u5h4AaABAg,comment,eNYndWedZsE,,False,@MrMcnamex,not so much with ionic battery i wonder who is telling the truth here lolo,0,True
Ugx9VDjRWGwHxEHvzrd4AaABAg,comment,eNYndWedZsE,,False,@eyeofthetiger6002,"Unfortunately, Xiaomi has just released the BYD killer,the Porsche looking SU7!😂",0,True
UgyiBkAWx4ayLr6Poo94AaABAg,comment,eNYndWedZsE,,False,@markwilliamson9199,"Where I live on hot summer days when I get in the car I have had temperatures of 65C or higher, so laughing about max of 60 on the heat pump spec is frankly ignorant.
As to comment on 5 years ago heat pump drained the battery and tech has advanced greatly, then that means 5 year old EV cars are now worthless, and so will the Seal be worthless in 5 more years. So I can’t afford to waste money like that, until tech is stable.",0,True
UgzoGJARGvYcPWw74mR4AaABAg,comment,eNYndWedZsE,,False,@Aliens_Gonna_Get_Ya,EV’s… 🔥🔥🔥🔥🔥🤣🤣🤣🤣🤣,0,True
UgxrXTWTSipuhxDKAhx4AaABAg,comment,eNYndWedZsE,,False,@alanhowemusic2457,Why don’t you promote European cars instead and let the Chinese EV car market look after themselves. Everything else we buy is made in China for goodness sake.,0,True
UgxrXTWTSipuhxDKAhx4AaABAg.A1_-fbs7LuuA3erHxFbcJ_,comment,eNYndWedZsE,UgxrXTWTSipuhxDKAhx4AaABAg,True,@CThienV,Ahhh. U want him to be biased then,0,True
UgzYPvYGNDomtH8vk9x4AaABAg,comment,eNYndWedZsE,,False,@fendiartt,BYD is DEFINITELY a Tesla KILLER and also the product is better than Tesla even though European people didn't admit that. There's no European company can beat BYD and this is FACT.😅,2,True
Ugx-UZ6GMqCnbNmpl6l4AaABAg,comment,eNYndWedZsE,,False,@depandyble,"Uhh yes its a tesla killer lol. In every way. In australia in 2023, BYD sold more total cars than tesla lol. And its only growing.",6,True
UgzB-cXvYofLHbQn3s54AaABAg,comment,eNYndWedZsE,,False,@bengordon7635,"and how far they have become in spy tech ,,,  It the capitalist killer .. every Chinese car you buy , supports the fight against capitalism  ,, China even bugged your Prime ministers EV car hahahhaa agagag",0,True
UgzB-cXvYofLHbQn3s54AaABAg.A1PwyFI7yMFA3et7zS0ZIH,comment,eNYndWedZsE,UgzB-cXvYofLHbQn3s54AaABAg,True,@CThienV,"If you're an important enough person then buy an analog car. 
They can spy on my trips to McDonald's and Walmart all day long.",0,True
UgxgPGU_iOjR_qtFNOp4AaABAg,comment,eNYndWedZsE,,False,@allgoo1990,Perfect trash.,0,True
UgzBlX3IBR0VQc0OZiN4AaABAg,comment,eNYndWedZsE,,False,@dpajc056,Lol you loose a battery cover cap on a hyundai and they tell you the car is worthless and written off,0,True
Ugx_xBaCE1LB_wl19214AaABAg,comment,eNYndWedZsE,,False,@polchar8721,What a nice review ....,0,True
UgzM3MOrFuKb2MGWqep4AaABAg,comment,eNYndWedZsE,,False,@1InVader1,"BYD, Nio, XPeng, all of these look really good. First one to make a sport EV (not a hypercar) is gonna get my money.",0,True
Ugza1HYOgF-czB6UVU54AaABAg,comment,eNYndWedZsE,,False,@anshbongworld,"Cars even now a days reduces range when you turn AC on, so that statement was very untrue. I have a 2023 made car which loses around 8 miles when you turn AC on.",0,True
UgxiqXSO90wQU2kakFh4AaABAg,comment,eNYndWedZsE,,False,@roncheung8893,make a note of this: XIAOMI will be noticed in the next 2-3 years though it only started its EV project exactly 3 years ago.,0,True
Ugxz2f4WNs1i5mY176l4AaABAg,comment,eNYndWedZsE,,False,@reborn-0207,作为一个中国人，如果你和家人或者朋友说你想买一辆BYD的车，他们都会认为你疯了😂,0,True
Ugyft0FfoZT9h-a1Fwl4AaABAg,comment,eNYndWedZsE,,False,@stefan2796,BYD hardly has a dealer network in the EU and in the US. Selling them as a second hand is a major problem: nobody wants to buy them.,0,True
Ugyft0FfoZT9h-a1Fwl4AaABAg.A1AiEXYN3vzA3etO2evOA3,comment,eNYndWedZsE,Ugyft0FfoZT9h-a1Fwl4AaABAg,True,@CThienV,Tesla does not have a dealer network in my country.,0,True
UgyE1j1GMlC_1VJai1J4AaABAg,comment,eNYndWedZsE,,False,@ultrascettico,All that remains is to build an adequate network of charging points for all English cities...,0,True
UgwarlDtnTnfpxv-96B4AaABAg,comment,eNYndWedZsE,,False,@johnywaIker,"Not perfect, I won't get it, that manufacturers build hatchbacks, but make such a small trunk opening. That is why I go for the BMW i4",0,True
UgwqDu1pkWug_Z49hVN4AaABAg,comment,eNYndWedZsE,,False,@amazon4716,"They really have gone from quick cheap manufacturers 

To higher quality manufacturers.

Now all eyes on i n d i a 😅",1,True
UgzpUY0hdzZ0VfMKZpt4AaABAg,comment,eNYndWedZsE,,False,@bb-ballistics1706,At nearly £46k in the UK that will be well and truly out of most people's budget.,0,True
UgwEzZ2E-BCPMUoIfFF4AaABAg,comment,eNYndWedZsE,,False,@tlowe9796,All  I know is Warren is laughing at Elon.,1,True
UgzwoZcwe4d3tbj331N4AaABAg,comment,eNYndWedZsE,,False,@maxx2570,🤮,0,True
Ugxyo5WKJx6gD_GoxE54AaABAg,comment,eNYndWedZsE,,False,@dgurevich1,"I've been in one today and the interior quality leaves much to be desired, specifically the choice of materials. The seats upholstery feels like rubber, the steering wheel is made of the cheapest plastic you'd find on bottom panels of an old VW. I got a Seres 5 EV which costs about the same, has similar range, but the interior is tastefully designed, the carpet is plush and soft, pedals are accented with metal surrounds, everything is soft touch, most of it is upholstered in real leather. Not only the seats, but the door cards, arm rest, center console sides, and dashboard trim. The fake wood is nicer than you'd think, the sound insulation is amazing (it has double pane windows in front)",0,True
Ugxyo5WKJx6gD_GoxE54AaABAg.A0w41Yq3gaSA3etntSH51W,comment,eNYndWedZsE,Ugxyo5WKJx6gD_GoxE54AaABAg,True,@CThienV,"I'm confused. 
Inferiority or superiority complex?",0,True
Ugxyo5WKJx6gD_GoxE54AaABAg.A0w41Yq3gaSA3ev0FY3v5a,comment,eNYndWedZsE,Ugxyo5WKJx6gD_GoxE54AaABAg,True,@dgurevich1,"@CThienV  it's a fair comparison. Both are Chinese EVs both cost the same, it's a matter of taste I guess",0,True
Ugxyo5WKJx6gD_GoxE54AaABAg.A0w41Yq3gaSA3frgsKFY3v,comment,eNYndWedZsE,Ugxyo5WKJx6gD_GoxE54AaABAg,True,@CThienV,@dgurevich1 we all have preferences. You don't need to justify your purchase decision. Be happy and enjoy your ride.,1,True
UgzIxPYrz_4tsxdWydp4AaABAg,comment,eNYndWedZsE,,False,@AFGOPENINT,"In the end its still a shit car, as it 100% electric. Its a scam....",0,True
UgwmU42IKnuKEyzdvY54AaABAg,comment,eNYndWedZsE,,False,@hillman2813,"Great! An excellent ""Fire"" Engine!!! God bless!",0,True
Ugxr3jd3Ideu3qpzaPx4AaABAg,comment,eNYndWedZsE,,False,@marinoint,You can raise the front seats to give rear passengers a lot more feet room!,1,True
UgzHV8tzC-mszRSOtZJ4AaABAg,comment,eNYndWedZsE,,False,@uconnjames,"Trust me, the Chinese cars will be charged a hefty tax to the degree that they are no longer competitive. That is given the assumption that the western countries even allow BYD to enter their markets without ""security concerns"" (think Huawei and Tiktok).",0,True
UgzHV8tzC-mszRSOtZJ4AaABAg.A0pcJqFE8eXA0q5B87I9az,comment,eNYndWedZsE,UgzHV8tzC-mszRSOtZJ4AaABAg,True,@fullychargedshow,"I agree, the import tax is chunky, but I am currently in Australia, there are literally thousands of BYD's already on the roads here. Back in the UK BYD are opening 80 new showrooms  at the same time they are opening more than 400 all over Europe. They are really popular cars and it's only the USA who are managing to hold back this challenge from China. BYD sell more cars than Tesla.",0,True
UgzHV8tzC-mszRSOtZJ4AaABAg.A0pcJqFE8eXA3euLZzVHny,comment,eNYndWedZsE,UgzHV8tzC-mszRSOtZJ4AaABAg,True,@CThienV,"Yep. America and their protectionistic policies framed as 'matters of national security', knee capping their competitors while promoting free market principles. 

They kneecapped Huawei just as they were about to surpass apple.",0,True
UgwjL-GG1D9oDQJTANZ4AaABAg,comment,eNYndWedZsE,,False,@antwango,"the Chinese have just reduced the price of the seagull!!?? in China anyway? £10K in the UK, think some are predicting £9K Jesus!!!! 

We can all build our dreams now if everything becomes affordable!!!! I also fancy a seal though",1,True
UgxPBgiDq25QbKBLZxh4AaABAg,comment,eNYndWedZsE,,False,@louisyong5726,Seal has great performance under a wide range of temprature is because China is so huge that it's coldest region can drop to -40 C in winter while hotest ones can reach 40 C in summer.,2,True
UgyleCmdaP_v-syX3gx4AaABAg,comment,eNYndWedZsE,,False,@sih9696,"Nice to know, yet how true and reliable this car is?",0,True
UgyleCmdaP_v-syX3gx4AaABAg.A0fGKSIwpm4A3euZgDKvtY,comment,eNYndWedZsE,UgyleCmdaP_v-syX3gx4AaABAg,True,@CThienV,"The brand has a long history. The car itself, will have to wait to find out, but who's got time to wait. Enjoy life, no matter what car U buy.",0,True
UgxNC8hFGxBPkkooBLV4AaABAg,comment,eNYndWedZsE,,False,@jimmyli8129,"Fun fact: During the Covid pandemic, BYD manufactured KN95 masks with the slogan ""We make whatever people need"" ❤️",1,True
Ugzv8UYOP6y4WR9Gta14AaABAg,comment,eNYndWedZsE,,False,@jerryx80c,Stop using that click bite headlines,0,True
Ugz2PfHLGjUhjEaN_Gl4AaABAg,comment,eNYndWedZsE,,False,@liuyu-zv2lx,byd good,1,True
UgxLq1A6VwvicM71AUN4AaABAg,comment,eNYndWedZsE,,False,@bigwaawaa,hopefully the international cars don't go up in flames like the domestic chinese ones,0,True
UgxebTF3F_nzo450s5t4AaABAg,comment,eNYndWedZsE,,False,@alsetalokin88,tesla's hubris will be its own downfall. it will kill itself. fret not.,1,True
UgyWDswYyIYXTqWc1hJ4AaABAg,comment,eNYndWedZsE,,False,@moncimoov,"just sealed the deal yesterday❤🎉 , my first EV❤",0,True
Ugxj09iAlgWJSvPgQ9x4AaABAg,comment,eNYndWedZsE,,False,@luckystr1ker,"Being from Thailand, I'm used to ICE cars being imported with 300% tax (bog standard BMW320D being GBP60k+). I was one of the first Tesla adopters in Thailand and bought my model 3 Long Range for GBP39k. A few months later the BYD Seal Performance version went on sale for GBP35k...At these prices I'm guessing most people in Thailand will find it hard to justify the purchase of a European or Japanese ICE car.",15,True
Ugx1YlNj9yW5zZIaDDN4AaABAg,comment,eNYndWedZsE,,False,@nahlene1973,"Whilst i really enjoy your presentation and humor, i gotta also comment that this video is very well shot and edited, well done to the crews.",0,True
UgzzyF4RN3USfRk31Ip4AaABAg,comment,eNYndWedZsE,,False,@global_southerner,"To me, it’s definitely a Tesla model 3 killer",0,True
UgzprF7MXAKo5GUSRKd4AaABAg,comment,eNYndWedZsE,,False,@Zanemaynard,That battery hasn't met South Africa yet.,0,True
Ugyy4rscFxfg0TJr5cB4AaABAg,comment,eNYndWedZsE,,False,@vhol93,wow!,0,True
Ugx_S_pUdI4NmkcDXud4AaABAg,comment,eNYndWedZsE,,False,@Trueye-sl2mr,The BYD quality features are improving by leaps and bounds in every new model,0,True
Ugwp8QGCMLWAMD-jIkh4AaABAg,comment,eNYndWedZsE,,False,@brajeshsingh2391,"this is a well designed car. I do not know how the Chinese do it but they do it. The only question is how much support do they get from the government. There are reports that Chinese govt. has already given $30 billion in subsidies to EV makers that could touch $97 billion by 2030. In contrast there is no support from other governments. The EU so far has offered no support to its car industry which is very  surprising given cars are the life and blood of all the 3 major economies of UK, France and of course Germany. The US gives support but its to the buyers and not the producers. In any case manufacturing subsidies can only be offered by states and the local or domestic car manufacturers in US GM and Ford are very strong in lobbying and also the auto workers in US the UAW the United Workers Association is really powerful. Its a political force and can decide fate of elections. 
So in future things will really be interesting. 
But yes for the moment you have to give credit to the Chinese. They set a goal of 100% electrification by 2035. It seems they are well on targe to achieve it.",0,True
UgzO6YfY5TDyFZ0bcu94AaABAg,comment,eNYndWedZsE,,False,@Goye41,You said BYD and nothing happened 😂,0,True
UgyVCbF-7Cu0y8nJCQF4AaABAg,comment,eNYndWedZsE,,False,@ElMistroFeroz,"It's not a ""Tesla Killer"" because of sales? That's great information if you're into marketing, but is it better than a Tesla?",0,True
UgxWg8hbvQNgiyoOhAp4AaABAg,comment,eNYndWedZsE,,False,@wshtb,"Why ""Seal""??? They aren't exactly the most graceful animal on land.",0,True
Ugz-M9kQZSDa7IhsC-N4AaABAg,comment,eNYndWedZsE,,False,@yhaskell,The problem is that currently you have rust on 1 year old BYD car bodies. Quality concerns will plague them for a long time,0,True
UgxtSByQW5nQJgX9db54AaABAg,comment,eNYndWedZsE,,False,@Antiorganizer,That's lovely. Canada tries hard to keep it out of Canada.,0,True
UgyA9s7suiJqLMqkqGl4AaABAg,comment,eNYndWedZsE,,False,@DC_10,Envy you guys outside the US can buy BYD.,0,True
UgyCkJwz1E28ryTatUl4AaABAg,comment,eNYndWedZsE,,False,@smaug3045,Can I get one from Ali Express,0,True
UgyCkJwz1E28ryTatUl4AaABAg.A05Eu90FZ4tA3euuo6dmQY,comment,eNYndWedZsE,UgyCkJwz1E28ryTatUl4AaABAg,True,@CThienV,"If you could, would U buy one?",0,True
Ugzj5LF5Ojv6wEtadRZ4AaABAg,comment,eNYndWedZsE,,False,@virtuous8,BYD success is persistence and tenacity and hard work,1,True
Ugxmg9WT24KlBLOwmcZ4AaABAg,comment,eNYndWedZsE,,False,@jkuang,Wait until you see Huawei's Aito M5 and M7!  😁😁,0,True
Ugyv9mlI2BL6LQra2N14AaABAg,comment,eNYndWedZsE,,False,@Linkwii64,BYD is the Toyota brand of EV. You'll see it everywhere in many European countries and Australia. Hopefully California import them over here soon. I want one.,2,True
Ugyv9mlI2BL6LQra2N14AaABAg.A02THnh3e5TA3rIxl_H0rH,comment,eNYndWedZsE,Ugyv9mlI2BL6LQra2N14AaABAg,True,@frankcheung917,I don't like your chances with the politicians you now have. Biden has increased the tariffs on Chinese EV cars to 100%.,0,True
UgxsaOWJIVws65DIy2B4AaABAg,comment,eNYndWedZsE,,False,@kiwitrains,It certainly not as ugly as a Tesla in fact it looks good.,1,True
Ugw6ku4cjd59NBrhG2J4AaABAg,comment,eNYndWedZsE,,False,@donkeykong516,I would totally buy BYD over others any day,1,True
Ugyv7HIwd6s6oT1vqHl4AaABAg,comment,eNYndWedZsE,,False,@TheAandGprojects,Sorry but you lost all credibility when you said diesel cars catch fire there just not in the same league. Diesel doesn’t simply just ignite on its own like Petrol ect or be a pain to extinguish like a battery fire that one comment made you into a liar 🤥,0,True
Ugxpsl2fuQ6VgWV04Ft4AaABAg,comment,eNYndWedZsE,,False,@softwarephil1709,"The big questions are (1) what charging network, and (2) where can you get it serviced?",0,True
UgyIjxhOfWKZPpZDp0x4AaABAg,comment,eNYndWedZsE,,False,@softwarephil1709,"Big plus for gear shift lever, turn signal stalk, and mechanical temperature buttons.",0,True
UgybK3sIEmVEtxS3I5h4AaABAg,comment,eNYndWedZsE,,False,@softwarephil1709,The seats look beautiful. Tesla seats are plain utilitarian.,1,True
UgyTwUxA8aMVuWzanVR4AaABAg,comment,eNYndWedZsE,,False,@softwarephil1709,Does BYD have lane following like Autopilot?,0,True
UgyZg6ZDEsjAKTIFyEZ4AaABAg,comment,eNYndWedZsE,,False,@softwarephil1709,I’m impressed. I bought some BYD stock (BYDDY) last month. One advantage BYD has over Tesla is that 50% of their sales are hybrids which are much more practical for people who can’t charge at home.,0,True
UgxK0_W7R-3nwih9n-V4AaABAg,comment,eNYndWedZsE,,False,@cdnr6311,"Looks like a 2013 Dodge Dart, especially the rear",0,True
UgyqnB7nmO50S4zSTVd4AaABAg,comment,eNYndWedZsE,,False,@dafuquwnt7170,It's no starbug,0,True
UgxkkhJh-R2clrSB_vx4AaABAg,comment,eNYndWedZsE,,False,@rayozw,这车在中国却很少看到有人开啊,0,True
UgywQy3kynaB_q5vKOx4AaABAg,comment,eNYndWedZsE,,False,@borasumer,"Tesla kills it with software in my opinion, and nothing won't beat that for quite a long time.",0,True
UgwAEzAvh9qKtXXKPVh4AaABAg,comment,eNYndWedZsE,,False,@ChibiKeruchan,"BYD battery manufacturing is one of the greatest reason why they are rising on top.
One of the biggest problem with EV is battery.  the battery industry is still young and there are lots of things yet to be discovered. we have graphene, sodium, manganese etc etc.  this make everyone be worried about their EV's future.  

your EV right now may not be a good investment coz when the time comes for you to replace your battery, your new battery would be technically outdated.  you car's motor and all will still be fine, but the battery tech needs to be replaced by the newer material.    

and this is where BYD give people something to hold on to.

we already have that very same problem with our laptops and other battery powered devices such as smartphone and sports camera.
when our device time to replace battery came .. our device doesn't feel like brand new at all.  what ever battery replacement you did.. it always have that feeling of undervoltage because those battery are most certainly in stock for years on a warehouse.  and discharge from being stock for long is not good for any battery right now.",0,True
Ugw6AWoqEQ-iUht65v14AaABAg,comment,eNYndWedZsE,,False,@gcm1309,"BYD is taking over, it's already a huge sucess here in Brazil.",23,True
Ugw6AWoqEQ-iUht65v14AaABAg.A-qvcTfd96JA4Qt_XcCOQD,comment,eNYndWedZsE,Ugw6AWoqEQ-iUht65v14AaABAg,True,@longroad68,Lol 😆,0,True
UgzemjuGFNFEHPX2vMN4AaABAg,comment,eNYndWedZsE,,False,@booksquotes948,"China price = 22,000$ 
Europe price = 60,000$
Thanks to tarrifs",1,True
UgwVkBvONlg_l7QShUF4AaABAg,comment,eNYndWedZsE,,False,@nnf9431,the back looks like a dodge dart lol,0,True
UgwIvkAL3SmSIgnZ9gx4AaABAg,comment,eNYndWedZsE,,False,@ronnie5966,Model 3 Long Range has 629 km WLTP. Thats 106 km more than BYD Seal.,0,True
Ugw2fOY7EooaXAwopox4AaABAg,comment,eNYndWedZsE,,False,@JIMMY-nz1ld,This is my favourite affordable ev car at the moment.,1,True
UgxgEKO4k00fcQtPb1B4AaABAg,comment,eNYndWedZsE,,False,@9jmorrison,The biggest challenge is the International Unions.,0,True
UgwRKV0NFOVWwhva3al4AaABAg,comment,eNYndWedZsE,,False,@CoCo-car-China,"I am a Chinese auto exporter, we can export this car, can we cooperate with you?",1,True
UgyA17Thss8GTtZD9ql4AaABAg,comment,eNYndWedZsE,,False,@pierrex3226,"BYD received a MASSIVE investment from Warren buffet years and years ago, it's been dominating in China for years. The world has changed so much...",0,True
Ugz1jmO2qZ5f17E7S0x4AaABAg,comment,eNYndWedZsE,,False,@huypt7739,A face like a Tesla,0,True
Ugz1jmO2qZ5f17E7S0x4AaABAg.A-T44Sg_ypHA-gSZtEKhv7,comment,eNYndWedZsE,Ugz1jmO2qZ5f17E7S0x4AaABAg,True,@JonySmith-bb4gx,Where ?,0,True
UgxrfzeXfTa5dM7cYZV4AaABAg,comment,eNYndWedZsE,,False,@AirCrashAndy,kind of lakes where they filmed the “Dam Busters” movie?,0,True
UgzHFBHICx_ZNL5YlIh4AaABAg,comment,eNYndWedZsE,,False,@elismart13,all im gonna say are 2 words... Chinese subsidies,1,True
Ugw5FR35X3XEJv7QXPF4AaABAg,comment,eNYndWedZsE,,False,@raymondzhao9557,nice car,1,True
Ugyg4RJzl5wruqesCQF4AaABAg,comment,eNYndWedZsE,,False,@evandipasquale9255,"It looks like a nice compact sedan but I like the simple basic layout of the model 3, but that's just personal preference.",0,True
UgwUm2Lz1o_a90MV_HV4AaABAg,comment,eNYndWedZsE,,False,@archisc9080,"Hong Kong bus co. bought an array of EV bus from Mainland China. After 3 years, most are broken and too expensive to repair. Complete right off. So go ahead and buy them and have fun.",0,True
UgwUm2Lz1o_a90MV_HV4AaABAg.A-NDihLfsOdA1k50JpzGW5,comment,eNYndWedZsE,UgwUm2Lz1o_a90MV_HV4AaABAg,True,@eyeofthetiger6002,Really? Well we have BYD made electric buses here in London and so far I'm not aware of any major problems because all the buses have been running normally for the past 11 years!😂,0,True
UgwNcNAGeg3n_RoZbAl4AaABAg,comment,eNYndWedZsE,,False,@alf3926,You were absolutely sponsored by BYD to do this video.,0,True
UgyUlvTb5JlqYQLD8U94AaABAg,comment,eNYndWedZsE,,False,@qinglyu4963,"Great car, I have one ; )",0,True
UgyCKqOplSmtG0ZSVKh4AaABAg,comment,eNYndWedZsE,,False,@CoCo-car-China,Lida China Automotive Export hopes to establish a long-term cooperation with you and explore new opportunities in the automotive market together,0,True
UgxXSZrMz_R_W79EB8R4AaABAg,comment,eNYndWedZsE,,False,@bobc5730,Warren Buffet scores again,0,True
UgwD89lts7gGA1GMpv54AaABAg,comment,eNYndWedZsE,,False,@cristio211,"almost 10min into the video, and still haven't done a tour of the car. showing it how it drives around with drone shots....",0,True
Ugwd_Jxi-ElYHqL2I9h4AaABAg,comment,eNYndWedZsE,,False,@stanpiers247,Chinese EV's should not be sold in enemy's countries !!!!,0,True
Ugwd_Jxi-ElYHqL2I9h4AaABAg.A-9gGgxS1fnA-gSbyr-n-j,comment,eNYndWedZsE,Ugwd_Jxi-ElYHqL2I9h4AaABAg,True,@JonySmith-bb4gx,Who is the enemy ?,1,True
Ugwut-6JamO8rYSeuRl4AaABAg,comment,eNYndWedZsE,,False,@paul-flyer,Until They build something very similar to the new Passport Trailsport.....I have zero interest.....Paul,0,True
Ugy6aGQpEBobIKp7yMl4AaABAg,comment,eNYndWedZsE,,False,@kenshin1368,"BYD and Neo are at least 3-5 years ahead of Tesla and Hyundai (and both heavily depend on China for parts and manufacturing). They're almost a decade ahead of the US.

Battery swap technology is already live in EU, and they are already selling small EVs for 10-12k USD. Amazing what you can do when you at least regulate and discipline capitalist interests.",0,True
Ugw2jaFHSSFQi5kwZLl4AaABAg,comment,eNYndWedZsE,,False,@ShrkRknDn,"Greetings and congratulations for China and Chinese people.
You have made unprecedented miracles in the last few years.
You deserve all respect, success and prosperity. ❤️❤️❤️",299,True
Ugw2jaFHSSFQi5kwZLl4AaABAg.A-5tnAzWkeUA2lkaLlpoOE,comment,eNYndWedZsE,Ugw2jaFHSSFQi5kwZLl4AaABAg,True,@Andrew-di5nb,谢谢,7,True
Ugw2jaFHSSFQi5kwZLl4AaABAg.A-5tnAzWkeUA4iykZfkMyK,comment,eNYndWedZsE,Ugw2jaFHSSFQi5kwZLl4AaABAg,True,@Kitandarts,"And clean air to breath, for every Chinese citizen.",0,True
Ugw2jaFHSSFQi5kwZLl4AaABAg.A-5tnAzWkeUA4rdDAio21c,comment,eNYndWedZsE,Ugw2jaFHSSFQi5kwZLl4AaABAg,True,@Alopen-xb1rb,Its a Tesla knock off. Still waiting for China to innovate something new and revolutionary.,0,True
Ugw2jaFHSSFQi5kwZLl4AaABAg.A-5tnAzWkeUA5RIRzWjkv8,comment,eNYndWedZsE,Ugw2jaFHSSFQi5kwZLl4AaABAg,True,@Enforcer_WJDE,@Kitandarts They power their EVs with coal fom Australia...,0,True
UgxGh3IQJQe0cOXYaT14AaABAg,comment,eNYndWedZsE,,False,@1knightinbangkok946,"This car looks like a nice EV. But you shouldn't lie about modern EVs not having their range lowered when having accessories on. I'm talking about driving on a cold wet night. Heater on, lights on, wipers on. You can't tell me that the range is not affected.",1,True
UgxGh3IQJQe0cOXYaT14AaABAg.A-2BvWhjxLMA-7M5yCzTHk,comment,eNYndWedZsE,UgxGh3IQJQe0cOXYaT14AaABAg,True,@saymyname16,"In the cold winter, battery life will definitely be reduced, so in cold places, it is best to buy a gasoline or hybrid car",0,True
UgwmF0JMFK9A1pkJQy54AaABAg,comment,eNYndWedZsE,,False,@aminulurwanu5715,❤,0,True
UgwmF0JMFK9A1pkJQy54AaABAg.A--ZTEqllfcA--ZZpsnFim,comment,eNYndWedZsE,UgwmF0JMFK9A1pkJQy54AaABAg,True,@aminulurwanu5715,2:22,0,True
UgxZocksu7VSJ-AP_wl4AaABAg,comment,eNYndWedZsE,,False,@xvtsusu4309,Real range 271miles in winter not bad BYD seal,1,True
Ugwoe36i0cdpgjY-W0R4AaABAg,comment,eNYndWedZsE,,False,@user-jl2wd1it8h,"My old neighbour Mr Wang Peen said he was a BYD engineer who tried to speak out about BYD safety issues. BYD management silenced him by sending hired goons to launch heavy kicks at his groin while being held against his will. One of the managers said to him 'why do you care about BYD fires? none of your relatives can even aford a BYD so they are safe'. He was so scared of this company and their goons he moved overseas. He never wanted this story to be told as he was so scared but I changed his name and told it because the truth must be heard. Look up BYD fires, there are youtube videos with BYD's exploding high up into the air even when parked without anyone inside. Do not be fooled. Mr Peen said he refused to work on their next prototype the BYD Baby Octopus as the pouch holding the battery had even cheaper materials than before.",2,True
Ugyl6p3oWKuC6zSZG1Z4AaABAg,comment,eNYndWedZsE,,False,@royalad,True or advertisement  ??🤔,1,True
UgyiO8-qvtJTlhqcLGt4AaABAg,comment,eNYndWedZsE,,False,@paininthepatoot,Just had Carpool flashbacks watching this.,0,True
UgyU6ldxG0wbzQfOVaV4AaABAg,comment,eNYndWedZsE,,False,@silverlining6824,"After an accident, an owner asked BYD why did 5 of the 6 airbags fail to deploy.  The manufacturer calmed replied: “If you hit it (the car) at the right places, the airbags will deploy”.",1,True
UgyU6ldxG0wbzQfOVaV4AaABAg.9zt9CuUXRZN9ztGZSNXBqW,comment,eNYndWedZsE,UgyU6ldxG0wbzQfOVaV4AaABAg,True,@fullychargedshow,"After an accident in combustion car X where the gas tank exploded killing 19 people, the manufacturer said, ""you had the wrong type of petrol in the tank.' Or something.
In other words, utterly spurious story from Q-Anon or at best a fanatic thread on Reddit.
Boring",1,True
UgyU6ldxG0wbzQfOVaV4AaABAg.9zt9CuUXRZNA-7MFO3f5iH,comment,eNYndWedZsE,UgyU6ldxG0wbzQfOVaV4AaABAg,True,@saymyname16,Where did you get this story from? Do you have a way to prove its authenticity,0,True
UgyEvczyw9pYJeNqTN54AaABAg,comment,eNYndWedZsE,,False,@Fatpigkenny,So many positive comments here - feels like paid for commercial,1,True
UgyEvczyw9pYJeNqTN54AaABAg.9zrN3JeCfYE9zvsERhfGdm,comment,eNYndWedZsE,UgyEvczyw9pYJeNqTN54AaABAg,True,@zacksmith5963,I see anti byd bots,2,True
Ugzc2VhamUrJ8goWr2J4AaABAg,comment,eNYndWedZsE,,False,@richardwhitehouse8762,"I dimly remember, back in the olden days c2019, first hearing about BYD (taxis, I think) from you on this channel. I was a bit skeptical: mobile phone battery Co turned ev manufacturer. Really? Since then it has been amazing to follow this extraordinary company's rise. Nice review, Robert.",0,True
Ugzc2VhamUrJ8goWr2J4AaABAg.9zquS4hSsnCA-7MOpNCYW5,comment,eNYndWedZsE,Ugzc2VhamUrJ8goWr2J4AaABAg,True,@saymyname16,"BYD has been a pure automotive manufacturer from the beginning, and manufacturing batteries is just a subsidiary industry of BYD",0,True
Ugz8DkPJTPziLdRZnih4AaABAg,comment,eNYndWedZsE,,False,@JohannesNielsen,"The sales of BYD vehicles have already outpaced Tesla, the buid quality is better and Tesla is lagging behind. 

Xaomi have just displayed their Tesla killer, and Tesla is left playing catch ups",1,True
UgwDTO8obpEsAMIluvV4AaABAg,comment,eNYndWedZsE,,False,@lifeshunkydory,"The concern over electric car fires isn't post-accident fires like fossil fuel.  It's the concern over them spontaneously catching fire. Which has been an issue with batteries for years, noticeably so in mobile phones.",2,True
UgwDTO8obpEsAMIluvV4AaABAg.9zphdqqhXF19zr3BdJqLWH,comment,eNYndWedZsE,UgwDTO8obpEsAMIluvV4AaABAg,True,@fullychargedshow,"I'm impressed that you are confident and know the topic to such an overwhelming degree that you can state ""THE concern over electric car fires isn't post-accident fires like fossil fuel.""  That is THE concern is it?
No other concern, just this.
Even though it is blindingly obvious that a petrol or diesel car is hugely more likely to burst into flames with or without an accident (see the recent fire in Luton Airport car park. A static, parked diesel car literally burst into flames causing millions of £ worth of damage.)
Some batteries catch fire, very few batteries in electric cars catch fire. 
Here's the staistics for Australia, which now does have a sizable proportion of electric cars on the road. (A 218% increase in sales last year.) 1,819 vehicel fires. One was electric. One.
Just one.
1,818 fires, with and without accidents, burst into flames. No big scdreaming panic story in the Murdoch Press, no spittle flec ked ranting from right wing shock jocks. Just normal old vehicle fires.
So I will respodn with this.
THE concern with electric vehicles is the massive, rampecd up campaign of disinformation paid for by the fossil fuel industry and lazily repeated by people with extemist political bias.",1,True
UgwDTO8obpEsAMIluvV4AaABAg.9zphdqqhXF19zr4_A230g6,comment,eNYndWedZsE,UgwDTO8obpEsAMIluvV4AaABAg,True,@lifeshunkydory,"@fullychargedshow  lol. Of course,  there's no disinformation about global warming either.  The fact lies are being spread to scare people into buying these vehicles. I personally like electric cars, I've driven a few. But they aren't a replacement for fossil fuels, they're an alternative at best. But blaming this on the ""right-wing"" is ignorance on your part at best.",0,True
Ugy2Q2CVN4KedzmIkah4AaABAg,comment,eNYndWedZsE,,False,@palmblue1,How about Tesla battery? Does it catch fire when car crash?,1,True
UgwJCH2WecI1C-SG6e14AaABAg,comment,eNYndWedZsE,,False,@P5YCHO1192,I like it,0,True
UgyCehPNn3Ru9H61BNl4AaABAg,comment,eNYndWedZsE,,False,@adriantasker,Are you paid by the chinese to push this BS?,2,True
UgyCehPNn3Ru9H61BNl4AaABAg.9znM_-hXvNT9zxPMz_hTwI,comment,eNYndWedZsE,UgyCehPNn3Ru9H61BNl4AaABAg,True,@channe3049,"Tesla use BYD's batteries to run their cars, go figures.",0,True
UgyCehPNn3Ru9H61BNl4AaABAg.9znM_-hXvNTA-7Mdr__wFv,comment,eNYndWedZsE,UgyCehPNn3Ru9H61BNl4AaABAg,True,@saymyname16,"Tesla uses BYD batteries, so has Elon Musk been bought by Chinese people?",0,True
Ugz3CnRddATv62tD1XJ4AaABAg,comment,eNYndWedZsE,,False,@AuralioCabal,BYD: Buy Your Drive!,0,True
Ugw2zUgaoYJMA8OMJ4V4AaABAg,comment,eNYndWedZsE,,False,@yatarookayama8329,So far that a Dangerous Made in china EV that will get in Fire when you didn't expect would !,0,True
UgwAoaiCvZAcjdC2gfp4AaABAg,comment,eNYndWedZsE,,False,@TruthTeller8888,My juicer have more powerful motor than my friend MG ..😂,0,True
UgwtSSrS93diilWJf8R4AaABAg,comment,eNYndWedZsE,,False,@Teeebs,"Thanks for this wonderful propaganda piece for the Chinese Communist party, and their rolling fire hazard...🤣",4,True
UgyPjY2qjnkqwpK5JwR4AaABAg,comment,eNYndWedZsE,,False,@apsmith1635,I definitely do not want to buy a car from a regime that supports war maker putin and then pay taxes to prevent him from attacking Europe. Please allow our kids to grow up is a free and peaceful world,2,True
UgyPjY2qjnkqwpK5JwR4AaABAg.9zixuYW4eMPA-7Mwv08Z6T,comment,eNYndWedZsE,UgyPjY2qjnkqwpK5JwR4AaABAg,True,@saymyname16,"Let me tell you China's true thoughts. In fact, China does not support Putin. The current actions are just to prevent Russia from losing the war and China from being attacked by the United States.

China only wants to make money!",0,True
UgyPjY2qjnkqwpK5JwR4AaABAg.9zixuYW4eMPA3ewJV7Qh8n,comment,eNYndWedZsE,UgyPjY2qjnkqwpK5JwR4AaABAg,True,@CThienV,"If you want peace in the world for our kids, please look to your government. 
I don't know where you're from but I bet my suggestion is accurate.",0,True
Ugx9o-jLFYV2IEiUDJh4AaABAg,comment,eNYndWedZsE,,False,@jockmoron,"I wouldn't buy this car as it's not an estate or hatchback - dog, family,  etc. I see no point in a saloon today, and while Tesla has now got a hatchback/liftback in the Y model, they'll ultimately lose customers for the 3 if they don't offer a hatchback as well. Which is a shame as otherwise looks a good car. Put a metal roof on an a hatchback please BYD. I suppose there's the Atto to compensate but it's not the same sort of car at all.",0,True
Ugx9o-jLFYV2IEiUDJh4AaABAg.9zgLJqRqWdPA3ewUL5ngB9,comment,eNYndWedZsE,Ugx9o-jLFYV2IEiUDJh4AaABAg,True,@CThienV,"Thanks for letting me know how you feel. 
I hope Elon and byd see your post.",0,True
UgxWuwul81cmRXEYGCt4AaABAg,comment,eNYndWedZsE,,False,@staryhavran,"Too early to tell, my friends. Let's see how far do EVs get in general 😉 
When they represent 10% of all cars, fine. 
What will happen to the infrastructure when we reach 30%?",2,True
UgzBYjx5CI_MLhYmtPh4AaABAg,comment,eNYndWedZsE,,False,@camneilsen8234,"Having just driven the newly released Seal here in Oz,I have to agree with Robert very easy to get used to controls everything where it should be , and most likely our next car also they're  just as fast as my current V8 saloon 😮",0,True
UgySIDiTlO_Ro4QZccl4AaABAg,comment,eNYndWedZsE,,False,@alferro3149,"The perfect EV has less. It isn't a self-driving dragster. It doesn't cost a leg. 
The perfect transport for long distances is the train. (But in the UK the railways are a joke)
 We need to put less stuff in vehicles. A 2.1 tons vehicle is called a van.",0,True
UgxaWS65FfaiTBcNEP94AaABAg,comment,eNYndWedZsE,,False,@isaiasdeocares-qw3kc,Are sure  the product what you are promoting made in china which is all made in china product are all disposable,1,True
UgwVg9-gwtRCWBDeWW54AaABAg,comment,eNYndWedZsE,,False,@raymonddon8875,all of us mexicans drive chinese BYD's in mexico... we love you - china!,1,True
UgyY3nMnmiik1X2PaL54AaABAg,comment,eNYndWedZsE,,False,@longroad68,All EV car manufacturers  are a joke no one wants them now or ever! There is no sustainable future on EV . Don't  be suckered in by this crap from China as Warren Buffet and others support foreign workers over U.S. workers Buy American Only!!,1,True
UgyY3nMnmiik1X2PaL54AaABAg.9zaSDPuNRwfA3ewkv8nBox,comment,eNYndWedZsE,UgyY3nMnmiik1X2PaL54AaABAg,True,@CThienV,In all for Maga but America don't make anything of interest that's available where I am.,0,True
UgzUbk4Z5c4Wj__JUZZ4AaABAg,comment,eNYndWedZsE,,False,@montyjones7484,Way too much talking...show me more of the damn car!,3,True
UgzUbk4Z5c4Wj__JUZZ4AaABAg.9zYePAjkdTDA3ewrOAhoQK,comment,eNYndWedZsE,UgzUbk4Z5c4Wj__JUZZ4AaABAg,True,@CThienV,Plenty of AI generated videos available to watch.,0,True
UgwcKNjNKMqqNyqQpLJ4AaABAg,comment,eNYndWedZsE,,False,@DS-kc6sy,Excellent vehicle - Test driven this vehicle & extremely surprised of the build quality & ride comfort. Well made.,2,True
UgwqKbKUj82g4LKcxY14AaABAg,comment,eNYndWedZsE,,False,@prabnara7789,"No matter of what, being an American, I can’t buy any China cars and also avoiding to buy any other China products",1,True
UgwqKbKUj82g4LKcxY14AaABAg.9zWfONgsK0V9zxPWeI3L4g,comment,eNYndWedZsE,UgwqKbKUj82g4LKcxY14AaABAg,True,@channe3049,Tesla uses BYD batteries to run their cars.,1,True
UgwqKbKUj82g4LKcxY14AaABAg.9zWfONgsK0VA3ewvK7-B1M,comment,eNYndWedZsE,UgwqKbKUj82g4LKcxY14AaABAg,True,@CThienV,U must not own many things.,0,True
UgwUMy4L6PlD0EfjW7p4AaABAg,comment,eNYndWedZsE,,False,@Thecaptainblackadder,The world should be thankful to China. The quality of consumer electronics coming out of China is mind blowing.,1,True
UgwjF6eFl1vrbT1hHKF4AaABAg,comment,eNYndWedZsE,,False,@NamNamVideos,What about dent by road bumps and then there is no warranty on battery. People are then told to replace whole battery.😅,0,True
UgyDQrHzU55fAtKdkZN4AaABAg,comment,eNYndWedZsE,,False,@NisseOhlsen,"So you don't know a wee bit about driving, do you?",0,True
UgwXJfa8DWn7EbtQ55B4AaABAg,comment,eNYndWedZsE,,False,@urduur,Woow love it. 🎉. I have visited one of EV maker in China last month. It was a mind blowing experience for while life. The factory and complex was super smart and clean 😮😮😮😮. Now I really believe how they made a best cars in the world ❤,2,True
UgwVxJXDXnqgH0AvR714AaABAg,comment,eNYndWedZsE,,False,@urduur,I have seal 🎉🎉🎉. I having for 1 whole year. I feel i am a lucky person because of seal. ❤❤❤ just loved,1,True
UgxziXRZCmQ61KF_Tet4AaABAg,comment,eNYndWedZsE,,False,@vincentcleaver1925,WTF is a saloon?!,0,True
UgxziXRZCmQ61KF_Tet4AaABAg.9zUeaZ0V7_l9zVGVFXv89y,comment,eNYndWedZsE,UgxziXRZCmQ61KF_Tet4AaABAg,True,@fullychargedshow,"So using a non American term to describe a car is offensive?
You might call it a sedan, which we call a saloon in the UK. 
Maybe we should all be cancelled for daring to differ 🙂",2,True
UgxziXRZCmQ61KF_Tet4AaABAg.9zUeaZ0V7_lA3ex713GRvp,comment,eNYndWedZsE,UgxziXRZCmQ61KF_Tet4AaABAg,True,@CThienV,He probably gets confused by the term hatchback too. ​@fullychargedshow,0,True
UgyZH0RHURwPGorGFxt4AaABAg,comment,eNYndWedZsE,,False,@psychomarto,"No impact on the range if you turn on the heating... Yah, no. You lost me here. Saving my time watching another video.",0,True
UgxkRlphhFjmIDUR4RJ4AaABAg,comment,eNYndWedZsE,,False,@gelinrefira,It is an insult to BYD to be compared to Tesla at this point.,2,True
UgzZYK811IyTT6Gw4fB4AaABAg,comment,eNYndWedZsE,,False,@mathieudezutter4038,Buy local cars to support our own economy!,0,True
UgzZYK811IyTT6Gw4fB4AaABAg.9zSx1hDFAIpA3exG79If4r,comment,eNYndWedZsE,UgzZYK811IyTT6Gw4fB4AaABAg,True,@CThienV,Buy what you like. U only live once. The economy is too big for one person to alter.,0,True
Ugy0lOVSg3FVRkmyoaB4AaABAg,comment,eNYndWedZsE,,False,@shankarbalan3813,It looks superb. I think these cars are way more efficient and way more affordable and way more reliable than most of what is being dished out to us by others. Must appreciate their engineering.,1,True
Ugys7clBv_Thdvq6Nid4AaABAg,comment,eNYndWedZsE,,False,@Ismael_jagne,"Come man be real at once. Tesla is just overrated, even Mercedes electric cars are more great than Tesla’s",0,True
UgwS4Eod52rPvZoxP2p4AaABAg,comment,eNYndWedZsE,,False,@catalinforcos232,"haven't seen you in months/years, Robert. You gained weight. electric cars are not ver healthy for you, it seems.",0,True
UgzX6Cj-l0YWgfYrBgZ4AaABAg,comment,eNYndWedZsE,,False,@ricardosousa11,Until you need to fix it,0,True
UgwaoSDIceThh9Aj0214AaABAg,comment,eNYndWedZsE,,False,@user-oi2ec3zj6t,"When talking 'Tesla killers', maybe we should look at it in another way and say that Tesla and BYD together are VW/Ford/GM/Toyota killers?",1,True
Ugw5dL5X5D1Uc1Il6WR4AaABAg,comment,eNYndWedZsE,,False,@VickersDoorter,"Lovely looking car, but I hate the large clunky iPad/laptop screens bolted to the dash. They make me think of people who have ridiculously enormous TV screens in 12ft sq sitting rooms. By way of example, the integrated Porsche Taycan screens are so much more stylish and zero eyesore.",0,True
UgwUL57tcI9TdlMrehV4AaABAg,comment,eNYndWedZsE,,False,@aarta8743,"All nice, but basically it is useless crap because it is an electric car. Even put a nice V6 or V8 in and still nothing more than a hopeless chinese Porsche copy...",0,True
UgzPPadZRdFN7j7Xw8t4AaABAg,comment,eNYndWedZsE,,False,@ramelsen,Tbh it is better looking then the Tesla 3...,0,True
UgyzFvIeF_ljVBxgk_R4AaABAg,comment,eNYndWedZsE,,False,@ChronicAndIronic,Until you look on chinese social media about how the catch on fire all the time.,0,True
UgypVzUk2SzSAQWydZJ4AaABAg,comment,eNYndWedZsE,,False,@Lucas-vd2gx,It looks cool but I would not buy one instead of a Tesla,0,True
Ugxlfm-I-b82_xQPrrx4AaABAg,comment,eNYndWedZsE,,False,@sat7755,"Best EV? I hope Elon Musk doesn't see this, for the price asked for the seal you can get a Tesla, considered the most efficient, safest, fastest in its category, with OTA upgrading and electronic automatic tuning for free, when you add AI FSD, well?  How about that then? Poor Seal will get killed in the world markets.",1,True
Ugxlfm-I-b82_xQPrrx4AaABAg.9zP0E4PDwCWA3exVA2FJYW,comment,eNYndWedZsE,Ugxlfm-I-b82_xQPrrx4AaABAg,True,@CThienV,Have you looked at the markets around the world? Start with Australia.,0,True
UgyQqZzJPyhzj5kCaFl4AaABAg,comment,eNYndWedZsE,,False,@beastieboy3926,"BYD,rings a bell. Oh yep the one thats burst into flames all over China.Great. I can`t wait to buy one.",1,True
UgyQqZzJPyhzj5kCaFl4AaABAg.9zNvJOu_gLM9zOYz7zw0LR,comment,eNYndWedZsE,UgyQqZzJPyhzj5kCaFl4AaABAg,True,@ivanreniell,Sour grapes taste bitter.,2,True
UgxUS_Hei92qPdW7aoB4AaABAg,comment,eNYndWedZsE,,False,@urbanspaceman7183,A Seal should be good in the wet.,0,True
UgwLWWlZE_kEonTJvp54AaABAg,comment,eNYndWedZsE,,False,@KupiProdaj-b9b,55% of ALL Tesla are made in ******  ?,0,True
UgwqApFybIFV59FosM14AaABAg,comment,eNYndWedZsE,,False,@sevesellors2831,"Great review and a great looking car, European manufacturers are going to get blitzed.",0,True
UgwCOYSNJEVRtmXoA214AaABAg,comment,eNYndWedZsE,,False,@bernardfong1019,Looks better than my Tesla 3 dual motor.,2,True
Ugzw9z-FHfeOXRt0ryd4AaABAg,comment,eNYndWedZsE,,False,@Mooshimoca,Too bad they have microphones that listen every single thing in and outside your car and is sent straight back to China to spy on the US and its allies :/,0,True
Ugzw9z-FHfeOXRt0ryd4AaABAg.9zJc01SnIvaA3exnk_Nl9j,comment,eNYndWedZsE,Ugzw9z-FHfeOXRt0ryd4AaABAg,True,@CThienV,"And your phone doesn't do the same? 
Mention any brand or product a few times then notice the ads roll in on said brand or product. 

Why would my or your conversations be of interest to the CCP?",0,True
UgzZAlZiiq3colZ9f2J4AaABAg,comment,eNYndWedZsE,,False,@mohammedanzarhussain8226,Stand,0,True
UgzI1ZBmlU0Ukddt1FZ4AaABAg,comment,eNYndWedZsE,,False,@ranulfcaceres,it's not tesla that need to worry it's the germans cars,0,True
UgzCGrsyMUSmVByUe-J4AaABAg,comment,eNYndWedZsE,,False,@NaNa-wj8tw,"This isn't just BYD, there are a tonne of great Chinese cars being released almost daily. It is a Tesla killer ( they are an overpriced dinosaur already in this space) and a Jap and German killer as well. Consumers were being ripped off for years with their stuff and finally we are getting value for money and proper competition. This is like the mobile phone boom all over again. It's great too that the Chinese brands don't have that image BS associated with them either. It's quality and practicality in the truest sense for the secure amongst us and it's friggin great.",2,True
Ugz38KgB6wmvbUUC4_V4AaABAg,comment,eNYndWedZsE,,False,@irandoosty,All i can say is Tesla is in big trouble.,2,True
UgyZf5AkDncRF2AZJl94AaABAg,comment,eNYndWedZsE,,False,@papichoku2442,Elon mask laughed at byd saying their quality is poor and they cannot sustain their business. Byd has the last laugh.,0,True
Ugx-SNcBgD3Tijyqyap4AaABAg,comment,eNYndWedZsE,,False,@Feven3365,"I'm currently in China and I'm surprised to see that there are a handful other brands just as competitive as BYD. They are comfortably riding the EV trend and in a few more years, they will literally dominate this market",0,True
Ugyza-JQlbiTAb--noV4AaABAg,comment,eNYndWedZsE,,False,@HugginnSnitch,Just search “BYD fires” communist China covering up many issues.  They also pay YouTubers to hype BYD and other Chinese EVs.  Beyond fires many examples of airbags not deploying .  This guy with not a single negative thing is highly suspicious that he is communist party paid propagandist.,0,True
Ugyza-JQlbiTAb--noV4AaABAg.9zHH5fO4NcY9zOZGKnC2aI,comment,eNYndWedZsE,Ugyza-JQlbiTAb--noV4AaABAg,True,@ivanreniell,Sour grapes taste bitter.,1,True
Ugyza-JQlbiTAb--noV4AaABAg.9zHH5fO4NcY9zOl53V_uLh,comment,eNYndWedZsE,Ugyza-JQlbiTAb--noV4AaABAg,True,@HugginnSnitch,@ivanreniell I knew 50 cent army would post something!  😂,0,True
Ugyza-JQlbiTAb--noV4AaABAg.9zHH5fO4NcY9zvsLIMrfWs,comment,eNYndWedZsE,Ugyza-JQlbiTAb--noV4AaABAg,True,@zacksmith5963,​@HugginnSnitchwhere is your proof,0,True
Ugyza-JQlbiTAb--noV4AaABAg.9zHH5fO4NcYA8LSmNzp9V3,comment,eNYndWedZsE,Ugyza-JQlbiTAb--noV4AaABAg,True,@JonySmith-bb4gx,@HugginnSnitch found the 5 dime,0,True
Ugyza-JQlbiTAb--noV4AaABAg.9zHH5fO4NcYA8LtiUVbrBh,comment,eNYndWedZsE,Ugyza-JQlbiTAb--noV4AaABAg,True,@HugginnSnitch,@JonySmith-bb4gx china running out of money!  It’s only 2 dimes now and raising retirement age .,0,True
Ugzu79wG3d6qA0WyTeV4AaABAg,comment,eNYndWedZsE,,False,@catsilly819,"""These cars suck because Chinese people have never seen a good car"" was the funniest comment. What some people don't know is that the Chinese market is the most diversified market. If you open the sales data, you can see that the cars from all countries, such as the United States/Japan/Germany/South Korea, are fully competitive. The Chinese have used all the car brands in about 30 years and have generated a considerable amount of seducing plot among middle-aged car drivers. But even then, Chinese people only began to realize that domestic cars are getting better and better after 2018, so they chose to support domestic cars (in other words, you can't sell as well as Chinese cars in such a foreign market, which can only show that the competitiveness of these foreign cars is really falling rapidly).",1,True
Ugy813NkfzkWwrAAdTV4AaABAg,comment,eNYndWedZsE,,False,@victormena1501,"Taycan better then Byd ,Tesla worse then Byd",1,True
UgyRJOKCEfVzRoS9rRx4AaABAg,comment,eNYndWedZsE,,False,@gsnagaraj1962,"May be BYD  are making good cars, but buying a BYD  car is he is like supporting China of it's anti Western activities.",0,True
UgyRJOKCEfVzRoS9rRx4AaABAg.9zH0-8h0IDO9zHGwYEZmFy,comment,eNYndWedZsE,UgyRJOKCEfVzRoS9rRx4AaABAg,True,@catsilly819,"Geez, west have blockaded China's coastline since the founding of the People's Republic of China and then initiated a trade war at 2017. Now what kind of response do you expect from us😂",1,True
UgyRJOKCEfVzRoS9rRx4AaABAg.9zH0-8h0IDO9zJ6awMjXw2,comment,eNYndWedZsE,UgyRJOKCEfVzRoS9rRx4AaABAg,True,@rdfmayGodFF,"搜索产业升级和中等收入陷阱。我来告诉你世界的残酷真相，西方，美国希望中国永远生产中低端产品，好让西方人能够享受高质量生活。现在，中国政府说，不，我要我们的人民也享受更好的生活，必须进军高科技产业，生产高附加值产品，赚更多的钱！
就这么简单😂",1,True
UgyRJOKCEfVzRoS9rRx4AaABAg.9zH0-8h0IDO9zOZWI-KRpM,comment,eNYndWedZsE,UgyRJOKCEfVzRoS9rRx4AaABAg,True,@ivanreniell,Sour grapes taste bitter.,1,True
UgxMII9ozr9aIvItnWt4AaABAg,comment,eNYndWedZsE,,False,@owrang9756,stop/ start in an EV?,0,True
UgxTTVtDFHOagjf2s714AaABAg,comment,eNYndWedZsE,,False,@mwdesign2026,But would you buy one over a distinguished brand sticking to Western brands 💯 . Cars funded by ccp no thank you god knows what they are monitoring,0,True
UgxTTVtDFHOagjf2s714AaABAg.9zGChjORSFV9zJ6ppJYSAm,comment,eNYndWedZsE,UgxTTVtDFHOagjf2s714AaABAg,True,@rdfmayGodFF,全世界60%的产品，包括手机，汽车都是在中国生产。如果中共想这么做，我打赌习近平一定知道你昨天喝多了在哪个床上睡觉😂,0,True
UgxTTVtDFHOagjf2s714AaABAg.9zGChjORSFVA3eyGw6rCUM,comment,eNYndWedZsE,UgxTTVtDFHOagjf2s714AaABAg,True,@CThienV,"Monitoring our trips to mcdonalds and Walmart. 

Maybe you're significant or a person of interest. I'm not.",0,True
Ugy6Ptwfv4lkj5Ihj0N4AaABAg,comment,eNYndWedZsE,,False,@petercieslar2955,"I predict that Chinese cars will dominate market, simply because of the luxury and price factor",0,True
UgxpIZZTnKD9uoyFJ9p4AaABAg,comment,eNYndWedZsE,,False,@mshepard2264,"they are going to absolutely destroy gm, ford and toyota in the electric vehicle market. Who the hell needs an electric hummer? half the electric cars in the US are super dumb and the good ones are teslas.",0,True
UgzP2YQ_wOK5t9s0U4d4AaABAg,comment,eNYndWedZsE,,False,@Mr1yla-v7x,Decision taken: BYD will bild the first European car factory in Hungary. It will reduce the prices.,0,True
UgyesmsSJQSsnUI9U_R4AaABAg,comment,eNYndWedZsE,,False,@Swedishhousemafia121,"Engineered and designed by Germans 🇩🇪. BYD chief designer 🇩🇪 Wolfgang Egger. Engineers 🇩🇪 and BYD has joint venture with Daimler AG (Mercedes-Benz) yo develop cars. That just proves that 🇨🇳 are not capable to build competitive EVs themselves without Western help. Typically.. 🇨🇳 Gov boost with insane amounts of $ to save their face in EV race as they can't compete in cheap goods anymore as work force ages, living standards rise. Globalisation saving them in other words copy what works in West",0,True
UgwNtdLdCdFyzAkXFdR4AaABAg,comment,eNYndWedZsE,,False,@TheHamiltonRacing,"Anti-bullsh!!t campaign!! Really?? He says ""If you turn on the heat pump you will not notice any change in range!""  AC in a ICE car is also uses a heat pump(heat goes outside instead) their consumption is sizeable and you can   defo notice a change in range, so i definately calling you out on this one! Also their buses in norway could not be used during a recent cold snap as some much energy was lost between heating the batteries and stopping the cutomers from freezing to death the range was so minimal and unpredicable that they could be used!! Finally no one said that electric vehicles catch on fire more, but if they do the fire service will do little as the extreme heat and danger of explosion out weighs anygood they can do!",0,True
UgycrXxvZGeM-fwnrht4AaABAg,comment,eNYndWedZsE,,False,@mikebikekite1,If anyone else wondered how much they cost then they're £45K to £48K for the dual motor version.,0,True
UgznzuZQuOX_iEMKNF54AaABAg,comment,eNYndWedZsE,,False,@drzizoty,Is it me or does he sound very biased. To me it sounded very annoying 😢,0,True
Ugze_jnh_5jwx17HBzh4AaABAg,comment,eNYndWedZsE,,False,@poni7373,"It does look good, however that lower edge of the large screen looks like it will cause severe knee injuries in accidents.",0,True
Ugze_jnh_5jwx17HBzh4AaABAg.9zC4vQAqnkiA3eyVLQIX8E,comment,eNYndWedZsE,Ugze_jnh_5jwx17HBzh4AaABAg,True,@CThienV,Make sure to hit the screen rotate button before any crash,0,True
UgxtB_vJ0WACAweyCOF4AaABAg,comment,eNYndWedZsE,,False,@alexanderh.999,No respect for this channel. A paid promotion by CCP to propagate an image to the outside world,0,True
UgwrFB7_HKxKmWnmVM54AaABAg,comment,eNYndWedZsE,,False,@hk.touthang4533,I hope chines products can be reliable.,0,True
UgwGQOCMZjfuikcqY8F4AaABAg,comment,eNYndWedZsE,,False,@vandoesselaerewillem9744,Now it's a Tesla eraser .,0,True
UgwBLd3J2G8OgGt4JKJ4AaABAg,comment,eNYndWedZsE,,False,@BoHvidberg,Dont buy Chinese. Support jobs and industri in your own country.,0,True
UgwBLd3J2G8OgGt4JKJ4AaABAg.9z9NpN8ugQ6A3eyl61Ut6H,comment,eNYndWedZsE,UgwBLd3J2G8OgGt4JKJ4AaABAg,True,@CThienV,My country does not have a local automotive industry. I'll walk everywhere then. Thanks for setting me on the righteous path,0,True
UgzvgA0iXXmanJhx92F4AaABAg,comment,eNYndWedZsE,,False,@peternystrom921,Woow this car seems amazing for the price.,0,True
Ugy3QuSb6Fqq_jYPh9t4AaABAg,comment,eNYndWedZsE,,False,@claudenewton8932,"I will wait to see just how well they run and how the Chinese honor warranty work.  None of you Australians say anything about battery replacement cost, the increase in insurance, tires and what local laws about storing Ev's.  Due to their fire hazard.  Glad your spending your money rather than mine.  Hope it works out well for all of you.",0,True
Ugy3QuSb6Fqq_jYPh9t4AaABAg.9z82i7m-xYC9zBJuGCb_yb,comment,eNYndWedZsE,Ugy3QuSb6Fqq_jYPh9t4AaABAg,True,@fullychargedshow,"Oh come on Claude, you can do better than that. 
Get on Q-Anon and download the full long list of absurd reasons to hate electric cars and what they represent. You can get yourself into a tight fisted fury and post even more absurd notions.
Oh yes, and I'm English, not Australian, and this review was recorded in Cumbria in England, not Australia, but you know, facts . . . really annoying.
(Last year, in Australia, just for your information, 1,890 vehicle fires, of which one was electric. 
The VAST majority of these fires were in diesel, petrol and most of all, hybrid.
But you know, facts . . . really annoying.",0,True
Ugy3QuSb6Fqq_jYPh9t4AaABAg.9z82i7m-xYCA3ezEbRqZ3t,comment,eNYndWedZsE,Ugy3QuSb6Fqq_jYPh9t4AaABAg,True,@CThienV,"I don't think I've watched any car reviews where they mention insurance cost, tire cost, quality of warranty and laws on driving.",0,True
UgwOEg7KYqo4xtjZFbp4AaABAg,comment,eNYndWedZsE,,False,@GodfreyMann,Fire hazard on wheels - lots of videos online due to the blade batteries being poorly designed/manufactured.  Reliability is also a problem.,0,True
UgwOEg7KYqo4xtjZFbp4AaABAg.9z7G19h-2gX9z81cvFiNRV,comment,eNYndWedZsE,UgwOEg7KYqo4xtjZFbp4AaABAg,True,@deezeed2817,Those are all paid propaganda by the U.S state department. The U.S has invested money in propaganda against Chinese products that compete with it. It's part of a strategy to blunt Chinese industry,2,True
UgxDBcWOt5-tvhrLgoN4AaABAg,comment,eNYndWedZsE,,False,@czg2012,"Tesla is origjnal.
BYD stole IPO, builds knockoffs.

Build
Your
Duplicate",0,True
UgxDBcWOt5-tvhrLgoN4AaABAg.9z6lCNgRllRA3ezKOhfvJ1,comment,eNYndWedZsE,UgxDBcWOt5-tvhrLgoN4AaABAg,True,@CThienV,What did byd steal from Tesla?,0,True
Ugwh03pMkpxtkvpMsnV4AaABAg,comment,eNYndWedZsE,,False,@dylanpt2220,"The variety of excellent EV available from China is extraordinary. 

In addition of BYD, there's plenty more .... 
AITO M5, M7, M9
ZEEKR
NIO
XPENG
LI AUTO
TANK
CHERY
GEELY 
VOLVO
SMART
 
The list goes on ...",0,True
UgzONKjE6AROWE8hHLR4AaABAg,comment,eNYndWedZsE,,False,@euruk,BYD is Crap!,0,True
UgylM7DF2LplEiGqe6F4AaABAg,comment,eNYndWedZsE,,False,@Yvqi72,Hopefully i can import this car from Mexico,0,True
UgxOX4Yf0NjnLjjsrhp4AaABAg,comment,eNYndWedZsE,,False,@SajidKhandsk,He knows how to appreciate someone's efforts. He is such a lovely host ❤,0,True
UgzuqQw4b3LsE06o1Lt4AaABAg,comment,eNYndWedZsE,,False,@Knackebrot,5:06 wtf,0,True
UgzSfze3xbI9-RlHYNN4AaABAg,comment,eNYndWedZsE,,False,@JakobusVdL,"Is there a technical reason why these longer / larger EV's come with a boot rather than a hatchback, or just 'market preference'?
I'd like a non-SUV EV, Tesla 3, Ionic-6, Seal size but also prefer a hatchback. So, my options, here in NZ, are limited 
(I think just Leaf, MG4, e-Astra, e-308)",0,True
UgzSfze3xbI9-RlHYNN4AaABAg.9z2Wp56IZUA9zi2RxkiZ6h,comment,eNYndWedZsE,UgzSfze3xbI9-RlHYNN4AaABAg,True,@antzjr2184,wait for byd sea lion / seal U +,1,True
UgzSfze3xbI9-RlHYNN4AaABAg.9z2Wp56IZUAA3ezRilVPI7,comment,eNYndWedZsE,UgzSfze3xbI9-RlHYNN4AaABAg,True,@CThienV,Byd song L. Waiting on that!,1,True
UgwSmsCbTQAfrMflVfd4AaABAg,comment,eNYndWedZsE,,False,@JakobusVdL,"Does the heat pump system play a role in managing the battery temperature as well as the car interior?
And if so, does that help to minimise loss of range overtime?",1,True
UgyfBDiQVo_CbYWCwZd4AaABAg,comment,eNYndWedZsE,,False,@JakobusVdL,"Happy New Year Bobby Llew. Great review, of a really interesting car. 
I didn't know that BYD's background as a battery manufacturer, it does seem that that gives them an edge.
The technology and 'creature comforts' that is included with many of the current EV's is astounding. 
I'm not sure I need all that, but it must help when people are comparing an unfamiliar brand (like BYD, Tesla, MG, Hyundai, Kia) with the the better known european and japanese car brands. And it seems that when it comes to driving, the chinese made EV's are equal or better than the Euro's and Japanese.",3,True
Ugylo_44FgP5nYYTbet4AaABAg,comment,eNYndWedZsE,,False,@manwingchi9156,"People don't want to say BYD is better or equal to Tesla. 😊😊😊😊At least you tell the truth, 😊😊😊",0,True
UgyNtwt3WeiD5HZlmA14AaABAg,comment,eNYndWedZsE,,False,@changwoeiyii7537,"Great test results! But.....
If the fully charged battery pack is intentionally broken, then crush it with heavy machinery. I wonder if it will catch fire? 

Also, if the battery is fully charged, remove all protective covers and place it in water to conduct a battery short circuit test. I wonder if it will catch fire? 

If it doesn't catch fire in both tests, it's the safest battery pack. If one of the tests catches fire, at least everyone has an escape window in mind.",0,True
UgxFh5Rol1P1u8hMG7V4AaABAg,comment,eNYndWedZsE,,False,@stu573,Looks amazing,0,True
Ugwgy_n0_PanvPF-Q-N4AaABAg,comment,eNYndWedZsE,,False,@damindra,"Your misinformation is biblical as a channel, funded by government to push EV is ridiculous EV IS NOT THE FUTURE",0,True
Ugwgy_n0_PanvPF-Q-N4AaABAg.9z1Bkh3RgiS9z4nwNAskPk,comment,eNYndWedZsE,Ugwgy_n0_PanvPF-Q-N4AaABAg,True,@solotraveller888,"Waaah,waaaah,waaah!",0,True
Ugwgy_n0_PanvPF-Q-N4AaABAg.9z1Bkh3RgiS9z4oeOBb4rJ,comment,eNYndWedZsE,Ugwgy_n0_PanvPF-Q-N4AaABAg,True,@damindra,@solotraveller888 assume you lost your dummy....or are one...,1,True
Ugwgy_n0_PanvPF-Q-N4AaABAg.9z1Bkh3RgiSA3ezfFG0y6t,comment,eNYndWedZsE,Ugwgy_n0_PanvPF-Q-N4AaABAg,True,@CThienV,It's ok to not accept. Buy what you like.,0,True
UgyK6D87GtrzIvQxaLZ4AaABAg,comment,eNYndWedZsE,,False,@wangc4,shame that BYD price this so much higher in NZ compare to Aus!,0,True
Ugz_2_dIFDw_86XV-jJ4AaABAg,comment,eNYndWedZsE,,False,@teenyweenystories_uk,"BYD’s buses are also taking over London, and reasonably so. They’re by far the best London Buses we have ever had to drive, as a driver it finally feels like I’m driving something rather luxurious, fun and incredibly solid. BYD has put Alexander Dennis, Volvo and all the common bus manufacturers to shame!",636,True
Ugz_2_dIFDw_86XV-jJ4AaABAg.9z0rxKudQQJA0TtBY33ExL,comment,eNYndWedZsE,Ugz_2_dIFDw_86XV-jJ4AaABAg,True,@wormxzing,Volvo is owned by Geely motors-China,28,True
Ugz_2_dIFDw_86XV-jJ4AaABAg.9z0rxKudQQJA0heaUcHLtt,comment,eNYndWedZsE,Ugz_2_dIFDw_86XV-jJ4AaABAg,True,@noblekitty,"​@wormxzingVolvo Bussar is an independent subsidiary of Volvo group. Volvo cars is also a sub of Volvo grp, which owned around 80% by Geely. Buses =/= cars",44,True
Ugz_2_dIFDw_86XV-jJ4AaABAg.9z0rxKudQQJA1NXKPMAC-f,comment,eNYndWedZsE,Ugz_2_dIFDw_86XV-jJ4AaABAg,True,@allgoo1990,"""BYD’s buses are also taking over London, and reasonably so.""
==
Taking over streets of London, al right.
By stalling.",4,True
Ugz_2_dIFDw_86XV-jJ4AaABAg.9z0rxKudQQJA1Nh7ypItpx,comment,eNYndWedZsE,Ugz_2_dIFDw_86XV-jJ4AaABAg,True,@teenyweenystories_uk,"@allgoo1990  I've been driving them for a long time and I've never stalled. If you're stalling an automatic, electric bus, you need to hand your licence back to the DVLA.",80,True
Ugz_2_dIFDw_86XV-jJ4AaABAg.9z0rxKudQQJA1fXe7KPfcL,comment,eNYndWedZsE,Ugz_2_dIFDw_86XV-jJ4AaABAg,True,@来自塘湾的爱觉西,"Thank you, thank you from China。",15,True
Ugz_2_dIFDw_86XV-jJ4AaABAg.9z0rxKudQQJA2ypJetd7As,comment,eNYndWedZsE,Ugz_2_dIFDw_86XV-jJ4AaABAg,True,@donaldlee8249,@wormxzingVolvo bus isn’t,3,True
Ugz_2_dIFDw_86XV-jJ4AaABAg.9z0rxKudQQJA31m8i5n-_S,comment,eNYndWedZsE,Ugz_2_dIFDw_86XV-jJ4AaABAg,True,@BrentonSmythesfieldsaye,It is fantastic to hear such positive feedback from a bus driver.,12,True
Ugz_2_dIFDw_86XV-jJ4AaABAg.9z0rxKudQQJA3f2PYg7HYa,comment,eNYndWedZsE,Ugz_2_dIFDw_86XV-jJ4AaABAg,True,@longroad68,"BVD might be good for cities, 160 mi. Max. Limit on one charge! Not so great!   Course the worst environmental country manufactures them and they have no sustainable electric for the common home.  Electric grids in America cannot sustain the E.V. industries drain and high electrical cost, the more power an E.V. needs to pull, push, haul various loads, the more sources you need to produce the overwhelming load for a fuel, like coal, petroleum,  nuclear,  solar... It is a fad for those who want a toy, those who don't travel, etc.. and the perfect way to keep a society from evolving, and under big brothers watchful eye!!",3,True
Ugz_2_dIFDw_86XV-jJ4AaABAg.9z0rxKudQQJA3f2sMzlk9n,comment,eNYndWedZsE,Ugz_2_dIFDw_86XV-jJ4AaABAg,True,@teenyweenystories_uk,"@longroad68  well once upon a time people felt the same way about a combustion engine vehicle. The combustion vehicle also went through the same issues. 

What's your point?",11,True
Ugz_2_dIFDw_86XV-jJ4AaABAg.9z0rxKudQQJA3fOGcUJqWH,comment,eNYndWedZsE,Ugz_2_dIFDw_86XV-jJ4AaABAg,True,@longroad68,"@Aceydady  whoa, horse and buggy days!? There is not enough electric grid in the U.S. to sustain the demand now, so let's be really smart and add 4 times the demand! By the way, you automatically become more of a hazard to the environment because electricity is produced by coal, petroleum,  etc... there is more pollution because you will need far more of the by products! The wealth owners know this and hope everyone stays in the dark to there nefarious ways! They don't care about the environment,  but they do want YOU to wash their underware for 50 cents a day!! Maybe this will be point enough!",0,True
Ugz_2_dIFDw_86XV-jJ4AaABAg.9z0rxKudQQJA3nAkbKMGWu,comment,eNYndWedZsE,Ugz_2_dIFDw_86XV-jJ4AaABAg,True,@hansdampf9769,"Please note that they are working together with Alexander Davies on that.
So, nice, sustainable integration in your evonomy.",0,True
Ugz_2_dIFDw_86XV-jJ4AaABAg.9z0rxKudQQJA4NOc80YS3M,comment,eNYndWedZsE,Ugz_2_dIFDw_86XV-jJ4AaABAg,True,@BrentonSmythesfieldsaye,"@longroad68 You sound like you have little to no idea what is actually going on or how things work, divorced from reality it would seem.
 But apparently you do like to build fictional narratives, which to be honest, aren't that entertaining.",5,True
Ugz_2_dIFDw_86XV-jJ4AaABAg.9z0rxKudQQJA4QpNj_DnBU,comment,eNYndWedZsE,Ugz_2_dIFDw_86XV-jJ4AaABAg,True,@davidz7858,"@longroad68 I don't agree with you.  Most american families own more than two cars, and daily commute are less than 100 miles, now most companies provide free charge stations.  I have a Tesla Model 3 and Lexus RX350, my daily commute is  around 20 miles and my wife takes train.  I usually charge 2 times a week at my office charge station.  So it is perfect combination for me.  I can see a lot of my neighbors own Tesla too.",1,True
Ugz_2_dIFDw_86XV-jJ4AaABAg.9z0rxKudQQJA4Qt4JvJeeI,comment,eNYndWedZsE,Ugz_2_dIFDw_86XV-jJ4AaABAg,True,@longroad68,"@davidz7858  David evidently the ""train"" marks you as a suburbanite, tesla means nothing! The failing power grids in America CANNOT handle the electrical  power drain now! You are not saving the world, electricity  is provided by, coal, petroleum,  a very small hydro,... hybrids are the future, not hey my neighbors like teslas to drive to the city!! All electrical is not an answer for anything except, far more of your world ending problems!? I guess your not considering that America travels her Nation, where they want, when they want, and don't want to map out on vacation where we might find a charging station to wait an extra hour every time I stop, every 200 miles, because who wants to spend that last little bit of electricity in my battery, it goes REALLY fast, will I make it to one in time?? Oh wait, I live in the City, the worst pollution environments, charge up baby its time to make it worse!! Now that makes sense!",0,True
Ugz_2_dIFDw_86XV-jJ4AaABAg.9z0rxKudQQJA4oqQI69vYc,comment,eNYndWedZsE,Ugz_2_dIFDw_86XV-jJ4AaABAg,True,@freemanol,"​@allgoo1990well you even stalled spelling ""alright"" 2 letters in",1,True
Ugz_2_dIFDw_86XV-jJ4AaABAg.9z0rxKudQQJA5-uiWTSXoL,comment,eNYndWedZsE,Ugz_2_dIFDw_86XV-jJ4AaABAg,True,@Kitandarts,"@longroad68 Improve public transport investment & nationalise the networks. Its in the interest of everyone, not the few!",0,True
Ugz_2_dIFDw_86XV-jJ4AaABAg.9z0rxKudQQJA50Mx4XTybW,comment,eNYndWedZsE,Ugz_2_dIFDw_86XV-jJ4AaABAg,True,@longroad68,"@BrentonSmythesfieldsaye  Brenton you've absolutely said Nothing! Spend more time learning how to interact,  less time alone in front of your mirror!",0,True
Ugz_2_dIFDw_86XV-jJ4AaABAg.9z0rxKudQQJA50NT1pRmH5,comment,eNYndWedZsE,Ugz_2_dIFDw_86XV-jJ4AaABAg,True,@longroad68,"@Kitofthearts  Public transport investment, nationalize the networks! Your words!   So, your bought and paid for! How absolutely Mundane!!",0,True
Ugz_2_dIFDw_86XV-jJ4AaABAg.9z0rxKudQQJA52gRU4oFQw,comment,eNYndWedZsE,Ugz_2_dIFDw_86XV-jJ4AaABAg,True,@nikelixd,"@noblekitty Volvo's operations are independent, and Geely basically does not intervene.",0,True
Ugz_2_dIFDw_86XV-jJ4AaABAg.9z0rxKudQQJA5fVGOoykN0,comment,eNYndWedZsE,Ugz_2_dIFDw_86XV-jJ4AaABAg,True,@josdesouza,@allgoo1990 : Growing pains.,1,True
Ugz_2_dIFDw_86XV-jJ4AaABAg.9z0rxKudQQJA7Z20Tc7g9d,comment,eNYndWedZsE,Ugz_2_dIFDw_86XV-jJ4AaABAg,True,@rap3208,"@davidz7858 A lot of households have 3 to 4 cars (espedially in the suburbs), one each for the mother and father and one or two for the kids.",0,True
Ugz_2_dIFDw_86XV-jJ4AaABAg.9z0rxKudQQJA9fCnXqptTL,comment,eNYndWedZsE,Ugz_2_dIFDw_86XV-jJ4AaABAg,True,@ntr0pic,@allgoo1990 Don't forget you're trying to school a guy who drives them.,0,True
Ugz_2_dIFDw_86XV-jJ4AaABAg.9z0rxKudQQJAS5ZRItuTHG,comment,eNYndWedZsE,Ugz_2_dIFDw_86XV-jJ4AaABAg,True,@Ed.E,Pretty sure they partnered with Alexander dennis,0,True
UgzYc0cFuWteFWqvUHx4AaABAg,comment,eNYndWedZsE,,False,@ioan6211,Looks like the Hyundai Ioniq 6,0,True
UgyKgbgdvBCCa00Akhx4AaABAg,comment,eNYndWedZsE,,False,@henrytan5707,"In the past, we have DIY, now we have BYD... 😅dream on",0,True
Ugx_HpCjdemENe1jGUx4AaABAg,comment,eNYndWedZsE,,False,@Gregory-Masovutch,How long is the battery warranty for?  Is the first 30% loss due to battery degradation also excluded from the manufacturers warranty?,0,True
Ugx_HpCjdemENe1jGUx4AaABAg.9yzIfY0zt_d9z-cRRcpRQ8,comment,eNYndWedZsE,Ugx_HpCjdemENe1jGUx4AaABAg,True,@jeremytine,it's 8 years 160k km SOH >= 70%,0,True
UgwlfzEfmbf35Xqc8iR4AaABAg,comment,eNYndWedZsE,,False,@simonking3949,Will the Japanese car manufacturers face the same fate like its eletrical goods?,0,True
Ugw168szEPs7FAGlfZR4AaABAg,comment,eNYndWedZsE,,False,@ty-ger4300,Fully charged being truefull,0,True
Ugwnx4K8te2Ffle-0Ap4AaABAg,comment,eNYndWedZsE,,False,@eldontyrellcorp,"I don't care if it's byd, Tesla or VW, I don't want an ev. 
Until there's a real revolution in battery technology, I won't buy one.
Nor the vast majority of people, I think.",0,True
UgyiecHqQu2SZ1wZQ9F4AaABAg,comment,eNYndWedZsE,,False,@laplesyrup,Probably smells like cheap plastic.,0,True
UgyiecHqQu2SZ1wZQ9F4AaABAg.9yx_rqMUH199yyYhsX_jk2,comment,eNYndWedZsE,UgyiecHqQu2SZ1wZQ9F4AaABAg,True,@jacksmith-mu3ee,Source ? Proof ?,1,True
UgyiecHqQu2SZ1wZQ9F4AaABAg.9yx_rqMUH19A3ezqVCLYew,comment,eNYndWedZsE,UgyiecHqQu2SZ1wZQ9F4AaABAg,True,@CThienV,Probably. Please report back.,0,True
Ugz2-mAFew9goHSDNJB4AaABAg,comment,eNYndWedZsE,,False,@GabrielSBarbaraS,"If you don't notice any change in range, with the heat pump on,  ( 08:49 ) where does the energy for the heat pump unit come from?  Help me understand that so I can use that tech in my house and not increase my electric bill what so ever.",0,True
Ugz2-mAFew9goHSDNJB4AaABAg.9yx1b_iq5eXAL_rmpDgBnP,comment,eNYndWedZsE,Ugz2-mAFew9goHSDNJB4AaABAg,True,@nickc6882,"You already do use it in your house, assuming you have a fridge. If you have an air conditioning unit, that’s also a heat pump. Heat pumps doing create heat, they move it from one place to another, that’s why the back of your fridge is hot, that is the heat that the heat pump has pumped out from inside the fridge.  Heat pumps generally move 3x the energy they take to run. They are VERY efficient if you want to move heat out of one place and you also want to move heat into another. 

In this test, the car wants to get rid of heat from the battery pack, and Robert wants to move heat into the cabin. So it solves one problem with the other. If he was driving in a hot climate, that wouldn’t happen, the battery wants cooling and so does Robert, that’s when you will see range plummet.",0,True
Ugw3SQKqxxbWmUOra-J4AaABAg,comment,eNYndWedZsE,,False,@ChasL704,"I see Warren Buffetts money has paid off. To bad he couldn't invest in Tesla.
I guess he cares about supporting the competition.",0,True
UgyY7JSiA2ivo3ENI0l4AaABAg,comment,eNYndWedZsE,,False,@momcilopucar8749,Im sure it costs much less than any Mercedes Benz EVs.,0,True
UgywCgihS0kkCGFAAN94AaABAg,comment,eNYndWedZsE,,False,@htbwhite7721,"Can BYD evs and evs in general be converted to offline, key operated vehicles? I am concerned about privacy and security as evs are nothing more than cameras, microphones, gps and sensors on wheels - I don't want my car to act like a spy or a missile guidance system for a foreign government or spiteful terrorist group.",0,True
UgywCgihS0kkCGFAAN94AaABAg.9yvEWeDnEvBA3f--c-upK3,comment,eNYndWedZsE,UgywCgihS0kkCGFAAN94AaABAg,True,@CThienV,I want to watch the cartoons you've been watching,0,True
Ugzpb61ULH-Otr1KeSt4AaABAg,comment,eNYndWedZsE,,False,@DocFate68,It's beautiful ❤ not ev fan but this is beautiful,0,True
UgyTeDKE2w8eg6SxOP94AaABAg,comment,eNYndWedZsE,,False,@hahastudioslive,This guy hates Toyota 😂,0,True
Ugwg3ZVHoLn58ZPJv8p4AaABAg,comment,eNYndWedZsE,,False,@unrealhit88,Gas cars shit on all electric cars and I have 2 electric cars,0,True
UgxylxpCU4tqF0tSdCx4AaABAg,comment,eNYndWedZsE,,False,@小猪世界奇闻,为什么你们会对这台车感兴趣，它在中国本土卖得并不好，优惠幅度很大，这个车型的入门级别在中国大概24000美元就可以买到，混合动力版本甚至更便宜，因为产品力其实不够优秀，小鹏，极氪001和007，BYD的方程豹，仰望等等车型比这台车更受欢迎,0,True
UgxtsaJNhOa6YTVlDjJ4AaABAg,comment,eNYndWedZsE,,False,@peterpetrov6522,"USB-3. That's the best kind of 3. It's my favorite 2.
Top 1%.",0,True
Ugzg_iNcfneLEUSIRJl4AaABAg,comment,eNYndWedZsE,,False,@gonskie,Chinese cars have zero sales in Phils.,0,True
Ugzg_iNcfneLEUSIRJl4AaABAg.9yqrGQowXEP9ywxXn4ihns,comment,eNYndWedZsE,Ugzg_iNcfneLEUSIRJl4AaABAg,True,@jacksmith-mu3ee,What's phils ?,0,True
Ugzg_iNcfneLEUSIRJl4AaABAg.9yqrGQowXEPA3f-7tdUfel,comment,eNYndWedZsE,Ugzg_iNcfneLEUSIRJl4AaABAg,True,@CThienV,It's a mountain range on Mars,0,True
UgwwgrXANP2oBU9-gB14AaABAg,comment,eNYndWedZsE,,False,@BobcatUtd,"Buddy, seriously if you’re pushing this stuff you really need to be a lot more clued up than this. USB 3? Gears? What? Landscape and portrait are the terms you’re looking for. 
…. Jeez would you buy an ev from this man? 
Come on clue up!",0,True
UgwwgrXANP2oBU9-gB14AaABAg.9yq0tbHEs8u9ywxZgwh-1D,comment,eNYndWedZsE,UgwwgrXANP2oBU9-gB14AaABAg,True,@jacksmith-mu3ee,Source ? Proof ?,0,True
Ugwi52Eil5hUE0YWLCp4AaABAg,comment,eNYndWedZsE,,False,@ChriTsi,"It is extremely funny
how neoliberal globalisation
has ****** British empire!",0,True
UgwPP3fYJ8n_xzTvp0B4AaABAg,comment,eNYndWedZsE,,False,@LNasterio,"Although far better than the low end Tesla, BYD is in fact the worst of all Chinese electric car manufacturers... If this car blow your mind, wait until you see NIO or XPENG , you might then catch a glimpse of how behind the Western countries are...",1,True
UgxzVpJmUHjxD22aEQB4AaABAg,comment,eNYndWedZsE,,False,@iamchanduchetan,"Chinese cars are 10 years ahead of wat Tesla is. 
Everyone wud ditch Telsa if BYD is allowed in the West.",1,True
UgxzVpJmUHjxD22aEQB4AaABAg.9ylQQnFFrxW9ywxaH9VvZv,comment,eNYndWedZsE,UgxzVpJmUHjxD22aEQB4AaABAg,True,@jacksmith-mu3ee,No country named west,0,True
UgxndVkN16_4EszLpfB4AaABAg,comment,eNYndWedZsE,,False,@seangso,"Hi mate i am taking collection of my BYD Seal Performance today, wow what a Christmas present.",0,True
UgyX2F5U19gQGbkUUlh4AaABAg,comment,eNYndWedZsE,,False,@horehound,love the looks proper saloon gives old petrol Suberu vibes,0,True
UgyMCYYqRcgiBTNSzoN4AaABAg,comment,eNYndWedZsE,,False,@reggosse3901,EV'S are shit.,0,True
UgyMCYYqRcgiBTNSzoN4AaABAg.9yf1Pdo5KWc9yhUWLXC61q,comment,eNYndWedZsE,UgyMCYYqRcgiBTNSzoN4AaABAg,True,@ForBarbados246,Totally are and a scam too,0,True
UgxQMLz4GD-UnbTbXgh4AaABAg,comment,eNYndWedZsE,,False,@2468yu,But chinese xerox anything..no unique,0,True
UgxQMLz4GD-UnbTbXgh4AaABAg.9yeblsuuFiaA3f-SBHvHcK,comment,eNYndWedZsE,UgxQMLz4GD-UnbTbXgh4AaABAg,True,@CThienV,Because this car has 4 wheels?,0,True
UgxQMLz4GD-UnbTbXgh4AaABAg.9yeblsuuFiaA3f4V8qpJNz,comment,eNYndWedZsE,UgxQMLz4GD-UnbTbXgh4AaABAg,True,@2468yu,@CThienV indeed .. except that 4 wheel,0,True
Ugxo71wT_ti1cQOIX7V4AaABAg,comment,eNYndWedZsE,,False,@jackt1400,"All I see are re-enginering of German and American tech. Whether a product or company is good, we need to look at its aftersales support, parts availability, reliability, resale values...
I'll place my bet on Germans automobile any day.",0,True
Ugxo71wT_ti1cQOIX7V4AaABAg.9ye1NeufOe4A3f-XU_0UAG,comment,eNYndWedZsE,Ugxo71wT_ti1cQOIX7V4AaABAg,True,@CThienV,No one's stopping you from buying German.,0,True
UgwSjcFo3bQAOMrv7iV4AaABAg,comment,eNYndWedZsE,,False,@so-Qai,Looks Awesome,0,True
UgyPG9ivG23AGXZVKYZ4AaABAg,comment,eNYndWedZsE,,False,@MaxMustermann-yj1wz,If it does 1000km in the winter i might consider one.,0,True
Ugylyq8VQLtJCCE7LPx4AaABAg,comment,eNYndWedZsE,,False,@anthonyg638,No it doesn't. Might impress people when it is new. It will be a sh!tshow when it is out of warranty :),0,True
UgzOYsQ6HrmiR_Zvs0N4AaABAg,comment,eNYndWedZsE,,False,@maxlasthero1673,America will hate this video! LOL,2,True
Ugw954iG2fjmH54BdSt4AaABAg,comment,eNYndWedZsE,,False,@shaunehuolohan5736,BYD made buses for years before building cars.,1,True
Ugz_aR5bzdWszzUGZh94AaABAg,comment,eNYndWedZsE,,False,@TheLastSongbird124,"As with everything made in China, it's about how long do they last!",0,True
Ugz_aR5bzdWszzUGZh94AaABAg.9y_uq0V0tYbA3f-h7j8Zke,comment,eNYndWedZsE,Ugz_aR5bzdWszzUGZh94AaABAg,True,@CThienV,Crap products are crap irrespective of where they were made.,0,True
UgxVtYtUDAjAxx_tB014AaABAg,comment,eNYndWedZsE,,False,@ShidShud,"This is not their final tech, nor the  last, check back another 10 years l.",0,True
UgwV_vQKuzlnLoPucOZ4AaABAg,comment,eNYndWedZsE,,False,@mrgod5139,So you think Chinese still sit on a wooden cart towed by a cow?,0,True
UgxZ8-TTmImZwLouD2x4AaABAg,comment,eNYndWedZsE,,False,@andrewmee8136,You do know you couldn’t drive that car if they didn’t “burn stuff” to make it?,0,True
Ugwmyqj_pA_3Y87HXWx4AaABAg,comment,eNYndWedZsE,,False,@toadlika,NIO TO THE MOON,0,True
Ugzx4nn-HeBaYWtSoqh4AaABAg,comment,eNYndWedZsE,,False,@jimpackard8059,"It is a boot … not a trunk. You are in the Lake District, not Detroit .",0,True
Ugw6LtfA5KEB3U8PalR4AaABAg,comment,eNYndWedZsE,,False,@jimpackard8059,Much prettier than the miserable looking Tesla.,0,True
UgxAU3yIxPRuLYcm27l4AaABAg,comment,eNYndWedZsE,,False,@jimpackard8059,I am glad that you reminded me that I would be sitting on the  battery. Frightening.,0,True
UgxAU3yIxPRuLYcm27l4AaABAg.9yWUS6dcsEu9yc25_cz6ZJ,comment,eNYndWedZsE,UgxAU3yIxPRuLYcm27l4AaABAg,True,@tocu9808,"Airplane passengers are sitting on and in between large super flammable fuel storages, high in the sky.",1,True
UgyJmwuHhK5Cu_-iwtJ4AaABAg,comment,eNYndWedZsE,,False,@ndc5544p,"I wonder how their service is, if they're competent, if they have good parts supply, if they're adressing warranty issues fairly and not just ""it's not a fault, it's to be expected from the vehicle"" and brushes it under the rug. Renault showed me that a manufacturer doesn't acknowledge obvious faults and everything was ""normal behavior"" from the car. MG showed me that customer service reps can be very unhelpful and don't put the least bit of effort into getting to a solution. Glad I dodged that bullet by being able to cancel my order. The red flags started popping up when I read the 7 year warranty which had a lot of asterisks and also omitted a few of things that were covered by warranties of other manufacturers.

It's nice and dandy that this BYD is impressive, it would be a shame if it wasn't. But I want to know how the manufacturer fares with customers, how good their service is and how much they care for customer satisfaction and not just selling the next car. Renault and MG didn't care for that, will BYD?",0,True
UgzBwyvqD0WZVgaOAh14AaABAg,comment,eNYndWedZsE,,False,@granfersteve3815,"Rob, it's good to get an older generation review of a new car and the Seal does look very interesting, just not sure about the boot as I prefer a hatchback.  A Question regarding your video reviews though, I can't find any real world mileage tests or similar style car trials using the public charger network in the UK so we can get an idea of how much planning is really needed and how much a journey really costs ?  Don't you think this would be useful for people considering switching to BEV especially if it's a company car?",0,True
UgwSs-NxA0dI4b4_LAV4AaABAg,comment,eNYndWedZsE,,False,@sat7755,"Great ! Now please, drive a Tesla and give me a call.",0,True
UgwSs-NxA0dI4b4_LAV4AaABAg.9yUVhc43rMT9yVK1xO1K7-,comment,eNYndWedZsE,UgwSs-NxA0dI4b4_LAV4AaABAg,True,@fullychargedshow,"Very funny, I gave you a call in 2010, 2011, 2012, 2013, 2014, 2015, 2016,2017, etc etc each time I drove a Tesla and you never answered. And now you're saying this as though you know more about Tesla's than I do. I have driven them every day since 2013, I have owned 3, we have done multiple reviews of every Tesla available, both left and right hand drive, from the cheapest to the most expensive.
But go ahead, get upset because we dared drive another, equally good if not in some ways better electric car from a competitor. How very dare we.",3,True
Ugye1V5Nb73y2cLiYXd4AaABAg,comment,eNYndWedZsE,,False,@JB12132,Royal Mail EV van on a 73 plate for every 8 miles the heater is on loses 40 mile range. So no not from days gone by.,0,True
UgyfJdt4Xd7pnrN6umd4AaABAg,comment,eNYndWedZsE,,False,@BenAdam76-q9h,In Murica they will never  get this one...😂,1,True
UgyfJdt4Xd7pnrN6umd4AaABAg.9yU77Be4_7L9yhUbDJWeBv,comment,eNYndWedZsE,UgyfJdt4Xd7pnrN6umd4AaABAg,True,@ForBarbados246,Because of stupid politics,1,True
UgzE2PfG8mL2aB9BImd4AaABAg,comment,eNYndWedZsE,,False,@chrish2685,"That's the spirit. ""Keep Flogging the EV Dead Horse"". After all you have a channel to keep alive!",0,True
UgwHb6VajFdkNL65SVh4AaABAg,comment,eNYndWedZsE,,False,@mehrdadzand386,"""There is a recent conspiracy suggesting that various overseeing authorities appear uninterested in intervening and are consequently allowing insurance companies demanding outrageous premiums for electric cars without any apparent justification. This should be a matter of concern for the relevant authorities, especially considering that car insurance is compulsory, and the importance of a cleaner environment cannot be overstated. It is plausible that this conspiracy is being financed by oil companies leveraging their vast resources.""",0,True
UgxMxjHvp2Y8G9_m2Rl4AaABAg,comment,eNYndWedZsE,,False,@ivarshrestha,BYD is quite popular here in Kathmandu. Planning to join ev fleet soon.,1,True
Ugx4XLVrpu8A9vMSNmR4AaABAg,comment,eNYndWedZsE,,False,@saddle1940,Price? Compared to ICE car?,0,True
UgwnENukwzfn_tmUJkJ4AaABAg,comment,eNYndWedZsE,,False,@Souchirouu,"It is really amazing what we can accomplish with our technology today when a handful of people are not trying to skim as much profit off the top at every step.
We in the west can't compete with the way we are doing things now and the longer it takes for us to catch on the more industries China will become dominant in.",0,True
UgwMlsCIe7EWo9x7yXp4AaABAg,comment,eNYndWedZsE,,False,@MrBigbbb,Probably supported by the CCP,0,True
UgwMlsCIe7EWo9x7yXp4AaABAg.9yQ3tS7MQEs9yyYpsEzIWm,comment,eNYndWedZsE,UgwMlsCIe7EWo9x7yXp4AaABAg,True,@jacksmith-mu3ee,"Ok prove it .  Waiting 

But i love how jealous u are",0,True
UgwMlsCIe7EWo9x7yXp4AaABAg.9yQ3tS7MQEs9yyZd7qzOYN,comment,eNYndWedZsE,UgwMlsCIe7EWo9x7yXp4AaABAg,True,@MrBigbbb,@jacksmith-mu3ee tofu dreg,0,True
UgwMlsCIe7EWo9x7yXp4AaABAg.9yQ3tS7MQEs9yy_5NUFQe6,comment,eNYndWedZsE,UgwMlsCIe7EWo9x7yXp4AaABAg,True,@jacksmith-mu3ee,"@MrBigbbb  being supported by ccp is bad why ? 

Waiting",0,True
UgwMlsCIe7EWo9x7yXp4AaABAg.9yQ3tS7MQEs9yybZSPDtd6,comment,eNYndWedZsE,UgwMlsCIe7EWo9x7yXp4AaABAg,True,@MrBigbbb,@jacksmith-mu3ee study the CCP and get back to me .. the system is very similar to Nazi Germany,0,True
Ugy9pn1GmuWvYJIThNx4AaABAg,comment,eNYndWedZsE,,False,@bobotoksy,China is the new Japan,0,True
UgxvT2FINbg__rXRp0B4AaABAg,comment,eNYndWedZsE,,False,@normanclarke7670,Electric car are are rip off and don't work I got rid of mine ...,1,True
UgxvT2FINbg__rXRp0B4AaABAg.9yOJmN6EdXm9ySyayLY_Lw,comment,eNYndWedZsE,UgxvT2FINbg__rXRp0B4AaABAg,True,@jacksmith-mu3ee,Source ???,0,True
UgyT_hLWdXLRAd40x_l4AaABAg,comment,eNYndWedZsE,,False,@alexishart1989,Hilarious misplacement of the beep over the 'ing' when Robert said f***ing. Lol.,0,True
UgxsjcgUtteCeMOx_VB4AaABAg,comment,eNYndWedZsE,,False,@Hermit-Crab,"More than 10 years ago, Warren Buffett first made an investment in BYD. When his investment was first made public, it created a mini hoo-ha but the interests soon died off. We joked about following Warren Buffett's lead but eventually did nothing. What a stupid mistake on hindsight. I can only kick my own ass now.....",0,True
UgwNO2x1AfpZgpZ8Co14AaABAg,comment,eNYndWedZsE,,False,@BigEightiesNewWave,"It's a Chesla, Chinese Tesla.",0,True
UgwNO2x1AfpZgpZ8Co14AaABAg.9yNHmzYqFDK9yNxQt4yhR9,comment,eNYndWedZsE,UgwNO2x1AfpZgpZ8Co14AaABAg,True,@jacksmith-mu3ee,Where ???,0,True
UgyxggTrsEJ1Yv9KG4d4AaABAg,comment,eNYndWedZsE,,False,@BigEightiesNewWave,Our new Chinese Overlords.,1,True
UgyxggTrsEJ1Yv9KG4d4AaABAg.9yNHYZ3pVaf9yNxRkfWSal,comment,eNYndWedZsE,UgyxggTrsEJ1Yv9KG4d4AaABAg,True,@jacksmith-mu3ee,That's bad why,0,True
UgwGgEYJPZOuTbdOxeB4AaABAg,comment,eNYndWedZsE,,False,@BigEightiesNewWave,"Biden will not let us get a Seal, he wants us to buy Turkeys.",0,True
UgxgKcITE_mNKwcJNzx4AaABAg,comment,eNYndWedZsE,,False,@ab-hx8qe,Tesla? No no it’s a desla 😂,0,True
UgxgKcITE_mNKwcJNzx4AaABAg.9yN5fAgyX9h9yNxT9mY0vD,comment,eNYndWedZsE,UgxgKcITE_mNKwcJNzx4AaABAg,True,@jacksmith-mu3ee,Is byd,0,True
UgyJrkt5vD9l8cn_4jF4AaABAg,comment,eNYndWedZsE,,False,@mradjamesable,You did mention BYD and no reply from the onboard computer,0,True
UgyJrkt5vD9l8cn_4jF4AaABAg.9yMebN6Y_3MA3f0PjrWnqS,comment,eNYndWedZsE,UgyJrkt5vD9l8cn_4jF4AaABAg,True,@CThienV,"""hey byd""",0,True
Ugwkb37rhDMg0rxo8il4AaABAg,comment,eNYndWedZsE,,False,@dhulon09,if it is 20 k loaded kit WOULD BE GREAT,0,True
UgxCDgvOWv601A2WSIt4AaABAg,comment,eNYndWedZsE,,False,@dhulon09,GREAT CAR. JUST NEEDS be cheaper,0,True
Ugx_su2GbhJM5fll1ZR4AaABAg,comment,eNYndWedZsE,,False,@Givea_shit,"The european been leader of car many years 
With d emergence of chinese car u can see how high profit margin car like merc B&w 
Chinese can do same with half the price
They facelift so fast",0,True
Ugx_su2GbhJM5fll1ZR4AaABAg.9yLfb9P7B2t9yc3-zPlY5_,comment,eNYndWedZsE,Ugx_su2GbhJM5fll1ZR4AaABAg,True,@tocu9808,"When somewhere someone somehow could live with just one third of salary to perform exactly the same work as yours, you should question what proper standard of living should be.",0,True
Ugx_iXqNe_gwSiwCy4t4AaABAg,comment,eNYndWedZsE,,False,@georwoogle,👍👍👍,1,True
UgwhgREUxvLLZ7khUoN4AaABAg,comment,eNYndWedZsE,,False,@MrSihle1,How much did they ( chinese) pay u😮,1,True
UgwhgREUxvLLZ7khUoN4AaABAg.9yJrGBcm0q79yNxVSQfhk1,comment,eNYndWedZsE,UgwhgREUxvLLZ7khUoN4AaABAg,True,@jacksmith-mu3ee,How much did they ( cia ) pay u,2,True
UgwhgREUxvLLZ7khUoN4AaABAg.9yJrGBcm0q79yc3LF1j71A,comment,eNYndWedZsE,UgwhgREUxvLLZ7khUoN4AaABAg,True,@tocu9808,Most people have to earn a living. Is he doing anything wrong ?,0,True
UgwhgREUxvLLZ7khUoN4AaABAg.9yJrGBcm0q79yc47v2wv_r,comment,eNYndWedZsE,UgwhgREUxvLLZ7khUoN4AaABAg,True,@MrSihle1,"@tocu9808  thanks for stating the obvious.  But he's all praises. No criticism,  it's CHINESE !!! HELLO",0,True
UgwhgREUxvLLZ7khUoN4AaABAg.9yJrGBcm0q79yc4A_OFduU,comment,eNYndWedZsE,UgwhgREUxvLLZ7khUoN4AaABAg,True,@MrSihle1,@jacksmith-mu3ee i wish the CIA paid me. 😪,2,True
UgwhgREUxvLLZ7khUoN4AaABAg.9yJrGBcm0q79ycAkUHyNpo,comment,eNYndWedZsE,UgwhgREUxvLLZ7khUoN4AaABAg,True,@tocu9808,"@MrSihle1 Sure, it's obviously CHINESE car.
So is DJI being Chinese, HKVision being Chinese. There're also Chinese high speed trains, Chinese mountain connecting, sea crossing bridges, tunnels, Chinese spacecrafts, Chinese space station ... So what ?",1,True
UgwhgREUxvLLZ7khUoN4AaABAg.9yJrGBcm0q79yozoFizYvv,comment,eNYndWedZsE,UgwhgREUxvLLZ7khUoN4AaABAg,True,@MrSihle1,@tocu9808 yea. Let's heap praises only on those 2,0,True
Ugz5hKT_oTWPir-bYuB4AaABAg,comment,eNYndWedZsE,,False,@dotamaze,The EV cars will lose their relevance after 10 - 15 years because it is simply impossible to charge billions of electric cars with the current and future electric grid system.,2,True
Ugz5hKT_oTWPir-bYuB4AaABAg.9yJczxEGgwN9yL7CIblp7G,comment,eNYndWedZsE,Ugz5hKT_oTWPir-bYuB4AaABAg,True,@elimlinrr6898,"On the contrary, the earth will sooner or later run out of oil, a non renewable energy resource.",0,True
Ugz5hKT_oTWPir-bYuB4AaABAg.9yJczxEGgwN9yLkuIisD6z,comment,eNYndWedZsE,Ugz5hKT_oTWPir-bYuB4AaABAg,True,@michaeljiang960,"You are pretty good at predicting the future, aren’t you?",1,True
UgwzKdaW4gh23TPzLS94AaABAg,comment,eNYndWedZsE,,False,@cosmicdude0_4,Meanwhile there's videos surfacing from china that people ain't buying cars of many types from that region . The car industry are crashing,0,True
Ugz3lpIt6g8uBVutcDF4AaABAg,comment,eNYndWedZsE,,False,@windsong3wong828,"I am still driving the petrol engine ones because petrol only cost USD0.50 a liter in Malaysia.
I can only watch the EV …..
Okay….okay….I am not helping the climate change issue.",0,True
Ugz0A9yRkyUbYzCakzJ4AaABAg,comment,eNYndWedZsE,,False,@PaulBrassington_flutter_expert,No mention of price 😮,0,True
Ugzu3ZJLwz7uPNivYTh4AaABAg,comment,eNYndWedZsE,,False,@life.goes.,You shouldn't judge a car based how it looks and what gadgets it has but how it drives and how it performs.,0,True
Ugyq9evUu_OMewIo2l94AaABAg,comment,eNYndWedZsE,,False,@LegolasHIMM,9:51 <--- Press this again and again,0,True
UgyF7XpUNoC3igWmHaN4AaABAg,comment,eNYndWedZsE,,False,@Humax918,"First 2 biggest shareholders are US, so that's why BYD is growing unstoppable in the west",0,True
UgyF7XpUNoC3igWmHaN4AaABAg.9yGN7IuR_1H9yNxXmLEpNR,comment,eNYndWedZsE,UgyF7XpUNoC3igWmHaN4AaABAg,True,@jacksmith-mu3ee,No country is named west,0,True
UgzINkbsFf5oVMNQmWN4AaABAg,comment,eNYndWedZsE,,False,@54stevemac,EV ranges are a big lie.,1,True
UgyfDYyaELk9dTAfqKJ4AaABAg,comment,eNYndWedZsE,,False,@peterherth7379,"Such a great car, but why doesn't it have a proper hatch? Especially as it has the cross beam at the right position. That would make it so much more useful in daily life. I don't want to have to buy a full SUV to get a wide opening trunk.",0,True
UgxKdROzoK4nNiLTVZx4AaABAg,comment,eNYndWedZsE,,False,@Salim-wr2wk,The Chinese cars have arrived.,0,True
Ugz1wKHmB7jtNtSlWYl4AaABAg,comment,eNYndWedZsE,,False,@welbyroberto6581,"I owned Model 3 and now Model Y, I can tell you that the quality is below par for the price you pay. I had the M-Y front control arms and links replaced less than 2 years of ownership under warranty 😢. Instantly we could tell the car rides firmer, so much for Elon's quality control. BYD would wipe out half of Tesla's market share if it's allowed to come to North America",0,True
Ugz1wKHmB7jtNtSlWYl4AaABAg.9yELlChWsTG9zQAje4IPMB,comment,eNYndWedZsE,Ugz1wKHmB7jtNtSlWYl4AaABAg,True,@Joe-ud2hb,"Hi there, how old is your MY /what mileage. I'm thinking of a MY when I change my current ev....",0,True
UgzZbN2kEFOajp3zyWR4AaABAg,comment,eNYndWedZsE,,False,@mutopz,"China doesn't just lead the EV market, Chinese controls 90% of lithium market, the resource that is necessary to make EV batteries. They are so far ahead in the EV race it is really going to take a combined effort between the West just to catch up to China.",0,True
UgzZbN2kEFOajp3zyWR4AaABAg.9yDXHT6EO4p9yHIJ5i5ZyU,comment,eNYndWedZsE,UgzZbN2kEFOajp3zyWR4AaABAg,True,@tooltalk,">> China doesn't just lead the EV market, Chinese controls 90% of lithium market <<
Your source?    Don't bother if it's from the CCP.",0,True
UgyVf1wStSU2cT6Ks6l4AaABAg,comment,eNYndWedZsE,,False,@boomergamerPC,"I don't know about ""Model 3"", this is so evocative of a Kia Stinger that, knowing it's from China, I wouldn't be surprised if they hadn't full-on copied the general design; in the grand ""spirit of shanzai"" (山寨精神).",0,True
UgyVf1wStSU2cT6Ks6l4AaABAg.9yDFjmPxu5w9yEL7HtpsQq,comment,eNYndWedZsE,UgyVf1wStSU2cT6Ks6l4AaABAg,True,@jacksmith-mu3ee,Source ? Proof ?,0,True
UgwWV7b2Wd3VyTdOVWh4AaABAg,comment,eNYndWedZsE,,False,@sterobloc6645,Is it available in a diesel version?,1,True
UgwWV7b2Wd3VyTdOVWh4AaABAg.9yCBpvgPTGY9yCr_LqJPT6,comment,eNYndWedZsE,UgwWV7b2Wd3VyTdOVWh4AaABAg,True,@jacksmith-mu3ee,Nope . Since evs don't have an engine,0,True
UgzdHfy88ilhfXiyQv94AaABAg,comment,eNYndWedZsE,,False,@ostertagcn1,"Had a test drive today, to be fair the interior is way better than my M3, however, few details, like lane departure assistance, acceleration, auto regeneration, infotainment itself are not as much as I expected, they took away the dash cam ability! For sake of ‘security concerns’, can’t use sentry mode which is a done deal for me sadly, and one very key impact for it’s future sale figures, it’s way much expensive than it should be, for that price believe most people will just go for a current MY instead, came too late and too expensive, BYD you need to do something about it !",0,True
UgzV6haMp_S8S2qqXs54AaABAg,comment,eNYndWedZsE,,False,@acde9355,Why is this car having its turning indicator stalk on the right?,0,True
Ugwiz7Lp-a6WwEhSuYl4AaABAg,comment,eNYndWedZsE,,False,@cheongkinfong2538,Thank  you  for  your  hilarious  review  of BYD  SEAL  . You   presentation is  informative  and   comical,0,True
Ugzbn6snGx8VeHa65cR4AaABAg,comment,eNYndWedZsE,,False,@level1selamat155,Unbelievable,0,True
UgyMuDlW_7Xjdx6vS-t4AaABAg,comment,eNYndWedZsE,,False,@adambodhi431,"My worry with all Chinese technology is that they didn't design, develop, and evolve their way to their current level, learning over many years by trial and error. They essentially stole their way there by copying other companies technology and copyrighted designs and just built on top of that....and it does look a very familiar design.....",2,True
UgyMuDlW_7Xjdx6vS-t4AaABAg.9yAGT0Nwc7w9yCqTLZDVIS,comment,eNYndWedZsE,UgyMuDlW_7Xjdx6vS-t4AaABAg,True,@富忠1998,So？now China is advanced,1,True
UgyMuDlW_7Xjdx6vS-t4AaABAg.9yAGT0Nwc7w9yDH7SRaQkh,comment,eNYndWedZsE,UgyMuDlW_7Xjdx6vS-t4AaABAg,True,@adambodhi431,"Not if the collapsing of tunnels bridges and houses is anything to go by. When you take and dont earn, you dont learn the basics well enough. You build upon unsure foundations, lets see how it goes",0,True
UgyMuDlW_7Xjdx6vS-t4AaABAg.9yAGT0Nwc7w9yEKBsxlJ9w,comment,eNYndWedZsE,UgyMuDlW_7Xjdx6vS-t4AaABAg,True,@富忠1998,@adambodhi431 Now China is the superpower，we have alot of markets，such as many cars companies，dji drone，TikTok，video or mobile games，even Tesla use byd battery，we dont care you my babe,0,True
UgyMuDlW_7Xjdx6vS-t4AaABAg.9yAGT0Nwc7w9yHIOGLAuX2,comment,eNYndWedZsE,UgyMuDlW_7Xjdx6vS-t4AaABAg,True,@tooltalk,"@富忠1998 >> So？now China is advanced  <<
advanced in what?",0,True
UgyMuDlW_7Xjdx6vS-t4AaABAg.9yAGT0Nwc7w9yHIZ0FTwZm,comment,eNYndWedZsE,UgyMuDlW_7Xjdx6vS-t4AaABAg,True,@tooltalk,"@富忠1998 >> Tesla use byd battery <<
Tesla's primary battery supplier is Panasonic (and has been since 2010), followed by CATL which supplies cheap, low-end batteries for entry-level models.  They also use LG Chem's for Long Range models.",0,True
UgyMuDlW_7Xjdx6vS-t4AaABAg.9yAGT0Nwc7w9yHVdlrpgn_,comment,eNYndWedZsE,UgyMuDlW_7Xjdx6vS-t4AaABAg,True,@富忠1998,@tooltalk This is several years ago，now Tesla use byd battery，China is getting better，do not lock yourself，just go China and see,0,True
UgyMuDlW_7Xjdx6vS-t4AaABAg.9yAGT0Nwc7w9yHegzcdq7G,comment,eNYndWedZsE,UgyMuDlW_7Xjdx6vS-t4AaABAg,True,@tooltalk,"@富忠1998 : >> China is getting better，do not lock yourself，just go China and see <<
 China is not getting better.    CATL's strength is in mass-manufacturing cheap batteries, but their batteries are inferior.   China is still years behind South Korea and Japan, but China has more market share because China doesn't allow SK or JP battery companies from participating in China's nEV market to protect CATL/BYD.",0,True
UgyMuDlW_7Xjdx6vS-t4AaABAg.9yAGT0Nwc7w9yHhae_3IMu,comment,eNYndWedZsE,UgyMuDlW_7Xjdx6vS-t4AaABAg,True,@tooltalk,"@富忠1998 >> China is getting better，do not lock yourself，just go China and see ...<<
Tesla started using CATL in 2019 and BYD in 2023.   CATL and BYD make low-end batteries for entry-level, low-end batteries; LG and Panasonic supplies superior batteries for Tesla's Long Range and Performance models.",0,True
UgyMuDlW_7Xjdx6vS-t4AaABAg.9yAGT0Nwc7w9yHnmYgBt1K,comment,eNYndWedZsE,UgyMuDlW_7Xjdx6vS-t4AaABAg,True,@富忠1998,@tooltalk I see you are Korean hahahaha,0,True
UgyMuDlW_7Xjdx6vS-t4AaABAg.9yAGT0Nwc7w9yHqWu0yjf_,comment,eNYndWedZsE,UgyMuDlW_7Xjdx6vS-t4AaABAg,True,@tooltalk,"@富忠1998 >>  I see you are Korean hahahaha  <<
You must be a wumao.. 🤣🤣🤣",0,True
UgyMuDlW_7Xjdx6vS-t4AaABAg.9yAGT0Nwc7w9yc4q02EjLV,comment,eNYndWedZsE,UgyMuDlW_7Xjdx6vS-t4AaABAg,True,@tocu9808,"@adambodhi431 You mean Chinese engineers could launch spacecraft to the Moon, build orbital space station and send astronauts up there without learning the damn basics well enough, don't you ?",0,True
UgyMuDlW_7Xjdx6vS-t4AaABAg.9yAGT0Nwc7w9ymMWG2IsGx,comment,eNYndWedZsE,UgyMuDlW_7Xjdx6vS-t4AaABAg,True,@adambodhi431,Exactly 👍,0,True
UgyMuDlW_7Xjdx6vS-t4AaABAg.9yAGT0Nwc7w9ymR0Hfxe1P,comment,eNYndWedZsE,UgyMuDlW_7Xjdx6vS-t4AaABAg,True,@tocu9808,"@adambodhi431 So, ESA engineers probably don't know the damn basics so as to be left in dust by Chinese engineers who don't learn the basics well ?",0,True
UgyMuDlW_7Xjdx6vS-t4AaABAg.9yAGT0Nwc7w9yqwimnoo7C,comment,eNYndWedZsE,UgyMuDlW_7Xjdx6vS-t4AaABAg,True,@adambodhi431,@tocu9808 you like the  word Damn..... very forceful 👍,0,True
UgyMuDlW_7Xjdx6vS-t4AaABAg.9yAGT0Nwc7wA3f13ZEqAHv,comment,eNYndWedZsE,UgyMuDlW_7Xjdx6vS-t4AaABAg,True,@CThienV,"Why is it a 'worry'? 
If the car is not good then don't buy it. 
If it's good and U chose to buy it then enjoy it.",0,True
UgyRoUCR9WQAunb8UGJ4AaABAg,comment,eNYndWedZsE,,False,@nudestsquirrel,still Chinese...,2,True
UgyRoUCR9WQAunb8UGJ4AaABAg.9yAGNDGmc8E9yCrc7SeE0r,comment,eNYndWedZsE,UgyRoUCR9WQAunb8UGJ4AaABAg,True,@jacksmith-mu3ee,So chinese are more advanced .,1,True
UgyRoUCR9WQAunb8UGJ4AaABAg.9yAGNDGmc8E9yDrAwFOp1H,comment,eNYndWedZsE,UgyRoUCR9WQAunb8UGJ4AaABAg,True,@nudestsquirrel,"@jacksmith-mu3ee so are the aliens. Being advanced is one thing, being elegant is another. 😉",0,True
UgyRoUCR9WQAunb8UGJ4AaABAg.9yAGNDGmc8E9yDrTnNOdt2,comment,eNYndWedZsE,UgyRoUCR9WQAunb8UGJ4AaABAg,True,@jacksmith-mu3ee,"@nudestsquirrel do u have proof of aliens ?

So defined elegance ? Who have approval to ""your"" version of elegance ?",1,True
UgyRoUCR9WQAunb8UGJ4AaABAg.9yAGNDGmc8E9yDt7zTa1pD,comment,eNYndWedZsE,UgyRoUCR9WQAunb8UGJ4AaABAg,True,@nudestsquirrel,@jacksmith-mu3ee I see... my bad,0,True
UgyRoUCR9WQAunb8UGJ4AaABAg.9yAGNDGmc8E9yEISscMtIs,comment,eNYndWedZsE,UgyRoUCR9WQAunb8UGJ4AaABAg,True,@jacksmith-mu3ee,@nudestsquirrel there u go .,2,True
UgyRoUCR9WQAunb8UGJ4AaABAg.9yAGNDGmc8E9yEJzhH6_Sg,comment,eNYndWedZsE,UgyRoUCR9WQAunb8UGJ4AaABAg,True,@nudestsquirrel,"@jacksmith-mu3ee yup, can’t beat the Chinese",0,True
UgyRoUCR9WQAunb8UGJ4AaABAg.9yAGNDGmc8E9yEKjzPZ6si,comment,eNYndWedZsE,UgyRoUCR9WQAunb8UGJ4AaABAg,True,@jacksmith-mu3ee,"@nudestsquirrel why beat ? Why not work together  

Did china send terrorists ? No
Did china send conflicts ? No
Did china send millions of undocumented immigrants ? No

China and educated people and students who learn and go back to china to work in china .
How is that an issue ?",1,True
UgyRoUCR9WQAunb8UGJ4AaABAg.9yAGNDGmc8E9yHIk6dCGPK,comment,eNYndWedZsE,UgyRoUCR9WQAunb8UGJ4AaABAg,True,@tooltalk,"@nudestsquirrel >> yup, can’t beat the Chinese <<
can't outcompete the CCP who pays YTbers to promote their EVs.",1,True
UgyRoUCR9WQAunb8UGJ4AaABAg.9yAGNDGmc8E9yc5X08tabP,comment,eNYndWedZsE,UgyRoUCR9WQAunb8UGJ4AaABAg,True,@tocu9808,@tooltalk The market will validate if Chinese EVS are really good.,1,True
UgyRoUCR9WQAunb8UGJ4AaABAg.9yAGNDGmc8E9yc9IfPON_k,comment,eNYndWedZsE,UgyRoUCR9WQAunb8UGJ4AaABAg,True,@tooltalk,"@tocu9808 >> The market will validate if Chinese EVS are really good.<<
 China doesn't believe in the market or competition.   They are going to try to dominate by subsidizing their domestic industries and undercutting foreign competitors in oversea market.",0,True
UgyRoUCR9WQAunb8UGJ4AaABAg.9yAGNDGmc8E9ywvAh8-cGY,comment,eNYndWedZsE,UgyRoUCR9WQAunb8UGJ4AaABAg,True,@jacksmith-mu3ee,"@jeremytine  4 months gone . U have 0 proof of your claim

So congrats.  U got self owned 😆 🤣 

Cmon . Take my challenge",2,True
Ugw161dh12EsyDJ3qi14AaABAg,comment,eNYndWedZsE,,False,@gripper79,Did you physically see the the nail been hammered into the battery and physical see it been crashed into the post and watch it been taken out of the crashed car and put into another car if you think this is possible why aren't all EV manufacturers doing the same do some simple research and you'll find out its all lies,1,True
UgyYFILCG1qwKc8H4k54AaABAg,comment,eNYndWedZsE,,False,@gripper79,Did you physically see the the nail been hammered into the battery and physical see it been crashed into the post and watch it been taken out of the crashed car and put into another car if you think this is possible why aren't all EV manufacturers doing the same do some simple research and you'll find out its all lies,0,True
UgyYFILCG1qwKc8H4k54AaABAg.9y8kUf22jj_9y9pAsclrbO,comment,eNYndWedZsE,UgyYFILCG1qwKc8H4k54AaABAg,True,@furikuri23,"Just as much lies as it is with ICE fires. Eventhough there is a whole statistical study which shows ICE fires are way more common, People still think otherwise. This is called the illusory truth effect.",0,True
UgyYFILCG1qwKc8H4k54AaABAg.9y8kUf22jj_9yCrfHkgl4a,comment,eNYndWedZsE,UgyYFILCG1qwKc8H4k54AaABAg,True,@jacksmith-mu3ee,​@furikuri23its been verified .,0,True
UgyYFILCG1qwKc8H4k54AaABAg.9y8kUf22jj_A3f1I8dE8_I,comment,eNYndWedZsE,UgyYFILCG1qwKc8H4k54AaABAg,True,@CThienV,Many people haven't seen Jesus.,0,True
UgxQlVkis4ifVGG_Hkh4AaABAg,comment,eNYndWedZsE,,False,@FlyYouFools88,How can you guarantee the range wont drop with heating on? Why is this heat pump any different than those in stellantis or tesla vehicles? Heating in my tesla reduces range around 10-15%.,0,True
UgxNQe0H52Od6N7h8nB4AaABAg,comment,eNYndWedZsE,,False,@tony5oos,"Looking forward to the end of this comedy run , Quentin Crisp and the nutter",0,True
UgzY0mrTBau0_EhOBx54AaABAg,comment,eNYndWedZsE,,False,@heinuchung8680,I like the car it’s pretty,0,True
Ugxz1r1MjYD2Uy-X9Gx4AaABAg,comment,eNYndWedZsE,,False,@netjens,What load of crap you are talking I am sorry to say. I have a EV6 and there is a BIG Difference in range using the heat pump or not. What you are saying is simply not true.,0,True
UgwFfsTF7N4rf778QPR4AaABAg,comment,eNYndWedZsE,,False,@chanchanchantaiman,...,0,True
Ugz6j2SGYSjvOX6p0fV4AaABAg,comment,eNYndWedZsE,,False,@pawpawbandit3871,"Fully Charged, I think I speak for lots of people hesitant about EV's that I would like an episode focused entirely on EVs as an extension of the surveilance state and of control. I don't love the idea that Elon Musk could lock me in my car, take control of my cybertruck steering yolk, and drive me over a cliff from the comfort of his playstation controller, if he decided to, if I made the wrong Tweet. oops, I mean the wrong 'X'. Can you please speak to the government's ability to control your vehicle and monitor you, invade your privacy to an extent that was unimaginable a decade ago? I want control of my own car. I want control of the steering wheel. I want control of acceleration. I want control of the door locks. I want control of the cameras, etc. - Can you please speak to this. It's a massive, massive issue. To be covered by the next Ed Snowden if you we don't address it now. Many Americans do not like the idea of giving some other authority the ability to disable your car.",0,True
Ugz6j2SGYSjvOX6p0fV4AaABAg.9y6MKZFBzyEA3f1U2V7iyA,comment,eNYndWedZsE,Ugz6j2SGYSjvOX6p0fV4AaABAg,True,@CThienV,Paranoid,0,True
Ugw1IBrGTY4sGLvsCUl4AaABAg,comment,eNYndWedZsE,,False,@spikespike1332,Europeans either take a good product or keep driving expensive junk but rest of the world will drive Chinese cars that's a fact ...,0,True
UgwSvfae5UdPL9-CY394AaABAg,comment,eNYndWedZsE,,False,@wynos0,"BYD is an easy choice over the Model 3:
- instrument panel
- HUD
- Apple CarPlay
- Android Auto
- proper indicator stalks
- parking sensors
- more thigh support in every seat
- cheaper
- more space in the back
- more stylish
- longer warranty (at least here in Finland
- can charge it to 100% without any problems
- V2L",93,True
UgwSvfae5UdPL9-CY394AaABAg.9y5M4gf4gcm9yIGddCwzH_,comment,eNYndWedZsE,UgwSvfae5UdPL9-CY394AaABAg,True,@TearsEcho,hahaha seems totally right,1,True
UgwSvfae5UdPL9-CY394AaABAg.9y5M4gf4gcm9zVG-ERfDWU,comment,eNYndWedZsE,UgwSvfae5UdPL9-CY394AaABAg,True,@kwokholuk8723,"​@jeremytine
You have 1 like (You gave yourself 1 like) only. You have an anti-CCP mindset.",6,True
UgwSvfae5UdPL9-CY394AaABAg.9y5M4gf4gcm9zYvIRdaMy7,comment,eNYndWedZsE,UgwSvfae5UdPL9-CY394AaABAg,True,@AndrewManook,Well Tesla has a surveillance system which is back doored to the CAI (big yikes) @jeremytine,0,True
UgwSvfae5UdPL9-CY394AaABAg.9y5M4gf4gcm9zZ_-aSSxWd,comment,eNYndWedZsE,UgwSvfae5UdPL9-CY394AaABAg,True,@EduMiguel16,"yes but it's chinese, so it's pointless",0,True
UgwSvfae5UdPL9-CY394AaABAg.9y5M4gf4gcm9zam_cWuVmz,comment,eNYndWedZsE,UgwSvfae5UdPL9-CY394AaABAg,True,@jaroq10,@EduMiguel16 95% of stuff in your house is from China. Don't be a hypocrite,0,True
UgwSvfae5UdPL9-CY394AaABAg.9y5M4gf4gcm9zf2SiAmaBX,comment,eNYndWedZsE,UgwSvfae5UdPL9-CY394AaABAg,True,@ColeT-1k,@jeremytineWho has privacy nowadays you either pick the US Gov or Chinese Gov.,3,True
UgwSvfae5UdPL9-CY394AaABAg.9y5M4gf4gcm9zf_T3tsGBh,comment,eNYndWedZsE,UgwSvfae5UdPL9-CY394AaABAg,True,@jeremytine,"I say choose neither, but of the two, CCP has much more influence over companies than US gov @ColeT-1k",0,True
UgwSvfae5UdPL9-CY394AaABAg.9y5M4gf4gcmA0UPeb6Dkvb,comment,eNYndWedZsE,UgwSvfae5UdPL9-CY394AaABAg,True,@HermanWillems,@kwokholuk8723 But actually CCP is bad. But the Chinese people are not. And they are NOT the same.,0,True
UgwSvfae5UdPL9-CY394AaABAg.9y5M4gf4gcmA0UmLTh-8ui,comment,eNYndWedZsE,UgwSvfae5UdPL9-CY394AaABAg,True,@kwokholuk8723,"@HermanWillems 
You are brainwashed by the endless anti-CCP/anti-China Western propaganda.",1,True
UgwSvfae5UdPL9-CY394AaABAg.9y5M4gf4gcmA1WqXBowZt4,comment,eNYndWedZsE,UgwSvfae5UdPL9-CY394AaABAg,True,@kwokholuk8723,"@HermanWillems 
CCP was bad. CCP under Xi is not bad. You live in the past.",3,True
UgwSvfae5UdPL9-CY394AaABAg.9y5M4gf4gcmA3SKSEHngk7,comment,eNYndWedZsE,UgwSvfae5UdPL9-CY394AaABAg,True,@小鸭子-c3r,Are EV cars common in Finland? How many EV cars are there in every ten cars?,0,True
UgwSvfae5UdPL9-CY394AaABAg.9y5M4gf4gcmA5CI5A27iGJ,comment,eNYndWedZsE,UgwSvfae5UdPL9-CY394AaABAg,True,@揪芭比母捏牛,You either a kid or a heater​@EduMiguel16,0,True
UgzEm1sEumN98QjK6114AaABAg,comment,eNYndWedZsE,,False,@RodneyGN,"Love this channel & especially love your point of view.   I’m American but that rain reminds me of riding the bus with my Grandmother as a boy in the early 70s.  I know it will be a while before BYD makes it across the pond, but it can’t come soon enough.",7,True
UgzEm1sEumN98QjK6114AaABAg.9y58s0mnuizAGxCXnbdhF9,comment,eNYndWedZsE,UgzEm1sEumN98QjK6114AaABAg,True,@mrexpress8002,Not if Trump is still in power. He wants you to buy american only.,0,True
UgzGAJeo1M20oSK6Ns54AaABAg,comment,eNYndWedZsE,,False,@tjadventure1990,"As a supply chain Co, Don't recommend buying Chinese car.They are using parts with lower quality standards. Fancy outside .Crap inside .",1,True
UgzGAJeo1M20oSK6Ns54AaABAg.9y5-SqhRVes9yCrjQf-UoO,comment,eNYndWedZsE,UgzGAJeo1M20oSK6Ns54AaABAg,True,@jacksmith-mu3ee,Ok prove it . Waiting . Where is your proof ?,1,True
UgzGAJeo1M20oSK6Ns54AaABAg.9y5-SqhRVes9yCrmrtXLNn,comment,eNYndWedZsE,UgzGAJeo1M20oSK6Ns54AaABAg,True,@jacksmith-mu3ee,"As a supply chain Co ? What's a co ? 

Are u coco ?",0,True
UgzGAJeo1M20oSK6Ns54AaABAg.9y5-SqhRVes9yHP5HcMaNW,comment,eNYndWedZsE,UgzGAJeo1M20oSK6Ns54AaABAg,True,@tooltalk,Not only that..  Once they dominate the supply-chain they are going to weaponize their market position to make threats to further their mercantilistic economy.,1,True
Ugwz0Aw9PppBlhgVb9V4AaABAg,comment,eNYndWedZsE,,False,@StanleyKubick1,"sure, making cars is easy if you don't have to do any of the r&d or worry about reliability. china makes disposable products",1,True
UgxQJcYO1yULgnRVfeR4AaABAg,comment,eNYndWedZsE,,False,@thomasbroker69,I like BYD cars but I still think they are way overpriced..,1,True
UgxD0lznBibA1mdkjRx4AaABAg,comment,eNYndWedZsE,,False,@xmac1702,When will it come to the US?,1,True
UgwZF0zCyQbDo2rmsiJ4AaABAg,comment,eNYndWedZsE,,False,@edl8111,"So, where do I see on the glossy brochures and TV EV utopia commercials about charging these ""cars"" on 1.  a 42 degree scorcher like today (sit in it with A/C running which will take longer to charge ?)  2.  When it's pissing down rain and you are holding onto a live charge cable or 3.  If it's freezing outside (sit in it with the heater going - you guessed it, longer to charge).
Um - pass.",0,True
UgzysVT6gypGFvPZbjN4AaABAg,comment,eNYndWedZsE,,False,@marcelsantee1809,Can't wait for the Song L,1,True
UgxptqhjAKCBKxZ7h054AaABAg,comment,eNYndWedZsE,,False,@Darkmatter321,Elon musk when asked whether  he thinks BYD can catch up with Tesla laughed and said no way. Now he's saying by the end of this decade 9 out of 10 EVs will be Chinese. Incredible progress by the most hard working people on this planet.,2,True
UgxOOjit15-swaaerqt4AaABAg,comment,eNYndWedZsE,,False,@denstorebog,"Too expensive in Denmark, Tesla 3 is cheaper. Cheapst MG Marvel is about 7000USD cheaper.",0,True
UgzFPVIs_UxwMB8Cgz94AaABAg,comment,eNYndWedZsE,,False,@santaclaus946,"this isn't event a good copy of a real car, lots of stolen technology to impress the gullible........BEWARE.",3,True
UgzFPVIs_UxwMB8Cgz94AaABAg.9y36e_GHPrj9yCrrtWGk6M,comment,eNYndWedZsE,UgzFPVIs_UxwMB8Cgz94AaABAg,True,@jacksmith-mu3ee,"Where is your proof of this is a copy ? Which part is copied ? 

Which portion is copied ? 

Who created the original ?",2,True
UgzFPVIs_UxwMB8Cgz94AaABAg.9y36e_GHPrj9yCrtF07FSw,comment,eNYndWedZsE,UgzFPVIs_UxwMB8Cgz94AaABAg,True,@jacksmith-mu3ee,Ok prove it,0,True
UgzFPVIs_UxwMB8Cgz94AaABAg.9y36e_GHPrj9ywxSLzrGPu,comment,eNYndWedZsE,UgzFPVIs_UxwMB8Cgz94AaABAg,True,@jacksmith-mu3ee,"@jeremytine didn't u claim that they catch fire ? 

4 months gone .0 proof 😆 

Didn't u claim they rust ? 

4 months gone . 0 proof

Ccp back door ? Proof ? Waiting",2,True
UgzFPVIs_UxwMB8Cgz94AaABAg.9y36e_GHPrjA3f1mUfeKBn,comment,eNYndWedZsE,UgzFPVIs_UxwMB8Cgz94AaABAg,True,@CThienV,It has 4 wheels. Copy,0,True
Ugxxz0OwpQ4t-PNd1lN4AaABAg,comment,eNYndWedZsE,,False,@matklm,The amount of bots in the comments of any byd related video is insane.,0,True
Ugzw8oW8xIWE1A1Bj4F4AaABAg,comment,eNYndWedZsE,,False,@allencheng2669,"Unfortunately, this car is not competitive against the Huawei LUXEED S7. The era has taken another step forward.",1,True
UgxDdhTzUFwgW5sKL614AaABAg,comment,eNYndWedZsE,,False,@scottw4208,BYD is simply awesome 👍❤️,3,True
UgyDFMqV7IueZTBG2254AaABAg,comment,eNYndWedZsE,,False,@seat2k,Wonderful what u can achieve when u copy!,1,True
Ugyc32ydBSZQU0cAaSV4AaABAg,comment,eNYndWedZsE,,False,@ts6070,Diesel ⛽️ need 52c before ignition..,0,True
UgyvYRrOqi7HI6hrS554AaABAg,comment,eNYndWedZsE,,False,@waynehobbs5175,"BYD sells more plug in cars than any other company in the world.
Blade battery is safest LFP EV battery in the world.
Shame it is a sedan as world-wide that is a diminishing market due to poor packaging compared to SUVs.
Tesla Model Y outsells Tesla Model 3' 2:1.
BYD needs to get the Song L in the market quickly as like their Atto 3 it is an SUV so the most desirable in 2023.
Disclaimer: we own an Atto 3 and love it and wouldn't back-trade to a low slung sedan again because entry/exit for passengers and luggage is always better in an SUV.
The BYD Atto 3 is 345mm shorter but has 440l of boot space because SUVs are better packaged.
Sorry Robert but BYD could over-take Tesla in EV sales worldwide on current trajectories.",1,True
UgzZ4930a_0eVRSRggd4AaABAg,comment,eNYndWedZsE,,False,@purrdey,"Yes, but it's Chinese.",1,True
UgzZ4930a_0eVRSRggd4AaABAg.9y141uLZnV79y1E1BaT7-D,comment,eNYndWedZsE,UgzZ4930a_0eVRSRggd4AaABAg,True,@jacksmith-mu3ee,Yeah just like everything u own,2,True
UgzZ4930a_0eVRSRggd4AaABAg.9y141uLZnV79yCqt3UMF3f,comment,eNYndWedZsE,UgzZ4930a_0eVRSRggd4AaABAg,True,@富忠1998,Yes it is Chinese，so？,2,True
UgzZ4930a_0eVRSRggd4AaABAg.9y141uLZnV79yIVOhNQ2aq,comment,eNYndWedZsE,UgzZ4930a_0eVRSRggd4AaABAg,True,@s._3560,"Chinese tech is brilliant. Landed on the moon at first go and rover is still collecting information till today. China use to be the country providing the world (amongst them Europeans) with luxury products such as soft shimmering silk (nobody else knew for a long time how to produce shimmering cloth) , beautiful furniture crafted without nails just clever joinery that last, excellent highly sought after tea leaves and exquisite porcelain wear (which elites of the West commissioned sets for their dinner party to show off).  All this for centuries before the 20th century. Now they have recovered and are back!",1,True
Ugy6o0pfaE4xWTHSydR4AaABAg,comment,eNYndWedZsE,,False,@kdjorgensen98,"I would venture that calling a car a ""Tesla Competitor"" would be quite the complement, considering Teslas market share!",0,True
Ugz-6SblgWv2jJcn1L94AaABAg,comment,eNYndWedZsE,,False,@bryanleekw123,amazing car...,0,True
UgxhtiHi5MXUjVlhrZl4AaABAg,comment,eNYndWedZsE,,False,@nickavanti,Awesome.,1,True
Ugx0CZDlHG4LAHf9fy14AaABAg,comment,eNYndWedZsE,,False,@fongfongc8845,"Chinese are high intelligent and work hard, if they wan to make something good, they are able to make it.",2,True
Ugx0CZDlHG4LAHf9fy14AaABAg.9y-qZjoe2Lj9y1E32cAL-J,comment,eNYndWedZsE,Ugx0CZDlHG4LAHf9fy14AaABAg,True,@jacksmith-mu3ee,That's bcz they work,1,True
UgxnDSXzoCrXHIzfY-V4AaABAg,comment,eNYndWedZsE,,False,@TravMenace,nope. I'd rather buy a used car than entertain China and their antics. of course the car is cheaper than rivals - if i had unlimited financial power from my government I'd be laughin too,1,True
UgxnDSXzoCrXHIzfY-V4AaABAg.9y-ZTsC7Vu89y1E5a7jL4v,comment,eNYndWedZsE,UgxnDSXzoCrXHIzfY-V4AaABAg,True,@jacksmith-mu3ee,"Yeah that used car is made in china s well 😂😂😂

Jokes on u",0,True
UgxnDSXzoCrXHIzfY-V4AaABAg.9y-ZTsC7Vu89ywxOeIK6b0,comment,eNYndWedZsE,UgxnDSXzoCrXHIzfY-V4AaABAg,True,@jeremytine,"""Yeah that used car is made in china s well""  nope @jacksmith-mu3ee",0,True
UgyPFQf4epaR4TQ1zPl4AaABAg,comment,eNYndWedZsE,,False,@DWestnik77,"I'd never buy a car without physical buttons, it is uncomfortable and unsafe.  Just try to make temperature higher while driving. Also, this plastic car costs like a small airplane in the UK. Also, it will depreciate horribly, 60% for 3 years. Sorry, not for me.",0,True
UgyPFQf4epaR4TQ1zPl4AaABAg.9y-HXAv-914A3f1ztFwzFD,comment,eNYndWedZsE,UgyPFQf4epaR4TQ1zPl4AaABAg,True,@CThienV,Thanks for letting me know. Appreciate it.,0,True
UgzbUX7azyymHT1ZrTt4AaABAg,comment,eNYndWedZsE,,False,@BigEightiesNewWave,"HUD display should be a MUST, they use them in jet fighters. Passenger planes.",0,True
Ugx3JhYV5DqycYCmvNN4AaABAg,comment,eNYndWedZsE,,False,@BigEightiesNewWave,Tesla USES their blade batteries.😇,2,True
UgzP519WYwy4jt63pnN4AaABAg,comment,eNYndWedZsE,,False,@BigEightiesNewWave,I want a Seal here in Southern California😪,2,True
UgyY_c8uF0ceyclmJgx4AaABAg,comment,eNYndWedZsE,,False,@rof8200,You're so kind and cared about the people who went for a walk and got wet in the lake district. 😊,0,True
UgwWCE7T-9ji9KKSDbt4AaABAg,comment,eNYndWedZsE,,False,@SwoOlley63,Same weather everyday in this country !!,0,True
Ugyr-Bd_uiS-ur9dtyR4AaABAg,comment,eNYndWedZsE,,False,@jacobrocks7,Awesome review. Thanks,0,True
UgwaaM211x7iVrMv4hd4AaABAg,comment,eNYndWedZsE,,False,@scasey1960,What about maintenance?  This is what matters over a 5-10 years period.,0,True
UgwaaM211x7iVrMv4hd4AaABAg.9xxFt09Mh0dA3f255RxFFX,comment,eNYndWedZsE,UgwaaM211x7iVrMv4hd4AaABAg,True,@CThienV,"Oil change every 10,000kms",0,True
UgwaaM211x7iVrMv4hd4AaABAg.9xxFt09Mh0dA3f2AWOcvqR,comment,eNYndWedZsE,UgwaaM211x7iVrMv4hd4AaABAg,True,@CThienV,"Spark plugs and timing belt change every 100,000kms",0,True
UgwaaM211x7iVrMv4hd4AaABAg.9xxFt09Mh0dA3f2Et6OsXn,comment,eNYndWedZsE,UgwaaM211x7iVrMv4hd4AaABAg,True,@CThienV,Change sump plug washer with every 2nd oil change,0,True
UgwMEi7kpR-5byMv9Ch4AaABAg,comment,eNYndWedZsE,,False,@oneplacegifts5946,What a nice presentation🎉Cheers! BYD is said to have lost some momentum in China for it being not as intelligent as other cars integrated with Huawei’s insane technologies,2,True
UgzURnwFV5VMK-fSskB4AaABAg,comment,eNYndWedZsE,,False,@浩李-w8t,Really cool. I like it❤,0,True
UgwvJ2dxqi7auA7rK8d4AaABAg,comment,eNYndWedZsE,,False,@teslabot6517,At my age I have wibily wobily bits!,0,True
UgxRBh7ceI_kZPfO2kN4AaABAg,comment,eNYndWedZsE,,False,@pkbrown58,"Will you fellas be covering the Tesla Truck?  Would be a fun one to see up closer, via F.C.",0,True
UgyvLOUbDXFfMfVHvL94AaABAg,comment,eNYndWedZsE,,False,@504Rone,Lol,0,True
UgwTyGu4Yz7w_DbLNiB4AaABAg,comment,eNYndWedZsE,,False,@mskmsk7174,"No way will I be buying a Chinese BYD..why? Xi Jinping and the CCP. I love the Chinese people and I think this is a GREAT car but I absolutely have gone right off the leadership and their belligerence toward the west. So no, I'll buy Japanese instead.",2,True
UgwTyGu4Yz7w_DbLNiB4AaABAg.9xuoXdwTfNb9y1EBcP-Zpm,comment,eNYndWedZsE,UgwTyGu4Yz7w_DbLNiB4AaABAg,True,@jacksmith-mu3ee,"And xi jin ping did what ? 
Ccp did what ? 

How is that related do byd ? 

U sound jealous",2,True
UgwTyGu4Yz7w_DbLNiB4AaABAg.9xuoXdwTfNb9yCr9b-WJDI,comment,eNYndWedZsE,UgwTyGu4Yz7w_DbLNiB4AaABAg,True,@富忠1998,You are funny guy,0,True
UgwTyGu4Yz7w_DbLNiB4AaABAg.9xuoXdwTfNb9ywxab1Du36,comment,eNYndWedZsE,UgwTyGu4Yz7w_DbLNiB4AaABAg,True,@jeremytine,seriously ... biggest police surveillance state in the world with possible backdoor to my car and a gov that is rubber stamp authoritarian .. hell no,0,True
UgwTyGu4Yz7w_DbLNiB4AaABAg.9xuoXdwTfNbA3f35yPM_p6,comment,eNYndWedZsE,UgwTyGu4Yz7w_DbLNiB4AaABAg,True,@CThienV,"Your decision in buying a car will not have the power to influence the attitudes and behaviours of a nation, let alone a super power.",0,True
UgwTyGu4Yz7w_DbLNiB4AaABAg.9xuoXdwTfNbA3f3EHAno_Z,comment,eNYndWedZsE,UgwTyGu4Yz7w_DbLNiB4AaABAg,True,@CThienV,"​@jeremytineIf you're a political person of interest, you may have reason for concern. If not, you are less significant than you think you are. 

Why would the CCP care about your trips to McDonald's and Walmart?",0,True
UgyOdQ0YrFXBu1cCRHl4AaABAg,comment,eNYndWedZsE,,False,@kitty-rp7bg,Nice car😂😂,0,True
UgzLN8c5e7ggjOzwIeJ4AaABAg,comment,eNYndWedZsE,,False,@billycan8852,I have no doubt this is a nice low price ev . But I will not support the Chinese regime no matter how cheap their cars are .,3,True
UgzLN8c5e7ggjOzwIeJ4AaABAg.9xuf0Gq7Slv9y1EKMRWA7i,comment,eNYndWedZsE,UgzLN8c5e7ggjOzwIeJ4AaABAg,True,@jacksmith-mu3ee,And who the hell are to tell anyone,2,True
UgzLN8c5e7ggjOzwIeJ4AaABAg.9xuf0Gq7Slv9ywxeTBsJhk,comment,eNYndWedZsE,UgzLN8c5e7ggjOzwIeJ4AaABAg,True,@jeremytine,same,0,True
UgzLN8c5e7ggjOzwIeJ4AaABAg.9xuf0Gq7Slv9yyZgvecm57,comment,eNYndWedZsE,UgzLN8c5e7ggjOzwIeJ4AaABAg,True,@jacksmith-mu3ee,@jeremytine source ?,0,True
UgzLN8c5e7ggjOzwIeJ4AaABAg.9xuf0Gq7SlvA1BV-E6KG09,comment,eNYndWedZsE,UgzLN8c5e7ggjOzwIeJ4AaABAg,True,@roncheung8893,it is good to have choices,0,True
UgzLN8c5e7ggjOzwIeJ4AaABAg.9xuf0Gq7SlvA3f3QZlJf-l,comment,eNYndWedZsE,UgzLN8c5e7ggjOzwIeJ4AaABAg,True,@CThienV,"You buying a Chinese car can influence the supposed behaviours of a nation hey? 
You must be the next avenger.",0,True
UgyTJ3KDjhHVcfEQpRl4AaABAg,comment,eNYndWedZsE,,False,@Attaccabottoni,Does that screen have a dark mode?,0,True
UgyTJ3KDjhHVcfEQpRl4AaABAg.9xu4q3UVI0cA3f3V0DOb39,comment,eNYndWedZsE,UgyTJ3KDjhHVcfEQpRl4AaABAg,True,@CThienV,Yes,0,True
Ugz_d8Zpijhs2Pmn_tV4AaABAg,comment,eNYndWedZsE,,False,@thelogician1934,"We need a van, van, van. Cars cannot carry much ppl and stuff. Cars are useless. Where are the vans??? I was wait for BYD e3 van but it never came!",0,True
Ugx-WHMuQJysL7wa04d4AaABAg,comment,eNYndWedZsE,,False,@joebloggs6131,"If it's 12 years since the first Chinese EV test, imagine 12 years from now, and where the car / transport sector will be by then. 
Mindblowing 🤯",3,True
Ugx7aMlbSNvmicZjrLN4AaABAg,comment,eNYndWedZsE,,False,@jarrodyuki7081,i see.,0,True
UgwJp-to0eD_MFfG66R4AaABAg,comment,eNYndWedZsE,,False,@kumbackquatsta,von der leyen is incredibly triggered. that's what happens when you're racist,0,True
UgxxEiRgN4Tx3i2SvVB4AaABAg,comment,eNYndWedZsE,,False,@JacobTech92,crazy expensive electric cars are pointless,0,True
Ugzt4CfypnITBl-YamB4AaABAg,comment,eNYndWedZsE,,False,@kumbackquatsta,the cybertruck is the tesla killer,0,True
UgzDV72aX7ARCTs0jyh4AaABAg,comment,eNYndWedZsE,,False,@nithishjvj8736,"Looks good, lets just hope they're not cheaply built to undercut costs.",0,True
UgwBSgnIGj2NgwoKoCx4AaABAg,comment,eNYndWedZsE,,False,@sonnylatchstring,"it is no ""saloon"" car, it's a hatchback with a very small trunk lid",0,True
UgwBSgnIGj2NgwoKoCx4AaABAg.9xporwNN-VFA3f3_CfZcaY,comment,eNYndWedZsE,UgwBSgnIGj2NgwoKoCx4AaABAg,True,@CThienV,It's not a hatchback.,0,True
Ugx8QdyXR4bvDWaN4W54AaABAg,comment,eNYndWedZsE,,False,@DavidSeto-i2q,Chinese cars are charged a 27.5 percent tariff.  Never come to America.,0,True
Ugx8QdyXR4bvDWaN4W54AaABAg.9xp__j3n6pc9y1ENqP6rsy,comment,eNYndWedZsE,Ugx8QdyXR4bvDWaN4W54AaABAg,True,@jacksmith-mu3ee,Meh so cares,0,True
UgwOs3vhvnlkF9F_cGZ4AaABAg,comment,eNYndWedZsE,,False,@SHOdown13,@fullychargedshow you need to do a feature on a mn American company called Alpha Motor. Theyre building small rugged pick up and suv due out very soon.,0,True
UgwpWeQnt8zJITjRKU54AaABAg,comment,eNYndWedZsE,,False,@teddy1080,Stunning car. Great quality. Finally affordable EV with style.,16,True
UgxbBF_OMgYHMG7p36J4AaABAg,comment,eNYndWedZsE,,False,@momonotever8847,Buy Chinese and finance your own destruction.,2,True
UgxbBF_OMgYHMG7p36J4AaABAg.9xo02JJNHko9xqgAn_9FTH,comment,eNYndWedZsE,UgxbBF_OMgYHMG7p36J4AaABAg,True,@accountantthe3394,Nah.,4,True
UgxbBF_OMgYHMG7p36J4AaABAg.9xo02JJNHko9xss6O8rpOP,comment,eNYndWedZsE,UgxbBF_OMgYHMG7p36J4AaABAg,True,@momonotever8847,@accountantthe3394 Another one with their head in the sand.,1,True
UgxbBF_OMgYHMG7p36J4AaABAg.9xo02JJNHko9xssuysKNVv,comment,eNYndWedZsE,UgxbBF_OMgYHMG7p36J4AaABAg,True,@accountantthe3394,@momonotever8847 Nah,4,True
UgxbBF_OMgYHMG7p36J4AaABAg.9xo02JJNHko9yCs1N5DOKS,comment,eNYndWedZsE,UgxbBF_OMgYHMG7p36J4AaABAg,True,@jacksmith-mu3ee,"​@momonotever8847OK prove it . Why shouldn't we buy chinese cars ? 

Where is your proof m",0,True
UgxbBF_OMgYHMG7p36J4AaABAg.9xo02JJNHko9ywxu1vCxQU,comment,eNYndWedZsE,UgxbBF_OMgYHMG7p36J4AaABAg,True,@jeremytine,Buy your (tofu)Dreg,1,True
UgxbBF_OMgYHMG7p36J4AaABAg.9xo02JJNHkoA3f3oQ7MMx8,comment,eNYndWedZsE,UgxbBF_OMgYHMG7p36J4AaABAg,True,@CThienV,Maybe the CCP will spare you for owning a byd. ??,0,True
UgxLYkSt44chIc_oUJV4AaABAg,comment,eNYndWedZsE,,False,@cactusimon,"Great car, terrible logo 😅",0,True
UgydvwOLFzxfJqlwHJl4AaABAg,comment,eNYndWedZsE,,False,@pacman7959,No mention of prices?,0,True
UgxDY4iDdHxdUatQcgJ4AaABAg,comment,eNYndWedZsE,,False,@TheMrFishnDucks,Awesome car. Hopefully in the future an even cheaper version with physical controls.,3,True
UgxDY4iDdHxdUatQcgJ4AaABAg.9xnUtDLeEBy9xotc1T8amS,comment,eNYndWedZsE,UgxDY4iDdHxdUatQcgJ4AaABAg,True,@floxshuilee1760,This is one called seal DMI in China. 25k USD.,0,True
UgxPpSeZAkdPguJdaYN4AaABAg,comment,eNYndWedZsE,,False,@alexAaatang,Hahah 6gen camry chesis 😂,0,True
UgyLXO2w0BvfYI5I1ed4AaABAg,comment,eNYndWedZsE,,False,@ayayoutuber,This chinese paid ads just proof how journalism is down the drain.,3,True
UgyLXO2w0BvfYI5I1ed4AaABAg.9xnRfnqJKn29xolTuqVsv3,comment,eNYndWedZsE,UgyLXO2w0BvfYI5I1ed4AaABAg,True,@zacksmith5963,"So every car is a paid ad ? 

U are media that chinese maje better cars then u",1,True
UgyLXO2w0BvfYI5I1ed4AaABAg.9xnRfnqJKn29xqTZF7v-3E,comment,eNYndWedZsE,UgyLXO2w0BvfYI5I1ed4AaABAg,True,@tooltalk,"it was Hollywood, then NBA.. Now, ""Fully Charged Show""?  Are they even considered journalist?",0,True
UgyLXO2w0BvfYI5I1ed4AaABAg.9xnRfnqJKn29xrqzCqXN0E,comment,eNYndWedZsE,UgyLXO2w0BvfYI5I1ed4AaABAg,True,@zacksmith5963,@tooltalk plz be more jealous . It's lovely,1,True
UgyLXO2w0BvfYI5I1ed4AaABAg.9xnRfnqJKn29xrthpxLkcf,comment,eNYndWedZsE,UgyLXO2w0BvfYI5I1ed4AaABAg,True,@tooltalk,"@zacksmith5963 : Sure, wumao!   LOL",0,True
UgyLXO2w0BvfYI5I1ed4AaABAg.9xnRfnqJKn29xrtoCQf8OQ,comment,eNYndWedZsE,UgyLXO2w0BvfYI5I1ed4AaABAg,True,@tooltalk,some Youtube bloggers get paid to make videos.,0,True
UgyLXO2w0BvfYI5I1ed4AaABAg.9xnRfnqJKn29xtMGJUlZaG,comment,eNYndWedZsE,UgyLXO2w0BvfYI5I1ed4AaABAg,True,@zacksmith5963,"@tooltalk plz cry more cia bot 

U are caught and now crying",0,True
UgyLXO2w0BvfYI5I1ed4AaABAg.9xnRfnqJKn29xtMJ5wFErr,comment,eNYndWedZsE,UgyLXO2w0BvfYI5I1ed4AaABAg,True,@zacksmith5963,@tooltalk and u are jealous that they speak turn,0,True
UgyLXO2w0BvfYI5I1ed4AaABAg.9xnRfnqJKn29ywxyOIATWz,comment,eNYndWedZsE,UgyLXO2w0BvfYI5I1ed4AaABAg,True,@jeremytine,CCP loves their soft power attempts,0,True
UgyLXO2w0BvfYI5I1ed4AaABAg.9xnRfnqJKn29yyYvxGSHv1,comment,eNYndWedZsE,UgyLXO2w0BvfYI5I1ed4AaABAg,True,@jacksmith-mu3ee,​@jeremytine  and u love to run away 😂😂😂,0,True
UgwKHyJv9K4-nPipnKp4AaABAg,comment,eNYndWedZsE,,False,@一朵小红花,"As long as there is a slight quality problem in Chinese products, it will be infinitely amplified by Western media.  This is also the reason why Chinese products are getting better and better.  Thanks to the media that smear China, let our products become more competitive.",1,True
Ugyc6Mi4rxObqpCuY7N4AaABAg,comment,eNYndWedZsE,,False,@tomom2011,"I personally think it is ugly, unlike the BYD E2 for example that is a great looking little hatchback. Clearly a great car though and BYD are here to stay. We really missed a trick in the West, they went all in on electric early and are now simply better at it and own the relevant supply chains.",0,True
Ugyc6Mi4rxObqpCuY7N4AaABAg.9xn07_miiUvA3f3wqEenlV,comment,eNYndWedZsE,Ugyc6Mi4rxObqpCuY7N4AaABAg,True,@CThienV,I don't agree with its looks too. But it's still on top of my shortlist.,0,True
UgydRs9-4X-Fdhh1myN4AaABAg,comment,eNYndWedZsE,,False,@alexhuo6738,"zhijie S7 from huawei & chery is much more advanced than byd seal, even though i drive my byd han dmi.",0,True
Ugx8pEZlS_x-Z69X20Z4AaABAg,comment,eNYndWedZsE,,False,@virgiliustancu9293,"It is an EU and US cars killer.😂
EU lost billions by loosing the Russian market which now is full of Chinese cars. EU will never recovers.",0,True
Ugznag2Kf-poqS0WrwN4AaABAg,comment,eNYndWedZsE,,False,@Colt16v,"So there are NO bad points on this car? Not even one? Comeon, the driverassists are terrible, there are no real help on trips to plan charging and it doesn´t give an estimated SoC on arrival. On top of that, no OPD, charging is slower than Tesla and quite a few other brands, and only 570km from an 82kWh battery? That´s terrible. Thats only slightly more than the base Model 3 with a 57.5kWh (usable) gets, and i know for a fact that Tesla can actually achieve the range it advertises.",4,True
Ugznag2Kf-poqS0WrwN4AaABAg.9xlxR0iEmq49xpZ2xhfTYf,comment,eNYndWedZsE,Ugznag2Kf-poqS0WrwN4AaABAg,True,@whiteshark450,That's not how battery works you dingus.,0,True
Ugznag2Kf-poqS0WrwN4AaABAg.9xlxR0iEmq49xpgwDqvQPa,comment,eNYndWedZsE,Ugznag2Kf-poqS0WrwN4AaABAg,True,@Colt16v,@whiteshark450 enlighten me then,0,True
Ugznag2Kf-poqS0WrwN4AaABAg.9xlxR0iEmq49xplBH0GikF,comment,eNYndWedZsE,Ugznag2Kf-poqS0WrwN4AaABAg,True,@whiteshark450,"@Colt16v batteries are never at 100% the second they are off charge, you're losing juice. The temperature also plays a huge part in battery life. That's why cars change their battery every 3 year, because just by idling they are losing their lifespan. I'm an electrician.",0,True
Ugznag2Kf-poqS0WrwN4AaABAg.9xlxR0iEmq49xrLTPDL7Oe,comment,eNYndWedZsE,Ugznag2Kf-poqS0WrwN4AaABAg,True,@Colt16v,"@whiteshark450 Makes absolutely no sense. Cars are not changing battery every 3 years. And it´s basic physics. If you have 2 cars, similar size, but one got 57kWh, the other 80kWh capacity, and they go around the same distance on a single charge, the car with the bigger battery is less efficient. Temperature and static discharge plays no part in this. It really is simple physics.",0,True
Ugznag2Kf-poqS0WrwN4AaABAg.9xlxR0iEmq49xrj1Aak971,comment,eNYndWedZsE,Ugznag2Kf-poqS0WrwN4AaABAg,True,@whiteshark450,"@Colt16v Use some critical thinking please, im obviously talking about petrol cars and yes the recommended battery change is 3-4 years. Now, i'm not gonna give you a whole class on battery but you do know the current bottleneck is about storage and maintaining the charge as long as possible. Thats why we have lithium, graphene, hydrogen batteries in developpement.",0,True
Ugznag2Kf-poqS0WrwN4AaABAg.9xlxR0iEmq49xrp7AKoUAr,comment,eNYndWedZsE,Ugznag2Kf-poqS0WrwN4AaABAg,True,@Colt16v,"@whiteshark450 I don´t know why you are bringing lead-acid batteries into this. You are trying to make a point that simply does not fly. The BYD Seal RWD goes 570km from an 80kWh battery, while a Tesla Model 3 RWD goes 554km from a 57.5kWh battery. Why and how you can reason that the BYD is not ineffective, really confuses me. It´s like you´re saying that 5 red apples are the same as 8 because the others are green lol.",0,True
UgwBxtCfdWCO-LxSqoN4AaABAg,comment,eNYndWedZsE,,False,@franktongzi1430,"There were electric buses built by byd on 2010,electricity is their gene.",0,True
Ugxk7JrUW92X3EHkwgl4AaABAg,comment,eNYndWedZsE,,False,@Saj14356,We’ll need this for Taxi what’s the miles it can give in full charge,0,True
UgwAa49YvOX6zoKMXKl4AaABAg,comment,eNYndWedZsE,,False,@KarlFullerNZ,Sounds like a well reasoned decision!,0,True
UgyV1dPk9sAJeWKuS0p4AaABAg,comment,eNYndWedZsE,,False,@randywatson8347,RIP Tesla,0,True
Ugxs73Hz0wYUfc1-vbd4AaABAg,comment,eNYndWedZsE,,False,@TheRisto2,It doesn't matter wich electric car you buy. My cobustion car with 1/3 of the cost will outpreform any electric car at about 150000 km. By that time the electric car battery is basically dead and useless and my car just drives a long for a nother 150000 km without any major investements or problems. 😂😂,1,True
Ugxs73Hz0wYUfc1-vbd4AaABAg.9xkkjmKxe7M9xmUZ666Yg4,comment,eNYndWedZsE,Ugxs73Hz0wYUfc1-vbd4AaABAg,True,@fullychargedshow,"Please keep your old combustion car. It's fine.
I will keep my electric car, which will, without question, outlast any combustion car ever built, and cost about 1/10th to fuel, service and maintain.
But don't listen to me, only listen to the huge crowds of well paid people who will keep telling you lies about batteries, you know, the people who also sell you the fuel you burn.
(The problem you have with me is that I drove combustion cars for 40 years before I drove electric ones. I know, from long, bitter experience what keeping an old clunker on the road really costs.) Good luck and happy driving",2,True
Ugxs73Hz0wYUfc1-vbd4AaABAg.9xkkjmKxe7MA3f472FoU6-,comment,eNYndWedZsE,Ugxs73Hz0wYUfc1-vbd4AaABAg,True,@CThienV,Enjoy life bro. Try new things. Try new ice cars.,0,True
UgxUR2fIYP4H92jGR-B4AaABAg,comment,eNYndWedZsE,,False,@MrLewooz,"naaaaaaaaaaaaaaa made in china remain the same ... amazing for two month and then the ""manure"" start to come down. Trust my vehicle experience on that topic...",1,True
UgxUR2fIYP4H92jGR-B4AaABAg.9xkh9UINvVJ9yELFUGuf5C,comment,eNYndWedZsE,UgxUR2fIYP4H92jGR-B4AaABAg,True,@jacksmith-mu3ee,Ok prove it . Waiting,1,True
UgxUR2fIYP4H92jGR-B4AaABAg.9xkh9UINvVJ9yHQhtzthe6,comment,eNYndWedZsE,UgxUR2fIYP4H92jGR-B4AaABAg,True,@MrLewooz,"Retro LI a mopped bought new and that NEVER passed the first MOT.£2500 I'll never see again and i had a bit of a surprise explained in this clip. Now tell me that for car they are good boyz...
@jacksmith-mu3ee",0,True
UgxUR2fIYP4H92jGR-B4AaABAg.9xkh9UINvVJ9ywyISCxIFP,comment,eNYndWedZsE,UgxUR2fIYP4H92jGR-B4AaABAg,True,@jeremytine,"we believe you. If I need a tool once, I buy chinesium tool from horror freight, need it for life, buy german, japan, usa.",0,True
Ugw4k23c3dPBznisRNJ4AaABAg,comment,eNYndWedZsE,,False,@tooltalk,"Is this a promoted video?  I searched for ""top gear ev"" and I get this.",2,True
Ugw4k23c3dPBznisRNJ4AaABAg.9xkMythFdKq9xolqO-6dUr,comment,eNYndWedZsE,Ugw4k23c3dPBznisRNJ4AaABAg,True,@zacksmith5963,Plz be more jealous cia bot,2,True
Ugw4k23c3dPBznisRNJ4AaABAg.9xkMythFdKq9xqTjGfZ-vh,comment,eNYndWedZsE,Ugw4k23c3dPBznisRNJ4AaABAg,True,@tooltalk,"@zacksmith5963 : Sure, wumao.",0,True
Ugw4k23c3dPBznisRNJ4AaABAg.9xkMythFdKq9xrqxhYY_Aq,comment,eNYndWedZsE,Ugw4k23c3dPBznisRNJ4AaABAg,True,@zacksmith5963,"@tooltalk  : cia bot 

Cry more",2,True
Ugw4k23c3dPBznisRNJ4AaABAg.9xkMythFdKq9y1asIIjSJz,comment,eNYndWedZsE,Ugw4k23c3dPBznisRNJ4AaABAg,True,@jacksmith-mu3ee,@tooltalk sure bot,2,True
Ugw4k23c3dPBznisRNJ4AaABAg.9xkMythFdKq9y1bFyorjh9,comment,eNYndWedZsE,Ugw4k23c3dPBznisRNJ4AaABAg,True,@tooltalk,"@jacksmith-mu3ee : oh jesus, do you really have to upvote your own commnt?  that's really pathetic.",0,True
Ugw4k23c3dPBznisRNJ4AaABAg.9xkMythFdKq9y1bckbhNTx,comment,eNYndWedZsE,Ugw4k23c3dPBznisRNJ4AaABAg,True,@jacksmith-mu3ee,"@tooltalk source trust me bro . Plz cry more on your made in china phone 

Cmon bot call me  more nonsense . I live in usa new jersey so your best shot only make me laugh.  

Btw : there is no country named west",2,True
Ugw4k23c3dPBznisRNJ4AaABAg.9xkMythFdKq9ywyN13HqFg,comment,eNYndWedZsE,Ugw4k23c3dPBznisRNJ4AaABAg,True,@jeremytine,"CCP would never peddle soft power, nope, never...",0,True
UgwYix08xbKq2a-2BTl4AaABAg,comment,eNYndWedZsE,,False,@starlord8973,"Hyundai and Kia have unveiled a radical new EV drivetrain system

Hyundai and Kia have linked up to reveal a new universally adaptable drivetrain system called the ‘Uni Wheel’, which aims to change both personal and commercial mobility and deep-fry your mind. 

The new system integrates pre-existing drivetrain technology that has essentially been re-engineered to move the main drive system components to the vacant area within a car’s wheel hub. Want to understand how it works? Get your nerd hat on, it’s time for a science lesson.

In a traditional combustion-powered car, the power is sent from the engine through the transmission and then to the wheels 

using drive shafts and CV joints. In an EV, the electric motor and reduction gear substitute for the engine and the transmission, but the rest of the process remains the same. 

The Uni Wheel looks to change this final step by repositioning the reduction gear in an EV to inside the wheel hub and then fitting ‘compact’ individual motors closer to each wheel. This would not only reduce the size of the drive shafts but also the amount of overall floor space used. That means more cabin space for crisps and crumbs to claim as their residence.
OK, ready to get even geekier?

What then allows the Uni Wheel to work is a ‘planetary’ gear configuration, which consists of a centrally-located ‘sun’ gear, four ‘pinion’ gears on each side, and a ‘ring’ gear that sits on the outer edge, posing as the asteroid belt in this particular section of the Solar System.

The power generated by the motor is first sent to the sun gear, which is then relayed to the pinion gears to move the ring gear. The ring gear, which is connected to the actual wheels of the car, then springs into life and enables drive. Keen engineering fanatics will also note that this system could even move the torque vectoring game forward since each wheel basically has its own engine.
The South Korean power couple also says this will have a positive impact on ride comfort since the drivetrain works closely with the multi-axis suspension to ‘stabilise’ the vehicle with quicker bursts of power and torque over rougher surfaces. 

The technology will continue to be refined with a view to incorporating it into future products and has the potential to be applied to anything with wheels as small as four inches or as large as 25.

That means it can even be used on different types of mobility solution, ranging from bicycles to wheelchairs. We're left wondering if it could enable a new racing series for delivery robots. ‘Formula Robot’ certainly has a ring to it, no?",0,True
UgxFUV5yy8GVy_WVMRh4AaABAg,comment,eNYndWedZsE,,False,@FancyaBevMate,"Sorry but on a recent visit to a BYD dealership I sat in all their cars and ""fit and finish"" was WAY off the mainstream manufacturers. Maybe their 2nd generation in 5 years will be better. Found all the driving positions flawed. Cheers",2,True
Ugw6m3tj8a50_VoT2yp4AaABAg,comment,eNYndWedZsE,,False,@DAVIDE-bk8by,Build Your Dystopia,4,True
Ugw6m3tj8a50_VoT2yp4AaABAg.9xjJqEQuEFx9xj_WiXWm3S,comment,eNYndWedZsE,Ugw6m3tj8a50_VoT2yp4AaABAg,True,@zacksmith5963,Be more jealous,1,True
Ugw6m3tj8a50_VoT2yp4AaABAg.9xjJqEQuEFx9xpXfyhqRwX,comment,eNYndWedZsE,Ugw6m3tj8a50_VoT2yp4AaABAg,True,@DAVIDE-bk8by,@zacksmith5963Stay asleep to whats happening in the world​,4,True
Ugw6m3tj8a50_VoT2yp4AaABAg.9xjJqEQuEFx9y1EW_orVbm,comment,eNYndWedZsE,Ugw6m3tj8a50_VoT2yp4AaABAg,True,@jacksmith-mu3ee,​@DAVIDE-bk8byprove it . This has been tested,0,True
Ugw6m3tj8a50_VoT2yp4AaABAg.9xjJqEQuEFx9ywyPgORjrj,comment,eNYndWedZsE,Ugw6m3tj8a50_VoT2yp4AaABAg,True,@jeremytine,Buy Your Doom,0,True
Ugw6m3tj8a50_VoT2yp4AaABAg.9xjJqEQuEFx9yx-1iSPW4_,comment,eNYndWedZsE,Ugw6m3tj8a50_VoT2yp4AaABAg,True,@zacksmith5963,@jeremytine 🥱  source ? Proof ?,0,True
UgyUzOsHraJVoJOTirt4AaABAg,comment,eNYndWedZsE,,False,@alenev0031,"Wow, I love the looks!!! Plushy and classy! I drive a BYD Dolphine, I have to say it is a real treat to drive one of their cars. The pleasure is priceless. The price is a pleasure. 

I can't help but notice the Chinese EV makers are really good at software on top of great handling and safety. They have thought about every convenience feature to pamper the driver and the passengers all put into an elegant and generous-sized display. Germans make great cars, but their software lags behind. The Japanese make great cars too but their attention to minute details has room to grow. BYD's entertainment software is so good that makes driving in a road congestion almost a pleasure. 

It is easy to make you a BYD fan. Personally, I give BYD 9.5 out of 10.",18,True
UgzvqfXGcAKqU8a-T-x4AaABAg,comment,eNYndWedZsE,,False,@fetonlee4869,BYD Seal is just one of the hot sale EV cars in China.  AITO (Designed by Huawei) cars are much better than it. Come to China and find more EV cars you love.,0,True
UgywNL7ZDsTq03Uf5T54AaABAg,comment,eNYndWedZsE,,False,@scotlandsk,"Yawn. You would praise an electric milk float. Infact, any electric car",1,True
UgywNL7ZDsTq03Uf5T54AaABAg.9xjGwbphDm49xj_SofBrt5,comment,eNYndWedZsE,UgywNL7ZDsTq03Uf5T54AaABAg,True,@fullychargedshow,"Snooze.  What on earth do you expect? This is one of very few YouTube channels that doesn't spread ridiculous lies and nonsense about electric cars. 
There's plenty of other places that cater for your macho, petrol head, skidding sideways around a disused airfield.
Or alternatively there are places that cater for the 'all cars are fascist, ride a bike or you are scum.'
Plenty of alternatives for you.",4,True
Ugx0pcEvao7iviPg89h4AaABAg,comment,eNYndWedZsE,,False,@jaimedpcaus1,Super nice! 👌,0,True
Ugw38htinKD1PmzfX_d4AaABAg,comment,eNYndWedZsE,,False,@timvlogtv512,BYD catches fire while driving and more frequently than tesla lol,1,True
Ugw38htinKD1PmzfX_d4AaABAg.9xi_EnnFNRy9xolaCMmgP3,comment,eNYndWedZsE,Ugw38htinKD1PmzfX_d4AaABAg,True,@zacksmith5963,Ok prove it . Waiting,2,True
Ugw38htinKD1PmzfX_d4AaABAg.9xi_EnnFNRy9y1EYcP33Rl,comment,eNYndWedZsE,Ugw38htinKD1PmzfX_d4AaABAg,True,@jacksmith-mu3ee,7 days gone . Where is your proof ?,2,True
Ugy-_kcUnePyp7t7Tq94AaABAg,comment,eNYndWedZsE,,False,@muhon19,Electric car shoud 500m range,0,True
UgxQFci72L4QK8p65Px4AaABAg,comment,eNYndWedZsE,,False,@dmytrotuliantsev6445,"Good car, no doubts, but why no one is saying that its front is simply copied from Porsche Taycan?",1,True
UgxQFci72L4QK8p65Px4AaABAg.9xhjxrLK-uzA3f4UVsnMR8,comment,eNYndWedZsE,UgxQFci72L4QK8p65Px4AaABAg,True,@CThienV,I see mpre megane,0,True
UgzVxeiDzf8B2CL_j4d4AaABAg,comment,eNYndWedZsE,,False,@michaelmillis9772,Turning the heating on definitely effects range in my 1yr old Kia,0,True
Ugx7dA3oMOnslGqYES14AaABAg,comment,eNYndWedZsE,,False,@AgapeWarrior,"Good 2 c u Bobby !!! I have missed your brit wit lol !! Looks like they are the new JDM sad to see them fall but they did kick our butt so hahaha. I would love to see Monro have a go and compare the guts to all the others but so far she looks like a winner yea .. Thanks for the vid , good on ya mate",0,True
UgxmOIGas1ZIUacIdVV4AaABAg,comment,eNYndWedZsE,,False,@whatswhite110,在2023年的下半年，中国的电车又前进了一大步，如果你能见到，肯定会觉得“对，这才是划时代的汽车变革”。由华为带动的智能化进一步在汽车行业发展。全铝合金的底盘，空气悬挂，3到5秒的百公里加速，城市无图辅助驾驶，自动停车。。价钱大概30万人民币左右，真的挺好。理想，小鹏，长城，奇瑞，都在发力追赶。明年的电车会更加精彩！！！,0,True
UgzySqpdy4g6gsPAaGB4AaABAg,comment,eNYndWedZsE,,False,@NS-hq6mw,"Hate to break it to ya, but the Chinese electric cars I've seen and rode in Shanghai recently put the Japs, Europeans and everyone else to shame. They are often big, beautiful and absolutely silent. The air quality in Shanghai is amazing considering its a city of 25 million people and a major world city. The world is just starting to realise how far behind the Chinese everyone else is. Even Mercedes outsources its Chinese production to a local carmaker.",2,True
UgzySqpdy4g6gsPAaGB4AaABAg.9xhcqftSgA49xhmNxAjHdV,comment,eNYndWedZsE,UgzySqpdy4g6gsPAaGB4AaABAg,True,@tooltalk,">> Even Mercedes outsources its Chinese production to a local carmaker. <<
All foreign auto makers are required to form a joint venture with a domestic auto company to transfer/share IP (and manufacturing know-how).  About half of MB's global sales come from China and their major investors are also in China -- which is why you see German automakers kowtowing to the CCP.",2,True
UgzySqpdy4g6gsPAaGB4AaABAg.9xhcqftSgA49xolcSQM90U,comment,eNYndWedZsE,UgzySqpdy4g6gsPAaGB4AaABAg,True,@zacksmith5963,​@tooltalksource ? Proof ?,0,True
UgzySqpdy4g6gsPAaGB4AaABAg.9xhcqftSgA49ywygYaTdzx,comment,eNYndWedZsE,UgzySqpdy4g6gsPAaGB4AaABAg,True,@jeremytine,yup CCP is quite protectionist... don't even get started on films...   @tooltalk,0,True
UgzySqpdy4g6gsPAaGB4AaABAg.9xhcqftSgA49yyZ1R__fQn,comment,eNYndWedZsE,UgzySqpdy4g6gsPAaGB4AaABAg,True,@jacksmith-mu3ee,​@jeremytinesource ? Proof ?,0,True
UgwY5rszhhX-KcbngXp4AaABAg,comment,eNYndWedZsE,,False,@jlamm2223443,nothing on charging speed.,0,True
UgylfGpyHMwj2e-LRyV4AaABAg,comment,eNYndWedZsE,,False,@pengfeihuo193,in fact this car is already outdated in China. a lot of new evs are much better than this one as same price.,0,True
UgylfGpyHMwj2e-LRyV4AaABAg.9xhWYCAP3NMA3f4dsyKcNd,comment,eNYndWedZsE,UgylfGpyHMwj2e-LRyV4AaABAg,True,@CThienV,Unfortunately the seal sedan is the latest in my country.,0,True
Ugxz8SAexcJGt7XGIhd4AaABAg,comment,eNYndWedZsE,,False,@huangshuo998,"Test a huawei car, they got L4 automatic driving system",0,True
UgzQ1THEbUk8N6vkF754AaABAg,comment,eNYndWedZsE,,False,@havencat9337,"ive been in the back of one of this (Taxi in China) and its super nice! However in China they really have a lot of amazing brands! honestly....if you are passionate about EV you have to visit one of the big cities in China, its super crazy how much diversity and options they got",45,True
UgzQ1THEbUk8N6vkF754AaABAg.9xhSES64IaH9z4Epbxn1jX,comment,eNYndWedZsE,UgzQ1THEbUk8N6vkF754AaABAg,True,@stefanosong9314,"the competition forced Tesla to do discount, Tesla model 3 starts at around 33k USD in Shanghai where it is built",2,True
UgywTRfe_O8HiLP0L0J4AaABAg,comment,eNYndWedZsE,,False,@apb3251,Read of a dodge charger and front of Hyundai Ioniq 6,0,True
UgzgbdwfwXS8pCqkrFZ4AaABAg,comment,eNYndWedZsE,,False,@tsopuaifa,"Nice car but it's just TOO BIG! 
If we are to care about the environment we just cannot have cars that use almost 2kwh/10km. It's just too much. 
But then again... who said that we have to leave something for our kids? Let them deal with their problems.",0,True
UgzgbdwfwXS8pCqkrFZ4AaABAg.9xgvvGWXBw0A3f4kj07r8E,comment,eNYndWedZsE,UgzgbdwfwXS8pCqkrFZ4AaABAg,True,@CThienV,"Unless you walk everywhere, you're not innocent.",0,True
UgzgbdwfwXS8pCqkrFZ4AaABAg.9xgvvGWXBw0A3f950MoYUJ,comment,eNYndWedZsE,UgzgbdwfwXS8pCqkrFZ4AaABAg,True,@tsopuaifa,@CThienV Even walking takes energy. 🤣,0,True
UgzgbdwfwXS8pCqkrFZ4AaABAg.9xgvvGWXBw0A3fsvU1pxal,comment,eNYndWedZsE,UgzgbdwfwXS8pCqkrFZ4AaABAg,True,@CThienV,@tsopuaifa that's right. So how deep does your battle for the environment go?,0,True
UgzgbdwfwXS8pCqkrFZ4AaABAg.9xgvvGWXBw0A3gauL_rkIE,comment,eNYndWedZsE,UgzgbdwfwXS8pCqkrFZ4AaABAg,True,@tsopuaifa,"@CThienV My footprint is fairly low but I know that the sun is gonna go out and humanity will vanish way before that. All we can do is postpone the collapse which we do because we don't want our kids or grand kids to be part of it. I have chosen not to have kids. I walk and bicycle a lot and live in a van which is efficient. I do travel India every now and then so I guess that is a bummer. 🤔 
I would say that my ""battle"" is simply on stupidity. I like George Carlins approach on the issue.",0,True
UgxYJ_aDMKVYqGLN-Dd4AaABAg,comment,eNYndWedZsE,,False,@pakaran23,Price?,0,True
UgyFdW3kFD0tvKn9guh4AaABAg,comment,eNYndWedZsE,,False,@BenzAddiction,I can understand the reviewer's enthusiasm for this toy... still Toyota has not shown the world what a hydrogen fuel car can mean... I am sure they have the Ace...,0,True
UgyFdW3kFD0tvKn9guh4AaABAg.9xgraf-s6sW9xhpHMI2yDO,comment,eNYndWedZsE,UgyFdW3kFD0tvKn9guh4AaABAg,True,@andkosification,"Toyota already announced, that hydrogen fueled passenger Cars are Going Out of production",0,True
UgwNF9WyN_cwb8gPOXd4AaABAg,comment,eNYndWedZsE,,False,@MsDQL,"it's just average level in chinese EV.
not even the best sell. 
we have a lot better car with less price than Seal come to the market  every day",0,True
UgwNF9WyN_cwb8gPOXd4AaABAg.9xgn3lWxxL09xhpKt139x3,comment,eNYndWedZsE,UgwNF9WyN_cwb8gPOXd4AaABAg,True,@andkosification,Please Name some of them,0,True
UgwNF9WyN_cwb8gPOXd4AaABAg.9xgn3lWxxL09xj_bWHWoek,comment,eNYndWedZsE,UgwNF9WyN_cwb8gPOXd4AaABAg,True,@zacksmith5963,"​@andkosificationhiphi , nio ,",1,True
UgwNF9WyN_cwb8gPOXd4AaABAg.9xgn3lWxxL09xmEhVXDC8K,comment,eNYndWedZsE,UgwNF9WyN_cwb8gPOXd4AaABAg,True,@andkosification,"@zacksmith5963 These are brands, not cars. Name the new cars from Nio that compare to the BYD Seal. Same for HiPhi.",0,True
UgyPvyoEO8XHBTGlngl4AaABAg,comment,eNYndWedZsE,,False,@bigmon5870,How much does car explosion/ car fire insurance cost for this brand of EV?,1,True
Ugz6cWq9sQ25U_O7qs14AaABAg,comment,eNYndWedZsE,,False,@novice-no3kk,"Please advise what the infotainment system software version, the CPU, the overall responsiveness, the ADAS features bundled, the open standards in compliance are and which features are certified for operation on the road in Oz.",0,True
UgxMNcr6msWqJFFEZkN4AaABAg,comment,eNYndWedZsE,,False,@leegoodman7760,"if you call tesla interior a room, this car has a luxury hotel suit. quoted from a tesla model y owner myself.",0,True
UgzTgNhFjuPzSUZNe4B4AaABAg,comment,eNYndWedZsE,,False,@henvan8737,The long range version is nearly A$20k cheaper than the long range Model 3 in Australia. Great value.,109,True
UgxKpBe7bztWRc1QF2B4AaABAg,comment,eNYndWedZsE,,False,@Lost_Johnny,"That's an informative review.. I was thinking about buying a BYD Seal. I am even more interested now. As I live in Shenzhen, I won't have a problem finding a dealer.",1,True
UgwF54FF0SXDHoqz2IJ4AaABAg,comment,eNYndWedZsE,,False,@ZenLH,Great video 👍,0,True
UgxjH2V-D89ndgum5Kd4AaABAg,comment,eNYndWedZsE,,False,@ChickensAndGardening,"Remarkable achievement by BYD. It looks like Tesla has a strong competitor, and as for the legacy auto makers... they had better wake up fast!",5,True
UgxjH2V-D89ndgum5Kd4AaABAg.9xg5opdMQ8o9yt8rVDJyti,comment,eNYndWedZsE,UgxjH2V-D89ndgum5Kd4AaABAg,True,@ChiefsFanInSC,A lot of the legacy automakers are finished.,0,True
UgysgJYe_TTm7l9uG7B4AaABAg,comment,eNYndWedZsE,,False,@DeadStuffGuy,"Robert keeps saying the weather and the rain is so bad and it’s horrendous but when I pay attention to how much water the wipers are pushing aside that’s what I would call a medium rain. I need other British people to clarify for me, is he exaggerating about it just not being a very pretty day or is that really what you consider horrendous rain over there?",0,True
Ugx60m8HTTByUFdzBdh4AaABAg,comment,eNYndWedZsE,,False,@yangliauchang272,"Do own a BYD car.....once you have one, you will start to Build Your Dream.. ❤❤",1,True
UgwCq-9PZFvnz0JNSs54AaABAg,comment,eNYndWedZsE,,False,@edwardchan5521,This is how Tesla’s technology is being stolen in China.,1,True
UgwCq-9PZFvnz0JNSs54AaABAg.9xflWF_XTYv9xhnL1q3p_h,comment,eNYndWedZsE,UgwCq-9PZFvnz0JNSs54AaABAg,True,@tooltalk,">> This is how Tesla’s technology is being stolen in China. <<
Tesla willingly gave it up in exchange for access to China's NEV market.   Otheres weren't obviously so lucky; see the EU's WTO complaint against China WT/DS549.   South Korea and Japanese battery makers were required to give up their IPR to access China since 2015.",0,True
UgwCq-9PZFvnz0JNSs54AaABAg.9xflWF_XTYv9xj_dZtyXtb,comment,eNYndWedZsE,UgwCq-9PZFvnz0JNSs54AaABAg,True,@zacksmith5963,Except tesla uses byd batteries . Lol,0,True
UgwCq-9PZFvnz0JNSs54AaABAg.9xflWF_XTYv9xj_eqnuJ4d,comment,eNYndWedZsE,UgwCq-9PZFvnz0JNSs54AaABAg,True,@zacksmith5963,​@tooltalk source ? Proof ?,0,True
UgwCq-9PZFvnz0JNSs54AaABAg.9xflWF_XTYv9xkDph8comp,comment,eNYndWedZsE,UgwCq-9PZFvnz0JNSs54AaABAg,True,@tooltalk,"@zacksmith5963: Tesla uses China's cheap, inferior batteries for entry-level, low-range EVs.

The company uses LG (Korea) for Long Range models and Panasonic (Japan) for Performance.",0,True
UgwCq-9PZFvnz0JNSs54AaABAg.9xflWF_XTYv9xolosniFLP,comment,eNYndWedZsE,UgwCq-9PZFvnz0JNSs54AaABAg,True,@zacksmith5963,"​@tooltalk  ""the company uses lg (korea) and Panasonic (japan) for performance 

Until recently, another Chinese battery maker CATL was the sole supplier of batteries for the Model Y in Europe, but in early May it was reported that Tesla had started using BYD as a second supplier.

Data posted on the German forum Tesla Fahrer und Freunde shows that the Model Y with the BYD blade battery maintains peak charging speeds well above the CATL version.",0,True
UgwCq-9PZFvnz0JNSs54AaABAg.9xflWF_XTYv9xqVEEeeXyW,comment,eNYndWedZsE,UgwCq-9PZFvnz0JNSs54AaABAg,True,@tooltalk,"@zacksmith5963 >> Until recently, another Chinese battery maker CATL was the sole supplier of batteries for the Model Y in Europe, <<
CATL's only provided cheap, inferior LFP batteries for entry-level, low-range EVs since 2020; vs Panasonic since 2010.  LFP are inherently inferior batteries with low energy density and heavy weigh -- ie, barely passable for moving vehicles.   Tesla's Long Range models in China/EU always relied on LG's NMC.   Tesla always relied on Panasonic for batteries much longer than CATL. 

>> Data posted on the German forum Tesla Fahrer und Freunde shows that the Model Y with the BYD blade battery maintains peak charging speeds well above the CATL version. <<
Chinese batteries are generally cheap, hot piece of garbage. The fact that BYD battery can charge a little bit faster in Tesla says nothing.  The same blade battery in ATTO 3 and Model3/Y have different charging speed because they have different BMS, expected lifespan, etc..",0,True
UgwCq-9PZFvnz0JNSs54AaABAg.9xflWF_XTYv9yCtFm7JUM4,comment,eNYndWedZsE,UgwCq-9PZFvnz0JNSs54AaABAg,True,@jacksmith-mu3ee,"​@tooltalkyawn this is toooo easy 

- CATL only provides cheap inferior LFP batteries for entry level low range  .  ( where is proof ) 

LFPs are inherently low range with low energy density and heavy weight ( nope since all battery tech is heavy and CATL is actually lighter compared to panasonic outdated battery tech.  But plz prove it ) 

Tesla always relied on panasonic batteries for longer duration than CATL (if they did they wouldn't need CATL ) 


Chinese batteries are generally cheap ( ok and ? ) 
Hot piece of garbage ( not according to tests by ncap and German authorities )

The fact that BYD can charge faster in tesla is nothing ( sounds like u are jealous )

U sound really jealous .",1,True
UgzdGutBTAdbZl9LM-l4AaABAg,comment,eNYndWedZsE,,False,@TrevorSachko,"Copied, inferior products do not show how far they have come.",1,True
UgzdGutBTAdbZl9LM-l4AaABAg.9xfbnLGLix59xpZp8klydK,comment,eNYndWedZsE,UgzdGutBTAdbZl9LM-l4AaABAg,True,@whiteshark450,Cope,1,True
Ugyj1MsjqZfVvvTvpF94AaABAg,comment,eNYndWedZsE,,False,@flo1808,"Chinese propaganda at it's best! 'I could imagine this car will do 300 miles on a charge...' Did you test it? Did you test the driver assitance systems? This is not a professional car test drive. I am not saying this car is bad, but you video is! You are only talking about pros, but no word about cons. How much did BYD pay you?",2,True
UgylszKCI6L8E0dngSF4AaABAg,comment,eNYndWedZsE,,False,@activeworld9055,♥️ This car 🚗 is very futuristic ♥️ 👍👌👍,0,True
Ugyn-WdDv62EXrz9sEh4AaABAg,comment,eNYndWedZsE,,False,@stevesmith2529,"Loving to see you gushing over this car, been looking forward to it coming to the UK. If they get the price right then this will fly out of showrooms. Defo on my radar when changing my Cupra Born",7,True
UgxXp6EXWFiB30yMxCJ4AaABAg,comment,eNYndWedZsE,,False,@claus1225,always buy chinese.,2,True
UgwEXUStB2Esyq-24D14AaABAg,comment,eNYndWedZsE,,False,@MrMarkOlson,I'm waiting for EVs to evolve beyond slapping a big iPad on the dash and installing physical controls again.,1,True
Ugy8H3IyvwNFM4sOs714AaABAg,comment,eNYndWedZsE,,False,@Sneaker_Net,Thanks Robert!,0,True
UgxBPtjpDJZwqyjb0qx4AaABAg,comment,eNYndWedZsE,,False,@BatuhanKüçükdemir,I have missed you Bobby. Welcome back.,0,True
UgwAbQ1cBXgqZdU98gV4AaABAg,comment,eNYndWedZsE,,False,@daispy101,What is the visibility around that A pillar? It reminds me of the old Renault Laguna's A-pillar which you could easily loose a double decker bus behind at the right angle.,0,True
UgxHtY_Zzr75id34t_14AaABAg,comment,eNYndWedZsE,,False,@brandywell44,"Was this worth it to destroy our UK car industry. It goes to show that the destruction was masterminded at the highest levels of world society. Excuses of bad management, bad Unions, outdated designs is a sham. As for a fancy screen that turns into a clock, it beggars belief. It looks a really nice car but UK pricing will see it two to three times its Chinese price.",0,True
Ugx-wwhE7R9ki_mAepN4AaABAg,comment,eNYndWedZsE,,False,@dragonbreathwales,Didn't BYD have lots of EV fires in battery packs ? What if China decides not to update cars software over trade or penalties for emissions of CO2 ?,0,True
UgyxQtAle5EoW71fC6Z4AaABAg,comment,eNYndWedZsE,,False,@ArthurJason-Constantine,Atto 3 is really an excellent car.,2,True
Ugzf6rpO34LijLqKV_14AaABAg,comment,eNYndWedZsE,,False,@davisfamily9510,Love the drone shots!,0,True
UgzNrRwvMSged8vr9mR4AaABAg,comment,eNYndWedZsE,,False,@Mr11ESSE111,they would only come so ahead how many buyers will they have,0,True
Ugwj0AIaM0OEqUZCnNV4AaABAg,comment,eNYndWedZsE,,False,@josephujiadughele6035,"Ev have been around since the 1800s, and the speed is quite poor.
Now, it seems to approach fuel speed of 3km/hr.",0,True
Ugzsbaq5Z9qKV_aA4xZ4AaABAg,comment,eNYndWedZsE,,False,@aeronYTco,Why can’t you say BYD? What’s wrong?,0,True
UgwG0_Q089FH4W5UiRt4AaABAg,comment,eNYndWedZsE,,False,@roderickmain9697,"Looks nice. Looking at some of the immediate post WW2 documentaries, it appears that there was a lot of rebuild resource put into our former enemies countries. Consequently, Germany and Japan got a bit of head start with having modern factories and facilities. Perhaps it shouldnt have been a surprise, therefore, that after 20/30 years they got really good at ""stuff"" in general, but most obviously in cars. What was surprising is that the rest of the world - UK and America failed to adapt as fast. Even when I worked in the US in the 80's, the letters page of USA Today, following article on hos the big three auto makers were now the big 5 with Toyota and Nissan over taking local brands, were still saying the US should forget about smaller more fuel efficient cars and America should concentrate in what i was good at - big cars. I wonder where they would be now if they had followed that advice. Hats of to Tesla for seeing where the market needed to go, building the cars and the infrastructure to support them. However, we can also see that us shipping tech to China (it was cheaper to build there guys) was giving them a heads up and like post war Germany and Japan, they have run with it.  
One might argue that the seal is picking up on the ""flaws"" of the Tesla model 3 and fixing them as they go. Probably, Tesla need to take a look at their driver to tech interface. IMHO, its not about less buttons, its about can effective interface. I have my reservations about the new model 3 (even though I could do with electric boot and bonnet openers) for that reason.  BYD, on the other hand...
So which side is the BYD charger port ?????",0,True
Ugwf6--pYAEfY6vuCnV4AaABAg,comment,eNYndWedZsE,,False,@cornelcharles9872,Copy cat Tesla,1,True
Ugwf6--pYAEfY6vuCnV4AaABAg.9xeXrA4z-Ju9xj_ggkMPjL,comment,eNYndWedZsE,Ugwf6--pYAEfY6vuCnV4AaABAg,True,@zacksmith5963,Which part ??? Show proof,1,True
Ugwf6--pYAEfY6vuCnV4AaABAg.9xeXrA4z-Ju9ywzBUqFgj8,comment,eNYndWedZsE,Ugwf6--pYAEfY6vuCnV4AaABAg,True,@jeremytine,stealing tech is what CCP does best,0,True
Ugwf6--pYAEfY6vuCnV4AaABAg.9xeXrA4z-Ju9yyZB5nFSRe,comment,eNYndWedZsE,Ugwf6--pYAEfY6vuCnV4AaABAg,True,@jacksmith-mu3ee,"​@jeremytineok prove it 😂😂😂
Which part is stolen ? 


Which ccp official some the tech and which ccp member used it in byd ? 

Let's see you prove your claim

If u don't.  U lose",0,True
UgzGVUE4g4bo06-K76t4AaABAg,comment,eNYndWedZsE,,False,@iblack585,"Very common comment from the the MAGA Trolls is that Chinese equals poor quality, just another example of how delusional they are. I own an MG but there is part of me that regrets the fact the West has exported manufacturing to China. Then I just get annoyed that the legacy brands couldn’t make an equivalent car.",2,True
UgzGVUE4g4bo06-K76t4AaABAg.9xeGpFvuON19xhnW9tF-4D,comment,eNYndWedZsE,UgzGVUE4g4bo06-K76t4AaABAg,True,@tooltalk,"Oh, another wumao on the CCP's payroll.",0,True
UgzGVUE4g4bo06-K76t4AaABAg.9xeGpFvuON19ywzJXfVApo,comment,eNYndWedZsE,UgzGVUE4g4bo06-K76t4AaABAg,True,@jeremytine,ayup @tooltalk,0,True
UgzGVUE4g4bo06-K76t4AaABAg.9xeGpFvuON19ywzk9dYOXZ,comment,eNYndWedZsE,UgzGVUE4g4bo06-K76t4AaABAg,True,@jeremytine,"""MAGA Trolls is that Chinese equals poor quality""  i hate trump and it usually does. PRC can pump out good quality sometimes, often when designed elsewhere, but they often intentionally take shortcuts, cut corners, or just straight out scam and counterfeit. So yeahyou have a bad reputation for pisspoor quality that is well earned.",0,True
UgzGVUE4g4bo06-K76t4AaABAg.9xeGpFvuON19yx-55Di2fJ,comment,eNYndWedZsE,UgzGVUE4g4bo06-K76t4AaABAg,True,@zacksmith5963,@jeremytine source ? Proof ?,0,True
UgzGVUE4g4bo06-K76t4AaABAg.9xeGpFvuON19yxADyt_aBP,comment,eNYndWedZsE,UgzGVUE4g4bo06-K76t4AaABAg,True,@jeremytine,"@zacksmith5963 sorry, I don't answer wumao questions",0,True
UgzGVUE4g4bo06-K76t4AaABAg.9xeGpFvuON19yxFufUA2Wy,comment,eNYndWedZsE,UgzGVUE4g4bo06-K76t4AaABAg,True,@zacksmith5963,"@jeremytine  u don't have an answer . 4 months gone 

0 answers . Wumao ? Too bad for u that i am american",1,True
UgzGVUE4g4bo06-K76t4AaABAg.9xeGpFvuON19yxkW25Xhs1,comment,eNYndWedZsE,UgzGVUE4g4bo06-K76t4AaABAg,True,@jeremytine,"@zacksmith5963  @zacksmith5963  4 months? Keep your alt accounts straight. Last time it was 5, then it was a month... You spam so much, it is probably hard to keep track. 

And no, I didn't run away so much as walked away yawning and bored 😉 of your spam.",0,True
UgwnffE35XCXT_LqrTJ4AaABAg,comment,eNYndWedZsE,,False,@ralphzoombeenie2330,Ordered one without seeing it. Already have a BYD Atto 3 and the quality and performance of that car is all the sales incentive I needed. Yes the performance model. What else?,3,True
UgxsaI9xbD2qCqT8Tp94AaABAg,comment,eNYndWedZsE,,False,@ArgonFire-n3x,Would you trust an EV parked in your garage with your family asleep.,1,True
UgxsaI9xbD2qCqT8Tp94AaABAg.9xdzsnV5OUWA3f5XiinpIL,comment,eNYndWedZsE,UgxsaI9xbD2qCqT8Tp94AaABAg,True,@CThienV,Better than parking it in a bedroom.,0,True
Ugy0TfDN8qHdrwkP72p4AaABAg,comment,eNYndWedZsE,,False,@gioroace,BYD   🥰😍🤩😘,1,True
UgxP9tcK6F2A4J0lUZh4AaABAg,comment,eNYndWedZsE,,False,@pheunthai,Spare parts are very expensive and take ages to be delivered,0,True
UgwbvUlF3AzP-bg3pVJ4AaABAg,comment,eNYndWedZsE,,False,@wizardng,I read another article that Tesla is in a deal of applying BYD battery into their cars.   True or not  time will tell.,0,True
UgxhBOgDVBJBz3SSMf94AaABAg,comment,eNYndWedZsE,,False,@Tubeflux,"Looks like they were heavily inspired by Italy... sideways it resembles an Alfa Romeo GIULIA, doesn't it? :)",0,True
Ugy6zeAkp7LRnWJPzWh4AaABAg,comment,eNYndWedZsE,,False,@carlsmith5545,The interior is plane jane. The Dashboard looks like a 2 by 4 with a computer monitor. To techno. Have to beable to drive and enjoy the drive without all the computer complexities. I would definitely miss the standard spacecraft look of a dash..,0,True
Ugxo-fvgD1emlYVqVKJ4AaABAg,comment,eNYndWedZsE,,False,@carlsmith5545,"Great!! Getting better! 340 to 430 miles of range. Now when it comes to charging, its 30 minutes for 80 percent. Add another 100 miles of range and drop that charging times to 3.5 to 4 minutes which is the same amount of time it takes to fully fuel a regular car. Now we're talkin!! I'll buy on immediately!!! The BYD SEAL has a starting price of 63 thousand dollars. Price range 83 thousand dollars. Ill keep my eyes open for the next generation EV with the hopes that these fine qualities and improvements have been applied. Till then I'll keep my large full size luxurious 2021Jaguar XJl. It only had 18 thousand miles on it and cost me just north of 41 thousand dollars. After using 3 quarters of a tank, i fully refuel (once a month) and takes me 3 to 4 minutes. 3 quarters of a tank provides me with a range of 515 miles and if i used a full tank, the range is 570 miles which supersedes any EV including the Lucid priced at 100 thousand dollars. I travel to much and too far for an EV. I like the ability to keep moving....",0,True
Ugw527Z_E5UBhxfCZgl4AaABAg,comment,eNYndWedZsE,,False,@lifeofmichaely3556,"Great review.  Have BMW i4 close to 100K$ decent but nothing exciting, on board assistant so slow I dont bother using it anymore.  Horrific BMW service, rude and unfriendly.  My car once initiated a SOS  call by itself for no reason in an airport parking, being inside airport due to security it became an massive mess with local police and airport police.  BMW Toronto downtown dealer did not seem to think it was an serious issue at first which made me so mad, anyway it was an nightmare.
I canot wait to buy the Avatr 12 and likely the MG cyberster as well when I move back to China next yr.  While Mercedes is still amazing both product and services,  but for BMW 100% bye bye for good at least for me.",1,True
UgyrcYEvtRg8nxwfEBt4AaABAg,comment,eNYndWedZsE,,False,@vailydragon,"People keep mentioning ""EV brain disease"". Having watched this, I have seen it for myself. Is there a cure?",0,True
UgwqYb-cZ8zx_VS4eCt4AaABAg,comment,eNYndWedZsE,,False,@rebym,Saw a number of these cars in Shenzhen.  They're even better looking in person.  It absolutely sux that we can't get them in North America and have to choose poorly assembled and uglier Teslas instead.,1,True
UgzixKoqQD7DC_V-EDB4AaABAg,comment,eNYndWedZsE,,False,@KammbronnRC84,"looks nice, front very much looks like a hyundai ionic 6, which is not a bad thing! I personally quite like the BYD EVs",0,True
Ugyzue-wf6g_tZ6FPY54AaABAg,comment,eNYndWedZsE,,False,@EVworldnews,"The car being discussed is the BYD Seal, and the video suggests it's not a ""Tesla killer"" but an impressive vehicle.
The BYD Seal is manufactured by BYD (Build Your Dreams), a company that started in 1995 and is known for making batteries, including those for iPads and cell phones.
The car features BYD's blade battery, which is structurally integrated into the vehicle's floor, providing enhanced safety demonstrated through crash tests.
The BYD Seal is described as having driving characteristics similar to the Tesla Model 3, with a comfortable and controlled feel, a heads-up display, and an interior that is considered high-end and luxurious.
The car has an 82.5 kWh usable battery capacity, claimed WLTP range of 325 miles, and is praised for its efficiency heat pump technology, providing robust performance in a wide range of temperatures.",0,True
Ugyzue-wf6g_tZ6FPY54AaABAg.9xcrlIvC0D99xesbwRsO-i,comment,eNYndWedZsE,Ugyzue-wf6g_tZ6FPY54AaABAg,True,@tooltalk,">> The car has an 82.5 kWh usable battery capacity, claimed WLTP range of 325 miles, << 
since its LFP and WLTP..  it's safety to assume it's EPA range would be something compatible to 275miles.",1,True
Ugyzue-wf6g_tZ6FPY54AaABAg.9xcrlIvC0D99xj_igVLzq9,comment,eNYndWedZsE,Ugyzue-wf6g_tZ6FPY54AaABAg,True,@zacksmith5963,​@tooltalksource ?,0,True
Ugwdz0JGpBbg-IaloT94AaABAg,comment,eNYndWedZsE,,False,@dazisgud,Interesting. What's their profit margin on the seal?,0,True
Ugwdz0JGpBbg-IaloT94AaABAg.9xcpTvbeR3X9xeKuM-crvl,comment,eNYndWedZsE,Ugwdz0JGpBbg-IaloT94AaABAg,True,@Truthstelling,i was told by a media that their profit margin on this car is better than Tesla due to its vertical integration in which they make everything themselves. I think it is 15%+,0,True
Ugwdz0JGpBbg-IaloT94AaABAg.9xcpTvbeR3X9zMkY_Zuk2h,comment,eNYndWedZsE,Ugwdz0JGpBbg-IaloT94AaABAg,True,@rpgfightin4ever,+1 CCP member,0,True
UgzND_tNuBGZ54uCia94AaABAg,comment,eNYndWedZsE,,False,@DaddyjeeFF,3:46 how can you say the name BYD😰,0,True
UgxNeZmq1WKqpc6EmpJ4AaABAg,comment,eNYndWedZsE,,False,@Andrew-Night,"What about the BEEP ALERTs...can they become annoying? (Speed limit for instance) cannot you block the sound Alerts to silence them forever ? Maybe in future updates? ...or to select Rumble alerts instead of sound alerts would be fine.

The thing is that every time you turns the car on, you are forced to disable the Sound Beep Alers again and again, which can result very annoying... I am worried about this aspect really",0,True
UgzFnH8c41HbiZXqg9N4AaABAg,comment,eNYndWedZsE,,False,@coconutsandmore2576,"According to some people, these cars catch fire also good and Chinese usually cut some corners so... Don't easily trust Chinese stuff",0,True
Ugw48_7IZN3Hbp79jp94AaABAg,comment,eNYndWedZsE,,False,@dylanphotography5050,when we are going to get this car in American and Canada?,0,True
UgxROLG-az5IkkkCHt14AaABAg,comment,eNYndWedZsE,,False,@jasonw98,"This might obliterate competitors where they are using ccs2, as they dont need to kowtow to tesla's plug network",0,True
UgxC0vKct_0krw29N8B4AaABAg,comment,eNYndWedZsE,,False,@XX-uw2nl,"China's electric vehicle market is experiencing explosive growth. There are many such excellent products, such as luxeed, avatar, li auto, nio, etc. For many Chinese young people, electric vehicles have become their first choice when buying a car.  first choice.",2,True
UgxC0vKct_0krw29N8B4AaABAg.9xcRwHkXePl9xesI71TpgM,comment,eNYndWedZsE,UgxC0vKct_0krw29N8B4AaABAg,True,@tooltalk,">> China's electric vehicle market is experiencing explosive growth <<
that was last year -- their domestic market growth rate is slowing, which is why they need to find market elsewhere.",0,True
UgxC0vKct_0krw29N8B4AaABAg.9xcRwHkXePl9xj_kW0pO-q,comment,eNYndWedZsE,UgxC0vKct_0krw29N8B4AaABAg,True,@zacksmith5963,​@tooltalku sound really jealous,1,True
UgxC0vKct_0krw29N8B4AaABAg.9xcRwHkXePl9yx-2t3lECq,comment,eNYndWedZsE,UgxC0vKct_0krw29N8B4AaABAg,True,@jeremytine,i also heard reports of fake sales numbers to scam subsidies .. i think it was in a forbes article among other placs @tooltalk,0,True
UgzOz4sFzarAChOSd_h4AaABAg,comment,eNYndWedZsE,,False,@isaacliu7654,"BEST EV brands in China:Nio, BYD, Li, Avatar, Zeekr, Xpeng, HiPhi, Geely.",0,True
UgwiNhJ55He__arMzJt4AaABAg,comment,eNYndWedZsE,,False,@blokin5039,These Chinese cars are now so much nicer and better compared to Western offerings plus they give you more bang for your hard earned money. Just my opinion.,0,True
UgzocmHmaqbEVBi4T394AaABAg,comment,eNYndWedZsE,,False,@MyrKnof,Gotta wrap that spyware in a pretty package.,2,True
UgzocmHmaqbEVBi4T394AaABAg.9xcIzGqYJZEA3f68ryiFtI,comment,eNYndWedZsE,UgzocmHmaqbEVBi4T394AaABAg,True,@CThienV,This is not a mobile phone review video.,0,True
UgwTc5fqrfMs3utMnF14AaABAg,comment,eNYndWedZsE,,False,@thetruthseeker9407,"You never explain how you can charge 27 million cars every day in the UK if we have an EV to replace ICE, as 1 EV  power consumption is the same as 13 houses , so the grid would need to power the same as 338 million houses.",1,True
UgwxgzEivcWV5IH23Xd4AaABAg,comment,eNYndWedZsE,,False,@redboyjan,May be nice to drive but it looks like every other ev today,0,True
UgyIY-vhR_ox9KFEJix4AaABAg,comment,eNYndWedZsE,,False,@0xdawg,But do the screens ... have DARK MODE?!,1,True
UgyIY-vhR_ox9KFEJix4AaABAg.9xc-ujoDYagA3f6JK8IpJr,comment,eNYndWedZsE,UgyIY-vhR_ox9KFEJix4AaABAg,True,@CThienV,Yes,0,True
UgzYk4O0hbvdnGWEzc94AaABAg,comment,eNYndWedZsE,,False,@ricosun,"Australia is one of the western countries to get this car for a very reasonable price. The base model is about 10k usd cheaper than the base Model 3. Of course alot of ppl in Australia have gone for the 3.8s performance version. The first batch is being delivered in the next few days, and these people literraly have watched their cars loaded onto a ship and tracked it on gps all the way to Australia via a facebook group. For the last 24 hours , I have been watching the ship Don Juan carrying my SEAL . I am refreshing the browser every 3.8 seconds to see when its docking. Currently its idling at sea just outside the port of melbourne. I feel like a kid waiting for its xmas present.",797,True
UgzYk4O0hbvdnGWEzc94AaABAg.9xbyL3aEVz49xfdQQ1dcp1,comment,eNYndWedZsE,UgzYk4O0hbvdnGWEzc94AaABAg,True,@Jeroenneman,"Seems like a bad move supporting the Chinese regime, especially if you live in Australia with recent tensions surrounding China in the region and their hostility towards other countries nearby.

But hey, at least the car was cheap.",25,True
UgzYk4O0hbvdnGWEzc94AaABAg.9xbyL3aEVz49xgXlJNQm_S,comment,eNYndWedZsE,UgzYk4O0hbvdnGWEzc94AaABAg,True,@dickensmccain3129,price over politics bro.,129,True
UgzYk4O0hbvdnGWEzc94AaABAg.9xbyL3aEVz49xgaxk9DU5S,comment,eNYndWedZsE,UgzYk4O0hbvdnGWEzc94AaABAg,True,@mndeg,aren't you guys buying nuclear subs to protect yourself from your largest trading partner???,134,True
UgzYk4O0hbvdnGWEzc94AaABAg.9xbyL3aEVz49xghc6R1fbn,comment,eNYndWedZsE,UgzYk4O0hbvdnGWEzc94AaABAg,True,@RiskyRight,"Wow, U really describe the hype.",9,True
UgzYk4O0hbvdnGWEzc94AaABAg.9xbyL3aEVz49xh4jvNcZQv,comment,eNYndWedZsE,UgzYk4O0hbvdnGWEzc94AaABAg,True,@ricosun,"​@mndeg Yes we are spending 250 Billion dollars to buy a couple of US nuclear Subs, to patrol the waters near China. So it can usher our Chinese built EVs, iphones and clothes through the Chinese warships operating in the area unimpeded. The worlds second largest economy, the largest export led economy, cannot be trusted to have their own navy guarding their most important sea trading route. They should stay in the Yangtze river. I mean thats the idea the US sold to the Australian government. There were promptly voted out in the last election in an landslide.",155,True
UgzYk4O0hbvdnGWEzc94AaABAg.9xbyL3aEVz49xh6KGu5BDg,comment,eNYndWedZsE,UgzYk4O0hbvdnGWEzc94AaABAg,True,@ricosun,"@Jeroenneman Comon mate, like we have a choice. We can buy either a Chinese made BYD, or Chinese made Tesla or Chinese made Polestar... iphone, eletronics, clothe they are all made in China. But dont worry, Australia has a massive trade surplus with China, because we sell more shit to China than they sell to us. Infact our PM was just in China last week meeting Xi, trying to sell more shit, so we can make enough money to buy the 250 Billion dollars US built nuclear subs. If anything you should copy us, make money off China and then spend it on US made WOMD.",166,True
UgzYk4O0hbvdnGWEzc94AaABAg.9xbyL3aEVz49xj_nCkgIs7,comment,eNYndWedZsE,UgzYk4O0hbvdnGWEzc94AaABAg,True,@zacksmith5963,Except austrailia is eastern not western,14,True
UgzYk4O0hbvdnGWEzc94AaABAg.9xbyL3aEVz49xoQQXTySL6,comment,eNYndWedZsE,UgzYk4O0hbvdnGWEzc94AaABAg,True,@SAL-zg7xd,"@Jeroenneman“their hostility towards other countries nearby"" - yes, that' what your media feeds you...and never dare to report BRI and it's magnificent anniversary positively this year with delegates over 100 countries in Beijing. By August 2023, there are 155 countries in BRI list... ""other countries"" are probably 5 eye evils and their lapdogs.  Even with trade tension, Aus still has huge surplus by trading with China, go figure... China should stop buying your shit as your meida and politicans only love to point fingers and make China evil, but wanting to make most from China at the same time..it does not make much difference for BYD with no sales in Aus, and you can stick with friend Japan, just like how your rail system - in 60s... Don't ask China to build HSR if Aus has guts... China should never help  those hostile countries because they will bite back...",0,True
UgzYk4O0hbvdnGWEzc94AaABAg.9xbyL3aEVz49xokjqtwmg8,comment,eNYndWedZsE,UgzYk4O0hbvdnGWEzc94AaABAg,True,@briancarton1804,"I go out of my way not to buy Chinese products. Might be cheap but the west will pay a huge price in the coming years.
     Chinese regime is not our friend and will use the money the west spends on its products to take over the west. 
    Buying Chinese products is for fools looking for short term gain with massive losses to be incurred at a later date.",1,True
UgzYk4O0hbvdnGWEzc94AaABAg.9xbyL3aEVz49xolOgIvKPR,comment,eNYndWedZsE,UgzYk4O0hbvdnGWEzc94AaABAg,True,@postahundredcommentsbutonl4408,"​ @杰罗内曼  China’s hostility to nearby countries?
For example, the massacres by Australian troops in Beijing and Tianjin in 1900? (Australia had become a self-governing territory that year. Australian politicians proudly stated: Through the conquest of the pagans, we showed our allies, Britain and the United States, that we were the first-class Anglo-Saxons in the world, not the second-class Anglo-Saxons people)
Since the Opium War in 1840, China has been the leader and supporter of national liberation movements around the world. This was true even during the stupid monarch Mao Zedong period.",35,True
UgzYk4O0hbvdnGWEzc94AaABAg.9xbyL3aEVz49xomYJIxaPx,comment,eNYndWedZsE,UgzYk4O0hbvdnGWEzc94AaABAg,True,@postahundredcommentsbutonl4408,"A great famine broke out in China in 1959, but as recently as 1958 China still provided 30 million Swiss francs in aid to Palestine.
When China was still extremely poor in the 1970s, China assisted in the construction of more than 1,000 kilometers of railway from Tanzania to Zambia, sacrificing more than 60 people. The locals built a martyrs cemetery for them and called this railway the Great Freedom Railway.
At that time, Tanzania and Zambia first turned to the Western countries that had colonized them.
Western countries not only rejected their request but also laughed at them. Instead, it was the extremely poor Chinese who helped build the railway.
From the 1950s to the 1970s, all southern countries in Asia, Africa and Latin America were launching vigorous national liberation movements. Chinese military instructors took part in the wars to expel colonizers in most Asian, African and Latin American countries. Many Chinese instructors are long sleeped in those countries. There is an Independence War monument in Cuba that reads ""No Chinese is a traitor.""
I am very curious about what the Western countries were doing at that time?",48,True
UgzYk4O0hbvdnGWEzc94AaABAg.9xbyL3aEVz49xpMMO070gL,comment,eNYndWedZsE,UgzYk4O0hbvdnGWEzc94AaABAg,True,@shaofengyang5327,3.8s😅😅😅,1,True
UgzYk4O0hbvdnGWEzc94AaABAg.9xbyL3aEVz49xrStPsVtgE,comment,eNYndWedZsE,UgzYk4O0hbvdnGWEzc94AaABAg,True,@art-543,犀利,2,True
UgzYk4O0hbvdnGWEzc94AaABAg.9xbyL3aEVz49xrWwPX3jGH,comment,eNYndWedZsE,UgzYk4O0hbvdnGWEzc94AaABAg,True,@kristoffer3000,"@ricosun Chinese warships in Chinese territorial waters? Oh the humanity, what about the US ones just outside of that?",38,True
UgzYk4O0hbvdnGWEzc94AaABAg.9xbyL3aEVz49xrWz8M0OxO,comment,eNYndWedZsE,UgzYk4O0hbvdnGWEzc94AaABAg,True,@passby8070,"@Jeroenneman  that's stupid argument, With that logic, you ship resources and other goods to China you support the regime, you buy a pair of undies from target you support the regime, you buy an IPhone you support the regime and American bombings and invasions...",0,True
UgzYk4O0hbvdnGWEzc94AaABAg.9xbyL3aEVz49xrXN1vm_1W,comment,eNYndWedZsE,UgzYk4O0hbvdnGWEzc94AaABAg,True,@kristoffer3000,"@Jeroenneman A whole lot better than supporting any Western nation.
Look up the poverty rate in China, just for fun. :)

China are also not hostile at all, we're the ones that are very hostile towards them and they're essentially just rolling their eyes.",0,True
UgzYk4O0hbvdnGWEzc94AaABAg.9xbyL3aEVz49xtUujZjkaW,comment,eNYndWedZsE,UgzYk4O0hbvdnGWEzc94AaABAg,True,@janusjones6519,@Jeroennemanexhibit A: an ignorant Australian fed a diet of murdock media monopoly in Australia,34,True
UgzYk4O0hbvdnGWEzc94AaABAg.9xbyL3aEVz49xtvDbhj-DS,comment,eNYndWedZsE,UgzYk4O0hbvdnGWEzc94AaABAg,True,@thelogician1934,"Well, a car can't carry bugger all stuff. I'm only interested in vans.",1,True
UgzYk4O0hbvdnGWEzc94AaABAg.9xbyL3aEVz49xvvDqnE6o9,comment,eNYndWedZsE,UgzYk4O0hbvdnGWEzc94AaABAg,True,@seaskyguy,@ricosun How ironic! China sends you all these reasonably priced things for you to enjoy but America sends you overpriced  WMD!,50,True
UgzYk4O0hbvdnGWEzc94AaABAg.9xbyL3aEVz49y-VqYJa6uN,comment,eNYndWedZsE,UgzYk4O0hbvdnGWEzc94AaABAg,True,@kyangqd,cool❤,0,True
UgzYk4O0hbvdnGWEzc94AaABAg.9xbyL3aEVz49y0chwu9Vxs,comment,eNYndWedZsE,UgzYk4O0hbvdnGWEzc94AaABAg,True,@minwang7530,@Jeroenneman Political correctness has blinded you,16,True
UgzYk4O0hbvdnGWEzc94AaABAg.9xbyL3aEVz49y0drPrJADz,comment,eNYndWedZsE,UgzYk4O0hbvdnGWEzc94AaABAg,True,@nickavanti,@Jeroenneman Pompous sinophobic hysteria incited by these warmongering pollies and media doesn't help Australia both economically and geopolitically.,33,True
UgzYk4O0hbvdnGWEzc94AaABAg.9xbyL3aEVz49y45EWPmtrX,comment,eNYndWedZsE,UgzYk4O0hbvdnGWEzc94AaABAg,True,@tooltalk,"@postahundredcommentsbutonl4408 >> A great famine broke out in China in 1959, but as recently as 1958 China still provided 30 million Swiss francs in aid to Palestine. <<
This is hilarious!!    It's called the Great Leap Forward -- the worst man-made/non-war disaster in human history.  Mao and his henchmen starved 60 million peasants to death in their misguided ideological experiment and, despite Canada and Australia offer to help with famine, China refused and kept sending economical and food aids to South America, Africa, and ME while their peasants were dying enmass, just to save their public image,  not making this stuff up.   China's disaster ended once they allowed -- euphemistically called it ""trading"" -- food from Canada and Australia.",0,True
UgzYk4O0hbvdnGWEzc94AaABAg.9xbyL3aEVz49y465gyAfW7,comment,eNYndWedZsE,UgzYk4O0hbvdnGWEzc94AaABAg,True,@tooltalk,"@seaskyguy >> How ironic! China sends you all these reasonably priced things for you to enjoy but America sends you overpriced  WMD! <<
Sure, you pay less now, mortgage your future.   Just look at Japan and South Korea: Japan for instance became dependent on China's rare earth metal, when in 2010, China weaponized their dominance in REM supply to settle a political dispute.   This is when the world started realizing the China threats and started diviersifying REM sources -- China's market share in REM is now down to 60% from over 90% in 2010.   I don't think Australia is under any threat -- if any, China depends on AU for much of their EV battery raw material for instance, but for the rest of the world, China would shamelessly weaponize their dominant market position to get what they want.",0,True
UgzYk4O0hbvdnGWEzc94AaABAg.9xbyL3aEVz49yEKsn2qQU_,comment,eNYndWedZsE,UgzYk4O0hbvdnGWEzc94AaABAg,True,@jacksmith-mu3ee,​@Jeroennemani will support chinese regime . Why ? Bcz is china not israel so go back troll,17,True
UgzYk4O0hbvdnGWEzc94AaABAg.9xbyL3aEVz49yFm7pkfAJs,comment,eNYndWedZsE,UgzYk4O0hbvdnGWEzc94AaABAg,True,@leedaq7767,mate which part of Aus you are living? in Melbourne we get tax sht tons,1,True
UgzYk4O0hbvdnGWEzc94AaABAg.9xbyL3aEVz49yICfDzZCcS,comment,eNYndWedZsE,UgzYk4O0hbvdnGWEzc94AaABAg,True,@karycooper1,"⁠@ricosunAustralia makes , money from China and spend on buying weapons from evil United States to go against China . Australia is one of the few countries who makes money from China .",0,True
UgzYk4O0hbvdnGWEzc94AaABAg.9xbyL3aEVz49yJinRyp2dS,comment,eNYndWedZsE,UgzYk4O0hbvdnGWEzc94AaABAg,True,@copa8,"@Jeroenneman Were the casualty rates in this ""hostility"" on par with the various wars in the Middle East?",10,True
UgzYk4O0hbvdnGWEzc94AaABAg.9xbyL3aEVz49yK1x2Tsu4g,comment,eNYndWedZsE,UgzYk4O0hbvdnGWEzc94AaABAg,True,@LoosSerine,@Jeroenneman 🤡,5,True
UgzYk4O0hbvdnGWEzc94AaABAg.9xbyL3aEVz49yPjIDZfJdy,comment,eNYndWedZsE,UgzYk4O0hbvdnGWEzc94AaABAg,True,@notagain2856,"​@Jeroennemanthe western just love to spread fear among gullible people like you. And you then pressure your politicians to 'take action against the chinese threat'. Your tax money being spent on subs and other billions dollar weapons, enriching american contractors while you, what did you get from all that? Still fearful as before",0,True
UgzYk4O0hbvdnGWEzc94AaABAg.9xbyL3aEVz49yRvw4331rg,comment,eNYndWedZsE,UgzYk4O0hbvdnGWEzc94AaABAg,True,@kaynatur6742,"Don't even mention the later costs of subs – training, maintenance, brand-new port facilities... you spread that across all Aussies still a scary number. Chinese folks working hard to squeeze their own, selling cheap Kmart all the way to cars now to make a little dough, that's really embarrassing and stupid huh. Compared to military stuff and war? not worth talking about",10,True
UgzYk4O0hbvdnGWEzc94AaABAg.9xbyL3aEVz49yTf88SKkhw,comment,eNYndWedZsE,UgzYk4O0hbvdnGWEzc94AaABAg,True,@Motorcycle1237,"It is to me like you are a poor guy stucking between cars and political isues now. Whatever it is, you alwways make the best choice of your life. Congratulations. I wish I can tried one Chinese made car too and see what it is.",4,True
UgzYk4O0hbvdnGWEzc94AaABAg.9xbyL3aEVz49yU7_nmleNN,comment,eNYndWedZsE,UgzYk4O0hbvdnGWEzc94AaABAg,True,@BenAdam76-q9h,​@Jeroenneman😂😂😂😂😂 are you from Alabama or Texas???!!!,9,True
UgzYk4O0hbvdnGWEzc94AaABAg.9xbyL3aEVz49yZ8J0GOd4m,comment,eNYndWedZsE,UgzYk4O0hbvdnGWEzc94AaABAg,True,@martiangod,"Australia, west?",2,True
UgzYk4O0hbvdnGWEzc94AaABAg.9xbyL3aEVz49y_Yi_T3qzH,comment,eNYndWedZsE,UgzYk4O0hbvdnGWEzc94AaABAg,True,@Seramics,​@ricosunwhy did Australian voted for a China biased govt instead of the US biased one?,0,True
UgzYk4O0hbvdnGWEzc94AaABAg.9xbyL3aEVz49y_Yw4v3mmY,comment,eNYndWedZsE,UgzYk4O0hbvdnGWEzc94AaABAg,True,@Seramics,​@postahundredcommentsbutonl4408stop reading fact n read more western propaganda.,0,True
UgzYk4O0hbvdnGWEzc94AaABAg.9xbyL3aEVz49y_e-zwThR9,comment,eNYndWedZsE,UgzYk4O0hbvdnGWEzc94AaABAg,True,@ricosun,"@Seramics Don't think Australian voted for a China biased Govt, otherwise they would have cancelled the 250 billion dollar sub deal. They were unhappy on number of issues including foreign affairs, but not only limited to dealing with China.",4,True
UgzYk4O0hbvdnGWEzc94AaABAg.9xbyL3aEVz49ybuvY5lM_X,comment,eNYndWedZsE,UgzYk4O0hbvdnGWEzc94AaABAg,True,@doobtom271,"​@SeramicsWe voted for a sensible govt. Can't say the same for US, not been working well for the current or last one. Good luck with your next bet 😂",2,True
UgzYk4O0hbvdnGWEzc94AaABAg.9xbyL3aEVz49yeKDex1kAy,comment,eNYndWedZsE,UgzYk4O0hbvdnGWEzc94AaABAg,True,@blyyyy89,@JeroennemanNot even government owned so i dont care just ordered 2 for my family.,7,True
UgzYk4O0hbvdnGWEzc94AaABAg.9xbyL3aEVz49yx-PQQ5xYe,comment,eNYndWedZsE,UgzYk4O0hbvdnGWEzc94AaABAg,True,@jeremytine,i hope it doesn't rust out on you,0,True
UgzYk4O0hbvdnGWEzc94AaABAg.9xbyL3aEVz49z2Rl4tTa_M,comment,eNYndWedZsE,UgzYk4O0hbvdnGWEzc94AaABAg,True,@JakobusVdL,Happy Christmas / Merry New Year - great present,1,True
UgzYk4O0hbvdnGWEzc94AaABAg.9xbyL3aEVz49zC9nmw0oB5,comment,eNYndWedZsE,UgzYk4O0hbvdnGWEzc94AaABAg,True,@Alex-o1u2g,"@Jeroennemancheck how your ancestors done to China more than 100 years ago? Back to school and read some history instead of day imagining China is gonna rob you. In fact China has no interests in aus, you r too little brother in china’s eyes",0,True
UgzYk4O0hbvdnGWEzc94AaABAg.9xbyL3aEVz49zJa6frZNSi,comment,eNYndWedZsE,UgzYk4O0hbvdnGWEzc94AaABAg,True,@MinhajMalik,"Great choice, hope you will enjoy it to the fullest.",1,True
UgzYk4O0hbvdnGWEzc94AaABAg.9xbyL3aEVz49zKGwH-1-6B,comment,eNYndWedZsE,UgzYk4O0hbvdnGWEzc94AaABAg,True,@declanpower2924,"​​@leedaq7767Except that Australia is one of the lower taxing nations in the OECD. And we are among the wealthiest households in the world...

But don't let facts get in the way of your uninformed argument........",0,True
UgzYk4O0hbvdnGWEzc94AaABAg.9xbyL3aEVz49zLO5rs31oA,comment,eNYndWedZsE,UgzYk4O0hbvdnGWEzc94AaABAg,True,@tonyp2865,What tensions. The US is the center of all tensions. @Jeroenneman,12,True
UgzYk4O0hbvdnGWEzc94AaABAg.9xbyL3aEVz49zLO9BtgfRx,comment,eNYndWedZsE,UgzYk4O0hbvdnGWEzc94AaABAg,True,@tonyp2865,Those subs will never be delivered. @mndeg,4,True
UgzYk4O0hbvdnGWEzc94AaABAg.9xbyL3aEVz49zSa-d5BW2Y,comment,eNYndWedZsE,UgzYk4O0hbvdnGWEzc94AaABAg,True,@theharper1,"@postahundredcommentsbutonl4408 do you have any evidence that Australians were involved in ""massacres""? I thought not.",0,True
UgzYk4O0hbvdnGWEzc94AaABAg.9xbyL3aEVz49zWnBRNvKi8,comment,eNYndWedZsE,UgzYk4O0hbvdnGWEzc94AaABAg,True,@shineluvslambiel,@ricosun👏👏👏,1,True
UgzYk4O0hbvdnGWEzc94AaABAg.9xbyL3aEVz49zYtDScYaW0,comment,eNYndWedZsE,UgzYk4O0hbvdnGWEzc94AaABAg,True,@I_dont_want_an_at,sweet,0,True
UgzYk4O0hbvdnGWEzc94AaABAg.9xbyL3aEVz49zYtJxiFV2m,comment,eNYndWedZsE,UgzYk4O0hbvdnGWEzc94AaABAg,True,@I_dont_want_an_at,​What's the problem?,0,True
UgzYk4O0hbvdnGWEzc94AaABAg.9xbyL3aEVz49zYv_IzrZkj,comment,eNYndWedZsE,UgzYk4O0hbvdnGWEzc94AaABAg,True,@AndrewManook,"@Jeroenneman Seems like a bad move supporting the american regime, especially if you live in Australia with recent tensions surrounding america in the region and their hostility towards other countries nearby.

But hey, at least the car was cheap.",7,True
UgzYk4O0hbvdnGWEzc94AaABAg.9xbyL3aEVz49zYvtbhsAYG,comment,eNYndWedZsE,UgzYk4O0hbvdnGWEzc94AaABAg,True,@AndrewManook,"@kaynatur6742 Don't worry they have robots making that stuff, you should worry about the millions of americans living pay check to pay check, what's that? can't speak against your masters? oh well.",0,True
UgzYk4O0hbvdnGWEzc94AaABAg.9xbyL3aEVz49zZk9GdpiMA,comment,eNYndWedZsE,UgzYk4O0hbvdnGWEzc94AaABAg,True,@doobtom271,"@theharper1  "" @postahundredcommentsbutonl4408  do you have any evidence that Australians were involved in ""massacres""? I thought not."" ...*~cough~cough* helpful for bringing that up. ~blushed~",0,True
UgzYk4O0hbvdnGWEzc94AaABAg.9xbyL3aEVz49zfSUwez3Ya,comment,eNYndWedZsE,UgzYk4O0hbvdnGWEzc94AaABAg,True,@weberluc2685,@Jeroennemanas if the United States has maintained any peace these few decades 😂,6,True
UgzYk4O0hbvdnGWEzc94AaABAg.9xbyL3aEVz49zwXP7_Z28r,comment,eNYndWedZsE,UgzYk4O0hbvdnGWEzc94AaABAg,True,@user-jl2wd1it8h,"The CCP get massive taxes and kick backs from BYD and other chinese exports. They use this in part to fund their military. CCP stated they will take Taiwan by any means. By funding the CCP with your BYD purchase you may end up funding the weapons that will be used against the Australian Defence Force if we are dragged into the effort to defend Taiwan and democracy. All because you wanted a cheaper car? I prefer to buy a Tesla, although they have factories in China they are a US company and their profits do not get funnelled to the CCP as much.",0,True
UgzYk4O0hbvdnGWEzc94AaABAg.9xbyL3aEVz4A-F-RfexLIu,comment,eNYndWedZsE,UgzYk4O0hbvdnGWEzc94AaABAg,True,@arijitadhikari8074,This is crazy,0,True
UgzYk4O0hbvdnGWEzc94AaABAg.9xbyL3aEVz4A-I0rM5gG39,comment,eNYndWedZsE,UgzYk4O0hbvdnGWEzc94AaABAg,True,@Walawala459,@mndegha ha you means stupid?,0,True
UgzYk4O0hbvdnGWEzc94AaABAg.9xbyL3aEVz4A-N667CfFX3,comment,eNYndWedZsE,UgzYk4O0hbvdnGWEzc94AaABAg,True,@Waggingtailshavemyheart,@Jeroennemanshut up,0,True
UgzYk4O0hbvdnGWEzc94AaABAg.9xbyL3aEVz4A-dOlHep2Ep,comment,eNYndWedZsE,UgzYk4O0hbvdnGWEzc94AaABAg,True,@ChickCatDiary,"@ricosunUSA,the most shameless country in the world",5,True
UgzYk4O0hbvdnGWEzc94AaABAg.9xbyL3aEVz4A0N5zvwOpaG,comment,eNYndWedZsE,UgzYk4O0hbvdnGWEzc94AaABAg,True,@T3k_kkk,​@Jeroenneman兄弟，便宜好货比政治斗争更实际，在中国很多人也这么想,2,True
UgzYk4O0hbvdnGWEzc94AaABAg.9xbyL3aEVz4A0Qgc2ZBgry,comment,eNYndWedZsE,UgzYk4O0hbvdnGWEzc94AaABAg,True,@cnzaqdfrut9661,"@JeroennemanBYD is a vehicle manufacturer (as well as other electronic products), NOT a political group. Thanks.",2,True
UgzYk4O0hbvdnGWEzc94AaABAg.9xbyL3aEVz4A0SlQMakznp,comment,eNYndWedZsE,UgzYk4O0hbvdnGWEzc94AaABAg,True,@forYTube8964,Yeah I believe you 😊,0,True
UgzYk4O0hbvdnGWEzc94AaABAg.9xbyL3aEVz4A0UM-hjM6aI,comment,eNYndWedZsE,UgzYk4O0hbvdnGWEzc94AaABAg,True,@HermanWillems,"The soul reason why Chinese cars are cheaper in Australia, is because LOL, Australia has no car manufacturers to protect against the CCP price dumping. Unlike EU and USA who do have a car market and need to protect against CCP dirty tactics. CLEAR ?",0,True
UgzYk4O0hbvdnGWEzc94AaABAg.9xbyL3aEVz4A0XH4RuoF19,comment,eNYndWedZsE,UgzYk4O0hbvdnGWEzc94AaABAg,True,@jianhu6563,@Jeroenneman你狭隘了,1,True
UgzYk4O0hbvdnGWEzc94AaABAg.9xbyL3aEVz4A0kvQMy2KEe,comment,eNYndWedZsE,UgzYk4O0hbvdnGWEzc94AaABAg,True,@BrentonSmythesfieldsaye,"@postahundredcommentsbutonl4408""I am very curious about what the Western countries were doing at that time?""

Doing exactly what China was and is doing, just as every country does! Having foreign policy interests, not foreign policy friends. Countries don't have friends, they have interests.

I am very curious too, about what China's interests are? Their conduct in the South China Sea for example, doesn't look like glorious good will towards other neighbouring countries. It look like territorial theft. So please don't try to paint China as well intentioned all the time. They are no different to any other country that has interests that it seeks to pursue ruthlessly. All countries do good and not so good things, if it is in their interest to do so. China is no exception.",0,True
UgzYk4O0hbvdnGWEzc94AaABAg.9xbyL3aEVz4A1EVYL9Xbt_,comment,eNYndWedZsE,UgzYk4O0hbvdnGWEzc94AaABAg,True,@JeffGu-i1z,​@JeroennemanGive me one reason why china want to provoke it's trade partner. Is it you read too much jews controlled news?,0,True
UgzYk4O0hbvdnGWEzc94AaABAg.9xbyL3aEVz4A1n42THijXT,comment,eNYndWedZsE,UgzYk4O0hbvdnGWEzc94AaABAg,True,@nfzeta128,​@copa8you mean the wars in the middle east either started or fanned by US and it's allies?,0,True
UgzYk4O0hbvdnGWEzc94AaABAg.9xbyL3aEVz4A2kdUxTZ8Gp,comment,eNYndWedZsE,UgzYk4O0hbvdnGWEzc94AaABAg,True,@alexzhu-q1e,​@Jeroenneman😢你们的媒体宣传把我们形容成恶魔,0,True
UgzYk4O0hbvdnGWEzc94AaABAg.9xbyL3aEVz4A2pFazdT9NP,comment,eNYndWedZsE,UgzYk4O0hbvdnGWEzc94AaABAg,True,@amossutandi,​@ricosun When will America deliver those subs?,2,True
UgzYk4O0hbvdnGWEzc94AaABAg.9xbyL3aEVz4A30yp1JArFz,comment,eNYndWedZsE,UgzYk4O0hbvdnGWEzc94AaABAg,True,@faithosadebe5293,​@BrentonSmythesfieldsayeeveryone of them has interests..,0,True
UgzYk4O0hbvdnGWEzc94AaABAg.9xbyL3aEVz4A31bdpdS0dn,comment,eNYndWedZsE,UgzYk4O0hbvdnGWEzc94AaABAg,True,@BrentonSmythesfieldsaye,@faithosadebe5293 Indeed.,0,True
UgzYk4O0hbvdnGWEzc94AaABAg.9xbyL3aEVz4A3WvZqQLbzx,comment,eNYndWedZsE,UgzYk4O0hbvdnGWEzc94AaABAg,True,@nirmit1298,Who is going to repair this toys 😂😂after warranty or when issues in the car,0,True
UgzYk4O0hbvdnGWEzc94AaABAg.9xbyL3aEVz4A3Wx5UdSY0J,comment,eNYndWedZsE,UgzYk4O0hbvdnGWEzc94AaABAg,True,@ricosun,@nirmit1298 You mean the 100 service locations and service centre they have in Australia ?,3,True
UgzYk4O0hbvdnGWEzc94AaABAg.9xbyL3aEVz4A3Wyqbg17gF,comment,eNYndWedZsE,UgzYk4O0hbvdnGWEzc94AaABAg,True,@nirmit1298,"@ricosun 😄 Just wait and watch , time will tell you",0,True
UgzYk4O0hbvdnGWEzc94AaABAg.9xbyL3aEVz4A3WzSViEE6d,comment,eNYndWedZsE,UgzYk4O0hbvdnGWEzc94AaABAg,True,@BrentonSmythesfieldsaye,"@nirmit1298 If you don't know what is going on in the auto industry just keep quiet and avoid making a fool of yourself.

@ricosun has already responded appropriately, but also, my son has several friends that work in the auto servicing sector and their employers are getting them trained up to be able to service EVs. They know what is coming and even already here and they are readying themselves. So please stop with your silly narratives, it is really getting tiring listen to such ill-informed commentary.",2,True
UgzYk4O0hbvdnGWEzc94AaABAg.9xbyL3aEVz4A3YDoGwH_RC,comment,eNYndWedZsE,UgzYk4O0hbvdnGWEzc94AaABAg,True,@nirmit1298,"@BrentonSmythesfieldsaye you shut your mouth and you try to teach me auto industry 😄 So if you don't know I am working with BMW technical department since last 17 years and I don't care whatever other brands or markets I live in USA for  20 years, so you do your analysis or observations whatever. If you love china or the car then go and live in.",0,True
UgzYk4O0hbvdnGWEzc94AaABAg.9xbyL3aEVz4A3Z1nRFp1TY,comment,eNYndWedZsE,UgzYk4O0hbvdnGWEzc94AaABAg,True,@BrentonSmythesfieldsaye,"@nirmit1298 "" I am working with BMW technical department since last 17 years"" - ""17 years"", that is a long long time to sustain ignorance about what is happening before your own eyes.

""I live in USA"" - Well excuse me, that settles everything then😂.",2,True
UgzYk4O0hbvdnGWEzc94AaABAg.9xbyL3aEVz4A3ZnTHtWus7,comment,eNYndWedZsE,UgzYk4O0hbvdnGWEzc94AaABAg,True,@nirmit1298,"@BrentonSmythesfieldsaye you just stay where ever you are and I am very very happy in my work and life , You can watch all those videos and think about what will happen and not . I don't care.",0,True
UgzYk4O0hbvdnGWEzc94AaABAg.9xbyL3aEVz4A3_51vTDMOR,comment,eNYndWedZsE,UgzYk4O0hbvdnGWEzc94AaABAg,True,@BrentonSmythesfieldsaye,@nirmit1298 Good for you.,0,True
UgzYk4O0hbvdnGWEzc94AaABAg.9xbyL3aEVz4A3aUQFeZlJq,comment,eNYndWedZsE,UgzYk4O0hbvdnGWEzc94AaABAg,True,@vervetech9395,"Australia isn't a ""western country"" but got the point",0,True
UgzYk4O0hbvdnGWEzc94AaABAg.9xbyL3aEVz4A3apj43Qr-I,comment,eNYndWedZsE,UgzYk4O0hbvdnGWEzc94AaABAg,True,@BrentonSmythesfieldsaye,"@Seramics ""why did Australian voted for a China biased govt instead of the US biased one?

You obviously have no idea what was going on in Australian politics prior to that election.

We had 10+ years of the follow from the previous government .............
Insidious cult like promotion of religion in government and in public.
The promotion of full mode FUD on a continual basis
Continual disregard for the best available advice from scientific sources across a range of highly important issues.
Lack of cohesive and productive policy that could actully achieved anything worthwhile and beneficial for the country.
No realistic forward thinking and planning related to things that did matter! A total reactionary government always having to come up with poor ad hoc band aid solutions because of their total lack of forward thinking, planning and proactive action

That choice of government had little to nothing to do with China or the USA.

Wait, maybe is had a little to do with the USA, which would be we rejected going down the path of having an unhealthy obsession with religion, like they have in the USA.",1,True
UgzYk4O0hbvdnGWEzc94AaABAg.9xbyL3aEVz4A3bFQ4Bs7Ex,comment,eNYndWedZsE,UgzYk4O0hbvdnGWEzc94AaABAg,True,@nirmit1298,"@BrentonSmythesfieldsaye thank you brother and here I will tell you what is happening in automotive world so please read it carefully .
Since 1980 the Chinese government has invited American German and Japanese automotive companies openly for business operations and manufacturing.
Quickly learned and copying technology stuff. But it was going to be tough for them with internal combustion engines and Automatic transmission but they were  trying to learn and compete , and eventually not get success with what they needed. then they realize it's very tough to beat Japanese and German and Korean and American car manufacturers in this way, so new technology coming which is electric cars is the way to change the game. And they quickly adapted battery technology and controlled rare earth minerals like lithium, cobalt etc,  in mostly African countries by illegal investment which called official corruption with the Help of federal and state (provincial) governments unethical funding with approximately 56 billion dollars in last 10 years resulting in more than 100 companies born , half of them State government control and half of them are private subsidies and they spread over the operations in local manufacturing and assembling throughout country and some what outside china main land.
Now they penetrate the market because of over production and mass volume so want to throw cars everywhere. They are trying to dominate the market everywhere specifically in Europe and the Middle East East and south east Asian countries. Australia is such a small market for them. But it's okay. For customers it's good. But remember Chinese government philosophy they will create dominance and capture slowly every thing, that's happening . Which car Brand from Australia??? I don't know about, or maybe  Fisker brand or something may be ?  Now for example Australia keeps welcoming those cars , the same as Europe then they will be dependent on Chinese cars and they will dominate the market and because of this competition is not ethical, it's just like toys trading. I am not against any brand or cars or country but they have unethical marketing and prices strategy which is because of state government pumping those money to dominate.They are not in profit by selling cars at cheap prices but there are team setups for propaganda and advertising and news and media all things active and they want to show they become big and superior and successful within a short time.  So it means other countries and manufacturing and businesses and people and engineers are foolish or not understand this ?? German Japanese Korean Americans  are running companies for more than 100 years and they are pioneers of Automotives. By the way electric cars future is maximum 10 years because Now Hydrogen and fuel cells are coming soon.
If you don't understand then please read twice. What is happening. Tc have a great weekend. Thanks.",0,True
UgzYk4O0hbvdnGWEzc94AaABAg.9xbyL3aEVz4A3c5keaFDYX,comment,eNYndWedZsE,UgzYk4O0hbvdnGWEzc94AaABAg,True,@orangedeeler,@Jeroenneman not you being brainwashed..find out the truth idt…,1,True
UgzYk4O0hbvdnGWEzc94AaABAg.9xbyL3aEVz4A3eo2uwVl_x,comment,eNYndWedZsE,UgzYk4O0hbvdnGWEzc94AaABAg,True,@CThienV,"This has been out for 6months in my country and not a single one has come on the used market. Waiting, waiting.",0,True
UgzYk4O0hbvdnGWEzc94AaABAg.9xbyL3aEVz4A3r7jx6aPmS,comment,eNYndWedZsE,UgzYk4O0hbvdnGWEzc94AaABAg,True,@frankcheung917,"@Jeroenneman You have been fed a lot of Bull Sh*t, try researching news and information from other than the western media for a change.",0,True
UgzYk4O0hbvdnGWEzc94AaABAg.9xbyL3aEVz4A3r7sKT_ktr,comment,eNYndWedZsE,UgzYk4O0hbvdnGWEzc94AaABAg,True,@frankcheung917,"I'm happy for you, can you please tell us what you are paying for your car in Melbourne ?",0,True
UgzYk4O0hbvdnGWEzc94AaABAg.9xbyL3aEVz4A3sz1OBkr16,comment,eNYndWedZsE,UgzYk4O0hbvdnGWEzc94AaABAg,True,@MintyCanRead,"Lol, China hasn't committed a fraction of the atrocities committed by the US and yet I don't see people protesting anytime someone buys something American made. The jealousy is real.",1,True
UgzYk4O0hbvdnGWEzc94AaABAg.9xbyL3aEVz4A4-B_r8D8il,comment,eNYndWedZsE,UgzYk4O0hbvdnGWEzc94AaABAg,True,@PoreeL-bg6zx,"@postahundredcommentsbutonl4408 As a chinese,ican't say more than thank you.",0,True
UgzYk4O0hbvdnGWEzc94AaABAg.9xbyL3aEVz4A41XQ1uNrcx,comment,eNYndWedZsE,UgzYk4O0hbvdnGWEzc94AaABAg,True,@FatherOf1450,😂😂😂,0,True
UgzYk4O0hbvdnGWEzc94AaABAg.9xbyL3aEVz4A4ItBNnqTrh,comment,eNYndWedZsE,UgzYk4O0hbvdnGWEzc94AaABAg,True,@PK-xu7gu,"@Jeroenneman Yes, we forgot that the US and EU are saints. They don't do anything bad at all right?",1,True
UgzYk4O0hbvdnGWEzc94AaABAg.9xbyL3aEVz4A5RIDjfmwdg,comment,eNYndWedZsE,UgzYk4O0hbvdnGWEzc94AaABAg,True,@Enforcer_WJDE,Lucky you there were no VW products on board...,0,True
UgzYk4O0hbvdnGWEzc94AaABAg.9xbyL3aEVz4A6CzbOoPpEX,comment,eNYndWedZsE,UgzYk4O0hbvdnGWEzc94AaABAg,True,@principalityoftheseals3417,​@Jeroenneman Australia has literally sold itself to Chinese companies so they can't compete anymore,0,True
UgzYk4O0hbvdnGWEzc94AaABAg.9xbyL3aEVz4A8OEMLJjiu3,comment,eNYndWedZsE,UgzYk4O0hbvdnGWEzc94AaABAg,True,@carloschin4363,"USA fomenta guerra para manter na liderança mundial  e as INDÚSTRIAS  de equipamentos  bélicos .
Mas ultimamente  a decadência  vem se alertando  drasticamente e temendo  os políticos , levando a decisão supertarifas o que confirma a qualidade e superiodade  do EVS da China

Na verdade tanto os ianques e os europeus tem q parar de  chorar igual a criança e arregaçar  as mangas e resolver  as diretrizes para bem do consumidor  independente do país. Raça ou a cor
Época de superfaturamento e enriquecimento  fácil  esta acabando😊",0,True
UgzYk4O0hbvdnGWEzc94AaABAg.9xbyL3aEVz4A9uIYON1gVh,comment,eNYndWedZsE,UgzYk4O0hbvdnGWEzc94AaABAg,True,@yug5156,Damn. Even the delivery.,0,True
UgzYk4O0hbvdnGWEzc94AaABAg.9xbyL3aEVz4AEAv_TwprbC,comment,eNYndWedZsE,UgzYk4O0hbvdnGWEzc94AaABAg,True,@bigikhudaa,"@Jeroenneman Typical Western perspective… I’ve never seen this so-called “communist” country invading others, stealing resources, or killing millions, but rather focusing on improving people’s lives.",0,True
UgzYk4O0hbvdnGWEzc94AaABAg.9xbyL3aEVz4ARu3_alnayf,comment,eNYndWedZsE,UgzYk4O0hbvdnGWEzc94AaABAg,True,@claytonhayball4718,​@Seramics  less of  a  dictatorship to deal with I suppose. My folks recently been to some cities in China and were free to do what they want  :),0,True
UgzYk4O0hbvdnGWEzc94AaABAg.9xbyL3aEVz4ASYsVUcUQNW,comment,eNYndWedZsE,UgzYk4O0hbvdnGWEzc94AaABAg,True,@yours_sincerely48,That is a Cool experience. Waiting your car to come.,0,True
UgzYk4O0hbvdnGWEzc94AaABAg.9xbyL3aEVz4ASYsty635Ar,comment,eNYndWedZsE,UgzYk4O0hbvdnGWEzc94AaABAg,True,@yours_sincerely48,​@Motorcycle1237Man life are Short...Why bothered about politician? They have no interest in your problems. While stay alive go get an EV car to enjoy it..Let me Tell you this..Once driven an EV you aint looking back at petrol cars again. You font have desire nor mood to see petrol cars ever..,0,True
Ugx7dXsZuSlCaksdmKd4AaABAg,comment,eNYndWedZsE,,False,@waynethefridgemanosborne8984,"Can't test drive this until December here in South Australia but have my name down, I first see these on the electric Viking channel. I have now driven the atto3 and the dolphin. Will probably get the atto3 for the family car. So we will be driving to Sydney in March. Just had to be done",2,True
UgyuA-hTLbwkiK-xeG54AaABAg,comment,eNYndWedZsE,,False,@dipakpatel9329,"I almosed watched your video but remebered how much you loved Honda ""e"". Totallt dishonest review because they wined and dined you.",1,True
UgyuA-hTLbwkiK-xeG54AaABAg.9xbrttKMdG-9xby0ceEH4U,comment,eNYndWedZsE,UgyuA-hTLbwkiK-xeG54AaABAg,True,@tooltalk,"Well, the Honda e did win the German Car of the Year -- so I guess it wasn't just a total junk.   I just don't get that Honda 'e'.  Maybe I just don't get the market segment that wants it.",0,True
UgyuA-hTLbwkiK-xeG54AaABAg.9xbrttKMdG-9xj_pU7BE07,comment,eNYndWedZsE,UgyuA-hTLbwkiK-xeG54AaABAg,True,@zacksmith5963,​@tooltalki love it when cia bots cry,0,True
UgyuA-hTLbwkiK-xeG54AaABAg.9xbrttKMdG-9yx-_MBXQ_z,comment,eNYndWedZsE,UgyuA-hTLbwkiK-xeG54AaABAg,True,@jeremytine,says the wumao @zacksmith5963,0,True
UgyuA-hTLbwkiK-xeG54AaABAg.9xbrttKMdG-9yxFxgBaTrJ,comment,eNYndWedZsE,UgyuA-hTLbwkiK-xeG54AaABAg,True,@zacksmith5963,"@jeremytine says the coward who ran away . 5 months gone 

0 proof",0,True
UgyuA-hTLbwkiK-xeG54AaABAg.9xbrttKMdG-9yxkHwgr2ZQ,comment,eNYndWedZsE,UgyuA-hTLbwkiK-xeG54AaABAg,True,@jeremytine,"@zacksmith5963 5 months? Keep your alt accounts straight. Last time it was 4, then it was a month... You spam so much, it is probably hard to keep track. 

And no, I didn't run away so much as walked away yawning and bored 😉 of your spam",0,True
UgyuA-hTLbwkiK-xeG54AaABAg.9xbrttKMdG-9yxofBvItm0,comment,eNYndWedZsE,UgyuA-hTLbwkiK-xeG54AaABAg,True,@zacksmith5963,"@jeremytine i checked your replies to me . 5 months gone 

0 proof . Why should i keep straight when u ran away everytime

We dont even allow such people like u to be hired",0,True
UgyuA-hTLbwkiK-xeG54AaABAg.9xbrttKMdG-9yxpJJ9l78p,comment,eNYndWedZsE,UgyuA-hTLbwkiK-xeG54AaABAg,True,@jeremytine,"@zacksmith5963 nope, and why would I even want to work for you lol? No desire to live under CCP 😂",0,True
UgzCGd9ytEo0tqtz8_14AaABAg,comment,eNYndWedZsE,,False,@axe3425,"As far as I know, BYD Battery is the only company that has passed the battery penetration test required by the Chinese government, which is no longer required to conduct mandatory tests because the testing conditions are so stringent",20,True
UgzCGd9ytEo0tqtz8_14AaABAg.9xbmfFge-X99xbyoUIGSmk,comment,eNYndWedZsE,UgzCGd9ytEo0tqtz8_14AaABAg,True,@tooltalk,"I  don't understand the point of the test..  BYD EVs routinely explode in crash -- the most highly publicized recent one was in April 05 in Cenxi, China where a local judge was trapped and burned alive in a BYD Han.",0,True
Ugyxx_hpY-3LNjj40NZ4AaABAg,comment,eNYndWedZsE,,False,@mark_downunder,A Chinese company remotely controlling my car? What possible could go wrong? Whatever happens in that car will be recorded and 100% monitored by the Chinese government. No thanks.,0,True
Ugyxx_hpY-3LNjj40NZ4AaABAg.9xbmRJnpfAd9xcJU2sKxQi,comment,eNYndWedZsE,Ugyxx_hpY-3LNjj40NZ4AaABAg,True,@dusty_giraffe2111,"You do realize that having a Google account means you're being spied on at all times anyway, right?

All countries spy on you, that's a fact. Especially the more technologically developed ones, that means US, China, Japan, South Korea, etc. 

But out of all of these, the US is the biggest offender. The number of internationally influential tech companies they have is unparalleled. Whether it is Google, Meta, Apple, or Netflix. The US is the undisputed king of cyberespionage. China doesn't even come close.

Not like it even matters in 2023, considering privacy is now a myth, but to be frank, if you still value privacy, wouldn't you much rather be spied on by a country halfway across the world that has no influence over you, than the literal most powerful country in the world that can fk you over whenever they feel like?

If you're one of those people who somehow feels more safe being spied on by one country over another, all I can say is you're really naive... There's nothing that justifies it, they're all equally evil.

Patriotism is useless, it blinds your judgement.",4,True
Ugyxx_hpY-3LNjj40NZ4AaABAg.9xbmRJnpfAd9xj_r9SK8Bl,comment,eNYndWedZsE,Ugyxx_hpY-3LNjj40NZ4AaABAg,True,@zacksmith5963,Ok Prove it . Waiting .,2,True
Ugyxx_hpY-3LNjj40NZ4AaABAg.9xbmRJnpfAd9yyZEUMwAwP,comment,eNYndWedZsE,Ugyxx_hpY-3LNjj40NZ4AaABAg,True,@jacksmith-mu3ee,"Full month gone ..

Where is your proof ?",1,True
Ugyxx_hpY-3LNjj40NZ4AaABAg.9xbmRJnpfAd9yz8L0nDr2U,comment,eNYndWedZsE,Ugyxx_hpY-3LNjj40NZ4AaABAg,True,@zacksmith5963,@jacksmith-mu3ee this is a bot,0,True
Ugyxx_hpY-3LNjj40NZ4AaABAg.9xbmRJnpfAdA3f6bZ3f58F,comment,eNYndWedZsE,Ugyxx_hpY-3LNjj40NZ4AaABAg,True,@CThienV,"You are not as significant as you think you are. 
The CCP do not care about your trips to McDonald's and Walmart.",0,True
UgxrOBnkUYNCUx82ukF4AaABAg,comment,eNYndWedZsE,,False,@25557813,god protect your own country's industries. Dont buy Chinese products. support your own brands.,0,True
UgxrOBnkUYNCUx82ukF4AaABAg.9xblxjU2NUu9xj_v9KmOG_,comment,eNYndWedZsE,UgxrOBnkUYNCUx82ukF4AaABAg,True,@zacksmith5963,"Why ? Stop being jealous .
I don't care about brand loyalty . You are a bot .",1,True
UgwBySNqNMWn3PTzP854AaABAg,comment,eNYndWedZsE,,False,@salemcitadel,Its all fun and games untill byd becomes the new huawei,0,True
UgzS1mQeHS_EOJWPtFF4AaABAg,comment,eNYndWedZsE,,False,@dougscott188,If they are a big iPad supplier they could be a potential partner for Apple on their long rumored car.,0,True
UgzS1mQeHS_EOJWPtFF4AaABAg.9xbc0BZbyUX9xdv0fHeSOE,comment,eNYndWedZsE,UgzS1mQeHS_EOJWPtFF4AaABAg,True,@michaeljiang960,"If I am BYD and Apple called, I wouldn't bother.",2,True
UgzS1mQeHS_EOJWPtFF4AaABAg.9xbc0BZbyUX9xe6JuGH5NV,comment,eNYndWedZsE,UgzS1mQeHS_EOJWPtFF4AaABAg,True,@dougscott188,@michaeljiang960 yeah Hyundai reportedly did same thing.,0,True
UgyrOoqonhMC3zUY69F4AaABAg,comment,eNYndWedZsE,,False,@joeyp1927,"This car will be deemed a 'national security threat' so, unfortunately, we will not be getting it here in the US. Ditto for all electric vehicles from China that offer a decent range at an affordable price.",0,True
Ugwl8LSkDABQo0CBOcZ4AaABAg,comment,eNYndWedZsE,,False,@FarisAriffinYT,1:44 that is the biggest apple car play on screen I’ve ever seen,1,True
Ugx2Oy_7iQQQzQFVPY14AaABAg,comment,eNYndWedZsE,,False,@inspectorseb5286,"Have a Tesla model 3 today, will get this as my next car, if the prices are lower than a new Model 3.",0,True
Ugy6RQuOb_Na0SfIqKZ4AaABAg,comment,eNYndWedZsE,,False,@sniegu84,tesla copy,1,True
Ugy6RQuOb_Na0SfIqKZ4AaABAg.9xbTixjO6Zy9xj_yKniMTl,comment,eNYndWedZsE,Ugy6RQuOb_Na0SfIqKZ4AaABAg,True,@zacksmith5963,Which part ? Tesla uses byd parts btw,1,True
Ugz2RK2zDLN82kDyHk14AaABAg,comment,eNYndWedZsE,,False,@photographacataday,"BYD built its first car in my hometown over 20 years ago. At that time, even the Chinese thought it was a joke. But today, it has indeed developed very well. Some people don't like China, Chinese people, or Chinese products, but this does not affect their development. I hope China can bring more good products and bring convenience to the world.",410,True
Ugz2RK2zDLN82kDyHk14AaABAg.9xbRQquzjB29xwlgtCY-yo,comment,eNYndWedZsE,Ugz2RK2zDLN82kDyHk14AaABAg,True,@方一拳,难搞，其实他们是很不愿意看到中国车牛逼的😂,28,True
Ugz2RK2zDLN82kDyHk14AaABAg.9xbRQquzjB29xz2Gc2KKOM,comment,eNYndWedZsE,Ugz2RK2zDLN82kDyHk14AaABAg,True,@jonwick7635,Everything will be China in the end. Thumbs up,18,True
Ugz2RK2zDLN82kDyHk14AaABAg.9xbRQquzjB29y48PbwjXV9,comment,eNYndWedZsE,Ugz2RK2zDLN82kDyHk14AaABAg,True,@Darkmatter321,"Dude, please stop being negative about your country, your people, and your products. This century firmly belongs to China. So step up and act like it. Sure, there is a lot of negative coverage of all things Chinese, and many stupid people fall for it. But they are stupid and don't matter. Smart people, like me, know that China will be leading this planet to a better future. So be damn proud of your country and what it has achieved in such a short time. Be proud, be amazing, be you. Love and much respect from Iran",97,True
Ugz2RK2zDLN82kDyHk14AaABAg.9xbRQquzjB29y8CFracGm6,comment,eNYndWedZsE,Ugz2RK2zDLN82kDyHk14AaABAg,True,@sea_TPGUY,我记得十多年前，我在大陆第一次看到和听见这个品牌的汽车。当时连我的大陆友人都瞧不起这个品牌，都是买双B品牌的汽车。当时的比亚迪也没有现在的品质和技术。但是十年人事几番新，人总是要有梦想的，不然跟咸鱼有何分别😂 今天的中国车已经可以比美日韩甚至欧美系的车了。加油吧比亚迪！,20,True
Ugz2RK2zDLN82kDyHk14AaABAg.9xbRQquzjB29yGl4_XAiRo,comment,eNYndWedZsE,Ugz2RK2zDLN82kDyHk14AaABAg,True,@photographacataday,@sea_TPGUY 說的太好了！,4,True
Ugz2RK2zDLN82kDyHk14AaABAg.9xbRQquzjB29ye1bpHfyp4,comment,eNYndWedZsE,Ugz2RK2zDLN82kDyHk14AaABAg,True,@jackt1400,Wealthy Chinese are still going for luxury Germans cars... LOL,1,True
Ugz2RK2zDLN82kDyHk14AaABAg.9xbRQquzjB29yyZGZeSeT2,comment,eNYndWedZsE,Ugz2RK2zDLN82kDyHk14AaABAg,True,@jacksmith-mu3ee,​@jackt1400nope . Try Again,0,True
Ugz2RK2zDLN82kDyHk14AaABAg.9xbRQquzjB29z8qOTlStEg,comment,eNYndWedZsE,Ugz2RK2zDLN82kDyHk14AaABAg,True,@jackt1400,"@jonwick7635 nah... that is impossible, dun be fooled by the CCP.",0,True
Ugz2RK2zDLN82kDyHk14AaABAg.9xbRQquzjB29zECSHpTENR,comment,eNYndWedZsE,Ugz2RK2zDLN82kDyHk14AaABAg,True,@Alex-o1u2g,"@jackt1400go to China and check for the latest trend mate, u will be surprised",0,True
Ugz2RK2zDLN82kDyHk14AaABAg.9xbRQquzjB29zIrpbk9UzS,comment,eNYndWedZsE,Ugz2RK2zDLN82kDyHk14AaABAg,True,@hynoor7254,"@jackt1400 No, the Chinese brands sold the biggest number of cars which price above 300,000 RMB",5,True
Ugz2RK2zDLN82kDyHk14AaABAg.9xbRQquzjB29zRTUV1GLPk,comment,eNYndWedZsE,Ugz2RK2zDLN82kDyHk14AaABAg,True,@AAAAAA-tj1nq,@jackt1400 wealthy americans still buy german cars and not their own american cars,6,True
Ugz2RK2zDLN82kDyHk14AaABAg.9xbRQquzjB29zRTy8uZVLn,comment,eNYndWedZsE,Ugz2RK2zDLN82kDyHk14AaABAg,True,@freedomshiyuxing,"Only true for sports car.  Luxury SUV buyers shift focus to new domestic cars now.  The second hand top-end luxury car price dropped about 30% in a year, I mean the models like GLE AMG/RS6 and so on. Even the sports car price is dropping now,  I saw dealers selling brand new M2 and Supra 20% below original tag price.  The login behind the seen is cheap and powerful motors. It give Chinese brand a chance to catch up Germans's engine. With equally powerful platform, Chinese are always good at making  more functional product at lower cost. Just the same story again, remember how TV/Smart Phone or other market been taken by us? 
BTW,  you can have a look of Lixiang L9 or Huawei M9, the interior is so much batter compare to GLS or X6.
@jackt1400",0,True
Ugz2RK2zDLN82kDyHk14AaABAg.9xbRQquzjB29zWneC0NYDI,comment,eNYndWedZsE,Ugz2RK2zDLN82kDyHk14AaABAg,True,@shineluvslambiel,@Darkmatter321preach mate 🎉🎉🎉,0,True
Ugz2RK2zDLN82kDyHk14AaABAg.9xbRQquzjB29zlSJPtryH5,comment,eNYndWedZsE,Ugz2RK2zDLN82kDyHk14AaABAg,True,@TruthTeller8888,😂😂😂😂 nice storyteller 😂,0,True
Ugz2RK2zDLN82kDyHk14AaABAg.9xbRQquzjB2A-1WOsDVyge,comment,eNYndWedZsE,Ugz2RK2zDLN82kDyHk14AaABAg,True,@TheCornish123456,@jonwick7635 and that kind of attitude is part of the problem.,0,True
Ugz2RK2zDLN82kDyHk14AaABAg.9xbRQquzjB2A-Aj5lByIR-,comment,eNYndWedZsE,Ugz2RK2zDLN82kDyHk14AaABAg,True,@kosine2011,"BYD's high end models like Han, Denza and Yangwang have already taken over the biggest market share in the luxury car segment.@jackt1400",0,True
Ugz2RK2zDLN82kDyHk14AaABAg.9xbRQquzjB2A0Fpm8RCd4q,comment,eNYndWedZsE,Ugz2RK2zDLN82kDyHk14AaABAg,True,@nicolasmessi1999,​@sea_TPGUY 对于电动车来说，大陆人都说BBA是杂牌😂😂,0,True
Ugz2RK2zDLN82kDyHk14AaABAg.9xbRQquzjB2A0UMZwIIpx1,comment,eNYndWedZsE,Ugz2RK2zDLN82kDyHk14AaABAg,True,@HermanWillems,Chinese people should understand: The west has nothing against Chinese people. It's the Chinese dictator leader Xi Jinping wanting to be like Mao Zedong is that we have a problem with.,0,True
Ugz2RK2zDLN82kDyHk14AaABAg.9xbRQquzjB2A0mWe3LiYVk,comment,eNYndWedZsE,Ugz2RK2zDLN82kDyHk14AaABAg,True,@antwango,"@jackt1400 yeah German cars like Germany itself is quickly being left behind though, Just like Apple, Tesla products yes theyve got brand recognition for now! But the Chinese have gotten here in 10 years! Chinese products and innovation will begin to stretch what Apple Tesla can do with a budget and at an affordable price! Its no mystery that China is suddenly going to leapfrog Japan, Germany, US, EU in cars in a short space of time! Its not luck either..... Hard work, Good foresight and good planning",0,True
Ugz2RK2zDLN82kDyHk14AaABAg.9xbRQquzjB2A0p0i5h3BkD,comment,eNYndWedZsE,Ugz2RK2zDLN82kDyHk14AaABAg,True,@ZirongChen-fn3eg,Not anymore@jackt1400,0,True
Ugz2RK2zDLN82kDyHk14AaABAg.9xbRQquzjB2A1PPCvZIBr6,comment,eNYndWedZsE,Ugz2RK2zDLN82kDyHk14AaABAg,True,@user-swq623,​@jackt1400没关系，比亚迪让普通中国人用上了物美价廉的汽车,0,True
Ugz2RK2zDLN82kDyHk14AaABAg.9xbRQquzjB2A1V1OKsdjMq,comment,eNYndWedZsE,Ugz2RK2zDLN82kDyHk14AaABAg,True,@boxerholy9507,"@jackt1400 The era is going to an end very sonn, German EVs are crap in Chinse cosumer's mind now. Today the sells of Chinese luxury EVs is already close to Benz and Audi, and by 2030s there will no room for German petrol vehicles any more.",0,True
Ugz2RK2zDLN82kDyHk14AaABAg.9xbRQquzjB2A2Z9oClV9HZ,comment,eNYndWedZsE,Ugz2RK2zDLN82kDyHk14AaABAg,True,@AshrafulAlam-zw1xw,I am in for BYD Seal,1,True
Ugz2RK2zDLN82kDyHk14AaABAg.9xbRQquzjB2A4KIU3aKwnq,comment,eNYndWedZsE,Ugz2RK2zDLN82kDyHk14AaABAg,True,@daebak_hana,Those ppl are mad because they can't keep uo,0,True
Ugz2RK2zDLN82kDyHk14AaABAg.9xbRQquzjB2A4rebXTFjgQ,comment,eNYndWedZsE,Ugz2RK2zDLN82kDyHk14AaABAg,True,@Alopen-xb1rb,"@Darkmatter321you never lived in China. If you ever had you would know the problems with China being in charge. It’s top down and does not give a hoot about anything other than the party. 

Right now China is subsidising its top-end industries like EVs and chips and it’s just undercutting everyone else through uncompetitive practices. Look at that car in this video and tell me what it really does thats any different than a model 3 or Y from Tesla? Certainly nothing in the video differentiates them. 

That said EV cars are more than a fad and other car makers need to adapt. The electric grid and infrastructure is being built up fast here in the US. And with an EV you can charge overnight and never have to fill up a tank outside of road-trips. If EU and Japanese car makers don’t get serious about EVs watch out.",0,True
Ugz2RK2zDLN82kDyHk14AaABAg.9xbRQquzjB2A5qESoG5KOc,comment,eNYndWedZsE,Ugz2RK2zDLN82kDyHk14AaABAg,True,@KwanRay-g3r,"You need to drive both vehicles to compare, which I have. BYD Seal beats the Model 3 in everything except maybe acceleration and UI. For me it's the stability of the ride and interior comfort and convenience. If you like go karts then model 3 is good for you. If you like a proper driving experience then the Seal.",1,True
Ugz2RK2zDLN82kDyHk14AaABAg.9xbRQquzjB2A6H3B_dW_Xc,comment,eNYndWedZsE,Ugz2RK2zDLN82kDyHk14AaABAg,True,@markwriter2698,"No wonder the government feels a need to impose tariffs.  If true, this company has far away better and less expensive vehicles",0,True
Ugz2RK2zDLN82kDyHk14AaABAg.9xbRQquzjB2A7avEvD1399,comment,eNYndWedZsE,Ugz2RK2zDLN82kDyHk14AaABAg,True,@pollittdominic9116,@jackt1400 Ten years ago.,0,True
Ugz2RK2zDLN82kDyHk14AaABAg.9xbRQquzjB2ASYtLdDkG9x,comment,eNYndWedZsE,Ugz2RK2zDLN82kDyHk14AaABAg,True,@yours_sincerely48,Your hometown is now a city already. I heard BYD factory is now a City.,0,True
UgzMSmpMyBEVDiLYdct4AaABAg,comment,eNYndWedZsE,,False,@ThePentosin,"Does the car shut up? Or does it beep and ding and make noise for ""everything""?",0,True
Ugx3RKF_prPiqm_NDDB4AaABAg,comment,eNYndWedZsE,,False,@balkanleopard9728,"Robert, I think yoou can raise the front seats so that passengers in the rear seats can slip their feet under the front seat - and the driver and front passenger can see a little better.  Maybe worth seeing if and how this works out.",4,True
UgwtTv5rsAN9VeeR7gN4AaABAg,comment,eNYndWedZsE,,False,@liyz7142,good looking car,0,True
UgxixjSWsqLw-USlgyZ4AaABAg,comment,eNYndWedZsE,,False,@Athrunwong,"it's so good because the technology was stolen from tesla, as tesla also uses the exact same batteries.",0,True
UgzdUSVHUt-3r6B5L8F4AaABAg,comment,eNYndWedZsE,,False,@Glee73,"Great review bobby.  Very happy Atto 3 owner here from malaysia. the seal just launched in singapore a while back, and soon in Malaysia. can't wait to see and try the car in the flesh.",3,True
Ugz69hFvG63Fq8iCuN14AaABAg,comment,eNYndWedZsE,,False,@justinlinnane8043,"quite rightly Toyota thinks hybrid technology is far greener and more sustainable than EV only vehicles .  We're not ""costing "" EV's properly at all  in ecological terms . The drive to fully electric will destroy vast areas of the planet  with  destructive rare metal mining and  subsequent toxic waste dumping . The whole thing is a bit if con !!",0,True
Ugz-d6BMkcxNVW1uji94AaABAg,comment,eNYndWedZsE,,False,@mr_nononsense,"You have a campaign for misinformation, yet you say the heat pump does not affect the range. That is blatantly wrong, you lose about 3-8% depending on heat or cool. If EV reviewers cannot be honest, how do you expect us to believe you calling out others. Very frustrating.",0,True
UgxuczVuSnbf2ah4bFJ4AaABAg,comment,eNYndWedZsE,,False,@Mghernah,Lovely car I will get one,0,True
Ugw3rfcBBwvnxVoACIB4AaABAg,comment,eNYndWedZsE,,False,@49er701,Jaguar's forthcoming all electric models have some very stiff competition - from cars costing 1/4 the price.,0,True
Ugw3rfcBBwvnxVoACIB4AaABAg.9xaNjB0UEp59xaPQ_WLUca,comment,eNYndWedZsE,Ugw3rfcBBwvnxVoACIB4AaABAg,True,@tooltalk,"Nobody buys Jaguar EVs these days -- they have the longest days on dealer lots, over 320+ days.",0,True
UgxIFK6hcylJgdZaUfN4AaABAg,comment,eNYndWedZsE,,False,@TomTom-cm2oq,"Mr. Llewellyn, can you please share your opinion on how good it is for the population of the planet to be voluntarily sending money to the CCP? I would like to know if the benefit of these Chinese EVs on European roads outweighs the detriment of funding a genocide. 

Kind of like if you would buy a VW in England in 1939. Would be weird at least. 

I hope the word “genocide” doesn’t get my comment removed by YouTube censors pandering to Winnie the Poo.",0,True
UgzDIcPq2GX3nF2Jg6h4AaABAg,comment,eNYndWedZsE,,False,@lucasoldati4817,What a cute aging man he is ❤,0,True
UgynNTSY2rCK0aiqAlp4AaABAg,comment,eNYndWedZsE,,False,@lagrangewei,"it is a myth that western manufacturing is ""export"" to China. Chinese industry has it root from Asian investors and companies. the reasons US and EU started trading with China is because Japan did so a decade earlier and they could see that if they don't start trading, they will lose the Asian market to a China-Japan economic alliance. the very first iphone was already produce by Asian companies, Apple has never manage to produce an iphone without using Asian parts even if it is assembled outside China. Asian are smart enough to develop their own industry. the de-industrialization of the west occur well before the west started to trade with China, it occur the moment imperialism ended as the logic of 20% of the world commanding 80% of the production never made sense... UK cars was never competitive, it only survive because UK was able to impose 200% tarriff on it colonies for car not made in UK... when the empire is gone, of course so were the logic of buying cars from their colonial ""masters"". only Germany which lose it empire during WWI has somewhat competitive cars, allowing them to developed into a major exporter. so let's be honest as to what cause deindustrialization.

if industrialization in China is driven by the West, why isn't India a major exporter since it is closer to the West and is pushing to support it? because it is domestic policies that drove industrialization, not foreign policies. this misunderstanding of reality must be corrected, West can't beat China by sanction because China didn't rose from trade with the West, they rose from trade with Asia, which is the real problem India is facing as they didn't join RCEP. holding on to this incorrect believes will lead to the pursuit of policies that doesn't work. you can't ""brexit"" your way to economic growth, western unwillingness to integrate within its own region undermines western economic development. US cancelling TPP result in China dominating Asia via RCEP without competition... that's the real reality.",0,True
UgzKzQQSlAaQOJHYhqF4AaABAg,comment,eNYndWedZsE,,False,@chionyenkwu2253,Not killer; knock off 😉😉,0,True
UgzKzQQSlAaQOJHYhqF4AaABAg.9xa8GkN9Hfq9xjaAiHXxIS,comment,eNYndWedZsE,UgzKzQQSlAaQOJHYhqF4AaABAg,True,@zacksmith5963,Source ? Proof ?,1,True
UgyfGLLKCJ261WTRrBl4AaABAg,comment,eNYndWedZsE,,False,@RedRupert64,Was that an advert or a review?,0,True
UgzV62U18ZOGs-9D8vt4AaABAg,comment,eNYndWedZsE,,False,@johnjamesmarsh,Did I miss the price?,0,True
UgzKg50gguMic2DP6Np4AaABAg,comment,eNYndWedZsE,,False,@Mikeycambovideos,"Do you think Toyota is standing by on purpose, to learn from other companies engineering mistakes, avoiding recalls/lawsuits, and battery technology to be more efficient, ....then they will swoop in and go into production full throttle once everything is safe and profitable for them?",0,True
UgwZMSpq8_79Mhmbrbx4AaABAg,comment,eNYndWedZsE,,False,@kimfabritiusdetengnagel2038,You really must take a serious look at ZEEKR 007 - that's closer to perfection...,0,True
UgwlaFEJbfJTxxqLLzV4AaABAg,comment,eNYndWedZsE,,False,@helipeek2736,"Yes yes yes, that’s all very well but, can it balance a ball on its nose? 🦭🏐",0,True
UgzIfFQnymFMqW8KXmZ4AaABAg,comment,eNYndWedZsE,,False,@sHapina21,Chinese ev... That's smart 😅,0,True
UgxYOHaOUFG7qi3rSV54AaABAg,comment,eNYndWedZsE,,False,@stclairdavey,"2 big, square, clunky TV screens on the dashboard is not sexy plus the screens are not level with each other ....totally not cool😮",0,True
Ugw38CrxPZKI5xi3kfl4AaABAg,comment,eNYndWedZsE,,False,@remake1990,the first 30 seconds of the video is legendary!,1,True
UgwYmUfobhnqcFwIS5p4AaABAg,comment,eNYndWedZsE,,False,@anthropod7263,"It's great how legacy auto now follow the manufacturing techniques of the new boy on the block, Tesla.",0,True
UgyUzenost-OYN1cF0V4AaABAg,comment,eNYndWedZsE,,False,@sheezy2526,Nobody cares if a normal gasoline car catches fire coz it doesn't release toxic fumes like cobalt that can even be absorbed through skin. Fire fighters have been paralyzed in Australia trying to put out electric car fires coz there is no enough information on how dangerous they are. Electric batteries are self igniting and they will keep burning even under water till it loses all the energy. There has been some incidents where it took 30 days of submerging the car underwater for the fire to die out.,1,True
Ugy5T7VmseWF8vY0Y5d4AaABAg,comment,eNYndWedZsE,,False,@Hans-rs4so,The SatNav is using GPS or Chinese Beidou? 😅,0,True
UgzDcGXGkWQR3wlkaMp4AaABAg,comment,eNYndWedZsE,,False,@Sekir80,"Nice car.
Note to the sound engineer/editor: please, turn down the volume in B roll music. Super loud compared to Robert's speech and extremely annoying. Example: 10:37-10:47.",0,True
Ugz-xWr6ZqF8j6c0yFN4AaABAg,comment,eNYndWedZsE,,False,@ronnyaboutboul5878,"I wonder why BYD, Tesla and other Electric cars come with glass roof? I live in a sunny country (Israel) and it is very inconvenient in my mind to have a glass roof. One would literally get cooked in the car while driving",0,True
UgzlQmRyQ6UITbw6tcJ4AaABAg,comment,eNYndWedZsE,,False,@person880,Did I miss it in the video or was the price not mentioned?,0,True
UgzlQmRyQ6UITbw6tcJ4AaABAg.9xZxTlhpEdI9xasvanzfr-,comment,eNYndWedZsE,UgzlQmRyQ6UITbw6tcJ4AaABAg,True,@abdulwaduod11,45000 USD to 48000 USD,0,True
UgzGRluqY0q3ONLq43N4AaABAg,comment,eNYndWedZsE,,False,@georgewan438,"However, BYD has been under tremendous pressure from Huawei in China. Huawei has been able to achieve L3 level autonomous driving. The car owner can let the car drive into the parking lot by itself to find a parking space, and then leave the parking lot and drive to the car owner after the car owner commands through the mobile phone.",0,True
UgzFf6WUqDYwOLgY0VF4AaABAg,comment,eNYndWedZsE,,False,@fromroots,Thank you 🇨🇳 for all the subsidies. EU car market will be screwed forever with these (artificially) low priced entrants. Bye-bye German and French automakers. You’ve been sleeping for too long (like your politicians),0,True
UgzFf6WUqDYwOLgY0VF4AaABAg.9xZw7EcTioq9x_4LSCE9Bk,comment,eNYndWedZsE,UgzFf6WUqDYwOLgY0VF4AaABAg,True,@tooltalk,"Once China takes over, they can jack up the prices and you would be locked into their state controlled auto industry!   That's so exciting!   Did I mention China is also ruled by a dictator?",0,True
UgzFf6WUqDYwOLgY0VF4AaABAg.9xZw7EcTioq9xjaFddLuUA,comment,eNYndWedZsE,UgzFf6WUqDYwOLgY0VF4AaABAg,True,@zacksmith5963,Except the fact that tesla is subsidises by usa ooooooh,1,True
UgzFf6WUqDYwOLgY0VF4AaABAg.9xZw7EcTioq9xjaQQ4HyTo,comment,eNYndWedZsE,UgzFf6WUqDYwOLgY0VF4AaABAg,True,@zacksmith5963,"​@tooltalk0 issue with china . They give better product they get the money.  That's how it is . 

U don't like it . Cry about it. 

If china is ruled by a dictator ( which it isnt ) then so be it . Go cry about it",1,True
UgwTtAmmqDCqWwrLlO14AaABAg,comment,eNYndWedZsE,,False,@MarceloReis1,"Love my BYD Atto 3! 🇦🇺
I drive it in ECO mode most of the time and, in the city, I get over 480KM, which is more than the advertised.",444,True
UgwTtAmmqDCqWwrLlO14AaABAg.9xZsf4Pp5Vw9y8qt69eCWx,comment,eNYndWedZsE,UgwTtAmmqDCqWwrLlO14AaABAg,True,@kunh3308,unbelievable,9,True
UgwTtAmmqDCqWwrLlO14AaABAg.9xZsf4Pp5Vw9z4E_59zyHH,comment,eNYndWedZsE,UgwTtAmmqDCqWwrLlO14AaABAg,True,@stefanosong9314,"BYD range is always solid, from many test videos, even the hybrid vehicles can easily achieve its anounced BEV range",22,True
UgwTtAmmqDCqWwrLlO14AaABAg.9xZsf4Pp5VwA0ULnSkC-mY,comment,eNYndWedZsE,UgwTtAmmqDCqWwrLlO14AaABAg,True,@HermanWillems,@stefanosong9314 But the distance per kWh is not even close to that of Tesla. The 60kWh Tesla almost has the same range as the 82.5kWh BYD. Showing that BYD still has a long way to go. Because it has a high consumption it means also higher cost per mile / kilometer.,2,True
UgwTtAmmqDCqWwrLlO14AaABAg.9xZsf4Pp5VwA0XRN3tBnZK,comment,eNYndWedZsE,UgwTtAmmqDCqWwrLlO14AaABAg,True,@绿色韭菜吃糠咽菜,"@HermanWillemsare you serious ？？？？

2024  Model 3  12.5kw/100km    vs     BYD  seal   12.7kw/100km！！！",17,True
UgwTtAmmqDCqWwrLlO14AaABAg.9xZsf4Pp5VwA0YEe4qAELg,comment,eNYndWedZsE,UgwTtAmmqDCqWwrLlO14AaABAg,True,@stefanosong9314,"@HermanWillems see comment above man, dont prejudge",8,True
UgwTtAmmqDCqWwrLlO14AaABAg.9xZsf4Pp5VwA4DSHlJ8rgj,comment,eNYndWedZsE,UgwTtAmmqDCqWwrLlO14AaABAg,True,@fasikanatniel9335,@HermanWillems Tesla batteries are made in BYD,3,True
UgwTtAmmqDCqWwrLlO14AaABAg.9xZsf4Pp5VwA4QprVXMRdF,comment,eNYndWedZsE,UgwTtAmmqDCqWwrLlO14AaABAg,True,@davidz7858,"@HermanWillems I own Tesla Model 3, it only matches with manufacture range when you drive in warm day and turn off heater and air condition, speed is no more than 60 miles.",1,True
UgwTtAmmqDCqWwrLlO14AaABAg.9xZsf4Pp5VwA4S3YiBHVbc,comment,eNYndWedZsE,UgwTtAmmqDCqWwrLlO14AaABAg,True,@harysastra,@HermanWillems i think you are wrong... think carefully here ... Tesla fully depends its battery from Chinese companany too...,0,True
UgwTtAmmqDCqWwrLlO14AaABAg.9xZsf4Pp5VwA4b2Z2Hebqn,comment,eNYndWedZsE,UgwTtAmmqDCqWwrLlO14AaABAg,True,@billshun3963,I went to China for  business late last year I did notice that 90% of the taxi caps are BYD.,1,True
UgwTtAmmqDCqWwrLlO14AaABAg.9xZsf4Pp5VwA4msOU6xaa6,comment,eNYndWedZsE,UgwTtAmmqDCqWwrLlO14AaABAg,True,@joeychan8886,While atto3 is not the most popular and advanced BYD car in China. Hopefully our government could import BYD Han/seal/U8/U9.etc,0,True
UgwTtAmmqDCqWwrLlO14AaABAg.9xZsf4Pp5VwA4ncNm_HFwL,comment,eNYndWedZsE,UgwTtAmmqDCqWwrLlO14AaABAg,True,@MarceloReis1,"@joeychan8886 I don't see what Australian government has to do with this. Thankfully, we're not USA.",1,True
UgwTtAmmqDCqWwrLlO14AaABAg.9xZsf4Pp5VwAGysRO44U_s,comment,eNYndWedZsE,UgwTtAmmqDCqWwrLlO14AaABAg,True,@PJD_55,@billshun3963 In most major cities in China taxis have to be electric by law.,0,True
Ugy5iGgVs31W40G2d0l4AaABAg,comment,eNYndWedZsE,,False,@otablott7779,All London E-buses are BYD made too not just cars.,0,True
Ugzz_tZmPq0vVDa7vrp4AaABAg,comment,eNYndWedZsE,,False,@t-techvids9659,I thought BYD made face masks lol,0,True
UgwUvWFvi7wog1OGyyt4AaABAg,comment,eNYndWedZsE,,False,@Mel_Gerrard,"BYD is a fantastic company. I've already clocked 100,000 km on mine without a single glitch.",311,True
UgwUvWFvi7wog1OGyyt4AaABAg.9xZY4OvgK2n9xbRniTlo9L,comment,eNYndWedZsE,UgwUvWFvi7wog1OGyyt4AaABAg,True,@photographacataday,牛逼！,19,True
UgwUvWFvi7wog1OGyyt4AaABAg.9xZY4OvgK2n9yOGwS_hGHF,comment,eNYndWedZsE,UgwUvWFvi7wog1OGyyt4AaABAg,True,@Golfin-s1u,"Many taxi drivers in China choose BYD. In the course of business, there is almost no cost except electricity. Taxis often have a long mileage.",15,True
UgwUvWFvi7wog1OGyyt4AaABAg.9xZY4OvgK2n9zS8VtC-HD6,comment,eNYndWedZsE,UgwUvWFvi7wog1OGyyt4AaABAg,True,@julianmorgan79,"I want to buy a BYD but my chinese gf hates them, she thinks they are crap quality. I told her think of all the taxis we took 80% of them are BYD, she said ""so?"" I  told her ""do you think taxis will use unreliable cars? How will the make money if it keeps breaking, simple they just don't.""",13,True
UgwUvWFvi7wog1OGyyt4AaABAg.9xZY4OvgK2n9zSd2iwPDHB,comment,eNYndWedZsE,UgwUvWFvi7wog1OGyyt4AaABAg,True,@Mel_Gerrard,@julianmorgan79 Your girlfriend sounds like she has spent way too much time being influenced by western media and their vicious lies about anything Chinese. I'm going to guess you live in Australia or somewhere like that.,20,True
UgwUvWFvi7wog1OGyyt4AaABAg.9xZY4OvgK2n9zlSTnZ_BmW,comment,eNYndWedZsE,UgwUvWFvi7wog1OGyyt4AaABAg,True,@TruthTeller8888,The only glitch you had was buying BYD crap 😂,1,True
UgwUvWFvi7wog1OGyyt4AaABAg.9xZY4OvgK2nA0A9zuaLMGZ,comment,eNYndWedZsE,UgwUvWFvi7wog1OGyyt4AaABAg,True,@乐无,"My city, Xi 'an, has BYD's largest automobile factory. Last year, the output was 1 million units. Most of my city taxis were BYD. I talked to the drivers, and some of them drove nearly 400,000 kilometers in three years without any problems.",12,True
UgwUvWFvi7wog1OGyyt4AaABAg.9xZY4OvgK2nA1BcFYYvlZx,comment,eNYndWedZsE,UgwUvWFvi7wog1OGyyt4AaABAg,True,@紅葉886,really????😂😅😅😅😅,1,True
UgwUvWFvi7wog1OGyyt4AaABAg.9xZY4OvgK2nA44U46tSxqU,comment,eNYndWedZsE,UgwUvWFvi7wog1OGyyt4AaABAg,True,@felisasininus1784,"Your girlfriend sounds like she does not deserve you.
But if she's a good partner in other ways, don't let me be that worm in your ear.",0,True
UgwUvWFvi7wog1OGyyt4AaABAg.9xZY4OvgK2nA4rFYIbMztf,comment,eNYndWedZsE,UgwUvWFvi7wog1OGyyt4AaABAg,True,@mengniuhk5923,those type of girls are usually beautiful as the blonze,0,True
UgwUvWFvi7wog1OGyyt4AaABAg.9xZY4OvgK2nA4xvkhYYbPe,comment,eNYndWedZsE,UgwUvWFvi7wog1OGyyt4AaABAg,True,@leohedrick1624,I bet you ain’t in the US,0,True
UgwUvWFvi7wog1OGyyt4AaABAg.9xZY4OvgK2nA4xySAe6ITC,comment,eNYndWedZsE,UgwUvWFvi7wog1OGyyt4AaABAg,True,@felisasininus1784,@leohedrick1624 US don't get to enjoy BYD so of course they ain't in the US.,0,True
UgwUvWFvi7wog1OGyyt4AaABAg.9xZY4OvgK2nA5Sf7eX2Rgn,comment,eNYndWedZsE,UgwUvWFvi7wog1OGyyt4AaABAg,True,@andreamajura4527,⁠@乐无Which model?,0,True
UgwUvWFvi7wog1OGyyt4AaABAg.9xZY4OvgK2nAAPaIhyZ4fH,comment,eNYndWedZsE,UgwUvWFvi7wog1OGyyt4AaABAg,True,@franklinchen6200,@julianmorgan79I think you should dump her lol 😂,0,True
UgwUvWFvi7wog1OGyyt4AaABAg.9xZY4OvgK2nABaCKEMG0ZS,comment,eNYndWedZsE,UgwUvWFvi7wog1OGyyt4AaABAg,True,@cszuhan,This is very different from some news reports. These media always say that BYD vehicles often catch fire.,0,True
UgwUvWFvi7wog1OGyyt4AaABAg.9xZY4OvgK2nABbNBRqUFK0,comment,eNYndWedZsE,UgwUvWFvi7wog1OGyyt4AaABAg,True,@Mel_Gerrard,"@cszuhan  Anti-China propaganda is rampant and you surely know that. The US government alone dedicates $1.6 billion a year to it. That's enough to pay 16,000 ""journalists"" $100,000 each. Try to become a bit more of a critical thinker.",0,True
UgwUvWFvi7wog1OGyyt4AaABAg.9xZY4OvgK2nABbNTM_aF-c,comment,eNYndWedZsE,UgwUvWFvi7wog1OGyyt4AaABAg,True,@Mel_Gerrard,"​@cszuhan Anti-China propaganda is rampant. The US government alone dedicates $1.6 billion per year to it. That's enough to pay 16,000 ""journalists"" $100,000 each, every single year. Think about it.",0,True
UgwUvWFvi7wog1OGyyt4AaABAg.9xZY4OvgK2nAFr79jQb1nu,comment,eNYndWedZsE,UgwUvWFvi7wog1OGyyt4AaABAg,True,@terrencecheung2450,"Chinese people also took a faith leap on those ev, and the petrol supporters inside china also waiting to see how bad the ev will become after 5 or more years. Let’s hope those EV quality don’t fail us!",0,True
Ugx1DWYopjy-pNpkUCd4AaABAg,comment,eNYndWedZsE,,False,@deganellis,"Looks like a great car, but think they missed a trick not making this a lift back like a Skoda Superb. Will look forward to a test drive here in Australia",3,True
UgygFaYu8dN8vnRFmrt4AaABAg,comment,eNYndWedZsE,,False,@robertn2951,It is NOT a Tesla killer. It is a Camry and Accord killer.,1,True
Ugwao4jxW-16Wneig5V4AaABAg,comment,eNYndWedZsE,,False,@wellingtons.cassiano3002,"Following their battery (and buses) plants already in operation, BYD bought a former Ford plant in Northeast Brazil where they plan to start making cars pretty soon. And their pricing policy already made a splash in the local market.",19,True
UgzkwJ6VrCaHMFAlaHp4AaABAg,comment,eNYndWedZsE,,False,@jishaku38,素晴らしい車です。皆さんたくさん買ってくださいね。,0,True
UgzhNsr4YLw_TaQ8Tkt4AaABAg,comment,eNYndWedZsE,,False,@Roq-stone,"It is really nice. Love the interior. Nice toy to have.
But can I keep my ICE?",0,True
Ugz4G04cNzSR54xUn0B4AaABAg,comment,eNYndWedZsE,,False,@DrunkenXiGinPing,"I would never buy a Chinese car.  It is full of defects!  Chinese cars usually copy technologies from other companies, but they are just not as good.  Chinese quality just can not measure up to the original innovations, even they try to hire an actor with a British accent to help advertise it !",0,True
Ugzb9d-5O3jCWVIhs1F4AaABAg,comment,eNYndWedZsE,,False,@nkau7788,With RUST provided for free,0,True
Ugx8J8iuPM8dyNxROXx4AaABAg,comment,eNYndWedZsE,,False,@ssgeek4515,Well.300miles. not enough for me sorry,0,True
UgwC0c026JMtPc7K5M54AaABAg,comment,eNYndWedZsE,,False,@ssgeek4515,The battery is probably a solid state type that has to electrolyte or any semi liquid chemical This will be with all cars BUT.....A family of four with kids stuff to carry. No good and the range is????.......not got to end of video yet,0,True
UgwBNRWdTP3wm3cz8j54AaABAg,comment,eNYndWedZsE,,False,@futadore,duumb fork.  let's hope you are not in it when it burns,0,True
UgwBNRWdTP3wm3cz8j54AaABAg.9xZ2WgBE-6I9xjaSvbBY3f,comment,eNYndWedZsE,UgwBNRWdTP3wm3cz8j54AaABAg,True,@zacksmith5963,"Did it burn ? 
Show proof . Waiting",1,True
UgwBNRWdTP3wm3cz8j54AaABAg.9xZ2WgBE-6I9yx0gdlD_Xp,comment,eNYndWedZsE,UgwBNRWdTP3wm3cz8j54AaABAg,True,@jeremytine,or it gets backdoored,0,True
UgwBNRWdTP3wm3cz8j54AaABAg.9xZ2WgBE-6I9yxFpYxokXG,comment,eNYndWedZsE,UgwBNRWdTP3wm3cz8j54AaABAg,True,@zacksmith5963,@jeremytine source ? Proof ?,1,True
UgwBNRWdTP3wm3cz8j54AaABAg.9xZ2WgBE-6I9yxkZ-4VaLV,comment,eNYndWedZsE,UgwBNRWdTP3wm3cz8j54AaABAg,True,@jeremytine,@zacksmith5963 wit? Less? You?,0,True
UgxLRrVaUSGA8rtEDwh4AaABAg,comment,eNYndWedZsE,,False,@MiguelSilvaX,"You ass be old school, too, tree, see? 🤣🤪 BTW did you know some USB-C chargers can deliver up to 240W of power? the old school USB-A was just 5W, you almost could charge a car over a USB-C plug :P",0,True
UgyfunP7I-RaQtDUcdJ4AaABAg,comment,eNYndWedZsE,,False,@isaak4416,"Seeing Robert after all these years... 
Scrapheap Challenge vibes, immediately! But this car is not scrap, is it? I already done my research on it but that additional info about battery safety was quite interesting and reassuring. Particularly the side crash test part. Can't wait for my BYD Seal Premium to arrive here in Oz. Cheers",9,True
UgyUE_L3hJY9f5w_Z294AaABAg,comment,eNYndWedZsE,,False,@davidsworld5837,"if a car is high cost than a tesla  why bother really.   you would just buy a tesla.   
even if the car looks good and has some nice toys.    the atto cost from 36k new from Arnold clark.
the other factor is insurance ranking.  so how much you will have to pay a year.
with tesla being like 50  there is lots of room to get a car that will have lower insurance costs.
we always seem to miss in reviews insurance  and replacement parts costs which are important if you get one.",0,True
Ugzc8PGP_EOyDYjFY4p4AaABAg,comment,eNYndWedZsE,,False,@j.k7679,Does it has a sentry mode?,0,True
UgyVz_kyO-SItRDzQaN4AaABAg,comment,eNYndWedZsE,,False,@ravingmad765,That's a tiny bit for such a large car.,0,True
UgzKABkQ1lhiRM6mSNt4AaABAg,comment,eNYndWedZsE,,False,@dawg_gee_man,"How is this show so professionally produced, blows my mind",53,True
UgzKABkQ1lhiRM6mSNt4AaABAg.9xYlLZn1oL_A4ApJjt3yA4,comment,eNYndWedZsE,UgzKABkQ1lhiRM6mSNt4AaABAg,True,@村上りんね,indeed,0,True
UgwoWvv7LEFN0ShaBc94AaABAg,comment,eNYndWedZsE,,False,@stevegoodier1241,"Nice motor and as always a well delivered review..
That ""thing"" that pushes you forward at 09:50 ....How do you spell  it 🤣

Regards  Steve",0,True
Ugy6IH5ze2uZCpzJVNl4AaABAg,comment,eNYndWedZsE,,False,@miguelg1716,"Don't enjoy leaving bad reviews, but this was subpar for the genre. Had to google plenty of information afterwards and the cringe level was through the roof...",0,True
Ugzgt4ajj-eGEhNMb5B4AaABAg,comment,eNYndWedZsE,,False,@Ρολοί_Χρόνων,A seal stationwagon would be nice,1,True
UgxHLNIw7TmgpkSZ2nB4AaABAg,comment,eNYndWedZsE,,False,@Ρολοί_Χρόνων,Atto 3 is a possible next car for me,0,True
UgzqT0ruVjYqpNo-T8F4AaABAg,comment,eNYndWedZsE,,False,@scdi12,Good at copying Tesla. But Tesla can't fight fossil fuels on their own. Nice car. Thx for sharing.,0,True
UgzhWYlv0_14HfN2aJV4AaABAg,comment,eNYndWedZsE,,False,@evmotorsports,"I waited for the San Diego Fully Charged show  , to check out all the vehicles , in october and it never came ! What happened ? No San Diego convention center or del mar fairgrounds .",0,True
Ugxz6RQN6eXNCkI_oI14AaABAg,comment,eNYndWedZsE,,False,@Sneedles,Poor show not discussing pricing and competition pricing.,0,True
Ugwx2v_eXccFmAVaO6Z4AaABAg,comment,eNYndWedZsE,,False,@MietoK,Can I remove that huge ass display?,0,True
Ugxq1VVKs2PWgSpTzYZ4AaABAg,comment,eNYndWedZsE,,False,@burakozc3079,"Impressive car, impressive review. 👍🏿",2,True
Ugyw89WHNE5dLOi75ch4AaABAg,comment,eNYndWedZsE,,False,@dirkvanderven8452,selling out to the chinese !? every time you make a buy you lose a bit of freedom,1,True
Ugx12ReldzjnutmH_YN4AaABAg,comment,eNYndWedZsE,,False,@69Dobby,"Still too bloody expensive ! What ever there bloody called, ok for a famous tv personality.",0,True
UgyVk-vXbe_TLkX0m1V4AaABAg,comment,eNYndWedZsE,,False,@ViewOfTheWorld2020s,BYD EV battery market share is very big as well.  BYD Electric Buses are also sold to many places.,16,True
UgyVk-vXbe_TLkX0m1V4AaABAg.9xYSZFaKsKU9x_4vThK_fs,comment,eNYndWedZsE,UgyVk-vXbe_TLkX0m1V4AaABAg,True,@tooltalk,">> BYD EV battery market share is very big as well. <<
Over 95+% of BYD EVs are sold in China where no foreign battery competitors are allowe to compete to protect CATL/BYD.",1,True
UgyVk-vXbe_TLkX0m1V4AaABAg.9xYSZFaKsKUA0N76h_fJyz,comment,eNYndWedZsE,UgyVk-vXbe_TLkX0m1V4AaABAg,True,@T3k_kkk,​@tooltalk别开玩笑了，中国政府对电动车企业一视同仁，不论中外，前几年电动车补贴还在的时候，对特斯拉等外来品牌也有补贴，反而是北美市场禁止中国电动车进入😂,0,True
UgzqgERTRw6WkIwHR8F4AaABAg,comment,eNYndWedZsE,,False,@ViewOfTheWorld2020s,BYD is a respectable company.,1,True
Ugxhx7UecR9eYja65ZJ4AaABAg,comment,eNYndWedZsE,,False,@Nancoman,I'm amazed at how much I don't care.,0,True
UgywRDAZN1dElPSvM8R4AaABAg,comment,eNYndWedZsE,,False,@kungfooslap2983,Keep China out untill they play by the “rules” we do…yer we all bend them greatly but China having any more dominance is bad.,1,True
UgwHJ7YgBpHNR-gzalZ4AaABAg,comment,eNYndWedZsE,,False,@rakido7388,"Remind me again *why* you're not allowed to use phones while driving. Distractions, clicking on screens instead of focusing on the road? 
So why is it OK for EV's to have their controls reduced to a huge screen?  I am happy to own an EV, but only with real physical controls.
 It's not 'futuristic', it's something stuck in for marketing purposes, by people who don't have to drive their own cars. Or live in a country where it doesn't matter.",0,True
UgxZu6NPHb0ahITJENd4AaABAg,comment,eNYndWedZsE,,False,@pritambissonauth2181,It's a pity DYSON could not achieve what BYD has done in the EV world . . .,0,True
UgygLKJCFoPK1jMbG7t4AaABAg,comment,eNYndWedZsE,,False,@Rad_Radster_Experience,"And how safe are these cars when it comes to collecting one's data? Call me paranoid but we all know that every company in China is under CCP control. And when CCP wants data these companies are obligated to turnover said collected info. Just like China banned ownedhip of Teslas in their own country spite of making them there in fear of the ability to record and gather info it is seen as a national threat to China to own one. So to bring a car into democratic countries without exploring these dangers well, can be very dangerous.",1,True
UgygLKJCFoPK1jMbG7t4AaABAg.9xYMkuQgMaT9x_5K9LOrRf,comment,eNYndWedZsE,UgygLKJCFoPK1jMbG7t4AaABAg,True,@tooltalk,"but, but, but...  it's dirt cheap!",1,True
UgxoRL2lrbIAKFkdjn14AaABAg,comment,eNYndWedZsE,,False,@andimcgaw,"Ppl need to move on from Teslas, they ain't all that now. Many car companies are better.",2,True
UgxoRL2lrbIAKFkdjn14AaABAg.9xYMA8hSG77A5DtvyPud4I,comment,eNYndWedZsE,UgxoRL2lrbIAKFkdjn14AaABAg,True,@NazriB,Lies again? Carling Cup Class Chairman,0,True
UgyDzhCQLoTHZBuPaql4AaABAg,comment,eNYndWedZsE,,False,@Raptordavy,Sorry but some BS in the explaination,0,True
UgyySnMcTBu_xUPGKRx4AaABAg,comment,eNYndWedZsE,,False,@blackvulcan100,How much was that one ?,0,True
Ugx5CTD5mHDlDiVsfAB4AaABAg,comment,eNYndWedZsE,,False,@petertraveller6421,"Can be nice EV, just I am not happy with the price, also charging I expect to be good like few Aion cars charge 480 kw speeds.",0,True
UgxftORoV07ELTTgmEx4AaABAg,comment,eNYndWedZsE,,False,@blackvulcan100,Better looking than the Tesla.,1,True
UgwQtRS5h6RkL2Gr9a54AaABAg,comment,eNYndWedZsE,,False,@letstalkpro,"The number of times this guy mentions Tesla, 623.",0,True
UgwsOfSrJp4XiSYJzIt4AaABAg,comment,eNYndWedZsE,,False,@Nathan-tn4qi,"This car is really nothing in China, many better options",0,True
Ugyn0uO_yQZj59dSXol4AaABAg,comment,eNYndWedZsE,,False,@Mryan_9110,i like the content,0,True
UgyqmQlSU5lvyQ4tiCx4AaABAg,comment,eNYndWedZsE,,False,@zalacainbilbao,Should we be buying so much stuff from a fascist dictatorship?,1,True
UgzKU3jSbs2c07RGRRN4AaABAg,comment,eNYndWedZsE,,False,@ADudesRotary,As I'm touring USA in snow conditions at the moment I would be interested to see how these cars drive in the snow.  I am assuming people living regularly with this type of weather would be purchasing AWD.,0,True
Ugy-zqZPbEenVXdh4_J4AaABAg,comment,eNYndWedZsE,,False,@michae1601,The end justifies the mean,0,True
Ugwl1Y-3SfAEF4zmOtl4AaABAg,comment,eNYndWedZsE,,False,@stalag14,Unsafe vehicles. Fire fire fire.,0,True
Ugx11L89aojUpnqqBHR4AaABAg,comment,eNYndWedZsE,,False,@rennyyegon3040,tesla and BYD should do a collabo,0,True
UgzcdWxCXA-z01Y7Jmt4AaABAg,comment,eNYndWedZsE,,False,@tyroneshoelace4872,"Ugly, uninspiring vehicle. Battery will be obsolete in a couple of years. Seriously, why would anyone purchase one? Perhaps if your current car blows up and you desperately need an ""in town"" only vehicle, and, you have money to waste, then this car might be for you.",0,True
UgwcLWxOzhzA4UUHzyJ4AaABAg,comment,eNYndWedZsE,,False,@AL-kc4kg,The ultimate level of copy and paste then make it better,0,True
UgzUzgSb4ci7AdwArv54AaABAg,comment,eNYndWedZsE,,False,@andresmattos7541,With stolen technology from korea.,0,True
UgzUzgSb4ci7AdwArv54AaABAg.9xY382KiAOK9xYhzo7a5Im,comment,eNYndWedZsE,UgzUzgSb4ci7AdwArv54AaABAg,True,@tooltalk,That's CATL.,0,True
UgzUzgSb4ci7AdwArv54AaABAg.9xY382KiAOK9yyZLxVvn6L,comment,eNYndWedZsE,UgzUzgSb4ci7AdwArv54AaABAg,True,@jacksmith-mu3ee,"Source ? Proof ? 

1 month old comment ..

So where is your proof",0,True
Ugy8I3Hl3zFf-pjl02N4AaABAg,comment,eNYndWedZsE,,False,@arunbanotra2932,You seriously think Chinese cars are better than Japanese cars ?? Dont go on luks these cars came with poor quality the materials are very poor,0,True
Ugy8I3Hl3zFf-pjl02N4AaABAg.9xY2J1S5Xm29yq4aR5WkDB,comment,eNYndWedZsE,Ugy8I3Hl3zFf-pjl02N4AaABAg,True,@rogercarroll6181,what an unbelieveably  poor oversimplified analysis,0,True
Ugy0cP2qbwh9GmmKLGN4AaABAg,comment,eNYndWedZsE,,False,@EVSpeed,And don't forget Honda! This is direct competitor to the Honda civic! Bye bye jappppsss. I can literally see the difference on the road in Thailand. Loads of new seals! Before next month's motorshow already! I can't wait to go to the motorshow and see the difference of interest from the variety of companies. I'm sure byd will be full while Honda and Toyota will be empty. It happened last year. During my visit I saw Mazda. They had literally 2 customers while the rest was busy with ev stuff.....hahahaha,0,True
UgzPCHWNAYRTUDkJBtl4AaABAg,comment,eNYndWedZsE,,False,@Parvikinji,"Been working in EV development for almost a decade, I have to say this is a milestone for Chinese car industry. After I test drove the car 3 times already, I think the platform has A LOT of potential. The performance and overall quality are good but these’s some questionable design/engineering choice made and a lot of “influences” from Porsche and Renault which is such a shame.",9,True
UgzPCHWNAYRTUDkJBtl4AaABAg.9xY-YcNjRn39xkPnF4j4b_,comment,eNYndWedZsE,UgzPCHWNAYRTUDkJBtl4AaABAg,True,@sunnydaysddt2068,BYD hired some European designers,2,True
UgzPCHWNAYRTUDkJBtl4AaABAg.9xY-YcNjRn39xl7wJuycmN,comment,eNYndWedZsE,UgzPCHWNAYRTUDkJBtl4AaABAg,True,@Parvikinji,"@sunnydaysddt2068 It does. But looking at the car development timeframe, I don’t think they can do much when they arrived. BYD just ruins their names only for marketing purposes. What’s interesting is their cars that’s coming out in the next few years. They should be so much better than this.",0,True
UgxBISMPTwMxnzwLzkJ4AaABAg,comment,eNYndWedZsE,,False,@gregmijjares3725,"If it was made in China , I say watch out ! 😮😊😊😊",1,True
Ugxpc6fL4fkU-HeEpqR4AaABAg,comment,eNYndWedZsE,,False,@Urufu-san,It’s enough when it’s a Tesla Killer in terms of build quality,0,True
Ugxpc6fL4fkU-HeEpqR4AaABAg.9xY-CK6FlJZ9xYi6gbgBZU,comment,eNYndWedZsE,Ugxpc6fL4fkU-HeEpqR4AaABAg,True,@tooltalk,You've set such a low bar.,0,True
Ugxpc6fL4fkU-HeEpqR4AaABAg.9xY-CK6FlJZ9xYitaeu6qn,comment,eNYndWedZsE,Ugxpc6fL4fkU-HeEpqR4AaABAg,True,@Urufu-san,"@tooltalk Not really, in the annual German defects stats the Tesla 3 is THE WORST car in terms of reliability, even worse than a Dacia from Romania",0,True
Ugxpc6fL4fkU-HeEpqR4AaABAg.9xY-CK6FlJZ9xYkIBSSRZK,comment,eNYndWedZsE,Ugxpc6fL4fkU-HeEpqR4AaABAg,True,@tooltalk,"@Urufu-san : >> even worse than a Dacia from Romania  <<
I thought Tesla ranked the last out of 111 cars inspected in 2023 TÜV.",0,True
Ugxpc6fL4fkU-HeEpqR4AaABAg.9xY-CK6FlJZ9xYxOypbeQd,comment,eNYndWedZsE,Ugxpc6fL4fkU-HeEpqR4AaABAg,True,@Urufu-san,@tooltalk Thats what I wrote,0,True
UgxO20Y3ue_HNeXuFrZ4AaABAg,comment,eNYndWedZsE,,False,@DonnyDonnMendoza,"I love this car as it works quite well and is very comfortable. I was driven in one the other day it was great, once I was in the car. I'm a (sarcastically) gigantic 5'10 (177 cm) so I'm not that tall but found it quite difficult to get in the back seat because of how low the roofline is on the rear door. Once in the car though it was great and genuinely as smooth and comfortable as described by good ol' Bobby here. Fix the entry into the rear passenger seats and BYD would be selling these in droves to the high-end rideshare and limousine/hire car/town car crowd too!",17,True
UgwqT72yFIUqAbSyqPl4AaABAg,comment,eNYndWedZsE,,False,@BlackRose-vi2yg,"Looks quality. Nice to see some new faces in the car market. I know here in Europe they are worried about this competition. But, tough I say 🤘",11,True
UgwqT72yFIUqAbSyqPl4AaABAg.9xXxamWoa1D9xYaUM9ZffN,comment,eNYndWedZsE,UgwqT72yFIUqAbSyqPl4AaABAg,True,@danielkierannevin9081,Exactly. Competition can only ever be good for the consumer surely...,1,True
UgzogRK18AhmfYdiYLZ4AaABAg,comment,eNYndWedZsE,,False,@R58-n8n,"BYD = Buy Your Death
Tofu buildings, Tofu bridges, Tofu cars.
Made in China.
No, thank you.",1,True
UgxaJV8DvzBP3YT7Grl4AaABAg,comment,eNYndWedZsE,,False,@biachboy,"I need a station wagon, please make a Seal station wagon. 😊",0,True
Ugz0j7TfqmHIyKXBEAN4AaABAg,comment,eNYndWedZsE,,False,@mlachaise,I wish the rear lights didn't remind me of a Dodge Dart's.,1,True
Ugywz0S7zLNoOmb4Gel4AaABAg,comment,eNYndWedZsE,,False,@gordonmynard855,What? Nothing but battery and range. No quoted KW which wheels driven??,0,True
UgyxxEHHZOeF-ZskIEl4AaABAg,comment,eNYndWedZsE,,False,@darkwowpg,BYD cars burn really well.,0,True
UgzOF_OyxVgdyDAhAEF4AaABAg,comment,eNYndWedZsE,,False,@gjs321,"Yeah, Chinese cars made with coal-fired energy and then transported halfway round the world on a deisel fueled ship. Great for the environment.....",2,True
UgzOF_OyxVgdyDAhAEF4AaABAg.9xXtW8Fy7aF9x_5fRLzUjW,comment,eNYndWedZsE,UgzOF_OyxVgdyDAhAEF4AaABAg,True,@tooltalk,"Yep, and all those EV evangelists and environmental activists are all too happy to turn a blind eye.",0,True
UgzOF_OyxVgdyDAhAEF4AaABAg.9xXtW8Fy7aF9yWtiIlHsWZ,comment,eNYndWedZsE,UgzOF_OyxVgdyDAhAEF4AaABAg,True,@G80GG82MUA,Talking like petrol/diesel car doesn’t consume any coal-fired energy and diesel transportation… Nice little shell that you are living in there…,0,True
Ugym4UWe1COafqZQ2V14AaABAg,comment,eNYndWedZsE,,False,@derbigpr500,"This is nowhere near the best one they make either, in fact I'd say it's the worst small EV sedan they currently make in China out of like 10+ new models that came out this year. BYD is like a budget brand in China, like a Skoda in Europe for example. It's a mediocre brand and that's why they allow it to sell in Europe. 

The really good Chinese cars won't make it to Europe because it won't be allowed, they'd ruin our industry, or the EU will slam such taxes on them it will be financially impossible to buy them. Look up  cars like the Nio ET5, Xpeng P7 (co-developed with Porsche), Geely Galaxy L6, IM LS6 (800hp for 40k dollars), IM L7 sedan, which had the chassis co-developed by the Williams F1 team. Or the Roewe F7,  Aion Hyper GT, QiYuan A07, MG7, BYD HAN, Avatr 12, etc.  I mean, these are just new sedans released in the last couple of months. ONLY SEDANS. Didn't mention any other type, and they're all some of the best looking sedans you'll ever see, and better looking than anything any western established manufacturer is doing right now. China is making so many new cars it's mindblowing. Their car industry is booming in a way that no car industry in the world has ever done. We won't buy Chinese cars because they're cheap, we'll WANT to buy them because they'll be desirable because of their design, quality, performance, etc. That's just the reality the west has not woken up to yet. We've been overtaken, and we're already so far behind we couldn't even catch up if we tried, let alone if we're not aware that we're behind and live in a delusion that China is still making cheap knock-off cars. They're not. They're leading the way in tech and in design. They make the US car industry in the 50's and 60's look static in comparison, and that was a time when it felt like a new car model came out every week.",1,True
UgwMu9q-kCiGB30BHTt4AaABAg,comment,eNYndWedZsE,,False,@ashherron2211,"Another ripoff !!
Stolen technology 
Stolen intellectual property rights !!!",0,True
UgwMu9q-kCiGB30BHTt4AaABAg.9xXqqeQRJMy9yyZP2U2wjO,comment,eNYndWedZsE,UgwMu9q-kCiGB30BHTt4AaABAg,True,@jacksmith-mu3ee,"Source ??? 

Which part is stolen? 

Site proof .. 😂😂😂",0,True
UgwfryVKhuQ31a005y94AaABAg,comment,eNYndWedZsE,,False,@after_midnight9592,"Awesome, maybe for the first time in history, Europe can copy something from China, lol.",0,True
UgwP62OIKxKJCWF0ta54AaABAg,comment,eNYndWedZsE,,False,@t-44444,"It'll be perfect when it has a 500 mile range, can be recharged at any garage fourcourt in 5 minutes, doesn't carry a massive weight penalty or become highly dangerous when it inevitably goes on fire like all other Chinese EV rubbish. Oh, and when insurance prices come down to the price of a regular car. Till then, you got to be kidding. Who pays you for this tripe?",0,True
UgyHMqXxZNL2hIlttEJ4AaABAg,comment,eNYndWedZsE,,False,@jeremyradford5103,"Sad to see so many dumb anti-China comments here, mostly based on nothing more than hearsay and YouTube videos.
More than 2 million BYD BEVs and PHEVs sold this year in the first 9 months. Their BEV sales are second only to Tesla. 
BYD are also the world’s second largest lithium-ion battery manufacturer after CATL. Their 'blade' lfp battery is being widely used and charges quickly with a nice flat charging curve. It is also safer and longer lasting than NMC or NCA batteries, boasting up to 3,000 charge/discharge cycles.",2,True
UgxdRpCPZXixUJwBcSd4AaABAg,comment,eNYndWedZsE,,False,@gibbethoskins,Decent car but the brand name is kind of laughable,0,True
UgwjaVNZR9waHPbGB9F4AaABAg,comment,eNYndWedZsE,,False,@PMC-wargenar,"Compared with Tesla, BYD's biggest advantage is the chassis. If Tesla's chassis is like a tortured wooden chair, then BYD's chassis is comfortable like a bed, which makes you immersed in a comfortable driving feeling.",39,True
UgwGXmlSA662Gt6RCMl4AaABAg,comment,eNYndWedZsE,,False,@aerotus888,Still a hunk of junk.,0,True
UgwGXmlSA662Gt6RCMl4AaABAg.9xXiSkEgJzh9yyZQobiXPS,comment,eNYndWedZsE,UgwGXmlSA662Gt6RCMl4AaABAg,True,@jacksmith-mu3ee,Source ??? Proof ???,0,True
UgwT1tlUtdbUgO6Xuzd4AaABAg,comment,eNYndWedZsE,,False,@andrewmadeup7375,It would be great if the people reviewing the cars were automotive engineers who new what they are talking about and how things like heat pumps work.,1,True
UgwT1tlUtdbUgO6Xuzd4AaABAg.9xXese-K7Xy9xeCW2w30ji,comment,eNYndWedZsE,UgwT1tlUtdbUgO6Xuzd4AaABAg,True,@ralphzoombeenie2330,"Check out Sandy Munro, one of the best engineers for autos",0,True
UgwED5ss-pIrfIsBytJ4AaABAg,comment,eNYndWedZsE,,False,@fabian_99,chinese cars are a facade and not what they seem like,1,True
Ugxd00cJfGnPFi-cJad4AaABAg,comment,eNYndWedZsE,,False,@Itssoconfusing,Byd are struggling to stay afloat !!,1,True
UgxJwhv5F43vGtTIdpJ4AaABAg,comment,eNYndWedZsE,,False,@jr800w,"A lot of people tend to associate chinese tech as tech copied from western countries.  To some extent I agree however many of these people choose to be ignorant of the history of China’s contribution to new technology.  How many people here even know for example it was a Chinese MIT engineer who helped Boeing with their first commercial plane?  How many people here realise it was a Chinese MIT researcher who helped America advanced their rocket and missile technology even before China knew how to build any of that.  However the American government isolated the scientist for 5 long years because they thought he was a spy due to the rise of Chinese communism and was later deported.  After that he helped China with their space and missile program!!!!   And then America and everyone turns around and say they stole the technology???  I mean hello!!!!! America hello!!!!! He could have made an American citizen until their yellow peril mentality decided he was a threat.  Face palm.  America has some great tech today no thanks to former Chinese MIT graduates, but hey they will keep pushing the narrative on society that they like to copy while pretending America doesn’t copy technology themselves.",1,True
Ugw3qMtfWyT3RNR0JPh4AaABAg,comment,eNYndWedZsE,,False,@Anterwaare306,"You know, for the continent that was concerned with the energy transition the most, European car companies did next to nothing to prepare for the switch. I mean, there were binding commitments set by EU, and yet everyone's woefully unprepared. Complacency? Greed? Laziness?",1,True
UgxBRdFWXm19EVfmhlh4AaABAg,comment,eNYndWedZsE,,False,@harrismedwell2386,Does the screen touch your knee when it rotates?,0,True
UgyBbpQvLBG5cFxf5QF4AaABAg,comment,eNYndWedZsE,,False,@michaelschuenemann3505,They are Lithium DeathhTraps!!!!,1,True
UgwcnOQl3cNXfJzs8Ap4AaABAg,comment,eNYndWedZsE,,False,@bigaldo246,How much were you paid to make this advert? And did a fire engine with battery suppression foam follow you?,1,True
UgzdU_KBhBkJLFhSgKJ4AaABAg,comment,eNYndWedZsE,,False,@stevejones3868,Environmental Sustainability - A $26 Trillion industry. These idiots buying these earth destroying cars are a big part of the problem.,1,True
Ugxouq3q-Mv-fQB9av14AaABAg,comment,eNYndWedZsE,,False,@makob3279,"No one denies Chinese technological advancement, but why they always have to mimic design of other cars? Do they have such a poor designers that cannot come up with the innovative project? Or it’s only me seeing Tesla called BYD? Same by the way, applies to other Chinese car manufacturers they just copy well established brands and designs.",1,True
UgwD8JpdJgV7YwPPCpl4AaABAg,comment,eNYndWedZsE,,False,@jayb0nd007,Usb 3 😅😅😅😅,0,True
UgxPTYvGt6Hp-n17NVl4AaABAg,comment,eNYndWedZsE,,False,@Peizxcv,I am vacationing in Thailand where Seal is on sale and it seems quite good with many wealth Thai living in fancy highrise that have charger in the parking lot,3,True
UgxtKv5c548cv6-HcbF4AaABAg,comment,eNYndWedZsE,,False,@BobSmith-ew5oi,No such creature from China.Hopefully they get the brakes or airbags  to work as has failed before.,1,True
UgytqmFwwHwKRZuU0F14AaABAg,comment,eNYndWedZsE,,False,@Floigenkaspar,Didn't expect to watch a 16 minute ad.,1,True
Ugz0oSOYWhWXblGbva14AaABAg,comment,eNYndWedZsE,,False,@bavarianaviationvideonews5870,and thats how to get dependent from chinese ****** products,2,True
UgzcxP1rmmZewKMYATl4AaABAg,comment,eNYndWedZsE,,False,@davidjones9315,"Nice hair
Do you polish it daily",1,True
UgxsR2BOsufEFFoLeeB4AaABAg,comment,eNYndWedZsE,,False,@tobiwan001,Tesla has been losing ground technologically for a long time. I drove the model 3 and it is crap. Also in the European statistics the model 3 is listed as the most unreliable car in the whole market. Not just EVs. This car is definitely better than the Model 3. but so are many others. The VW ID.7 is also much better.,2,True
UgxbS1JNeg-CIayTcIh4AaABAg,comment,eNYndWedZsE,,False,@nicktham1244,I am impressed with my BYD Dolphin in Australia. Unbelievable value and driving experience.,1,True
UgzKqPa-9s4vvnCZ7_x4AaABAg,comment,eNYndWedZsE,,False,@MrMisanthrope84,Please could you do a special on Electric infrastructure? Explain in as few words as possible why everyone should be buying EVs as soon as possible? It would be a widely shared video. Love the vids.,1,True
UgyGRHjzxknvcV8q1Vt4AaABAg,comment,eNYndWedZsE,,False,@vijgai3,"I am placing an order for the Seal Premium soon in Sydney, Australia. The revamped Tesla M3 didn't have enough to win me over.",1,True
Ugy7-ste-XhwSrvY-nB4AaABAg,comment,eNYndWedZsE,,False,@AL-ei2gc,When will this car come to USA?,0,True
UgwoZoh3H8Eqb4pZJm54AaABAg,comment,eNYndWedZsE,,False,@Zeek764,I was driven around in a BYD large saloon I think the Tang line. It was such a smooth ride and so much space in the back felt like a limo. Anxiously waiting for more details of the Seal SUV and wondering how it measures up against the Model Y. The interior of the BYD and Tesla are worlds apart in quality and feel. So I can’t wait for the BYD Sealion 07 SUV to appear…!,1,True
UgxhOW2cFsuRUQ9qCYt4AaABAg,comment,eNYndWedZsE,,False,@theanezio8922,What's funny is that this car is regarded last gen in China becasue newer cars in it's price range are now getting 860km cltc range and higer topspeed and faster acceleration😂,0,True
UgxBLKKsXpalpCT7ZYt4AaABAg,comment,eNYndWedZsE,,False,@JJMentz,Robert you really are pathetic at reviewing cars. Yet. I love your reviews.,0,True
UgySouDn4b2OcmecXWd4AaABAg,comment,eNYndWedZsE,,False,@NeilBlanchard,"I am bummed that it isn't a hatch/liftback. Like a Model S, or the ID.7.",0,True
UgzUIxGtzsQKbKRoDJV4AaABAg,comment,eNYndWedZsE,,False,@jaseastroboy9240,Nice car but it is disappointing that car manufacturers will produce a new car and not spend a few extra dollars to have the indicator and windscreen wiper controls on the correct sides of the steering wheel for the region where it is released. Probably more troubling is that people accept it. Becoming that person on the road that indicates that they are changing lanes by turning their windscreen wipers on at high speed on a dry day.,0,True
UgzUIxGtzsQKbKRoDJV4AaABAg.9xX-Kya2-Kd9xYavnBlOa_,comment,eNYndWedZsE,UgzUIxGtzsQKbKRoDJV4AaABAg,True,@danielkierannevin9081,"I test drove a few weeks back, and genuinely, got used to the indicator stalk being on the right-hand side of the wheel in about 5 to 10 mins. For me, easier transition than say what Tesla are offering with their new system. Each to their own.",1,True
UgzUIxGtzsQKbKRoDJV4AaABAg.9xX-Kya2-Kd9xZCLHXQZYy,comment,eNYndWedZsE,UgzUIxGtzsQKbKRoDJV4AaABAg,True,@jaseastroboy9240,"@danielkierannevin9081 It is the habit of a lifetime that they are making you relearn just to save a few dollars. A cost which is tiny compared to the products overall cost. Maybe some people can easily change a decades long habit but from what I see driving around there are a large number of people that struggle to achieve this. As I mentioned, seeing somebody change lanes with no indicator but with their window wipers running full speed on a dry day is not an uncommon sight. Likewise people turning corners, indicating with their wipers rather than their indicators. Considering the cost of the vehicle the penny pinching on something which is a safety item is just, well, disappointing. 
I only mentioned this as even in this video we saw Bobby struggle to use the correct controls.",0,True
UgzUIxGtzsQKbKRoDJV4AaABAg.9xX-Kya2-Kd9xZDkr-8c-z,comment,eNYndWedZsE,UgzUIxGtzsQKbKRoDJV4AaABAg,True,@danielkierannevin9081,"To be honest I don't disagree with your viewpoint. I'm just stating my own personal experience with the vehicle. I don't know how much financial burden it would've cost the company to switch the stalks to the UK/Ireland side, but it could've been fairly appreciable. As stated though,.regardless of stalks, I'm excited to get mine in Jan, especially to test out that 3.8 sec 0 to 60 😉",0,True
Ugxt3V8wK9rvaKiz4wN4AaABAg,comment,eNYndWedZsE,,False,@gggfff685,China is still miles away from Western tech. And also extremely unsafe.,0,True
Ugxt3V8wK9rvaKiz4wN4AaABAg.9xWxw6sX9-w9xXJsPLMZk1,comment,eNYndWedZsE,Ugxt3V8wK9rvaKiz4wN4AaABAg,True,@Zeek764,Same standard safety features plus as the reviewer mentioned next gen Blade Battery is the safest so far. Plus eyes of the road HUD which many mid priced cars will never have.,0,True
UgwBGPkfoIVrJNei9J14AaABAg,comment,eNYndWedZsE,,False,@赵铁锤-z2g,"I’ve had the opportunity to test drive the Seal, and it is truly fantastic. Fit and finish is impeccable, performance is top notch and the range is amazing. An easy 9,5/10 car, truly almost perfect.",9,True
UgwBGPkfoIVrJNei9J14AaABAg.9xWwR_VC1R89xfdZQ-mQpL,comment,eNYndWedZsE,UgwBGPkfoIVrJNei9J14AaABAg,True,@Jeroenneman,Now deduct 5 points for supporting the CCP.,0,True
UgwBGPkfoIVrJNei9J14AaABAg.9xWwR_VC1R89yPjg2Jin9i,comment,eNYndWedZsE,UgwBGPkfoIVrJNei9J14AaABAg,True,@notagain2856,@Jeroenneman why australia still trade with communist china if moral high ground is so important?,0,True
UgzgjIHthnYf2NnIqFp4AaABAg,comment,eNYndWedZsE,,False,@Serengeti777,Super Bad Reliability issues in China! It’s looks Great BUT POORLY BUILT! I test drove one and it drove as good as a TESLA model 3,0,True
UgznZAZZhRUUACsM_0B4AaABAg,comment,eNYndWedZsE,,False,@bm4751,"Amazing this show so hyper hype, you need some balance, bring on John Cadogan, for a dose of reality.",0,True
Ugz7dSXtG0-n2HQFAtp4AaABAg,comment,eNYndWedZsE,,False,@ThavaMaths,They are good at copying Tesla.,0,True
Ugzd7rYtoAsA1r2e9Ql4AaABAg,comment,eNYndWedZsE,,False,@ElectricCarAustralia,"BYD are taking the EV world by storm in most countries. Down under the Atto 3 has eclipsed MG who launched the ZS EV 3 years ago. The number of Atto's on the road is amazing in such a short timeframe and expecting the Dolphin and Seal to be similar.

Keep the episodes coming FC Team and looking forward to catching up at Everything Electric Australia in Feb 2024. 👋",35,True
Ugx5_jtD2Opzl66UmXZ4AaABAg,comment,eNYndWedZsE,,False,@stvybaby,Also make the blue white high volume covid masks.,0,True
UgzP1h05t8e1MdqNKNZ4AaABAg,comment,eNYndWedZsE,,False,@JKLsemASDF,Drive it for a year and let’s see how janky the software is then and how much the cheap parts and cheap inefficient battery holds up,0,True
UgxL0qTarKX7MhGqgT14AaABAg,comment,eNYndWedZsE,,False,@sparkyUK,Couldn't trust a chinese car after what happened with the UK Government cars.,0,True
Ugw9TK_puR2TrhbezZV4AaABAg,comment,eNYndWedZsE,,False,@pasekandfriends,Is there any information on whether forced labor is part of the production process?,0,True
Ugw9TK_puR2TrhbezZV4AaABAg.9xWPYtY5sUD9xgn3bst7nj,comment,eNYndWedZsE,Ugw9TK_puR2TrhbezZV4AaABAg,True,@fullychargedshow,"That's a very important question, it also applies to the device you used to post that question, and even if some of that device was made outside China, sadly many components within it will have been made there. Not only that the cabling, routers repeaters, servers and 90% of associated technology will have been made in China.
Where people up in arms about slave labour when a new Android of iPhone was launched?
Do people wonder if their T shirts, socks, pants, coats, hats, gloves, TV's cookers, kitchen equipment, domestic lighting  . . . the list goes on and on and on.
All made in China.
But of no. Just focus on the cars. 
I wonder who might be encouraging us to be anxious about electric cars made in China?
The western press? Maybe, but who informs them.
Western combustion car companies that are 10 to 15 years behind the Chinese?
Maybe, but who might be encouraging them?
The oil industry?
Surely not.",0,True
Ugx_qykTQd4ZaVFZltx4AaABAg,comment,eNYndWedZsE,,False,@randomname931,"compared to my tesla model 3, the  BYD interior oozes quality.  then again, Teslas set a very, very, very low bar.",2,True
Ugx_qykTQd4ZaVFZltx4AaABAg.9xWMw9yJUGP9xWu_fUHsi4,comment,eNYndWedZsE,Ugx_qykTQd4ZaVFZltx4AaABAg,True,@randomname931,"@Anomize23 go ahead and drive one and you'll see.  it's lipstick on a pig.  it's unrefined, corners are cut.  I only bought a tesla because we have no good choices here in the US.  the tesla is the least bad choice, when you factor in incentives and the supercharger network.",2,True
Ugx_qykTQd4ZaVFZltx4AaABAg.9xWMw9yJUGP9xZqaodMghJ,comment,eNYndWedZsE,Ugx_qykTQd4ZaVFZltx4AaABAg,True,@randomname931,"@Anomize23 and in case you weren't aware, the tesla's with the best build quality come out of the shanghai factory.  they're even better than the berlin built Teslas.  and unsurprisingly, the US made teslas are the worst.",2,True
Ugx_qykTQd4ZaVFZltx4AaABAg.9xWMw9yJUGP9yKljUYLK1D,comment,eNYndWedZsE,Ugx_qykTQd4ZaVFZltx4AaABAg,True,@jacksmith-mu3ee,@randomname931 he doesn't know that tesla is made in china lil 😳 🤣,0,True
Ugxd0Nvk333FejJ1oxh4AaABAg,comment,eNYndWedZsE,,False,@MarksElectricLife,"They say plagiarism is the sincerest form of flattery. To compete with Tesla Model 3, BYD has created a near clone. Credit to Tesla for being the benchmark. Credit to BYD for reading the zeitgeist and not making an inferior car just to be different. Many closet Model 3 lovers will buy a Seal just because it’s not a Tesla.",0,True
UgwSpa22CW3DuiiBXDt4AaABAg,comment,eNYndWedZsE,,False,@loosabway3400,"It’s great of course.
‘til you need to insure it or it runs low on juice and you join all the other ****s desperately looking for a charging point that isn’t broken, closed or occupied by someone who just popped into M&S for 3 hours .
Futures so bright, you gotta wear shades.
Bull***t.",0,True
UgwDpuIm9pPi4DCzE9N4AaABAg,comment,eNYndWedZsE,,False,@AssaultedPeanut,"I really like it, that could well be my next EV. Feels surprising to like a Chinese EV, but there you are. Get your finger out VW, Audi and Ford - your lunch is about to be eaten.",0,True
UgzmpWkp7BgwQSDEjPR4AaABAg,comment,eNYndWedZsE,,False,@jellyd4889,"Still can't discern it from any other CN car.  ""chatGPT please design me an electric car"".  Nice looking blandness hello.",0,True
Ugz_yLGHDpvA-lLFKIp4AaABAg,comment,eNYndWedZsE,,False,@jameshobbs,"""... pretty much literally...""
Is that English?",0,True
UgwqtfkA-Iwu5buW-wt4AaABAg,comment,eNYndWedZsE,,False,@lookoutleo,"Wish I could have come to Amsterdam . We in Scottish Highlands are so cutoff. Oh well atleast I can watch your videos :) love your "" dukes of hazard moment "" :)",0,True
Ugyi1S3Epav75RL2lzx4AaABAg,comment,eNYndWedZsE,,False,@Hero007ization,Kudos. It's a serious car !,0,True
Ugx5m8Ikq9F7iOJshrx4AaABAg,comment,eNYndWedZsE,,False,@ge2623,"Chinese cars: Every time you buy one, an hour later you want to buy another one.",1,True
UgzFcWTkf3M9ODD-K7p4AaABAg,comment,eNYndWedZsE,,False,@zaraduku,"Its flaming hot…

Really.

Wait for sodium or silicon, lithium is dangerous for cars.",0,True
Ugyutibe-qMvvzPIidl4AaABAg,comment,eNYndWedZsE,,False,@ivanmalta74,"I think the Japs and the Germans have most to worry about, not Tesla.",1,True
UgyaHkB0HIVnaWHF4Bp4AaABAg,comment,eNYndWedZsE,,False,@alexbigkid,"Chinese companies are in some way connected to Chinese government, meaning they can be forced to add spy devices in the cars. Basically they would have eyes and ears on our streets. So not sure Western governments will make it easy on Chinese car manufacturers to sell us Trojan Horses. That is why HUAWEI is banned from the Western countries. But the same is happening on the other side. Did you see in China signs in some areas: Teslas not allowed?",1,True
UgyaHkB0HIVnaWHF4Bp4AaABAg.9xW-E3k9HtX9xWebiG9g5n,comment,eNYndWedZsE,UgyaHkB0HIVnaWHF4Bp4AaABAg,True,@Peter-vn8ue,So you are worried about the CCP spying on you when you drive a Chinese made vehicle but have no issues with your Chinese manufactured smartphone?,1,True
UgyaHkB0HIVnaWHF4Bp4AaABAg.9xW-E3k9HtX9xYjW2YwCrJ,comment,eNYndWedZsE,UgyaHkB0HIVnaWHF4Bp4AaABAg,True,@tooltalk,"@Peter-vn8ue >> with your Chinese manufactured smartphone  <<
why do you assume that all smartphones are made in China?",0,True
UgyaHkB0HIVnaWHF4Bp4AaABAg.9xW-E3k9HtX9yKlTOoDjH9,comment,eNYndWedZsE,UgyaHkB0HIVnaWHF4Bp4AaABAg,True,@jacksmith-mu3ee,@Anomize23 yes we will . Who are u to stop us ?,0,True
UgyaHkB0HIVnaWHF4Bp4AaABAg.9xW-E3k9HtX9yKlVPR8Xzd,comment,eNYndWedZsE,UgyaHkB0HIVnaWHF4Bp4AaABAg,True,@jacksmith-mu3ee,@tooltalk that's bcz they are . Bot,0,True
Ugww_B5GUn12xft89xR4AaABAg,comment,eNYndWedZsE,,False,@hi4806,🎉🎉🎉beautiful,0,True
UgwDZBXTSQN-e-BUX894AaABAg,comment,eNYndWedZsE,,False,@davidforeman8347,Good to have you on the show again Robert!,2,True
Ugyt0nqF8z0SIhZachR4AaABAg,comment,eNYndWedZsE,,False,@jarthurs,During lockdown I came across a batch of PPE masks branded 'BYD' so they literally can manufacture anything...,0,True
UgwMwwtm2aUwN_46GHt4AaABAg,comment,eNYndWedZsE,,False,@RJordanT,"I just can’t support car manufacturers not putting physical dials for the climate controls. We have an MG EV, a Citroen E-C4 and a Kia soul EV. The latter two have the dials and the first doesn’t. The MG feels SO unsafe when changing the temperature.",1,True
UgwMwwtm2aUwN_46GHt4AaABAg.9xVvN8cqJPL9xW3ZTR4XKK,comment,eNYndWedZsE,UgwMwwtm2aUwN_46GHt4AaABAg,True,@flightlinexp,Why don't you use the voice assistant to change the temperature?,1,True
UgyL1wPXrDdJ57cDqet4AaABAg,comment,eNYndWedZsE,,False,@MadameTutliPutli,TESLA COPY,0,True
UgzOmOjhbq-WbcKkWv94AaABAg,comment,eNYndWedZsE,,False,@erikvinnes,Don't buy chinese branded cars. Don't support the CCP authoritorian regime. Just don't.,0,True
UgzYJIcXsRK4G77iaZx4AaABAg,comment,eNYndWedZsE,,False,@yoyomo777,You drove both the BYD seal and Tesla highland. What were the differences. That’s what future buyers will want to know.,2,True
UgzmYMVGt9w7BzS1WSt4AaABAg,comment,eNYndWedZsE,,False,@Gizzmo112,"IN THE NETHERLAND THERE IS A STOP ON CONNECTING HOUSES TOT THE GRID, THE GRID IS TOO HEAVILY LOADED!! ELECTRIC ONLY IS A NAIEF MAN'S DREAM!!!!!!!!!!!!! BTW ALL THESE CHINESE CARS ARE BUILD WITH COAL ENERGY!!",0,True
UgzmYMVGt9w7BzS1WSt4AaABAg.9xVgqUxAaxg9xWf5jpuS2j,comment,eNYndWedZsE,UgzmYMVGt9w7BzS1WSt4AaABAg,True,@Peter-vn8ue,"So are ice vehicles, so what's your point? The difference between the two is an Ev has no tailpipe and no tailpipe emissions, where your ice vehicle continues to pollute as you start your vehicle and drive or stand idle in traffic.",0,True
UgzmYMVGt9w7BzS1WSt4AaABAg.9xVgqUxAaxg9xWh5R92UdX,comment,eNYndWedZsE,UgzmYMVGt9w7BzS1WSt4AaABAg,True,@Gizzmo112,"@Peter-vn8ue You obviously do not get the point. I know ice cars have tailpipes and are bad when sitting still in traffic. Offcourse.
what is my point? I said it: the grid cant support everyone driving electric! it is already showing in my country, new companies and huises can not be connected to the grid because the grid is too heavely used. There is not enough emphasis on these problems. 90% of electric car fans do not want to look at this problem. And another thing, European and Japanse cars are NOT build on coal power. They have mostly gaspowerplants, which are far less harmfull for the planet.",0,True
UgyYeABsxExj5W_aNG14AaABAg,comment,eNYndWedZsE,,False,@tonyfisk8081,"Glad you put a question mark after that title. The answer to the question depends upon who you are asking. In my case, that answer (as with every EV so far produced) is a resounding No.
What is this obsession with ""sedans""? Remember a few years ago when, hot on the heels of every saloon car release came the estate version? Why were the most popular mid-segment cars (e.g. Mondeo, Insignia...) always available as a hatchback?
Not only that, but for me to afford a mid-sized estate IF IT EXISTED , it would have to be at least 6 or 7 years old!
So, no matter how good the Seal is, it's the perfect wrong car for me. And anyone else with my driving requirements...",0,True
Ugy5wNweKtSwgVjKn5N4AaABAg,comment,eNYndWedZsE,,False,@yggdrasil9039,Love a HUD in a car. This is my problem with the Tesla M3. That and the lack of indicator stalks.,8,True
Ugy5wNweKtSwgVjKn5N4AaABAg.9xVYp1PodAF9xnTx4A3LoY,comment,eNYndWedZsE,Ugy5wNweKtSwgVjKn5N4AaABAg,True,@haveaseatplease,"It is unfortunate that Tesla has stripped so much out of the Model 3. Gone is radar, parking sensors, rain sensor, the front camera that was supposed to be included on the Highland 3 never even made it to production, and now they’ve even removed the exterior thermometer. But the most important the updated Model 3 is reduced to an ergonomic disaster due to the lack of stalks for the wipers, headlights and indicators. The indicators on the steering wheel are just not good enough and the absence of a selector for the driving direction (forward/backward) is just so irritating.",3,True
Ugz27tITohn_dvHsIkZ4AaABAg,comment,eNYndWedZsE,,False,@rayaspo4893,"Joe had been distracted by the newspaper headline as he had drifted around the supermarket during the weekly shop. Over £17,000 for a Tesla replacement battery! It had made him think hard about the real economics of electric cars, ready to explain to Fred how electric cars conceal their costs and why they are inevitably more expensive than petrol or diesel cars. 

Fred: (Beckoning Joe over as he polishes his new car.) Hey Joe, let me tell you about my electric car. It’s so economical to own.

Joe: Is it really?

Fred: Oh yes! Much better than that petrol car of yours. How much is that to run?

Joe: I suppose a full tank is about £70 nowadays. And I do about 500 miles with that. That’s 14p per mile. 

Fred: My electric car’s much cheaper than that. I can charge it at home overnight with electricity at 16p per kilowatt hour. And since I can go four miles for each kWh, that’s only 4p a mile – tons better than your petrol car!

Joe: Gosh that’s really interesting. To be honest I need a new car. My Focus had to have a new petrol tank the other day. It was a pain to get one because they are so rarely needed. Cost me £100 on eBay – plus the labour – £300 altogether. (He pauses. Naughtily he asks.) Do you know how much a new battery costs for your Tesla?

Fred: I’m not sure I do actually. I guess it’s a bit more than that.

Joe: Go on – have a guess!

Fred: I’ve no idea. Do you know?

Joe: Yup. Near enough £18,000.

Fred: What?!

Joe: Exactly. But they won’t tell you that. It’s only when you have problems that you find out.

Fred: They are expensive but they do last the life of the car.

Joe: So do most petrol tanks. It’s only because my Focus is 20 years old. 

(Both stand quietly, obviously thinking.)

Joe: (Breaking the silence) Tell me Fred, how many miles do you expect your fancy Tesla will do over its life? 

Fred: I suppose it will be like any other car – probably around 120,000 miles before it gets scrapped. 

Joe: So, when you think about it, that Tesla of yours, with its £18,000 battery lasting 120,000 miles… that’s (doing quick mental arithmetic in his head) 15p per mile just for the use of the battery. 

Fred: I suppose you could put it like that…

Joe: (Interrupting)….plus the 4p per mile to charge it…

Fred: I suppose so..

Joe: 15p a mile for use of the battery and 4p a mile to fill it up – a total of 18p per mile. That’s more expensive than my petrol car at 14p per mile!

Fred: That does make it sound expensive.

Joe: And when you fill it up, when you’re not at home, how much does the charging cost then?

Fred: Mmm… It can be a bit more.

Joe: How much? Tell me!

Fred: Well, I did have to pay 80p a kWh the other day.

Joe: What! 80p a kilowatt hour? To take you four miles? That’s 20p a mile – on top of your 15p battery costs, that’s 35p a mile – more than twice what my petrol car costs.

Fred: I don’t often have to pay 80p. It’s more usually about 40p but I suppose that’s 10p for charging plus 15p for battery costs. Yes… 25p per mile when you think about it like that. A bit more than yours. 

Joe: A bit more! It’s nearly twice as much! (Joe pauses) Yours is a Model 3 isn’t it? The long range model?

Fred: Yup.

Joe: I looked it up. About £50,000, am I right? 

Fred: Yes it was about that.

Joe: When you think about it, that’s £32,000 for a normal car, plus £18,000 for the battery. That’s how it works. I know you don’t think of the £18,000 for the battery as running costs but that’s only because you’ve paid them up front, when you bought the car. 

Fred: Makes sense. 

Joe: And I’m thinking about a new Focus for £32,000 and at that price has the petrol tank included. 

Fred: Mmm…

Joe: And costs 14p per mile to run – not somewhere between 18p and 35p.

Fred: (Half turning away) But I am helping save the planet!

Joe: (Joe remains quiet. He thinks he might have been too blunt. He ponders on the half ton of battery that Fred’s car has to drag around, the mines where they extract the rare battery chemicals, the impending piles of batteries needing so-called recycling all to ‘save the planet’. Out of respect for Joe, he tries not to snort audibly.)",0,True
UgyOBo3gpRiOsQIPqFx4AaABAg,comment,eNYndWedZsE,,False,@meLeyenda,Like for usb 3 😊❤,0,True
Ugzfyc_FsyljtUAz72t4AaABAg,comment,eNYndWedZsE,,False,@ashtonkee5868,Fractionally better? Oh come on!! It’s miles ahead of the Tesla.,1,True
UgwIMD-8V01qPPJeWCd4AaABAg,comment,eNYndWedZsE,,False,@timetime8832,这个月出来了一批新车车型，感觉海豹已经有点落伍了,0,True
UgzYCKL31pTY9e_Ez2V4AaABAg,comment,eNYndWedZsE,,False,@rascalap2968,"Still limited range, still expensive, still difficult and costly to insure, still a fire hazard, still hugely damaging to the environment.  A toy for those with more money than sense, and an egoistic desire to flaunt their (mistaken) green credentials",0,True
UgxPfuUUHh2F10KlsnN4AaABAg,comment,eNYndWedZsE,,False,@daveg56,The out-take at the end was great.,1,True
UgyIf-cZFzDeQ9nQhoF4AaABAg,comment,eNYndWedZsE,,False,@Darx97,you know is a good car when Robert comes out to review it,102,True
UgyIf-cZFzDeQ9nQhoF4AaABAg.9xVVzmw2CcW9xYwFM732sy,comment,eNYndWedZsE,UgyIf-cZFzDeQ9nQhoF4AaABAg,True,@Stuve-q5l,He's probably running out of money,3,True
UgyIf-cZFzDeQ9nQhoF4AaABAg.9xVVzmw2CcW9x_r5Y67XCN,comment,eNYndWedZsE,UgyIf-cZFzDeQ9nQhoF4AaABAg,True,@taykforeal,😂,0,True
UgyIf-cZFzDeQ9nQhoF4AaABAg.9xVVzmw2CcW9ybwO9PeGyS,comment,eNYndWedZsE,UgyIf-cZFzDeQ9nQhoF4AaABAg,True,@doobtom271,"​@Stuve-q5lor maybe, just maybe, Robert has a more open mind than you.",6,True
UgyIf-cZFzDeQ9nQhoF4AaABAg.9xVVzmw2CcW9zNUPQ5ckNm,comment,eNYndWedZsE,UgyIf-cZFzDeQ9nQhoF4AaABAg,True,@technohamster4783,​@Stuve-q5l lister was right when he said kryten needs to get his head out of his recharge socket,0,True
UgzNEOqHtv8081nvrXd4AaABAg,comment,eNYndWedZsE,,False,@nevillepass,"On green power when solar energy gets a bit low this time of year have you seen the idea of putting water turbines in water pipes,water flows continually so every solar powered house having one to trickle charge your batteries in winter could be what is needed?🤔",0,True
UgxVHBsyEwoeB3TQDNl4AaABAg,comment,eNYndWedZsE,,False,@Ian-gf8id,"It looks like a very well developed car, but, for those of us that still like to drive (rather than cars just being a transport utility)...handling ?...steering feel ?...performance ?... Unless there's going to be a Touring/estate it's a no-go for me. The NEO ET5t would be a much better fit with my requirements, except I'd have to take a hammer to the stupid robot thing on top of the dash the very first time I got into the car.",0,True
UgyiwvOAt2HDrkDRZ_x4AaABAg,comment,eNYndWedZsE,,False,@happydaydreamer1,"Still no V2G or V2H? Give us at least 11kW to power back to house. The industry is not very innovative, and everyone just copies another. We don't need another TM3, give us some true innovation.",0,True
Ugz95QuhcY7bSs_8za14AaABAg,comment,eNYndWedZsE,,False,@hammyhamster4045,So its basically a Chinese Tesla model 3 with less range for more money and a screen that does portrait mode....woohooo,0,True
Ugw0vosiE3E8OYT1GsN4AaABAg,comment,eNYndWedZsE,,False,@damianfitzpatrick3465,"I just want to hear from some of the workers who built this, just to make sure they aren't chained to their chairs",0,True
UgxHCWzGfxkz0MoBSsd4AaABAg,comment,eNYndWedZsE,,False,@riccbass,You forgot to mention that BYD spontaneously burst into flames.,1,True
UgxHCWzGfxkz0MoBSsd4AaABAg.9xVNQ7pMlAu9yKk0S5oXsF,comment,eNYndWedZsE,UgxHCWzGfxkz0MoBSsd4AaABAg,True,@jacksmith-mu3ee,Ok prove it . Waiting,0,True
Ugxc99H39W7xy7QbWyl4AaABAg,comment,eNYndWedZsE,,False,@koskos1971,I think it is a really ugly car. It does seem though like a 90s Hyundai but more ugly.,0,True
UgwAiW3mknThCxpyqW54AaABAg,comment,eNYndWedZsE,,False,@mariar-v7128,Is it just me or are the front windows too angular and small?,0,True
UgyK6X4vnJk-fsgvixt4AaABAg,comment,eNYndWedZsE,,False,@TheEnglishDissident,"Its all a big con helping to push the ""green agenda"".",0,True
UgzJ90i_9xPFA464JON4AaABAg,comment,eNYndWedZsE,,False,@dna9838,"The Chinese communist dictatorship couldn't have found a better way to leech wealth from western countries than this. We're talking big money not smartphones or clothes, and in most cases that spend does virtually nothing to benefit your local or national community, or automotive suppliers. Every purchase strengthens even further a communist dictatorship towards its long term ambitions, and presents the biggest existential risk to the future of human freedom. We all need to be a lot more mindful of this than we are.",1,True
UgzJ90i_9xPFA464JON4AaABAg.9xVI-dnG7YD9xVN-umhgY9,comment,eNYndWedZsE,UgzJ90i_9xPFA464JON4AaABAg,True,@zeniktorres4320,"It might pay you to not believe the anti-China propaganda. The people of China are not brainwashed puppets controlled in every way by the Chinese Gov, that is just total rubbish. Live there for a while and out. Capitalism is alive and flourishing much more so than the US is. You better do some homework.",1,True
UgzJ90i_9xPFA464JON4AaABAg.9xVI-dnG7YD9xV_TN1ZRrP,comment,eNYndWedZsE,UgzJ90i_9xPFA464JON4AaABAg,True,@ragabara1031,"Replace ""Chinese communist dictatorship"" with ""Japanese nationalists"", and ""smartphones"" with every imaginable household appliance and you have the exact same comments made 40 years ago. Remember the Subaru 360 and the Honda Civic?

Yet today the ""Made in Japan"" branding signifies high quality products with beautiful craftsmanship - when all but the best Japanese products are made in China.",0,True
UgzJ90i_9xPFA464JON4AaABAg.9xVI-dnG7YD9xVdaow0fGF,comment,eNYndWedZsE,UgzJ90i_9xPFA464JON4AaABAg,True,@dna9838,"@ragabara1031 Japan has a govt accountable to its people, it's not looking for more and more technological means of suppressing them and extending its   own power.",0,True
UgzJ90i_9xPFA464JON4AaABAg.9xVI-dnG7YD9xVkWV3nfh7,comment,eNYndWedZsE,UgzJ90i_9xPFA464JON4AaABAg,True,@ragabara1031,"@dna9838 You're talking about a government that's been led by only one party for most of its history. It's hardly possible for the people to exercise their right to replace a democratic regime, unless you want to move the goalposts of what a democratic regime is.

As for suppression of the population, Japan's culture of hierarchical bureaucracy and tradition of public shame is what prevents technological advancements from enhancing daily conveniences, including methods of intelligence such as public surveillance and safety. Technology isn't the only means of freedom and control for the greater masses, something the contemporary West often fails to grasp, and the rest of the world understands all too well.

That Japan has been highly resistant to cultural shifts despite mounting domestic pressure indicates that there's still people at the top holding the reins. Modern Japan hasn't eliminated the members of the aristocracy - their powers have simply transitioned over to capital.",0,True
UgzJ90i_9xPFA464JON4AaABAg.9xVI-dnG7YD9xVnjvA7lzD,comment,eNYndWedZsE,UgzJ90i_9xPFA464JON4AaABAg,True,@dna9838,"@ragabara1031 can't work out what you're talking about in that first paragraph.. The Chinese people have vanishingly small control over their dictatorship, and that's a problem because of how much influence and demands it's soon going to be exerting on other countries. We can see it already jostling with neighbours and building islands in disputed waters, challenging the Indian border etc. 
I agree with some of your statements on limitations in Japanese society but it's still a massive massive difference to china and at the end of the day, it IS a democracy, accountable to its people and other countries.",0,True
UgzJ90i_9xPFA464JON4AaABAg.9xVI-dnG7YD9xVpBGvddHp,comment,eNYndWedZsE,UgzJ90i_9xPFA464JON4AaABAg,True,@ragabara1031,"@dna9838 The Japanese government has been controlled by the LDP party for most of its history with American support. Japan is effectively a one party state that the people elect but can't control.

Chinese people comparatively have far more accessible means of controlling their government. It's called joining the Communist Party. It's guaranteed that party politics will translate directly to government impact, from local to national level.",0,True
UgzJ90i_9xPFA464JON4AaABAg.9xVI-dnG7YD9xVpvs1XPEn,comment,eNYndWedZsE,UgzJ90i_9xPFA464JON4AaABAg,True,@dna9838,"@ragabara1031 come on! You don't believe that and neither does anyone else. Xi is effectively president for life now and dissenters in the party or out of it will have little influence, and potentially made to disappear, like so many before them.",0,True
UgzJ90i_9xPFA464JON4AaABAg.9xVI-dnG7YD9xVt5d7bY1d,comment,eNYndWedZsE,UgzJ90i_9xPFA464JON4AaABAg,True,@ragabara1031,"​​@dna9838I do believe it.

Unlike in representive democracies where low level party staff do little apart from canvassing for their representatives, the low level Chinese Communist Party members actually do field work. Not only are they required to regularly check in on local government operations, they're also expected to get their hands dirty, sometimes directly for local government, to meet the complaints and needs of the local population. They're also vastly better equipped to problem-solve  too - most of the university graduates who join the Communist Party of China come from STEM backgrounds, unlike Western political aspirees who come from language, legal, or political science backgrounds.",0,True
UgzJ90i_9xPFA464JON4AaABAg.9xVI-dnG7YD9xVuUwVESiD,comment,eNYndWedZsE,UgzJ90i_9xPFA464JON4AaABAg,True,@dna9838,"@ragabara1031 mm-hmm.. It's so free and fair that it routinely sits near bottom of the various world democratic, freedom of expression and free media rankings, amongst many other metrics. Live in denial if you must, but those that defend the CCP are no friends of human freedom. Time will prove this.",0,True
UgzJ90i_9xPFA464JON4AaABAg.9xVI-dnG7YD9xVvHWLmCQP,comment,eNYndWedZsE,UgzJ90i_9xPFA464JON4AaABAg,True,@ragabara1031,"​@dna9838Time has already proven that the CPC is the single most effective entity at alleviating poverty. As for democracy and freedom of expression, I'll take material wealth and convenience any day over my right to replace someone I don't like with someone else who won't deliver on their promises.",0,True
UgzJ90i_9xPFA464JON4AaABAg.9xVI-dnG7YD9xWisLOml1L,comment,eNYndWedZsE,UgzJ90i_9xPFA464JON4AaABAg,True,@Peter-vn8ue,"dna9839, I dont think Chinese companies Leach from Western companies when Western companies rushed to China and have them make their products so these Western companies pay low manufacturing costs in China and sell back to the Western countries' population at a huge mark-up and make an enormous profits.",0,True
UgzJ90i_9xPFA464JON4AaABAg.9xVI-dnG7YD9xXz5ohSwkA,comment,eNYndWedZsE,UgzJ90i_9xPFA464JON4AaABAg,True,@dna9838,"@ragabara1031 wow! Well, enjoy the autobahns and 'bread and circuses'. One day, like all dictatorships, the CCP will make demands of you or people close to you and it will suddenly become clear that caring more for material wealth than liberty has consequences. It will be too late to do anything about it.",0,True
UgzJ90i_9xPFA464JON4AaABAg.9xVI-dnG7YD9x_kr7o7f4D,comment,eNYndWedZsE,UgzJ90i_9xPFA464JON4AaABAg,True,@ragabara1031,"​@dna9838 Just like when your government and elites start a media circus to justify a draft for an unnecessary overseas war? 

We'll cross that bridge when we get to it. All things that are good must come to an end, and all things that are bad won't last forever. For regular folk like us being able to take advantage of the good while having the resilience to survive the bad is enough.

Western peoples don't have a sufficiently long historical conscious to realize the futility and fragility of states. Family and clan ties are what ultimately persists when legal code fails and government collapses.",0,True
UgyWwM195t7p-dnXg_N4AaABAg,comment,eNYndWedZsE,,False,@jannepeltonen2036,Interesting! So how about privacy and data security?,1,True
Ugyv7aQii3XeIssvcCl4AaABAg,comment,eNYndWedZsE,,False,@vj3337,"BYD is the #01 electric car manufacturer in the world, in volume 
Also the #01 electric bus manufacturer in the world.",16,True
UgxrMb_infzNp3cVWOl4AaABAg,comment,eNYndWedZsE,,False,@mads205,"I could do without the huge iPad in the middle, hope that's a trend that will die soon. Smaller integrated screen would be much more usable and not look like shit.",0,True
UgzZ3RwJqvhf5D36nit4AaABAg,comment,eNYndWedZsE,,False,@jepurjepurovic6378,USB 3 🤣,0,True
Ugy_guJBwB02oP0NiKl4AaABAg,comment,eNYndWedZsE,,False,@findinggspots6441,"My wife and I both have an Atto 3. Would love the Seal, but this weary body needs an SUV for ease of getting in and out!
The legacy car makers should be worried....really worried. Build quality just keeps improving. BYD are knocking it out of the park at the moment. I would never go back to an ICE vehicle",4,True
Ugy_guJBwB02oP0NiKl4AaABAg.9xVAIx_Sq0Z9xVZYosb44r,comment,eNYndWedZsE,Ugy_guJBwB02oP0NiKl4AaABAg,True,@danielkierannevin9081,"Not sure if this helps, but after test driving the BYD Seal, the seat automatically moves back for easier egress from the car. Just a thought..",1,True
Ugzlj6Oy7r4G6vbdHDt4AaABAg,comment,eNYndWedZsE,,False,@alankirby3839,The worst thing about this car is the name. Other than that it looks great.,0,True
UgxDepCUEJpeO33TtF54AaABAg,comment,eNYndWedZsE,,False,@stevecaskey7895,"I am a proponent of small electric cars and small cars in general. I believe that small efficient cars has to be our future. I reject the giant eevee market as ridiculous. I do not understand why you're going after hybrids at this point in time. Hybrids are not perfect, but they are certainly better than standard gas engines. I think you need to reconsider the attack on hybrids and suggesting that they burn while that is just silly.",0,True
UgxDepCUEJpeO33TtF54AaABAg.9xV8S3kuPoC9xV9_kj6kap,comment,eNYndWedZsE,UgxDepCUEJpeO33TtF54AaABAg,True,@ratbert1,It’s a statistical fact.,1,True
Ugxhs1dtoArvgwG8nvV4AaABAg,comment,eNYndWedZsE,,False,@nicholasriley3569,"Much prefer this to a Model 3. Seal is an impressive car and very nicely styled inside and out. Noticed you had the customary bash at Toyota but have you not noticed Toyota seem to be doing rather well at the moment (Worldwide Sales & Profits) Maybe they were right after all? At least for the medium term (considering VW/Ford/GM now flagging electric efforts). Mind you Toyota have a lot of catching up to do in the BEV space. Will be interesting to see who the ultimate winners are; Tesla, BYD and who else?",1,True
UgwaZ5aqXBLYo53JR2F4AaABAg,comment,eNYndWedZsE,,False,@simonyapp,"Ten to 80 show rooms! Impressive.  I will very happily buy one of these 2nd hand in a few years if required.

Fantastic capture/ lovely sharp edit / great car and Robert, you still have it.

Well done team, ps: you are the show to go to now TG has gone.",0,True
UgwuRZB8p4if_uGiXrR4AaABAg,comment,eNYndWedZsE,,False,@mirnivoznik8536,Awesome! Can you review a LeapMotors car also?,0,True
UgzxyI4WN_ekjW5hJRp4AaABAg,comment,eNYndWedZsE,,False,@jasonsomerville2504,"Can you please canvas BYD for a real estate car, not a SUV then I'm in for sure...I really like the design cues, your reviews of BYD have all been so positive, but in terms of practicality and luxury still nothing ...MG hits first one ... Portchester taycan arguably second, but very limited for both.... just saying!!",0,True
UgwUde84ap0DWBm8DQ94AaABAg,comment,eNYndWedZsE,,False,@ktcool4660,Electric cars are the biggest scam in the last decade.,0,True
UgwyufaD8OwbCZ95bAp4AaABAg,comment,eNYndWedZsE,,False,@kereamohau,I'm currently in China right now. The amount of cool electric vehicles on the road here have been interesting to see,55,True
UgwWq8iD6WAqE9PsZlZ4AaABAg,comment,eNYndWedZsE,,False,@poosnip,The Chinese have the battery industry completely sewn up!   Someone on here has said that this is a testament to how far the Chinese have come in batteries!     Hahaha.  !  People have no idea!  Their batteries are everywhere including tesla,0,True
UgxIfOB4Ea8g_8Kqo4l4AaABAg,comment,eNYndWedZsE,,False,@Nite-owl,"The fact it has a restricted entry boot, and climate controls are within a screen menu is too much of a red flag for me personally. Can't deny though that the Chinese are stepping up their game.",1,True
Ugwh0_EpB6L3dPIPLOl4AaABAg,comment,eNYndWedZsE,,False,@RuanLFC,NGL it looks good!,0,True
Ugzsxp2RD8YAxwl78j54AaABAg,comment,eNYndWedZsE,,False,@bluetoad2668,Looks a lot like a refreshed model 3.,0,True
UgwolF0VSA-JxG2DTN54AaABAg,comment,eNYndWedZsE,,False,@eugenstoica1924,Toyota is slow in purpose on EV...they are waiting for solid-state battery....long way for BYD to catch Toyota in any directions....,0,True
Ugy-YQu5JUR9FcTH8S54AaABAg,comment,eNYndWedZsE,,False,@harryn5891,Such a fun video! I think the Seal might have just jumped to the top of my fantasy electric car list!,1,True
UgzM0-Y4ujlA6aY-J8p4AaABAg,comment,eNYndWedZsE,,False,@alex75hgft,"so ""unbiased"" review🤣",0,True
UgyZLwREZJB6ENIINNp4AaABAg,comment,eNYndWedZsE,,False,@alfierushton7727,"14:10 ""Old-school USB, USB 2...? 3...?"" ""C"" King Robert you are the best.",0,True
UgxM5qKlp1yzZ5F5BQh4AaABAg,comment,eNYndWedZsE,,False,@Urtruedaddy,I dare NA to allow BYD to the market,4,True
UgxM5qKlp1yzZ5F5BQh4AaABAg.9xUwEBpmv4x9z-cxlPaNz6,comment,eNYndWedZsE,UgxM5qKlp1yzZ5F5BQh4AaABAg,True,@jeremytine,it is already allowed. They can pay import tariffs or Build in USA just like Tesla does in PRC.,0,True
UgzU4H9yWMZpQl0wbgd4AaABAg,comment,eNYndWedZsE,,False,@PaulMathews-p4o,"I wonder how much of a lose they are selling the EVS for, I know GM makes a loss of like 40k selling their EVS, maybe chinese , 20k, I know the quality aint that great.",1,True
UgzU4H9yWMZpQl0wbgd4AaABAg.9xUvoi75GdP9xaT-B5hgNE,comment,eNYndWedZsE,UgzU4H9yWMZpQl0wbgd4AaABAg,True,@larryevans6739,BYD automotive gross margin beats Tesla. They are not losing money.,1,True
Ugx1612M2icOzwrVFXV4AaABAg,comment,eNYndWedZsE,,False,@irishlightandmagic,This is the best car review I have seen in years. Subbed.,1,True
UgxVu8UcsznqbE8oWIh4AaABAg,comment,eNYndWedZsE,,False,@petergilbert72,You could have just pronounced BYD the Welsh way: byd means world in Cymraeg and is pronounced ‘beed’. Say it that way and I doubt the Chinese vehicle’s ears would catch on!,0,True
UgzZn6NuQ3_OL9K-zAF4AaABAg,comment,eNYndWedZsE,,False,@Zergcerebrates,Chinese passenger EVs aren't even in the USA and the US government is already thinking ways to put tariffs on Chinese EVs. Shows you how competitive Chinese EVs have come otherwise the Americans wouldn't be so paranoid.,1,True
UgwY-fFucZvl3AHOHnd4AaABAg,comment,eNYndWedZsE,,False,@CoyotePark,Not a tesla killer? These chinese cars are the same as tesla... for HALF the price. You haven't even seen BYD Song or AVTR 12 yet hehe Chinese cars right now are in the year 3000. Europe is done. Last season.,0,True
UgwJUG8PqRqMrqFrQ214AaABAg,comment,eNYndWedZsE,,False,@davidcannon1144,Can you do a review of a 3 year old byd car when the time comes....,0,True
UgySfCuQz6Ll8zPO9YV4AaABAg,comment,eNYndWedZsE,,False,@Megasunami,Come 'farm's by stealing Tesla's technology.,0,True
Ugw0Ld_0mrkx6wLGy7p4AaABAg,comment,eNYndWedZsE,,False,@MikaHäkkinen98-99,It feels like you forgot to mention that this a sponsored programme by BYD...,0,True
Ugw0Ld_0mrkx6wLGy7p4AaABAg.9xUpdbRayPp9xUsGOBwpgm,comment,eNYndWedZsE,Ugw0Ld_0mrkx6wLGy7p4AaABAg,True,@BrianRobertDarby,Well said 👍,0,True
UgzcMYYzYD9PRqQbxg94AaABAg,comment,eNYndWedZsE,,False,@JohnnyFiction,No mention of the tons of BYD cars that find themselves on fire.  Hope someone wasn't paid off by a certain gov to spout this stuff,0,True
UgwxQwKfSQPYmDZPd5p4AaABAg,comment,eNYndWedZsE,,False,@w0nd3rlu573r,"I want to be on just one day of shooting an episode with Robert. Helping out would be great, but just hovering around the crew is my dream 😀",3,True
UgyuOmWZmz4HgsmALeV4AaABAg,comment,eNYndWedZsE,,False,@potter2702,"Brilliant BobbyReview, so entertaining with your in-depth technical thingies and the BobbyAir at the end😂",0,True
UgxuFCcqsiZa4wXfxZh4AaABAg,comment,eNYndWedZsE,,False,@alwaysloveorange,我想他遗漏了语音指令，可以控制诸如空调、车窗、音乐等非驾驶功能。,0,True
UgysRLnKJk50ef6wuWR4AaABAg,comment,eNYndWedZsE,,False,@accesser,"Well done team. Great review even with the weather. Droan shots were amazing, see you at fully charged Sydney 2024",3,True
Ugw1tAzIhqzV-6RfNU14AaABAg,comment,eNYndWedZsE,,False,@johndeveraux8472,Why is the Apple CarPlay wired ?,0,True
UgwPvVBLrX8N_Gcijld4AaABAg,comment,eNYndWedZsE,,False,@MilushevGeorgi,"BROLL is like mkbhd, accelerates like a Rolls Royce",0,True
UgzQ38OqkFDE3wY43-94AaABAg,comment,eNYndWedZsE,,False,@AndrewTSq,"Even if the battery did not catch fire, it would still be scrapped car in most countries cause of insurance.",0,True
UgxAqOh7YNAaZCZtmA14AaABAg,comment,eNYndWedZsE,,False,@zaharizahariev,I don’t know about tesla killer but vw for sure.,1,True
UgxHIcSnJKPAih7Gidh4AaABAg,comment,eNYndWedZsE,,False,@FolkinghamRob,"Questions:
If BYD have proven how safe the batteries are - does this mean that insurance companies will stop writing off electric cars when they’ve had a minor prang?
If the battery forms the floor of the cabin, this would concern me.",1,True
UgyE4oqqBAaBmvDJ0Nx4AaABAg,comment,eNYndWedZsE,,False,@judebrown4103,"Ah Robert you might not have the eloquence of Jack but you certainly talk my language! I can't work voice control in my Ioniq38kWh because I dont know the proper names for stuff....like ""the where it blows on you knob""!!😂🤪🤣
I agree, it's a good looking car.. just not sure if I'd get my walking aid in that boot. It certainly isn't as big a boot as the Ioniq 6 but i imagine the whole car us much smaller than that...anyone know for sure?
Enjoyed your review, gave fun in Amsterdam.👍👏",0,True
UgzipZDt6teVRX1e63p4AaABAg,comment,eNYndWedZsE,,False,@derfinsterling,"I don't see the point in any car being a ""Tesla killer""",1,True
UgwUy8lhiY3tRHV2HPh4AaABAg,comment,eNYndWedZsE,,False,@darkstar-dp5yr,Actually it is the car with Huawei's intelligent driving system that proves how far Chinese cards have come. BYD will be in trouble soon if it could not respond to the new challenge from Huawei.,0,True
Ugx_lJd9Sw7JFIxapnt4AaABAg,comment,eNYndWedZsE,,False,@josephlagrange5158,I've been waiting for this for a while. Good job,0,True
UgymDLC3hoomrAUD8Rx4AaABAg,comment,eNYndWedZsE,,False,@roddychristodoulou9111,"Watched the video till the end and no prices given , what a let down .",0,True
UgxbH3qzTs8NRx74k0l4AaABAg,comment,eNYndWedZsE,,False,@colossus_g,"HaHa ... trying to make that 'boot' sound like a good thing. Good Luck. I own 2 cars. The saloon car officially has more space than my other car which is a liftback. Both cars are similar in overall dimensions but guess which one is much more practical and hauls much more stuff.
A big fail from me on that comment.",0,True
UgylViuVSyXlyWNfXcR4AaABAg,comment,eNYndWedZsE,,False,@quoc28mytube,BYD batteries are the preferred choice in Tesla cars now.,2,True
UgylViuVSyXlyWNfXcR4AaABAg.9xUhCBJHU8l9z-borWx_0J,comment,eNYndWedZsE,UgylViuVSyXlyWNfXcR4AaABAg,True,@jeremytine,"no they are not, just the cheaper option. Long range and performance batteries are not BYD.",0,True
UgzvrV2qqHXo8ZUwS_94AaABAg,comment,eNYndWedZsE,,False,@NSE_Foden,"I got to look at this, and the Dolphin, the other week, as they were on display at the local shopping centre here in Southern Thailand. 
Both are impressive, inside and out. 
Prices are very competitive too with the top models being around 1,200,000 baht for the seal and 800,000 baht for the Dolphin. To convert to £ divide by 40.",25,True
UgwvdPZClaQIKSgpzTN4AaABAg,comment,eNYndWedZsE,,False,@RH-mk3rp,Non-Chinese person gets paid by BYD to make a fluff piece,0,True
UgwvdPZClaQIKSgpzTN4AaABAg.9xUdP8ZlEOk9xUtBcm9twN,comment,eNYndWedZsE,UgwvdPZClaQIKSgpzTN4AaABAg,True,@BrianRobertDarby,Well said.,0,True
Ugwtd-gYk9EaeTGe-Xd4AaABAg,comment,eNYndWedZsE,,False,@stevieguk8014,Looks really boring - like an old style Hyundai. The reason hatchbacks  outsell saloons is because they are much more practical.,0,True
Ugx0TFANkwXu50C8JU54AaABAg,comment,eNYndWedZsE,,False,@christopherknipe4336,"In Australia you definitely need a blind or shade to get away from summer sun, while the atto3 has an automatic shade it seems it’s the only one in their lineup. I drive for Uber in Sydney and after 70,000 klm and ten thousand people going through the car people say it still looks new.",64,True
Ugx0TFANkwXu50C8JU54AaABAg.9xUbe7CL4uT9xUv23OHdeA,comment,eNYndWedZsE,Ugx0TFANkwXu50C8JU54AaABAg,True,@EcoHouseThailand,I drive an AWD Seal here in Thailand. The glass roof has a silver metallic coating that reflects a lot of heat. There is also a sun shield in a bag in the boot. There are videos on my channel testing the internal temperature and a demonstration of the sun shield,21,True
Ugx0TFANkwXu50C8JU54AaABAg.9xUbe7CL4uTABaEKxWUI5s,comment,eNYndWedZsE,Ugx0TFANkwXu50C8JU54AaABAg,True,@cszuhan,It's a bit miraculous,0,True
UgyuNszUsrXocAe8mfF4AaABAg,comment,eNYndWedZsE,,False,@dxelson,COMMUNISM,0,True
Ugw_qpy7Kfvm_AhqDrF4AaABAg,comment,eNYndWedZsE,,False,@bernhardzinkhofer4886,Mr Llewelyn is an Elon-simp as he refuses to admit a Tesla killer even while driving one and observing how it’s a clearly superior vehicle  in every way and  seeing Tesla sales stall or collapse around his ears in every market,0,True
UgyJxJ67A0WpEjv_SIN4AaABAg,comment,eNYndWedZsE,,False,@milkoowen6800,"😂this is actually not a very competitive car in China, so unfortunately the west still gets much inferior cars than China.",0,True
UgxHW5pKY4pXZLqIzJp4AaABAg,comment,eNYndWedZsE,,False,@theairstig9164,"Is the battery part of the floor? When the battery was removed did that mean you could see the floor of the workshop? If so, where do the gasses go after the battery vents in a catastrophe like a complete immersion? Don’t say “it doesn’t give off gas during a puncture test” because that was only one blade. I’m talking about a felicity ace scenario",0,True
Ugxu2zEhQ72ayFjptaB4AaABAg,comment,eNYndWedZsE,,False,@DLL-y4p,I am open minded but this looks just like an ugly version of the Model 3.  The seat leather pattern and black plastic trims are just cheap and ugly.  It is also very strange that the car is not even available yet but all these one-sided postiive comments on every single review of any BYD cars on youtube  - just like watching the russian internet army busy at work.,0,True
UgxtkIWIN7ILKxQgHlp4AaABAg,comment,eNYndWedZsE,,False,@b_uppy,Lol.,0,True
UgzIA1w4djNASvcwh0V4AaABAg,comment,eNYndWedZsE,,False,@denyswoodroffe490,How much is the Chinese rubbish e.v. Car maker pay you to sell rubbish. Kiwi,0,True
UgzIA1w4djNASvcwh0V4AaABAg.9xUSnxQUj119xUVoV27oH-,comment,eNYndWedZsE,UgzIA1w4djNASvcwh0V4AaABAg,True,@theairstig9164,Is the GM Bolt also rubbish or is it the Chinese component that is rubbish? Last I checked a lot of Japanese ICE cars had Chinese assembled telematics,2,True
UgzWkBVfrGAocd4pFRR4AaABAg,comment,eNYndWedZsE,,False,@mijmijrm,so from the company perspective the BYD car is a self-propelling battery.,1,True
UgxN_XuhGo7WdIte2ft4AaABAg,comment,eNYndWedZsE,,False,@mddah01,You briefly mentioned hybrid vehicle fires. As a firefighter I have been to four that burnt out almost completely. What surprised me is that in no case did the fire start in the battery and in no case did the battery catch fire. The Li ion batteries were the least flammable part of these vehicles.,181,True
UgxN_XuhGo7WdIte2ft4AaABAg.9xUQmbXCW8V9xVVJ_EOmhu,comment,eNYndWedZsE,UgxN_XuhGo7WdIte2ft4AaABAg,True,@rickyz5606,"Really? That's really good to know, thanks!",7,True
UgxN_XuhGo7WdIte2ft4AaABAg.9xUQmbXCW8V9xcJAcRkdvM,comment,eNYndWedZsE,UgxN_XuhGo7WdIte2ft4AaABAg,True,@MyrKnof,"@rickyz5606 its been common knowledge for some time now. EVs got 10x less chance to catch fire, statistically.",11,True
UgxN_XuhGo7WdIte2ft4AaABAg.9xUQmbXCW8V9xeiJgrB_ji,comment,eNYndWedZsE,UgxN_XuhGo7WdIte2ft4AaABAg,True,@christosvaid4454,But media says electric vehicles dangerous hazzard fire alert hahahahahah non sense..salute you for stating true facts. They cant digest (they=big oil companies) cars can run on electricity fuel,0,True
UgxN_XuhGo7WdIte2ft4AaABAg.9xUQmbXCW8V9xkFy-WuBuR,comment,eNYndWedZsE,UgxN_XuhGo7WdIte2ft4AaABAg,True,@brendanc5519,Liar liar pants on fire.,2,True
UgxN_XuhGo7WdIte2ft4AaABAg.9xUQmbXCW8V9xlAymADJ16,comment,eNYndWedZsE,UgxN_XuhGo7WdIte2ft4AaABAg,True,@mddah01,"@brendanc5519 actually no - we get about one hybrid vehicle / year in our fire district and I think our experience is similar to others. We have used conventional firefighting techniques for these vehicle fires and thats been enough. So, no battery fire or reignition after they went on the tow truck. We have not experenced a full BEV fire yet and we have had instruction in how to deal with them. But they can be very difficult. Our trucks only hold around 3000 L water and thats not nearly enough.",23,True
UgxN_XuhGo7WdIte2ft4AaABAg.9xUQmbXCW8V9xrXbp8yaMd,comment,eNYndWedZsE,UgxN_XuhGo7WdIte2ft4AaABAg,True,@kristoffer3000,@brendanc5519 Sorry reality hurts your feelings lol,9,True
UgxN_XuhGo7WdIte2ft4AaABAg.9xUQmbXCW8V9yQjth3qdiV,comment,eNYndWedZsE,UgxN_XuhGo7WdIte2ft4AaABAg,True,@notagain2856,​@brendanc5519are you 8?,0,True
UgxN_XuhGo7WdIte2ft4AaABAg.9xUQmbXCW8V9yrpTP-SuEd,comment,eNYndWedZsE,UgxN_XuhGo7WdIte2ft4AaABAg,True,@quantum-novakraftwagen5580,Wow,0,True
UgxN_XuhGo7WdIte2ft4AaABAg.9xUQmbXCW8V9zwK0vl5NLL,comment,eNYndWedZsE,UgxN_XuhGo7WdIte2ft4AaABAg,True,@agusedyanto3324,"​@MyrKnof

That's because battery prevention and safety technology has become more mature",0,True
UgxIryiH7pMrXMoFesx4AaABAg,comment,eNYndWedZsE,,False,@janb_,The build quality seems better than a Tesla,2,True
UgwAdTJEtO0WTTxbKBF4AaABAg,comment,eNYndWedZsE,,False,@vbad128,"The reason Toyota isnt all in on Electric vehicles is because they realize (much like a lot of the public has also) that EV only make sense for some people or you get a Tesla. I speak from a North America perspective where distances can be vast and infrastructure limited. By having a hybrid you get the best of both worlds and it simply makes sense for most people and the emissions are negligible.
I'm an EV fan but I'm also a bigger fan of common sense and   practicality..",0,True
Ugyslxo3GsQTOwexCHV4AaABAg,comment,eNYndWedZsE,,False,@ZLL668,"This is my dream car...too bad,  they are not coming to the US.",2,True
Ugw_hQRSvIjVKe9qBc14AaABAg,comment,eNYndWedZsE,,False,@cnfusd,When the world comes up with innovative ideas and those ideas are sent to China to manufacturer for the sake of greed and profit . BYD and other Chinese companies will always have a heads up on the rest of the world.,0,True
UgyGxNn8BAaBt6XnV194AaABAg,comment,eNYndWedZsE,,False,@bmuns6445,Nice looking car. Bentley style interior seats. But I wouldn't buy a battery car until the solid state batteries come out in 2027 and get 700 miles of range. I'd stick with a Toyota Rav4 hybrid until then. But excited for this company as I think Chinese manufacturers entering the US market will drive MSRP prices down. But what if Tesla blocks Chinese manufacturers from using their battery chargers? Can BYD build out a huge charging network in US before dropping their cars here? Interesting future.,0,True
UgyGxNn8BAaBt6XnV194AaABAg.9xUL8Dt0AVi9zRbVZHBi-R,comment,eNYndWedZsE,UgyGxNn8BAaBt6XnV194AaABAg,True,@shungan1009,"It will never happen .Uncle Sam will do whatever it takes to suppress countries whose economies are close to his, in the past it was Japan and now it is China. Think about what happened to Huawei. Not a single Huawei phone is sold in the United States, even though iPhone sell tens of millions in China every year. Even the daughter of Huawei’s boss was detained for two years in Canada（we all know  the order from where）. BYD is just totally horryfied and will not be stupid enough to  suicide in the United States.",0,True
Ugz4BQKV_szHtI-TU7J4AaABAg,comment,eNYndWedZsE,,False,@liamporter1137,BYD cars are not as good looking as NIO. NIO ET5 Touring looks so nice.,0,True
UgzIYmexWkNT4ffShoh4AaABAg,comment,eNYndWedZsE,,False,@liamporter1137,Japan car industry is declining.,2,True
UgzIYmexWkNT4ffShoh4AaABAg.9xUKP9OG6G59xUS6J797Z5,comment,eNYndWedZsE,UgzIYmexWkNT4ffShoh4AaABAg,True,@3rreid,I said the same thing 😢 n I have a nissan leaf 🍃,0,True
UgxE_OIoHzFh3ycjzmF4AaABAg,comment,eNYndWedZsE,,False,@XinaCCPFreeTibet,Isn’t it so amazing!!! On a single use Xina CCP car .. I have gone a full 24 kilometers on a single frigging charges this is such a great universe. Yesssss.,0,True
Ugyw2pAXy9yA4DzCGax4AaABAg,comment,eNYndWedZsE,,False,@tomagoredo,build those communist dreams commrades,0,True
UgwPJBE9KkP1gXn0iD94AaABAg,comment,eNYndWedZsE,,False,@TassieEV,"Glad to see you back doing a car review Robert, the casual style is what I love.  It is a nice looking car both inside and out plus it has a fairly large frunk/froot for charge cables or other stuff.",7,True
UgxGsp3e3EPa-UJFxTJ4AaABAg,comment,eNYndWedZsE,,False,@RaphaelBrandão-z3f,Byd stole the spotlights in the brazilian market. They are selling as many as they can here.,1,True
UgzOXZhTc94rHsfwMg54AaABAg,comment,eNYndWedZsE,,False,@sammaimas155,"Hi Robert. Another talking point for you in future about the rotating screen. Actually from my collective understanding the most convenience/use of the rotating screen is when you are navigating to a destination, as the maps are always oriented with your driving direction being towards the top of the screen, so you have more of a look ahead or heads up of where you are going on the map. I know I have had to zoom out and pan the map to check where we were headed on a number of occasions in previous vehicles. Thanks.",4,True
UgzOXZhTc94rHsfwMg54AaABAg.9xUHM5I1DM-9xUxLz7n7wU,comment,eNYndWedZsE,UgzOXZhTc94rHsfwMg54AaABAg,True,@Innesb,"I’ve found the rotating screen to be a gimmick; you can’t rotate it when using Android Auto, which is what I use for navigation and audio. However, the screen is so huge that the default landscape mode is fine for navigation.",1,True
UgzOXZhTc94rHsfwMg54AaABAg.9xUHM5I1DM-9zwTvnBGYKA,comment,eNYndWedZsE,UgzOXZhTc94rHsfwMg54AaABAg,True,@agusedyanto3324,"Not only for navigation, you can divide the vertical screen into top and bottom, the top screen is for driver navigation and the bottom screen can be for watching entertainment for front/rear passengers such as videos, YouTube, TikTok or other entertainment.",0,True
UgwSWtcQHRBrd1KuwLF4AaABAg,comment,eNYndWedZsE,,False,@carlmaissan4340,"Looks like a compelling car but annoying review as so many obvious questions missed. So it is RWD, FWD or AWD? Ride quality & noise vs Tesla? Any configurability to the screens? Presumably interior is vegan ""leather"" rather than leather? Presumably seats are memory to driver setting? I look forward to seeing it (and it's BYD Song big brother) IRL, might be worth trading the old Model 3 for.",1,True
UgxNG7XppW849Mka5ll4AaABAg,comment,eNYndWedZsE,,False,@IndigenousEarthling101,"BYD is a vertically integrated highly automated mass manufacturer, similar to Tesla. Their production and cost competition with Tesla is resulting in better value EVs for the world.",0,True
UgwMdRorln_b-4Pu4TV4AaABAg,comment,eNYndWedZsE,,False,@meister-t,"While the back seats look comfortable for women and children (sorry, it's BYD being sexist, not me), as a tall man, I don't see myself scrunching myself into the backseat of a BYD taxi if I don't have leg and foot room - not if I'm paying for the ride.",1,True
UgwMdRorln_b-4Pu4TV4AaABAg.9xUA5IutFi49xVAde3KFh1,comment,eNYndWedZsE,UgwMdRorln_b-4Pu4TV4AaABAg,True,@ratbert1,Don’t then.,0,True
UgyCMwA_RlNGb0BQHgJ4AaABAg,comment,eNYndWedZsE,,False,@Nickbaldeagle02,What a shame. No hatchback. If it was a hatchback I'd seriously consider it. No sale I'm afraid.,0,True
UgxCivJzSLbRKImUv9B4AaABAg,comment,eNYndWedZsE,,False,@Shadow-1949,"Looks like a better priced way to get EV.
Tesla said they are aiming for a $20,000 EV 
And another model for $25,000",0,True
UgwD3hDGww1lRLFpAfZ4AaABAg,comment,eNYndWedZsE,,False,@colinmacdonald5732,"It's a Model Y copy, right?",0,True
UgwOUQAhGcLkgl6gXch4AaABAg,comment,eNYndWedZsE,,False,@MrJturner74,Do you really want a car that will be obsolete in 5 years?,0,True
UgzRM9rk62jHFqNUegx4AaABAg,comment,eNYndWedZsE,,False,@kevinison5539,Are we talking Tesla pricing or more like MG4 price?,0,True
UgzNMOTtSQ84hGSkurF4AaABAg,comment,eNYndWedZsE,,False,@Chris.Davies,"But in 10 years from now, this car will be worth literally nothing, and your 10 year old ICE car will still have another 10 years of life left in it. At least.
My 41 year old 928 can sit happily for a year, and the gas tank is the exact same size when I fill it up.",0,True
UgzNMOTtSQ84hGSkurF4AaABAg.9xU68h5Msei9xUtgXHlqWO,comment,eNYndWedZsE,UgzNMOTtSQ84hGSkurF4AaABAg,True,@BrianRobertDarby,Precisely 👍 as will my 2.8i capri.,0,True
UgzRr3lp5R9u5ltyD4J4AaABAg,comment,eNYndWedZsE,,False,@ceedoubleyou,"one of my first Q's after being informed how structual the battery pack was, how easy was it to remove the battery pack, but at approx 3:30min, it showed the pack being removed from the just wrecked car into another car and driving off, impressive.",8,True
UgxdpNxHEArDC6n1-jB4AaABAg,comment,eNYndWedZsE,,False,@TomideAdeleke,wow looks so amazing. I cant wait till it comes to Canada. Any info on the price?,1,True
UgxdpNxHEArDC6n1-jB4AaABAg.9xU5eqjnlgX9yDSERMCkvC,comment,eNYndWedZsE,UgxdpNxHEArDC6n1-jB4AaABAg,True,@FallenLeavesReturnToRoots,Joe Biden doesn't allow it.,0,True
Ugy3ldBZJN-70dttGYF4AaABAg,comment,eNYndWedZsE,,False,@Truthbomb918,The best way to make it different from a model 3 would have been to make it a hatchback,7,True
Ugy3ldBZJN-70dttGYF4AaABAg.9xU5YiGh0vO9xUchTfcpmr,comment,eNYndWedZsE,Ugy3ldBZJN-70dttGYF4AaABAg,True,@peteglass3496,I'm shouting exactly the same thing at the screen!,1,True
Ugy3ldBZJN-70dttGYF4AaABAg.9xU5YiGh0vO9xXslYXOOit,comment,eNYndWedZsE,Ugy3ldBZJN-70dttGYF4AaABAg,True,@nicoev4851,Check out the ET5 Touring then ;),0,True
Ugzvva7DbXamL-SMXGF4AaABAg,comment,eNYndWedZsE,,False,@charlieverity5405,"The intro in the spinning car display was a great example of creativity in the field. 
There's a turntable? Get on it. 
Cheers for the cool channel",0,True
UgylokAnznlguVjsRDZ4AaABAg,comment,eNYndWedZsE,,False,@5500rpmvtecpower,Definitely a woksters video. Loveky car but the amount of lies is unbelievable..,0,True
UgxUj3VCJM-BRH6i7_d4AaABAg,comment,eNYndWedZsE,,False,@senseihEnRY16,"Lately, i get many videos on my feed that claimed that chinese evs are terrible, from Huawei faking their self driving tech, MG ZS got stuck in cruise mode and need to crashed into police car to stop, to BYD cars suddenly burst into flame after a crash. 

I tend to trust automotive journalist like you more, so, it might be fun to react to these videos.",0,True
UgwDmzbcr6-KK9H_5bB4AaABAg,comment,eNYndWedZsE,,False,@markplain2555,You can adjust where it blows on you??? Gawd they really thought of everything with this car?,0,True
UgxX0LUkdaZysuf4NGB4AaABAg,comment,eNYndWedZsE,,False,@rinnin,Loved that ending! 🤣,0,True
UgxD_klGEOLYB0mjcH54AaABAg,comment,eNYndWedZsE,,False,@M7JIJ,Great content 👌🏽,0,True
UgxozYSX1wl-RZoX_UJ4AaABAg,comment,eNYndWedZsE,,False,@woodsmedia-au,Why are so many BYD car batteries exploding?,0,True
UgzETjr_Hh718ZHTqMZ4AaABAg,comment,eNYndWedZsE,,False,@Nikoo033,"300 miles / 82 kWh = 3.6 miles/kWh 😢 cool car, but terrible efficiency. When are manufacturers going to start making efficient EVs again?",0,True
UgxrI965h8ss5tYvHvt4AaABAg,comment,eNYndWedZsE,,False,@nickjohnson4260,"Huw, cant said I’ve been here since the beginning but I’ve been watching for years!  I’m in the northern part of the US so we can’t always grow the same things you can grow, but I find your content incredibly valuable and enjoyable.  You have turned that garden into a MASTERPIECE young man!  I hope you are as  proud of yourself as we are watching what you have accomplished.  It’s such a magical space you have created.  Ya got me teared up there at the end bud!  I understand, as I fall more and more in love with my garden with each passing season.  How exciting to see what you have in store for us all next.  One thing is for certain, you will make it just as magical as this has been! Much love little garden brotha!",0,True
UgzU6bs6Lc_QHX2Swot4AaABAg,comment,eNYndWedZsE,,False,@woodydroneson,At 3:46 you said BYD and car did not ask you what you wanted LOL :),0,True
Ugz-Bb-YnOfRlGIipUN4AaABAg,comment,eNYndWedZsE,,False,@esonchan4825,Atto3在中国的名字叫元plus，只卖13-15万人民币，它在中国算不上很先进的电动汽车。最近中国新款的车已经普及800v快充技术，充电5分钟就可以续航200公里，充电15分钟可以续航400-500公里，充满电续航可以超过800公里，双电机版本的车百公里加速基本在3秒多一点，达到上述指标的车在中国已经有好几款了，比如华为的汽车，小米的汽车，长安的汽车，吉利的汽车等等，中国现在有十来个汽车厂可以生产品质不低于BYD的产品，这样的车在中国大概售价25万元人民币，估计出口到国外的话要贵一倍吧,0,True
Ugx8ojUko5sNoxoIF4Z4AaABAg,comment,eNYndWedZsE,,False,@SHA256HASH,When will all these cool cars be available in the US??,1,True
UgzRTaJlQyaxoLG53BJ4AaABAg,comment,eNYndWedZsE,,False,@lindseyhatfield9017,"looks fantastic, it will be nice to see it in Australia and the price , is it up there with the 3 or lower like the Atto ?",0,True
UgziC8jb_SSxx2nrqyp4AaABAg,comment,eNYndWedZsE,,False,@balaji-kartha,"The Chinese will dominate the automobile industry from now , except that Tesla soon will have changed the personal public transportation concept itself! 
So BYD and the other Chinese car companies will have buy and put the Tesla brain into their products and stick a lable outside that says 'Tesla Inside'",0,True
UgwxFdOmDrY20FJhEXB4AaABAg,comment,eNYndWedZsE,,False,@colingoode3702,Nice car but it's a non practical saloon & too expensive - in the UK. Can someone please make a cost effective full size estate EV (MG5 is not big enough).,0,True
UgyNoFC3g_74Z0iCesN4AaABAg,comment,eNYndWedZsE,,False,@Salteñomike,I do like the look of this BYD. I wasnt so sure about the interiors of the atto and dolphin but this looks quality inside and out.,21,True
UgyNoFC3g_74Z0iCesN4AaABAg.9xTxZCHy5iS9xrB5hIeBLH,comment,eNYndWedZsE,UgyNoFC3g_74Z0iCesN4AaABAg,True,@tahmic,"I agree love the outside of the Atto 3 but inside is not my style, this looks leaps ahead",1,True
Ugwhg0TZk6a8lYy3Tg94AaABAg,comment,eNYndWedZsE,,False,@economicprisoner,"Toyota got burned in the development of the Rav4 EV by Chevron buying up all of the NiMH battery patents. Patents allow you to keep an invention out of use for up to 20 years.

The Tesla roadster used hundreds of laptop battery cells as a patent work-around.

8:20 It does occasionally get below -30C where I live. But my cut-off temperatures for driving either an ICE car or my bicycle are -27C. I would rather walk or take transit when it is that cold.",0,True
UgzqTflTWTBsG1j0yWl4AaABAg,comment,eNYndWedZsE,,False,@ianstewart7605,"I want one!  Sadly, it isn't the type of car practical for my needs, but I want one anyway.  :-(",2,True
UgzF2XAl8ZZacORAlgR4AaABAg,comment,eNYndWedZsE,,False,@LinasR,Yet in homeland they historically burn even without car accident,0,True
UgzF2XAl8ZZacORAlgR4AaABAg.9xTwOA6zpmd9xTwayFFQvo,comment,eNYndWedZsE,UgzF2XAl8ZZacORAlgR4AaABAg,True,@LinasR,Suspect other markets get cherry picked samples,0,True
UgzF2XAl8ZZacORAlgR4AaABAg.9xTwOA6zpmd9xVcNclqiF6,comment,eNYndWedZsE,UgzF2XAl8ZZacORAlgR4AaABAg,True,@ragabara1031,"​@LinasR This is a legitimate business model. Export your highest quality products for larger profit margins and keep your more affordable products at home. 

Of course this only works if foreign currency is more valuable and liquid than domestic currency.",1,True
UgzvEPHtghpDJ56yYnl4AaABAg,comment,eNYndWedZsE,,False,@tesladude5445,"Why wouldn’t BYD be a Tesla killer, as a current 2020 model 3 owner. I would say that buying the model 3 has been the worst decision I have ever made. I would say that a rickshaw drives better than my model 3.",1,True
UgzFpmH8g3aXaQwCDPt4AaABAg,comment,eNYndWedZsE,,False,@jezthomas4402,"I hope you have lots of vans we can test drive in this year’s UK shows as there was next to nothing last year and it’s such an important sector. So please please please get a load in for us to experience as so many of us want one. I’m especially excited about the Ford Custom and anything to do with campervans; EV campers are going to be the de facto before we know it. I bought tickets for family members in England last year and they loved it, and I’m doing the same this year but am flying over from New Zealand this year to join them 😁 Thank you!",0,True
UgynQnEEzpg8-lZwzQR4AaABAg,comment,eNYndWedZsE,,False,@alancarlyon340,"I have an MG ZS, which I purchased back in 2021. I am interested is this BYD! I and am sure many others would like to know the price range of this car and where in the UK can one view and test drive one?",0,True
UgzEaBBvttMWAEfoSg14AaABAg,comment,eNYndWedZsE,,False,@Mark1Mach2,"Why do Tesla seats suck so bad, so plasticy. Tesla can learn a lot from here.",1,True
UgyOxxHpBtUfn6ZOv3J4AaABAg,comment,eNYndWedZsE,,False,@sdnalyam,Main problem is battery replacement costs and accident repair costs. The average person cant afford a new car and will buy second hand.,0,True
UgxqzLjWjPrXDsOk7st4AaABAg,comment,eNYndWedZsE,,False,@legion1791,"I thought these BYD were combusting into flames like crazy in China...
I don't think I would ever trust a Chinese brand",0,True
UgxqzLjWjPrXDsOk7st4AaABAg.9xTuWZTPPE79xU-nuiyyj9,comment,eNYndWedZsE,UgxqzLjWjPrXDsOk7st4AaABAg,True,@MRT-co1sd,LoL…yep you better stay away and next time don’t take any London Taxis too.,3,True
Ugz7amyN3LsbIyNvsth4AaABAg,comment,eNYndWedZsE,,False,@Mark1Mach2,In US?,0,True
Ugx9uKih18u6jpkfRSp4AaABAg,comment,eNYndWedZsE,,False,@guve25,"Practice makes perfect. I still remember vividly Chinese brands first foray to electric vehicles, especially BYD. Weird MPV with battery module precariously dangling under the floor of the car, hope that car never encounter a large pothole. Today, BYD is truly delivering a worthy global quality product.",6,True
UgwS6XOCv-bEnrEd3JB4AaABAg,comment,eNYndWedZsE,,False,@Chilternflyer,"It's funny now that the likes of BYD have literally cloned everything that Tesla makes, China has now decided to ban Teslas from their roads. It's the same with all western tech: invite them in, steal their IP and then make a ruling that stops them selling the product in China whilst we idiot Westerners allow the Chinese clones into our economies. No one talks about the rust problems with the Atto 3 and the exploding battery packs in the BYD Han.",0,True
UgyxS56A_zSBvdJ3lRR4AaABAg,comment,eNYndWedZsE,,False,@80y3r9,No its another annoying sedan,0,True
UgwQdkyuKmVy_ygdhoN4AaABAg,comment,eNYndWedZsE,,False,@greyareaRK1,"'Only minus 30 degrees?' said Canadians.  ;-)
It looks quite nice.",0,True
UgybhZs4BesDCczrbHF4AaABAg,comment,eNYndWedZsE,,False,@cryogenii,Looks fab... but can we have a BYD Seal Stationwagon please!,1,True
UgwdyVWOHxSIITopGt54AaABAg,comment,eNYndWedZsE,,False,@mikemellor759,Robert - you still have what it takes to make a great video. Very impressive EV. 👍,7,True
UgyOar6rl4AZM5MNdGl4AaABAg,comment,eNYndWedZsE,,False,@AltruisticMystic,You don't mention the ev graveyards in China where new cars are thrown away to falsely increase Sales figures.,0,True
UgynxxicbY9yCSTbR3l4AaABAg,comment,eNYndWedZsE,,False,@johnsamsungs7570,I'm glad the styling isn't made to USA standard it is good looking not a brick on wheels!!,2,True
UgyDNlb3N1PmEBluwhN4AaABAg,comment,eNYndWedZsE,,False,@dbas2,Where are all these UK BYD dealers?  I can’t find them.  I asked BYD but they never replied.,0,True
UgzMhAv8-Db1HVUcTkF4AaABAg,comment,eNYndWedZsE,,False,@morestupidforms,"I want an electric car, but I also want to just pull up somewhere or other and take 5 mins to give me enough go for another month.",0,True
UgzMhAv8-Db1HVUcTkF4AaABAg.9xTqfma3G_z9xU8TsgP_lS,comment,eNYndWedZsE,UgzMhAv8-Db1HVUcTkF4AaABAg,True,@aussie405,"I find driving continuously for a month quite hard on the bladder. Not to mention, the lack of sleep makes me a bit tetchy. My body requires some respite from driving and that makes recharges less onerous. 😊",1,True
UgwExymz3RyBL_Eci4h4AaABAg,comment,eNYndWedZsE,,False,@EntropiaGuitars,"That, in an estate for my mutts - that would be an instapurchase.",0,True
UgwXmZuA0VolSw-3AmF4AaABAg,comment,eNYndWedZsE,,False,@How.deep.is.the.rabbit.hole.O,Booo supporting the enemy,0,True
UgwxOiCYnDhUSLTVZat4AaABAg,comment,eNYndWedZsE,,False,@manu.yt25,"The car is fine but your videos are bland, there's 0 actual critics...",0,True
UgxGoE-UziI1-Tm9kQp4AaABAg,comment,eNYndWedZsE,,False,@kevinphillips9408,I have one on order for delivery in January. I can’t wait.,1,True
UgwMV6GKHxognIk3bF14AaABAg,comment,eNYndWedZsE,,False,@iBackBeat,"BYD makes iPads?
I didn’t know that.
I thought all iPads are made at Foxcon and Pegatron or so?",1,True
UgwMV6GKHxognIk3bF14AaABAg.9xTpDJCn-cx9xaSM-lRcWu,comment,eNYndWedZsE,UgwMV6GKHxognIk3bF14AaABAg,True,@larryevans6739,"iPhones are made by Foxconn. BYD makes iPads... and the majority of the components within them (batteries, screens, capacitors, etc.)",3,True
UgwMV6GKHxognIk3bF14AaABAg.9xTpDJCn-cxA1BTwzpayWD,comment,eNYndWedZsE,UgwMV6GKHxognIk3bF14AaABAg,True,@roncheung8893,I think he meant all those are made in China.,1,True
UgzJepwl9pIj8wR_IK14AaABAg,comment,eNYndWedZsE,,False,@GudieveNing,Tesla have Ludicrous. BYD have Duvet.,0,True
UgyqVwJa3cpnLgKVL294AaABAg,comment,eNYndWedZsE,,False,@mehmoodkhankhattak,"you have not mentioned the range , the most important info",0,True
UgzCYqpI7sbpQKqXjsR4AaABAg,comment,eNYndWedZsE,,False,@EinsteinsTrousers,"Pushed along by a ""fluffy duvet"". 🤣🤣🤣",0,True
Ugw1CRzFwDqACczOz8x4AaABAg,comment,eNYndWedZsE,,False,@Thomas-us4wq,Perfect ? Naahh.. You had the perfect EV on the show a couple of days ago.. The Zero P1 (911 conversion),0,True
Ugwp2aENdMj8-q23Kzd4AaABAg,comment,eNYndWedZsE,,False,@mattysea7163,Some gorgeous saloon cars coming out of china recently. I’m deeply in love with the Xpeng P7,63,True
Ugwp2aENdMj8-q23Kzd4AaABAg.9xTkVwSIhVS9xUWBS8TnJ4,comment,eNYndWedZsE,Ugwp2aENdMj8-q23Kzd4AaABAg,True,@graffitijungle2072,"The P7 is a very cool car that sells very well in China. But because the P7 was Xpeng's first best selling car, developed in the early stages, some details were not as good as the new model G9, especially in terms of intelligence and battery technology. I recommend you choose a new model as much as possible.",2,True
Ugwp2aENdMj8-q23Kzd4AaABAg.9xTkVwSIhVS9xUztgn5mAQ,comment,eNYndWedZsE,Ugwp2aENdMj8-q23Kzd4AaABAg,True,@Z_Y89,"I loved that car too, but now I am an avatar 12 fan.",1,True
Ugwp2aENdMj8-q23Kzd4AaABAg.9xTkVwSIhVS9xWkwr_SqZq,comment,eNYndWedZsE,Ugwp2aENdMj8-q23Kzd4AaABAg,True,@huancheng2099,@Z_Y89You have a great eye. I have seen this car at the mall. Very high class.,2,True
Ugwp2aENdMj8-q23Kzd4AaABAg.9xTkVwSIhVS9z4FCYuVWPP,comment,eNYndWedZsE,Ugwp2aENdMj8-q23Kzd4AaABAg,True,@stefanosong9314,"actually the best vehicles in China are SUVs, BEV or PHEV, because they are best sellers",0,True
UgynzOSMJG_QjTIOfa14AaABAg,comment,eNYndWedZsE,,False,@pallettowngangster9297,"Can we just talk about the price for a second though?

The BYD Seal goes for around £21K in China, and about £25K in Australia (significantly undercutting the Model 3). In the UK, it’s currently £48K. That is big, big problem.

It puts it well above a Model 3 and on par with the far more established German manufacturers. The BYD Seal looks terrific, but I can’t see this getting widely adopted in the UK at those prices.",38,True
UgynzOSMJG_QjTIOfa14AaABAg.9xTkKq2Nr-w9xV2pB_LD4-,comment,eNYndWedZsE,UgynzOSMJG_QjTIOfa14AaABAg,True,@TsLeng,There will be deals to be had on nearly new ones in time.,2,True
UgynzOSMJG_QjTIOfa14AaABAg.9xTkKq2Nr-w9xVJmgy3eI-,comment,eNYndWedZsE,UgynzOSMJG_QjTIOfa14AaABAg,True,@MR.MACH1NE,"Why is it double the cost in the UK, Is it the old 'rip off Britain' reason again?",5,True
UgynzOSMJG_QjTIOfa14AaABAg.9xTkKq2Nr-w9xVL4JLZN84,comment,eNYndWedZsE,UgynzOSMJG_QjTIOfa14AaABAg,True,@TsLeng,@MR.MACH1NE protectionist tariffs amongst other things,44,True
UgynzOSMJG_QjTIOfa14AaABAg.9xTkKq2Nr-w9xVVjJdj55k,comment,eNYndWedZsE,UgynzOSMJG_QjTIOfa14AaABAg,True,@danielkierannevin9081,"Same here in Ireland. Even with environmental incentives (3500 euro grant), AWD performance coming in at just shy of 52k on the road. However, similar spec Tesla the same, and can easily add another 10 to 15k for an i4. Coming from someone loyal to BMW for years, I've my deposit down for a 2024 Seal AWD. Test drove it and loved it. Also test drove a model 3, and even as someone who's ""tech savy"", I didn't like the minimalism of the car. If I want to shift from drive to reverse or park, I prefer a physical gear shifter. Same with things like lights, wipers and indicators. Only gripe I have with the car at present is the over zealous safety features, but future updates will definitely fine tune this for Irish/UK roads. Also, as someone coming from a 2018 530e, this car is refined. Feels premium, with interior and design well thought out. Again, not cheap (thanks in part to Irish taxes etc) but for what I'd get for similar money with other brands, this wins hands down.",22,True
UgynzOSMJG_QjTIOfa14AaABAg.9xTkKq2Nr-w9xVnLDSyFdy,comment,eNYndWedZsE,UgynzOSMJG_QjTIOfa14AaABAg,True,@chemicalbuz,"@MR.MACH1NE because western countries are trying to slow down China's rise, at their own people expense of course. Free market my ass.",0,True
UgynzOSMJG_QjTIOfa14AaABAg.9xTkKq2Nr-w9xXhxd6HjVk,comment,eNYndWedZsE,UgynzOSMJG_QjTIOfa14AaABAg,True,@PaulRuk,It’s £47k!!!!  I’d hope this seal was amphibious for that price.,3,True
UgynzOSMJG_QjTIOfa14AaABAg.9xTkKq2Nr-w9xYEQv-9vOT,comment,eNYndWedZsE,UgynzOSMJG_QjTIOfa14AaABAg,True,@pangtianran110,"If Byd sell them in UK with Chinese price plus tax and transportation 
Ur gov will tariff the s out of them and sue BYD for dumping",45,True
UgynzOSMJG_QjTIOfa14AaABAg.9xTkKq2Nr-w9xYIqZVHfgk,comment,eNYndWedZsE,UgynzOSMJG_QjTIOfa14AaABAg,True,@pallettowngangster9297,"@pangtianran110 Yeah, I think that’s certainly part of it. Though the MG4 is significantly undercutting the market so I expected this to come in at around £35K.",1,True
UgynzOSMJG_QjTIOfa14AaABAg.9xTkKq2Nr-w9xYlAjf6UPy,comment,eNYndWedZsE,UgynzOSMJG_QjTIOfa14AaABAg,True,@Radaos,"@danielkierannevin9081 Even with customs/ VAT / VRT, the Seal could sell for €5k cheaper. I suspect they are trying not to upset the E.U. too much. As it is, the E.U are investigating Chinese car pricing.",11,True
UgynzOSMJG_QjTIOfa14AaABAg.9xTkKq2Nr-w9xZGpQA1mmC,comment,eNYndWedZsE,UgynzOSMJG_QjTIOfa14AaABAg,True,@americannumber2,we sell opinians here you go get it or get it,0,True
UgynzOSMJG_QjTIOfa14AaABAg.9xTkKq2Nr-w9x_rNwaIUMu,comment,eNYndWedZsE,UgynzOSMJG_QjTIOfa14AaABAg,True,@pikachus5m166,"@Radaos Accusing China of subsidies is as rich as it gets. No wonder Germany are hesitant, if anything the EU would be guilty of subsidising not only its legacy manufacturers, but being paid off by big oil as well.",15,True
UgynzOSMJG_QjTIOfa14AaABAg.9xTkKq2Nr-w9xf0gBT59Id,comment,eNYndWedZsE,UgynzOSMJG_QjTIOfa14AaABAg,True,@AllenLim,"China lhd. UK rhd. We need to factor in the cost of rhd conversion.
For instance in Malaysia, byd dolphin is based on the hong Kong spec, not the one from China",2,True
UgynzOSMJG_QjTIOfa14AaABAg.9xTkKq2Nr-w9xnSmHp3kIy,comment,eNYndWedZsE,UgynzOSMJG_QjTIOfa14AaABAg,True,@haveaseatplease,"The reality is far stranger than any fiction!
5% of the cars sold in the EU are made in the PRC, half of those are Tesla Model 3 and Y imported in the EU from the PRC. Almost all the others imported in the EU from the PRC are Chinese made BMW, Stellantis (Citroën), Volvo and VW. Only 0,3% of the imported cars from the PRC are made by Chinese brands like NIO, BYD and Xpeng @pikachus5m166",1,True
UgynzOSMJG_QjTIOfa14AaABAg.9xTkKq2Nr-w9xoq_faNMTF,comment,eNYndWedZsE,UgynzOSMJG_QjTIOfa14AaABAg,True,@postahundredcommentsbutonl4408,"On the electric car track, there are only Chinese, Koreans and Americans.",0,True
UgynzOSMJG_QjTIOfa14AaABAg.9xTkKq2Nr-w9xtfm69h7Kz,comment,eNYndWedZsE,UgynzOSMJG_QjTIOfa14AaABAg,True,@joebloggs6131,"When the UK was part of the EU, you got German cars, Italian cars (yes, you know THOSE brands) with no import duties or tariffs compared to say Australia or China that had to pay big import dues because of global location. 

Now the game has flipped on it's head and we've got whinging poms about ""rip off britain again crap"" - which is why the countries that progress faster do so, because they just get on with it and not complain, realise that's how things are and unless you plan to change your country of residence, there's f*** all that you can do about it.",2,True
UgyxWf2QXJct_gVo_Gt4AaABAg,comment,eNYndWedZsE,,False,@69memnon69,It’s not their experience with making batteries that contributed toward them making a better electric car. It’s their wealth of experience in rapidly copying western companies advances.,0,True
UgyHpmki2O4VUaAm5cV4AaABAg,comment,eNYndWedZsE,,False,@S0me0ne_S0meWhere_SaysHi,Nice to watch but it is worrisome that you are promoting the success of a dictatorship!,0,True
Ugy4q0NLY1ix1fqNB854AaABAg,comment,eNYndWedZsE,,False,@marek9930,"That boot is small for a sedan, esp. compared to Tesla Model 3. I wonder if you get any extra underfloor storage or frunk? Also, what about a ski hatch and a tow option?",1,True
Ugy4q0NLY1ix1fqNB854AaABAg.9xTjEDQDqn-9xVZ6Euuuja,comment,eNYndWedZsE,Ugy4q0NLY1ix1fqNB854AaABAg,True,@danielkierannevin9081,"There's 2 layers of extra under floor storage in the boot, and there's a ""frunk"" that comes kn around 40 to 50L (ideal for storing cables). Also back seats can pop down for extra storage/transporting larger items.",0,True
UgyuMO-2XeP74lnlamp4AaABAg,comment,eNYndWedZsE,,False,@pablofb75,It might be worth including in future Chinese BEV articles the availability of body panel spares to replace accident damage. I understand some manufacturers are quoting very long lead times for the parts generally damaged in a 'bump'.,0,True
UgyOMcr9KXWIUT6-dMF4AaABAg,comment,eNYndWedZsE,,False,@Dreamer10888,Bye Toyota,2,True
Ugw7i6ZipUKHK2E_mRV4AaABAg,comment,eNYndWedZsE,,False,@user9b2,The camera spends way too much time on jack’s face then the car he is introducing.,0,True
UgzeFUgGHs2N2HgJNUZ4AaABAg,comment,eNYndWedZsE,,False,@robsmith4790,"6’13. It’s a saloon. Grrrooan, hatchback please?!",0,True
Ugzz0v97GGrFFrmh8Ll4AaABAg,comment,eNYndWedZsE,,False,@lahithamalaki1005,"Pitty that the battery's of this cars have child Labour, the electric power is generated by burning wood/coal/gas and so on, a little ""green"" energie what for a big part we cannot recycle, the new diesels have no child Labour and are probably cleaner",0,True
UgzasGpMvvX15WuYNch4AaABAg,comment,eNYndWedZsE,,False,@jean-pierredumoulin8305,what happen to 001 EV,0,True
UgwXB4_oK2JSYogaaYN4AaABAg,comment,eNYndWedZsE,,False,@OWanKeno9i,"They can keep it. I'm not buying that because of the IP theft, working conditions, crappy engineering, manufacturing, and QA practices (I've experienced this first hand on a high profile vehicle manufacturing. They outright LIED in QA reports we paid for. We had to redo everything to make it right.) Considering that a ton of Chinese EVs are catching fire at random times, that's a testament to the quality of Chinese thef... um design and manufacturing.
I'd rather pay more and get something from the civilized world.
Edit: Sounds like this company has done some decent work before. No way that the Chinese bad practices have not made their way into this company as well. It's almost impossible that it hasn't.",1,True
UgxKJ5FcDbA7pK7_pZF4AaABAg,comment,eNYndWedZsE,,False,@jean-pierredumoulin8305,the question is where the hell are these cars in canada they keep feeding those horrible lythium battery cars that catch fire.,0,True
Ugw98bo2OPvKUrmg3_N4AaABAg,comment,eNYndWedZsE,,False,@iforwilliams2509,Did these people look at the Welsh language for their name? Byd is Welsh for world.,0,True
UgxYFsJR1r7mTHi2O9J4AaABAg,comment,eNYndWedZsE,,False,@JohnWarner-lu8rq,The same ones that are burning and exploding in the streets?  LOL,0,True
UgzxDuGJ04Wtr2Mx03l4AaABAg,comment,eNYndWedZsE,,False,@royc8587,Nice saloon but Europeans tend to buy Hatchbacks,0,True
Ugyg0Rkbz2LPY0aGl394AaABAg,comment,eNYndWedZsE,,False,@Frydren,"Perfect EV for me would be a bare bones vehicle a EV van with roll up windows and no bloody touch screens at all. To me people who make EV's are just tone deaf most people just want cheap vehicle that goes from A to B and at weekend to C. Personally i have zero needs for tv's, gaming setups or virtual chandeliers in my car just give me a simple cheap EV work vehicle.",0,True
UgyM6fR1Z11thNa7XPl4AaABAg,comment,eNYndWedZsE,,False,@EugeneLambert,"Love all the technical terms, such as 'it's not wibbly wobbly' 😂🤣😂",1,True
UgxhCv8mrPK5mwZvCe14AaABAg,comment,eNYndWedZsE,,False,@KieraHafermalz-Wheeler,They needed to copy škoda with their double opening boot design...the limitations of that boot is it's only drawback,1,True
UgxRNa8Kct0CB8RMAtt4AaABAg,comment,eNYndWedZsE,,False,@origin178,"Since the presenter failed to mention the price, it starts at £46k. In China, it sells for the equivalent of £22k. You could also get an Audi Q4 e-tron S-Line with only 1,500 miles on the clock for £43k!",2,True
UgxRNa8Kct0CB8RMAtt4AaABAg.9xTdlnATb9Z9xTgD572Phy,comment,eNYndWedZsE,UgxRNa8Kct0CB8RMAtt4AaABAg,True,@Peter-vn8ue,And why do you think Chinese vehicles are more affordable for Chinese people in China?,1,True
UgxRNa8Kct0CB8RMAtt4AaABAg.9xTdlnATb9Z9xXjImp_LNv,comment,eNYndWedZsE,UgxRNa8Kct0CB8RMAtt4AaABAg,True,@Glennloveshimself,"The entry model 60kwh Seal is just under $50,000 in Australia, mid range MG4/Atto 3 money.",2,True
UgxRNa8Kct0CB8RMAtt4AaABAg.9xTdlnATb9Z9yDTccNB1kt,comment,eNYndWedZsE,UgxRNa8Kct0CB8RMAtt4AaABAg,True,@FallenLeavesReturnToRoots,Import duties charged by the UK government?,0,True
Ugw67lw9ZsjbStjsrRB4AaABAg,comment,eNYndWedZsE,,False,@prashantbittu,"It's a fantastic car by all means but has a fatal flaw. Its price. Given that it costs higher than a Tesla Model 3 Highland, how will it sell? Tesla is a much bigger brand name and BYD will have a real tough time convincing customers to pay more for an equivalent product. Time will tell.",0,True
UgxDy8nR_wB6qmMyh7l4AaABAg,comment,eNYndWedZsE,,False,@Dandysworldandother,Anything label made in china is is proven to be bad..,0,True
UgxJOeS-DIbFifaXzwF4AaABAg,comment,eNYndWedZsE,,False,@n37z,"Seal was our second choice after MY, local SC sucks and we cancelled our order sadly :(",0,True
UgxwbEhgwkj-jfQZ_QR4AaABAg,comment,eNYndWedZsE,,False,@alacarte5073,Great car... My local bus in Waterloo is byd..,1,True
UgzcSPJcH6lET3YVbop4AaABAg,comment,eNYndWedZsE,,False,@bobby350z,Some reason Japanese car mfg still stuck in 2010 something.,0,True
UgxkBKRcggHMFTxGRWt4AaABAg,comment,eNYndWedZsE,,False,@francisdebriey3609,"82kwh for only 300 miles seems not that good. I have the ioniq5 73kwh and I have the same range...nevertheless this car seems great. I wouldn't buy it because I prefer compact SUVs, like the ex30 or bigger ones like the ioniq5. Definitely I will never buy a Telsa, because I hate their design line, even if I praise Elon and Tesla for their achievements.",0,True
UgxkBKRcggHMFTxGRWt4AaABAg.9xTc0BqgLND9xTjiwd6wlK,comment,eNYndWedZsE,UgxkBKRcggHMFTxGRWt4AaABAg,True,@genericuser2339,"Yeah I commented the same re my ev6. What’s so good about this when with a smaller density battery the ev6, ionic5 etc (ie same underneath) seem to be more efficient. When he said 82kwh I though that it was going to push 400 miles so was v surprised with regard to the wltp (which we all know is crap anyway).",0,True
UgzSmFPIKkngbeyuYAx4AaABAg,comment,eNYndWedZsE,,False,@DWJamieson,Design analysis Tesla mated with a Prius,0,True
UgyEeWWcvdGk5kxtmrR4AaABAg,comment,eNYndWedZsE,,False,@zenpai47,Sponsored by the CCP,1,True
Ugz6bm31YihgKFtKAdh4AaABAg,comment,eNYndWedZsE,,False,@michaelra5009,Looks good. What's the kerb weight and kwh/km?,1,True
UgwZA1aFYwhnCCe1q-14AaABAg,comment,eNYndWedZsE,,False,@TheSportsPROgram,I don't trust most things made in China .....,0,True
Ugx5kDN3CDliIB1Qno14AaABAg,comment,eNYndWedZsE,,False,@encodersofia,7:00 Toyota lost time with the hydrogen nonsense,1,True
Ugx_dgsr9Z-qvRBrP7t4AaABAg,comment,eNYndWedZsE,,False,@fredpinczuk7352,BYD is light years ahead in battery tech. Yes they don't have the discharge rate. But they are far safer than anything Tesla can put out.,36,True
Ugx_dgsr9Z-qvRBrP7t4AaABAg.9xT_yD7iUZv9xTsoDaB0te,comment,eNYndWedZsE,Ugx_dgsr9Z-qvRBrP7t4AaABAg,True,@gwsheipang,"Yes or no, as BYD also supply their blade battery to Tesla, so they are on par with battery tech.",6,True
Ugx_dgsr9Z-qvRBrP7t4AaABAg.9xT_yD7iUZv9xUmiNZudVF,comment,eNYndWedZsE,Ugx_dgsr9Z-qvRBrP7t4AaABAg,True,@johnsmith-cw3wo,"@gwsheipang only the ones made in Berlin use BYD batteries,
 but Brits only get the ones made in Shanghai, is the only factory that bother with wheel on the wrong side of the car. ",1,True
Ugx_dgsr9Z-qvRBrP7t4AaABAg.9xT_yD7iUZv9xXivhvxbVR,comment,eNYndWedZsE,Ugx_dgsr9Z-qvRBrP7t4AaABAg,True,@tooltalk,"@gwsheipang >> Yes or no, as BYD also supply their blade battery to Tesla, so they are on par with battery tech. <<
BYD/CATL's LFPs are mainly limited to entry-level, low-range EVs.   Tesla uses LG Chem's NCM in Long Range models; and Panasonics NCA in Performance..",0,True
Ugx_dgsr9Z-qvRBrP7t4AaABAg.9xT_yD7iUZv9xgfl-Ip0bL,comment,eNYndWedZsE,Ugx_dgsr9Z-qvRBrP7t4AaABAg,True,@fredpinczuk7352,"Negative, They were 1st introduced to the Chinese market even knowing Tesla Denied the agreement. And now in the US as well with the base M3@johnsmith-cw3wo",0,True
UgxZ2qiE1TEIfhfuft14AaABAg,comment,eNYndWedZsE,,False,@fnerf0,No news about your giveaway from start of 2023.? It was all a scam?,1,True
Ugz_JtUs9j2j-LeAJPJ4AaABAg,comment,eNYndWedZsE,,False,@victorsvoice7978,The Seal looks great. But Tesla has a great advance with the charger network. How fast does the BYD Seal charge?,0,True
Ugz_JtUs9j2j-LeAJPJ4AaABAg.9xT_E3VhEo99xTgjevL_OH,comment,eNYndWedZsE,Ugz_JtUs9j2j-LeAJPJ4AaABAg,True,@remakeit2628,"150kW max to preserve battery.  BYD are not interested in ultra fast charging unless a battery tech or chemistry is as equally advanced.  So if you are in a hurry on a very long trip BYD BYD is not optimum.  However, if you want a 30 minute break, then it's perfect.",0,True
Ugz_JtUs9j2j-LeAJPJ4AaABAg.9xT_E3VhEo99xTi7B4LeGc,comment,eNYndWedZsE,Ugz_JtUs9j2j-LeAJPJ4AaABAg,True,@123silentassassin,@remakeit2628one thing to note though about BYD and their charging rates is the charging rates are linear unlike most other manufacturers which spike then drop then spike again etc…,0,True
UgzW1qY9a1I8H8wb-q54AaABAg,comment,eNYndWedZsE,,False,@hometechUK,"Now that's a good looking EV & unlike Tesla model 3 it has speedometer in front of you & some actual buttons, but we need more family hatchback EVs.",17,True
Ugx3Y40cOAmwaRwc8e14AaABAg,comment,eNYndWedZsE,,False,@gillscorner794,as a dog owner really dissapointed its not a hatch,0,True
Ugx3Y40cOAmwaRwc8e14AaABAg.9xTZKBmBdbi9xTguPOI30X,comment,eNYndWedZsE,Ugx3Y40cOAmwaRwc8e14AaABAg,True,@remakeit2628,BYD Seal U is a hatch.  Will have RHDs avail in 2024.,1,True
Ugzm4DC8bBgQALX4zKJ4AaABAg,comment,eNYndWedZsE,,False,@clintonherring,"I took the atto3 on 2 long road trips. the one was 1200km round trip between Netherlands, Germany and Belgium. The second was 3400km that stretched between Netherlands and Marseilles. I struggle with the charging infrastructure. I love the car. I am looking forward to what BYD brings out.

P.S. any discount codes available for the full charged show in Amsterdam this weekend?",15,True
UgxeUwNP_Bh59TiDIRV4AaABAg,comment,eNYndWedZsE,,False,@julpasali,The only reason it won't be a so called  tesla killer is the tesla charging network.,0,True
UgxeUwNP_Bh59TiDIRV4AaABAg.9xTYXni3lSe9xThd4FWrLh,comment,eNYndWedZsE,UgxeUwNP_Bh59TiDIRV4AaABAg,True,@Peter-vn8ue,Its a competitor. It's the stupid mainstream media that use the Tesla killer tag.,0,True
Ugz8XhgVzG0JRUp93YN4AaABAg,comment,eNYndWedZsE,,False,@Robosan4000,Why are these not in the USA?  Does the US have laws against importation of Chinese cars?,0,True
Ugz8XhgVzG0JRUp93YN4AaABAg.9xTYRUXjsyJ9xT_bz-1hS2,comment,eNYndWedZsE,Ugz8XhgVzG0JRUp93YN4AaABAg,True,@Radaos,"27.5% tariffs on Chinese car imports to U.S. make them a hard sell.  Tariffs imposed by Orange Man, continued by Joe.",0,True
Ugz8XhgVzG0JRUp93YN4AaABAg.9xTYRUXjsyJ9xTm6_f0t7Y,comment,eNYndWedZsE,Ugz8XhgVzG0JRUp93YN4AaABAg,True,@Robosan4000,@Radaos Thanks.  I knew it had to be a tax thing.  Every other product in the US is from China but not cars.  Seems like a dumb tax.,1,True
UgwaoPbHosP8NB0bCsV4AaABAg,comment,eNYndWedZsE,,False,@demon33,"Was this an advert?  Certainly gives off the paid advert vibe, everything is great and perfect….",1,True
UgzhE9-lCvhgmCRYHSB4AaABAg,comment,eNYndWedZsE,,False,@geoff-hou,Great to see the beautiful Lake District featured! But no mention of price???,1,True
UgxHjBTjQ4tcli9Cl9N4AaABAg,comment,eNYndWedZsE,,False,@ebutuoyYT,"Cry for Palestinians, but ignore the myriad abuses of the CCP, which has its roots in every Chinese business, Western people sure drop their moral grandstanding damn quickly, when shiny things are waved in front of them.
Chinese products may seem good value at the moment, which direction do you think prices will go when they have a virtual monopoly? 
Think people….",1,True
UgxOrhSboFxpt5lZaTp4AaABAg,comment,eNYndWedZsE,,False,@ricardolemos2178,They will be competing with VW in who makes the ugliest electric cars,0,True
Ugzj7rwyaVseIM4C8tJ4AaABAg,comment,eNYndWedZsE,,False,@erebostd,1.) what data is collected during driving? 2.) what happens to it? - after some hackers discovered that some chinese cars even send images from their passengers (and potential audio recordings of drives) to „somewhere in china“ im quite hesitant with chinese cars. Currently I’m driving a German EV (because they take privacy very serious). I would absolutely buy a elegant chinese car like this if it ncap ratings are good and if it’s clear which data is collected and what’s happening to it. (PS: and people are happy their cars provide „selfie modes“ that upload pictures of the interior „directly“ to their phones… it blows my mind),3,True
Ugzj7rwyaVseIM4C8tJ4AaABAg.9xTX2MB34GH9xTZ7tnaL29,comment,eNYndWedZsE,Ugzj7rwyaVseIM4C8tJ4AaABAg,True,@Radaos,"The BYD Seal has a 360 degree parking camera. It does not have an interior camera. It does not have a dashcam in EU markets due to GDPR. If you are concerned about data collection, remove the SIM card from the car.",2,True
Ugzj7rwyaVseIM4C8tJ4AaABAg.9xTX2MB34GH9xTac2HU9XM,comment,eNYndWedZsE,Ugzj7rwyaVseIM4C8tJ4AaABAg,True,@erebostd,"@Radaos is it removable? No interior camera is good news, most systems have one to check if the driver’s look at the road. How did they do it? I suppose it has lane assist?",0,True
Ugzj7rwyaVseIM4C8tJ4AaABAg.9xTX2MB34GH9xeDOFKP8xG,comment,eNYndWedZsE,Ugzj7rwyaVseIM4C8tJ4AaABAg,True,@ralphzoombeenie2330,I'm more concerned about MY government gathering data. The Chinese are only likely to sell you something not start a scare campaign or war.,0,True
UgzzQQbJ5rxfIv3BltN4AaABAg,comment,eNYndWedZsE,,False,@richardmatison3591,"A great review. I've fond memories of visiting the Lakes District about 20 years ago. I like the heads up display and standard controls on the BYD. I'd buy a Model 3 due to the critically superior charging speed of 250Kw vs 150Kw (long-range). I believe the Model 3 is quieter, faster and more efficient with sorted OTA upgrades and progressed FSD.The BYD is a reasonable buy in Australia, around $10kAUD less expensive than a Model 3 and due December or January here. Thanks for the review.",1,True
UgzzQQbJ5rxfIv3BltN4AaABAg.9xTWyt0jUCq9xTmCm1T_2o,comment,eNYndWedZsE,UgzzQQbJ5rxfIv3BltN4AaABAg,True,@captain_elmo,"BYD also has OTA upgrades, and better road noise deadening.",3,True
UgzzQQbJ5rxfIv3BltN4AaABAg.9xTWyt0jUCq9xTqQIrSQng,comment,eNYndWedZsE,UgzzQQbJ5rxfIv3BltN4AaABAg,True,@onetwothreefour-s1n,You forgot Tesla being a de facto wh*te pow*er auto maker as well. Definitely a huge pro or con depending on your views.,2,True
UgxtEd9bDdZxp2FgPjl4AaABAg,comment,eNYndWedZsE,,False,@barryamorris,"Remember folk, it’s only “misinformation” if it’s not true",0,True
UgzpPh7PGrcvApsjHeB4AaABAg,comment,eNYndWedZsE,,False,@antypanag1,Nice presentation,0,True
Ugw13i5Ak1AHm1PG0rl4AaABAg,comment,eNYndWedZsE,,False,@kimarefall,"Love my BYD Atto 3, best car I've ever had and full of tech and electric. But the Seal...wow. I would really like to own one 👍",20,True
UgzOil-cOg0wNg4xbP14AaABAg,comment,eNYndWedZsE,,False,@drxym,"The worst thing about some BYD cars is that ""Build your dreams"" logo smeared along the back. It might impress Chinese people it's just kind of tasteless - a lame Range Rover knockoff. It seems like this car doesn't do it, which is a major improvement over the likes of the Atto 3 just in itself.",0,True
UgzOil-cOg0wNg4xbP14AaABAg.9xTW34iD2Lo9zMnpXecPc1,comment,eNYndWedZsE,UgzOil-cOg0wNg4xbP14AaABAg,True,@rpgfightin4ever,I think it is way better than making assummptions what BYD actually means (Ban Your Dino? Beat Your Dog? or what else),0,True
UgySIhYWhShNNCzMwoB4AaABAg,comment,eNYndWedZsE,,False,@kozhenidres314,looks like an advertisement more than a review but still i trust because it is fully charged show ❤❤❤,0,True
UgySIhYWhShNNCzMwoB4AaABAg.9xTVzPDN-5I9xUw2tFe9M4,comment,eNYndWedZsE,UgySIhYWhShNNCzMwoB4AaABAg,True,@EcoHouseThailand,I own an AWD and thought the review was spot on. I would just add that I have switched off most of the ADAS,0,True
UgyllL6PDQ_fX1o7IwJ4AaABAg,comment,eNYndWedZsE,,False,@-_James_-,"I was in an electric Kia just a few days ago.  (Taxi in Norway.)  I happened to ask the driver what he thought of it, and one of the first things he said was how switching on the heating immediately reduces the range by 100km.  He even toggled the switch to show me.",18,True
UgyllL6PDQ_fX1o7IwJ4AaABAg.9xTVpafQfXC9xTuCebT5an,comment,eNYndWedZsE,UgyllL6PDQ_fX1o7IwJ4AaABAg,True,@Mark1Mach2,Wow that's interesting. They need better heat management.,0,True
UgyllL6PDQ_fX1o7IwJ4AaABAg.9xTVpafQfXC9xTx42-fnsY,comment,eNYndWedZsE,UgyllL6PDQ_fX1o7IwJ4AaABAg,True,@randysteven88,"EV6 owner here, looking at my stats of last month climate was only around 10% of my maximum consumption, its currently sitting at 387.2 kWh with an average of 17.37 kWh / 100km (~2230km driven).
So only 10% of that 387.2 kWh was heating and I always drive around with the climate on 21.5C, seat heater on full and steering wheel blazing hot (its currently 6C outside and ~9C during the day)..
I don't think these are bad numbers, my guess it was a very cold day in Norway and he didn't have a heat-pump installed in the car, so he was basically turning on the resistance based heater that would drastically decrease the range on any EV..",4,True
UgyllL6PDQ_fX1o7IwJ4AaABAg.9xTVpafQfXC9xVGNF_bZyS,comment,eNYndWedZsE,UgyllL6PDQ_fX1o7IwJ4AaABAg,True,@-_James_-,@randysteven88 I wouldn't say it was a particularly cold day for Norway in the winter time.  It was only around -6c or so.,0,True
UgyllL6PDQ_fX1o7IwJ4AaABAg.9xTVpafQfXC9xYfG0hfb6o,comment,eNYndWedZsE,UgyllL6PDQ_fX1o7IwJ4AaABAg,True,@randysteven88,@-_James_-  Without a heatpump to pump around fluids that have been heated by using the excess heat of the drivemotor(s) / battery pack the car is can only use the power-hungry resistance heating system too heat up the cabin and doesn't have access too the heat that the pump brings too the table.,1,True
UgyllL6PDQ_fX1o7IwJ4AaABAg.9xTVpafQfXC9y41MdOvuES,comment,eNYndWedZsE,UgyllL6PDQ_fX1o7IwJ4AaABAg,True,@SS_SunnyNMoon,Kia is the korean one?,3,True
UgyllL6PDQ_fX1o7IwJ4AaABAg.9xTVpafQfXC9yt8d0bQBDS,comment,eNYndWedZsE,UgyllL6PDQ_fX1o7IwJ4AaABAg,True,@ChiefsFanInSC,the thermal management system is a HUGE deal.  Tesla and the Chinese manufacturers are way ahead of the competition.,1,True
UgxyrMMEpO5sUvAb-JV4AaABAg,comment,eNYndWedZsE,,False,@martingill6996,"BYD showing  what the Chinese do best by improving products by adding in what people want , ie. head up display and retaining some important buttons, nice car . Thanks Robert .",162,True
UgxyrMMEpO5sUvAb-JV4AaABAg.9xTVRKNwMhk9z4F4WZE5il,comment,eNYndWedZsE,UgxyrMMEpO5sUvAb-JV4AaABAg,True,@stefanosong9314,"when outsiders see new fancy Chinese products, they have already been through bloody fights domestically, such as phones, trains, mechanical machines and cars, next will be airplanes",3,True
UgxmnHrSfdT8cF1078h4AaABAg,comment,eNYndWedZsE,,False,@100PercentGoodEnough,Heat pumps don’t work well below -5 Celsius. They will “work” at colder temperatures but they won’t produce any heat.,0,True
UgyNW0Z-de_SwPPErRB4AaABAg,comment,eNYndWedZsE,,False,@4th_Disciple,3:46 he just said BYD🤷‍♂️,0,True
Ugyu2Fx8SwmjA8DZUgl4AaABAg,comment,eNYndWedZsE,,False,@mikez3421,I want this car so badly. But… it’s not for sale in Canada.😂,2,True
UgxhgyRBvaRB7SN4qwl4AaABAg,comment,eNYndWedZsE,,False,@reactdev101,Chinese cars? not even interested,1,True
UgxV-HD4wld_Ywc6yAh4AaABAg,comment,eNYndWedZsE,,False,@tonyn3227,I wish the car was available here in USA. But with this current crooked rotten administration who knows.,0,True
Ugyef43U2sfntVygFBl4AaABAg,comment,eNYndWedZsE,,False,@noesrp6595,Fully charged getting better and better. Approaching production quality that of top gear prior to the firing debacle.,2,True
UgzDcmMXhAunTKfIkhF4AaABAg,comment,eNYndWedZsE,,False,@dogbreath6974,"Mr R.L you may not be articulate as Jack but, you sure are more entertaining. Loved the episode, music choice was good to.",0,True
UgwoGc8iY8aCgLN_b6F4AaABAg,comment,eNYndWedZsE,,False,@DrFusk,"While the car looks nice, and the price isn't out of my range on my income as a single person. But, in my country insurance premium increase the more HP a car has. So, this will be expensive to own.",0,True
UgwoGc8iY8aCgLN_b6F4AaABAg.9xTSDiOTcpJ9xTZnIpX62V,comment,eNYndWedZsE,UgwoGc8iY8aCgLN_b6F4AaABAg,True,@Radaos,Quotes I've seen are cheaper than for an internal combustion car with the same performance.,0,True
UgwoGc8iY8aCgLN_b6F4AaABAg.9xTSDiOTcpJ9xTbRxqfaO8,comment,eNYndWedZsE,UgwoGc8iY8aCgLN_b6F4AaABAg,True,@DrFusk,"That may be so. But a regular ice car this size and price range has maybe 150 ish hp.
Seal has trippel, meaning the insurance is going to be higher than that of a similar size/price ice car.

Like, i just checked and a Seal Excellence would cost me almost 700€ more per year, that's a 40% ish increase.

That is just because of hp. If Excellence had 170/200/250 instead, it would be a different story.",0,True
UgwoGc8iY8aCgLN_b6F4AaABAg.9xTSDiOTcpJ9xTgt0chOHh,comment,eNYndWedZsE,UgwoGc8iY8aCgLN_b6F4AaABAg,True,@Radaos,@DrFusk Less than €700 total is what I have seen. Maybe more for young drivers.,0,True
UgwoGc8iY8aCgLN_b6F4AaABAg.9xTSDiOTcpJ9xUdrMrulx9,comment,eNYndWedZsE,UgwoGc8iY8aCgLN_b6F4AaABAg,True,@DrFusk,"@Radaos Uhh, if your 21, it's 3.100€ per year. That's double of what I would have to pay.",0,True
UgzkSudIb8xqSV3aHM14AaABAg,comment,eNYndWedZsE,,False,@cloudbase4140,No Rear Wash / Wipe ! Camera washers ?  Unsafe to drive ?,0,True
UgwKgBdDM6cwD9Zlw3x4AaABAg,comment,eNYndWedZsE,,False,@Pottery4Life,Thank you.  I only wish they would bring their cars to the States.,1,True
Ugw5fdpstDpSNvFgGkt4AaABAg,comment,eNYndWedZsE,,False,@peace8373,"The old line auto industry is trapped by their own self-empowerment. Chasing todays quarterly profits is how the executives are paid, so long term survival of their industry is not current managements goals. New ideas are made by men with vision, new ideas, new dreams as well as ways of selling autos. I want a cleaner, quieter world, not saddled with the petro needs. This group seems to have hit the mark with a western automobile. Maybe that why they are doing so good in China too.",0,True
UgzAEj03bgObaF6R2op4AaABAg,comment,eNYndWedZsE,,False,@tomsdaddy,"No more of these 'Infomercials' please, Robert.",0,True
Ugx2XROso0iyQwRVeHR4AaABAg,comment,eNYndWedZsE,,False,@evkx,Great insights!,0,True
Ugy104RNwNMrIhz7CzB4AaABAg,comment,eNYndWedZsE,,False,@alaintavakoli4573,"What ever you see around you , they've involved in it somehow .
For a long time.. almost more than 50 years they're doing it,  know here we go...",0,True
Ugz8HyiY3laIFALUsMl4AaABAg,comment,eNYndWedZsE,,False,@ndukasmith,"im sorry ?  What nonsense battery manufacturing was Moved in the 80s to them? I thought in the 80s the UK. Car industry was in a decline? . So innovation is the birthright of certain countrys? so other countries should not innovate because some countries exist? All these so called reviewers. You can not accept that a country has made something. You must always attribute it to yourself  ......hiss  ... Please focus on the merits of the car, not some disinformation. BS!",1,True
UgxO-dyT24CHmdUxixp4AaABAg,comment,eNYndWedZsE,,False,@leo-giordani,12 years ago top gear went to China and drove the first decent Chinese cars and asked the question would we all be driving Chinese cars in 10 years and they said unequivocally yes. They were right.,1642,True
UgxO-dyT24CHmdUxixp4AaABAg.9xTQUZNwhnJ9xWsGLa-o0f,comment,eNYndWedZsE,UgxO-dyT24CHmdUxixp4AaABAg,True,@SK-lt1so,But we aren't.,78,True
UgxO-dyT24CHmdUxixp4AaABAg.9xTQUZNwhnJ9xXSqCKOfm4,comment,eNYndWedZsE,UgxO-dyT24CHmdUxixp4AaABAg,True,@Kive-Chan,"we will,it’s a fact",86,True
UgxO-dyT24CHmdUxixp4AaABAg.9xTQUZNwhnJ9xXaBKDo82D,comment,eNYndWedZsE,UgxO-dyT24CHmdUxixp4AaABAg,True,@Giavel84,"if you check the comments here you will see that yes, we are@SK-lt1so",0,True
UgxO-dyT24CHmdUxixp4AaABAg.9xTQUZNwhnJ9xXsnXTLfP2,comment,eNYndWedZsE,UgxO-dyT24CHmdUxixp4AaABAg,True,@derbigpr500,"The really good Chinese cars won't make it to Europe because it won't be allowed, they'd ruin our industry, or the EU will slam such taxes on them it will be financially impossible to buy them. Look up  cars like the Nio ET5, Xpeng P7 (co-developed with Porsche), Geely Galaxy L6, IM LS6 (800hp for 40k dollars), IM L7 sedan, which had the chassis co-developed by the Williams F1 team. Or the Roewe F7,  Aion Hyper GT, QiYuan A07, MG7, BYD HAN, Avatr 12, etc.  I mean, these are just new sedans released in the last couple of months. ONLY SEDANS. Didn't mention any other type, and they're all some of the best looking sedans you'll ever see, and better looking than anything any western established manufacturer is doing right now. China is making so many new cars it's mindblowing. Their car industry is booming in a way that no car industry in the world has ever done. We won't buy Chinese cars because they're cheap, we'll WANT to buy them because they'll be desirable because of their design, quality, performance, etc. That's just the reality the west has not woken up to yet. We've been overtaken, and we're already so far behind we couldn't even catch up if we tried, let alone if we're not aware that we're behind and live in a delusion that China is still making cheap knock-off cars. They're not. They're leading the way in tech and in design.",347,True
UgxO-dyT24CHmdUxixp4AaABAg.9xTQUZNwhnJ9xXxc8BCGlU,comment,eNYndWedZsE,UgxO-dyT24CHmdUxixp4AaABAg,True,@Giavel84,"@derbigpr500 Don't worry, the really good cars are coming too. Some of the ones you mentioned, like the XPeng P7, the BYD Han and the Nio ET5 are already on sale in Europe. I've set my eyes on the Luxeed S7, which should be available in Europe in the next couple of years.",78,True
UgxO-dyT24CHmdUxixp4AaABAg.9xTQUZNwhnJ9xYB4Dhkg8i,comment,eNYndWedZsE,UgxO-dyT24CHmdUxixp4AaABAg,True,@trex1448,No one drives Chinese cars,18,True
UgxO-dyT24CHmdUxixp4AaABAg.9xTQUZNwhnJ9xYNUFyOBL8,comment,eNYndWedZsE,UgxO-dyT24CHmdUxixp4AaABAg,True,@derbigpr500,"@trex1448 Yea, that must be true. That's why their car industry is booming so much, because noone drives their cars. I guess they're just so full of money they can afford to produce as much cars as the rest of the world combined all for them to just sit in a parking lot and not be driven. 

Ignorant people like you forget that the Chinese market is twice the size of North America + EU. COMBINED.",1,True
UgxO-dyT24CHmdUxixp4AaABAg.9xTQUZNwhnJ9xZCf114yDH,comment,eNYndWedZsE,UgxO-dyT24CHmdUxixp4AaABAg,True,@kl9518,"​@trex1448   I have seen lots of Chinese made cars in the UK. MG, Tesla, Pulsars. Vw, Mercedes, and BMW have Chinese made batteries and components.",109,True
UgxO-dyT24CHmdUxixp4AaABAg.9xTQUZNwhnJ9xZGMILzYrv,comment,eNYndWedZsE,UgxO-dyT24CHmdUxixp4AaABAg,True,@trex1448,"@kl9518  You've occasionally seen chinese cars driven by chinese nationals which are ripped off IP from foreign car companies and some some car parts are manufactured in China. Thats a far cry from everyone driving ""chinese"" cars.",0,True
UgxO-dyT24CHmdUxixp4AaABAg.9xTQUZNwhnJ9x_1uVrlMG_,comment,eNYndWedZsE,UgxO-dyT24CHmdUxixp4AaABAg,True,@davkrk8109,"​@trex1448MG.... Chinese cars , old  European brand...",39,True
UgxO-dyT24CHmdUxixp4AaABAg.9xTQUZNwhnJ9xbIMUZ7ZMi,comment,eNYndWedZsE,UgxO-dyT24CHmdUxixp4AaABAg,True,@miki-wong836,@trex1448 😱NoOne🤣🤣🤣,38,True
UgxO-dyT24CHmdUxixp4AaABAg.9xTQUZNwhnJ9xbQaW3c3tj,comment,eNYndWedZsE,UgxO-dyT24CHmdUxixp4AaABAg,True,@photographacataday,@SK-lt1so😂,1,True
UgxO-dyT24CHmdUxixp4AaABAg.9xTQUZNwhnJ9xbQgDnwu5x,comment,eNYndWedZsE,UgxO-dyT24CHmdUxixp4AaABAg,True,@photographacataday,@trex1448😂no one use Chinese phone,36,True
UgxO-dyT24CHmdUxixp4AaABAg.9xTQUZNwhnJ9xcV2G0pThl,comment,eNYndWedZsE,UgxO-dyT24CHmdUxixp4AaABAg,True,@PandaX-1991,"@trex1448 3.9 million Chinese cars were exported from January to October this year. yeah,no one",61,True
UgxO-dyT24CHmdUxixp4AaABAg.9xTQUZNwhnJ9xcVm5QO3qo,comment,eNYndWedZsE,UgxO-dyT24CHmdUxixp4AaABAg,True,@trex1448,"@PandaX-1991 most of that are cars manufactured in china for other brands. Russia imports Chinese car and they take about 100k. Thats it. No cars are going to Europe, US and certainly not to the UK.",1,True
UgxO-dyT24CHmdUxixp4AaABAg.9xTQUZNwhnJ9xcWDuwwx0Q,comment,eNYndWedZsE,UgxO-dyT24CHmdUxixp4AaABAg,True,@PandaX-1991,@trex1448Some brands like Ford Chevrolet Toyota is very suitable for old people.The old man drives an old car😂,15,True
UgxO-dyT24CHmdUxixp4AaABAg.9xTQUZNwhnJ9xcWK_NN2Q7,comment,eNYndWedZsE,UgxO-dyT24CHmdUxixp4AaABAg,True,@RuohongZhao,@Giavel84Lexeed S7 may never come or show up one day in Huawei showroom. It it heavily involved with huawei so it might get extremely resistance on importing. I just saw one in huawei store in China and that car doesn’t look so good. I prefer Avatar but that car is not good at handling.,0,True
UgxO-dyT24CHmdUxixp4AaABAg.9xTQUZNwhnJ9xcWSDMZ_sw,comment,eNYndWedZsE,UgxO-dyT24CHmdUxixp4AaABAg,True,@PandaX-1991,@trex1448 Zeeker is already in Stockholm 😂,30,True
UgxO-dyT24CHmdUxixp4AaABAg.9xTQUZNwhnJ9xcWb_sYHWc,comment,eNYndWedZsE,UgxO-dyT24CHmdUxixp4AaABAg,True,@PandaX-1991,@trex1448 Roewe and MG is now chinese brands😅,32,True
UgxO-dyT24CHmdUxixp4AaABAg.9xTQUZNwhnJ9xcYNN61QG1,comment,eNYndWedZsE,UgxO-dyT24CHmdUxixp4AaABAg,True,@PandaX-1991,"@trex1448 Do you know byd has a bus factory in US？Get out of your house,maybe you can see some BYD bus😅",43,True
UgxO-dyT24CHmdUxixp4AaABAg.9xTQUZNwhnJ9xcZki2Rp32,comment,eNYndWedZsE,UgxO-dyT24CHmdUxixp4AaABAg,True,@PandaX-1991,"@trex1448 UK？China has exported 150,000 cars to the UK this year🥹",36,True
UgxO-dyT24CHmdUxixp4AaABAg.9xTQUZNwhnJ9xcoxAsSD6B,comment,eNYndWedZsE,UgxO-dyT24CHmdUxixp4AaABAg,True,@trex1448,@PandaX-1991 zero sales numbers,0,True
UgxO-dyT24CHmdUxixp4AaABAg.9xTQUZNwhnJ9xcpGsgq69D,comment,eNYndWedZsE,UgxO-dyT24CHmdUxixp4AaABAg,True,@trex1448,@PandaX-1991 with nonexisting sales in the 1.6 million cars sold as of October.,3,True
UgxO-dyT24CHmdUxixp4AaABAg.9xTQUZNwhnJ9xdHW-07ot7,comment,eNYndWedZsE,UgxO-dyT24CHmdUxixp4AaABAg,True,@PandaX-1991,@trex1448 I thought I was communicating with a ‘normal person ’🥹,0,True
UgxO-dyT24CHmdUxixp4AaABAg.9xTQUZNwhnJ9xdeBBW4yAw,comment,eNYndWedZsE,UgxO-dyT24CHmdUxixp4AaABAg,True,@trex1448,@PandaX-1991 MG is made in UK. Roewe has zero sales and trash quality,0,True
UgxO-dyT24CHmdUxixp4AaABAg.9xTQUZNwhnJ9xdeFKeh9AA,comment,eNYndWedZsE,UgxO-dyT24CHmdUxixp4AaABAg,True,@trex1448,@PandaX-1991 with zero sales in US made as a pr wish.,0,True
UgxO-dyT24CHmdUxixp4AaABAg.9xTQUZNwhnJ9xdefr5rlAQ,comment,eNYndWedZsE,UgxO-dyT24CHmdUxixp4AaABAg,True,@PandaX-1991,"@trex1448 yeah,have fun with yourself.🥹",21,True
UgxO-dyT24CHmdUxixp4AaABAg.9xTQUZNwhnJ9xdf05mkHq7,comment,eNYndWedZsE,UgxO-dyT24CHmdUxixp4AaABAg,True,@PandaX-1991,@trex1448 Great Chinese cars will crush your vehicle industry like Japan 40 years ago.🥹don’t cry,29,True
UgxO-dyT24CHmdUxixp4AaABAg.9xTQUZNwhnJ9xdfT7IAKYC,comment,eNYndWedZsE,UgxO-dyT24CHmdUxixp4AaABAg,True,@frankd8358,@derbigpr500it's said that in  democratic West free economics the trade barriers would never been a choice.😂 funny,12,True
UgxO-dyT24CHmdUxixp4AaABAg.9xTQUZNwhnJ9xdfkOqmTt6,comment,eNYndWedZsE,UgxO-dyT24CHmdUxixp4AaABAg,True,@PandaX-1991,"@trex1448 I have a BMW,Neo,but I don’t want buy US old cars.🥹does 🇬🇧 still own car brand?",12,True
UgxO-dyT24CHmdUxixp4AaABAg.9xTQUZNwhnJ9xdgHO3y8Vr,comment,eNYndWedZsE,UgxO-dyT24CHmdUxixp4AaABAg,True,@PandaX-1991,@trex1448 American people can only buy low quality cars like Tesla which is made in USA 🇺🇸,15,True
UgxO-dyT24CHmdUxixp4AaABAg.9xTQUZNwhnJ9xdgQgMa8QM,comment,eNYndWedZsE,UgxO-dyT24CHmdUxixp4AaABAg,True,@PandaX-1991,@trex1448 Shanghai Tesla factory provides better quality than the US😅,28,True
UgxO-dyT24CHmdUxixp4AaABAg.9xTQUZNwhnJ9xePtColnXY,comment,eNYndWedZsE,UgxO-dyT24CHmdUxixp4AaABAg,True,@stevechard3860,"Clarkson, May and Hammond called it correctly  about Chinese cars, like it or not it looks a quality product and if they get the showrooms the roads will be inundated with them soon, hopefully be a wake up call to other manufacturers 😳😳",9,True
UgxO-dyT24CHmdUxixp4AaABAg.9xTQUZNwhnJ9xeWOLYyUA6,comment,eNYndWedZsE,UgxO-dyT24CHmdUxixp4AaABAg,True,@weird-guy,"We even have byd buses in the eu, Chinese cars still make up a small market share but they only recently entered the market but cars like mg,polestar,volvo,the London cab ect are all Chinese owned and quite popular.

Germany dropped the ball, the best were more quick to adapt but are still behind , Hyundai,kia,Nissan,Jaguar are quite popular in ev car sector in my country",5,True
UgxO-dyT24CHmdUxixp4AaABAg.9xTQUZNwhnJ9xecJ-kYcu0,comment,eNYndWedZsE,UgxO-dyT24CHmdUxixp4AaABAg,True,@marcbush2796,"European manufacturers wanna export:
- to China
- to Australia 
- to Brazil
That means: it is not only about „will China sell cars in Europe?“ it is also about „can we sell our cars in Brazil and Russia?“
Customs are not perfect way under this circumstances.
I saw already BYD in our German villages around our house.",9,True
UgxO-dyT24CHmdUxixp4AaABAg.9xTQUZNwhnJ9xf6dgGsOQf,comment,eNYndWedZsE,UgxO-dyT24CHmdUxixp4AaABAg,True,@RoonMian,The EU has to slam taxes on Chinese cars because the Chinese government is subsidising their car industry with 66 billion dollars over the next 10 years. It's necessary and correct to put tariffs on Chinese cars to protect EU manufacturers and ensure fair competition.,6,True
UgxO-dyT24CHmdUxixp4AaABAg.9xTQUZNwhnJ9xfDmiBLAFN,comment,eNYndWedZsE,UgxO-dyT24CHmdUxixp4AaABAg,True,@xmb6793,it's already chinese brand dude. are you just coming out from the cave?! i mean it's not even a new story.. LMAO@davkrk8109,0,True
UgxO-dyT24CHmdUxixp4AaABAg.9xTQUZNwhnJ9xfl2ZbsJM_,comment,eNYndWedZsE,UgxO-dyT24CHmdUxixp4AaABAg,True,@YouCCP2,"​@RoonMian , US bailed out GM during 2008 Financial crisis with tax payers money. US imposed tax on China import in 2018, with the slogan ""Trade War is Easy to Win"", US passed Chips Act, Clean Network Act in an attempt to cripple Huawei. After 5 years - What is the result?
US can't even figure out how Huawei got the high end chips in Mate 60 Pro, let alone how it was made without ASML EUV. 

US strategy is to impose sanction to cripple competitor, it works on Toshiba, Alstom but this time it fails miserably on China.",0,True
UgxO-dyT24CHmdUxixp4AaABAg.9xTQUZNwhnJ9xgYo1Zg-Kj,comment,eNYndWedZsE,UgxO-dyT24CHmdUxixp4AaABAg,True,@hendrysugianto8012,​@derbigpr500u block Chinese car? Well then don't cry if Chinese block European car as well,23,True
UgxO-dyT24CHmdUxixp4AaABAg.9xTQUZNwhnJ9xiLLsyhDun,comment,eNYndWedZsE,UgxO-dyT24CHmdUxixp4AaABAg,True,@davewebster1627,"I remember the first Japanese cars, windscreen scratched, seat material could rip, paint was poor etc.
Time will tell with BYD.
You are wrong about Toyota being slow to make elect cars, sales, of VW, and others have stopped production of EVs😮",2,True
UgxO-dyT24CHmdUxixp4AaABAg.9xTQUZNwhnJ9xjJXIOmZp4,comment,eNYndWedZsE,UgxO-dyT24CHmdUxixp4AaABAg,True,@xingwangwan9861,"@trex1448unfortunately,you can not represent others, bro",5,True
UgxO-dyT24CHmdUxixp4AaABAg.9xTQUZNwhnJ9xlL86Yfpdx,comment,eNYndWedZsE,UgxO-dyT24CHmdUxixp4AaABAg,True,@reecewu9034,​@trex1448I could show you a picture of new BYD Atto3 driving with a new 23 plate which i took it in Bournemouth last month😂 i was surprised,13,True
UgxO-dyT24CHmdUxixp4AaABAg.9xTQUZNwhnJ9xlc2R-EjXS,comment,eNYndWedZsE,UgxO-dyT24CHmdUxixp4AaABAg,True,@nigelboom3943,"​@derbigpr500what your failing to understand is European car manufacturers are not failing. Do you know how many millions of cars volkswagen group, BMW, Mercedes sell into China? And China openly welcomes the Germans, they let them sell and make billions selling to Chinese consumers, the Chinese never ever discriminated against German auto makers, they allowed them to do great business.",0,True
UgxO-dyT24CHmdUxixp4AaABAg.9xTQUZNwhnJ9xpAXfML8Sv,comment,eNYndWedZsE,UgxO-dyT24CHmdUxixp4AaABAg,True,@ajcross7,I'm pretty sure we weren't all driving Chinese cars in 2021,2,True
UgxO-dyT24CHmdUxixp4AaABAg.9xTQUZNwhnJ9xpaGv8KA-q,comment,eNYndWedZsE,UgxO-dyT24CHmdUxixp4AaABAg,True,@andrewpowers2904,"@PandaX-1991the Chinese can’t even build a flood light with a Pir detector that’s reliable so they got no chance with electric cars,more cheap junk.",0,True
UgxO-dyT24CHmdUxixp4AaABAg.9xTQUZNwhnJ9xpghdxZQXR,comment,eNYndWedZsE,UgxO-dyT24CHmdUxixp4AaABAg,True,@PandaX-1991,"@andrewpowers2904 Funny old man,you must be over 60 years old and born in the 1960s.I have told you elderly people like you should buy Toyota or GM,maybe ford.this is the era of young people.",20,True
UgxO-dyT24CHmdUxixp4AaABAg.9xTQUZNwhnJ9xphZXKcmRZ,comment,eNYndWedZsE,UgxO-dyT24CHmdUxixp4AaABAg,True,@PandaX-1991,"@andrewpowers2904 By the way.the cheapest car from NIO starts at 29800 RMB which is around 42,000 USD",0,True
UgxO-dyT24CHmdUxixp4AaABAg.9xTQUZNwhnJ9xphpSwgvdg,comment,eNYndWedZsE,UgxO-dyT24CHmdUxixp4AaABAg,True,@andrewpowers2904,"@PandaX-1991  oh Toyota the most reliable car maker in the world the Chinese can only dream about ,shame so many of their Ev cars keep catching fire in china😂😂",0,True
UgxO-dyT24CHmdUxixp4AaABAg.9xTQUZNwhnJ9xpiOW6Ostf,comment,eNYndWedZsE,UgxO-dyT24CHmdUxixp4AaABAg,True,@PandaX-1991,"@andrewpowers2904 Fire？you mean Tesla form America?it’s true,Tesla often catch fire",10,True
UgxO-dyT24CHmdUxixp4AaABAg.9xTQUZNwhnJ9xpizYWo5ov,comment,eNYndWedZsE,UgxO-dyT24CHmdUxixp4AaABAg,True,@PandaX-1991,@andrewpowers2904 Is Toyota reliable?That's not what you said when Toyota destroyed the American automobile industry in the last century.,11,True
UgxO-dyT24CHmdUxixp4AaABAg.9xTQUZNwhnJ9xplzZCCkTO,comment,eNYndWedZsE,UgxO-dyT24CHmdUxixp4AaABAg,True,@PandaX-1991,"@andrewpowers2904 Come on,old man. People at the bottom of society like you always want cheap and good quality. But is this possible?",10,True
UgxO-dyT24CHmdUxixp4AaABAg.9xTQUZNwhnJ9xpmZm9ApCx,comment,eNYndWedZsE,UgxO-dyT24CHmdUxixp4AaABAg,True,@PandaX-1991,"@andrewpowers2904 You can only get as mush as you pay. So if you want high quality ,you should pay more.",8,True
UgxO-dyT24CHmdUxixp4AaABAg.9xTQUZNwhnJ9xpncTHwXII,comment,eNYndWedZsE,UgxO-dyT24CHmdUxixp4AaABAg,True,@PandaX-1991,"@andrewpowers2904 I spent 9,0000 USD to get a BMW and 42,000 to get a NIO,i won’t ask NIO better than BMW because their different prices",4,True
UgxO-dyT24CHmdUxixp4AaABAg.9xTQUZNwhnJ9xpndjgF6E7,comment,eNYndWedZsE,UgxO-dyT24CHmdUxixp4AaABAg,True,@andrewpowers2904,"@PandaX-1991 when did mention that, get your facts right, I am not interested in the American car industry, I don’t even live their 🙄",1,True
UgxO-dyT24CHmdUxixp4AaABAg.9xTQUZNwhnJ9xpo9oIwO5C,comment,eNYndWedZsE,UgxO-dyT24CHmdUxixp4AaABAg,True,@PandaX-1991,@andrewpowers2904 So you are not even American?which country are you from?Can your country make vehicles?,1,True
UgxO-dyT24CHmdUxixp4AaABAg.9xTQUZNwhnJ9xpoy9Ky_CH,comment,eNYndWedZsE,UgxO-dyT24CHmdUxixp4AaABAg,True,@PandaX-1991,"@andrewpowers2904 If your country doesn't have an automobile industry, I don't think I will talk to you anymore.",4,True
UgxO-dyT24CHmdUxixp4AaABAg.9xTQUZNwhnJ9xrYlH0LQsX,comment,eNYndWedZsE,UgxO-dyT24CHmdUxixp4AaABAg,True,@kristoffer3000,@frankd8358 Almost like the West is neither free nor democratic. ;),2,True
UgxO-dyT24CHmdUxixp4AaABAg.9xTQUZNwhnJ9xraoo0Yff4,comment,eNYndWedZsE,UgxO-dyT24CHmdUxixp4AaABAg,True,@kristoffer3000,"@RoonMian  Look up what the US gov are doing with car manufacturers.
Why aren't you talking about also putting tariffs on them?

It's not correct or necessary to put them on Chinese cars just because they're better at capitalism than capitalists and are making better products.",5,True
UgxO-dyT24CHmdUxixp4AaABAg.9xTQUZNwhnJ9xreoD0f17w,comment,eNYndWedZsE,UgxO-dyT24CHmdUxixp4AaABAg,True,@lyx124,Red buses and black taxis two icons of London are all Chinese made now,14,True
UgxO-dyT24CHmdUxixp4AaABAg.9xTQUZNwhnJ9xs3bfQtXr_,comment,eNYndWedZsE,UgxO-dyT24CHmdUxixp4AaABAg,True,@kumbackquatsta,that's why the bbc cancelled top gear,1,True
UgxO-dyT24CHmdUxixp4AaABAg.9xTQUZNwhnJ9xu2ZTswvRU,comment,eNYndWedZsE,UgxO-dyT24CHmdUxixp4AaABAg,True,@abdmail2699,​​@trex1448I do 😊,2,True
UgxO-dyT24CHmdUxixp4AaABAg.9xTQUZNwhnJ9xvuH6-WrsL,comment,eNYndWedZsE,UgxO-dyT24CHmdUxixp4AaABAg,True,@seaskyguy,@derbigpr500 And reasonably priced...,0,True
UgxO-dyT24CHmdUxixp4AaABAg.9xTQUZNwhnJ9xwd8Kj-3Zm,comment,eNYndWedZsE,UgxO-dyT24CHmdUxixp4AaABAg,True,@pauldoree3967,"@trex1448the new MG4 is being sold in the UK, I’ve seen a few on the roads.  All Tesla Model 3’s on sale are made in China.  Volvos parent company are Chinese (Geely).  Lotus are also owned by Geely.  I’m about to buy a BYD, I live in the UK.",11,True
UgxO-dyT24CHmdUxixp4AaABAg.9xTQUZNwhnJ9xyBC88GF2Z,comment,eNYndWedZsE,UgxO-dyT24CHmdUxixp4AaABAg,True,@nomadenview,@trex1448 lmao........ Dude....even Apple factory is in China.....,6,True
UgxO-dyT24CHmdUxixp4AaABAg.9xTQUZNwhnJ9xzsigWZhGi,comment,eNYndWedZsE,UgxO-dyT24CHmdUxixp4AaABAg,True,@jantjarks7946,"How is happy little lala land trex?
😂",1,True
UgxO-dyT24CHmdUxixp4AaABAg.9xTQUZNwhnJ9y-6RV8HbkS,comment,eNYndWedZsE,UgxO-dyT24CHmdUxixp4AaABAg,True,@BillyWallace785,⁠the EU won't do anything - the people should revolt if they bring in such taxes. The people deserve to have cheaper options when it comes to cars and everyday living.,3,True
UgxO-dyT24CHmdUxixp4AaABAg.9xTQUZNwhnJ9y5WiSXQIxa,comment,eNYndWedZsE,UgxO-dyT24CHmdUxixp4AaABAg,True,@MajorrBison,​@Kive-ChanEveryonenelse would have to be really bad for that to happen. Some people will but not all of us.,0,True
UgxO-dyT24CHmdUxixp4AaABAg.9xTQUZNwhnJ9yGEXydIzlN,comment,eNYndWedZsE,UgxO-dyT24CHmdUxixp4AaABAg,True,@steve251157,"@derbigpr500Fully agree, I’ve lived in Beijing for the last 10 years, when I first moved here the Chinese cars were a joke, today they are absolutely fantastic.  I bought the Nio ES6 (EL6 in EU) mud sized SUB with AWD, 490BHP 0-62.5mph in 4.5 seconds.",3,True
UgxO-dyT24CHmdUxixp4AaABAg.9xTQUZNwhnJ9yGEy6de3zS,comment,eNYndWedZsE,UgxO-dyT24CHmdUxixp4AaABAg,True,@steve251157,"@davkrk8109MG and Rover were sold to the Chinese, early models based on old tooling and designs, now complete range designed and manufactured in China and pretty good. I rented an MG this summer in the U.K.",0,True
UgxO-dyT24CHmdUxixp4AaABAg.9xTQUZNwhnJ9yGFg6_vJ_Z,comment,eNYndWedZsE,UgxO-dyT24CHmdUxixp4AaABAg,True,@steve251157,"⁠@trex1448you are completely wrong.  Pretty much all USA and European manufacturers have JV’s with Chinese companies to manufacture in China for China.  Tesla export to EU and U.K. If you want a Mercedes S class LWB, they are made in China and exported.
There are literally hundreds of Chinese brands and many of the bigger ones export to Europe (BYD, Xpeng,Li, Nio etc etc…..). The cars have massively improved over the last decade and are now better than many German brands.",4,True
UgxO-dyT24CHmdUxixp4AaABAg.9xTQUZNwhnJ9yGHmqdI4km,comment,eNYndWedZsE,UgxO-dyT24CHmdUxixp4AaABAg,True,@steve251157,"⁠@trex1448Rubbish 150,000 from 1.6m means 9.3% of all cars sold in the U.K. come from China. 0 to nearly 10% in just a couple of years, this is like Japan’s in the the 1970’s and 80’s. Better, more refined better quality and cheaper.",4,True
UgxO-dyT24CHmdUxixp4AaABAg.9xTQUZNwhnJ9yGLHsrnKTk,comment,eNYndWedZsE,UgxO-dyT24CHmdUxixp4AaABAg,True,@trex1448,@steve251157 they must be invisible bc 10% of cars on UK roads are not chinese,0,True
UgxO-dyT24CHmdUxixp4AaABAg.9xTQUZNwhnJ9yGLcThDS7N,comment,eNYndWedZsE,UgxO-dyT24CHmdUxixp4AaABAg,True,@steve251157,@trex1448 I think you should have gone to Specsavers,0,True
UgxO-dyT24CHmdUxixp4AaABAg.9xTQUZNwhnJ9yIzdBt6jB2,comment,eNYndWedZsE,UgxO-dyT24CHmdUxixp4AaABAg,True,@美味-p6z,"@derbigpr500What you said is true. The policies of European and American governments are different from those of China. China is a strong competitor from foreign countries, which stimulates China's enterprises with fierce competition. However, European and American governments are thinking that it will harm their enterprises and protectionism is too strong. However, the rise of China cars in Europe and the United States is an inevitable result under the background of globalization.",0,True
UgxO-dyT24CHmdUxixp4AaABAg.9xTQUZNwhnJ9yKEbgzgBhL,comment,eNYndWedZsE,UgxO-dyT24CHmdUxixp4AaABAg,True,@trex1448,@williamdr5551 dont bite Korean ankles chimchim,0,True
UgxO-dyT24CHmdUxixp4AaABAg.9xTQUZNwhnJ9yL7D9eBQAV,comment,eNYndWedZsE,UgxO-dyT24CHmdUxixp4AaABAg,True,@steve251157,@andrewpowers2904 you really don’t know what you are talking about.,3,True
UgxO-dyT24CHmdUxixp4AaABAg.9xTQUZNwhnJ9yL7nMwQGsF,comment,eNYndWedZsE,UgxO-dyT24CHmdUxixp4AaABAg,True,@steve251157,"@andrewpowers2904 where do you get you info from?  Toyota’s are not catching fire in China, quite a few others do (including Tesla and Mercedes) as few while charging but most following impact damage to the battery.  Toyota is one of the most reliable brands in the world, personally I would not buy one as I think most of their cars are boring.  I bought the Nio ES6 SUV, 490bhp, designed in Munich built in China.",3,True
UgxO-dyT24CHmdUxixp4AaABAg.9xTQUZNwhnJ9yL9YXMAq6V,comment,eNYndWedZsE,UgxO-dyT24CHmdUxixp4AaABAg,True,@steve251157,"@pauldoree3967 wait for the Nio, the quality is better than BYD.  I’m from U.K. but live in China now, I bought the NIO ES6 two months ago, absolutely brilliant car.",0,True
UgxO-dyT24CHmdUxixp4AaABAg.9xTQUZNwhnJ9yLAHEyK14g,comment,eNYndWedZsE,UgxO-dyT24CHmdUxixp4AaABAg,True,@steve251157,"@BillyWallace785 if the EU tax China then China will hit their sales in China in response. VAG, Mercedes and BMW biggest market is China. In 2022 VW/Audi sold >2.8million cars, BMW 654,000, Mercedes 625,000.  For VW group China made up 34% of their global sales",2,True
UgxO-dyT24CHmdUxixp4AaABAg.9xTQUZNwhnJ9yLDVSq6f16,comment,eNYndWedZsE,UgxO-dyT24CHmdUxixp4AaABAg,True,@andrewpowers2904,"@steve251157 where did I say Toyota are catching fire, i  even own a Toyota, Corolla hybrid myself, but would never buy a Tesla or any Chinese crap if you paid me.",0,True
UgxO-dyT24CHmdUxixp4AaABAg.9xTQUZNwhnJ9yLHLdSdk57,comment,eNYndWedZsE,UgxO-dyT24CHmdUxixp4AaABAg,True,@steve251157,"@andrewpowers2904 your punctuation was misleading, on rereading you were referring to Chinese EVs. Which incidentally are no worse than Tesla’s. The issue in China is the driving standards issue and some of the roads. They drive over kerbs to park on the sidewalks, do not slow down when roads deteriorate and there is often debris on the highways, many of EVs that spontaneously combust have underbody/battery impact damage.  I drive a Chinese EV and so far it runs perfectly and is so smooth and fast.",3,True
UgxO-dyT24CHmdUxixp4AaABAg.9xTQUZNwhnJ9yOig3XlSJe,comment,eNYndWedZsE,UgxO-dyT24CHmdUxixp4AaABAg,True,@PandaX-1991,"@andrewpowers2904 Poor old man,I thought you owned a Mercedes or Porsche.",0,True
UgxO-dyT24CHmdUxixp4AaABAg.9xTQUZNwhnJ9yOkseYUIia,comment,eNYndWedZsE,UgxO-dyT24CHmdUxixp4AaABAg,True,@PandaX-1991,"@andrewpowers2904 
An elderly man who drives a Toyota Corolla was talking about cars with someone else.",1,True
UgxO-dyT24CHmdUxixp4AaABAg.9xTQUZNwhnJ9yOlPFzKzpo,comment,eNYndWedZsE,UgxO-dyT24CHmdUxixp4AaABAg,True,@PandaX-1991,@andrewpowers2904 I’d rather drive my father’s old VW Lavida than a ‘Toyota’.,0,True
UgxO-dyT24CHmdUxixp4AaABAg.9xTQUZNwhnJ9yOmnSslSNl,comment,eNYndWedZsE,UgxO-dyT24CHmdUxixp4AaABAg,True,@andrewpowers2904,"@PandaX-1991 have you ever drove a Toyota, our house hold has a mixture of German and Japanese cars, and the latter are more reliable",0,True
UgxO-dyT24CHmdUxixp4AaABAg.9xTQUZNwhnJ9yOn2p_cRXg,comment,eNYndWedZsE,UgxO-dyT24CHmdUxixp4AaABAg,True,@PandaX-1991,@andrewpowers2904 I thought I was going back to the 1980s when I saw the interior of Toyota,0,True
UgxO-dyT24CHmdUxixp4AaABAg.9xTQUZNwhnJ9yOoZmz5H7W,comment,eNYndWedZsE,UgxO-dyT24CHmdUxixp4AaABAg,True,@PandaX-1991,"@andrewpowers2904 My sister owns an Lexus,Is Lexus considered as Toyota?",0,True
UgxO-dyT24CHmdUxixp4AaABAg.9xTQUZNwhnJ9yOtphm-ALr,comment,eNYndWedZsE,UgxO-dyT24CHmdUxixp4AaABAg,True,@andrewpowers2904,@PandaX-1991 funny how you can get the perspective of people completely wrong from typing a few paragraphs on the Internet 🤣🤣,0,True
UgxO-dyT24CHmdUxixp4AaABAg.9xTQUZNwhnJ9yOwAxTa_Y1,comment,eNYndWedZsE,UgxO-dyT24CHmdUxixp4AaABAg,True,@PandaX-1991,@andrewpowers2904 Do you want a Toyota Levin 1.8L hybrid?its cheaper than Corolla. You only need to pay 14K USD.,0,True
UgxO-dyT24CHmdUxixp4AaABAg.9xTQUZNwhnJ9yOzPXfjI4Z,comment,eNYndWedZsE,UgxO-dyT24CHmdUxixp4AaABAg,True,@Asuka.the.Perfectionistic,"​@trex1448 In 2022, China's automobile exports exceeded 3 million units. China's automobile exports rely heavily on Chinese brands. The top ten companies in vehicle export volume are all Chinese brands except Tesla. The top 10 companies ranked 1th-10th in China's vehicle exports respectively. Are: SAIC, Chery, Tesla, Changan Automobile, Dongfeng Motor, Geely, Great Wall, JAC, BAIC, SINOTRUK
so wake up bro, it's not the 2000s anymore",3,True
UgxO-dyT24CHmdUxixp4AaABAg.9xTQUZNwhnJ9yOzfBuZMBF,comment,eNYndWedZsE,UgxO-dyT24CHmdUxixp4AaABAg,True,@Asuka.the.Perfectionistic,"​@stevechard3860 even if you don't buy Chinese cars, you can't deny their potential to lower the overall price for the entire automobile industry, with more specs in a better car coming in a cheaper price cmpared to the overpriced German cars",3,True
UgxO-dyT24CHmdUxixp4AaABAg.9xTQUZNwhnJ9yOzuyrqskK,comment,eNYndWedZsE,UgxO-dyT24CHmdUxixp4AaABAg,True,@Asuka.the.Perfectionistic,​@kumbackquatsta they cancelled the show 10 years after Clarkson and May made those predictions? nice try but you ain't quite the Sherlock Holmes here,0,True
UgxO-dyT24CHmdUxixp4AaABAg.9xTQUZNwhnJ9yQilv_8ICZ,comment,eNYndWedZsE,UgxO-dyT24CHmdUxixp4AaABAg,True,@notagain2856,"​@RoonMianwe cant talk about government subsidies and tax reliefs without including Tesla which have received billions in grants to keep it afloat, before finally breaking even in 2020 17 years after being established. The American Big 3 also received hundreds of billions from the US government in multiple rescue plans",0,True
UgxO-dyT24CHmdUxixp4AaABAg.9xTQUZNwhnJ9yVZ5_Ncuvl,comment,eNYndWedZsE,UgxO-dyT24CHmdUxixp4AaABAg,True,@HaydenLau.,"​@photographacataday
Xiaomi is the second largest phone manufacturer in the world",0,True
UgxO-dyT24CHmdUxixp4AaABAg.9xTQUZNwhnJ9yYOgd4AyX_,comment,eNYndWedZsE,UgxO-dyT24CHmdUxixp4AaABAg,True,@jamesnicholl8016,"​@trex1448thats  a bit dumb, most euro brands make cars in china and sell them in europe",1,True
UgxO-dyT24CHmdUxixp4AaABAg.9xTQUZNwhnJ9yaJqLXMBn4,comment,eNYndWedZsE,UgxO-dyT24CHmdUxixp4AaABAg,True,@williampleace7148,"​@trex1448  MG, Volvo both owner by Chinese companies,  unfortunately.",1,True
UgxO-dyT24CHmdUxixp4AaABAg.9xTQUZNwhnJ9ycpQtE0XqO,comment,eNYndWedZsE,UgxO-dyT24CHmdUxixp4AaABAg,True,@MsDmcclymont,"Heavily in UK, Citroen, vauxhall, Volvo etc so far​@SK-lt1so",0,True
UgxO-dyT24CHmdUxixp4AaABAg.9xTQUZNwhnJ9ycpXvKfYsd,comment,eNYndWedZsE,UgxO-dyT24CHmdUxixp4AaABAg,True,@MsDmcclymont,"​@trex1448hahaha
You need to come to the UK and see

Volvo, fiat, vauxhall etc",0,True
UgxO-dyT24CHmdUxixp4AaABAg.9xTQUZNwhnJ9ykyAXis-f0,comment,eNYndWedZsE,UgxO-dyT24CHmdUxixp4AaABAg,True,@tomcatkewell,I watched that episode too... How time flies,1,True
UgxO-dyT24CHmdUxixp4AaABAg.9xTQUZNwhnJ9ylckwQ-Qb_,comment,eNYndWedZsE,UgxO-dyT24CHmdUxixp4AaABAg,True,@vegamoonlight,"​@trex1448sour grape. China is already the largest carmaker in the world surpassing and BYD from China is the no. 1 EV car brand surpassing Tesla. But I guess, they don't exist in your cave.",2,True
UgxO-dyT24CHmdUxixp4AaABAg.9xTQUZNwhnJ9ylgG1WUqGy,comment,eNYndWedZsE,UgxO-dyT24CHmdUxixp4AaABAg,True,@trex1448,@vegamoonlight there are no chinese cars outside the peasants republic of china. FACT.,0,True
UgxO-dyT24CHmdUxixp4AaABAg.9xTQUZNwhnJ9yqqe5C6Od9,comment,eNYndWedZsE,UgxO-dyT24CHmdUxixp4AaABAg,True,@gonskie,"Wrong, come to the Phils, no sale",0,True
UgxO-dyT24CHmdUxixp4AaABAg.9xTQUZNwhnJ9yxkiG6jVLp,comment,eNYndWedZsE,UgxO-dyT24CHmdUxixp4AaABAg,True,@jeremytine,"Except we are not, most sales still in prc",0,True
UgxO-dyT24CHmdUxixp4AaABAg.9xTQUZNwhnJ9yxlg5Dns9D,comment,eNYndWedZsE,UgxO-dyT24CHmdUxixp4AaABAg,True,@jeremytine,​@YouCCP2and the mate 60 chips suck too,0,True
UgxO-dyT24CHmdUxixp4AaABAg.9xTQUZNwhnJ9yxmATMs4Z8,comment,eNYndWedZsE,UgxO-dyT24CHmdUxixp4AaABAg,True,@PandaX-1991,@jeremytine no one carrs about you😆,1,True
UgxO-dyT24CHmdUxixp4AaABAg.9xTQUZNwhnJ9yxmaSYf99H,comment,eNYndWedZsE,UgxO-dyT24CHmdUxixp4AaABAg,True,@jeremytine,"@PandaX-1991 if that were true, then they care even less about you",0,True
UgxO-dyT24CHmdUxixp4AaABAg.9xTQUZNwhnJ9yxmh_iVyMb,comment,eNYndWedZsE,UgxO-dyT24CHmdUxixp4AaABAg,True,@PandaX-1991,@jeremytine You can call elon musk to use Panasonic instead of catl or byd😀,1,True
UgxO-dyT24CHmdUxixp4AaABAg.9xTQUZNwhnJ9yxn24v626z,comment,eNYndWedZsE,UgxO-dyT24CHmdUxixp4AaABAg,True,@PandaX-1991,"@jeremytine oh,I don’t want someone care about me",0,True
UgxO-dyT24CHmdUxixp4AaABAg.9xTQUZNwhnJ9yxn8pcyqho,comment,eNYndWedZsE,UgxO-dyT24CHmdUxixp4AaABAg,True,@PandaX-1991,@jeremytine but I feel sad for those people who thought they were important,0,True
UgxO-dyT24CHmdUxixp4AaABAg.9xTQUZNwhnJ9yxnOnCcbq4,comment,eNYndWedZsE,UgxO-dyT24CHmdUxixp4AaABAg,True,@jeremytine,@PandaX-1991 or I can just not buy the cheap base models with PRC batteries 😂. I'm actually waiting for a solid state battery that Toyota and others are starting to mass produce now. All the old tech batteries will be obsolete in a year or two. How are BYD's solid state rnd coming along ? They have something almost ready or just waiting to copy someone else?,0,True
UgxO-dyT24CHmdUxixp4AaABAg.9xTQUZNwhnJ9yxnl2tlNVc,comment,eNYndWedZsE,UgxO-dyT24CHmdUxixp4AaABAg,True,@PandaX-1991,@jeremytine these brands won’t go belly up without you :),0,True
UgxO-dyT24CHmdUxixp4AaABAg.9xTQUZNwhnJ9yxnqoHLGOf,comment,eNYndWedZsE,UgxO-dyT24CHmdUxixp4AaABAg,True,@jeremytine,@PandaX-1991 sorry not familiar with that dialect of engrish,0,True
UgxO-dyT24CHmdUxixp4AaABAg.9xTQUZNwhnJ9yxo4GMwWIW,comment,eNYndWedZsE,UgxO-dyT24CHmdUxixp4AaABAg,True,@PandaX-1991,"@jeremytine I already told you that no one cares about you,you cant just buy Toyota or anything else.it’s ok 😊",0,True
UgxO-dyT24CHmdUxixp4AaABAg.9xTQUZNwhnJ9yxoT73XiRJ,comment,eNYndWedZsE,UgxO-dyT24CHmdUxixp4AaABAg,True,@jeremytine,"@PandaX-1991 by no one you mean wumaos. I'm cool with that, I have plenty of friends, and no one here would choose byd over Toyota,Tesla, and many others but good luck trying to sell them. 😂",0,True
UgxO-dyT24CHmdUxixp4AaABAg.9xTQUZNwhnJ9yxokHWPFFJ,comment,eNYndWedZsE,UgxO-dyT24CHmdUxixp4AaABAg,True,@jeremytine,"@PandaX-1991 I could care less if the go belly up or not, makes no difference, but I wouldn't touch them and I don't know anyone else who would. Tofu dreg on wheels.",0,True
UgxO-dyT24CHmdUxixp4AaABAg.9xTQUZNwhnJ9yxp4drz33c,comment,eNYndWedZsE,UgxO-dyT24CHmdUxixp4AaABAg,True,@PandaX-1991,@jeremytine oh no!The BYD will face the bankruptcy without you and your lovely friends,0,True
UgxO-dyT24CHmdUxixp4AaABAg.9xTQUZNwhnJ9yxpFkIg-z2,comment,eNYndWedZsE,UgxO-dyT24CHmdUxixp4AaABAg,True,@PandaX-1991,@jeremytine Please buy a byd😭you are so important to those companies,0,True
UgxO-dyT24CHmdUxixp4AaABAg.9xTQUZNwhnJ9yxpSa2Yh5m,comment,eNYndWedZsE,UgxO-dyT24CHmdUxixp4AaABAg,True,@PandaX-1991,@jeremytine This world will no longer exist without you,0,True
UgxO-dyT24CHmdUxixp4AaABAg.9xTQUZNwhnJ9yxpgSAnIxl,comment,eNYndWedZsE,UgxO-dyT24CHmdUxixp4AaABAg,True,@PandaX-1991,@jeremytine You are the heart of the universe!,0,True
UgxO-dyT24CHmdUxixp4AaABAg.9xTQUZNwhnJ9yxq9fUCVOq,comment,eNYndWedZsE,UgxO-dyT24CHmdUxixp4AaABAg,True,@PandaX-1991,@jeremytine The CCP will call a meeting to discuss your decision not to buy BYD,0,True
UgxO-dyT24CHmdUxixp4AaABAg.9xTQUZNwhnJ9yxq_PgAzBH,comment,eNYndWedZsE,UgxO-dyT24CHmdUxixp4AaABAg,True,@PandaX-1991,@jeremytine the chairman of byd will personally visit you and beg you to buy a byd😭,0,True
UgxO-dyT24CHmdUxixp4AaABAg.9xTQUZNwhnJ9yxqokBAgcn,comment,eNYndWedZsE,UgxO-dyT24CHmdUxixp4AaABAg,True,@PandaX-1991,@jeremytine Wait a minute. Are you thinking about buying a Toyota? Is a Toyota all you can afford?,1,True
UgxO-dyT24CHmdUxixp4AaABAg.9xTQUZNwhnJ9yxrP0OEyO7,comment,eNYndWedZsE,UgxO-dyT24CHmdUxixp4AaABAg,True,@PandaX-1991,"@jeremytine I can't even imagine driving a Toyota, which is not even as a taxi in my hometown",0,True
UgxO-dyT24CHmdUxixp4AaABAg.9xTQUZNwhnJ9yxre1ng-rS,comment,eNYndWedZsE,UgxO-dyT24CHmdUxixp4AaABAg,True,@PandaX-1991,@jeremytine You wouldn't even dream of buying an Lexus,0,True
UgxO-dyT24CHmdUxixp4AaABAg.9xTQUZNwhnJ9yxsFex1jzI,comment,eNYndWedZsE,UgxO-dyT24CHmdUxixp4AaABAg,True,@PandaX-1991,"@jeremytine I can imagine you living an old apartment and driving a second hand car,Working hard every day just want to buy a Toyota",0,True
UgxO-dyT24CHmdUxixp4AaABAg.9xTQUZNwhnJ9yxsdbT4364,comment,eNYndWedZsE,UgxO-dyT24CHmdUxixp4AaABAg,True,@PandaX-1991,"@jeremytine Toyota, which is like a treasure to you, is a piece of junk to me",0,True
UgxO-dyT24CHmdUxixp4AaABAg.9xTQUZNwhnJ9yxtqKLMkG9,comment,eNYndWedZsE,UgxO-dyT24CHmdUxixp4AaABAg,True,@PandaX-1991,"@jeremytine pardon me my offense,Toyota is the choice of people at the bottom of society like you and your friends.Anyone with a little more money will choose Volkswagen",0,True
UgxO-dyT24CHmdUxixp4AaABAg.9xTQUZNwhnJ9yxv6Z30GPa,comment,eNYndWedZsE,UgxO-dyT24CHmdUxixp4AaABAg,True,@PandaX-1991,"@jeremytine By the way,do you know the safety scandal of your lovely Toyota Daihatsu recently?",0,True
UgxO-dyT24CHmdUxixp4AaABAg.9xTQUZNwhnJ9yxw-7JIr-E,comment,eNYndWedZsE,UgxO-dyT24CHmdUxixp4AaABAg,True,@PandaX-1991,"@jeremytine it’s amazing! Those Toyota employees bowed so low and polite,did they touch you🙇‍♀️🙇🙇‍♂️",0,True
UgxO-dyT24CHmdUxixp4AaABAg.9xTQUZNwhnJ9yxwQvFUd4T,comment,eNYndWedZsE,UgxO-dyT24CHmdUxixp4AaABAg,True,@PandaX-1991,@jeremytine 😆👉🏻 @jeremytine ❤️ 🇯🇵 🚗    🙇‍♀️  🙇 🙇‍♂️ 💔,1,True
UgxO-dyT24CHmdUxixp4AaABAg.9xTQUZNwhnJ9yxxlYBiAzH,comment,eNYndWedZsE,UgxO-dyT24CHmdUxixp4AaABAg,True,@PandaX-1991,@jeremytine Toyota-owned automaker halts Japan production after admitting it tampered with safety tests for 30 years - CNN 😆,0,True
UgxO-dyT24CHmdUxixp4AaABAg.9xTQUZNwhnJ9yxz2kyxQ4j,comment,eNYndWedZsE,UgxO-dyT24CHmdUxixp4AaABAg,True,@PandaX-1991,@jeremytine  I am not interested in your English😀,0,True
UgxO-dyT24CHmdUxixp4AaABAg.9xTQUZNwhnJ9yy-7OszYCT,comment,eNYndWedZsE,UgxO-dyT24CHmdUxixp4AaABAg,True,@jeremytine,"@PandaX-1991 owned yes, but Daihatsu recently acquired, still trust Toyota more. They have a long proven history of reliability. Nor were the models affected sold where I live. Did you hear BYD accused of faking emissions and people around their factories are getting sick from factory emissions. 🤔",0,True
UgxO-dyT24CHmdUxixp4AaABAg.9xTQUZNwhnJ9yy-mV9Qkaz,comment,eNYndWedZsE,UgxO-dyT24CHmdUxixp4AaABAg,True,@PandaX-1991,"@jeremytine yeah yeah,long proven history = 34 years fake safety test!",0,True
UgxO-dyT24CHmdUxixp4AaABAg.9xTQUZNwhnJ9yy2sYP6zAe,comment,eNYndWedZsE,UgxO-dyT24CHmdUxixp4AaABAg,True,@PandaX-1991,"@jeremytine Toyota unit falsified emissions data from at least 2003, probe finds   👈🏻😂",0,True
UgxO-dyT24CHmdUxixp4AaABAg.9xTQUZNwhnJ9yy3IYKy-wZ,comment,eNYndWedZsE,UgxO-dyT24CHmdUxixp4AaABAg,True,@PandaX-1991,@jeremytine Officials of Toyota Industries admitted on March 17 that results of emissions tests on gasoline and diesel engines had been falsified   👈🏻😂,1,True
UgxO-dyT24CHmdUxixp4AaABAg.9xTQUZNwhnJ9yy4rAv8_Vh,comment,eNYndWedZsE,UgxO-dyT24CHmdUxixp4AaABAg,True,@PandaX-1991,"@jeremytine Toyata Hino,Toyota Daihatsu,Toyota Industries Corp,Akebono brake  👈🏻😂",0,True
UgxO-dyT24CHmdUxixp4AaABAg.9xTQUZNwhnJ9yyY6KuSdPE,comment,eNYndWedZsE,UgxO-dyT24CHmdUxixp4AaABAg,True,@jacksmith-mu3ee,"@jeremytine source ? Proof ? 

Byd fake emissions ? Byd makes evs . So again prove it",0,True
UgxO-dyT24CHmdUxixp4AaABAg.9xTQUZNwhnJ9yyY8cQPXRj,comment,eNYndWedZsE,UgxO-dyT24CHmdUxixp4AaABAg,True,@jacksmith-mu3ee,@RoonMian source ? Proof ?,0,True
UgxO-dyT24CHmdUxixp4AaABAg.9xTQUZNwhnJ9yyYD1rRWDU,comment,eNYndWedZsE,UgxO-dyT24CHmdUxixp4AaABAg,True,@jacksmith-mu3ee,@andrewpowers2904  ok prove it . Waiting . Show reports,0,True
UgxO-dyT24CHmdUxixp4AaABAg.9xTQUZNwhnJ9yyYET4mwPg,comment,eNYndWedZsE,UgxO-dyT24CHmdUxixp4AaABAg,True,@jacksmith-mu3ee,@PandaX-1991 this andrew cannot prove it,0,True
UgxO-dyT24CHmdUxixp4AaABAg.9xTQUZNwhnJ9yyYNcV0jNt,comment,eNYndWedZsE,UgxO-dyT24CHmdUxixp4AaABAg,True,@jacksmith-mu3ee,"@jeremytine why cmon prove it . Waiting 

Why should they be heavily taxed ? 

Slave labour ? Making cars ? 😆 🤣 😂 😹 

Ok prove it . Waiting",0,True
UgxO-dyT24CHmdUxixp4AaABAg.9xTQUZNwhnJ9yycSw2HVQq,comment,eNYndWedZsE,UgxO-dyT24CHmdUxixp4AaABAg,True,@PandaX-1991,"@jacksmith-mu3ee Forgive this poor Andrew,he’s just an old stubborn man",0,True
UgxO-dyT24CHmdUxixp4AaABAg.9xTQUZNwhnJ9yyczSTDMCP,comment,eNYndWedZsE,UgxO-dyT24CHmdUxixp4AaABAg,True,@jacksmith-mu3ee,"@PandaX-1991  nah he's a bot . Just dare them to prove their claims. 

These bots immediately stop the moment u dare them to prove it. 

They give lame excuses like 
""Why don't u search on Google""
""You are wumao""
""How much were u paid by ccp""

Is slways better to dare them to prove it",0,True
UgxO-dyT24CHmdUxixp4AaABAg.9xTQUZNwhnJ9yzS8sXjB1E,comment,eNYndWedZsE,UgxO-dyT24CHmdUxixp4AaABAg,True,@andrewpowers2904,"@PandaX-1991 are you still going on about this just randomly answering questions typing nonsense, I am surprised your mum not called you to bed for staying up too long 😂😂",0,True
UgxO-dyT24CHmdUxixp4AaABAg.9xTQUZNwhnJ9yzSpNboF3_,comment,eNYndWedZsE,UgxO-dyT24CHmdUxixp4AaABAg,True,@PandaX-1991,"@andrewpowers2904 oh,my poor old Andrew is here,do you have enough money to buy a Toyota?",0,True
UgxO-dyT24CHmdUxixp4AaABAg.9xTQUZNwhnJ9yzTFhcWuQH,comment,eNYndWedZsE,UgxO-dyT24CHmdUxixp4AaABAg,True,@PandaX-1991,@andrewpowers2904 Your reliable Toyota seems like has some problems with safety scandals recent years,0,True
UgxO-dyT24CHmdUxixp4AaABAg.9xTQUZNwhnJ9yzTXO91W1k,comment,eNYndWedZsE,UgxO-dyT24CHmdUxixp4AaABAg,True,@PandaX-1991,@andrewpowers2904 The scandals may prompt Toyota to consider price reductions,0,True
UgxO-dyT24CHmdUxixp4AaABAg.9xTQUZNwhnJ9yzTgU6yrVP,comment,eNYndWedZsE,UgxO-dyT24CHmdUxixp4AaABAg,True,@PandaX-1991,@andrewpowers2904 you’ll soon get a much cheaper Toyota Corolla,0,True
UgxO-dyT24CHmdUxixp4AaABAg.9xTQUZNwhnJ9yzU-b4neeE,comment,eNYndWedZsE,UgxO-dyT24CHmdUxixp4AaABAg,True,@PandaX-1991,@andrewpowers2904 that’s a good news for your poor life,0,True
UgxO-dyT24CHmdUxixp4AaABAg.9xTQUZNwhnJ9yzV9u9cLB1,comment,eNYndWedZsE,UgxO-dyT24CHmdUxixp4AaABAg,True,@andrewpowers2904,@jacksmith-mu3ee proof what ??,0,True
UgxO-dyT24CHmdUxixp4AaABAg.9xTQUZNwhnJ9yzWE67ZzeK,comment,eNYndWedZsE,UgxO-dyT24CHmdUxixp4AaABAg,True,@scorpio1n,Oh my days everyone is driving chinese cars now a days TESLA MG GENESIS BYD and i am pretty sure many more,0,True
UgxO-dyT24CHmdUxixp4AaABAg.9xTQUZNwhnJ9z1WOKn_jtg,comment,eNYndWedZsE,UgxO-dyT24CHmdUxixp4AaABAg,True,@pacohoratio,​@SK-lt1so  The EU are restricting chinese EVs in Europe because they are outperforming European cars.....,0,True
UgxO-dyT24CHmdUxixp4AaABAg.9xTQUZNwhnJ9z5sTW1wXvl,comment,eNYndWedZsE,UgxO-dyT24CHmdUxixp4AaABAg,True,@wallbangerzsports,Not even close. F150 and Rav4 are laughing at your silly comment,0,True
UgxO-dyT24CHmdUxixp4AaABAg.9xTQUZNwhnJ9zEBsZLn3Hv,comment,eNYndWedZsE,UgxO-dyT24CHmdUxixp4AaABAg,True,@Alex-o1u2g,@trex1448 still trapped in old mentalities,0,True
UgxO-dyT24CHmdUxixp4AaABAg.9xTQUZNwhnJ9zEF5YQu7_2,comment,eNYndWedZsE,UgxO-dyT24CHmdUxixp4AaABAg,True,@trex1448,"@Alex-o1u2g its current reality. Chinese ev's are produced, bought in China by Chinese. Even overseas sales are mostly by Chinese nationals. There are almost zero purchases made by nonChinese market. Even in China, ev's have been overproduced and the market is stagnant to shrinking with new cars just rotting in lots. Its probablybgoing to get worse for the Chinese ev market. Thats the reality and future. Sorry to burst your bubble.",0,True
UgxO-dyT24CHmdUxixp4AaABAg.9xTQUZNwhnJ9zEw8rWaJzd,comment,eNYndWedZsE,UgxO-dyT24CHmdUxixp4AaABAg,True,@yuzhongwang609,"​@trex1448China has very few oil and natural gas resources. Oil is an important energy source for industry, avoiding energy sanctions in future international situations and reducing the dependence of civilian vehicles on oil. Moreover, China is a rare earth country, which is precisely conducive to the development of electric vehicles.
Whenever there are new major technological changes, there is an opportunity to break the previous technological monopoly, and the industrial ecosystem has the opportunity to be restructured. The rise of electric vehicles has given China an advantage in the industrial field. Regardless of whether the future energy situation is for electric vehicles or not, China currently has advantages. Because we have accumulated sufficient technology and craftsmanship in the field of electric vehicles, as well as corresponding software and hardware development talents. Moreover, a large number of mass-produced vehicles provide a continuous accumulation of data for technological adjustment.",0,True
UgxO-dyT24CHmdUxixp4AaABAg.9xTQUZNwhnJ9zEwc3Q7Vrm,comment,eNYndWedZsE,UgxO-dyT24CHmdUxixp4AaABAg,True,@yuzhongwang609,"The rise of China's manufacturing industry has provided strong support for the production of electric vehicles. China has a huge manufacturing capacity and experienced workforce, which enables enterprises to better control costs and quality when producing electric vehicles. In addition, China's supply chain is also very complete, providing sufficient and reliable raw material supply and service support. Chinese policy support for the electric vehicle industry. The government has issued policies and measures to encourage and support the development of the electric vehicle industry, including subsidies and tax incentives, These all contribute to reducing the production and operational costs of enterprises and improving competitiveness. Technological innovation is a key driving force. In recent years, China has made significant breakthroughs and innovative achievements in battery technology, motor drive systems, and other areas",0,True
UgxO-dyT24CHmdUxixp4AaABAg.9xTQUZNwhnJ9zHUCYqsxuZ,comment,eNYndWedZsE,UgxO-dyT24CHmdUxixp4AaABAg,True,@Sl1pstreams,@trex1448BYD is now the largest seller of EVs by far worldwide and the fastest growing automaker in history.,0,True
UgxO-dyT24CHmdUxixp4AaABAg.9xTQUZNwhnJ9zUZm1TUvuX,comment,eNYndWedZsE,UgxO-dyT24CHmdUxixp4AaABAg,True,@shineluvslambiel,@trex1448bruh just sit down.,0,True
UgxO-dyT24CHmdUxixp4AaABAg.9xTQUZNwhnJ9zlSLJghc4F,comment,eNYndWedZsE,UgxO-dyT24CHmdUxixp4AaABAg,True,@TruthTeller8888,😂😂😂 nice storyteller 😂,0,True
UgxO-dyT24CHmdUxixp4AaABAg.9xTQUZNwhnJ9zmbA0LajIj,comment,eNYndWedZsE,UgxO-dyT24CHmdUxixp4AaABAg,True,@MaximGhost,Who exactly do you know in real life driving a Chinese car in the UK?,0,True
UgxO-dyT24CHmdUxixp4AaABAg.9xTQUZNwhnJ9zmbQ8kmOZz,comment,eNYndWedZsE,UgxO-dyT24CHmdUxixp4AaABAg,True,@MaximGhost,"@derbigpr500 ""won't be allowed""
You mean they won't be able to pass safety & compliance tests, right?",0,True
UgxO-dyT24CHmdUxixp4AaABAg.9xTQUZNwhnJ9zndLiqk0JZ,comment,eNYndWedZsE,UgxO-dyT24CHmdUxixp4AaABAg,True,@TruthTeller8888,@MaximGhost none,0,True
UgxO-dyT24CHmdUxixp4AaABAg.9xTQUZNwhnJ9zoaQGOsNFQ,comment,eNYndWedZsE,UgxO-dyT24CHmdUxixp4AaABAg,True,@BT-er1nk,That's bullshit and you know it,0,True
UgxO-dyT24CHmdUxixp4AaABAg.9xTQUZNwhnJ9zuT9AaSF51,comment,eNYndWedZsE,UgxO-dyT24CHmdUxixp4AaABAg,True,@freedoctor5309,"@trex1448 Your thinking lacks keen insight and the courage to compete! I believe in the Chinese people’s ability to learn and innovate. Ten years from now, when you are recalling what you said, how many Chinese cars will there be in Europe? The development and progress of China's science and technology will bring advanced, affordable and excellent scientific and technological products to the people of the world. The Chinese concept will lead the people of the world to a peaceful and happy life in the new century! If a developed country relies on ""trade protectionist policies"", it will not be able to maintain its advantages for a long time!",0,True
UgxO-dyT24CHmdUxixp4AaABAg.9xTQUZNwhnJA-1l-M4DFfo,comment,eNYndWedZsE,UgxO-dyT24CHmdUxixp4AaABAg,True,@朱嘉劲,TRUE,0,True
UgxO-dyT24CHmdUxixp4AaABAg.9xTQUZNwhnJA-BiIf2nXEk,comment,eNYndWedZsE,UgxO-dyT24CHmdUxixp4AaABAg,True,@arullgodwin4729,​@photographacatadaywhich phone are you using?,0,True
UgxO-dyT24CHmdUxixp4AaABAg.9xTQUZNwhnJA-Sr2cOPn9U,comment,eNYndWedZsE,UgxO-dyT24CHmdUxixp4AaABAg,True,@huypt7739,Same with dying from global warming in 10 yrs...,0,True
UgxO-dyT24CHmdUxixp4AaABAg.9xTQUZNwhnJA-ZOK5VDgAp,comment,eNYndWedZsE,UgxO-dyT24CHmdUxixp4AaABAg,True,@Aldequilae,​@trex1448Chinese cars are all over the middle east already,0,True
UgxO-dyT24CHmdUxixp4AaABAg.9xTQUZNwhnJA07XaQ7SR-d,comment,eNYndWedZsE,UgxO-dyT24CHmdUxixp4AaABAg,True,@nsebast,"@derbigpr500They have to let Chinese cars in. If the countries wont, they will ban European cars from China which is selling billions.",0,True
UgxO-dyT24CHmdUxixp4AaABAg.9xTQUZNwhnJA0Rmk5TcN4D,comment,eNYndWedZsE,UgxO-dyT24CHmdUxixp4AaABAg,True,@tomsvenkesen2476,We have lot of chinese cars in Norway and they are very good cars.,1,True
UgxO-dyT24CHmdUxixp4AaABAg.9xTQUZNwhnJA0UM4Hit2BL,comment,eNYndWedZsE,UgxO-dyT24CHmdUxixp4AaABAg,True,@HermanWillems,They where wrong because now 10 years later. Here almost nobody drives a Chinese car.,0,True
UgxO-dyT24CHmdUxixp4AaABAg.9xTQUZNwhnJA0UMFJDUpD2,comment,eNYndWedZsE,UgxO-dyT24CHmdUxixp4AaABAg,True,@HermanWillems,@photographacataday Actually Samsung phones are not made in China and not made with Chinese parts. Korean parts. So yeah many phones are NOT made in China.,0,True
UgxO-dyT24CHmdUxixp4AaABAg.9xTQUZNwhnJA0UPf55mOB6,comment,eNYndWedZsE,UgxO-dyT24CHmdUxixp4AaABAg,True,@nsebast,@HermanWillems In Western countries Chinese cars are banned for security reasons. Buy Western brands please keep the corporations rich.,0,True
UgxO-dyT24CHmdUxixp4AaABAg.9xTQUZNwhnJA0YEyknMUVZ,comment,eNYndWedZsE,UgxO-dyT24CHmdUxixp4AaABAg,True,@stefanosong9314,"@Giavel84 and if you see figures, exports are to russia, southeast asia and south america, not very many but becomes solid. Maybe European and USA can live on their protection of local automotives but they will accept this fact soon or later.",0,True
UgxO-dyT24CHmdUxixp4AaABAg.9xTQUZNwhnJA0c_WL_8LNW,comment,eNYndWedZsE,UgxO-dyT24CHmdUxixp4AaABAg,True,@johnnyq4260,"We won't, cuz, ye know, ""national security concerns""😂",0,True
UgxO-dyT24CHmdUxixp4AaABAg.9xTQUZNwhnJA0kiGqyXgzB,comment,eNYndWedZsE,UgxO-dyT24CHmdUxixp4AaABAg,True,@aqw5742,@nsebastfunny how the west bans Chinese cars but China allows western cars… so much for western “free market” 😂,1,True
UgxO-dyT24CHmdUxixp4AaABAg.9xTQUZNwhnJA0mV_-mYreA,comment,eNYndWedZsE,UgxO-dyT24CHmdUxixp4AaABAg,True,@antwango,"10 yrs is an extremely long time for the Chinese! 10 yrs ago the Chinese had ZERO, Zilch, 0, nada HSR.... Now they have ALL of the HSR!!!!! This is Chinese speed! theyre already on 6G or at least 5.5G!",0,True
UgxO-dyT24CHmdUxixp4AaABAg.9xTQUZNwhnJA0nBRkZUHY_,comment,eNYndWedZsE,UgxO-dyT24CHmdUxixp4AaABAg,True,@liongjiahwong5478,​@photographacatadayare you still sleeping.,0,True
UgxO-dyT24CHmdUxixp4AaABAg.9xTQUZNwhnJA0rofkwV-3l,comment,eNYndWedZsE,UgxO-dyT24CHmdUxixp4AaABAg,True,@ianwalker-hu3xk,Wrong​@trex1448,0,True
UgxO-dyT24CHmdUxixp4AaABAg.9xTQUZNwhnJA0t5aDhXOKt,comment,eNYndWedZsE,UgxO-dyT24CHmdUxixp4AaABAg,True,@arreydharma5784,Lol sheep,0,True
UgxO-dyT24CHmdUxixp4AaABAg.9xTQUZNwhnJA10BryVEIUU,comment,eNYndWedZsE,UgxO-dyT24CHmdUxixp4AaABAg,True,@YoHoosierDaddy,"@SK-lt1so Maybe you aren’t. But we are. And it feels good when you can spend 11K on a seagull instead paying 45k for a Tesla. I love my seagull, it’s affordable, well built, practical, it meets all my needs in daily life.

Best thing? I put 5K in down payment and now I only pay like 90 bucks monthly. What a treat this is.",0,True
UgxO-dyT24CHmdUxixp4AaABAg.9xTQUZNwhnJA17k3KGO_BJ,comment,eNYndWedZsE,UgxO-dyT24CHmdUxixp4AaABAg,True,@parnamsaini4751,Really?,0,True
UgxO-dyT24CHmdUxixp4AaABAg.9xTQUZNwhnJA1spgq0uJEu,comment,eNYndWedZsE,UgxO-dyT24CHmdUxixp4AaABAg,True,@waeshin,@SK-lt1soyou can’t afford one anyways 😂,1,True
UgxO-dyT24CHmdUxixp4AaABAg.9xTQUZNwhnJA1ySkBmOHrC,comment,eNYndWedZsE,UgxO-dyT24CHmdUxixp4AaABAg,True,@christianm6403,"My Brotterode visited me and we went to Geneva Auto Salon around this time and he was laughing about chines Carsten.
I said you won't laugh in 10 years time.
😂😅",0,True
UgxO-dyT24CHmdUxixp4AaABAg.9xTQUZNwhnJA1znyxdihQa,comment,eNYndWedZsE,UgxO-dyT24CHmdUxixp4AaABAg,True,@parnamsaini4751,@christianm6403 reall?,0,True
UgxO-dyT24CHmdUxixp4AaABAg.9xTQUZNwhnJA2Z7kLGPKH4,comment,eNYndWedZsE,UgxO-dyT24CHmdUxixp4AaABAg,True,@jackie2-g8l,"​@trex1448Tell that to Europe, Southeast Asia, Japan, Latin America 😂😂",0,True
UgxO-dyT24CHmdUxixp4AaABAg.9xTQUZNwhnJA2ZPjrQn0Zn,comment,eNYndWedZsE,UgxO-dyT24CHmdUxixp4AaABAg,True,@trex1448,"@jackminao2060  People have already. Chinese trash ev's are just sitting in empty lots in ports just rotting. No one is buying them, driving them. Thats why you see no chinese cars actually on the road in Europe, South America, SE Asia, or anywhere except by Chinese CCP pink warriors. It's really pathetic and embarrassing.",0,True
UgxO-dyT24CHmdUxixp4AaABAg.9xTQUZNwhnJA2lkcszdX2t,comment,eNYndWedZsE,UgxO-dyT24CHmdUxixp4AaABAg,True,@Andrew-di5nb,预言大师,0,True
UgxO-dyT24CHmdUxixp4AaABAg.9xTQUZNwhnJA35FHf5lfTQ,comment,eNYndWedZsE,UgxO-dyT24CHmdUxixp4AaABAg,True,@IA100KPDT,​@trex1448you are the reason why the West is losing.,0,True
UgxO-dyT24CHmdUxixp4AaABAg.9xTQUZNwhnJA35FxgtHpb4,comment,eNYndWedZsE,UgxO-dyT24CHmdUxixp4AaABAg,True,@IA100KPDT,Elon was laughing at byd 10 years ago. He's not laughing much lately. 😅,1,True
UgxO-dyT24CHmdUxixp4AaABAg.9xTQUZNwhnJA4-o75KVcpJ,comment,eNYndWedZsE,UgxO-dyT24CHmdUxixp4AaABAg,True,@User_R4nD0MnUmb3R5,"@trex1448oh damn, how’s life living under that rock there buddy. 😂😂😂😂😂",0,True
UgxO-dyT24CHmdUxixp4AaABAg.9xTQUZNwhnJA46RuEqGzMP,comment,eNYndWedZsE,UgxO-dyT24CHmdUxixp4AaABAg,True,@rexyoda,"You gotta take top gear with a grain of salt, also the usa definitely won't let Chinese cars compete in its market",0,True
UgxO-dyT24CHmdUxixp4AaABAg.9xTQUZNwhnJA4lNPkHWSoW,comment,eNYndWedZsE,UgxO-dyT24CHmdUxixp4AaABAg,True,@BeastKaido-d5e,"Amd i remember when jermy showed us the chinies cars that made before 5 years at that time and he asked what kind of evolotoon will be the chinies cars after 5 years later 

And ,,,,, traaaaaaaaaaa 
The begest market for cars is china .",0,True
UgxO-dyT24CHmdUxixp4AaABAg.9xTQUZNwhnJA4oeIwvI12K,comment,eNYndWedZsE,UgxO-dyT24CHmdUxixp4AaABAg,True,@Crrera-j6o,@Kive-Chan wumao chan,0,True
UgxO-dyT24CHmdUxixp4AaABAg.9xTQUZNwhnJA4z-_TyILXB,comment,eNYndWedZsE,UgxO-dyT24CHmdUxixp4AaABAg,True,@Kive-Chan,@Crrera-j6o I can hear someone’s heart broken🤣,0,True
UgxO-dyT24CHmdUxixp4AaABAg.9xTQUZNwhnJA4z4KWd-F_C,comment,eNYndWedZsE,UgxO-dyT24CHmdUxixp4AaABAg,True,@Crrera-j6o,"@Kive-Chan How many BY D dealerships have burnt down? it’s not even a month old hahah already exploding lol I drive Merc63, real car by real innovators.",0,True
UgxO-dyT24CHmdUxixp4AaABAg.9xTQUZNwhnJA5-wPDUPA7K,comment,eNYndWedZsE,UgxO-dyT24CHmdUxixp4AaABAg,True,@sleepyjoescumbag1663,Lol😂,0,True
UgxO-dyT24CHmdUxixp4AaABAg.9xTQUZNwhnJA514IUvmJeS,comment,eNYndWedZsE,UgxO-dyT24CHmdUxixp4AaABAg,True,@Kive-Chan,"@Crrera-j6o wow the merc 63,I think u misspelled it , it’s merc 69 lmao. Looks someone’s heart is just spilt apart already🤣🤣🤣""real innovators hahahahahaha""",0,True
UgxO-dyT24CHmdUxixp4AaABAg.9xTQUZNwhnJA5BKfpabxce,comment,eNYndWedZsE,UgxO-dyT24CHmdUxixp4AaABAg,True,@Galaxyeyez,"This fact seems to differ depending on your region. Here is South Africa they've practicaly taken over. 
It's not that every car on the road is Chinese. But it's insane how in just a few years their popularity exploded.",0,True
UgxO-dyT24CHmdUxixp4AaABAg.9xTQUZNwhnJA5ko9vSgZS4,comment,eNYndWedZsE,UgxO-dyT24CHmdUxixp4AaABAg,True,@毒毒毒-c7h,"@davkrk8109 
MG汽車歸上海汽車所有，不存在合資的情況，雖然MG起源英國，但是生產和設計全部都在中國進行，因此可以說它是一輛擁有英國血統的中國車。",0,True
UgxO-dyT24CHmdUxixp4AaABAg.9xTQUZNwhnJA6O87Y0hU4x,comment,eNYndWedZsE,UgxO-dyT24CHmdUxixp4AaABAg,True,@FerryIrawan-s1d,​@trex1448get out of your cave. BYD alone beat Tesla in sales. Stop living inside your bubble lol,0,True
UgxO-dyT24CHmdUxixp4AaABAg.9xTQUZNwhnJA6RkmhzkxOF,comment,eNYndWedZsE,UgxO-dyT24CHmdUxixp4AaABAg,True,@jackhe3209,"​@derbigpr500this car is £20k in china, but it is 45k in the UK. the tariff on the chinese cars are already mind blowing. I just hope more Chinese company can go overseas and make this market more competitive, so we get decent ev without paying too much",0,True
UgxO-dyT24CHmdUxixp4AaABAg.9xTQUZNwhnJA6v34JzJZiI,comment,eNYndWedZsE,UgxO-dyT24CHmdUxixp4AaABAg,True,@fragu123,@PandaX-1991...definitely!,0,True
UgxO-dyT24CHmdUxixp4AaABAg.9xTQUZNwhnJA9uIPe7VZ8k,comment,eNYndWedZsE,UgxO-dyT24CHmdUxixp4AaABAg,True,@yug5156,@trex1448 I wish. The copium isn't helping tho.,0,True
UgxO-dyT24CHmdUxixp4AaABAg.9xTQUZNwhnJABu0AZu50ED,comment,eNYndWedZsE,UgxO-dyT24CHmdUxixp4AaABAg,True,@thethirdman225,"@trex1448
*_”MG is made in UK.”_*

MG hasn’t been made in the UK for a couple of decades. It is now a Chinese brand, owned by SAIC.

And the MG 4 is a cracker.",0,True
UgxO-dyT24CHmdUxixp4AaABAg.9xTQUZNwhnJABu18R6xB_M,comment,eNYndWedZsE,UgxO-dyT24CHmdUxixp4AaABAg,True,@thethirdman225,"@andrewpowers2904 So a floodlight you bought in a supermarket was built to the same standards as a car, was it? You might as well compare it to a pair of shoes.",0,True
UgxO-dyT24CHmdUxixp4AaABAg.9xTQUZNwhnJABu1PFL7yKv,comment,eNYndWedZsE,UgxO-dyT24CHmdUxixp4AaABAg,True,@thethirdman225,@andrewpowers2904 The myth of battery fires is from about 15 years ago. Anyone who has looked at fire brigade data knows that ICE cars are about ten times more likely to catch fire than an EV. Their batteries are all protected against thermal runaway now.,0,True
UgxO-dyT24CHmdUxixp4AaABAg.9xTQUZNwhnJABu1Z8QS4xB,comment,eNYndWedZsE,UgxO-dyT24CHmdUxixp4AaABAg,True,@thethirdman225,@PandaX-1991 Oh Stop it. Teslas are no more likely to catch fire than your iPhone. They are all protected against thermal runaway.,0,True
UgxO-dyT24CHmdUxixp4AaABAg.9xTQUZNwhnJABu2El8GAqf,comment,eNYndWedZsE,UgxO-dyT24CHmdUxixp4AaABAg,True,@thethirdman225,@nsebast Source?,0,True
UgxO-dyT24CHmdUxixp4AaABAg.9xTQUZNwhnJABwBxqgKqiF,comment,eNYndWedZsE,UgxO-dyT24CHmdUxixp4AaABAg,True,@PandaX-1991,"@thethirdman225 Never mind bro,it’s just a joke to these old man",0,True
UgxO-dyT24CHmdUxixp4AaABAg.9xTQUZNwhnJADqwI81nwOb,comment,eNYndWedZsE,UgxO-dyT24CHmdUxixp4AaABAg,True,@bartoszsz7,"I'm already driving a Chinese car, the MG4. It's a great car, but still could have been cheaper (yeah, thanks taxes and EU...)",0,True
UgwEMnaXZ_lAaLhf4b54AaABAg,comment,eNYndWedZsE,,False,@briancollier5145,I have very fond memories of cycling through the Lake District in 2003.  Thanks for the reviews!,2,True
UgzpUWd6kcAu2UKXK_Z4AaABAg,comment,eNYndWedZsE,,False,@swzhang8393,very beautiful car,0,True
Ugxab2EwDbzfKZ3pjS94AaABAg,comment,eNYndWedZsE,,False,@matthew_baynham,Mistaking different USB versions is understandable if you're actually from a mining spaceship 3 million years in the future.,0,True
UgxDLts-TSmhc6gUc014AaABAg,comment,eNYndWedZsE,,False,@ricardo_guru,I wonder if it worth to sell your soul to the Chinese....🎉 Robert?,1,True
UgyG-uqYGFOJR0_VahB4AaABAg,comment,eNYndWedZsE,,False,@niptodstan,I've watched videos on here of fields full of BYS cars. Registered and then dumped to show false sale figures.,2,True
UgyG-uqYGFOJR0_VahB4AaABAg.9xTPXzGA_rJ9xUJsFE459p,comment,eNYndWedZsE,UgyG-uqYGFOJR0_VahB4AaABAg,True,@WANDERER0070,Fake news wasnt BYD but some old used rental cars see Inside China auto chanel,3,True
UgxO-_UH_0WD5vXaGaZ4AaABAg,comment,eNYndWedZsE,,False,@m2onen89,"I generally like Robert's YouTube content, but unfortunately I have to say that this was quite a lazy effort for a car review.",0,True
UgxK7qcmC1HxdHmN-Nd4AaABAg,comment,eNYndWedZsE,,False,@BaconEggandBeans,Looks so much more interesting than the boring looking Tesla,1,True
Ugw2Vroi74rSCcmuJy14AaABAg,comment,eNYndWedZsE,,False,@stephenbaxter5804,"As an Atto 3 owner I feel privileged that BYD must see real potential down here in NZ, not only do we get the cars at a sharper price than Europe, we also already have 15 showrooms already on our wee island.",285,True
Ugw2Vroi74rSCcmuJy14AaABAg.9xTNZU_aLgd9xTtAKsfYLr,comment,eNYndWedZsE,Ugw2Vroi74rSCcmuJy14AaABAg,True,@Enoch-Root,"New Zealand has a better relationship with China than Europe or America which may be why. I don't think our government slapped tariffs on Chinese products like the Americans and the government was also pretty explicit about the relationship with China being an issue between NZ and China that America should stop trying to influence.

And hi from a kiwi living in China in one of the BYD villages. BYD have good cars, though the selection of EVs here is massive so it can be hard to choose.",39,True
Ugw2Vroi74rSCcmuJy14AaABAg.9xTNZU_aLgd9xUOAO6eGvz,comment,eNYndWedZsE,Ugw2Vroi74rSCcmuJy14AaABAg,True,@xfliu1801,比亚迪外观太久没变化了，现在有点落后其他中国车企了,3,True
Ugw2Vroi74rSCcmuJy14AaABAg.9xTNZU_aLgd9xU_1TriJEQ,comment,eNYndWedZsE,Ugw2Vroi74rSCcmuJy14AaABAg,True,@kkiwi54,Islands 😉,1,True
Ugw2Vroi74rSCcmuJy14AaABAg.9xTNZU_aLgd9xeXjqZCqHX,comment,eNYndWedZsE,Ugw2Vroi74rSCcmuJy14AaABAg,True,@weird-guy,"You guys don’t have any auto industry to protect same thing with Australia, meanwhile Europe and usa have one also the usa hates China so they influence the eu although there’s already plenty of byd buses,Chinese owned brands like mg,volvo,polestar,maxus,ldv and a few byd,nio ect",3,True
Ugw2Vroi74rSCcmuJy14AaABAg.9xTNZU_aLgd9xec4KRNCgu,comment,eNYndWedZsE,Ugw2Vroi74rSCcmuJy14AaABAg,True,@xfliu1801,@weird-guy shame on Biden and trump government,7,True
Ugw2Vroi74rSCcmuJy14AaABAg.9xTNZU_aLgd9xisObLsQ3z,comment,eNYndWedZsE,Ugw2Vroi74rSCcmuJy14AaABAg,True,@peterenables714,"@xfliu1801 will you vote for bitchyden or trumpetomb? Why no young middle age United slums of american comes forward to vote, all because of lack of $70 million funds which bitchyden begged and called Xi a dictator.",0,True
Ugw2Vroi74rSCcmuJy14AaABAg.9xTNZU_aLgd9yP-7L8J7Zl,comment,eNYndWedZsE,Ugw2Vroi74rSCcmuJy14AaABAg,True,@Asuka.the.Perfectionistic,@weird-guy oh what happened to Holden?,1,True
Ugw2Vroi74rSCcmuJy14AaABAg.9xTNZU_aLgd9ytPH9RUinn,comment,eNYndWedZsE,Ugw2Vroi74rSCcmuJy14AaABAg,True,@faint_Smile25,​@weird-guyy'all need to elect a Chinese friendly president. so you can buy Chinese goods more freely... but I guess it's also bad for USA economy to be friendly because they sell war instruments,0,True
Ugx8DT398cFJKEeMitJ4AaABAg,comment,eNYndWedZsE,,False,@dangosypethau,Compared to the model 3 what's the ride quality over bumps and twisty roads and its 0-60 time? Price from new?,0,True
Ugx8DT398cFJKEeMitJ4AaABAg.9xTNRg4ldSA9xVac7gdVEL,comment,eNYndWedZsE,Ugx8DT398cFJKEeMitJ4AaABAg,True,@danielkierannevin9081,"Test drove both. AWD Seal handled exceptionally well over bumps and took corners (at speed) with absolute ease. AWD version has adaptable suspension both front and rear. Again, for same model, 0 to 100km/hr claimed at 3.8 secs. I did it in 3.72. Prices I'm not sure, but in Ireland, its cheaper than a similar spec'd Tesla..",1,True
Ugx6CVWfSKrw0obx6qF4AaABAg,comment,eNYndWedZsE,,False,@classichroam,"Unless I’m missing it, it would be very helpful to put the price which is probably one of the biggest questions people may have.",5,True
Ugx6CVWfSKrw0obx6qF4AaABAg.9xTMvcPy97T9xTcUl9h30G,comment,eNYndWedZsE,Ugx6CVWfSKrw0obx6qF4AaABAg,True,@origin178,"FCS has ignored or brushed-over the price in other reviews too, because they know it will cause such a negative reaction. Which is a bit silly, as price is the primary factor that stops people buying EVs.",2,True
Ugx6CVWfSKrw0obx6qF4AaABAg.9xTMvcPy97T9xTeCaRcQm4,comment,eNYndWedZsE,Ugx6CVWfSKrw0obx6qF4AaABAg,True,@kosmokat111,"@origin178 you also gotta factor in price differences depending on markets/markups.

There's no point listing the chinese price when it could have a wildly different, much higher cost upon reaching places like the UK and Australia.",0,True
Ugx6CVWfSKrw0obx6qF4AaABAg.9xTMvcPy97T9xTeTD2Sy7T,comment,eNYndWedZsE,Ugx6CVWfSKrw0obx6qF4AaABAg,True,@classichroam,Thanks,0,True
UgxXdjgqQOjIRa4Fyd94AaABAg,comment,eNYndWedZsE,,False,@oshakiegittens4887,"Until energy prices gets cheaper in alot of developing nations, I'LL KEEP MY PRIUS !!!!",0,True
UgzjLnUxzPSetSh2P3d4AaABAg,comment,eNYndWedZsE,,False,@sferris33,This is the Toyota of EVs!,1,True
UgxlcFQpuiqn48PmNTx4AaABAg,comment,eNYndWedZsE,,False,@gzcwnk,and software still sucks?,0,True
UgxxciXkkzbe0Y0vDf14AaABAg,comment,eNYndWedZsE,,False,@centralkingdom8141,UK always last to get them in,0,True
UgxHwg-Pk7MprV7LnWp4AaABAg,comment,eNYndWedZsE,,False,@CraigEaton,"While it's commendable to recognize the environmental benefits of electric cars, we must also be mindful of their manufacturing origins and the ethical implications involved. It's crucial not to overlook the significant issues related to human rights and labor practices in countries like China. Acknowledging these concerns is not just about pointing fingers but about ensuring that our advancements in technology and sustainability are aligned with moral and ethical standards. It's essential to have a holistic view that considers both the product and its production process. Let's not forget that the way we invest our money can have far-reaching impacts, potentially affecting people's freedoms and regional stability. So, while appreciating the innovation in electric vehicles, it's equally important to reflect on these broader implications.",1,True
UgwtZ-DRrIE62NVk9tl4AaABAg,comment,eNYndWedZsE,,False,@erictheblue7256,"Great review as always!  I like the Seal but I still have to give the edge to the new Tesla M3 Highland refresh for exterior, interior, and performance enhancements versus the original MS.  Just my opinion of course.  Update:  The Seal gets an extra point over the M3 Highland for the display behind the steering wheel.  🤟",5,True
UgwtZ-DRrIE62NVk9tl4AaABAg.9xTM2L8ehpS9xTjXxJJIzH,comment,eNYndWedZsE,UgwtZ-DRrIE62NVk9tl4AaABAg,True,@tren133,"Two displays in front of the driver since the Seal has a drivers display AND an HUD. In addition interior materials, finish, and build quality has been widely reported to be superior to the Model 3. Robert would never describe the Model 3 interior as ""posh"", for instance. And depending on which market you are in, the Seal may be priced more than 20% below the Model 3, making it an extremely compelling option in those markets.",7,True
UgwtZ-DRrIE62NVk9tl4AaABAg.9xTM2L8ehpS9xTzM5rp96P,comment,eNYndWedZsE,UgwtZ-DRrIE62NVk9tl4AaABAg,True,@wensiangfong,"@tren133 they are comparing it to old model 3, the new model 3 interior materials is already at or higher than bmw n mercedes quality. Some of the bmw n mercedes are using lower grade material.",0,True
Ugy-s7BAtWsUg92uixt4AaABAg,comment,eNYndWedZsE,,False,@inquaanate2393,I just don’t trust that the Chinese government doesn’t have a kill switch on them. I would be interested in one that cannot connect to any form of data network though.,0,True
UgxqUNIUDwpSxO8z_sl4AaABAg,comment,eNYndWedZsE,,False,@genericuser2339,"The only disappointment with this is the range given the capacity of this “next gen” battery. When I heard 82ish kWh I was expecting close to 400 miles. For comparison my ev6 with a standard 77kwh lithium ion battery will do 313 miles wltp. 
I know from experience the actual range is not close to this, but I also know my ev6 is a very heavy car. 
So I don’t get why this byd isn’t pushing 400 miles give  that the tech is moving on so quickly. If it is the case that this blade battery is much better than mine, it suggests that byd have some way to go with respect to efficiency in general doesn’t it? Ie getting the most bang for your buck…",1,True
UgxqUNIUDwpSxO8z_sl4AaABAg.9xTLp-WFRUa9xTY3atBeF1,comment,eNYndWedZsE,UgxqUNIUDwpSxO8z_sl4AaABAg,True,@Radaos,The Seal is about 370 kg heavier than a Model 3 (Seal AWD vs M3P). Still think I would prefer the Seal overall.,1,True
UgxqUNIUDwpSxO8z_sl4AaABAg.9xTLp-WFRUa9xU-ARPFTgb,comment,eNYndWedZsE,UgxqUNIUDwpSxO8z_sl4AaABAg,True,@esonchan4825,几个月之内会有100千瓦电池的车上市，中国技术进步的速度远超想象,1,True
UgxqUNIUDwpSxO8z_sl4AaABAg.9xTLp-WFRUa9xcXKNvRRUG,comment,eNYndWedZsE,UgxqUNIUDwpSxO8z_sl4AaABAg,True,@rvind92g,"Because this is an LFP chemistry battery, which isn't as energy dense compared to a NMC battery. Hence you kinda get lesser range out of it compared to a similarly sized NMC battery. That being said, you get other benefits such as cheaper costs and it being safer.",0,True
UgxTV_UXMM4cCnPtQ114AaABAg,comment,eNYndWedZsE,,False,@LXTstudio,Love the last bit,0,True
UgzXOJSUZKlL8LsW2pV4AaABAg,comment,eNYndWedZsE,,False,@shawnyhu,"But actually right now late 2023, this seal is already kind old compare to Xp G6 / IM LS6 / Liauto MEGA ,those are real 800volt architecture EVs which can charge way faster.",1,True
UgzXsFpO2nsOGHuH82t4AaABAg,comment,eNYndWedZsE,,False,@khalidacosta7133,"3:00 VERY dangerous to have the battery as the floor. It is rare battery fires happen but it does happen. If you are unlucky to happen to you, it will unfortunately vent out toxic gases directly into the cabin. Fires aren't a major issue when the temperatures are relatively low or you can escape quickly from the vehicle and it's easy to contain. Lithium battery fires are none of these.",0,True
UgzXsFpO2nsOGHuH82t4AaABAg.9xTL9nVx53OAAs0SH7-R8h,comment,eNYndWedZsE,UgzXsFpO2nsOGHuH82t4AaABAg,True,@BakerySSK,Did you watch until minute 4?,0,True
UgwiEVRiCA_kL1nnXip4AaABAg,comment,eNYndWedZsE,,False,@etienne6641,I think every negative comment about EVs must go aside with the fact that it’s a ev owner or not. Then we know if it’s factual or just hearsay. I’m sure negatively will reduce by 80% or more if you count EV owners only.,0,True
UgyTh0tiKp_odacfP6V4AaABAg,comment,eNYndWedZsE,,False,@Skylancer727,"I think that battery demonstration is highly misleading. First off you'll never know how many they did till it didn't ignite (I think thats a bit unwarranted but is a valid complaint), and it has a decently increased risk of spontaneous combustion.",0,True
Ugyn6foDtPnptKpE-TZ4AaABAg,comment,eNYndWedZsE,,False,@pekoro70,"You know the guy is truly British when you hear ""I sawRit""",0,True
UgxKbImEao0hJdo5GBZ4AaABAg,comment,eNYndWedZsE,,False,@jonrich62,"The trouble with Chinese cars is that they are made in China; a country with an appalling human rights record. I know it's difficult to avoid buying stuff that is made in China because they make so much stuff, but a major purchase like a car really should give people pause for thought.",0,True
UgyvcMp8a4euwLDne0N4AaABAg,comment,eNYndWedZsE,,False,@djayjp,My 2014 Nissan Leaf SV with heat pump certainly affected its range when the heater was turned on (even in non-freezing temps). Though it didn't use heat from the battery so that could help a lot I suppose.,2,True
UgyvcMp8a4euwLDne0N4AaABAg.9xTKTgASpuK9xTM_zyVxmV,comment,eNYndWedZsE,UgyvcMp8a4euwLDne0N4AaABAg,True,@gregb1599,"Don't believe everything these reviews say. He is paid well by BYD to say very positive things, while it's illegal to get actual cash, first class tickets, the best hotels, fine dining, it all helps, not only that, say anything major negative and you are blacklisted. Even the best heatpumps still use a lot of power especially as it gets colder. Just look on EV Database, it gives the real world driving range at different speeds and temperatures and BYD are just like all EV and ICE they are affected by temperature.",1,True
UgyvcMp8a4euwLDne0N4AaABAg.9xTKTgASpuK9zFgJiAlNcI,comment,eNYndWedZsE,UgyvcMp8a4euwLDne0N4AaABAg,True,@mshepard2264,yea but the battery in the leaf was behind the times even in 2014. To be fair to the leaf it was the only affordable ev at the time.,0,True
UgzJjGjKZCR8VTvh0TR4AaABAg,comment,eNYndWedZsE,,False,@290Alenka,"what a really, really good review. Cup holders?!?  How about a built in fridge to keep the butter from melting on the way back from waitrose.... or Lidl!",0,True
Ugys1MMbTtKajTYBgxt4AaABAg,comment,eNYndWedZsE,,False,@steveoconnell3228,"lovely car but i hoped it would cost a little less, like £10k less",0,True
UgxRKuA-N991MragE-J4AaABAg,comment,eNYndWedZsE,,False,@indian2003,I still dont know why there is a micro SD card slot in the open room under the charging pads. No one seems to have noticed it.,0,True
UgxRKuA-N991MragE-J4AaABAg.9xTK9VVIfCm9xTgq8IYmkC,comment,eNYndWedZsE,UgxRKuA-N991MragE-J4AaABAg,True,@Peter-vn8ue,"All BYD owners do the sd card on my vehicle records video from the front camera whilst driving, and I have all my music stored on it too that I listen to as I drive.",3,True
UgxAWxstxeVy8pWMy0l4AaABAg,comment,eNYndWedZsE,,False,@thomaseriksson3182,Thanks for this!👍 looking good in black paint. Long range rwd is my choice.,0,True
UgxR-6f2FgTg7AqGEUx4AaABAg,comment,eNYndWedZsE,,False,@paulhorscroft1471,Give  it 2 years  it will  be a thing of the past  plus  it's  but ugly,0,True
UgwXFdgN_y8oiTWKB3B4AaABAg,comment,eNYndWedZsE,,False,@samuelraya710,18 or 80??????😮,0,True
UgzS99aeLb7T6D8bPJl4AaABAg,comment,eNYndWedZsE,,False,@jansenwilder1335,I  wish you guys had the chance to review  Nio and Xpeng EV... Lovely range that they have.,2,True
Ugz4JFK0vgLGF9uy45V4AaABAg,comment,eNYndWedZsE,,False,@a9udn9u-vanced,The view of UK country side is next level..,0,True
UgwLCgy1lr5FrKJz4Xp4AaABAg,comment,eNYndWedZsE,,False,@lkrnpk,"ah BYD, the Tesla of China :D In a sense of how many EVs they sell, technologically there are more exciting companies in China",0,True
UgwvXb9OdaTwY-_27214AaABAg,comment,eNYndWedZsE,,False,@hamshackleton,"A car called a Seal, does the horn go oink oink? Or does it sneak up and stick a knife into you?  :-) - - Bleepin' adverts - four minutes of vid, and four adverts so far! - - BYD missed a point there, it should have been a hatch-back, not that silly little slit-opening. - - 7.5 minutes, and TWO MORE bleepin' adverts - none of them are for anything I'd use! - -  10.5 minutes, and two more B****Y adverts. - - - and another batch at the end - and you completely forgot to mention the thing that matters - the price! So I just sat through 15 minutes of crap for nothing.",0,True
UgyqfcyAeP4tQnMcFpp4AaABAg,comment,eNYndWedZsE,,False,@JustWasted3HoursHere,"Say what you want about the Chinese government (and there's plenty), but they have definitely had both feet firmly planted in progressing forward with electric vehicles and have made that process much better for Chinese companies through various laws, incentives and subsidies over the years. If every country believed in the idea this well we would have transitioned to electric already all over the world. Whether American consumers will buy a fully Chinese car - built by and branded as - is a big question, but I suspect that the price, features and build quality will ultimately win them over. But it will probably take a number of years. Hopefully it will put a fire under the feet of American companies to do better.",0,True
UgwY3Qn8Smi87tXoBKF4AaABAg,comment,eNYndWedZsE,,False,@chopperking007,Why fund a communist dictatorship ffs,0,True
UgyRcVKBmEPkD5mUMq54AaABAg,comment,eNYndWedZsE,,False,@pooroldpedro,absolutely pointless talking about features and quality if you don't mention price - are they competing with skoda or bmw?,0,True
UgzJSjTxl9GxfYcxZvp4AaABAg,comment,eNYndWedZsE,,False,@lilmsgs,you said B Y T and nothing happened,0,True
UgzAZ4lDN2JXwGNfQVB4AaABAg,comment,eNYndWedZsE,,False,@BLR1GBattlemaster,"But, what's the price?",0,True
UgxSf7O03GfCziMkeqZ4AaABAg,comment,eNYndWedZsE,,False,@sierrag8412,Thanks America for not allowing these cars to be sold here just so Ford and GM and continue to pump out POS after POS with minimal competition,1,True
UgyxoV8Jn-KvdwU7Y2B4AaABAg,comment,eNYndWedZsE,,False,@Oatmeal-Savage,"Unless it's available for me to purchase at an affordable price outside of China (i.e., Canuckistan), it's not terribly useful to me.",0,True
UgyzazFTotV7a8xkA754AaABAg,comment,eNYndWedZsE,,False,@ogriboy,Chinese err  No thanks. European EV's no problem.,0,True
UgzOB_bAOW0d12MU3gF4AaABAg,comment,eNYndWedZsE,,False,@liroy2057,3:44 you said BYD and nothing happened :D,0,True
UgyXKF3HpnfTTJw7-wV4AaABAg,comment,eNYndWedZsE,,False,@RobertBorley,"""BYD"" is actually an abbreviation of the company's Chinese name Biyadi, which itself was created from company's original trademark Yadi Electronics (亚迪电子, named after the Yadi Road in Dapeng New District, where the company was once based) and the character Bi was just conveniently added to give the company an alphabetical advantage in trade shows. ""Build Your Dreams"" is a slogan back-formed to fit the name for the Western market. Like LG stands for ""Lucky Goldstar"" but they made up the phrase ""Life's Good"" for Westerners. 

If you think this might be interesting for others, give it a like for increased visibility! ;)",2385,True
UgyXKF3HpnfTTJw7-wV4AaABAg.9xTEvqq0ubU9xTHZz3FsAJ,comment,eNYndWedZsE,UgyXKF3HpnfTTJw7-wV4AaABAg,True,@darcsentor,"Cheers, that was very informative",63,True
UgyXKF3HpnfTTJw7-wV4AaABAg.9xTEvqq0ubU9xTW2ChiwmY,comment,eNYndWedZsE,UgyXKF3HpnfTTJw7-wV4AaABAg,True,@张蛋疼,@gregb1599 not at all. the original logo is  just a ugly BYD in a olive circle,76,True
UgyXKF3HpnfTTJw7-wV4AaABAg.9xTEvqq0ubU9xTcjcYYiO6,comment,eNYndWedZsE,UgyXKF3HpnfTTJw7-wV4AaABAg,True,@张蛋疼,"They did copied toyota, but not BMW@gregb1599",0,True
UgyXKF3HpnfTTJw7-wV4AaABAg.9xTEvqq0ubU9xTg6_p6Y0_,comment,eNYndWedZsE,UgyXKF3HpnfTTJw7-wV4AaABAg,True,@royc8587,Always thought it was liquid goldstar,0,True
UgyXKF3HpnfTTJw7-wV4AaABAg.9xTEvqq0ubU9xTgbFQbEAp,comment,eNYndWedZsE,UgyXKF3HpnfTTJw7-wV4AaABAg,True,@seabream,"@royc8587 Before they rebranded, Lucky Goldstar VHS tapes were pretty common. I don't know if you're old enough to have used VHS tapes, but they were everywhere for decades.",0,True
UgyXKF3HpnfTTJw7-wV4AaABAg.9xTEvqq0ubU9xTjoebzF3S,comment,eNYndWedZsE,UgyXKF3HpnfTTJw7-wV4AaABAg,True,@pilotboba,They made up Life's Good because Lucky and Goldstar were both crap house brands. The sum of the parts was for sure better.,12,True
UgyXKF3HpnfTTJw7-wV4AaABAg.9xTEvqq0ubU9xTsid-eu-A,comment,eNYndWedZsE,UgyXKF3HpnfTTJw7-wV4AaABAg,True,@姚药药,"In fact, because yd was registered, they changed their name to byd.",19,True
UgyXKF3HpnfTTJw7-wV4AaABAg.9xTEvqq0ubU9xTslPooGmH,comment,eNYndWedZsE,UgyXKF3HpnfTTJw7-wV4AaABAg,True,@Enoch-Root,"Impressive knowledge. I actually live with my wife in 大亚湾 in one of the BYD villages where many of the engineers from BYD also live. The Seal is a nice looking car and one that I may consider, though I'm still drawn towards the Xpeng P7i Performance.",31,True
UgyXKF3HpnfTTJw7-wV4AaABAg.9xTEvqq0ubU9xTvkJI2aPV,comment,eNYndWedZsE,UgyXKF3HpnfTTJw7-wV4AaABAg,True,@pv2870,I prefer Biyadi to BYD. Sounds premium.,22,True
UgyXKF3HpnfTTJw7-wV4AaABAg.9xTEvqq0ubU9xUAovq40Ea,comment,eNYndWedZsE,UgyXKF3HpnfTTJw7-wV4AaABAg,True,@COIcultist,"So it's Build Your Dreams, not Burn Your Drive?
You will be telling me it's not The Fully Charred Show next!",10,True
UgyXKF3HpnfTTJw7-wV4AaABAg.9xTEvqq0ubU9xUWYxGLjMn,comment,eNYndWedZsE,UgyXKF3HpnfTTJw7-wV4AaABAg,True,@arminius6506,Thank God somebody took a time to explain it.,5,True
UgyXKF3HpnfTTJw7-wV4AaABAg.9xTEvqq0ubU9xUmL_L2qou,comment,eNYndWedZsE,UgyXKF3HpnfTTJw7-wV4AaABAg,True,@johnsmith-cw3wo,"@COIcultist COPE harder...  BYD blade batteries are the SAFEST in the world, you can cry as much as you want, it won't change the truth. ",46,True
UgyXKF3HpnfTTJw7-wV4AaABAg.9xTEvqq0ubU9xVJmbrB6n6,comment,eNYndWedZsE,UgyXKF3HpnfTTJw7-wV4AaABAg,True,@grahamthompson5581,@gregb1599 Reminds me of when the KLF sued EMF for F theft.,1,True
UgyXKF3HpnfTTJw7-wV4AaABAg.9xTEvqq0ubU9xVwh1zPz_m,comment,eNYndWedZsE,UgyXKF3HpnfTTJw7-wV4AaABAg,True,@COIcultist,"@johnsmith-cw3wo  You can never change the truth, but an awful lot of people tell you something is the truth when it isn't.
The safest batteries in the world. People, even governments, told us the Covid vaccine was ""Safe and Effective,"" how is that story playing out?
Cry as much as I want. Even if I Cry Me A River, I doubt I could cry enough to put out an EV battery fire.
How many places are now banning EV parking, what has happened to EV insurance costs, and what are EV residual values like? No doubt it's all based on a wicked fiction, unlike the religion of man made global warming that though unproved is just there to safeguard us all!",0,True
UgyXKF3HpnfTTJw7-wV4AaABAg.9xTEvqq0ubU9xWmmo5LLty,comment,eNYndWedZsE,UgyXKF3HpnfTTJw7-wV4AaABAg,True,@hanjustin4311,"@COIcultist Both of you guys are misguided. The real meaning of byd is Be your daddy, actually.",6,True
UgyXKF3HpnfTTJw7-wV4AaABAg.9xTEvqq0ubU9xWyp6D7Ji1,comment,eNYndWedZsE,UgyXKF3HpnfTTJw7-wV4AaABAg,True,@foreverwhisper,"BYD is also an abbreviation of a profanity word in Chinese🙃

If you think it might be interesting for others, give it a like to increase visibility! :)",4,True
UgyXKF3HpnfTTJw7-wV4AaABAg.9xTEvqq0ubU9xWzgD3BjC2,comment,eNYndWedZsE,UgyXKF3HpnfTTJw7-wV4AaABAg,True,@justmechanicthings,"yeah, sounds almost Italian to me@pv2870",0,True
UgyXKF3HpnfTTJw7-wV4AaABAg.9xTEvqq0ubU9xYFKczE3A0,comment,eNYndWedZsE,UgyXKF3HpnfTTJw7-wV4AaABAg,True,@letstalkpro,@gregb1599 Nope. See the original and looks nothing like the BMW label.,7,True
UgyXKF3HpnfTTJw7-wV4AaABAg.9xTEvqq0ubU9xYK6XScsgO,comment,eNYndWedZsE,UgyXKF3HpnfTTJw7-wV4AaABAg,True,@joetz1,"@pilotbobayou’re right on the money. I don’t know if you are American or not, but in the US, goldstar-branded electronics have a horrific reputation for quality. I had 3 goldstar products and all three (fax machine, gaming console, and television set) failed within a year and had to be disposed of. I think the gaming console was a 3DO and I had it replaced 3 times under warranty and all three replacements failed. When the warranty was over I threw it in the trash with the rest of my garbage and had it disposed of.",3,True
UgyXKF3HpnfTTJw7-wV4AaABAg.9xTEvqq0ubU9xYagUVTndZ,comment,eNYndWedZsE,UgyXKF3HpnfTTJw7-wV4AaABAg,True,@alext3811,"Their original logo was a clone of BMW's. They also seem to catch on fire more often than other EVs. Note I'm Half-chinese (that side has been in Taiwan since the CCP took over), so not a race thing, although I have a distaste for copycat brands.",3,True
UgyXKF3HpnfTTJw7-wV4AaABAg.9xTEvqq0ubU9xZ5ZM4xyRA,comment,eNYndWedZsE,UgyXKF3HpnfTTJw7-wV4AaABAg,True,@Roq-stone,@royc8587 🤣,0,True
UgyXKF3HpnfTTJw7-wV4AaABAg.9xTEvqq0ubU9xZI6PnD66c,comment,eNYndWedZsE,UgyXKF3HpnfTTJw7-wV4AaABAg,True,@boonchewchan8245,​@alext3811there is something called the zeal of convert. What you said is no different from some politician who claim that his wife or his family members are chinese and therefore he/she is justifiably not anti Chinese. So shallow and think that he/she could mislead others.,9,True
UgyXKF3HpnfTTJw7-wV4AaABAg.9xTEvqq0ubU9xZbmagGdOe,comment,eNYndWedZsE,UgyXKF3HpnfTTJw7-wV4AaABAg,True,@alext3811,"​@boonchewchan8245 ... Yeah.  My point is that I don't like them because I see them as blatant and uninspired copycats. Not criminals like Huawei (caught stealing IP from Cisco, Samsung and more).",0,True
UgyXKF3HpnfTTJw7-wV4AaABAg.9xTEvqq0ubU9xZdALdNHEM,comment,eNYndWedZsE,UgyXKF3HpnfTTJw7-wV4AaABAg,True,@laowan,@gregb1599 Unless BYD was a manufacturing company that assembles phones and produces batteries.,0,True
UgyXKF3HpnfTTJw7-wV4AaABAg.9xTEvqq0ubU9xZeEdpHfYc,comment,eNYndWedZsE,UgyXKF3HpnfTTJw7-wV4AaABAg,True,@gregb1599,"@laowan  It does not matter if they produced water they still copied the BMW symbol. Just Google it, and it will show how close the old BYD sign including shape colour and letter spacing.",0,True
UgyXKF3HpnfTTJw7-wV4AaABAg.9xTEvqq0ubU9xZijGDJCKW,comment,eNYndWedZsE,UgyXKF3HpnfTTJw7-wV4AaABAg,True,@brighthorse6981,"@hanjustin4311 
BMW：Be My Wife
BYD：Be Your Daddy😄",10,True
UgyXKF3HpnfTTJw7-wV4AaABAg.9xTEvqq0ubU9x_e3CiiaCK,comment,eNYndWedZsE,UgyXKF3HpnfTTJw7-wV4AaABAg,True,@deepseer,"Another reason he choose B (not A or C) is, before founding Yadi Electronics, Wang Chuanfu himself was working as the manager of Bige, a battery company that was backed by a research institute in Beijing.",3,True
UgyXKF3HpnfTTJw7-wV4AaABAg.9xTEvqq0ubU9xaiv_3Y3k2,comment,eNYndWedZsE,UgyXKF3HpnfTTJw7-wV4AaABAg,True,@jonathanberkeley4109,"Biyadi would've been a better name even in the west. ""Build Your Dreams"" is an awful tacky name.",2,True
UgyXKF3HpnfTTJw7-wV4AaABAg.9xTEvqq0ubU9xbmdci7_I3,comment,eNYndWedZsE,UgyXKF3HpnfTTJw7-wV4AaABAg,True,@letstalkpro,@gregb1599 They look as close as Samsung and Ford. Give me a break!,0,True
UgyXKF3HpnfTTJw7-wV4AaABAg.9xTEvqq0ubU9xbmiCefNs3,comment,eNYndWedZsE,UgyXKF3HpnfTTJw7-wV4AaABAg,True,@letstalkpro,@alext3811  Copycat brands = Japanese.,2,True
UgyXKF3HpnfTTJw7-wV4AaABAg.9xTEvqq0ubU9xcRLxHdbP9,comment,eNYndWedZsE,UgyXKF3HpnfTTJw7-wV4AaABAg,True,@alext3811,"@letstalkpro Not anymore, they're pretty much their own thing now. Maybe it was before y2k (I'm Gen Z, so no firsthand), but Japanese brands aren't copycats anymore and haven't been for my life.",0,True
UgyXKF3HpnfTTJw7-wV4AaABAg.9xTEvqq0ubU9xdlg9pcyk3,comment,eNYndWedZsE,UgyXKF3HpnfTTJw7-wV4AaABAg,True,@HigherResolution,这就叫专业👍,1,True
UgyXKF3HpnfTTJw7-wV4AaABAg.9xTEvqq0ubU9xfNFoqDLi3,comment,eNYndWedZsE,UgyXKF3HpnfTTJw7-wV4AaABAg,True,@Robin_Hood911,byd=be your daddy😊,1,True
UgyXKF3HpnfTTJw7-wV4AaABAg.9xTEvqq0ubU9xgKXD5ZzQQ,comment,eNYndWedZsE,UgyXKF3HpnfTTJw7-wV4AaABAg,True,@Lost_Johnny,"I wondered what 比亚迪 meant in Chinese. It doesn't seem to make sense - now I know. ""Build Your Dreams"" seems to be vanishing from cars now. Although it was meant for Westerners, cars in China have it emblazoned on the back too.",1,True
UgyXKF3HpnfTTJw7-wV4AaABAg.9xTEvqq0ubU9xgm5Q2e-zC,comment,eNYndWedZsE,UgyXKF3HpnfTTJw7-wV4AaABAg,True,@letstalkpro,"@alext3811 They've been copying other car designs throughout the 20th century and 21st century (lexus ls200 is a copy of Mercedes Benz, Suzuki jimny is now a copy of MB G wagon), hence the boring tag.  The fact is, many of these copies still exist.",2,True
UgyXKF3HpnfTTJw7-wV4AaABAg.9xTEvqq0ubU9xgmhN9GXe7,comment,eNYndWedZsE,UgyXKF3HpnfTTJw7-wV4AaABAg,True,@letstalkpro,"@gregb1599 Again, it looks nothing like BMW. BYD is oval with the inner part split into 2 sections, BMW is circular with its inner part split into 4 sections. Again, looks nothing alike and even more dissimilar now.  If you look at car emblems years ago, they were much more similar, no less than 10 used wings as part of their design.",1,True
UgyXKF3HpnfTTJw7-wV4AaABAg.9xTEvqq0ubU9xhPmuAbbcS,comment,eNYndWedZsE,UgyXKF3HpnfTTJw7-wV4AaABAg,True,@TobenyChen,"有点像起个贱名好养活，没想到比亚迪坚持下来了

Anyway, I don't really like BYD's car. But they are the ones that truly bring down the price to to a point that, families with average income could buy a decent EV without significant burden",2,True
UgyXKF3HpnfTTJw7-wV4AaABAg.9xTEvqq0ubU9xhZ8gDDj1G,comment,eNYndWedZsE,UgyXKF3HpnfTTJw7-wV4AaABAg,True,@alext3811,"​@letstalkproYeah, but not all. I don't think the land cruiser is a copy of anything. Also, I believe the Lexus RX was the first successful crossover.",0,True
UgyXKF3HpnfTTJw7-wV4AaABAg.9xTEvqq0ubU9xi5F9J3a5y,comment,eNYndWedZsE,UgyXKF3HpnfTTJw7-wV4AaABAg,True,@user-borro,"As a chinese, I also don' know this name history before",1,True
UgyXKF3HpnfTTJw7-wV4AaABAg.9xTEvqq0ubU9xj3wbApBmH,comment,eNYndWedZsE,UgyXKF3HpnfTTJw7-wV4AaABAg,True,@letstalkpro,@alext3811 Land cruiser was the first Jeep clone LOL,4,True
UgyXKF3HpnfTTJw7-wV4AaABAg.9xTEvqq0ubU9xmR2tWBcQl,comment,eNYndWedZsE,UgyXKF3HpnfTTJw7-wV4AaABAg,True,@cncloudL,"In China almost everyone would say that the name of BYD is literally stupid. And its original logo copied from BMW. Consumers and passersby asked them for changing their logo and name for years, that's why you will see the so called""build your dream""",1,True
UgyXKF3HpnfTTJw7-wV4AaABAg.9xTEvqq0ubU9xmRGvgCkkR,comment,eNYndWedZsE,UgyXKF3HpnfTTJw7-wV4AaABAg,True,@cncloudL,"​@foreverwhisperI would never imagine that an alien will notice this. Yeah basically the abbreviation of byd in Chinese is ""son of b**** "" in English 😂😂😂 That's why it's a stupid name",0,True
UgyXKF3HpnfTTJw7-wV4AaABAg.9xTEvqq0ubU9xnoq2fEjxr,comment,eNYndWedZsE,UgyXKF3HpnfTTJw7-wV4AaABAg,True,@letstalkpro,"@cncloudL Not true.  BYD has a good reputation in China, their older cars are humbling and I have seen the former logo, looks nothing like BMW.  Anyway, it is stupid to complain about a logo, everyone's inspiration came from somewhere else.",3,True
UgyXKF3HpnfTTJw7-wV4AaABAg.9xTEvqq0ubU9xnvlJzTxVm,comment,eNYndWedZsE,UgyXKF3HpnfTTJw7-wV4AaABAg,True,@cncloudL,"@letstalkpro They have changed logo twice. What you saw is the 2nd version, if you look for the first version it's really similar to BMW. More than 10 years ago my dad drove a byd so I know it",0,True
UgyXKF3HpnfTTJw7-wV4AaABAg.9xTEvqq0ubU9xo-UiAg-bR,comment,eNYndWedZsE,UgyXKF3HpnfTTJw7-wV4AaABAg,True,@letstalkpro,"​@cncloudL The first BMW logo actually said RAPP Motor with the writing at the top and bottom, then the writing shifted to the top with the inner circle split in 4s.  BYD's logo had writing at the bottom, was oval with the inner part split in 2s. I do not know how the two logos can be similar.",0,True
UgyXKF3HpnfTTJw7-wV4AaABAg.9xTEvqq0ubU9xsQCje4Jg4,comment,eNYndWedZsE,UgyXKF3HpnfTTJw7-wV4AaABAg,True,@janb_,Thank you for the information,0,True
UgyXKF3HpnfTTJw7-wV4AaABAg.9xTEvqq0ubU9y2jtlPEafY,comment,eNYndWedZsE,UgyXKF3HpnfTTJw7-wV4AaABAg,True,@GForce162,"@gregb1599 US and soviet both use Nazi technology, sue them or reporeted to Isarel",0,True
UgyXKF3HpnfTTJw7-wV4AaABAg.9xTEvqq0ubU9y5z4br5c11,comment,eNYndWedZsE,UgyXKF3HpnfTTJw7-wV4AaABAg,True,@PersonManManManMan,I will increase visibility,0,True
UgyXKF3HpnfTTJw7-wV4AaABAg.9xTEvqq0ubU9y7xbUtgxjV,comment,eNYndWedZsE,UgyXKF3HpnfTTJw7-wV4AaABAg,True,@zhaohuge1944,"BYD is also the abbreviation of ""bitch raised"" in Chinese, which is become a famous meme in China...",2,True
UgyXKF3HpnfTTJw7-wV4AaABAg.9xTEvqq0ubU9y8BasFwyZG,comment,eNYndWedZsE,UgyXKF3HpnfTTJw7-wV4AaABAg,True,@sea_TPGUY,"I still remembered 12years ago, I was in China and first heard of this brand BYD ( bi ya di , not build your dream yet at that time) , no people have confidence on this brand even the local Chinese. But who knows that after a decade gone and now the build your dream is actually quite impressed me on their quality build and affordability of the car.",0,True
UgyXKF3HpnfTTJw7-wV4AaABAg.9xTEvqq0ubU9y8Mb2AU9_s,comment,eNYndWedZsE,UgyXKF3HpnfTTJw7-wV4AaABAg,True,@zhaohuge1944,user-ct6wt8xq1k 你从来没关注过车？,0,True
UgyXKF3HpnfTTJw7-wV4AaABAg.9xTEvqq0ubU9yFF4Cmv3Td,comment,eNYndWedZsE,UgyXKF3HpnfTTJw7-wV4AaABAg,True,@deepseer,"user-ct6wt8xq1k 比亚迪跟当年的香港乐队beyond都撞上这个音了。
这是个地区方言问题，粤语地区似乎没有这个说法？",0,True
UgyXKF3HpnfTTJw7-wV4AaABAg.9xTEvqq0ubU9yIV6XDggbO,comment,eNYndWedZsE,UgyXKF3HpnfTTJw7-wV4AaABAg,True,@jamesliguangyi,"Mercedes Benz is just the name of two car mechanics， However, in China, its name is 奔驰 （run like flying），BMW. The name in China is 宝马（treasure horse）.",2,True
UgyXKF3HpnfTTJw7-wV4AaABAg.9xTEvqq0ubU9yYIG0UsowH,comment,eNYndWedZsE,UgyXKF3HpnfTTJw7-wV4AaABAg,True,@boyeewoods,BYD means be your daddy,2,True
UgyXKF3HpnfTTJw7-wV4AaABAg.9xTEvqq0ubU9ygg5mdWwKi,comment,eNYndWedZsE,UgyXKF3HpnfTTJw7-wV4AaABAg,True,@hellowill,Yeah I was thinking it's like LG too.,0,True
UgyXKF3HpnfTTJw7-wV4AaABAg.9xTEvqq0ubU9yhLijwiLk8,comment,eNYndWedZsE,UgyXKF3HpnfTTJw7-wV4AaABAg,True,@RichCanadianNo1,every car is copy each other they all look the same @gregb1599,0,True
UgyXKF3HpnfTTJw7-wV4AaABAg.9xTEvqq0ubU9yhLpI4AmHr,comment,eNYndWedZsE,UgyXKF3HpnfTTJw7-wV4AaABAg,True,@RichCanadianNo1,你不赞同有个调用 王传福说了纯粹因为很多名字被注册 才起了那个名字 你懂个JB user-ct6wt8xq1k,0,True
UgyXKF3HpnfTTJw7-wV4AaABAg.9xTEvqq0ubU9yw0MwjpjGH,comment,eNYndWedZsE,UgyXKF3HpnfTTJw7-wV4AaABAg,True,@walden6272,@pv2870Agreed.   They should rename it back to Biyadi.,1,True
UgyXKF3HpnfTTJw7-wV4AaABAg.9xTEvqq0ubU9z3zlnUeUUM,comment,eNYndWedZsE,UgyXKF3HpnfTTJw7-wV4AaABAg,True,@tonycondom2662,Another funny thing is... BYD also applied the brand named 'Bring Your Dollar'😂,0,True
UgyXKF3HpnfTTJw7-wV4AaABAg.9xTEvqq0ubU9z5MoHsvF4_,comment,eNYndWedZsE,UgyXKF3HpnfTTJw7-wV4AaABAg,True,@Flanker-L,​@brighthorse6981 Your wife calls you daddy😉,1,True
UgyXKF3HpnfTTJw7-wV4AaABAg.9xTEvqq0ubU9zCO-ZU6eap,comment,eNYndWedZsE,UgyXKF3HpnfTTJw7-wV4AaABAg,True,@Levitiy,"Biyadi, sounds like Bugatti. I'd use the actual name in the West if I was them.",1,True
UgyXKF3HpnfTTJw7-wV4AaABAg.9xTEvqq0ubU9zYumboE_x5,comment,eNYndWedZsE,UgyXKF3HpnfTTJw7-wV4AaABAg,True,@AndrewManook,Other than the colour scheme it looks nothing alike. @gregb1599,0,True
UgyXKF3HpnfTTJw7-wV4AaABAg.9xTEvqq0ubU9zar_bA4wJo,comment,eNYndWedZsE,UgyXKF3HpnfTTJw7-wV4AaABAg,True,@raymonddon8875,im mexican and living in mexico... thanks china for 4 BYD car companies in my home town chinesca - u gave us mexicans 1000's of jobs - we love u china!,2,True
UgyXKF3HpnfTTJw7-wV4AaABAg.9xTEvqq0ubU9zaraeETjgS,comment,eNYndWedZsE,UgyXKF3HpnfTTJw7-wV4AaABAg,True,@raymonddon8875,china # 1,1,True
UgyXKF3HpnfTTJw7-wV4AaABAg.9xTEvqq0ubU9zarc-wYmbC,comment,eNYndWedZsE,UgyXKF3HpnfTTJw7-wV4AaABAg,True,@raymonddon8875,BYD is the best!,1,True
UgyXKF3HpnfTTJw7-wV4AaABAg.9xTEvqq0ubU9zgKXDSc0xy,comment,eNYndWedZsE,UgyXKF3HpnfTTJw7-wV4AaABAg,True,@jockmoron,"Thanks, just the sort of useless knowledge that makes life worth living, just joking, interesting potted history.",1,True
UgyXKF3HpnfTTJw7-wV4AaABAg.9xTEvqq0ubU9ziOuzQ8-R0,comment,eNYndWedZsE,UgyXKF3HpnfTTJw7-wV4AaABAg,True,@raymonddon8875,your point is definitely noted!,1,True
UgyXKF3HpnfTTJw7-wV4AaABAg.9xTEvqq0ubU9ziOx89cprq,comment,eNYndWedZsE,UgyXKF3HpnfTTJw7-wV4AaABAg,True,@raymonddon8875,thanks for info!,0,True
UgyXKF3HpnfTTJw7-wV4AaABAg.9xTEvqq0ubUA-yNChFfDKW,comment,eNYndWedZsE,UgyXKF3HpnfTTJw7-wV4AaABAg,True,@MrTwisted000,it means be your dad,1,True
UgyXKF3HpnfTTJw7-wV4AaABAg.9xTEvqq0ubUA0XGcuhwNOJ,comment,eNYndWedZsE,UgyXKF3HpnfTTJw7-wV4AaABAg,True,@jianhu6563,@gregb1599并不是！,0,True
UgyXKF3HpnfTTJw7-wV4AaABAg.9xTEvqq0ubUA0XYb9qmTbO,comment,eNYndWedZsE,UgyXKF3HpnfTTJw7-wV4AaABAg,True,@tl9126,Wow,0,True
UgyXKF3HpnfTTJw7-wV4AaABAg.9xTEvqq0ubUA0fGSDeup8n,comment,eNYndWedZsE,UgyXKF3HpnfTTJw7-wV4AaABAg,True,@sih9696,Wow! You really know this company!,0,True
UgyXKF3HpnfTTJw7-wV4AaABAg.9xTEvqq0ubUA0fGh3A1nJ4,comment,eNYndWedZsE,UgyXKF3HpnfTTJw7-wV4AaABAg,True,@sih9696,Their cars used to be quite shitty in China until they bought Volvo.,0,True
UgyXKF3HpnfTTJw7-wV4AaABAg.9xTEvqq0ubUA0mVKWVEL6d,comment,eNYndWedZsE,UgyXKF3HpnfTTJw7-wV4AaABAg,True,@antwango,"Exactly this!!! Nothing to add!!! I would like BYD to change their font and logo though, i can envision getting a byd abit later but their BYD is abit meh and big...... not a huge problem...... its like the phrase Build your dream on the back of the seagull??? its pointless and i get it but its tacky.....",0,True
UgyXKF3HpnfTTJw7-wV4AaABAg.9xTEvqq0ubUA0mbLOaRzz8,comment,eNYndWedZsE,UgyXKF3HpnfTTJw7-wV4AaABAg,True,@tl9126,"I have seen many people comment that BYD’s car logos are tacky or mismatched, and I have to say that this is a cultural difference. I am Chinese, and many of my Chinese friends also think this logo is good-looking. Perhaps this comes from our admiration for Western ""advanced culture"" for many years. I can understand that many people say it doesn’t look good. It’s like many foreigners saying that a certain Chinese dish is delicious but we think it’s average.
I hope BYD can improve their car logos, especially in overseas markets, so everyone can benefit.",0,True
UgyXKF3HpnfTTJw7-wV4AaABAg.9xTEvqq0ubUA24JIsHoLjT,comment,eNYndWedZsE,UgyXKF3HpnfTTJw7-wV4AaABAg,True,@s._3560,"​@pilotbobaSamsung literally means ""three star"" in Korean.",0,True
UgyXKF3HpnfTTJw7-wV4AaABAg.9xTEvqq0ubUA34QziNMBH4,comment,eNYndWedZsE,UgyXKF3HpnfTTJw7-wV4AaABAg,True,@letstalkpro,"@oddjobsandrandomprojects That is true the west all copy from each other and even from the Japanese, but the Japanese were the most blatant at it and nobody is raising any eyebrows.  The trick is to make an obscure change somewhere and it will not breach copyright.  Now the west are complaining at the little things like names that they think are too similar to theirs. Give me a break!",0,True
UgyXKF3HpnfTTJw7-wV4AaABAg.9xTEvqq0ubUA35FmAh3Brs,comment,eNYndWedZsE,UgyXKF3HpnfTTJw7-wV4AaABAg,True,@IA100KPDT,​@alext3811this is about byd. Who cares if you are Taiwanese. Jesus.,0,True
UgyXKF3HpnfTTJw7-wV4AaABAg.9xTEvqq0ubUA381NQUzNOI,comment,eNYndWedZsE,UgyXKF3HpnfTTJw7-wV4AaABAg,True,@jimmy_SY,for short，BYD means shit in chinese. love from China.,0,True
UgyXKF3HpnfTTJw7-wV4AaABAg.9xTEvqq0ubUA4VmAUG8IBo,comment,eNYndWedZsE,UgyXKF3HpnfTTJw7-wV4AaABAg,True,@johnnyfastfingers,thanks for the education 🙂,0,True
UgyXKF3HpnfTTJw7-wV4AaABAg.9xTEvqq0ubUA4X0NtCHPnL,comment,eNYndWedZsE,UgyXKF3HpnfTTJw7-wV4AaABAg,True,@jamesmao375,Thank you from China. It’s new to me as well😅,0,True
UgyXKF3HpnfTTJw7-wV4AaABAg.9xTEvqq0ubUA4lOyi5s5sG,comment,eNYndWedZsE,UgyXKF3HpnfTTJw7-wV4AaABAg,True,@Boyibolomi,You are a man with a sense of humor,0,True
UgyXKF3HpnfTTJw7-wV4AaABAg.9xTEvqq0ubUA5X0ZZmxAOA,comment,eNYndWedZsE,UgyXKF3HpnfTTJw7-wV4AaABAg,True,@vmxiayu,@张蛋疼台巴子来了哈哈哈哈哈哈哈哈😅,0,True
UgyXKF3HpnfTTJw7-wV4AaABAg.9xTEvqq0ubUAGymijyZMDn,comment,eNYndWedZsE,UgyXKF3HpnfTTJw7-wV4AaABAg,True,@PJD_55,I’ve just come back from China and every BYD has Build Your Dreams plastered across the boot lid. Thank goodness they don’t put on their export models (well they don’t in Malaysia where I live),0,True
UgyRvZ687AXUPgjKBTJ4AaABAg,comment,eNYndWedZsE,,False,@ricardo_guru,I refuse to buy stuff from a dictatorship as much as possible...,0,True
UgyWC5ou1UnOrIt-Msh4AaABAg,comment,eNYndWedZsE,,False,@Kauppamopo,that android tablet in the middle kills the vibe,0,True
Ugyt8lAmyT0dKxpuZQF4AaABAg,comment,eNYndWedZsE,,False,@alphaomega1969,Tesla in their early days went china to ask Chinese government to help him build his EV and it was BYD the Chinese introduce to Elon Musk. All Tesla parts and Gigafactory were supplied by BYD,0,True
UgxLn7unhBbCjnP4Dkt4AaABAg,comment,eNYndWedZsE,,False,@swecreations,Honestly with 82.5 kWh I have no doubt it'll do 325 miles in the real world.,4,True
UgxLn7unhBbCjnP4Dkt4AaABAg.9xTECy34-Qn9xTyhED_Cfc,comment,eNYndWedZsE,UgxLn7unhBbCjnP4Dkt4AaABAg,True,@economicprisoner,82.5kWh usable: that implies a 100kWh battery.,0,True
UgxLn7unhBbCjnP4Dkt4AaABAg.9xTECy34-Qn9xTyhHlEiI4,comment,eNYndWedZsE,UgxLn7unhBbCjnP4Dkt4AaABAg,True,@esonchan4825,实际续航里程可以超过500公里的，这个车在中国每个月卖6000辆,0,True
UgxLn7unhBbCjnP4Dkt4AaABAg.9xTECy34-Qn9xUdXQpIZlX,comment,eNYndWedZsE,UgxLn7unhBbCjnP4Dkt4AaABAg,True,@swecreations,"@economicprisoner No, maybe 84-87.5 kWh. It's a LFP battery, they are extremely durable and don't need much overhead, and even a regular NMC battery would need less than 90 kWh for that.",0,True
UgxLn7unhBbCjnP4Dkt4AaABAg.9xTECy34-Qn9xXi_6RBYDM,comment,eNYndWedZsE,UgxLn7unhBbCjnP4Dkt4AaABAg,True,@tooltalk,"@swecreations >>  It's a LFP battery, they are extremely durable and don't need much overhead, and even a regular NMC battery would need less than 90 kWh for that. <<
not sure why you would make such a silly comment. NCM is much energy dense than LFP -- in the past, LFP was ruled out of EV application precisely because of their low energy efficiency until they were spiked up fairly recently.  LFP to this date is mostly limited to entry-level, low-range EVs for this very exact reason, though BYD is ""attempting"" to break out of it.",1,True
UgxLn7unhBbCjnP4Dkt4AaABAg.9xTECy34-Qn9xY7BRqaUBQ,comment,eNYndWedZsE,UgxLn7unhBbCjnP4Dkt4AaABAg,True,@swecreations,"@tooltalk Recommend reading about CTP (cell-to-pack) technology. LFP energy density is at 180wh/kg nowadays, and with aforementioned technology is extremely viable. 

Also recommend you look at sales numbers from BYD with aforementioned LFP packs, they are selling almost as many EVs with it as Tesla, so ""attempting"" would be taking it lightly.

With LMFP batteries coming out now they are going to be matching them in energy density too.

Also you just seemed to have missed the entire point of my comment. I'm talking about overhead or gross versus nominal capacity, actual capacity versus used capacity. LFP batteries have longer lifespans and don't care nearly as much about being charged to 100% as NMC batteries, and therefore don't need as much overhead.",1,True
UgxLn7unhBbCjnP4Dkt4AaABAg.9xTECy34-Qn9xYFSm5HWbj,comment,eNYndWedZsE,UgxLn7unhBbCjnP4Dkt4AaABAg,True,@tooltalk,"@swecreations >> Recommend reading about CTP (cell-to-pack) technology. <<
I guess you are unfamiliar with CATL's NCM Qilin with 255+Wh/kg?   SK On's NCM9+ is also estimated to be over 300Wh/kg at cell density level and ~200 pack level without any C2P or C2C packaging.

>> .. they are selling almost as many EVs with it as Tesla,  <<
I don't think you understand BYD's battery strategy -- they are not going for the highest energy density.  BYD's most poular EV outside China is the ATTO 3 with less than ~60KWh @pack leveel of ~140Wh/kg  Tesla Berlin makes base, low-range trims with BYD Blade at ~130+ Wh/kg (vs. CATL's 130- Wh/kg). 

>> With LMFP batteries coming out now they are going to be matching them in energy density too. <<
You mean that crippled LFP with 1/2 lifespan?

>> LFP batteries have longer lifespans and don't care nearly as much about being charged to 100% as NMC batteries, and therefore don't need as much overhead.  <<
Sure, LFP can outlast NCM in individual cell studies, or more realistically, in stationary energey storage systems (ESS -- eg, power grids, powerwall, etc).  In EVs with high SOC/C-rates and extreme ambience temp fluctuation?  Not so much.   Also, high SOC (aka, generally anything over 90+% charging) is the largest contributing factor to battery capacity fade in lithium ion batteries, including LFP and NCM.  Clearnerwatt on Oct 28, 2022 in fact reports that Tesla Model 3 with LFP loses battery capacity twice as fast as non-LFPs:
Tesla LFP Battery 10% RANGE LOSS PROBLEM? | Model 3 RWD watch?v=suw20wPrbL0
  The brand new LFP batteries will degrade substantially quicker.  There's not long-term retention data for LFP batteries on the market yet, but the trend tends to be substantially faster degradation.  Trends show them stabilizing around that 10% degradation mark in about half the time as non-LFP batteries - around 50,000 miles instead of 100,000 miles.""",1,True
UgzHeU-0a7io_hVYBu14AaABAg,comment,eNYndWedZsE,,False,@EnmandsBand1,"shame about the trunk, the manufacturer who gets first out there with a true Stationwagon EV will sell loads of them.
I was planning to order a Peugeot E-308SW as it looks to be just right (and pretty efficient too) until I discovered that they have given it fake exhausts, that is a dealbreaker and too daft",0,True
Ugw3sSIpUSAR6V6yTwR4AaABAg,comment,eNYndWedZsE,,False,@paulbrain9804,Cannot remember you telling us how much it is? Pretty crucial that to make comparisons. What's the miles per KW figure? What is it's max charging rate? Kryten would know.,0,True
UgwzECkjjrwoMpIugR54AaABAg,comment,eNYndWedZsE,,False,@cyberoptic5757,WIll I miss the wibbly wobbly bits?,0,True
UgxG8NtM_I61zmZh3154AaABAg,comment,eNYndWedZsE,,False,@swecreations,All the new standard-range Teslas come with BYD Blade batteries,0,True
Ugzwz6SiSnhsT8Fl-XB4AaABAg,comment,eNYndWedZsE,,False,@martinogold,"7:29 it's not too late to stop anything, it's a choice whether to buy one or not. Like cheap Russian gas we may pay the real price down the road.",4,True
Ugzwz6SiSnhsT8Fl-XB4AaABAg.9xTCxFKdDaU9z-e8_aejSB,comment,eNYndWedZsE,Ugzwz6SiSnhsT8Fl-XB4AaABAg,True,@jeremytine,more than that it is an imperative. All imports from all countries should incur significant tarrifs that level the playing field for worker wages and environment regulations. Being about to pollute and exploit labor abroad should not come at the cost of local self sufficiency and welfare.,0,True
Ugzwz6SiSnhsT8Fl-XB4AaABAg.9xTCxFKdDaU9z-eDVd5PyZ,comment,eNYndWedZsE,Ugzwz6SiSnhsT8Fl-XB4AaABAg,True,@jeremytine,well then everyone from PRC should know full well the folly of not being self sufficient and soverign. @roro4787,0,True
UgyYW1ReEFOVhjnIrmV4AaABAg,comment,eNYndWedZsE,,False,@flosenmosen,"Not too long ago, we had a good laugh about Chinese electric cars—Elon Musk even headlining the stand-up routine in interviews. But let me tell you, the punchline's changing. In a few years, those cars will be rolling down our streets, and the only thing louder than their engines will be the silence of our laughter.",253,True
UgyYW1ReEFOVhjnIrmV4AaABAg.9xTCtOm5_yd9xTRtWO0FZL,comment,eNYndWedZsE,UgyYW1ReEFOVhjnIrmV4AaABAg,True,@SDPlissken,People saying that stuff always make me think of those people in the 70s who said “who will ever buy that Japanese garbage?”,86,True
UgyYW1ReEFOVhjnIrmV4AaABAg.9xTCtOm5_yd9xY1j-xCLvy,comment,eNYndWedZsE,UgyYW1ReEFOVhjnIrmV4AaABAg,True,@H4kkk0,"Be careful of the trade-off. You may be driving a cheaper electric car in the future, but you'd end up giving too much power to an authoritarian regime led country like China, which may destabilize the world and affect the future generations.",0,True
UgyYW1ReEFOVhjnIrmV4AaABAg.9xTCtOm5_yd9x_ww07jxlQ,comment,eNYndWedZsE,UgyYW1ReEFOVhjnIrmV4AaABAg,True,@alichaudhry12,Elon is now a BYD customer,25,True
UgyYW1ReEFOVhjnIrmV4AaABAg.9xTCtOm5_yd9xb33SilANr,comment,eNYndWedZsE,UgyYW1ReEFOVhjnIrmV4AaABAg,True,@thenighttale-g8x,15 years ago people insult 'made in china' phones as potato. look where they are now,32,True
UgyYW1ReEFOVhjnIrmV4AaABAg.9xTCtOm5_yd9xoqJ9SCnYm,comment,eNYndWedZsE,UgyYW1ReEFOVhjnIrmV4AaABAg,True,@postahundredcommentsbutonl4408,"BYD's first electric car was eight months ahead of Tesla. And BYD can manufacture all parts of this electric car, including automotive glass.",21,True
UgyYW1ReEFOVhjnIrmV4AaABAg.9xTCtOm5_ydA-PIYnQ-vHa,comment,eNYndWedZsE,UgyYW1ReEFOVhjnIrmV4AaABAg,True,@BiteSizeWoW,But they don't have engines or make engine noise 😅,1,True
UgyYW1ReEFOVhjnIrmV4AaABAg.9xTCtOm5_ydAD0xh3GND9l,comment,eNYndWedZsE,UgyYW1ReEFOVhjnIrmV4AaABAg,True,@AZ-rg3rf,Bet you feel pretty stupid now.,0,True
UgyYW1ReEFOVhjnIrmV4AaABAg.9xTCtOm5_ydAT6C-seEyql,comment,eNYndWedZsE,UgyYW1ReEFOVhjnIrmV4AaABAg,True,@jimmyholster,It's fully changed now. I got the Seal performance - dear god it is an incredible car. Absolutely destroys the Model 3.,0,True
UgwY5HjjgvJ28CvX1iZ4AaABAg,comment,eNYndWedZsE,,False,@Snerdles,Will ever available in North America?,0,True
UgxLX7XXHCZ8hjvagrx4AaABAg,comment,eNYndWedZsE,,False,@hellcat1988,"That heat pump wouldn't do much good in places where it actually gets cold in the winter, like across the pond here in the northern US.",0,True
UgxLX7XXHCZ8hjvagrx4AaABAg.9xTC2cs1BRh9xTCIrk5ePY,comment,eNYndWedZsE,UgxLX7XXHCZ8hjvagrx4AaABAg,True,@FrunkensteinVonZipperneck,I refuse to live where temp goes down to -30 C.,0,True
UgxLX7XXHCZ8hjvagrx4AaABAg.9xTC2cs1BRh9xTQ-2_XY9Z,comment,eNYndWedZsE,UgxLX7XXHCZ8hjvagrx4AaABAg,True,@hellcat1988,"@FrunkensteinVonZipperneck Well, that will exclude quite a lot of the planet, as that's only -22f, and we can have 3 or more days in a row where it's -40 or colder every year.",0,True
Ugxg8F4sgxv-1pFQhdZ4AaABAg,comment,eNYndWedZsE,,False,@pb7087,What’s it get for MPF?  (Miles Per Fire),1,True
Ugxg8F4sgxv-1pFQhdZ4AaABAg.9xTBnzNt7d49xTC_383qEB,comment,eNYndWedZsE,Ugxg8F4sgxv-1pFQhdZ4AaABAg,True,@FrunkensteinVonZipperneck,About 12 million.,1,True
UgwwX8yO1bzb3VW0rvh4AaABAg,comment,eNYndWedZsE,,False,@barneyrubble9309,"ah yes...the Burn Your Drive.
enjoy the warmth",1,True
UgwwX8yO1bzb3VW0rvh4AaABAg.9xTBnnlmeQs9xTDFGSJzkn,comment,eNYndWedZsE,UgwwX8yO1bzb3VW0rvh4AaABAg,True,@karlhulme8014,And who actually prepared the script for this ‘ review’…..the BYD marketing team ?,1,True
UgwwX8yO1bzb3VW0rvh4AaABAg.9xTBnnlmeQs9xTj-J1iyGU,comment,eNYndWedZsE,UgwwX8yO1bzb3VW0rvh4AaABAg,True,@123silentassassin,Hope you don’t have any car at all if you’re worried about fires?,3,True
Ugx0kaKQ5PfEqVH1HJ94AaABAg,comment,eNYndWedZsE,,False,@karlhulme8014,The fact that this review spends a significant portion of its time telling people that “ these cars are safe and don’t catch fire “ speaks volumes about the EV.,2,True
Ugx0kaKQ5PfEqVH1HJ94AaABAg.9xTAvrbmwQf9xTIe1Offa-,comment,eNYndWedZsE,Ugx0kaKQ5PfEqVH1HJ94AaABAg,True,@ratbert1,Speaks volumes about the misinformation on EV's,4,True
UgwwsaRF0u3orHsLsQp4AaABAg,comment,eNYndWedZsE,,False,@RobinThomson277,A full length glass roof AND a window at the back?!!? Someone phone polestar and show them this stunning technological breakthrough,11,True
UgwwsaRF0u3orHsLsQp4AaABAg.9xTAupAHPMN9xThVPYzZk3,comment,eNYndWedZsE,UgwwsaRF0u3orHsLsQp4AaABAg,True,@Lewis_Standing,Yeah the sunroof in the ioniq 6 sucks too. I tried to spec a polestar 2 to match the tech in this and it was £54k+ and then that was the smaller battery size too. £59k for the long range equivalent 😬,0,True
Ugx9Ixk-l9PM7sdo0VJ4AaABAg,comment,eNYndWedZsE,,False,@FiremansJoe,Because you have a driver side screen and can see the speed you are actuall like you are in an S not a 3! That's one of the reasons I did a Mach E.,0,True
UgxsNZtnxr5iRtIurYd4AaABAg,comment,eNYndWedZsE,,False,@Yanquetino,"Except for the trunk, I really like it. Doubt we'll see it on this side of the pond, however.",1,True
UgzjFuzSzYui7WbgHy54AaABAg,comment,eNYndWedZsE,,False,@thomasnyborg6233,Centigrade is not an existing temperature scale...Named after Captain Centigrade..?,0,True
UgztNtw2-C7S1aosZFx4AaABAg,comment,eNYndWedZsE,,False,@SonAndDadFPV,We need a 2 door sporty chinese car...,0,True
UgztNtw2-C7S1aosZFx4AaABAg.9xTACgO30Ww9xTiyWZJYCM,comment,eNYndWedZsE,UgztNtw2-C7S1aosZFx4AaABAg,True,@Radaos,"Neta GT,  MG Cyberster",1,True
UgzatJRsWH55Ry7S12B4AaABAg,comment,eNYndWedZsE,,False,@talshiar80,Absolutely love this. It looks as though it was designed to maximise efficiency which is how it should be in my opinion.,47,True
Ugyvgdqnvh59tNrnqT54AaABAg,comment,eNYndWedZsE,,False,@clipsonplextorfield3230,"one of the best looking ev sedans, gets your blood pumping!
Tesla is the compleet oposite you fall asleep when looking inside!

BYD is abouth to make a huge mistake with recycling there old and bad Song plus to the Song U and dump it on the EU (22kWh/100km not a ev platform ext)

There new Song L might be a good model y compitotor if ty can keep the consumption under control",0,True
Ugx5a8Y6lnX8XMANmht4AaABAg,comment,eNYndWedZsE,,False,@SoulTouchMusic93,"a big one would be sales numbers, the more popular it is the more likely people will make aftermarket batteries for it in 10 years.",0,True
Ugx5a8Y6lnX8XMANmht4AaABAg.9xT8R4yKsIS9xTOJR3zcNi,comment,eNYndWedZsE,Ugx5a8Y6lnX8XMANmht4AaABAg,True,@gregb1599,"Nah it's not possible to make an aftermarket battery for this EV, unlike the Nissan Leaf battery it's completely non serviceable. Even aftermarket Nissan Leaf batteries are hard to make and they are the most easy to repair and reporpose.",0,True
Ugzsy7HaYFKZ5DTYYRZ4AaABAg,comment,eNYndWedZsE,,False,@AmenHeavy,No one should be promoting anything Chinese under their current awful communist regime.,0,True
UgwulzelumDGgtdmYuB4AaABAg,comment,eNYndWedZsE,,False,@CarbonMotorsEU,"Bentley tail-lights... But didnt Steve Jobs want to patent the round shape?!?... Overall, great car, not because of the low price only. And BYD did facelift on the Han in 2 years, not 4... European OEM, please take notice and simplify your business model!",0,True
UgyRtkuVBZdHBYRKtE54AaABAg,comment,eNYndWedZsE,,False,@Woburn-RoxburyMedia,BYD may be the Nail in the Coffin’s of many domestic & imports globally.  Toyota may never catch up to other legacy ICE BEV manufacturing companies.,1,True
UgxKPwJiGQE86CdT6LZ4AaABAg,comment,eNYndWedZsE,,False,@alanrickett2537,"Great car but as a copy of the model 3 with the main shouting points fixed( hatchback, in front of drive screen/on screen display and buttons) yoy would expect that , if you can stomach buying from the PRC its great but don't let anyone tell you. You are being more moral than buying from musk you are supporting actual genocide, real censorship,  polical repression, and corruption on a level that would impress the russians",0,True
Ugx_gPzJ5dJKyfPfnit4AaABAg,comment,eNYndWedZsE,,False,@Spriggan83,"Something relaxing indeed, though a bit fumbly and tbh did not really take anything out from this review.",0,True
UgzmpvErYdwS0KM3dVR4AaABAg,comment,eNYndWedZsE,,False,@jonperkins8696,I just love watching yall.,0,True
UgyhxBo-CLqAM9rQIfF4AaABAg,comment,eNYndWedZsE,,False,@SequoiaElisabeth,"I'll probably never have an electric car, but I find ""Bobby"" so much fun to watch.  Power to the People!",0,True
UgxLmCygg9J_u3SlLyZ4AaABAg,comment,eNYndWedZsE,,False,@cw7886,"I'm sorry but what I see is not great. Not bad either, but not great. Not particularly beautiful, even though it's more standard than the ugly MG4. Not particularly practical (boot 411L only, really?). The turning screen is pure gadget that will break. The rest is typical of other EV cars. And no comment on the software really?

When you look closely you see also cut a lot of corners for this category: No adjustable headrest, Dynaudio audio only with an unimpressive plastic grill, Piano black plastic everywhere, etc.

Maybe it's the novelty on Chinese manufacturers not making crappy cars anymore that gives this excitement, but there's nothing impressive from what I see with this car.
And we don't have a long term feedback on quality, brand survival as many chinese EV brands are dying now, even though BYD should do it (but could be ""Evergrand'ed"" who knows.)

It reminds me of 2000s Japanese gadgets: Nice and shiny on paper, and fun for the press in search of novelties. But some years later you'll wonder why you bought it.",0,True
Ugxej89s7f88PiZObT14AaABAg,comment,eNYndWedZsE,,False,@jcreswick,Not a hatch fail I'm out,0,True
UgxDxpK0997epFQmDTl4AaABAg,comment,eNYndWedZsE,,False,@b4804514,Welcome to the new GM Impala or Malibu. GM will be rebadging these next year. Bets on,1,True
UgxDxpK0997epFQmDTl4AaABAg.9xT6cLhKa679xTCo3psuvy,comment,eNYndWedZsE,UgxDxpK0997epFQmDTl4AaABAg,True,@FrunkensteinVonZipperneck,BYD won’t sully the brand with GM. This is the 2026 Camry.,2,True
Ugwn2AOI9qDqHo4Z7bp4AaABAg,comment,eNYndWedZsE,,False,@A_Litre_of_Farva,Well done BYD. I look forward to you coming to Canada. Although your heat pump will have to work colder than -30 to sell them here.,1,True
Ugwn2AOI9qDqHo4Z7bp4AaABAg.9xT6Nc-s0bZ9xTC8FOAWba,comment,eNYndWedZsE,Ugwn2AOI9qDqHo4Z7bp4AaABAg,True,@FrunkensteinVonZipperneck,Not in Nova Scotia.,1,True
Ugwn2AOI9qDqHo4Z7bp4AaABAg.9xT6Nc-s0bZ9xTied8W0Zg,comment,eNYndWedZsE,Ugwn2AOI9qDqHo4Z7bp4AaABAg,True,@keirbirch4632,He said it goes to -30 on the heat pump...,0,True
Ugwn2AOI9qDqHo4Z7bp4AaABAg.9xT6Nc-s0bZ9z-d7xyYS2A,comment,eNYndWedZsE,Ugwn2AOI9qDqHo4Z7bp4AaABAg,True,@jeremytine,I would wait for a review from someone in that cold on inviroment. LFP batteries don't do as well in the cold.  @keirbirch4632,0,True
Ugy4b7klxrV_v2GjsQx4AaABAg,comment,eNYndWedZsE,,False,@csguak,"Just about all buses and those double-decker tourist buses in Europe are made by BYD.

Many people in the US are completely oblivious of BYD's existence, even though US is one of the only few countries where BYD isnt mainstream.

Rest of the world have been enjoying 400+ mile range EV vehicles priced under $25,000.
BYD Seal, BYD Han just to name a few also look waaay better than any Tesla as well.",1,True
UgxlBX78flcF2TNRrxp4AaABAg,comment,eNYndWedZsE,,False,@pucheco69,You never mentioned price!!! Why? Much pricier than Tesla???,0,True
UgxlBX78flcF2TNRrxp4AaABAg.9xT5M96aywn9xTaRrquQoj,comment,eNYndWedZsE,UgxlBX78flcF2TNRrxp4AaABAg,True,@TB-up4xi,Depends on where you are and the model type - in most of Europe (and I suspect the UK) they will be a few thousand $ / pounds more than the equivalent model 3. Like for like they are a couple of thousand cheaper in Australia.,0,True
UgxlBX78flcF2TNRrxp4AaABAg.9xT5M96aywn9xTbnc8rRbp,comment,eNYndWedZsE,UgxlBX78flcF2TNRrxp4AaABAg,True,@Radaos,"€51k for the Seal Excellence AWD in Ireland, same as a Tesla M3 LR.",0,True
UgyR9ceT4JgzdDHv0K14AaABAg,comment,eNYndWedZsE,,False,@TryNotToDieOmega,What is the insurance situation?,0,True
Ugwhjn38JqexD0qo6Yp4AaABAg,comment,eNYndWedZsE,,False,@williamfence566,Has it got model deletion on the options list ? Noted they've dropped funky cat . Hope the PR team keep pushing.,1,True
Ugzd_IGw222MpH_zct14AaABAg,comment,eNYndWedZsE,,False,@DavidKnowles0,I really hope BYD never changes it name.,2,True
Ugxq26xkNWP06qwC2fx4AaABAg,comment,eNYndWedZsE,,False,@darwinskeeper421,"So I'm guessing that all the YouTube videos we see about Chinese EVs being disposable garbage that won't even last 50,000 miles is just more anti EV BS?",0,True
Ugxq26xkNWP06qwC2fx4AaABAg.9xT4M1bnhjL9xTJ6MWPuqF,comment,eNYndWedZsE,Ugxq26xkNWP06qwC2fx4AaABAg,True,@ratbert1,Yes.,1,True
UgzdLVB0fx5dW-U3mGx4AaABAg,comment,eNYndWedZsE,,False,@tomo1168,"just make a Combi. where do you put your bike or skies etc. in this car?
even the dinosaur volkswagen realised this by killing the passat sedan...
leave the seat heating and crap like that out and make it as cheap as possible.
thanks byd",0,True
UgxmtzEntjV8XX6U5ot4AaABAg,comment,eNYndWedZsE,,False,@Manx123100,"Nice car, but i feel there's not much demand for a saloon anymore, the only reason the 3 sold well was Tesla.",0,True
UgwssHwg4Oq5X0RekCl4AaABAg,comment,eNYndWedZsE,,False,@mikeymike1792,That's actually really lovely. I....I want it.,0,True
UgwlXAbaSRRNTp9nFuV4AaABAg,comment,eNYndWedZsE,,False,@roberttaylor465,Great crashing for the illustrations of the battery condition but what about the extra velocity for the occupants? What about repair costs and procedures? Your comments about ice car fires but no mention of the BYD issues of fires. I think your delusion of electric cars are the future is disturbing.,0,True
UgwQ_8FrlJ4oVX8dJQF4AaABAg,comment,eNYndWedZsE,,False,@Headmaster2NZ,"It’s not a competition between other cars and Tesla. It’s with ICE cars. BYD, Tesla and other EVs compete against Toyota, VW Group and other ICE car manufacturers. The demand for EVs will continue to grow at an ever increasing rate. The Valley of death for ICE cars is coming and it’s not that far away.",1,True
Ugypc_x9t4va1oS-8SJ4AaABAg,comment,eNYndWedZsE,,False,@HTHAMMACK1,"Perhaps, but I would never buy one.",0,True
UgxD7gtn2svxlPHXU4F4AaABAg,comment,eNYndWedZsE,,False,@stanpiers247,Fully charged or Fully Communist,1,True
Ugy5g_mJlD34DY8l1W54AaABAg,comment,eNYndWedZsE,,False,@remcohogervorst5008,"Am i the only one who is concerned with the rise of Chinese vehicles in europe Australia and the US. The Chinese government is no joke, and if they just ask these vehicle companies have to give all the information they have about their customers, like camera recordings and where you drive and such. Im sure its a good vehicle with a good price but in my opinion it is terrible that china is getting more and more control over the world",0,True
Ugy5g_mJlD34DY8l1W54AaABAg.9xT2RiJPjvr9xT8A8S4zJs,comment,eNYndWedZsE,Ugy5g_mJlD34DY8l1W54AaABAg,True,@chjin1796,"Trust me, the value of your personal information will not exceed the additional cost of installing related equipment.",1,True
Ugy5g_mJlD34DY8l1W54AaABAg.9xT2RiJPjvr9xTCSxvTykj,comment,eNYndWedZsE,Ugy5g_mJlD34DY8l1W54AaABAg,True,@remcohogervorst5008,"​@chjin1796but it is already built in... With microphones for calling, cameras to see if you are sleepy, gps for navigation.",0,True
Ugy5g_mJlD34DY8l1W54AaABAg.9xT2RiJPjvr9xTJUy8F08I,comment,eNYndWedZsE,Ugy5g_mJlD34DY8l1W54AaABAg,True,@ratbert1,"I went to Aldi, not sure what use that would be?, hope you have your tinfoil hat at the ready.",2,True
UgzdDhfaHaEH2BaXdU14AaABAg,comment,eNYndWedZsE,,False,@ruudfalun,"Heat pumps have certainly improved energy handling of EV's, but please don't say that ""you won't notice any difference"", because that's simply not true. Instead of a 4.5 kW PTC heater, a heat pump will consume 1.5 kW for the same amount of heating energy. At an average speed of 75 km/h this still amounts to 20 Wh/km that is not used for propulsion. So the summer consumption at this average speed of 140 Wh/km will increase to 160 Wh/km, almost 15% less range. And when parking your EV outside in -10 °C for 1 day, will require battery heating that will result in some 25% range decrease. So it is better for sure, but still very much noticable!",1,True
UgxilttREzS0BLO9S954AaABAg,comment,eNYndWedZsE,,False,@bikeman123,£6k more than a Tesla 😂😂😂,0,True
UgxilttREzS0BLO9S954AaABAg.9xT1RmaXNCu9xT63mhMy8z,comment,eNYndWedZsE,UgxilttREzS0BLO9S954AaABAg,True,@PsychedMedia,Meanwhile in thailand and australia its cheaper than the tesla,0,True
UgxvbXjoC-aWXcWLONJ4AaABAg,comment,eNYndWedZsE,,False,@snowstrobe,Anything with 'Build Your Dream' written across it is a no from me...,0,True
UgxvbXjoC-aWXcWLONJ4AaABAg.9xT1EYeUQQF9xT27iGttdV,comment,eNYndWedZsE,UgxvbXjoC-aWXcWLONJ4AaABAg,True,@kamsunleong6648,The new models no longer have this. Replaced with just the three letters.,2,True
UgxKbxyGQ49SmN3t9lx4AaABAg,comment,eNYndWedZsE,,False,@csjrogerson2377,"Well, a round of applause for Chinese EVs.  Problem is batteries and EVs as a whole have not progressed far enough since 2008. They need serious levels of improvement to meet the capabilities of diesel-driven LGVs, HGVs, trains and ships.  Total transport electrification is not possible and it will not save the planet. Cities will be cleaner, but industry needs to be far more efficient and domestic demands need to be curtailed.  Aint gonna happen.",0,True
Ugzlg3pYMgPmF_sznVx4AaABAg,comment,eNYndWedZsE,,False,@EDU4519Computing1,I think it looks a lot like the Model 3. I mean really a lot.,0,True
UgxA-dzh1k0M6hCIDfd4AaABAg,comment,eNYndWedZsE,,False,@m3photo726,"So, why don’t they sell ‘em? Very simple, people aren’t as stupid as they think. The main players in the automotive world have been part of the con from the start. Since the EV idea started, they’ve been ramming it down our throats that lithiums and cobalts and nickels, together with their oxides, phosphates and titanates together with all the mumbo jumbo required to confuse the general public into thinking that batteries are soooo expensive. Sure, mining is expensive, so is drilling for oil. It’s just that if you sell lots of it the cost ratio drops considerably. To add insult to injury these things have no engine and no gearbox, the two big-budget outlays in the industry. On the back of this, combustion engined cars have seen their prices steadily and artificially increased well beyond inflation rates to “match” the EV’s.
And so we have it. The traditional affordable model which until relatively recently was selling for twelve thousand, and its electric counterpart priced at double - remember: same chassis, no engine, no gearbox - then the former pushed to twenty and the electric model, which should cost half, i.e.  six, is a “bargain at “only” twenty two.
If ever there were a modern version of the emperor’s new clothes, this is it.",0,True
UgyT6djqHbW9HTG3dUd4AaABAg,comment,eNYndWedZsE,,False,@nikos6220,"Wow, a LFP battery does survive the nail test 🤦🏻‍♂️",10,True
UgyT6djqHbW9HTG3dUd4AaABAg.9xT0ylg1MTs9xTMxhxg0-O,comment,eNYndWedZsE,UgyT6djqHbW9HTG3dUd4AaABAg,True,@gregb1599,"I saw a Nissan Leaf battery survive a screwdriver test, it was not done in a controlled lab unlike the Blade battery and it was stabbed 3 times and no fire, after being stabbed 3 times the battery still was fully working.",2,True
UgzogmByzAq9R6b70Bl4AaABAg,comment,eNYndWedZsE,,False,@harmony3138,Does it do auto parking?,0,True
UgzogmByzAq9R6b70Bl4AaABAg.9xT0e4vqqML9xVb0cdX8Sv,comment,eNYndWedZsE,UgzogmByzAq9R6b70Bl4AaABAg,True,@danielkierannevin9081,"Not yet, but apparently its coming with the next major ""over the air"" update. Plus the 360° view really helps with user controlled parking.",1,True
Ugz9wB_ZYVpgCYmGpO94AaABAg,comment,eNYndWedZsE,,False,@paolopetrozzi2213,"And let's not forget the thousands of State-controlled Chinese bot/troll factories that 24/24 spam the Internet spitting lies on Western products and tech, on Western society, while promoting Chinese products, ""culture"", economic ""success"" and way of life.",1,True
Ugw9trlAvunRW5FBQP54AaABAg,comment,eNYndWedZsE,,False,@jeffos8724,Your production people do a great job.,11,True
UgzVUgPlcqtIfaOq_Z14AaABAg,comment,eNYndWedZsE,,False,@joshuared1000,"Boy, It would be nice if the US got any of the BYD cars",2,True
UgwPW0bXTyabUKct6iN4AaABAg,comment,eNYndWedZsE,,False,@ivo4357,"It's funny how the western world keeps saying ""buy American"", ""buy European"" to save our industry. But at the same time these manufacturers produce their components or entire cars in China to keep cost low, and charge us extra to calm our conscience of 'supporting' the western economy. I say, if they want us to buy their products, they should offer either better products or better value products than the Chinese. But no, profit comes before customer satisfaction.",1,True
UgzY6a6sd8XTLtgs1yt4AaABAg,comment,eNYndWedZsE,,False,@paolopetrozzi2213,"At 10:00   325 miles in the WLTP cycle is equal to 260 miles in the more realistic EPA cycle, not 300. Your ""imagination"" shouldn't be part of a test",0,True
UgwqNVBo_Bs7Ersy-GF4AaABAg,comment,eNYndWedZsE,,False,@AllRightSide,"Couldn't these Chinese come up with something on their own, a car very similar to Tesla? It's fake, I wouldn't take it for free",0,True
UgwqNVBo_Bs7Ersy-GF4AaABAg.9xT-4sEzaJI9xT3lf7vqBP,comment,eNYndWedZsE,UgwqNVBo_Bs7Ersy-GF4AaABAg,True,@kamsunleong6648,Yup. Couldnt afford one either.,1,True
Ugz1QbnmuMijuD9LGdh4AaABAg,comment,eNYndWedZsE,,False,@ulf5738,"Chinese cars.. Tesla, Volvo, Polestar, MG and BYD will survive and stay around. Most others will disappear.",3,True
Ugw2UTIX4hwDtYzO6_R4AaABAg,comment,eNYndWedZsE,,False,@TheAustinfuller,How much?,0,True
Ugzi4q6dR9GxJgr9ToR4AaABAg,comment,eNYndWedZsE,,False,@tellyboy17,The cars get better as the regime gets scarier. When globalism breaks down where will you get the spare parts?,0,True
Ugzi4q6dR9GxJgr9ToR4AaABAg.9xSyrLiNjzw9xSz74vryyH,comment,eNYndWedZsE,Ugzi4q6dR9GxJgr9ToR4AaABAg,True,@ensteffo,China is the least scary big power in the world today. Its amazing how indoctrinated people are to the level of having their grasp of reality completely on its head.,2,True
Ugzp5bnjQ2laUbtpFFx4AaABAg,comment,eNYndWedZsE,,False,@chrisogrady28,"All screens (including TVs glued to the dash) should be able to fold away, or at the very least turn off when not needed and utilise mostly black OLED pixels when are needed. These big white screens are unbelievably dangerous to have glaring in your face while driving",1,True
UgwU7LFRRFNOW4dJEu14AaABAg,comment,eNYndWedZsE,,False,@rupakdey,"That’s not even a car which sells well in China. In fact this is a total flop in China. There are at least 10-15 models which are better and sells much more. This is just a Chinese car which is available for export outside. Not such a great car, just an ok-ish car.",0,True
Ugyzgg_d5Oki7MQFE5l4AaABAg,comment,eNYndWedZsE,,False,@paulwincott2987,A proper 'old man' review. Much appreciated!  😁,6,True
UgzkhJ2B9hBHflvL6Hl4AaABAg,comment,eNYndWedZsE,,False,@gbgary,very nice looking but...it's from China.,0,True
UgzkhJ2B9hBHflvL6Hl4AaABAg.9xSxs2olRss9xSyzxKjJxK,comment,eNYndWedZsE,UgzkhJ2B9hBHflvL6Hl4AaABAg,True,@MrSec84,So is the majority of stuff we all buy and use!,3,True
UgzkhJ2B9hBHflvL6Hl4AaABAg.9xSxs2olRss9xSzHoulpHv,comment,eNYndWedZsE,UgzkhJ2B9hBHflvL6Hl4AaABAg,True,@ensteffo,"Yes its not a car for bigots, that's for sure.",3,True
Ugxdx7_s6fjkGi3-wYl4AaABAg,comment,eNYndWedZsE,,False,@liammullan2197,Is Bobby the most cheerful man in the world?,1,True
Ugxdx7_s6fjkGi3-wYl4AaABAg.9xSxr77avWu9xTCSWbW41N,comment,eNYndWedZsE,Ugxdx7_s6fjkGi3-wYl4AaABAg,True,@FrunkensteinVonZipperneck,Bobby is a consummate actor…,0,True
UgyxqAVcp0PSO16dJ954AaABAg,comment,eNYndWedZsE,,False,@sergiomessina2037,Is it me or does the seal look like the model 3+? Especially from the hood and headlights…,2,True
UgyH2wLNZm7JhOxevnV4AaABAg,comment,eNYndWedZsE,,False,@dewensun4332,"The biggest thing that sold me on this, is that it still has PHYSICAL BUTTONS!!! Let’s just be honest, when you are driving a touch screen is the most annoying thing in the world!! This has been what I hate the most of all the Teslas and Chinese EVs!! This car just solved everything, it is still a car! As fun as it might be at the beginning, driving an iPad is really just a nuisance after a while.",257,True
UgyH2wLNZm7JhOxevnV4AaABAg.9xSxgMsMxGy9xTzt_gwZQS,comment,eNYndWedZsE,UgyH2wLNZm7JhOxevnV4AaABAg,True,@esonchan4825,中国人也讨厌把物理按键全都取消的车，所以常用功能会适当的保留物理按键的,32,True
UgyH2wLNZm7JhOxevnV4AaABAg.9xSxgMsMxGy9xirT5t7eaP,comment,eNYndWedZsE,UgyH2wLNZm7JhOxevnV4AaABAg,True,@peterenables714,@esonchan4825 按钮还是最有效的性能，触碰屏幕只是给手机使用。,0,True
UgyH2wLNZm7JhOxevnV4AaABAg.9xSxgMsMxGy9xjh5UGAvTa,comment,eNYndWedZsE,UgyH2wLNZm7JhOxevnV4AaABAg,True,@richardliu8998,"Most of Chinese EVs support voice control, including AirCon, windows, media player, Navigation. Sadly, most of them  are not supporting English.",6,True
UgyH2wLNZm7JhOxevnV4AaABAg.9xSxgMsMxGyA-3Xw7txr2E,comment,eNYndWedZsE,UgyH2wLNZm7JhOxevnV4AaABAg,True,@yeetboi268,@richardliu8998 yet...,0,True
UgyH2wLNZm7JhOxevnV4AaABAg.9xSxgMsMxGyA-yfwXQ7CBv,comment,eNYndWedZsE,UgyH2wLNZm7JhOxevnV4AaABAg,True,@softwarephil1709,Agreed. And a gear shift lever rather than sliding a spot on the screen the way Tesla does. It also has a turn indicator lever unlike Tesla.,2,True
UgyH2wLNZm7JhOxevnV4AaABAg.9xSxgMsMxGyA0OgumRJH7R,comment,eNYndWedZsE,UgyH2wLNZm7JhOxevnV4AaABAg,True,@puregals,"👍""It's still a car!""",1,True
UgyH2wLNZm7JhOxevnV4AaABAg.9xSxgMsMxGyA0OmULnCkLM,comment,eNYndWedZsE,UgyH2wLNZm7JhOxevnV4AaABAg,True,@麻瓜码麻花,"In China, most functions can be controlled by voice. But I don’t know if BYD’s localization work is complete enough.",0,True
UgyH2wLNZm7JhOxevnV4AaABAg.9xSxgMsMxGyA0fHOkCJ0f1,comment,eNYndWedZsE,UgyH2wLNZm7JhOxevnV4AaABAg,True,@sih9696,"Many physical buttons are really needed while driving, so you don't have to worry about whether you pressed the buttons intended.",1,True
UgyH2wLNZm7JhOxevnV4AaABAg.9xSxgMsMxGyA24JVd2Wulz,comment,eNYndWedZsE,UgyH2wLNZm7JhOxevnV4AaABAg,True,@s._3560,​@richardliu8998They will in no time at all support other languages.,0,True
UgyH2wLNZm7JhOxevnV4AaABAg.9xSxgMsMxGyA3ADgrTTW2L,comment,eNYndWedZsE,UgyH2wLNZm7JhOxevnV4AaABAg,True,@ShaunMSK,Probably an old fart. The young ones would love the technology in it. There’s so much more in there.,1,True
UgyGBrYcHSo55EhTMhB4AaABAg,comment,eNYndWedZsE,,False,@fredskingle3503,"I know how far Chinese cars have come, all the way from china!",0,True
Ugw-fuwlxTrLPdCz-EZ4AaABAg,comment,eNYndWedZsE,,False,@i6power30,"I'm skeptical about BYD's heatpump claim. At such low temperature the efficiency can't be good. Also it'll have to work very hard, how about noise and vibration from the heat pump? Even if they manage to insulate the noise and vibration from heat pump, the fact that it is a complicated device with many moving parts, I question its long term durability. Slight misalignment of compressor fan will make it sound loud and vibrates, just like an old AC or refrigerator. I still hope future EVs come with optional fuel based heater for colder climate. Heat pump is just an overly complicated, expensive, and non-robust solution to a simple problem, all the name of reducing 3% of emission.",0,True
Ugw-fuwlxTrLPdCz-EZ4AaABAg.9xSxejHr6gk9xTDiHgCBB5,comment,eNYndWedZsE,Ugw-fuwlxTrLPdCz-EZ4AaABAg,True,@jamesengland7461,It's nothing of the sort.  it's  reversing valve on the air conditioner.,1,True
Ugw-fuwlxTrLPdCz-EZ4AaABAg.9xSxejHr6gk9xU3cZrhXxJ,comment,eNYndWedZsE,Ugw-fuwlxTrLPdCz-EZ4AaABAg,True,@i6power30,"@jamesengland7461 Yes, it's reverse of AC. But it's based on the same principle. It still requires compressor, and refridgerant. I went through an unbalanced heat pump, after it worked ""too hard"" in Canadian winter. It was covered under warranty, but took a long time to fix because they lacked technician knowledgable enough to figure it out. All I'm saying is that heatpump is great in theory, but in practice, it's overly complicated and easier to break than fire based heater.",0,True
UgzaJffViQ5zq5MPpPN4AaABAg,comment,eNYndWedZsE,,False,@clives4501,"There is little doubt that ev battery fires are extremely hazardous.  It is disingenuous of you to suggest otherwise.  You can't fool all of the people, all of the time.",0,True
Ugzgfqe-uci8IRRofZN4AaABAg,comment,eNYndWedZsE,,False,@chrisogrady28,Glad to see the Ionic 6 has made it into GTA VI,0,True
UgwH8H1jtzdiAY7ZFZF4AaABAg,comment,eNYndWedZsE,,False,@mst4314,"No such thing as bad weather, only bad clothing... apparently! Would rather have a day in the Lake District in the worst weather than a day in London in the best weather! Don't knock it!",1,True
