source_id,source_type,video_id,parent_id,is_reply,author,text,like_count,public
Ugz3F01b0cx8kZJcgEJ4AaABAg,comment,gzHLv6rLSpQ,,False,@billlumbergh5942,man the interior is a million times better than a tesla,0,True
UgzoGJPR920SfhnO5WJ4AaABAg,comment,gzHLv6rLSpQ,,False,@claude_jiao,"It's a uber car like lexus es series and camry in Dubai, if you buy a BYD in China, it's just like buying a Lincoln Town Car in the US",0,True
Ugx2f7pe1oOX-i_vUaR4AaABAg,comment,gzHLv6rLSpQ,,False,@WangChuanfu-ceo_byd,I will like to know your review of our product in the rate of 10/100%,0,True
UgzdPhndsoORRaOoRxN4AaABAg,comment,gzHLv6rLSpQ,,False,@joeldujsik,a fair number of dumb features that nobody will ever use.,0,True
Ugymq1m0sXAc8oxFRUh4AaABAg,comment,gzHLv6rLSpQ,,False,@Thejaka2009,Beautiful car. I wish I could own one someday 😊,2,True
Ugz-qq3TrMInxUoL9TN4AaABAg,comment,gzHLv6rLSpQ,,False,@RayBD-n8ha,Chinese products are known for high quality 😂😂😂😂😂😂😂 NOT,0,True
Ugyd7dncbdnb7HeXsOJ4AaABAg,comment,gzHLv6rLSpQ,,False,@brandonfranklin1030,How do you have California plates if it’s not available in the states?,0,True
UgxhC8twQRiDsOBC1ZF4AaABAg,comment,gzHLv6rLSpQ,,False,@SeekTheTruthJesus,"CCP CHINA PAID YOU FOR VIDEO 😂
BYD IS MADE OF CHEAP MATERIAL FROM VIDEOS I HAVE SEEN FROM INSIDE CHINA THESE CARS SUCK CAN’T GET THEM REPAIRED NO ONE WANTS THIS JUNK QUIT LYING",0,True
UgwBV2vZ7NDNiuFEjud4AaABAg,comment,gzHLv6rLSpQ,,False,@banglatechusa,I found some fancy features but I still like Tesla,0,True
UgxP1kepDG6DEbxDQxB4AaABAg,comment,gzHLv6rLSpQ,,False,@keithfaulkner1288,"China can make very inexpensive junk, but they are capable of making very high quality things too. And still less then anywhere else.",0,True
UgxP1kepDG6DEbxDQxB4AaABAg.AIiB1bonsMJAJtHufyiAJY,comment,gzHLv6rLSpQ,UgxP1kepDG6DEbxDQxB4AaABAg,True,@SeekTheTruthJesus,Less because it’s built with cheap material,0,True
UgwIIKpZ3ImOLrNyBEF4AaABAg,comment,gzHLv6rLSpQ,,False,@jerry7311,If it's not available in the US why does it has California plates?,0,True
UgzEH3GHMB6oSCUAllR4AaABAg,comment,gzHLv6rLSpQ,,False,@2008pitchu,Ugly,0,True
UgyhXdwgcpzc_UupJ-h4AaABAg,comment,gzHLv6rLSpQ,,False,@MrJoeblofromidaho,Location of stop button is dubious.,0,True
UgzfqKoH3A-CMhYIh_B4AaABAg,comment,gzHLv6rLSpQ,,False,@MrJoeblofromidaho,This is what assholes Trump and Musk fear. Real and relentless competition.,0,True
UgypxMmmqKxlqf8dH8p4AaABAg,comment,gzHLv6rLSpQ,,False,@ObakuZenCenterUSA,"Beats the crap out of the low quality trash that Tesla and US companies are coming out with. The Chinese are about a decade ahead in terms of tech generally, not just in EVs. It's so funny when Americans think they're ahead in things like high tech, silicon wafer technology, AI GPUs and so on, when in fact China makes the US look absolutely primitive. But then if more Americans knew just how badly they are treated and how unfree their markets are, where they have no choice but to buy increasingly enshittified products at ever higher prices, they'd have a change of regime within weeks.",1,True
Ugzq-MRpX-ZUWbQ5o5d4AaABAg,comment,gzHLv6rLSpQ,,False,@EChai900,It's not available in the US but you are in California with the car next to you. How?,0,True
UgyhsZ4Q_KZgxaDYnR14AaABAg,comment,gzHLv6rLSpQ,,False,@Music2030,Does the  game console comes with it?,0,True
UgwFta-EYNQQv6TVixV4AaABAg,comment,gzHLv6rLSpQ,,False,@ElTeeger,razr came out in the 00s lol,0,True
Ugw6RSM8ihxd5Gj8LSB4AaABAg,comment,gzHLv6rLSpQ,,False,@1stHalf,Toyota is implementing BYD hybrid tech in their own verhicles,0,True
UgwW1b33vuS0zeI8nUF4AaABAg,comment,gzHLv6rLSpQ,,False,@RonBme,"Byd most of their cars were nice. Very nice and I'm talking electric only not the hybrids and you're going to pay for luxury for something nice. That's just the way it is. That's how America operates. They will be here soon. There is no definitive date. They're working that out because there is no one here to repair the vehicle to service the vehicle. They're not sure if they're going to use a dealership already here or if they're going to start their own, but let's get into pricing when you're here. Byd and they tell you that the vehicles are going to be under $20,000 to $20,000. This is a small hatchback vehicles that's built like the Honda Civic back in the '90s. The box style how they have different designs and there's a quite a few of them that start off. Unfortunately we Americans don't like driving those type of cars. They're not the "" cool looking cars"" now when you go into their sedans you're talking estimated 50-60 Grand. Their SUVs is like 70 to 80 Grand, especially the one that they show you online with all the different features. I believe that's close to like a $100,000. Now I'm giving you realistic price. This is before taxes and before tariffs I can't speak on a tariffs because there is no definitive set rate for tariffs from China. America keeps going up China set. Hi, we don't know which one they're going to go by or if we have to go buy both but China thinks that they have us and they don't understand they don't. We don't have to buy anything which would kill their GDP",0,True
Ugwb2HQTR5_v0ryB4Ql4AaABAg,comment,gzHLv6rLSpQ,,False,@lalamaria62,"I want one of these. I watched the history on the owner of byd and all the ups and downs he's overcome. If you haven't, it's very impressive!! He started off as a battery company, and this man had a vision and Heart!! Respect to this incredible man.",2,True
UgxYrKo9T32hf05P3j54AaABAg,comment,gzHLv6rLSpQ,,False,@bkstaxman,"US ""free market"" game plan: If you can't beat it, ban it!",0,True
UgwP0s_3EKsNFFT6srd4AaABAg,comment,gzHLv6rLSpQ,,False,@davidvaughn7752,Beautiful car!  So much better than the Tesla!,0,True
UgxtZd8w69Ws5wTtDPV4AaABAg,comment,gzHLv6rLSpQ,,False,@Broncofan-4life,"I wish we could get these BYD cars in America. Love the way they look, the technology and the price.",1,True
UgwMMTfnPWHyPMhTPPR4AaABAg,comment,gzHLv6rLSpQ,,False,@MrFerrill,Why not have outlets inside to avoid an ugly cables hanging around your car🤦‍♂️? A lot of vehicles even non ev have that that feature since like 2010,0,True
Ugyy3aOmW7w5yc6vGb54AaABAg,comment,gzHLv6rLSpQ,,False,@OpenYourEyes7479,I didn't hear anything about the range on a full charge. Does anyone know what that would be?,0,True
Ugy_X8rPwD3KtrVuZ7V4AaABAg,comment,gzHLv6rLSpQ,,False,@ronaldboykin9755,If BYD comes to America Trump will make it super expensive because of his trade wars!,0,True
UgzfG8DKLM8Zop0Nxml4AaABAg,comment,gzHLv6rLSpQ,,False,@MrHydevsDrJekyll,Everyone’s raving about byd… why? EVs have no future. All the leading manufactures including Toyota dropped EVs,0,True
UgwwemALwi0arla5ti54AaABAg,comment,gzHLv6rLSpQ,,False,@ruelempuerto5529,What a car byd is soaring 💪💪💪💪💪,0,True
UgzAAQRpsfNoaocrOCN4AaABAg,comment,gzHLv6rLSpQ,,False,@leaidan3542,"Before:
Made in China: ❌
Now:
Made in China: ✅",1,True
UgxMW9qKG6cXR6CXxbh4AaABAg,comment,gzHLv6rLSpQ,,False,@Mikeycambovideos,looks nice,0,True
UgyUeE0khR0ND4sfcMJ4AaABAg,comment,gzHLv6rLSpQ,,False,@nshalom12211221,Nice toy,0,True
Ugy_x-ZO8gzyVFEifn94AaABAg,comment,gzHLv6rLSpQ,,False,@oby-1607,I would love to own one of these.  Way better than the domestic offerings.,1,True
UgyYye9zU7-Kck9jiZh4AaABAg,comment,gzHLv6rLSpQ,,False,@Tommy-Huynh,"I’m wondering why U.S. don’t have any talent engineer that can design a luxury car with lower prices like this , or because manufacturers just too greedy 🤔🤔🤔",0,True
Ugyu_ds7YEg22tLLVSB4AaABAg,comment,gzHLv6rLSpQ,,False,@PrettyLady7282,That is the craziest Ev that I have ever seen before,0,True
UgxBL3BxP6Gx8qjasEp4AaABAg,comment,gzHLv6rLSpQ,,False,@thebarak,Blue lights are illegal in most countries.,0,True
UgzFW5Xaj2wzT5YN6JJ4AaABAg,comment,gzHLv6rLSpQ,,False,@potatocurry4474,sold In china subsidised by the chinese government. If its a level playing field tesla will wipe the floor with BYD,0,True
Ugxkx0lq14Q6SkX9ql94AaABAg,comment,gzHLv6rLSpQ,,False,@dicktrickle5352,Got that slave labor going on for that in-house build on those batteries…. Hey who care buy China shit,0,True
UgxMIPG9OfUdYM2u3eF4AaABAg,comment,gzHLv6rLSpQ,,False,@99gadget99,BYD would kick TSLA’s ass in the USA if  America didn’t block sales……they can only hide for so long.  Down with TSLA👎,0,True
UgyF13_WUREd-6ESlqN4AaABAg,comment,gzHLv6rLSpQ,,False,@USAF_MEDIC70,"The lack of quality is not people wondering about the upholstery. The Chinese aren't producing quality streel in the frame to keep the wheels on the car during stress. 
What has made US car prices soar, is the computerization of their electronics and the need for manufactures to keep increasing safety features to keep from getting sued, almost 100% by California courts. We need to back off on regulations to reduce the production cost of American vehickles and just realize as citizens that cars are dangerous and let the driver take more responsibility in driving safely.",0,True
Ugyf-R9vsqN_4pJwP5N4AaABAg,comment,gzHLv6rLSpQ,,False,@thechuck141,I will take any foreign car over an American sorry the quality isn't there in Chevy Ford's not even close.,0,True
UgzxHBZiEZZG9NaF3dJ4AaABAg,comment,gzHLv6rLSpQ,,False,@fonkamex,"Far better and cheaper than competitors. Please, sell them in Canada",0,True
Ugy2Y5iVzAHfpoWo2qZ4AaABAg,comment,gzHLv6rLSpQ,,False,@klimaxxx06,Tesla looks like crap comparted to BYD,1,True
UgzOFBn7RNnemzUhEG94AaABAg,comment,gzHLv6rLSpQ,,False,@elmaikitomusic,BYD is blowing all cars out of the water,0,True
Ugy0orTIpTaaMGRrBKd4AaABAg,comment,gzHLv6rLSpQ,,False,@wilsonnarvaez3314,"BYD is a great car , the best on electric cars , if you have a plan’s to buy an electric cars don’t see any others ,,,,, THE BEST!",1,True
UgwapBVILFn03RDfQq54AaABAg,comment,gzHLv6rLSpQ,,False,@lotus488,Sign me up where can I get one. Luv it ❤❤❤❤❤❤❤,0,True
Ugy_vMUbp63MQt2OlFh4AaABAg,comment,gzHLv6rLSpQ,,False,@RS-dq9pn,Are they sold in USA I know our dumb presidents Biden and Felon47 tariffs double the price for us but it may still be worth it,0,True
Ugz9eMaSMK5n0kMNJE94AaABAg,comment,gzHLv6rLSpQ,,False,@threeRedDots,"3:31 you need the remote or your phone to get the handles to pop, so how do emergency first responders open the door in case the driver and passengers are incapacitated in an accident? 
Do they have a way to get in or is it necessary to break a window every time?",0,True
UgwgwpXLg7ObW58p9Yx4AaABAg,comment,gzHLv6rLSpQ,,False,@mohammedjamalalali9790,"Bro, for how long you tried the car ? I’m thinking of buying BYD Han 2024. In our country the price is 48000 euros",0,True
UgxvWE5j8i0y4yvA4TB4AaABAg,comment,gzHLv6rLSpQ,,False,@kennethlui2268,Holy smoke. Karaoke?  Insane.,0,True
UgxpthD6FEwRpwyF4_N4AaABAg,comment,gzHLv6rLSpQ,,False,@SlingbladeJim,made in china....I see....well 4 questions what is the range how long does it take to charge what kind of warranty does it have and what is the price tag,0,True
UgxFNrD2YBafavVgOOx4AaABAg,comment,gzHLv6rLSpQ,,False,@marvintaylor5332,"That car makes tesla look like the over cost American welfare queen,  that it really is.  . . Innovation 💡 is the key in the auto game! And this car does not disappoint! . . . We as Americans should be leading in this technology, in many parts of the world 🌎 that has high gas prices. This is a dream car !!!! We, as Americans, are falling behind due to our attitudes of not being willing to give up the past , meanwhile, the rest of the world is moving forward without us !!!!😔",0,True
UgyiuqoG3hD7v63YuVJ4AaABAg,comment,gzHLv6rLSpQ,,False,@ChromiumCastle,The orange color in the interior is ugly af,0,True
Ugzzjj2Ar7IlNkq3WOh4AaABAg,comment,gzHLv6rLSpQ,,False,@adiosgringo8200,"I would want to know about the car's security.  Ideally, a 3 point security system.  A key to activate security, dongle fob (with key) to activate basic electric systems, and a voice command \ pwd to turn on the car.  To steal the car with this type of system, a person would have to cut the key, crack the dongle's encryption code, and finally, your voice & pwd to turn on the car.",0,True
UgxhU4sI21EeipCmDkN4AaABAg,comment,gzHLv6rLSpQ,,False,@CJ-py8ns,This is the reason the U.S put a 100% tariff on this car because the U.S automakers and Tesla cant compete.,10,True
Ugw2XCmjfqb1pLsEne94AaABAg,comment,gzHLv6rLSpQ,,False,@coconoelnyc,looking good doesn't mean that it is good quality!,0,True
UgxLD86-iTSGMnhDPSR4AaABAg,comment,gzHLv6rLSpQ,,False,@Atticus6557,"Bring the BYDs to the United States, today!",2,True
UgwljEHg6toukVuVMxN4AaABAg,comment,gzHLv6rLSpQ,,False,@stainlessdmc5954,You really shouldn't plug a toaster into a power strip.,0,True
UgzDjkMkEjgvZ8Hh_AR4AaABAg,comment,gzHLv6rLSpQ,,False,@Ed-uz6em,Protective tariffs keep it from here,0,True
UgwEDQ3oMza7e0Z_G8t4AaABAg,comment,gzHLv6rLSpQ,,False,@terrydanks,"Nice video. Thanks for it. 
I'm Canadian. We have winter! Those hidden door handles? Ridiculous! Guaranteed to freeze shut in an ice storm!
And 72,000 Euros? With 15% HST here in the Maritimes, that converts to a purchase price of $123,000! And, it's an EV. Totally lost interest 3 minutes in!
Not the videographer's fault. As I said, nice vid and thanks. I had never heard of BYD until now. Came up because CDNS are largely rejecting Teslas because of Musk's politics.",0,True
UgzIJVNlncR529O68AB4AaABAg,comment,gzHLv6rLSpQ,,False,@NicholasTsemoni,Range???,0,True
Ugyq04K5w3wHvAFkEVx4AaABAg,comment,gzHLv6rLSpQ,,False,@ricosuave6503,Much sexier than the Tesla bottom feeder look.,2,True
Ugxs4jKLZLFh-u62RhF4AaABAg,comment,gzHLv6rLSpQ,,False,@MrsLotusBlooms,"Wow, we need those here! ❤",2,True
UgzdzjpxWl0KvtFRO294AaABAg,comment,gzHLv6rLSpQ,,False,@JTCFC1,I’m watching because I know we are about to get these in canada,0,True
Ugxkk8K9J39PMRRIVRp4AaABAg,comment,gzHLv6rLSpQ,,False,@starbird14,sexy car,0,True
UgznZ2Nh66DA_JV6ZjZ4AaABAg,comment,gzHLv6rLSpQ,,False,@emdeethao,So dope! I need this car! 😂 it has everything I need!,0,True
Ugxq2UQq0-MnFMk3A-h4AaABAg,comment,gzHLv6rLSpQ,,False,@joemadison5527,2:27 because they know that it is better than electric car manufacturers in the states.,0,True
UgwfcvS6AjimR-PBE-Z4AaABAg,comment,gzHLv6rLSpQ,,False,@joemadison5527,1:17 that Motorola phone 📱 came out in the early 2000’s.,0,True
Ugy2jQTqL30I_-GlNIt4AaABAg,comment,gzHLv6rLSpQ,,False,@squidward66,wow!,0,True
Ugy_VF_002lJgsGatLl4AaABAg,comment,gzHLv6rLSpQ,,False,@Jiale-t4s,Look pretty nice,1,True
UgxQzPlax6bqk3fXWIp4AaABAg,comment,gzHLv6rLSpQ,,False,@jorgebowles9318,I would love that somebody compare it with a Tesla.,1,True
UgzWcLu-STLUHlPFOVF4AaABAg,comment,gzHLv6rLSpQ,,False,@Austinz2z,"When you folks perform reviews on Chinese EV's you should let your viewers know of the very hazardous side of these cars as well or take responsibility when harm should arise from a purchase based on your review. See video,  https://www.youtube.com/watch?v=yOA7qKMcjcE",0,True
Ugz4tOXi_jNrsBNjdIV4AaABAg,comment,gzHLv6rLSpQ,,False,@iulianiulian2747,"Looks verry nice! I like metalic blue colour, this is a real blue paint, Tesla don""t have this, Mercede don""t have a really blue colour for the EVS, maibe they want to sell us only a few ugly colours.",1,True
UgzW_YrY7KK47RhFA8F4AaABAg,comment,gzHLv6rLSpQ,,False,@Insomnia-i3m,Hmm~~~ I don’t know. I still can’t trust Chinese technology yet.  Maybe 20 years later maybe. I know they bring people from all of the country for technology that they don’t have. Sometimes I agree to that too. If you can’t make it just buy it and copy it.,0,True
Ugw2GlXFBp1pbfmnNB54AaABAg,comment,gzHLv6rLSpQ,,False,@QAYWSXEDCCXYDSAEWQ,Some interesting news that talks about the future for our kids https://www.bbc.com/news/articles/c8xj9jp57r2o who can thank their $ conscious parents for getting them into this.,0,True
Ugyjc4V1QMa6Vu5G6D94AaABAg,comment,gzHLv6rLSpQ,,False,@deadonarrivalparanormal981,NIO just took the lead!!!,0,True
UgzbNZalmn-oh8jhk7t4AaABAg,comment,gzHLv6rLSpQ,,False,@zokir_keldiyorov,It is only around 35 40 thousand dollars 😂😂😂,0,True
UgzWBcJNTiliws-JlOF4AaABAg,comment,gzHLv6rLSpQ,,False,@Clio_12,"BYD - Build Your Dream. ❤️  But, sri lanka market definition it ""Beyond Your Destination"".",1,True
UgyygDO2KI4RNdnXOHV4AaABAg,comment,gzHLv6rLSpQ,,False,@user-Rsmlopasc,No AC button 👎👎,1,True
Ugxt6ug9hqwBs9ZDjaZ4AaABAg,comment,gzHLv6rLSpQ,,False,@MY-pj8cd,What’s the range? Is it single or dual motor? Is it awd?,0,True
UgxQ5oRWtNG__zixfRN4AaABAg,comment,gzHLv6rLSpQ,,False,@ralphhandyman,👍,0,True
UgwA9kayUbvQTtjqXGF4AaABAg,comment,gzHLv6rLSpQ,,False,@RonaldGonzalez-l9h,Wilson William Walker Frank Moore Susan,0,True
UgyffY5iSDa-ijRPoSh4AaABAg,comment,gzHLv6rLSpQ,,False,@MondGordon-i8y,Emily Extensions,0,True
UgxUJr-QhO5ut5ny6oR4AaABAg,comment,gzHLv6rLSpQ,,False,@CowperMyra-o7q,Eugene Fork,0,True
UgxraaZ0rUxxw07wyOF4AaABAg,comment,gzHLv6rLSpQ,,False,@RonaldBrown-y7e,Wilson Frank Walker Betty Lopez Jennifer,0,True
UgzLHmIBmaQQ2G0WUiZ4AaABAg,comment,gzHLv6rLSpQ,,False,@RonaldGonzalez-l9h,White Linda Jones Susan White Laura,0,True
UgxUHRlr-Drrd5dxugh4AaABAg,comment,gzHLv6rLSpQ,,False,@ElizabethRooney-i2f,Bauch Islands,0,True
Ugyv55oY8L32zHXsWDd4AaABAg,comment,gzHLv6rLSpQ,,False,@BobbyProRich,I love BYD car❤❤❤😊😊😊😊,0,True
UgznJOOxYPPmHw56Zod4AaABAg,comment,gzHLv6rLSpQ,,False,@PoundTheresa-n5o,Dandre Brooks,0,True
UgwmVEjVlzw1XIIPhBd4AaABAg,comment,gzHLv6rLSpQ,,False,@JasonRoys-l3w,Reece Court,0,True
UgxmC1YYvnC3rv2SKSF4AaABAg,comment,gzHLv6rLSpQ,,False,@HobsonAlston-k2o,Ottilie Ports,0,True
UgzLNM6RwPKSxHmevZ54AaABAg,comment,gzHLv6rLSpQ,,False,@HumphreyKing-gp3yv,939 Thora Creek,0,True
Ugxs-rCg-ucoaZz5K_p4AaABAg,comment,gzHLv6rLSpQ,,False,@FerdinandPamela-v7y,Brandyn Hollow,0,True
UgxbWexZuq87ELZaDOh4AaABAg,comment,gzHLv6rLSpQ,,False,@vijithamihindukulasuriya5856,Love love love❤❤❤,0,True
UgwLe1PZYRbA_wG0P9R4AaABAg,comment,gzHLv6rLSpQ,,False,@wkperera6231,Love love love ❤❤❤,0,True
Ugz0rWPjtiX8mEIdOdN4AaABAg,comment,gzHLv6rLSpQ,,False,@BenjaminMike-u4e,Schamberger Ford,0,True
UgzkgXnp-YvzSRLFEcd4AaABAg,comment,gzHLv6rLSpQ,,False,@EloyMoustafa-f1z,Stokes Spurs,0,True
UgwtV8xWK4cdljPHPn94AaABAg,comment,gzHLv6rLSpQ,,False,@GHLAuto,"Beside BYD, I think, Changan, Geely, Zeekr, Cherry, Xpeng, Lixiang, Nio, Hongqi, Cowin kaiyi, GWM, Ora, Leapmotor are also fine and welcome in China nowadays",1,True
UgxanmBYclj8eIVhZDl4AaABAg,comment,gzHLv6rLSpQ,,False,@GHLAuto,"BYD has several models: Han, Tang, Song, Yuan, Qin, Dolphin, Seal,  Qin L dmi, Seal 06 dmi, e2, seagull, ranging from small cars to sedans and SUVs.",1,True
Ugx55-1ByvohYsDqGnt4AaABAg,comment,gzHLv6rLSpQ,,False,@depandyble,"seriously if the blonde girl isn't available to record, don't make a video. its not supercar blondie when its some random dude on there.",0,True
UgwLIRHwcxsTBSmM3d14AaABAg,comment,gzHLv6rLSpQ,,False,@skyebutterfly-kx9rz,how did they get this car n2 US  🤷‍♀️  im def interested,1,True
UgxVsO3velbM2-YENf54AaABAg,comment,gzHLv6rLSpQ,,False,@tannerotis,"72000 euros is 108,000 Canadian. There are better options than a byd for that money.  Not to mention the tariff of 6 % added to the import.   So  it’s a nice car but just like a Tesla, nothing special.",0,True
Ugz52loH7zkUarBxfq54AaABAg,comment,gzHLv6rLSpQ,,False,@iyasakicomedy,Doe sthe Car speak English?,0,True
UgyS2UiI-ToOpBeZu6J4AaABAg,comment,gzHLv6rLSpQ,,False,@mk_annan22,"Massive respect for Chinese Engineers and Marketing personnel for developing such an electric car. Historically, products they consider luxurious in wealthy economies, China manufactures a cheaper alternative but equally better version. Just see their smartphone and tech market. There may be intricacies, but credit wherever it's due; it promotes competition in the market.",2,True
UgxlOuEt7WFqMfEbDYF4AaABAg,comment,gzHLv6rLSpQ,,False,@hz71401,BYD's hybrid sets the benchmark for excellence in its category.,0,True
UgwS8QtAcJopSPhzeed4AaABAg,comment,gzHLv6rLSpQ,,False,@Lexluther120,These cars are hot trash,0,True
Ugzb34LN_B31kqZCybR4AaABAg,comment,gzHLv6rLSpQ,,False,@Nearco1000,"70k is a fair price in Europe, really? I guess that you don't know what the price is in China, but BCC, our corrupted Gov, is so outrageous that you have to pay 70k for a piece of battery.",0,True
UgyvdmmA2-siXJg_xqx4AaABAg,comment,gzHLv6rLSpQ,,False,@Mylife-m5h,No good S Bad Quality,0,True
Ugzly4AuMQwLdxb5AOh4AaABAg,comment,gzHLv6rLSpQ,,False,@SEE-AND-KNOWS-ALL,China is about to take the us if joe wins. They are already set up in this mf,0,True
UgzI1QlZnwKQSCwAdxx4AaABAg,comment,gzHLv6rLSpQ,,False,@SEE-AND-KNOWS-ALL,China owns you too i see,0,True
UgzdKcN8gGuzrjgwydV4AaABAg,comment,gzHLv6rLSpQ,,False,@chrisrishermn,Over 90 percent of review is before car starts moving. That is its primary function. The reviewer seems immature.,0,True
Ugx6kUA3kh1Wt58JgMF4AaABAg,comment,gzHLv6rLSpQ,,False,@bigeye4520,"I’m retired 4years ago and driving a 18 years old Saturn suv, I can’t afford keeping it any more. Maintenance/fuel cost is tyranny to my retirement income. I need a low upfront and operating costs car like the byd seagull. But my government deprived me of my needs. What a shame.",5,True
UgyBrbr6CtNeVQSlEyx4AaABAg,comment,gzHLv6rLSpQ,,False,@compatony9690,Better than tesla,1,True
Ugw_fWVECfv2sR4AhaJ4AaABAg,comment,gzHLv6rLSpQ,,False,@TrueFactBoston,"and it cost just $9k but tariffs and taxes that Biden put on the Chinese cars 400% , so this car cost 9x4=$36 + taxes. it should be just $9k plus taxes....F@ck you Biden",0,True
UgwV3VLfUvzJE59xWNB4AaABAg,comment,gzHLv6rLSpQ,,False,@arindamsaha735,Location?,0,True
UgwQe5I8VTrtssBtHFR4AaABAg,comment,gzHLv6rLSpQ,,False,@thomashutchinson1259,"So if they sell these in English speaking countries, will you say close the windows and the car will repeat closa tha weendo?",0,True
UgyOiPUabO80vUElrMp4AaABAg,comment,gzHLv6rLSpQ,,False,@AliMalikLahori,"100% Tarrif will actually hurt, the \us made cars. As we will loosethe overseas market due to or higher costs. Nice video, car looks awesome",0,True
UgxltGtBCMiT5nBEceV4AaABAg,comment,gzHLv6rLSpQ,,False,@Denverspin,"I wonder why they are not  sold in the US yet?
(Sarcasm)",0,True
UgwqcLj78wfrQHFwfoZ4AaABAg,comment,gzHLv6rLSpQ,,False,@peepa47,I bet all the downvotes are from muskrats who cant stand somebody makes a better car than tesla 😀,0,True
UgxuWq_I5A5M_dDkP3t4AaABAg,comment,gzHLv6rLSpQ,,False,@georgesabbagh4269,Wsisting a lot of time in talking,0,True
UgyrdwGOOSwQ7E8h7n14AaABAg,comment,gzHLv6rLSpQ,,False,@linuxisgood,this car gives u a new phone. WTF!,0,True
UgxOQC_faUWY1sHofbR4AaABAg,comment,gzHLv6rLSpQ,,False,@omalashevich,I am not surprised of BYD cause I remember how apple started in a garage? Don’t you? ❤,0,True
UgwZoVvsukvrZGl8y914AaABAg,comment,gzHLv6rLSpQ,,False,@vj786,a really bad reviewer ...,0,True
UgzlCYg4vTQJCCLw8UV4AaABAg,comment,gzHLv6rLSpQ,,False,@ohmygosh6176,"The middle section looks cheap.
The Seat adjustment buttons are on the side, so the kids can press that while you're driving. very very dangerous.",0,True
UgxDByujPYfNDmx2ePp4AaABAg,comment,gzHLv6rLSpQ,,False,@edmanns,Did they bring it to California to show? I see there are California license plates.,0,True
UgyvaciOtDXMCY5CRTV4AaABAg,comment,gzHLv6rLSpQ,,False,@AbdulBasit-eh6pb,"The camera quality❤
The interior quality💜
Car shape💚
Mileage is awesome😮",3,True
Ugy_P_slaAlKUrPlNzp4AaABAg,comment,gzHLv6rLSpQ,,False,@brain8484,better than Tesla by far,0,True
UgzS9F67tFfikv6RFN14AaABAg,comment,gzHLv6rLSpQ,,False,@brain8484,he did everything other then drive it,0,True
UgzOE-tt-vJTAjnCn714AaABAg,comment,gzHLv6rLSpQ,,False,@unnamedbhopper,动态网自由门 天安門 天安门 法輪功 李洪志 Free Tibet 六四天安門事件 The Tiananmen Square protests of 1989 天安門大屠殺 The Tiananmen Square Massacre 反右派鬥爭 The Anti-Rightist Struggle 大躍進政策 The Great Leap Forward 文化大革命 The Great Proletarian Cultural Revolution 人權 Human Rights 民運 Democratization 自由 Freedom 獨立 Independence 多黨制 Multi-party system 台灣 臺灣 Taiwan Formosa 中華民國 Republic of China 西藏 土伯特 唐古特 Tibet 達賴喇嘛 Dalai Lama 法輪功 Falun Dafa 新疆維吾爾自治區 The Xinjiang Uyghur Autonomous Region 諾貝爾和平獎 Nobel Peace Prize 劉暁波 Liu Xiaobo 民主 言論 思想 反共 反革命 抗議 運動 騷亂 暴亂 騷擾 擾亂 抗暴 平反 維權 示威游行 李洪志 法輪大法 大法弟子 強制斷種 強制堕胎 民族淨化 人體實驗 肅清 胡耀邦 趙紫陽 魏京生 王丹 還政於民 和平演變 激流中國 北京之春 大紀元時報 九評論共産黨 獨裁 專制 壓制 統一 監視 鎮壓 迫害 侵略 掠奪 破壞 拷問 屠殺 活摘器官 誘拐 買賣人口 遊進 走私 毒品 賣淫 春畫 賭博 六合彩 天安門 天安门 法輪功 李洪志 Winnie the Pooh 劉曉波动态网自由,0,True
UgyerpVcvOksIab7HTx4AaABAg,comment,gzHLv6rLSpQ,,False,@unnamedbhopper,动态网自由门 天安門 天安门 法輪功 李洪志 Free Tibet 六四天安門事件 The Tiananmen Square protests of 1989 天安門大屠殺 The Tiananmen Square Massacre 反右派鬥爭 The Anti-Rightist Struggle 大躍進政策 The Great Leap Forward 文化大革命 The Great Proletarian Cultural Revolution 人權 Human Rights 民運 Democratization 自由 Freedom 獨立 Independence 多黨制 Multi-party system 台灣 臺灣 Taiwan Formosa 中華民國 Republic of China 西藏 土伯特 唐古特 Tibet 達賴喇嘛 Dalai Lama 法輪功 Falun Dafa 新疆維吾爾自治區 The Xinjiang Uyghur Autonomous Region 諾貝爾和平獎 Nobel Peace Prize 劉暁波 Liu Xiaobo 民主 言論 思想 反共 反革命 抗議 運動 騷亂 暴亂 騷擾 擾亂 抗暴 平反 維權 示威游行 李洪志 法輪大法 大法弟子 強制斷種 強制堕胎 民族淨化 人體實驗 肅清 胡耀邦 趙紫陽 魏京生 王丹 還政於民 和平演變 激流中國 北京之春 大紀元時報 九評論共産黨 獨裁 專制 壓制 統一 監視 鎮壓 迫害 侵略 掠奪 破壞 拷問 屠殺 活摘器官 誘拐 買賣人口 遊進 走私 毒品 賣淫 春畫 賭博 六合彩 天安門 天安门 法輪功 李洪志 Winnie the Pooh 劉曉波动态网自由,0,True
Ugya9fski2wghAgSYW94AaABAg,comment,gzHLv6rLSpQ,,False,@mattmac233,Lots of exterior views and interior all over the internet. Seems like the car isn't very reliable since no one drives it but a mile.,0,True
Ugx-FwrPFJlbZc_m9XF4AaABAg,comment,gzHLv6rLSpQ,,False,@kiddsanthe,"Mans said “Ni hao, shawty” 😮‍💨",0,True
UgxnuWuOWBKCYxWyTMp4AaABAg,comment,gzHLv6rLSpQ,,False,@STIjojoSTI,"Saw one of these at the mall couple of months ago, first time to see and know anything about this brand BYD. I was blown away by the interior design and quality. I couldn’t believe it was a China made car. Looked so futuristic inside and quality was amazing. After this, did some research about this brand. Looks like a good quality brand. Might get a smaller model in the future.",0,True
UgzOO85vc_HaReEJTwd4AaABAg,comment,gzHLv6rLSpQ,,False,@MTA-g9s,Waiting for Western goventments to tell us that the BYD cars poses a national security risk.,0,True
Ugx142O6ooROu8OCF3d4AaABAg,comment,gzHLv6rLSpQ,,False,@sojourner3300,There are numerous reports of BYD cars or cars with BYD batteries literally EXPLODING after collisions (this is in addition to numerous incidents of battery pack spontaneous igniting). Just search for it on Youtube - you can't make this stuff up.,0,True
UgyGjDIYs2PDBPQM0-F4AaABAg,comment,gzHLv6rLSpQ,,False,@victorhamel4281,Does BYD cars sell in Mexico?,0,True
Ugxo7fUrlt0iDxeTmwV4AaABAg,comment,gzHLv6rLSpQ,,False,@victorhamel4281,Nice electric cars,0,True
Ugy4XHuOaAih2zDFfxt4AaABAg,comment,gzHLv6rLSpQ,,False,@ClassySOB,Why the dog tag?,0,True
UgyKjNVoP-4IslYSKnZ4AaABAg,comment,gzHLv6rLSpQ,,False,@妙才-z6g,"In March, BYD Qin sold nearly 60000 vehicles in China, making it the best-selling car in China. It is cheap, of good quality, and has dual use of fuel and electricity",1,True
UgxMywOvngkrb1_yv3d4AaABAg,comment,gzHLv6rLSpQ,,False,@WKH0416,This car in China only cost less than$25000😅,0,True
UgwD4-bBjd7iX3kQxE54AaABAg,comment,gzHLv6rLSpQ,,False,@johnwysowski8578,"Lots of bells and whistles, but what good are they when you're trying to get fro point A to point B.   Karaoke,  video games,  and squishy seats.  I guess none of this is possible in an ICE vehicle?",0,True
UgweyyEEl0hs0NaWv2p4AaABAg,comment,gzHLv6rLSpQ,,False,@thebestomnidroidv10,Dinosour are much cooler,0,True
UgwTstIyMWE7iBTcZjZ4AaABAg,comment,gzHLv6rLSpQ,,False,@DALV.R,Amazing vehicle,0,True
Ugz6q1CTAabqWV39Gk14AaABAg,comment,gzHLv6rLSpQ,,False,@kenbiehl303,Salesman,0,True
UgzdKvamLAeewdQZ3wV4AaABAg,comment,gzHLv6rLSpQ,,False,@muzzamilahmedkhan8213,Very good car and cheap also,0,True
UgxMSEZ_9vk7V5Ay9zF4AaABAg,comment,gzHLv6rLSpQ,,False,@whyworkwhenicanrap6830,I just doesn’t captivate me like a tesla model y or the cyber truck,0,True
UgxE9_15GWwTPZ_on4R4AaABAg,comment,gzHLv6rLSpQ,,False,@saki15300,Love it ❤,0,True
Ugw5ajQeiHTu6Nh5yS14AaABAg,comment,gzHLv6rLSpQ,,False,@Azizulhakimsm007,Bro byd Super car revealed ❤,0,True
Ugw2P3XBjoEZBN_ry_J4AaABAg,comment,gzHLv6rLSpQ,,False,@davidleon5422,China sera el primer lugar en ventas tecnologicas para las futuras sociedades actuales.,1,True
UgyrATA24JQjHqPTCUN4AaABAg,comment,gzHLv6rLSpQ,,False,@thomassummerhill6357,Was any of this technology actually created in china ?,0,True
Ugw6vISNw6GcRgAQ8JZ4AaABAg,comment,gzHLv6rLSpQ,,False,@markowen7255,Vehicle’s Main Beam Twists as Easily as Tofu! BYD’s Luxury SUVs Are Trash,0,True
UgwGRKjOupidnuSsqW54AaABAg,comment,gzHLv6rLSpQ,,False,@jjy1463,"In July 2020, FBI Director Christopher A. Wray called China the ""greatest long-term threat"" to the United States. He said that ""the FBI is now opening a new China-related counterintelligence case every 10 hours. Of the nearly 5,000 active counterintelligence cases currently under way across the country, almost half are related to China.""",0,True
Ugxtwfin_aa-vLbNf8F4AaABAg,comment,gzHLv6rLSpQ,,False,@anthonydellannosr.,When can we buy one?,0,True
UgycB3Craeh9--8lOQZ4AaABAg,comment,gzHLv6rLSpQ,,False,@adelb6580,I'm a fan,0,True
UgwBzAvz06y9cKz6BuN4AaABAg,comment,gzHLv6rLSpQ,,False,@digi051669,Didi Chinese Uber use it as their luxury taxi,0,True
UgywYbciBh02REpn5f94AaABAg,comment,gzHLv6rLSpQ,,False,@르난도,❤❤❤,0,True
UgwyUNakjGJZK80cVup4AaABAg,comment,gzHLv6rLSpQ,,False,@666dynomax,When byd comes to America step aside big 3.,0,True
Ugy5-ySiUf_7Q47WO0Z4AaABAg,comment,gzHLv6rLSpQ,,False,@ДенисШагинов,"Besides, BYD quality is much better now than most German cars.",0,True
Ugw_QaFM92iDvTQyn5t4AaABAg,comment,gzHLv6rLSpQ,,False,@ДенисШагинов,"I drove that one in China. Much better than Tesla and many other standard cars. 
I suppose it will not be on sale in US and EU due to unhonest competition... It will be restricted due to many artificial reasons and lobbied against the market penetration 🤧",0,True
Ugzh5mbin4m_BK593EF4AaABAg,comment,gzHLv6rLSpQ,,False,@rakeshkonwar1046,"byd most untrustable car like other chinees product. Many people lost their lives due to battery explosion, fire etc  Very unsafe car.",0,True
Ugzh5mbin4m_BK593EF4AaABAg.A-5yThM7OJRA-AvLlIu_v4,comment,gzHLv6rLSpQ,Ugzh5mbin4m_BK593EF4AaABAg,True,@Alwaysbechilling46,"Yeah because youre indian, so i’m not trust you either",2,True
Ugzh5mbin4m_BK593EF4AaABAg.A-5yThM7OJRA-hBJqO8vdF,comment,gzHLv6rLSpQ,Ugzh5mbin4m_BK593EF4AaABAg,True,@HAROI737,source?,0,True
Ugzh5mbin4m_BK593EF4AaABAg.A-5yThM7OJRA0N1A33G044,comment,gzHLv6rLSpQ,Ugzh5mbin4m_BK593EF4AaABAg,True,@d-ii-b,​@Alwaysbechilling46lol 😂,0,True
UgwPZ1MyWkoGVIdsaZp4AaABAg,comment,gzHLv6rLSpQ,,False,@abangjohn653,"to be honest, this car is destroying all of his competitor with so good quality and pricing.",0,True
Ugy-Kut9UiIhHRM_aeF4AaABAg,comment,gzHLv6rLSpQ,,False,@__-pl3jg,"Fun fact:
The steel used for the frame is made very soft in an effort to reduce weight. If you hit a pot hole your axle will break quite easily. There are many more problems with BYD vehicles but they are mostly just in China so all the videos from owners are in Chinese posted to Weibo.",3,True
UgxXNSMcRqW2Ox3nyl14AaABAg,comment,gzHLv6rLSpQ,,False,@ZERONEINNOVATIONS,If Mustang MACH-E was a sedan.,0,True
Ugz0kZ1znIf8z7u_ebd4AaABAg,comment,gzHLv6rLSpQ,,False,@leifandersen2756,Keep away from Chinese EVs..For the Chinese it is al about quantity not quality ! Buy European or American EVs !,0,True
UgyNffpXmJOsOgdMw-J4AaABAg,comment,gzHLv6rLSpQ,,False,@jacoblozano5040,Make in china…. You get what you pay for 😂. … made in Japan will be much better and better quality. … And why would I support a communist country?,0,True
UgzeKwKlkytSd8hTd7t4AaABAg,comment,gzHLv6rLSpQ,,False,@MysteryMachine420,Did it break yet? the ones in china are killing people now.,0,True
UgxJfPv4YnpMwm_2pKV4AaABAg,comment,gzHLv6rLSpQ,,False,@jefferylorance7988,"There is a video of BYD…showing how soft the main body frame…videos shows owner frame bent and crack when off roading, , etc…cheap steel frames ..be careful…",0,True
UgzXoM0bvfIR1x4whYF4AaABAg,comment,gzHLv6rLSpQ,,False,@apsmith1635,I definitely do not want to buy a car from a regime that supports war maker putin and then pay taxes to prevent him from attacking Europe. Please allow our kids to grow up is a free and peaceful world,0,True
UgwHIv9UE3NCo77tcwh4AaABAg,comment,gzHLv6rLSpQ,,False,@sleepymejackie,Front seat foot space control from the back is a murder weapon i tell you LoL,0,True
UgyygFGulCdpZj-OLBp4AaABAg,comment,gzHLv6rLSpQ,,False,@lylyl2337,the signal indicator sound sucks,0,True
UgwBxG57neYJSHVLBSJ4AaABAg,comment,gzHLv6rLSpQ,,False,@mr.mittir699,Chinese products looks good but never last....i will never believe them with that much money,0,True
Ugy8ofSaObv5s8FBNph4AaABAg,comment,gzHLv6rLSpQ,,False,@steveroberts4523,This is the coolest car ever!,0,True
Ugyah1pIVBYxXdUuJ_J4AaABAg,comment,gzHLv6rLSpQ,,False,@kuchikibyakuya7697,China >>> USA product 😂,0,True
UgwVzZz9f_qaguK7Sl14AaABAg,comment,gzHLv6rLSpQ,,False,@AkshayKumar-vg2pi,"razer was  mid 2000 , not 90s",0,True
Ugz8b0bgfirjunWynp94AaABAg,comment,gzHLv6rLSpQ,,False,@bbyl1485,Didi taxi car in Shenzhen 😂,0,True
UgxWSawpSY4lK1YyT8l4AaABAg,comment,gzHLv6rLSpQ,,False,@florantesoriano8737,That's why built your dream 1st impression so good I like too,0,True
UgwIPo9IiQGOGy8N9p14AaABAg,comment,gzHLv6rLSpQ,,False,@greg-jm7tm,"this way you are supporting Chinese communist party and psychopath xi jing ping which murders people for nothing but you are to ignorant to see it, how much money they pay you?",0,True
UgwIPo9IiQGOGy8N9p14AaABAg.9zMeYPSnlzw9zN03lc82M3,comment,gzHLv6rLSpQ,UgwIPo9IiQGOGy8N9p14AaABAg,True,@petterlee-yt,为什么你这么生气，你来过中国吗，了解中国吗？还是天天看着BBC嘲中国生气😂,0,True
Ugz04a0LpRxsK4UpS4J4AaABAg,comment,gzHLv6rLSpQ,,False,@greg-jm7tm,"this way you are supporting Chinese communist party and psychopath xi jing ping which murders people for nothing but you are to ignorant to see it, how much money they pay you?",0,True
UgxEeE4q8lFVgvLMeu14AaABAg,comment,gzHLv6rLSpQ,,False,@greg-jm7tm,"this way you are supporting Chinese communist party and psychopath xi jing ping which murders people for nothing but you are to ignorant to see it, how much money they pay you?",0,True
Ugz_9UNMrvr8v7TxC5Z4AaABAg,comment,gzHLv6rLSpQ,,False,@greg-jm7tm,"this way you are supporting Chinese communist party and psychopath xi jing ping which murders people for nothing but you are to ignorant to see it, how much money they pay you?",0,True
Ugz_9UNMrvr8v7TxC5Z4AaABAg.9zMeX4b5f8P9zOyKYD_LQN,comment,gzHLv6rLSpQ,Ugz_9UNMrvr8v7TxC5Z4AaABAg,True,@user10u7,"I think this is a car channel, go to the politics channel",2,True
UgxlR39mPNmcVOcOVbV4AaABAg,comment,gzHLv6rLSpQ,,False,@Xaurav01772,Yuh should do Byd U8 review ❤,0,True
UgyKV3gNc8zbaWIkaSt4AaABAg,comment,gzHLv6rLSpQ,,False,@Johnny69xxx,Drive the car you clown 🤡,0,True
UgyB8bx0ihX-7KwzpXF4AaABAg,comment,gzHLv6rLSpQ,,False,@gmac8586,"Damn, I thought the microphone was for exterior speakers so you can tell the driver in front of you to wake up, the light's green.",0,True
UgxDcgpZpD31SXCmjxd4AaABAg,comment,gzHLv6rLSpQ,,False,@Czechingthisout,You speak Chinese 😲,0,True
UgyXPdbOoiAKMV0se6x4AaABAg,comment,gzHLv6rLSpQ,,False,@librequito,"Living in Ecuador a 3rd world country and we have it here for $35000 it is not expensive.
I'm Surprised that in the so called free marker of the USA this car is not available .",1,True
Ugxur4YgSbPnP3ndK2F4AaABAg,comment,gzHLv6rLSpQ,,False,@phaethaya,I wonder how BYD works on winter term in Europes weather. Could it survive a whole winter with lots of minus celsius and does it effect the battery? Anyone knows?  🤔,0,True
UgxmiLnVjpFL4NtVcaV4AaABAg,comment,gzHLv6rLSpQ,,False,@JorgeRodriguez-iq7vb,"I'm not surprised it's not available in the US, like a lot of other products, from food to tech, if they are better than ours, you will never see it here. I do wish they were for sale here in the US, it would put Tesla in a world of economic pain. I will surely buy one, or two.",2,True
UgzqAHOD26QTkK5j6dh4AaABAg,comment,gzHLv6rLSpQ,,False,@hilary3397,Razor phone in the 90s..really dude,0,True
UgzALNMQGEoDA_3CzIV4AaABAg,comment,gzHLv6rLSpQ,,False,@nelstalgic7878,Practical physical buttons in the car beats Tesla’s technology 😂,0,True
Ugzq4kl2Og8S56Oqn214AaABAg,comment,gzHLv6rLSpQ,,False,@paintdoctormd,This is not the world's best selling EV. BYD did not sell 1.9 million Hans in 2022. Please get your facts straight. That is complete misinformation and 100% untrue.,1,True
Ugxf3BfDiti0RhwFCZJ4AaABAg,comment,gzHLv6rLSpQ,,False,@SabbirAhmed-vt2gu,Ok good,0,True
Ugwx_0bsxuQ4ood_ied4AaABAg,comment,gzHLv6rLSpQ,,False,@vivianokeswa488,Please ask for me if it will ever hit South African 🇿🇦 shores?,0,True
UgzU_5rYtVUnixEvQpt4AaABAg,comment,gzHLv6rLSpQ,,False,@sovour13,I wish the video had more facts other than the price and the zero to 100. Would of like to know more  about the screen the inches the range of the car how long it takes to charge felt like no work behind this video like car salesman who doesn’t know the product. Don’t mean to be harsh just pointing some things out,0,True
UgwSWyzRDQpFWuXBmAB4AaABAg,comment,gzHLv6rLSpQ,,False,@asahn234,Not quite jimmy neutron but there is a resemblance 😂,0,True
UgyLfPP3hOHJmIZ1qfl4AaABAg,comment,gzHLv6rLSpQ,,False,@ejohnson3131,"0:42 They’re going with a Dragon Face design.

Me: I see 2008 Honda Accord sedan",1,True
Ugz9iihVFY8gn-IBNTZ4AaABAg,comment,gzHLv6rLSpQ,,False,@cwd5736,Very practical and entertaining EV car. I would buy it if they offered a affordable car loan to everyone.😊,0,True
UgzQs8aGVKvN0iO9lHV4AaABAg,comment,gzHLv6rLSpQ,,False,@chasingbirdies2,Best selling EV in China. Not around the world. And looks like an imitation of Tesla.,1,True
UgzQs8aGVKvN0iO9lHV4AaABAg.9yazFr6pEqN9zN0G_ZdQdL,comment,gzHLv6rLSpQ,UgzQs8aGVKvN0iO9lHV4AaABAg,True,@petterlee-yt,因为中国，让全世界用上智能产品，为什么不能让全世界开上车呢😂,1,True
UgxWvexfLDGCKAJMhsV4AaABAg,comment,gzHLv6rLSpQ,,False,@janhansen554,"Byd car looks very nice. I would buy this 100 times more than a Tesla. It looks like a luxury car compare to low range Tesla. This car is a Tesla Killer, and sales shows it.",0,True
UgydDdEjA3KrEuQ6lCp4AaABAg,comment,gzHLv6rLSpQ,,False,@blalablu,Tesla is still the best,1,True
Ugx18tRNypnnpGiaa-d4AaABAg,comment,gzHLv6rLSpQ,,False,@johnogrady670,"70000 microphone🤔, lots of gimmicks not impressed.",0,True
UgwD77qqb2Li4bYfDYJ4AaABAg,comment,gzHLv6rLSpQ,,False,@helloitsme327,so funny to see conservative so mad at electric car and also china ,0,True
UgxibFE8VXWSHwFdvLF4AaABAg,comment,gzHLv6rLSpQ,,False,@mytran2135,Do they have stock in USA ?,0,True
UgwAF4q9yCyObrRH_0l4AaABAg,comment,gzHLv6rLSpQ,,False,@星云-i1c,It feels like you are in a tropical country. You are wearing so much. Isn’t it hot?,0,True
UgxEpY4l-KgI4R625M54AaABAg,comment,gzHLv6rLSpQ,,False,@dharmharylallsingh4559,Top video,0,True
UgxrKs5q3Nbsk55N8mt4AaABAg,comment,gzHLv6rLSpQ,,False,@Simone_85,And you know those guys and yeaahhh we meeting again congratulations.,0,True
Ugy-BBnutyceUZy4neZ4AaABAg,comment,gzHLv6rLSpQ,,False,@32488HD,I can totally say the magic words for the windows,0,True
UgythJ3E5n72b62GJmZ4AaABAg,comment,gzHLv6rLSpQ,,False,@arlindgolloshi5742,Best car i have ever owned,0,True
UgyfzFV0HmB4ykoJstB4AaABAg,comment,gzHLv6rLSpQ,,False,@CandelaZ,Wumaos in the comments,0,True
Ugz9TsfNAxYkAJWeE9h4AaABAg,comment,gzHLv6rLSpQ,,False,@Tgst-z2i,The best ev in the world,1,True
UgzWZuuH15fzdvAuYJJ4AaABAg,comment,gzHLv6rLSpQ,,False,@vanjabobic5791,"This car is 55k in Germany now. Half the price of Model S. 
Days when Chinese made sub quality products is long gone. Watch out Germans. 😊",0,True
UgzoN6r-lDabyky5VVh4AaABAg,comment,gzHLv6rLSpQ,,False,@gatslak,"Strange, you made a review, but you missed telling the most important information for any electric car, the range in kms/miles.",0,True
UgybqovZg0x_msUlY2x4AaABAg,comment,gzHLv6rLSpQ,,False,@badam1814,"Maybe the colors are a factor, but I think the car looks cheap.",0,True
UgzdHYSj3nK_LQ2XyCp4AaABAg,comment,gzHLv6rLSpQ,,False,@Lovely-GUINEA-PIGS-AREA51,After TESLA,0,True
UgwgKnNsR1uI7265_3J4AaABAg,comment,gzHLv6rLSpQ,,False,@mrbungle112loser5,"USA is afraid to bring this beautiful car there.!!!
It will destroy the market but it would be better for buyers cause they would have no choice but to lower the prices of there cars selling there..
Go china..!!",0,True
Ugz69mJ755QTkd7TKux4AaABAg,comment,gzHLv6rLSpQ,,False,@kcpingleKaraoke,Can you plug in a THREE phase AC charger INTO it ? Say 11 kw or 22 kw 3 phase ?,0,True
Ugwi8wFORtyyHH85hD14AaABAg,comment,gzHLv6rLSpQ,,False,@NowyKurs,What about the safety of this car in a crash test? I guess the microphone would be the aspect of this neither the design. Get some real car review and not a morron burger 🍔 talk.,0,True
Ugz6dsuIrXRUV4_XW7N4AaABAg,comment,gzHLv6rLSpQ,,False,@ChinesecarWEN,"Вы можете узнать больше об этом автомобиле здесь, просто отправьте мне сообщение. Вот компания в Китае, которая может предоставить вам лучшие китайские автомобили! Лучшие сроки, лучший сервис. Добро пожаловать к сотрудничеству.",0,True
UgzdB09lYH_y27UMGNF4AaABAg,comment,gzHLv6rLSpQ,,False,@self-examination,"How much does it cost in your country? In China you can get a much  better car for same money. I think BYD is just like Nokia in 2009, which won't be the king in the future.",0,True
UgyY3ZZTq5lUkkobSc94AaABAg,comment,gzHLv6rLSpQ,,False,@self-examination,It's the best selling car but not the best car in China(In terms of cost performance).,0,True
UgyJ-WBqRRfclirH_Jt4AaABAg,comment,gzHLv6rLSpQ,,False,@parajuri,Just watched ev car burning across china video and i came here😓,0,True
UgzZQNSQqP2_l_zIf2t4AaABAg,comment,gzHLv6rLSpQ,,False,@billw8476,"I DON'Twant any car made in china......period,",0,True
UgzELs5vinmI1NAgyh94AaABAg,comment,gzHLv6rLSpQ,,False,@Hakltz,Nice car…no dragon look to me….that’s a real stretch,0,True
UgwlUSkWLcdt-M4zogd4AaABAg,comment,gzHLv6rLSpQ,,False,@Slavko-n5q,"How many kw?
How big is the battery?",0,True
Ugz4w27172ZRj11g2Qh4AaABAg,comment,gzHLv6rLSpQ,,False,@arcabuz,Chinese crap,0,True
UgwjbLtstEboy01ntnZ4AaABAg,comment,gzHLv6rLSpQ,,False,@donaldliu,Enjoyable vlog and awesome experience...cheers,1,True
UgyqXhFxzxi_l4qvNed4AaABAg,comment,gzHLv6rLSpQ,,False,@Sunil.Krishna,"What if we could make infotainment system detachable and could use like a tablet then.
.",0,True
UgyeRLG36I2TC3huBGl4AaABAg,comment,gzHLv6rLSpQ,,False,@hardwaysun,"How can you get it in California, I want have one",0,True
Ugxttm6VAKC0E3y-VXV4AaABAg,comment,gzHLv6rLSpQ,,False,@johosjjo2346,Watching this made me realised why US has to sanction China. Because China companies will bankrupt all their companies with cars this good and affordable,0,True
Ugwf0rP6Waew5m3gKa54AaABAg,comment,gzHLv6rLSpQ,,False,@pandalover3556,You’re not telling about the cars catching on fire in China.,0,True
Ugxsjb6Ie4VIvG1tl-54AaABAg,comment,gzHLv6rLSpQ,,False,@argrocho,https://www.youtube.com/watch?v=qKa8mVOe5so&t=465s,0,True
UgxONy9-MHMnj1RoreJ4AaABAg,comment,gzHLv6rLSpQ,,False,@bigmon5870,"Seems like BYD is producing some really hot products.
https://youtu.be/yOA7qKMcjcE?si=VgdFLd2IYYVAvuFj",0,True
Ugw_2nbVN2cUpKWDa2p4AaABAg,comment,gzHLv6rLSpQ,,False,@Zhongwen-m8r,"The U.S. government says the Chinese car could endanger U.S. national security, so it can't come to the United States.",0,True
UgzydOz8AbmdTU3_bE94AaABAg,comment,gzHLv6rLSpQ,,False,@T.E.N-85,You need your facts to be checked.,0,True
UgzCveL74zt8be3TEyt4AaABAg,comment,gzHLv6rLSpQ,,False,@AndyFoo-m4g,love it and i will get one later,1,True
UgyFfgxsz9pjAmx2xHZ4AaABAg,comment,gzHLv6rLSpQ,,False,@ROGPhoneROGXboxAllyXuser,BYD = Build Your DUMP! 💩,1,True
UgwhvX8N4uI9pu0vpTJ4AaABAg,comment,gzHLv6rLSpQ,,False,@johnsun3619,这是2021款的车，2022冠军版的更好。另外你可以关注问界M5和问界M7，问界可以自动驾驶,0,True
UgxKg-8gSQG7Np7GRgV4AaABAg,comment,gzHLv6rLSpQ,,False,@alvinbijoy9930,Now day China give best quality in low price❤,0,True
Ugxp3-g6r_332rwwikp4AaABAg,comment,gzHLv6rLSpQ,,False,@reshabrai453,That dragon represent asia continental,0,True
UgwNKo21Hn5-DlTytMJ4AaABAg,comment,gzHLv6rLSpQ,,False,@knightking2036,It's a spy car,0,True
UgyJt3YVbn19JT-WRQB4AaABAg,comment,gzHLv6rLSpQ,,False,@ĎẹĵäPüĥ,Ginah😂,0,True
Ugwp72mtKX9WATfLvPN4AaABAg,comment,gzHLv6rLSpQ,,False,@jtkrpm1,Ban EV’s,0,True
UgwNXDRONWlV9FBCmkd4AaABAg,comment,gzHLv6rLSpQ,,False,@farmerfarmerer3847,"BYD includes their PHEV in their sales. So, No,  Tesla sells more BEV.",0,True
UgzlDPmh_lqBEEvSgot4AaABAg,comment,gzHLv6rLSpQ,,False,@joemartinez4611,"Here you are only demonstrating how beautiful this vehicle can be but what you are not seeing in the long term profitability. MAINTENANCE, spare parts, services and not everyone HAS access to this.. IT IS NOT WORTH BUYING CHINESE CARS. THEY ARE DISPOSABLE. You still have a lot to learn about this type of technology.",0,True
UgzqkUdhksG3SRQa4kJ4AaABAg,comment,gzHLv6rLSpQ,,False,@D121346639m,you are promoting a Chinese Communist Party's  company. Shame on you!,0,True
UgxMi7wrvRUeqxPtvSx4AaABAg,comment,gzHLv6rLSpQ,,False,@fredlin6303,"I'm sure its a good car but there are reasons why they are 'best sellers'
https://youtu.be/1SEfwoqKRU8?si=MlXn-pqojHk-EYFt",0,True
UgxMi7wrvRUeqxPtvSx4AaABAg.9u5WlxE5CGl9uSnQsqC9F7,comment,gzHLv6rLSpQ,UgxMi7wrvRUeqxPtvSx4AaABAg,True,@imliterallycrying,Who’s watching this South African guy😅he’s like the most biased disgusting YouTuber I’ve ever seen,0,True
UgxIgsIkgMhil3OYF6V4AaABAg,comment,gzHLv6rLSpQ,,False,@trevorjames2675,"To correct you if you haven’t been, that was BYD total car sales you mentioned. They have yet to pass Tesla for #1 ev sales. BYD also sells hybrid cars which has the majority of their total car sales.
This year however they my beat Tesla on total ev sales.",2,True
Ugzbzy22E1Bix-UNPfl4AaABAg,comment,gzHLv6rLSpQ,,False,@KCTsangKen,The biggest problem with BYD is that I really wanna buy one but can't find it in Canada,52,True
Ugzbzy22E1Bix-UNPfl4AaABAg.9too_1itkJ69vPYHbC7ISg,comment,gzHLv6rLSpQ,Ugzbzy22E1Bix-UNPfl4AaABAg,True,@カビス4,the govenments of western are anti-chinese..that why it's unavalable.. but world best EV manufacture is china..sad to see,1,True
Ugzbzy22E1Bix-UNPfl4AaABAg.9too_1itkJ69xaRHHEcMxO,comment,gzHLv6rLSpQ,Ugzbzy22E1Bix-UNPfl4AaABAg,True,@jimmielin1141,Canadian government needs US governments permission to import this car(national security reasons),14,True
Ugzbzy22E1Bix-UNPfl4AaABAg.9too_1itkJ69y5VL-LuzBZ,comment,gzHLv6rLSpQ,Ugzbzy22E1Bix-UNPfl4AaABAg,True,@jvs333,"@jimmielin1141""national security"" is the U.S. ""blanket excuse"" for everything that they can't compete in. Just ask Huawei, today 5G is the norm, already developed 6G and are finalizing 7G technology.
The real reason was Huawei wouldnt allow the U.S. government back door access to their phones and technology which the U.S. could use to reverse discovery of their technology (to steal it). 
BYD and other Chinese EVs are a threat to the U.S. auto industry.",0,True
Ugzbzy22E1Bix-UNPfl4AaABAg.9too_1itkJ6A0DCfwLcP1Q,comment,gzHLv6rLSpQ,Ugzbzy22E1Bix-UNPfl4AaABAg,True,@luissalazar3807,@jimmielin1141so Canada is just the USA but with extra steps,7,True
Ugzbzy22E1Bix-UNPfl4AaABAg.9too_1itkJ6A2HHYAmLFsX,comment,gzHLv6rLSpQ,Ugzbzy22E1Bix-UNPfl4AaABAg,True,@black.bird.,@jimmielin1141 wtf,0,True
Ugzbzy22E1Bix-UNPfl4AaABAg.9too_1itkJ6ADqCBDcPIdf,comment,gzHLv6rLSpQ,Ugzbzy22E1Bix-UNPfl4AaABAg,True,@rik9833,​@jimmielin1141Bullshit reasons. Fuck the American car companies 😂 they need real competition. Byd is a dragon.,0,True
Ugzbzy22E1Bix-UNPfl4AaABAg.9too_1itkJ6AEIIf0wTRCJ,comment,gzHLv6rLSpQ,Ugzbzy22E1Bix-UNPfl4AaABAg,True,@Sebastian-p6k9k,American “free market”😅,1,True
Ugzbzy22E1Bix-UNPfl4AaABAg.9too_1itkJ6AG6gpQB_7RC,comment,gzHLv6rLSpQ,Ugzbzy22E1Bix-UNPfl4AaABAg,True,@fonkamex,Not anymore. There is a real possibility now to make things in Canada that the US would not allow because we are having a trade war and Trump is a menace for Canada,0,True
UgwT25IFGapNOCdsSrl4AaABAg,comment,gzHLv6rLSpQ,,False,@Vipcioo,"Why does none of the reviewers say that BYD's are very famous for the fact that even brand new ones very often catch fire without any external cause.
You only say to enjoy gadgets, not to mention the real danger to the owners and the environment.",0,True
UgwT25IFGapNOCdsSrl4AaABAg.9toKDzbYHuk9uv7qqks8hh,comment,gzHLv6rLSpQ,UgwT25IFGapNOCdsSrl4AaABAg,True,@剑十四,我都开了四年60000公里了，唯一一次维修是爆胎😅,0,True
UgySJVRZQ3p7DsLe7Cd4AaABAg,comment,gzHLv6rLSpQ,,False,@Grasklipparmannen,Amazing car only downside emissions from chinese production and coal power plants,0,True
Ugw4XAH6QjToECaWiT94AaABAg,comment,gzHLv6rLSpQ,,False,@rockstarkid505,Does it come with ramen cup.noodles  ?,0,True
UgxROLXhAIC9FiqpDqF4AaABAg,comment,gzHLv6rLSpQ,,False,@KalambaMusic,What about lucid air ? 😢,1,True
UgwsBRRwC_pA8yhOKuB4AaABAg,comment,gzHLv6rLSpQ,,False,@MarcusHalberstramVP,These cars have one small defect - they tend to combust into a fireball.,0,True
UgyeZs2KXajAMwwdZmh4AaABAg,comment,gzHLv6rLSpQ,,False,@6X00X6,made in china😂,0,True
UgyeZs2KXajAMwwdZmh4AaABAg.9tRIVUxRfOe9tY94mVGVmj,comment,gzHLv6rLSpQ,UgyeZs2KXajAMwwdZmh4AaABAg,True,@elimlinrr6898,"same with Tesla's batteries, made by BYD 😂",2,True
UgwC9Cmtv0nh4GE53MF4AaABAg,comment,gzHLv6rLSpQ,,False,@AZTechLabs,These things catch fire constantly. Worse company ever. Absolute garbage. Look up serpentza's real review,0,True
Ugz1kyhWxrpM-mvEbcV4AaABAg,comment,gzHLv6rLSpQ,,False,@carlsmith5545,"This car offers a range of 251 miles and the ability to keep moving dosent exsist. They can keep it. Im getting ready to to buy the Jaguar XJl which has a range of 500 miles and with a 7 minute fueling time, i can keep moving, I dare anyone to take this car on a 830 mile trip. Keep all the fancy extras, which does nothing but give rise to the price.",0,True
UgwGedBcMCjEUDYv1DF4AaABAg,comment,gzHLv6rLSpQ,,False,@pepsichen9684,"Quality ? iPhone is also made in China 😂, designed by apple. It’s all about cost.",1,True
UgxFmnG34qjaEEWaNgZ4AaABAg,comment,gzHLv6rLSpQ,,False,@agentscu11y,Did they sell 1.9M units  2022? no.     they sum  up  ev and plug-in hybird,0,True
UgzYufRGOdPxMgcM3D94AaABAg,comment,gzHLv6rLSpQ,,False,@novacolonel5287,"Disliked. No information about recharge times or battery capacity, or engine characteristics, and no information about the quality. Yeah, you like fancy-looking stuff, I got it. I doubt if you buy one of these new today, that it will still be in good condition in ten years. A Corolla or Camry will easily last two decades, or more if properly cared for. The Chinese will not catch up that fast.",0,True
UgxTp03bU8BzYVlrARx4AaABAg,comment,gzHLv6rLSpQ,,False,@Libra67jtc,"The chances of these vehicles been sold in the USA is very unlikely. Firstly they to cheap so that's major competition to the local industry. Secondly they will blame the Chinese  government for spying on customers through the cars AI( as if Tesla does not do it already). Thirdly,  it shows that BYD with its blade battery technology is so far ahead of the USA and other countries in producing affordable EV's for the middle class. China is doing far more than most G7 countries in the green movement as well with regards cleaning up its environment but the west always focuses on the negative. Well done to BYD.",13,True
Ugy7PoHLHFSpMfOG_qN4AaABAg,comment,gzHLv6rLSpQ,,False,@haozheng1563,"hahaha, I can’t imagine that you have to interact with it by Chinese 😂😂",0,True
UgxmFEjggSlTE_LED_54AaABAg,comment,gzHLv6rLSpQ,,False,@minnietoby,What is the range on it,0,True
Ugwkkjrb3P6t5WEy1gV4AaABAg,comment,gzHLv6rLSpQ,,False,@daverose4774,"Maybe you should be honest and tell people they catch fire 
Your not an honest man and obviously being paid to help sell death traps 
You are a discusting human being",2,True
UgxSR6wFJXHel-MtXGt4AaABAg,comment,gzHLv6rLSpQ,,False,@MIKEDIAMONDZ,You are CCP asset ... shame on you for  trying  to sell this crap to the world ...,1,True
UgxanxQmITSQ94qIeKd4AaABAg,comment,gzHLv6rLSpQ,,False,@trentr9762,best selliiing mobile fire bomb to ever be built!,0,True
UgxkxxNkDKl6Mw_dbKF4AaABAg,comment,gzHLv6rLSpQ,,False,@yvesng1730,"damn72,000 euro!! In mainland China is much cheaper which is less than 40,000euro for the top configuration",0,True
UgzN5CbjljXgpoRRqBx4AaABAg,comment,gzHLv6rLSpQ,,False,@pauldunshea2114,That is too brilliant! Wow definitely BYD it dude,0,True
Ugz1V_eFnnL_iqPsT8F4AaABAg,comment,gzHLv6rLSpQ,,False,@BorjaGiuria,I prefiere BYD HAN than mercedes s class,0,True
Ugymkv-cwYI9kGIRU954AaABAg,comment,gzHLv6rLSpQ,,False,@iHola2008,"What car operating system this boy is using? Huawei Harmony? If yes then the US will never allow BYD to enter plus the US will impose sanction on byd for ""NATIONAL SECURITY"" reasons.",0,True
Ugyvoogn3e2YVqrKoMV4AaABAg,comment,gzHLv6rLSpQ,,False,@64maxpower,Is the Firesuit come standard.  Go live in China with Winnie the Pooh,0,True
UgwwviF-jfx37F4qhZB4AaABAg,comment,gzHLv6rLSpQ,,False,@MISTERTOMTURBOO,crazy good car! BYD developes nice things! thanks for showing it to us! great display by the way✌✌✌✌✌✌✌✌,1,True
Ugw45aO_WQESfmgMcLZ4AaABAg,comment,gzHLv6rLSpQ,,False,@19paull,Still catches on fire !,0,True
UgyPlDxzfE8-LLINxEt4AaABAg,comment,gzHLv6rLSpQ,,False,@ajkua496,深圳很多BYD出租车都跑了40万公里以上了。而已电池效率还能到百分之80以上,0,True
Ugxk69rCngtqrAeD1ph4AaABAg,comment,gzHLv6rLSpQ,,False,@lastharvestPDR,"While he's giggling and raving over these cars, America is slowly losing her place as a world super power!!! (In every category)
Smh",0,True
Ugy0bONE2JsEbivSRFR4AaABAg,comment,gzHLv6rLSpQ,,False,@AurelienCarnoy,"On the clic bat picture.
What happened to the tree and the guy taking the picture we see in the reflexion?",0,True
Ugx33EHBo5aTu8P6t-R4AaABAg,comment,gzHLv6rLSpQ,,False,@yhic849,"as a chinese ,i recommend you dont buy this car.its not worthy",1,True
UgzzfIzneIyhtn8K58p4AaABAg,comment,gzHLv6rLSpQ,,False,@xuldevelopers,"Nope, when you think of ""built in China,"" you may envision something sparkling and shiny on the surface but rotten on the inside. That's precisely the surface you have demonstrated.",0,True
UgzsxqV_4h4yax2bXRd4AaABAg,comment,gzHLv6rLSpQ,,False,@e102g2,Surprised it didt go on fire like they do,1,True
UgzRo7jGL6SMZs0LZ8x4AaABAg,comment,gzHLv6rLSpQ,,False,@ioanbota9397,Realy I like this cars,0,True
UgxXEOwXfXgEsB-o8RJ4AaABAg,comment,gzHLv6rLSpQ,,False,@MohammedAhmed-wl5vs,The sound assistant is only available in Chinese language? Or you can change the sitting to be in English?,0,True
UgxQLZXdN1RMzkQ1B5x4AaABAg,comment,gzHLv6rLSpQ,,False,@DavidWestwater-vq6qy,This car companies closing factories. It just burn one of his factories for insurance money. It is leaving many thousands of its cars that are brand-new out in Open Fields to rock cuz it can't sell them. Can anyone say gigantic Ponzi scheme?,0,True
UgwFF_djmh41tjLAFOF4AaABAg,comment,gzHLv6rLSpQ,,False,@napobg6842,They are not leading in EV sales. They are comfortably behind Tesla. Hybrids are not EVs!,1,True
UgyNL66CQQgzvDqNu3R4AaABAg,comment,gzHLv6rLSpQ,,False,@ares679,Have fun with your exploding car 😂,1,True
UgyjEUoQ78KnRSfjZ0t4AaABAg,comment,gzHLv6rLSpQ,,False,@kembaraoverlandexplorer7689,"If you realise or not,China makes their product become better and better.

I had discussed with an automotive engineer from China,he said:
 'China don't care what people say about their car, but still making it better and better with an affordable price.'

And if you realise,some of your car parts are 'Made in China' or printed word with 'PRC'.
Please check...",0,True
UgxujFQu0QvXpDya3qN4AaABAg,comment,gzHLv6rLSpQ,,False,@joaopedrodantas2147,"we buy that one in Brazil, its way more cheap than a tesla",0,True
Ugy8JghGAfxPw1jQDFJ4AaABAg,comment,gzHLv6rLSpQ,,False,@24hrdiner,"Give it a year, tesla will kill BYD with self driving.",0,True
UgzsSdUXkKSH1g1DN5p4AaABAg,comment,gzHLv6rLSpQ,,False,@24hrdiner,Ugly,0,True
Ugx5OYYaFHEdeG9Ramp4AaABAg,comment,gzHLv6rLSpQ,,False,@Crazy--Clown,Why are so many catching on fire,1,True
Ugwyk1dI69fgsXpwKmF4AaABAg,comment,gzHLv6rLSpQ,,False,@defaultHandle1110,"It’s a good looking car. Software and autonomous driving is where it seems to be lacking, also charging network.",0,True
UgxdFfK7dTKsmXTgeV94AaABAg,comment,gzHLv6rLSpQ,,False,@MQT-,Why is there just 1 car being reviewed by many utubers ?,0,True
Ugxj86M5U4khYR72pr14AaABAg,comment,gzHLv6rLSpQ,,False,@wanzikry7608,"west dont understand,china just want to play at all level product quality..low quality they are biggest supply,then now mid and hi quality product and material just enter the market..so they are smart",0,True
UgxkZe0kKWjmy0lLIuN4AaABAg,comment,gzHLv6rLSpQ,,False,@dannyrs8437,Looks pretty cool!!,0,True
UgxIwIV0G1C9G-PhAOJ4AaABAg,comment,gzHLv6rLSpQ,,False,@1123-p1y,kara okey🤣,0,True
UgwEvkCYJL-8N1G9GX94AaABAg,comment,gzHLv6rLSpQ,,False,@gundam_Chaos,Lesson learmt: Never look down when asian making cheaper and better items.,0,True
UgxUtXYspk0AJl5Gzcp4AaABAg,comment,gzHLv6rLSpQ,,False,@aonodensetsu,casual chinese in the middle,0,True
UgxI1pbqBpCrQawYc-d4AaABAg,comment,gzHLv6rLSpQ,,False,@jasonzheng7436,"US Government will announce very soon, that BYD is backed by CCP/Chinese Government therefore posts a serious security threat to the rest of the Worlds and therefore be banned. Whatever US companies cannot compete against, Huawai, Dji, Tiktok, whatever, is a threat to free Worlds & Democracy.",0,True
UgwAtYyRqq4LZMNkBXl4AaABAg,comment,gzHLv6rLSpQ,,False,@defractal,"Somehow, there's no mention of the propensity to spontaneously ignite or fail to deploy airbags, nor of the artificial inflation of sales numbers: https://youtube.com/watch?v=qKa8mVOe5so",0,True
UgxEvUlkdzAAI3Uy2w14AaABAg,comment,gzHLv6rLSpQ,,False,@Llcoolj214,Wow can't wait for buying one in NA,0,True
UgzqIBMlTZWRebN3-Ih4AaABAg,comment,gzHLv6rLSpQ,,False,@Yuki-wv1mg,"but .... except China.... ROW don't speak Chinese, OMG useless voice control function for non Chinese speaker",0,True
UgzGc43caVkHsZjKFe94AaABAg,comment,gzHLv6rLSpQ,,False,@AR-rn8ok,They are not the number 1 pure ev seller. They sell non pure evs too. So the numbers are deceiving. It’s just a copycat company. This looks like a model s copy.,0,True
Ugwwzg7VA8c8g-Za23F4AaABAg,comment,gzHLv6rLSpQ,,False,@lhaaa1059,"NOT very cool. Fire is not very cool, you fraudster.",0,True
UgxzC4AMaPQ431W2KM14AaABAg,comment,gzHLv6rLSpQ,,False,@familyacct3367,"Lota of cool gadgets and looks but BYDs and other Chineses EVs are catching fire and exploding all over China. Axles and wheels fall off, they catch fire while parked or being charged, they stop working when only a few months old, air bags don’t deploy on major accidents, etc.",0,True
UgzDpfatxwKYv1ZFnHV4AaABAg,comment,gzHLv6rLSpQ,,False,@fjmj1980,"The best seller may be a farce, massive lots of sold BYD EVs have been found in China. They are registering the cars and listing them as sold but they just dumping them.  Turns out too good to be true is a good maxim to live by.",0,True
UgwfdQKTwNT2JMU24Gl4AaABAg,comment,gzHLv6rLSpQ,,False,@Justus2320,There is another Chinese car company called NIO. What really impressed me about their cars. Is that they have swappable car batteries which is really cool to me,32,True
UgwfdQKTwNT2JMU24Gl4AaABAg.9rM-0NLPswd9sFivWShX6Z,comment,gzHLv6rLSpQ,UgwfdQKTwNT2JMU24Gl4AaABAg,True,@colton6404,Nah B.Y.D has changed the game in China. Already. NIO in the late future maybe but B.Y.D. cars as re the new Teslas even tho China already has an increase of Tesla drivers.,1,True
UgwQ14TT7Qpq56twlfp4AaABAg,comment,gzHLv6rLSpQ,,False,@AchillesGeng,The price of maybach  in China is ten times higher than han,0,True
UgxrTHmYTidEcpp_F3J4AaABAg,comment,gzHLv6rLSpQ,,False,@jkchannel3149,"""Best Selling Electric Car""_ according to the Chinese statistic",2,True
UgyPcoedmjVZBEgDnZV4AaABAg,comment,gzHLv6rLSpQ,,False,@bambambino3532,Very cool car. If only it doesn't spontaneously combust.,1,True
UgzDDntSO3elKkEDO-t4AaABAg,comment,gzHLv6rLSpQ,,False,@nsebast,"It wont be available in USA and their vassal states because of ""national security"".",1,True
UgwNzwCwPL5np16avQF4AaABAg,comment,gzHLv6rLSpQ,,False,@TruthIs369,Don't be fooled they dump those cars in fields to rott,1,True
UgxOuEXzDhW7dCob9Tl4AaABAg,comment,gzHLv6rLSpQ,,False,@benw4401,This thing is a farce. There's probably fields of these things rotting.,0,True
UgzkPHSCLPJqIc26oqd4AaABAg,comment,gzHLv6rLSpQ,,False,@joeanon5788,Truth on BYD EV's https://www.youtube.com/watch?v=yOA7qKMcjcE,0,True
UgwcW_9ixe5bqwcfDD94AaABAg,comment,gzHLv6rLSpQ,,False,@Aircool58,"Beware, they are known in China for the batteries to self-ignite and the car burns down. It is not safe to keep in the garage.",0,True
Ugz8IPUygJDPKqoReIN4AaABAg,comment,gzHLv6rLSpQ,,False,@RazvanIDore,BYD = Buying Your Disaster,1,True
UgyD6p_2ahZ7VpaG7s14AaABAg,comment,gzHLv6rLSpQ,,False,@whitemoon5752,"I have Tesla model 3 and the suspension is too hard, air noise too loud, compared this to BYD Han Tesla model 3 just feels like driving a Toyota Corolla.",0,True
Ugwwb9qJHy5Hovg4evF4AaABAg,comment,gzHLv6rLSpQ,,False,@johnsmith-mp4pr,"fun fact, they stole there design from other companies :D",0,True
Ugz5DxzUWd2z_HkcfXB4AaABAg,comment,gzHLv6rLSpQ,,False,@redhongkong,byd producing their own battery makes it very competitive in pricing. thats how they dominate EV market,1,True
UgyI5cao2ek8O9GNMcF4AaABAg,comment,gzHLv6rLSpQ,,False,@f.vanderhelm598,Are these the famous chinese leftovers with great discounts that have been waiting for a year in a Chinese desert?,1,True
UgxboPyq2wcx3UjvbFd4AaABAg,comment,gzHLv6rLSpQ,,False,@nicolastseng,Glad to know you like BYD from Shenzhen China,0,True
UgwfpLy-KLJ8NE5fIJh4AaABAg,comment,gzHLv6rLSpQ,,False,@michaelchan1898,Thanks!,1,True
UgyNdaXf38dSdO7QJAZ4AaABAg,comment,gzHLv6rLSpQ,,False,@WickedScott,NO mention of the fires?  lol  https://youtu.be/yOA7qKMcjcE,2,True
UgxmntCySpoNeQUJQ3t4AaABAg,comment,gzHLv6rLSpQ,,False,@dominicano791,this is not the best selling EV. BYD litterally has fields of cars that the company bought to make you believe those are sales,3,True
UgxmntCySpoNeQUJQ3t4AaABAg.9qzYmAuRzo_A1SYmO3NFLQ,comment,gzHLv6rLSpQ,UgxmntCySpoNeQUJQ3t4AaABAg,True,@alcoyne3333333333333,Where is your prove ??  . But I do believe you because I worked is a major car company's storage place 10 years ago that did what you say all the time..,0,True
UgyVNjf-eIFGeFig5IN4AaABAg,comment,gzHLv6rLSpQ,,False,@mavfan1,https://www.youtube.com/watch?v=1SEfwoqKRU8.  How about this!,0,True
Ugxg4YHdF_2KZCIyCIJ4AaABAg,comment,gzHLv6rLSpQ,,False,@king_98_97,China is good! Look at your iphone box (written there made in china),0,True
Ugzi80eLM385lzDFXER4AaABAg,comment,gzHLv6rLSpQ,,False,@curvetrcalinga,Nothing wrong with EV but it’s not the same culture as the CAR CULTURE. EV culture  was greater by the government. Car culture now was created by people. Which one would you join?,0,True
Ugwr6pozjPYRgKpDSoB4AaABAg,comment,gzHLv6rLSpQ,,False,@justasitis1120,dude that is not a forehead that is a five head. Lol just kidding you look fine.,0,True
Ugwek83gytOdP_ICX6Z4AaABAg,comment,gzHLv6rLSpQ,,False,@nengwan5043,California plate?,0,True
Ugwx5Ml5CGHyCR5KXdN4AaABAg,comment,gzHLv6rLSpQ,,False,@Tim_Shu,Aren't these blowing up across China 😅🧯🧯🧯🧯🧯🧯🧯,2,True
Ugx7I1dnb1vFW1BIqp54AaABAg,comment,gzHLv6rLSpQ,,False,@AM-dq8on,Why would anyone want a Chinese made car?,2,True
Ugx7I1dnb1vFW1BIqp54AaABAg.9qroOnWZ2uC9quI9F8ySFO,comment,gzHLv6rLSpQ,Ugx7I1dnb1vFW1BIqp54AaABAg,True,@xutoby-n2f,是啊，为什么中国成为第一大汽车出口国呀？,0,True
Ugx7I1dnb1vFW1BIqp54AaABAg.9qroOnWZ2uC9quJfvtf4fC,comment,gzHLv6rLSpQ,Ugx7I1dnb1vFW1BIqp54AaABAg,True,@AM-dq8on,@xutoby-n2f I don't read that shit. Write English or nothing at all,1,True
UgxPqw40K38aTgCXzRl4AaABAg,comment,gzHLv6rLSpQ,,False,@AM-dq8on,That's BS. The Tesla model Y is best selling,1,True
Ugx6Zk6h9c92hE7Pabt4AaABAg,comment,gzHLv6rLSpQ,,False,@Watchandthink-1,"I love that Car if it was in USA, probably I would buy that one! And I Got Tesla just to let you know",0,True
UgzJVi1wLOuoZRRfEeB4AaABAg,comment,gzHLv6rLSpQ,,False,@Watchandthink-1,Bro that’s like Model S quality maybe even more 😳,0,True
UgyvZ_NkC5yT8ogmTqV4AaABAg,comment,gzHLv6rLSpQ,,False,@Watchandthink-1,I have no idea how 100 B company’s stock costs 34$ still 👀,0,True
UgzagQDMVeCIXiYEI_x4AaABAg,comment,gzHLv6rLSpQ,,False,@Watchandthink-1,Very cool car ! 👏👏👏👏,0,True
UgzbFHYQQZ4RQch-U5F4AaABAg,comment,gzHLv6rLSpQ,,False,@crypticTV,"9:55 its not China that was low quality, its the west that didn't wanna pay for high quality products from china",1,True
UgxiOy6Cdvr20nN8FX94AaABAg,comment,gzHLv6rLSpQ,,False,@But2Star,China will not sells these cars to US mainly because the US red tapes. Without US market it won't hurt BYD a single bit.,0,True
UgwTFnHztgg2QpJB4z94AaABAg,comment,gzHLv6rLSpQ,,False,@johnniewalker6865,I would not trust the numbers china gives. I've seen Tesla's everywhere they r so popular here in Australia,0,True
UgwM3YP6er9XiQk8NG14AaABAg,comment,gzHLv6rLSpQ,,False,@Hing.Dickson,"BYD trust of china brand car . I have one too😂
I gave up my Telstar lately. ..👎",0,True
UgyarhcIJd1ghpPwyrd4AaABAg,comment,gzHLv6rLSpQ,,False,@hatemsamady6342,say goodbye to ugly tesla which has very poor interior design 😒,0,True
UgwZiqFrT0JFZ9XpzZ54AaABAg,comment,gzHLv6rLSpQ,,False,@XavierAway,"all the fake grill bits, blue ""daytime lights"" and the motto written in full on the back gives this expensive luxury car a tacky cheap appearance sadly.",0,True
UgwPFS2NWzFmzmhl1cx4AaABAg,comment,gzHLv6rLSpQ,,False,@nachonati4907,Everyone in this comment section is a bot,0,True
Ugw31bJOUsU0nsbRY2p4AaABAg,comment,gzHLv6rLSpQ,,False,@jk8897,Yes China has come a long way of stealing basically every intellectual property.,0,True
Ugzf-39D-ga1RS--GYJ4AaABAg,comment,gzHLv6rLSpQ,,False,@dealstobid,BYD needs a better branding name in my opinion 😅,0,True
Ugw571kmt2fm1sylwkl4AaABAg,comment,gzHLv6rLSpQ,,False,@supremekiwi2670,where did you buy this car?,0,True
UgyeYvADMiXeDp2aKKp4AaABAg,comment,gzHLv6rLSpQ,,False,@gunterstahn5718,"You should not buy the Byd or any Chinese owned product. Simply, because if you buy these brand or any other Chinese owned product, you support the Evil CCP ( Chinese Communist Party). Every money sold a Chinese owned product gues into weapons building to fight the world incl Taiwan. The CCP tried to take over the world. There would be no more Democracy. Do you want that?",1,True
UgyeYvADMiXeDp2aKKp4AaABAg.9qdJdbw_O9i9quIW38aIiE,comment,gzHLv6rLSpQ,UgyeYvADMiXeDp2aKKp4AaABAg,True,@xutoby-n2f,对了，对了，就期待这样的回复，终于来了,0,True
UgxUg95R_CkD1PDhzDF4AaABAg,comment,gzHLv6rLSpQ,,False,@bizzz.R,Blade Battery might be it,0,True
Ugye-1vjQB2a-bcxfjJ4AaABAg,comment,gzHLv6rLSpQ,,False,@cantonesedessertalex,"BYD HAN is selling at USD25,400 for the newest lowest model, but the range can be still 500KM, price USD31,000 for 600km range. It is predicted that the price will drop more by end of this year!",7,True
UgwVgaLFvCjdyZbf58t4AaABAg,comment,gzHLv6rLSpQ,,False,@Mr-bh7rl,BYD销量不错，仅次于特斯拉。在中国，人们还是偏向于特斯拉。,0,True
UgykERfO-CtViN7e7i14AaABAg,comment,gzHLv6rLSpQ,,False,@dougpassat,Wow is this a shill video.,0,True
UgyO1uHXstUr1PtVA454AaABAg,comment,gzHLv6rLSpQ,,False,@ThePhilangeli,"BYD sold 1.9 M vehicle that includes all cars including half BEVs: 911,141 less than Tesla 1.3M
PHEVs: 946,238. Let’s see how many of the Han they sell in 2023.",0,True
UgwswU5iNTgX_9J5k1Z4AaABAg,comment,gzHLv6rLSpQ,,False,@isuruthiwanka2595,Waiting buy in Mexico,0,True
Ugx2spudPrkDN96WIwt4AaABAg,comment,gzHLv6rLSpQ,,False,@ionelcumpataa5776,Polstar 3 and 4 way cooler,0,True
UgwjuLJq7vdFBvbyEsl4AaABAg,comment,gzHLv6rLSpQ,,False,@jding1573,"Don't forget BYD was the largest face mask maker during the COVID periods. BYD built face mask production lines from zero experience in 1 month, and 100m  face made every day.",0,True
UgyFo3tDYxFuLEIOuOh4AaABAg,comment,gzHLv6rLSpQ,,False,@Vegas.92,Seen these on fire alot lately 😂,0,True
Ugz0lrHqmdsw8Uot3Lh4AaABAg,comment,gzHLv6rLSpQ,,False,@specialcookday,Do U get free full family amount of Adidas Lite racer 2.0 BYD  shoes?  🤣🤣🤣🤣🤣🤣🤣🤣🤣🤣🤣🤣🤣🤣🤣🤣🤣,0,True
UgwJnYWoNSrrlQb4Yih4AaABAg,comment,gzHLv6rLSpQ,,False,@AndyLiu-lb4ng,The tariff would be up to 30% or something. US is tryting to stop the Chinese innovative tech flooding into the country. I´m afraid it would take so long for BYT getting deep into the US market while the rest of the world witness its showing around  much earilier.,1,True
UgxtX8iJ2G63u8iWVeZ4AaABAg,comment,gzHLv6rLSpQ,,False,@ericperdon2450,"In deed, asian loves karaoke. Can't wait to have that car model in Philippines....",0,True
Ugwokwa21nDzUUlolQB4AaABAg,comment,gzHLv6rLSpQ,,False,@gogogogo6664,I like it BYD ❤❤,0,True
UgzA-CYEumgWxg5t-w94AaABAg,comment,gzHLv6rLSpQ,,False,@Hoa240,In Chinese market only. We hate everything made in China.,2,True
Ugx2_EoD2H64Wmeybld4AaABAg,comment,gzHLv6rLSpQ,,False,@johnpandolfino8663,"It's not the camera dude it's your forehead..... it's huge
Cool car....seems a bit gimmicky",0,True
UgysUZZxXEZVd8TTPrR4AaABAg,comment,gzHLv6rLSpQ,,False,@HalfLife-s5l,"How much they paid you for this review? I would open my window myself, cause I don't speak Chinese.... So this review s.cks, as you do...",0,True
UgxuUCpYlJLG00IvsVB4AaABAg,comment,gzHLv6rLSpQ,,False,@klarkewang,"If you have access, definitely by byd over Tesla.",0,True
UgzZZUy7aXIIJzH95aR4AaABAg,comment,gzHLv6rLSpQ,,False,@marktrinidad7650,Cannot wait for the sanctions coming in the US. BYD will learn it the hard way.,0,True
Ugy3UcqC08E9RVOPCOV4AaABAg,comment,gzHLv6rLSpQ,,False,@Banana-wb7bp,you must be the worst car reviewer out there,0,True
Ugz_hwJewpITjisqzH14AaABAg,comment,gzHLv6rLSpQ,,False,@hermankelopak3210,"bring BYD Atto 3 to Indonesia, lets go BYD",0,True
UgxJfgfhZnZ10kfKsKl4AaABAg,comment,gzHLv6rLSpQ,,False,@xX01X01x,BYD is on🔥https://www.youtube.com/watch?v=qKa8mVOe5so 😱,2,True
UgwWMYd10uoaIXorM9F4AaABAg,comment,gzHLv6rLSpQ,,False,@kenpachi2756,Fun fact - BYD has been plagued with several battery fires on that particular model and other models in the name.. Why don't you mention that or are you getting paid to only say what appears to be good.. 👎🏼👎🏼👎🏼👎🏼👎🏼👎🏼👎🏼👎🏼👎🏼👎🏼👎🏼👎🏼👎🏼👎🏼👎🏼,1,True
UgyDEGTG1mMWiaYMXfR4AaABAg,comment,gzHLv6rLSpQ,,False,@BeZRules,tesla copy,0,True
UgznC7tfJixkwXEgUVt4AaABAg,comment,gzHLv6rLSpQ,,False,@Pamubaaaa,China 👍👍👍,0,True
UgwxqBwclLQM5dOnT8R4AaABAg,comment,gzHLv6rLSpQ,,False,@blz267,"wow what a hot car...so hot that is burning all around China, what a reliable company👍",0,True
UgzldEhyr4lRp2xOxKZ4AaABAg,comment,gzHLv6rLSpQ,,False,@darrensmith9846,"Except Hybrids are just GAS cars with a tiny battery, half of byd's sales are HYBRIDS.",0,True
Ugzk1lcOrjlL5rJha7h4AaABAg,comment,gzHLv6rLSpQ,,False,@jinliu1198,"The best design feature of this car is the ""汉"" character in the front grill.",0,True
UgxqPD9f6yuL94OciI94AaABAg,comment,gzHLv6rLSpQ,,False,@antasosam8486,"Cheap tasteles interior,  sequel exterior.",1,True
UgzQogAYX_U_0ocqiWh4AaABAg,comment,gzHLv6rLSpQ,,False,@reptilexcq2,North Ameri-c-u-n-t-s want to play politics instead of making people's life better.  These beautiful cars from China are more than affordable for the average citizens if they removed the tariffs.,0,True
UgzQogAYX_U_0ocqiWh4AaABAg.9q9QcHexcBU9qQWbo8gI5k,comment,gzHLv6rLSpQ,UgzQogAYX_U_0ocqiWh4AaABAg,True,@odisy64,We don't want cars from a country with lower safety and meterial standards,0,True
UgxcB7I8UdvWnYJwfkN4AaABAg,comment,gzHLv6rLSpQ,,False,@alsetalokin88,"when the market demands cheap low quality stuff, china makes and supplies them. when the market demands high quality cheap stuff, china also delivers. the western anti china propaganda are just nauseating to say the very least",0,True
UgxqHvSeXPlA85yIj_l4AaABAg,comment,gzHLv6rLSpQ,,False,@leonlionheart5927,Beautiful designed car but I think for Europe too pricey,0,True
UgzjArGHi6VwOq4zU0N4AaABAg,comment,gzHLv6rLSpQ,,False,@ricardcrivillers7173,"Chinese will dominate the world, and we will end up living poorly like them. Nice product with price killing competitors",0,True
UgwgmrUID78k5lUV7v54AaABAg,comment,gzHLv6rLSpQ,,False,@christopherhartley6900,"It's not the world's leaving EV company by sales; it sells hybrids and EVs, when you only counts EVs Tesla sells the most EVs. Get your facts straight man.",0,True
UgybCpuRY_loc1yYep54AaABAg,comment,gzHLv6rLSpQ,,False,@alyciawang2892,Thank you,0,True
UgxsJQc4U9iH7JDsIo94AaABAg,comment,gzHLv6rLSpQ,,False,@dickriggles942,"I'm still not getting why people think EVs are the future. I mean, I love my new tech and all, but when I refuel in two minutes on lunch and then drive somewhere and see a family recharging an EV, waiting outside in the hot sun because they don't want to wait longer because they have to turn the AC on, that's just stupid. For like an hour. I feel like these cars are a scam and the companies pushing EVs are taking advantage of very gullible people.",0,True
UgxNAzQpAlqfdl446Hp4AaABAg,comment,gzHLv6rLSpQ,,False,@asmeekens2942,Very nice car but for me no cars from China because they don't respect the human rights and threaten to attack Taiwan.,0,True
UgxNAzQpAlqfdl446Hp4AaABAg.9poLyifmioa9ppiImcDOoN,comment,gzHLv6rLSpQ,UgxNAzQpAlqfdl446Hp4AaABAg,True,@jianfengwu7502,😅😅😅,0,True
UgzTMe0FGnAhIah8Wjh4AaABAg,comment,gzHLv6rLSpQ,,False,@hmong8305,王老板太黑了！这车在广州只要不到25万人民币， 你在欧洲卖50多万！厚道点好不？,0,True
UgxmPgv-jRanB27474d4AaABAg,comment,gzHLv6rLSpQ,,False,@igrvks,The rear badges better have the deletion option from the factory.,0,True
UgzIM0LN-q6GaMQg1S14AaABAg,comment,gzHLv6rLSpQ,,False,@TecnamTwin,The Tesla Model Y is the best selling EV model on the planet by a lot - Objectively.,0,True
UgwINrqvK5B7uJlUJvl4AaABAg,comment,gzHLv6rLSpQ,,False,@noCOtwo,not anymore,0,True
Ugx_NK-0f3POAzeHNFt4AaABAg,comment,gzHLv6rLSpQ,,False,@Novartus,"In my opinion, Tesla appears to be a more advanced and superior product compared to the one being referenced, which seems to resemble a typical Chinese imitation.",0,True
Ugylc1ClYtx-8Vv0oQR4AaABAg,comment,gzHLv6rLSpQ,,False,@must205,"Western countries should avoid buying these cars at all costs. Chinese companies are all under the control of the Chinese government... which is not a democracy.... so while you may think it's a car... Just know that it's a huge group of microphones, cameras, etc.... I'll leave the rest to your imagination.",0,True
Ugy4V4ASqPEkK7wJ_Qh4AaABAg,comment,gzHLv6rLSpQ,,False,@nottmfunguy,Looks dreadful. I noticed that EV design is generally awful. I would never go electric.,0,True
Ugy5H-iJIThKTwEMIkJ4AaABAg,comment,gzHLv6rLSpQ,,False,@jfb112697,ppl that think made in china means bad quality are so stupid. china makes everything. bad quality good quality cheap expensive literally everything,0,True
UgyW1KLhr61IhQqT6k14AaABAg,comment,gzHLv6rLSpQ,,False,@ramondchan4563,Are we going to see this in U.S.?,0,True
Ugxm3mUKsQ_6W7TuM8B4AaABAg,comment,gzHLv6rLSpQ,,False,@randyyeh7576,Looks like a tesla ngl,0,True
UgxSIRxCYnlBr3zXd2t4AaABAg,comment,gzHLv6rLSpQ,,False,@daisymartinic4445,Forgot to mention the mileage range.,0,True
UgwA3UWc_y_yiXx2hWp4AaABAg,comment,gzHLv6rLSpQ,,False,@東尼-p6y,cool👍,1,True
UgyXVPMA27er6suxN494AaABAg,comment,gzHLv6rLSpQ,,False,@samplicevida6329,Fuc  kkkk Elektrik cars is shit,1,True
Ugzjqv3Dsk-SGWGsy5t4AaABAg,comment,gzHLv6rLSpQ,,False,@TV19933,really   excellent   car,0,True
UgwOZXi5f_EV6GhejO94AaABAg,comment,gzHLv6rLSpQ,,False,@ZenLH,Awesome 👍👍👍👍,0,True
Ugx_Mz060WCJP5Dy1p54AaABAg,comment,gzHLv6rLSpQ,,False,@must205,It's not a car... it's a spying machine.,1,True
Ugx_Mz060WCJP5Dy1p54AaABAg.9pJt4WzmbY_9pYrPGKDUmU,comment,gzHLv6rLSpQ,Ugx_Mz060WCJP5Dy1p54AaABAg,True,@shanhhanbaieryu,哈哈哈，我们都互相收到媒体左右我们的想法,0,True
Ugx_Mz060WCJP5Dy1p54AaABAg.9pJt4WzmbY_9pZ7a-o4obB,comment,gzHLv6rLSpQ,Ugx_Mz060WCJP5Dy1p54AaABAg,True,@must205,@shanhhanbaieryu and Xi Jinping...,0,True
Ugyc4Ybd6w8W92nj-H54AaABAg,comment,gzHLv6rLSpQ,,False,@muckee06,Looks like an S-class from Alibaba.,0,True
Ugwe6jU3OrekCmm_Dft4AaABAg,comment,gzHLv6rLSpQ,,False,@sferris33,Looks good. BYD is the Chinese Toyota. Does it have Android auto and Apple CarPlay?,0,True
Ugwe6jU3OrekCmm_Dft4AaABAg.9pI_FA8OhDg9pYrZgZ5iGD,comment,gzHLv6rLSpQ,Ugwe6jU3OrekCmm_Dft4AaABAg,True,@shanhhanbaieryu,有，中国车的软件和车机很不错，刚刚大众把整个车机部门全部辞退了，就是因为一个月前来上海车展看到了自己的不足,0,True
UgwAZGcF_I6uVYr7KV54AaABAg,comment,gzHLv6rLSpQ,,False,@peterwilliams7335,I would buy this car as soon as it is available in the U.S. or in Canada.,2,True
UgwAZGcF_I6uVYr7KV54AaABAg.9pI6opDqGvm9pYrpDNQjGY,comment,gzHLv6rLSpQ,UgwAZGcF_I6uVYr7KV54AaABAg,True,@shanhhanbaieryu,特斯拉可以来中国，但是BYD不一定会去美洲，美洲没有那么“自由”，CEO去到就会被抓吧😂就像华为，我猜它们暂时不会去,1,True
UgwAZGcF_I6uVYr7KV54AaABAg.9pI6opDqGvm9qqZuNgn7Z7,comment,gzHLv6rLSpQ,UgwAZGcF_I6uVYr7KV54AaABAg,True,@peterwilliams7335,"@shanhhanbaieryu You mean the US has fake freedom?  The US is a dictator that imposes others to do what it wants others to do in order to maintain its superiority and world domination position at the expenses, misery, suffering and destruction of others including China?",0,True
Ugz_5TQGQ15cNexbSAt4AaABAg,comment,gzHLv6rLSpQ,,False,@udoykhan1064,If it's cost 35k usd but we Bangladeshi people got this car like75k to 80k usd (for the gov tax policy),0,True
Ugz_5TQGQ15cNexbSAt4AaABAg.9pGKzMMUXC09pYs7Wj_5o6,comment,gzHLv6rLSpQ,Ugz_5TQGQ15cNexbSAt4AaABAg,True,@shanhhanbaieryu,在中国交完税后上完车号牌后的全部费用是大概不到35000美元，估计出口会贵一点，现在很多选择本田雅阁丰田凯美瑞的用户被电动车抢走了。,0,True
Ugw_eRVFC-eyVa2_d3J4AaABAg,comment,gzHLv6rLSpQ,,False,@jc080996,I am really interested on how you get this car registered in California. Please share the information!!!,3,True
UgxcNQwDIREv813nQBx4AaABAg,comment,gzHLv6rLSpQ,,False,@tonypeng1815,"BYD Han is price at 38,000 USD not 72,000 Euro",0,True
UgwOhp57lPEBswl_bRl4AaABAg,comment,gzHLv6rLSpQ,,False,@michaeldobosh9640,America will never let them sell byd in usa,0,True
UgwTlKqq-xoYONuHFzl4AaABAg,comment,gzHLv6rLSpQ,,False,@fitimmaliqi1323,"Not that important, but Razr phones were a thing in mid-2000s 😊",0,True
UgwTlKqq-xoYONuHFzl4AaABAg.9pCxsYMTWwx9pYsHNsO7Hf,comment,gzHLv6rLSpQ,UgwTlKqq-xoYONuHFzl4AaABAg,True,@shanhhanbaieryu,我有一个摩托罗拉V3ie😂那就是那个年代的14pro Max,0,True
UgzYspczNKol_5TMj7d4AaABAg,comment,gzHLv6rLSpQ,,False,@aleh3627,This feels more like paid sponsorship than a review.,0,True
UgyGfE7TnY4XJhD90kJ4AaABAg,comment,gzHLv6rLSpQ,,False,@ernieb820,"It's OK. Not bad, but not a Tesla",0,True
UgwmKfdwyxeVfALJpIJ4AaABAg,comment,gzHLv6rLSpQ,,False,@Calvin_lifecoach,"I simply loved it! I should get one here in Canada if possible, Thanks for the video!",4,True
UgzYKXdNygB7fzZkbnN4AaABAg,comment,gzHLv6rLSpQ,,False,@christianpaulroldan4010,"You guys only feature the outside apperance and functions but never check whats underneath even the chassis, the weld works and everything that is hidden from the eyes. Even the battery if it is stil flammable or not. . That maybe cheaper and made very quickly but it comes with a compromise for some quality build on their components underneath. Like airbag or chassis rigidity, sensors.",1,True
UgwRA3zGdvInFRNux2J4AaABAg,comment,gzHLv6rLSpQ,,False,@jasonhoo7372,"wow byd car is amazing, made in china alrdy take over tesla in just 3 years, is time for elon musk to step down",0,True
UgyHnD1Z1mwWGZ4iXA14AaABAg,comment,gzHLv6rLSpQ,,False,@christianpaulroldan4010,They should have put a power socket inside the car instead of using the charging port outside.,0,True
Ugyp8qloIuh9EdeiByZ4AaABAg,comment,gzHLv6rLSpQ,,False,@kzdhcster,where did you buy this car? ,0,True
Ugwqedzfoe2Y_xjJKYd4AaABAg,comment,gzHLv6rLSpQ,,False,@fishegeo747,I would like to see the side by side comparison between BYD and Tesla. Why BYD is outsold Tesla?,2,True
Ugy1EAMbjVlAgJ0U-jB4AaABAg,comment,gzHLv6rLSpQ,,False,@Anil_Dikshit,Now the BYD YangWang U8 is the New Kid on the Block.,1,True
UgxfKL-0no6gwoOck794AaABAg,comment,gzHLv6rLSpQ,,False,@leochen1960,you're no blondie... LOL,0,True
UgwMYVsvMJ70O68Jk7B4AaABAg,comment,gzHLv6rLSpQ,,False,@meijinlin4315,Check U8 or U9 of BYD. Ther are superb,0,True
UgwK0D9bQZmlchhNquJ4AaABAg,comment,gzHLv6rLSpQ,,False,@joblovesutube,"i want to see JP in the next vedio,thanks.",0,True
UgwAtUIKoofi07CKe294AaABAg,comment,gzHLv6rLSpQ,,False,@Ripkittymi,Giant fire hazard of China. Look it up.,1,True
UgxQIXWbXS0SS-SkS3h4AaABAg,comment,gzHLv6rLSpQ,,False,@arthurleywin1832,Imagine loosing your phone 💀,0,True
UgxQIXWbXS0SS-SkS3h4AaABAg.9p0yRcxj8kp9qYAqRxX5-l,comment,gzHLv6rLSpQ,UgxQIXWbXS0SS-SkS3h4AaABAg,True,@jonathannorton960,"Don't worry, you can take into account the problems, the designer can not take into account?",0,True
UgwY6T-ehBN2xW7-jKB4AaABAg,comment,gzHLv6rLSpQ,,False,@janissaryone1906,"LOL, lie much?  BYD isn't leading in ANYTHING!  Tesla made more pure electric vehicles than BYD and if you count hybrids, Toyota made 2.2 Million which is way more than BYD.",1,True
UgwY6T-ehBN2xW7-jKB4AaABAg.9p0G3a40FFl9p3Fea2XqTK,comment,gzHLv6rLSpQ,UgwY6T-ehBN2xW7-jKB4AaABAg,True,@user10u7,"It seems that the comparison was not between Toyota and BYD, as Toyota obviously sells more. However, BYD sold more cars than Tesla.",0,True
UgwY6T-ehBN2xW7-jKB4AaABAg.9p0G3a40FFl9pYsoWElvdD,comment,gzHLv6rLSpQ,UgwY6T-ehBN2xW7-jKB4AaABAg,True,@shanhhanbaieryu,@user10u7是的，我是一个中立观点的人，BYD销量作为电动车确实是世界第一，但我觉得技术还赶不上特斯拉，虽然特斯拉很简约没有那么漂亮，但BYD大多数都卖到了中国，特斯拉中国和以外其他地区也很受欢迎，BYD和特斯拉我都喜欢，但是不耽误我买梅赛德斯😂豪华对中国人确实有吸引力,0,True
Ugw8xqIi_-BWZHxsVuJ4AaABAg,comment,gzHLv6rLSpQ,,False,@ceasuricolectionari8990,Lux ? Neee .,0,True
Ugx65K7kz8-9x2QhE1N4AaABAg,comment,gzHLv6rLSpQ,,False,@atanuroy8405,Lol chinese car😂,1,True
UgwmCWRjjOqJrI9thoJ4AaABAg,comment,gzHLv6rLSpQ,,False,@TYAC_red,That's one elegant and luxurious Trojan horse.,0,True
Ugz45LT8juOwNvWJoQd4AaABAg,comment,gzHLv6rLSpQ,,False,@ryanadams127,"This is the end of the Western automobile industry, over all supply tiers up to the end manufacturer. Goodbye Mercedes, Ford and Fiat etc. And who taught the Chinese how to built cars...?",0,True
UgzYT6hGRjWvWQOFXy14AaABAg,comment,gzHLv6rLSpQ,,False,@leonpijpers7327,"https://www.youtube.com/watch?v=yOA7qKMcjcE
I like my car not to go up in flames... also nice trick how they became best selling car for one month",0,True
UgxpyZG2o02S0DU4sC54AaABAg,comment,gzHLv6rLSpQ,,False,@banditsw11,looks like a knoc off tesla,0,True
UgzmACIMACb_IPwa7sF4AaABAg,comment,gzHLv6rLSpQ,,False,@mikewant5230,There are more EV cars this year and BYD are facing more challenges from their domestic counterparts.,1,True
UgxZrhwxF4nawsuTDg94AaABAg,comment,gzHLv6rLSpQ,,False,@oknk125,China can control that cars so be careful...,0,True
Ugw8QCrpm7y-NjpXhct4AaABAg,comment,gzHLv6rLSpQ,,False,@othinen11,Making batteries for cars is a totally different animal. Seen the reports of BYD's catching fire just this year? I wonder what the actual numbers are. We will never know.,2,True
UgymYYfXm8q-0Fvc0Ll4AaABAg,comment,gzHLv6rLSpQ,,False,@davewhispers7720,These cars explode and it takes gallons to put out the fire. Too many shortcuts are taken to make this car and the numbers aren't real. They are actually the cars delivered in dealerships not sold to customers. Do not buy this car or consider it.,4,True
UgymYYfXm8q-0Fvc0Ll4AaABAg.9orPyA3y3zSA1mMm5g1iLr,comment,gzHLv6rLSpQ,UgymYYfXm8q-0Fvc0Ll4AaABAg,True,@skyshooter4009,"Lol. Ella Musk bot? You know Tesla are also made in China, right? This is probably one of the few things China is serious about producing high quality product. They know there is a huge EV market for the taking. Ella Musk hates his new competition.",3,True
UgymYYfXm8q-0Fvc0Ll4AaABAg.9orPyA3y3zSA1sfJrotI10,comment,gzHLv6rLSpQ,UgymYYfXm8q-0Fvc0Ll4AaABAg,True,@nicktheuri9888,Jealousy is a dangerous disease. Quick recovery.,1,True
Ugyxqqup_t4IeJX1eI54AaABAg,comment,gzHLv6rLSpQ,,False,@mateo1aaa,DANGER DANGER-- Fire Expolions BYD Cars ARE Dangerous  https://www.youtube.com/watch?v=qKa8mVOe5so,1,True
UgxumLVLuscWZXmy2Z94AaABAg,comment,gzHLv6rLSpQ,,False,@orange1soda,This dope dosen't tell you these blow up.crap vid.,0,True
Ugycfhj_Hzmu33X1AIR4AaABAg,comment,gzHLv6rLSpQ,,False,@chinadollfmd,"I heard the sale numbers of how many cars were delivered to dealers and not what was actually sold. Numbers has been faked, and this guy is promoting a brand that has the highest numbers of car fires.",1,True
UgwfWryw-2JkTjRevXR4AaABAg,comment,gzHLv6rLSpQ,,False,@georgelewis8831,Not true! They sold many hybrids!,0,True
UgzvqhYfsxdZqjyVdX94AaABAg,comment,gzHLv6rLSpQ,,False,@nicksonredfield3925,"oh my dear poor Americans, you dont know what ""Han"" means? Han was the most powerful dynasty in China's history, which was found by nation Han, and Nation Han is biggest nation on the world with 1.1 billion people,Oh my.......Chinese are invading your country!",1,True
Ugx-sxrwGXsZIgHNcLp4AaABAg,comment,gzHLv6rLSpQ,,False,@zfyang,72K Euros? Too expensive. It is half price in China.,0,True
UgxGFZAYPgJN1SFd73p4AaABAg,comment,gzHLv6rLSpQ,,False,@pramodmkhed3326,Don't trust,1,True
UgxmiwkZhAHpfyNWpdB4AaABAg,comment,gzHLv6rLSpQ,,False,@zzdfranky1616,yangwang u8 u9 also good,1,True
UgwGKvDAgKCWBC7VhKl4AaABAg,comment,gzHLv6rLSpQ,,False,@MingchenLiu-u5u,"im Chinese, actually u can use your phone to control the car finish the last parking step, and i hope you to try to drive byd yangwang u9",1,True
UgwGKvDAgKCWBC7VhKl4AaABAg.9olZKrKuQe29oqKQb5PJCH,comment,gzHLv6rLSpQ,UgwGKvDAgKCWBC7VhKl4AaABAg,True,@op9764,fake CN propaganda,0,True
UgyhFGjitNc5ULY5p1R4AaABAg,comment,gzHLv6rLSpQ,,False,@nomyafiftyonefifty8081,Does it come with it's own fire engine with thousands of litres of water to put it out?,0,True
Ugxj6iWY2m5NkU56uQV4AaABAg,comment,gzHLv6rLSpQ,,False,@robertocabral3595,Nice car,1,True
Ugy0PKFOdA9RGDw2Yjx4AaABAg,comment,gzHLv6rLSpQ,,False,@tintan1688,Resemble a brand we already known? Yes correct! The Chinese love Audi and I am not surprised they borrowed the shape and everything else interior.,0,True
UgyzP_Vv-84t9Dno9wp4AaABAg,comment,gzHLv6rLSpQ,,False,@crankshaft007,"Need to find the real history of this company, all the fires covered up in China",1,True
UgyPbRMme3H77edS2DR4AaABAg,comment,gzHLv6rLSpQ,,False,@chongqingxinxuanyaoautosales,"If you are looking for an electric vehicle exporter from China, we are exactly the most professional team you could ask for",1,True
UgxRwbduJPUAKeg7uLh4AaABAg,comment,gzHLv6rLSpQ,,False,@chongqingxinxuanyaoautosales,"Xinxuanyao Auto Sales Co., Ltd. is the industry's leading supplier of new and used vehicles. We have a 3,000-square-meter showroom, the largest exclusive exhibition hall for electric vehicles in Southwest China, with more than 500 electric vehicles from 20 brands in stock. In addition, we have a 1,000-square-meter exhibition hall dedicated to fuel vehicles. With a business team of more than 40 people, Xinxuanyao serves car dealers from around the world. The business team includes nationally certified used car appraisers, experienced overseas sales managers and channel managers who have been in the industry for decades.",0,True
Ugxm5ERzwkk8AYPWwF14AaABAg,comment,gzHLv6rLSpQ,,False,@christophervallejo9838,My boy Forrest should've reviewed this lol,0,True
UgwVccUNuRYm52hbR_J4AaABAg,comment,gzHLv6rLSpQ,,False,@munic14,"=World’s Best Selling Electric Car=
""Ah yes, I'd like to order one of you ticking time bombs please.""
Why aren't addressing the rate of these cars catching electric fires???",3,True
UgwVccUNuRYm52hbR_J4AaABAg.9odvp24W0nO9oeGVDg8sHv,comment,gzHLv6rLSpQ,UgwVccUNuRYm52hbR_J4AaABAg,True,@ultramax8032,bet the rate is much lower than tesla. why so salty soy boy?,0,True
UgwuYLD7YzoCxG6Glxd4AaABAg,comment,gzHLv6rLSpQ,,False,@ximimi2440,Anything better then Tesla 🔥,0,True
UgxV3UbrRWtaz3iIQQN4AaABAg,comment,gzHLv6rLSpQ,,False,@basicjo,"we need actual buttons, not just big screen. I am glad they added a few. Take notes Tesla.",0,True
UgxgdxdtX9Y3lO738bZ4AaABAg,comment,gzHLv6rLSpQ,,False,@luisnava9508,Olay I am impressed when you install a big iPad in front of you 😂😂😅😅  window buttons wauwww is so Hi-Tech that blows up in the streets of China so your research 😂😂😂😂😂,0,True
Ugx2YvMfWguVAvRZtfB4AaABAg,comment,gzHLv6rLSpQ,,False,@luisnava9508,That tech is telsa technology copy cats china is a joke 😅😂🎉😂😂😂😂😂😢😮😊😅😅😅😅,1,True
Ugx2YvMfWguVAvRZtfB4AaABAg.9o_jXReBMj-9oeGgq_RJ2b,comment,gzHLv6rLSpQ,Ugx2YvMfWguVAvRZtfB4AaABAg,True,@ultramax8032,"tesla buys batteries from byd, which means tesla actually uses byd's tech. ur a joke",0,True
Ugw6r05dwhwiPMIODS94AaABAg,comment,gzHLv6rLSpQ,,False,@luisnava9508,Those cars catch on fire you idiots why you don't mention that issue. If you buy this car please don't park it in your garage because your house might get damaged.  😂😂😂it a joke,0,True
Ugx6p4oRRiYodkb-dYx4AaABAg,comment,gzHLv6rLSpQ,,False,@thierrycasseus228,Its a fisheye but DAAAMN 😂😅,0,True
UgxSo_wVI27rcs2U6hJ4AaABAg,comment,gzHLv6rLSpQ,,False,@kamillatocha,its so best selling the company is going bankrupt,1,True
Ugx6F3r9SSJvHoEsuGx4AaABAg,comment,gzHLv6rLSpQ,,False,@Hmonks,BYD( burn you to death),2,True
UgxoXjmcoXNAEhGvPP54AaABAg,comment,gzHLv6rLSpQ,,False,@seoul_9584,I just don't wanna buy made in China. Its shameful to drive and unreliable. its Chinese car,0,True
UgwKCK3ICEN0KtH3vst4AaABAg,comment,gzHLv6rLSpQ,,False,@Harry-hyl,"worth it in China for the price, not worth in Europe",0,True
UgwJWG58AXs4jXKfGdl4AaABAg,comment,gzHLv6rLSpQ,,False,@Harry-hyl,"While I do believe the forces of capitalism (competition) makes this car quite good, I don't trust Chinese companies for something like a car. If I can get it from somewhere else, I will. Don't always have that luxury of choice in today's world...",0,True
UgytCTXKA4hUfDg8s1p4AaABAg,comment,gzHLv6rLSpQ,,False,@QL2004,"the rotating screen feature of all byd evs is very useful. normally i keep it at landscape as it gives me slightly better view of of the road. but on long road trips, i rotate it to portrait, and split the screen in two halves. on top half is my navigation app, and on bottom i play stream videos to keep the kids entertained.",165,True
UgytCTXKA4hUfDg8s1p4AaABAg.9oRAuplAkmX9qmjs8mFy5p,comment,gzHLv6rLSpQ,UgytCTXKA4hUfDg8s1p4AaABAg,True,@chementogezana,How long do not last,1,True
UgytCTXKA4hUfDg8s1p4AaABAg.9oRAuplAkmX9qmkqr8DAp-,comment,gzHLv6rLSpQ,UgytCTXKA4hUfDg8s1p4AaABAg,True,@QL2004,@chementogezana what do u mean?,8,True
UgytCTXKA4hUfDg8s1p4AaABAg.9oRAuplAkmX9tLaoKJHq8e,comment,gzHLv6rLSpQ,UgytCTXKA4hUfDg8s1p4AaABAg,True,@油管大祭司,它在说质量不好的意思，你就当它吃不到葡萄就说葡萄是酸的吧,6,True
UgytCTXKA4hUfDg8s1p4AaABAg.9oRAuplAkmX9vv1vfpwlVn,comment,gzHLv6rLSpQ,UgytCTXKA4hUfDg8s1p4AaABAg,True,@whatupcuz3688,"​@QL2004 it is a point of failure, it can easily break, most car companies try to limit points of failure, having an automatic screen tilt adds something unnecessary you will have to repair at some point",1,True
UgytCTXKA4hUfDg8s1p4AaABAg.9oRAuplAkmX9yuBceG7fFM,comment,gzHLv6rLSpQ,UgytCTXKA4hUfDg8s1p4AaABAg,True,@Taino871,Was the car expensive? I’m really interested. I couldn’t get rid of my Tesla fast enough. It was built horribly.,2,True
UgytCTXKA4hUfDg8s1p4AaABAg.9oRAuplAkmX9yuBwTyRg8m,comment,gzHLv6rLSpQ,UgytCTXKA4hUfDg8s1p4AaABAg,True,@Taino871,"Alright, I spoke to few people in Europe. The quality is poor on this car. We have a way to go before we see it here in the U.S.A..",0,True
UgytCTXKA4hUfDg8s1p4AaABAg.9oRAuplAkmXA-stqW6yFJK,comment,gzHLv6rLSpQ,UgytCTXKA4hUfDg8s1p4AaABAg,True,@takakuuz2794,​@Taino871 you are lying,1,True
UgzkbnHN7DoSKF3z9394AaABAg,comment,gzHLv6rLSpQ,,False,@ukchatman4920,haven't many of these just burst into flames?  Seem many reports about BYD cars in flames in China,1,True
UgzkbnHN7DoSKF3z9394AaABAg.9oQ8VexOv-x9oSe2KzMAfI,comment,gzHLv6rLSpQ,UgzkbnHN7DoSKF3z9394AaABAg,True,@ukchatman4920,"Jack Smith just look it up ""BYD EVS on fire""
or wapcar 640 EV's caught fire in the first Qtr 2022
But do your own homework before ""Source"" lazy F***",0,True
UgzkbnHN7DoSKF3z9394AaABAg.9oQ8VexOv-x9oSgFDaZic1,comment,gzHLv6rLSpQ,UgzkbnHN7DoSKF3z9394AaABAg,True,@ukchatman4920,"Jack Smith Jack Wumau (Nov 22) - do your own sourcing I gave you directions, point is Chinese EV cars have high number of fires... fact..",0,True
UgyUpb1H00BwaW8gp4d4AaABAg,comment,gzHLv6rLSpQ,,False,@wendydavies1301,"Dont listen to this guy, it looks and sounds good but it is dangerous. Thats from someone who lives there.Whatever you do, don't buy one of these they are going on fire all the time in China. That is all across all of the range of them. It might look good. I won't be good if you or your family get burnt to death because they go on fire anywhere. While they are charging or driving down the road and on the highway. Even the busses are going on fire of the same make BYD. Other things you don't hear about is thier electric trains and scooters and bikes do as well. There is a law that you're not allowed to take electric bikes into apartment buildings because they go on fire. Its because they have haven't tested them properly or long enough. That is why you wo t see a BYD vehicle in Europe or America. He should be telling g you that as well.",0,True
UgyUpb1H00BwaW8gp4d4AaABAg.9oNmHi9T3Mf9oeH7afzEYT,comment,gzHLv6rLSpQ,UgyUpb1H00BwaW8gp4d4AaABAg,True,@ultramax8032,u get paid to spread propaganda like this?,0,True
Ugy4kkemMpyDc8Zkewp4AaABAg,comment,gzHLv6rLSpQ,,False,@QJN2022,"A lot of BYD Taxi in China, had asked a taxi driver before, 0 defect in 4 years of time. Incredible!",357,True
Ugy4kkemMpyDc8Zkewp4AaABAg.9oM2IrZkmRJ9pxeKV03iES,comment,gzHLv6rLSpQ,Ugy4kkemMpyDc8Zkewp4AaABAg,True,@taiwan_sausage,"EV cars have less moving parts & far less complex chemical reactions in its kenetic energy generation. as long as EV'S battery system has no problem, EVs in general should have less mechnical problems..",26,True
Ugy4kkemMpyDc8Zkewp4AaABAg.9oM2IrZkmRJ9py_eXuSgz8,comment,gzHLv6rLSpQ,Ugy4kkemMpyDc8Zkewp4AaABAg,True,@glasshalffull2843,You can't be serious. Here's a showcase of BYD cars spontaneously catching fire https://youtu.be/yOA7qKMcjcE,0,True
Ugy4kkemMpyDc8Zkewp4AaABAg.9oM2IrZkmRJ9rl-d_s5eyA,comment,gzHLv6rLSpQ,Ugy4kkemMpyDc8Zkewp4AaABAg,True,@silveriver9,Wow,7,True
Ugy4kkemMpyDc8Zkewp4AaABAg.9oM2IrZkmRJ9sFiZOOhERZ,comment,gzHLv6rLSpQ,Ugy4kkemMpyDc8Zkewp4AaABAg,True,@colton6404,"They are nice huh, rode on in China as well..... They are nice!",9,True
Ugy4kkemMpyDc8Zkewp4AaABAg.9oM2IrZkmRJ9xcV5mtvo0k,comment,gzHLv6rLSpQ,Ugy4kkemMpyDc8Zkewp4AaABAg,True,@hansbosman6315,"I drive a Dacia Sandero Stepway, it is four and a half year old and I drove 92000 km: zero problems.",4,True
Ugy4kkemMpyDc8Zkewp4AaABAg.9oM2IrZkmRJA1kJULqW4xd,comment,gzHLv6rLSpQ,Ugy4kkemMpyDc8Zkewp4AaABAg,True,@kruimels,"@taiwan_sausage Not with Tesla, everything is making noise in the car with movie parts.",3,True
Ugy4kkemMpyDc8Zkewp4AaABAg.9oM2IrZkmRJA1xlbhzZoXt,comment,gzHLv6rLSpQ,Ugy4kkemMpyDc8Zkewp4AaABAg,True,@gaetanguiffo9378,Which model is most used for Taxi there?,2,True
Ugy4kkemMpyDc8Zkewp4AaABAg.9oM2IrZkmRJA3QYCEmHz6x,comment,gzHLv6rLSpQ,Ugy4kkemMpyDc8Zkewp4AaABAg,True,@sojourner3300,There are numerous reports of BYD cars or cars with BYD batteries literally EXPLODING after collisions (this is in addition to numerous incidents of battery pack spontaneous igniting). Just search for it on Youtube - you can't make this stuff up.,0,True
Ugy4kkemMpyDc8Zkewp4AaABAg.9oM2IrZkmRJA8DjE_s-Q83,comment,gzHLv6rLSpQ,Ugy4kkemMpyDc8Zkewp4AaABAg,True,@gechu-gh2ws,"​@gaetanguiffo9378Most of them are BYD, and there are also buses,",1,True
Ugy4kkemMpyDc8Zkewp4AaABAg.9oM2IrZkmRJACJHrlr-F_Q,comment,gzHLv6rLSpQ,Ugy4kkemMpyDc8Zkewp4AaABAg,True,@KittyLove-j9j,i did test drive of BYD and gone for test lucid gravity and picked lucid gravity,0,True
UgyF0k1m0rY128PO-8J4AaABAg,comment,gzHLv6rLSpQ,,False,@happycamperinc.,"Community notes - BYD only sold 911,140 pure electric vehicles in 2022 which is less then 1.9 million vehicles which is the content creator said in this video and also less then 1.3 million+ EV'S which Tesla delivered. 1.9 million includes hybrid vehicles which Tesla doesn't sell. So Tesla is still the number 1 EV company in the world.",0,True
UgyF0k1m0rY128PO-8J4AaABAg.9oM0I4kbDjK9oSIj82msjH,comment,gzHLv6rLSpQ,UgyF0k1m0rY128PO-8J4AaABAg,True,@happycamperinc.,"Jack Smith it's actually 911,140. I Updated the comment.",0,True
UgytzcyK1BY1xNgKXSt4AaABAg,comment,gzHLv6rLSpQ,,False,@happywhale1786,"rounded, huge mouth, and cute, looks more like a hippo face to me.",1,True
UgyoQXI3VU8KodKd6Vl4AaABAg,comment,gzHLv6rLSpQ,,False,@davidwatkins622,Next time please mention they BURN ALL THE TIME...  No quality control in china.,0,True
UgyoQXI3VU8KodKd6Vl4AaABAg.9oHUSuWo_Hw9oLA6bPwYOM,comment,gzHLv6rLSpQ,UgyoQXI3VU8KodKd6Vl4AaABAg,True,@zongadam741,"Imaging have never driven or sit in this car but accuse it for being bad quality just because it’s made in China. You are nth but an arrogant, poor kid",2,True
UgyoQXI3VU8KodKd6Vl4AaABAg.9oHUSuWo_Hw9oMW5D6C0YJ,comment,gzHLv6rLSpQ,UgyoQXI3VU8KodKd6Vl4AaABAg,True,@EmmaNguyen-mg5xq,Fake news,2,True
UgxDDI7UljpYU_4gS754AaABAg,comment,gzHLv6rLSpQ,,False,@crsp76691,"Surprised it didn’t burst into flames during the video, theres so many videos of china evs catching fire",0,True
UgxDDI7UljpYU_4gS754AaABAg.9oHSIMb6vLX9oeHB49WfFy,comment,gzHLv6rLSpQ,UgxDDI7UljpYU_4gS754AaABAg,True,@ultramax8032,most of them r tesla,0,True
UgyWoublKR1Awg5rDYF4AaABAg,comment,gzHLv6rLSpQ,,False,@viewsan,enemy RC-XD deployed 🤣,0,True
UgyH2WYC3e5wFLVghGx4AaABAg,comment,gzHLv6rLSpQ,,False,@NaughtyShepherd,Not one mention of the numerous car fires from this shitty car manufacturer.,0,True
UgyH2WYC3e5wFLVghGx4AaABAg.9oFjh-HBYP99oLADIy-btb,comment,gzHLv6rLSpQ,UgyH2WYC3e5wFLVghGx4AaABAg,True,@zongadam741,"Last year only 13 of them was in fire, Tesla - over 1000. So you are saying US is worse in quality control, thank you for your opinion",2,True
UgzxtsXHni7wuf19pll4AaABAg,comment,gzHLv6rLSpQ,,False,@mateo1aaa,These cars are Bombs that will blow up at any moment--Hidden - China's Flagship EVs are Exploding in Huge Numbers  https://www.youtube.com/watch?v=yOA7qKMcjcE&list=WL&index=3&t=33s,0,True
UgzxtsXHni7wuf19pll4AaABAg.9oFaXT_Rqne9oeHODvGS6c,comment,gzHLv6rLSpQ,UgzxtsXHni7wuf19pll4AaABAg,True,@ultramax8032,"from the guy who spreads anti china propaganda for a living. very creditable source, Matthew.",0,True
UgzBOEYokjCgmgSgOGR4AaABAg,comment,gzHLv6rLSpQ,,False,@Its_Only_Savant,Tell them about the up in flames feature where they are prone to catching on fire lol,0,True
UgzBOEYokjCgmgSgOGR4AaABAg.9oE87lNsGq09oLAGtWZltP,comment,gzHLv6rLSpQ,UgzBOEYokjCgmgSgOGR4AaABAg,True,@zongadam741,Tell your doctor you need some more time in the ICU,1,True
UgzTDwOfaSrDuHz6h_p4AaABAg,comment,gzHLv6rLSpQ,,False,@yodamn1462,There is a lots of clips from China that BYD cars blow up and burn. Don't get fool by this guy.BYD is a bs.,0,True
UgzTDwOfaSrDuHz6h_p4AaABAg.9oCQhHTK-S99oClW5AUti7,comment,gzHLv6rLSpQ,UgzTDwOfaSrDuHz6h_p4AaABAg,True,@EmmaNguyen-mg5xq,Stop Spreading fake news created by trash serpentza and Western Propaganda,4,True
UgzTDwOfaSrDuHz6h_p4AaABAg.9oCQhHTK-S99oEQYTB03sN,comment,gzHLv6rLSpQ,UgzTDwOfaSrDuHz6h_p4AaABAg,True,@dravenvea2605,"serpentza never tell you that petrol cars have a much higher risk of catching fire. find the statistcs and data , read it.",3,True
UgzTDwOfaSrDuHz6h_p4AaABAg.9oCQhHTK-S99oJUvc4Gi_T,comment,gzHLv6rLSpQ,UgzTDwOfaSrDuHz6h_p4AaABAg,True,@Flixate,@EmmaNguyen-mg5xq have you even watched the clips about these cars.,0,True
UgzTDwOfaSrDuHz6h_p4AaABAg.9oCQhHTK-S99oJV0OYExqP,comment,gzHLv6rLSpQ,UgzTDwOfaSrDuHz6h_p4AaABAg,True,@Flixate,@dravenvea2605 Proof?,0,True
UgzTDwOfaSrDuHz6h_p4AaABAg.9oCQhHTK-S99oLASEkPXlg,comment,gzHLv6rLSpQ,UgzTDwOfaSrDuHz6h_p4AaABAg,True,@zongadam741,Why people can never judge any Chinese stuff with a fair mindset? Tesla on fire far more than BYD did and can you send us any links of BYD cars on fire? Or you are just another broken guy hired by BBC?,1,True
UgzTDwOfaSrDuHz6h_p4AaABAg.9oCQhHTK-S99oLX_elBP3C,comment,gzHLv6rLSpQ,UgzTDwOfaSrDuHz6h_p4AaABAg,True,@Flixate,@zongadam741 just fucking search it dumbfuck,0,True
UgzTDwOfaSrDuHz6h_p4AaABAg.9oCQhHTK-S99oMWAZ71NTD,comment,gzHLv6rLSpQ,UgzTDwOfaSrDuHz6h_p4AaABAg,True,@EmmaNguyen-mg5xq,​@Flixate brainwashed by trash serpentza,1,True
UgzTDwOfaSrDuHz6h_p4AaABAg.9oCQhHTK-S99oYZh89YHYX,comment,gzHLv6rLSpQ,UgzTDwOfaSrDuHz6h_p4AaABAg,True,@Flixate,"@marge9250 you don't need to take me seriously, you're only one person",0,True
UgyDOiGfERBzAARNIf54AaABAg,comment,gzHLv6rLSpQ,,False,@blazeboyblazeboy4470,Cool car!!,1,True
UgyJ841uQMsxOr3SfTF4AaABAg,comment,gzHLv6rLSpQ,,False,@Kickey165,"Razr phones were in 2006, not 1990s. Stick to your lane boy",0,True
UgxQTyNYAINJ1QIn5jh4AaABAg,comment,gzHLv6rLSpQ,,False,@Darryl.Harris,"Looks good, but these things have been catching fire like crazy.",0,True
UgxQTyNYAINJ1QIn5jh4AaABAg.9oBJo8yiZhw9oLAfYsOF6S,comment,gzHLv6rLSpQ,UgxQTyNYAINJ1QIn5jh4AaABAg,True,@zongadam741,"Tesla has far more cars on fire, but why I never seen you criticize them? In what world we even need to view a car in political mind?",3,True
UgxQTyNYAINJ1QIn5jh4AaABAg.9oBJo8yiZhw9oNOwNx9xJp,comment,gzHLv6rLSpQ,UgxQTyNYAINJ1QIn5jh4AaABAg,True,@Darryl.Harris,"@zongadam741 ""these things"" meaning ALL electric cars. 🙄",1,True
UgxQTyNYAINJ1QIn5jh4AaABAg.9oBJo8yiZhw9oNPftBRH2S,comment,gzHLv6rLSpQ,UgxQTyNYAINJ1QIn5jh4AaABAg,True,@zongadam741,"@Darryl.Harris misunderstood sorry my friend, but actually BYD is very unlikely to get fire since  there are millions all ove the globe but nearly none news about it catches fire",1,True
Ugy1J8s3dqDr5ewLzwJ4AaABAg,comment,gzHLv6rLSpQ,,False,@GARRYEASTON,BYD! The same company where one of their car's was involved in an accident with heavy frontal damage and none of the air bags went off. Plus another where a door fell off and another where the rear axle fell off!,1,True
Ugy1J8s3dqDr5ewLzwJ4AaABAg.9oAa3CE4FJc9oLAxiDUS76,comment,gzHLv6rLSpQ,Ugy1J8s3dqDr5ewLzwJ4AaABAg,True,@zongadam741,"Tesla has tons of cars on fire, brakes inactivated, bugs and accidents. But do you care? No you don’t, because all you care is how to be a pathetic pet of western propagandas. There are so many of BYD has been sold in Norway but did you see any news of accidents there?",1,True
UgycKsrtQ5YGpgr2ua54AaABAg,comment,gzHLv6rLSpQ,,False,@david_aw,They dont sell more electric vehicles than Tesla. Just stop lying smh...,0,True
UgycKsrtQ5YGpgr2ua54AaABAg.9o8O6A-GKZ89oLB7ZiPzbP,comment,gzHLv6rLSpQ,UgycKsrtQ5YGpgr2ua54AaABAg,True,@zongadam741,"Yes they did, and they also beat Tesla in terms of sales record in Nothern Europe, btw all Tesla car’s batteries are made by BYD",2,True
UgycKsrtQ5YGpgr2ua54AaABAg.9o8O6A-GKZ89oSNyeha74K,comment,gzHLv6rLSpQ,UgycKsrtQ5YGpgr2ua54AaABAg,True,@david_aw,@zongadam741 umm they didn't dumbass. You can use Google if you like,0,True
UgxbXXI_kQcuMc9z5xh4AaABAg,comment,gzHLv6rLSpQ,,False,@sevewonn8567,Dude these are fire traps in CHINA !   Please see the South African youtuber comments on these crap cars :  Serpentza Vlog.,1,True
UgxbXXI_kQcuMc9z5xh4AaABAg.9o5BmPU0n-z9o79Et0V17q,comment,gzHLv6rLSpQ,UgxbXXI_kQcuMc9z5xh4AaABAg,True,@futureisredcomrades1902,Nobody care about that propagandist.,2,True
UgxbXXI_kQcuMc9z5xh4AaABAg.9o5BmPU0n-z9o7xPY2noeM,comment,gzHLv6rLSpQ,UgxbXXI_kQcuMc9z5xh4AaABAg,True,@EmmaNguyen-mg5xq,Stop Spreading fake news created by trash serpentza,3,True
UgxbXXI_kQcuMc9z5xh4AaABAg.9o5BmPU0n-z9oEQfQYzdN7,comment,gzHLv6rLSpQ,UgxbXXI_kQcuMc9z5xh4AaABAg,True,@dravenvea2605,"serpentza never tell you that petrol cars have a much higher risk of catching fire. find the statistcs and data , read it.",1,True
UgxbXXI_kQcuMc9z5xh4AaABAg.9o5BmPU0n-z9oLBFnn5BZt,comment,gzHLv6rLSpQ,UgxbXXI_kQcuMc9z5xh4AaABAg,True,@zongadam741,Another guy hired by BBC 😂 how much can you get from this tweet?,1,True
UgxbXXI_kQcuMc9z5xh4AaABAg.9o5BmPU0n-z9oeHakPAqf8,comment,gzHLv6rLSpQ,UgxbXXI_kQcuMc9z5xh4AaABAg,True,@ultramax8032,u gotta have single digit iq to believe a single word from serpentza,0,True
UgxFJPyEApEpnMOYy914AaABAg,comment,gzHLv6rLSpQ,,False,@DrDungaz,BYD is a nock off of BMW,0,True
UgxQl9_4czewUA-Kagh4AaABAg,comment,gzHLv6rLSpQ,,False,@georgioschiras4010,Better quality than a Telsla,1,True
UgxrGHQ0YBvh2q0j6wd4AaABAg,comment,gzHLv6rLSpQ,,False,@jeffreytroublefield4265,"Now please tell everyone how these cars are catching fire at amazing rates. And how hard it is to put out an EV car fire.
https://youtu.be/yOA7qKMcjcE",0,True
Ugx0LuVWxVpi9XUiZE94AaABAg,comment,gzHLv6rLSpQ,,False,@stoic_322,"Man good for them. But I dont need video games, nice leather, heated seats, popout handles and karaoke. Please just give me the engine in the body of a 2000 volkswagen polo. Heck I dont even care if the windows are manual. Just give me a good EV engine without the luxury price point.",1,True
Ugz5N1IstFw8N-6BHf54AaABAg,comment,gzHLv6rLSpQ,,False,@mikeyinperson,"Hey, did you happen to visit China??? That car is a mess in China, lots of them have safety problems and catch fire while driving, charging, or while in park mode...",2,True
Ugz5N1IstFw8N-6BHf54AaABAg.9o1L3Pa5SQH9oLBauy09RX,comment,gzHLv6rLSpQ,Ugz5N1IstFw8N-6BHf54AaABAg,True,@zongadam741,"Hey did you visited China? I did, and so I know what you saying are bullshit, they have a really good reputation in China. What make you think you know about what’s happening when you have never been there yet?",2,True
Ugz5N1IstFw8N-6BHf54AaABAg.9o1L3Pa5SQH9oLVSZcvtq8,comment,gzHLv6rLSpQ,Ugz5N1IstFw8N-6BHf54AaABAg,True,@mikeyinperson,@zongadam741 I work there dude. For the past 6 years I've seen lots of that car burning even while charging.. By saying it was bullshit means either you are ignorant or just keeping your eyes closed coz they paid you for advertisement..,0,True
Ugz5N1IstFw8N-6BHf54AaABAg.9o1L3Pa5SQH9oeIV3fMkEi,comment,gzHLv6rLSpQ,Ugz5N1IstFw8N-6BHf54AaABAg,True,@ultramax8032,"@mikeyinperson lol no you don't. you are plainly lying here. byd has much much better reputation than tesla, which actually catches fire a lot and its break does not work. you are ignorant and most likely getting paid for spreading such propaganda",0,True
UgwItpM0tNka4DBV5yV4AaABAg,comment,gzHLv6rLSpQ,,False,@burningknuckle26,Byd is dope😮,2,True
UgxkqktMO-kYwQmDWZV4AaABAg,comment,gzHLv6rLSpQ,,False,@rogerjara6715,You forgot to mention how often they catch  fire! 🔥,0,True
UgxkqktMO-kYwQmDWZV4AaABAg.9o0hwntR9hX9oLBhktO9_s,comment,gzHLv6rLSpQ,UgxkqktMO-kYwQmDWZV4AaABAg,True,@zongadam741,You forgot to mention how much more often Tesla catches fire! 🔥,2,True
UgxkqktMO-kYwQmDWZV4AaABAg.9o0hwntR9hX9oMWJrYJsqg,comment,gzHLv6rLSpQ,UgxkqktMO-kYwQmDWZV4AaABAg,True,@EmmaNguyen-mg5xq,Narrow-minded,1,True
UgxkqktMO-kYwQmDWZV4AaABAg.9o0hwntR9hX9oeHwH4jJRE,comment,gzHLv6rLSpQ,UgxkqktMO-kYwQmDWZV4AaABAg,True,@ultramax8032,anyone believes propaganda from serpentza should not be allowed to have an opinion,0,True
Ugz8lBV6TVaGtILgNzJ4AaABAg,comment,gzHLv6rLSpQ,,False,@TheReal_MartyMcFly,"I would never buy one! So freaking ugly. From software to design, just ugly!",0,True
Ugy_pROnfoBtB7qlelh4AaABAg,comment,gzHLv6rLSpQ,,False,@entltyq,Dont these erupt into a beautfil(*ahem* early) new year display?🎉🎉🎉🎉🎉🎉🎉😊,3,True
UgznADykT1NgpXWB8gB4AaABAg,comment,gzHLv6rLSpQ,,False,@AnDy-of3mj,"Why don't you talk about how they constantly catch on fire? Or that they break from new after 1-2 years?
Or that the airbags don't deploy after highspeed crashes?",3,True
UgznADykT1NgpXWB8gB4AaABAg.9o-d8JdHBiE9oLBvBXeO2k,comment,gzHLv6rLSpQ,UgznADykT1NgpXWB8gB4AaABAg,True,@zongadam741,"My friend in Norway bought it and used it for 4 years. No fire, didn’t break down at all. Meanwhile Tesla has been involved in multiple accidents and fires. So shut it kiddo",1,True
UgznADykT1NgpXWB8gB4AaABAg.9o-d8JdHBiE9oLFY9lUivp,comment,gzHLv6rLSpQ,UgznADykT1NgpXWB8gB4AaABAg,True,@tothesheduk,@zongadam741 who cares about your mate in Norway. The data states otherwise.,0,True
UgznADykT1NgpXWB8gB4AaABAg.9o-d8JdHBiE9oLG6ZBXLXB,comment,gzHLv6rLSpQ,UgznADykT1NgpXWB8gB4AaABAg,True,@zongadam741,"@tothesheduk show me data, poofs, links of news pls, if you can’t provide any then who cares about your bullshit? I can easily find some links of how Tesla got fire or bugged, why didn’t you mention this rather than pick on a car just because it’s Chinese? Pathetic clown",1,True
UgznADykT1NgpXWB8gB4AaABAg.9o-d8JdHBiE9oLGO5xiKfw,comment,gzHLv6rLSpQ,UgznADykT1NgpXWB8gB4AaABAg,True,@zongadam741,@tothesheduk and at least my mate in Norway really has this car rather than you who has never seen or driven one of these but still think you are a Mr know-it-all,1,True
UgznADykT1NgpXWB8gB4AaABAg.9o-d8JdHBiE9oeI1IsztM8,comment,gzHLv6rLSpQ,UgznADykT1NgpXWB8gB4AaABAg,True,@ultramax8032,or all these are pure propaganda from the infamous propagandist serpentza,0,True
UgznADykT1NgpXWB8gB4AaABAg.9o-d8JdHBiE9oeI7HLxDIN,comment,gzHLv6rLSpQ,UgznADykT1NgpXWB8gB4AaABAg,True,@ultramax8032,"@tothesheduk there is no such data, ur pal serpentza made these up to get views",0,True
UgznADykT1NgpXWB8gB4AaABAg.9o-d8JdHBiE9omCp3je8_O,comment,gzHLv6rLSpQ,UgznADykT1NgpXWB8gB4AaABAg,True,@tothesheduk,@ultramax8032 Its not just Serpentza saying these things though is it. Electric cars set on fire all the time.,0,True
UgyjqKon8TkGOYDieHV4AaABAg,comment,gzHLv6rLSpQ,,False,@Fandium,Razr phones in the 90s bruh wtf are you talking about,0,True
Ugy9CO8q9DPn0cLOb114AaABAg,comment,gzHLv6rLSpQ,,False,@BRENDANTHERED,That karaoke gimmick is the stupidest idea in the auto industry since the toilet built into a car in the 60's.,1,True
Ugy9CO8q9DPn0cLOb114AaABAg.9nzoGwYtWXk9oLC1u7AqCU,comment,gzHLv6rLSpQ,Ugy9CO8q9DPn0cLOb114AaABAg,True,@zongadam741,The constitution of America is way more stupid since it allows children can get shot in the schools,0,True
Ugz0fwDyc1gIal8kfER4AaABAg,comment,gzHLv6rLSpQ,,False,@BRENDANTHERED,How many of these BYD's have burnt to the ground now?  Prolly not the best quality considering...,3,True
Ugz0fwDyc1gIal8kfER4AaABAg.9nzo38kYzt-9oeICcWpxn8,comment,gzHLv6rLSpQ,Ugz0fwDyc1gIal8kfER4AaABAg,True,@ultramax8032,"literally almost 100x more tesla have burned to the ground, in terms of EVs, they r much better than tesla",0,True
Ugzrgn-j0VU_XpkaGAF4AaABAg,comment,gzHLv6rLSpQ,,False,@Tradesatwork,Death traps when they spontaneous combust and explode into flames. Can't believe you're not telling people about that part.,3,True
Ugxfo84mbk2Js3tCFTp4AaABAg,comment,gzHLv6rLSpQ,,False,@SzymczykProductions,"These are catching fire everywhere. You don't care, you got paid by China for this fake review.",4,True
Ugxfo84mbk2Js3tCFTp4AaABAg.9nzeKguJ81D9oLCFFP9k59,comment,gzHLv6rLSpQ,Ugxfo84mbk2Js3tCFTp4AaABAg,True,@zongadam741,Wow another guy hired by BBC&CNN spotted. How much can you get from this tweet?,1,True
UgzM8htt-HQNmr6NzIx4AaABAg,comment,gzHLv6rLSpQ,,False,@robertallan6373,Not bad for a self combustion car.,3,True
UgzM8htt-HQNmr6NzIx4AaABAg.9nzVDTiWHWK9oLCAT_3HfC,comment,gzHLv6rLSpQ,UgzM8htt-HQNmr6NzIx4AaABAg,True,@zongadam741,"I didn’t see any reports or news of BYD catches fire but I’ve seen Tesla on fire all over the internet, stop being so political aight?",0,True
UgzMsq2rdGQVCjfx7CV4AaABAg,comment,gzHLv6rLSpQ,,False,@Al-xj4vn,https://youtu.be/yOA7qKMcjcE?t=397,0,True
Ugz1o9mJmzXiptOmyOl4AaABAg,comment,gzHLv6rLSpQ,,False,@ChoppersModelworks,Has your review vehicle burned up in it tell tell fire yet?,0,True
UgysVEFnHnCCiBdQaOt4AaABAg,comment,gzHLv6rLSpQ,,False,@edwinarcilla5888,"You might want to watch clips from youtube.  BYD apparently have been exploding all over China.  Poor quality assurance on their batteries.  I love the design, it looks very luxurious and sleek.  But I would think about safety first.",1,True
UgyhYi3l1IaD1ApBmiV4AaABAg,comment,gzHLv6rLSpQ,,False,@angeltcmusic1,"it caches fire, bro",3,True
UgzsTa-ztLY0AoZ-5-d4AaABAg,comment,gzHLv6rLSpQ,,False,@karlsmith7371,It has a fancy cigarette lighter too The whole thing catches on fire and explodes. The car that is. look it up it's happening all over China. 😂😂😂😂,2,True
UgyJ3zyo_9QRH9YvxoB4AaABAg,comment,gzHLv6rLSpQ,,False,@Robs-AlienIcon,"oh nice, the ""best selling"" firehazard. More are burning to the groung in China they are still running. Stop peddeling chinese crap. THey are a death trap waiting to happen. Do some research before simping for the CCP",1,True
UgzTh1hlMj8ExJZYVRp4AaABAg,comment,gzHLv6rLSpQ,,False,@kautionveware,Don't buy this folks! There is a lot of BLOWOUT or i may say SET on FIRE of this cars in CHiNA! They rush making this car and of course follows a VERY VERY POOR QUALITY CONTROL! Buy now Cry later!,2,True
UgzAcsvPVdQFwSeWmHF4AaABAg,comment,gzHLv6rLSpQ,,False,@benjamindejonge3624,"Build your  dreams is a knock off of BMW, but sadly it sets on fire in huge quantities and there no way to extended it",2,True
Ugz17meMd5weaaMjAd14AaABAg,comment,gzHLv6rLSpQ,,False,@benjamindejonge3624,Why they set on fire in china in big numbers?,0,True
UgyAAnVtu9R3e1yRBjV4AaABAg,comment,gzHLv6rLSpQ,,False,@gobstoppa1633,"NON OF THESE GUYS MENTION ALL THE BYD,S THAT ARE BLOWING UP AND COMBUSTING EVERY WHERE THEY SOLD AND THATS THEIR NO.1 BRAND, THEY ARE NOT SAFE.. THIS GUY SHOULD TELL FOLKS THAT TOO.",1,True
UgxxiTF-nD3pOnItCyN4AaABAg,comment,gzHLv6rLSpQ,,False,@mikehome6137,How many are on fire in China in any given week?,1,True
UgzkC0EHbTvCjQBsuox4AaABAg,comment,gzHLv6rLSpQ,,False,@AusTerranX,I would stay clear of the car and others made by BYD! So many have caught fire in China https://www.youtube.com/watch?v=yOA7qKMcjcE,2,True
UgxTVZUaCn1zZ2pPiyJ4AaABAg,comment,gzHLv6rLSpQ,,False,@striker3,Problem is the communist Chinese electric cars are notorious for catching fire. Catching fire more than any type of car. https://youtu.be/yOA7qKMcjcE,2,True
UgwLt1tarPdDwEduEal4AaABAg,comment,gzHLv6rLSpQ,,False,@tonberrygaming3267,should probabaly do a research on how often byd catches on fire.,2,True
UgzcdFI9B6Cieu5Yp814AaABAg,comment,gzHLv6rLSpQ,,False,@Banned_by_cowards,*Made in China by the CCP,0,True
Ugz4ezn8WXSt-3rWXJZ4AaABAg,comment,gzHLv6rLSpQ,,False,@Banned_by_cowards,"There are also reports that these are randomly exploding at an alarming rate... Many people dead. The features are amazing, tho! Not bad for a car developed by the CCP!",0,True
UgwuobDLhgeNwMdzggt4AaABAg,comment,gzHLv6rLSpQ,,False,@mxjame546,Isn't this the branch that has a history exploding battery?,1,True
UgziVEcEETjKVNbPgYp4AaABAg,comment,gzHLv6rLSpQ,,False,@bea1365,"But do these companies not all buy most of the batteries and other essential parts for EVs from the same manufacturers? Because EV companies don't design their own electric batteries etc.  So apart from the shell and interior being different, what makes any of these cars stand out from their competitors?  Surely petrol heads bought cars from a specific brand, because they had all developed their engines differently,  had different horse power, different power, different sounds, they has unique engine features,  they looked different etc, etc. You may as well have a milk float for all the difference these ""luxury"" cars will be from each other. It's business suicide for any company that falls in line with this agenda.",0,True
Ugy3S7llpwonQc3X1i14AaABAg,comment,gzHLv6rLSpQ,,False,@nicolaecotoi268,Beautifull 👍👍👍,2,True
UgyJdcnUzma6BpgWhap4AaABAg,comment,gzHLv6rLSpQ,,False,@RavagHer,"Chinese car, no thanks. also who the hell wants build your dreams spelled out in their car with HAN on it. like jesus.",0,True
UgwARdFsGO6Rn5bxtfJ4AaABAg,comment,gzHLv6rLSpQ,,False,@dias_balgabay,👍🏻👍🏻👍🏻👍🏻👍🏻,0,True
UgxP_S-uVY3zHiqNcDx4AaABAg,comment,gzHLv6rLSpQ,,False,@AsiaRoadTrek,YOu can to review XPENG also and you will see!,0,True
UgxN8qc5eLLv1Rg1WhF4AaABAg,comment,gzHLv6rLSpQ,,False,@christianvujasic8356,"In Sweden this car is priced at 83,000.00€ or around 90,000.00$ (American). Saw it today, sat inside and have to say car looks and feels amazing, but for that money i would rather buy RS7 or E class AMG that is 2 years old.",0,True
Ugzov3lFPQXlg8OMIYp4AaABAg,comment,gzHLv6rLSpQ,,False,@ohgiesel,no one doubt the look of Chinese things i think its more will it last long and the answer is a resounding no.,0,True
Ugz-G7CzU1lEUZKeNdV4AaABAg,comment,gzHLv6rLSpQ,,False,@Dailyvid,Amazing 💥💥💥💥💥,0,True
UgzDA81CkLd8BFLx9kh4AaABAg,comment,gzHLv6rLSpQ,,False,@chintetshing1668,👏👏👏👍👍👍❗,1,True
UgzBMerGdjyRuNdihHt4AaABAg,comment,gzHLv6rLSpQ,,False,@d.n.3086,The most selling electric cars in the world are teslas. Everybody knows that!!!,0,True
UgyIOlEK3cjxKUQoozB4AaABAg,comment,gzHLv6rLSpQ,,False,@Coopa-Tony,So nice an crazy car,1,True
Ugz7bgv8BuK_VCxM9PJ4AaABAg,comment,gzHLv6rLSpQ,,False,@hikeyt2747,WE ❤ TESLA,0,True
UgyyxzDlBkKEXwaFQvp4AaABAg,comment,gzHLv6rLSpQ,,False,@dshu1998,That’s very impressive. I can see this as a serious competitor against Tesla.,8,True
UgyyxzDlBkKEXwaFQvp4AaABAg.9ncaHxIuUxj9pI7d23htSi,comment,gzHLv6rLSpQ,UgyyxzDlBkKEXwaFQvp4AaABAg,True,@peterwilliams7335,"This car sold more than Tesla.  It’s rated best EV by European car critics in terms of safety, performance , technology, and quality of the car. It is so match quieter than Tesla is.",2,True
UgyIQLqh92wwK62qbUd4AaABAg,comment,gzHLv6rLSpQ,,False,@davoncci,That microphone would be nice for screaming at mofos that drive like junkies!,0,True
UgxyKW2WmqySIgavdB54AaABAg,comment,gzHLv6rLSpQ,,False,@rugbakarika8632,Lol. The Razr's were released in the mid 2000's not the 90's... The 90's was basically V1 of mobile phones...,0,True
UgyTn36MPnquQot14D94AaABAg,comment,gzHLv6rLSpQ,,False,@adult9354,"Chinese make the best products with the best quality, but what you get is what you are paying for, don't you expect to pay $20K to get a car with the quality of a model s. You pay only ₤70k and you get a car  beats model s from any angle.",0,True
UgyTn36MPnquQot14D94AaABAg.9nZWSGHfPcw9njSOV8prMP,comment,gzHLv6rLSpQ,UgyTn36MPnquQot14D94AaABAg,True,@odisy64,Chinese make some of the worse quality products humanity has ever produced.,0,True
UgzmeNic6aubaznf4aR4AaABAg,comment,gzHLv6rLSpQ,,False,@eagleying6300,"Camery and Accord are rubbish compared to BYD latest models. Japanese could only produce out dated cars. But BYD could still only sell cheap models in China and everywhere outside of China. The brand itself need to upgrade with better cars and designs. Han is not that good, if you are looking into interior, come on, all Chinese Auto makers could do that, and they could make VW, EU/US car brands look very over priced.",0,True
Ugzyorv5MCujJGFJ3CB4AaABAg,comment,gzHLv6rLSpQ,,False,@juanlee337,I dont like china(political views) but China is going to win the technology war  if American dont get the thumbs out of their asses..  and stop thinking that they are somehow special.. We are not .. Time to wake up and smell the coffee,0,True
Ugzyorv5MCujJGFJ3CB4AaABAg.9nYYdrKdtbo9njSWCLCKv5,comment,gzHLv6rLSpQ,Ugzyorv5MCujJGFJ3CB4AaABAg,True,@odisy64,"china wont win, their government keeps tripping over itself with the way its trying to artificially regulate its markets, Tesla is the only new energy vehicle maker in china that makes a profit without subsidies.",1,True
Ugz-G47AaLOG2bm42hF4AaABAg,comment,gzHLv6rLSpQ,,False,@raymondzhao9557,cooooooool,0,True
UgytGzqJF-a_09Gmdhl4AaABAg,comment,gzHLv6rLSpQ,,False,@taavdontsa7833,sick😎🤮,0,True
UgxMkv9_5qkTEp-K8NB4AaABAg,comment,gzHLv6rLSpQ,,False,@famodllm4794,Don't promote  any more self burse-into-flame BYD any more,1,True
UgxrHFBnM-W8qyVVEyx4AaABAg,comment,gzHLv6rLSpQ,,False,@neilufe,It’s gonna be in us next month,0,True
UgwLhG_UV2KsJUwkL-B4AaABAg,comment,gzHLv6rLSpQ,,False,@neilufe,I would trade in my Tesla for this it being way cheaper and better build,1,True
UgxwViAnbnFpvXBCzs94AaABAg,comment,gzHLv6rLSpQ,,False,@lordbuckethead2022,Imagine teaching Donald trump Chinese so he can get the car to move the windows down.,0,True
UgxRBcLbf9CQ_Fn_4hh4AaABAg,comment,gzHLv6rLSpQ,,False,@Soygraffi,fear price？you know how cheap it is in China?,2,True
UgzniCc1Fg70XGgU6TN4AaABAg,comment,gzHLv6rLSpQ,,False,@davelazenby77255,"Looks nice, but it will probably only last a few years before major issues will arise.",0,True
UgxA6f3F4wqdKbMbJ1V4AaABAg,comment,gzHLv6rLSpQ,,False,@netaverse7694,Now China can repo your car autonomously,0,True
Ugz8y3gd7BKApcEbqtt4AaABAg,comment,gzHLv6rLSpQ,,False,@wylieecoyote,"I like the Tesla exterior better and it's FSD is top right now, bit for luxury looks they have rivaled an S class for premium surfaces. Unless Tesla ups their seating surfaces and luxury, they will be topped in the US.",0,True
UgwwxPUw4RP4AvElhd54AaABAg,comment,gzHLv6rLSpQ,,False,@DucaTech,Charlie Munger & Warren Buffet own stakes in BYD.  There was an interview on CNBC sometime ago with Charlie Munger and he praised BYD a lot.,2,True
UgyJTjkG3x2-RjvWmFl4AaABAg,comment,gzHLv6rLSpQ,,False,@PlasticExtrusionProfiles,Byd thread USA safety 😂😂😂,0,True
UgwIqvIJyDc1Lx6DB3Z4AaABAg,comment,gzHLv6rLSpQ,,False,@sbuwieguwie20,Chinese cars are full of tech and so affordable,3,True
UgwIqvIJyDc1Lx6DB3Z4AaABAg.9nRPjOMJO-U9njSci5huoW,comment,gzHLv6rLSpQ,UgwIqvIJyDc1Lx6DB3Z4AaABAg,True,@odisy64,full of cadmium and break down just as fast.,0,True
Ugx4agz28xFVbusZyBF4AaABAg,comment,gzHLv6rLSpQ,,False,@laughingkor8643,"Sir, this beast is a threat to the national security of the West. Ban it!",0,True
UgxojLWZFWUHAwF5R8x4AaABAg,comment,gzHLv6rLSpQ,,False,@PrincessTJ,where do i buy this from ny,0,True
UgzbwNuWCRrEcNTeKBt4AaABAg,comment,gzHLv6rLSpQ,,False,@chifandeyu7370,深圳80%的电动出租车和公交车都是比亚迪,1,True
UgwPXB0DeM9CB-8Cx0l4AaABAg,comment,gzHLv6rLSpQ,,False,@JW43758,"I WANT ONE !! 
SO BEAUTIFUL INSIDE AND OUT !!! 😍😍😍",7,True
UgwPXB0DeM9CB-8Cx0l4AaABAg.9nOnXOfhsvq9pZY-5sLexP,comment,gzHLv6rLSpQ,UgwPXB0DeM9CB-8Cx0l4AaABAg,True,@MarcoWung,"If you want ,can follow me ,friend.",0,True
UgwRv4t5MUMexW-20GR4AaABAg,comment,gzHLv6rLSpQ,,False,@moatazalriyani7150,"“Razr phone like from the 90s” !

Try 2004.",0,True
Ugwiy4xOUJQ5hP3SEox4AaABAg,comment,gzHLv6rLSpQ,,False,@TakaChan569,"Just realized the channel this is, so 100% bs.",1,True
UgxtrW5o33xalZDKaU94AaABAg,comment,gzHLv6rLSpQ,,False,@inspirephotography14,I can go for audi A6 or Avant instead of BYD 72K EUROS,0,True
UgzqKGUheIRZ_Ep3kxJ4AaABAg,comment,gzHLv6rLSpQ,,False,@johnrobby82,Han from Two Broke Girls： I can't believe they made an EV out of my name!,0,True
UgysTbu6ahuTsrPZbS54AaABAg,comment,gzHLv6rLSpQ,,False,@atracy7686,我真的没想到，BYD的车，比孔子学院更能推广中文的入门和普及。,0,True
Ugx1wfQPbZWurruEs_14AaABAg,comment,gzHLv6rLSpQ,,False,@enorhted,"Once this picks up in sales, pretty sure some government is gonna label them as a national security threat and start sanctioning them 😂",4,True
Ugx1wfQPbZWurruEs_14AaABAg.9nKWnMzUWcS9n_ionij2Ow,comment,gzHLv6rLSpQ,Ugx1wfQPbZWurruEs_14AaABAg,True,@KKI98,"China in the field of electric vehicle technology, not afraid of Western sanctions, China can produce its own electric vehicles and power battery systems, while the United States Tesla includes some Western countries, they are still using China's power battery system, because Western countries can not produce power battery systems, in terms of power battery system endurance, Western technology is far behind China, China in the field of electric vehicles, including power battery systems, leading the world",0,True
Ugx1wfQPbZWurruEs_14AaABAg.9nKWnMzUWcS9saEWfAL0SF,comment,gzHLv6rLSpQ,Ugx1wfQPbZWurruEs_14AaABAg,True,@aaronzhang3367,没错😂,0,True
Ugx1wfQPbZWurruEs_14AaABAg.9nKWnMzUWcS9saEYLNCt8Z,comment,gzHLv6rLSpQ,Ugx1wfQPbZWurruEs_14AaABAg,True,@aaronzhang3367,“国家安全”,0,True
UgxiDRv0O_6J3JmtfwV4AaABAg,comment,gzHLv6rLSpQ,,False,@healthnewtrend,Not all cars they sold are electric!!!,0,True
UgxYSCivcoRlDO6JVSx4AaABAg,comment,gzHLv6rLSpQ,,False,@Laladododadada,"If this car goes to the United States, will he be punished by the United States goverment? There are cameras in the car! ha-ha.",0,True
UgzLHxgqaZLkMCHX5UJ4AaABAg,comment,gzHLv6rLSpQ,,False,@1rustyb,kWh battery size?,0,True
Ugw4bGvQb5utoLveD294AaABAg,comment,gzHLv6rLSpQ,,False,@AL-kc4kg,supporting communism is supporting war,0,True
UgwShm9DKeCmpb67m7x4AaABAg,comment,gzHLv6rLSpQ,,False,@localsweden,Very nice car,0,True
UgydVmNRMdFR2d-FWc14AaABAg,comment,gzHLv6rLSpQ,,False,@aqramamri2004,Baik beli tesla,0,True
Ugz_6SAHjGopr0TmVfV4AaABAg,comment,gzHLv6rLSpQ,,False,@kelanzhi7269,California？ BYD is coming to north america?,0,True
UgzaavpFTNywxQtEb-l4AaABAg,comment,gzHLv6rLSpQ,,False,@madev_channel,"Gald you liked this EV, keep up the good work.
A+ for your Chinese pronounciation btw😄",2,True
Ugy4aujVAgnBt525iRt4AaABAg,comment,gzHLv6rLSpQ,,False,@tonypaca3015,"i like this byd but the best china models right now are nio et7, li auto l9, im l7 and im ls7, hiphi z, avatr 11 and aito m5",0,True
UgyiN0pgK2Q3-BfG46x4AaABAg,comment,gzHLv6rLSpQ,,False,@cericson3426,0 to 100 kpm in 3.9 sec,0,True
UgxVxbhhzMDH7XGyeJJ4AaABAg,comment,gzHLv6rLSpQ,,False,@husing4133,Chinese EV car local exporter    PM me,0,True
UgwHgkFrATbuSsnuphJ4AaABAg,comment,gzHLv6rLSpQ,,False,@cliffordfan4751,I don't think this is the best selling car in the world...  Model 3 or Model Y were sold a lot more than this car.,1,True
UgzEiiyd7g76M23dU6h4AaABAg,comment,gzHLv6rLSpQ,,False,@bostonblackie9503,"With the price of US cars, if it comes to the States it better come to Canada. PS: I think it is a given it is coming to North America in 2023. Their SUV looks nice too. Also it is described as the first Chinese Auto Company in the US.",3,True
UgxPc_uJ8CYkhoX4U8x4AaABAg,comment,gzHLv6rLSpQ,,False,@dukeofcyprus,WTH this dude just spoke mandrin like it was nothing. Y'all didn't hear that?,1,True
UgxPc_uJ8CYkhoX4U8x4AaABAg.9nCcKdKyHMP9naMLfBtONU,comment,gzHLv6rLSpQ,UgxPc_uJ8CYkhoX4U8x4AaABAg,True,@kkit8629,Basic words are very easy & in most school/college learning secondary language is common.,0,True
UgxkkVPyTtVU51-1Fl54AaABAg,comment,gzHLv6rLSpQ,,False,@peaceleague6514,Why is everyone using youtube after the PRISM scandal？,1,True
UgxjZYgTzy9kZuXt3RN4AaABAg,comment,gzHLv6rLSpQ,,False,@Chrissy212,"If we keep being lazy and not building our own stuff ( because it's too expensive) 😔
Which is a terrible excuse. China is really going to overtake us. They already dominate in manufacturing. What if a real war happened and we needed manufacturing capability China would be able to do to us what we did to Germany because their sheer manufacturing prowess. China is really taking steps into the future and we're lagging on our duties and our morals.",0,True
UgxjZYgTzy9kZuXt3RN4AaABAg.9nCUBuOZx4R9nEgQrybJCY,comment,gzHLv6rLSpQ,UgxjZYgTzy9kZuXt3RN4AaABAg,True,@李感恩-p8q,中国是一个爱好和平的国家。,1,True
UgxjZYgTzy9kZuXt3RN4AaABAg.9nCUBuOZx4R9naMrdyrJTE,comment,gzHLv6rLSpQ,UgxjZYgTzy9kZuXt3RN4AaABAg,True,@kkit8629,"Don't worry they don't have interest in Deflecting personal problems into going wars or oil war or in funding military complex war. 

Just saying it ain't that easy to make people to say yes to a war in most of countries, unlike US where people are so fixated on dystopian thoughts even while in macd jobs.",0,True
UgwzjG0piqCOEXYxyLZ4AaABAg,comment,gzHLv6rLSpQ,,False,@jamesfranklin2203,It isn’t clear which is the range,0,True
Ugw4_s3TAovo2ra2q0J4AaABAg,comment,gzHLv6rLSpQ,,False,@Xinxin_Wang,加州能买到比亚迪？,0,True
Ugzvuadztpumdf42KMh4AaABAg,comment,gzHLv6rLSpQ,,False,@jasvindersingh-2,Why do us have such low range cars. Tesla has monopoly on this market,0,True
UgyplbdiNNWtTTZ2eP14AaABAg,comment,gzHLv6rLSpQ,,False,@odisy64,"why is the title lying? the model Y is the bestselling electric car, stop including hybrids.",1,True
UgwgsclgdCzLJbOmuB94AaABAg,comment,gzHLv6rLSpQ,,False,@Sossingro,"Just tried this and the biggest SUV they have. They seem nice but they're a bit small. I'm 6'4"" and my head fits when on the lowest seat setting but the surround for the windshield blocks my view too much. The headrest also goes into my neck rather than supporting my head. People over 6', maybe 6'2"" up might have the same issue.",1,True
UgwgsclgdCzLJbOmuB94AaABAg.9n9RHZVfsgh9oimAImrVcm,comment,gzHLv6rLSpQ,UgwgsclgdCzLJbOmuB94AaABAg,True,@kem1909,"It seems that they are for the Chinese after all, maybe they'll change that when selling to the states",0,True
UgwgsclgdCzLJbOmuB94AaABAg.9n9RHZVfsgh9oivTfoKb1l,comment,gzHLv6rLSpQ,UgwgsclgdCzLJbOmuB94AaABAg,True,@Sossingro,"@kem1909 Potentially, western cars over here have been adapted to a degree, but with batteries in the floor I've been struggling to fit in most electric cars. Thank god for Nio, at least I fit in 2 of their cars.",1,True
UgwgsclgdCzLJbOmuB94AaABAg.9n9RHZVfsgh9qQSVadI0Vc,comment,gzHLv6rLSpQ,UgwgsclgdCzLJbOmuB94AaABAg,True,@kpokfposkf,"try the Denza D9 (BYD's Luxury Minivan), superb tech and tons of room. The plug-in hybrid version has 190km of EV range and over 1k km of total range with gas.",1,True
UgwgsclgdCzLJbOmuB94AaABAg.9n9RHZVfsgh9qQZUyp_9uD,comment,gzHLv6rLSpQ,UgwgsclgdCzLJbOmuB94AaABAg,True,@Sossingro,"@kpokfposkf There's a Denza SUV that parks opposite me underground, looked them up and saw it's partially owned by Mercedes. It's on my list to check out but if the price is anywhere close to Nio then if have to decline due to BaaS.

Thanks for reminding me though, I'll have a look at the prices!

Edit: I just had a look and think I actually sat in one of those minivans on display on Tuesday at the Daxing Livat mall.

Overall it seemed nice, especially the middle seats, like armchairs, but the driver's seat was too small (headrest goes into my neck instead of supporting my head, can't remember if it didn't go low enough too), but I did have 1 major complaint about quality.

I'm not sure if this was because people treated it poorly, but the accelerator pedal felt wobbly, and had a weird thing where it'd get stuck when applying pressure about 4/5ths of the way down, then I'd have to wiggle my foot to get it to fully engage.

I think the one parking opposite me is an N7 or N8, I'll have a look into those.",0,True
UgwgsclgdCzLJbOmuB94AaABAg.9n9RHZVfsgh9qQ_3_lIqme,comment,gzHLv6rLSpQ,UgwgsclgdCzLJbOmuB94AaABAg,True,@kpokfposkf,"@Sossingro it’s priced around 400k rmb in china but it competes with Alphard/LM. D9 Tech beats Alphard hands down, just wished it had air suspension for that price. Not saying the suspension setup was poor because I fell asleep 5min into the demo test drive😆",0,True
UgwgsclgdCzLJbOmuB94AaABAg.9n9RHZVfsgh9qQaF1HxrD7,comment,gzHLv6rLSpQ,UgwgsclgdCzLJbOmuB94AaABAg,True,@kpokfposkf,"@Sossingro one more note about BYD, they have this Tang DM-i and DM-p model (7seater), one is the ordinary plug-in hybrid that has 252km EV range/1100km total and the performance model (dm-p) has 215km EV range and does 0-100 in like 4s. But these cost around 300k RMB. Needless to say they have partnership with Toyota so their engines are nothing less than reliable. No compromise 7 seat crossovers 😁😁",0,True
UgwgsclgdCzLJbOmuB94AaABAg.9n9RHZVfsgh9qQbsXsAdI1,comment,gzHLv6rLSpQ,UgwgsclgdCzLJbOmuB94AaABAg,True,@Sossingro,"@kpokfposkf Thanks I'll have a look at the EV too. I get fined for driving on the wrong day in Beijing. It's not too expensive but it is annoying, the biggest issue is that sometimes police pull me over to tell me I shouldn't be driving on that day, which costs me time on the way to work.. When I went to pay all the fines I asked the policeman if hybrids are exempt from the rule and he said no, so really focussing on EVs for now!",0,True
UgwgsclgdCzLJbOmuB94AaABAg.9n9RHZVfsgh9qQcmHpxe5e,comment,gzHLv6rLSpQ,UgwgsclgdCzLJbOmuB94AaABAg,True,@kpokfposkf,"@Sossingro oh wow, I’m still travelling within China, in Guangzhou. Sucks to be fined, as far as I know, dm-i and dm-p are plug-in hybrids and have the green plates, I mean they are pretty much EVs. Normal hybrids are only blue plates.",0,True
Ugw2zRxLhdMfjXunjQF4AaABAg,comment,gzHLv6rLSpQ,,False,@markuslc1888,"i ve driven the car last week, very good car impressive to drive great handling and great comfort, drives similar to a model s. there are only a few let downs. the software from the infotainment is not great, buggy and needs refinement, no matrix lights, the boot is a joke compared to a model s as well as the charging speed. if the car gets 800v with up to 350kw charging speed like with hyundai and kia and they change the infotainment a bit more towards tesla i will buy one. i love the design, in and out, i love the attention to detail the big electric sunroof. the dynaudio soundsystem could be better, the dirac soundsystem in the tanq is way better.",12,True
Ugw2zRxLhdMfjXunjQF4AaABAg.9n9RCxmc1yh9oxqXYv_fFz,comment,gzHLv6rLSpQ,Ugw2zRxLhdMfjXunjQF4AaABAg,True,@赵先生-i8o,你适合u9,0,True
Ugwgi4eecUH2MeIWuf54AaABAg,comment,gzHLv6rLSpQ,,False,@立张-s2d,"Byd produces electric cars and also manufactures mobile phones, Samsung, Huawei, Xiaomi, oppo, etc. As long as BYD is willing to make mobile phones, it is no worse than cars!",0,True
UgzKaMnacwXsVmoDS-V4AaABAg,comment,gzHLv6rLSpQ,,False,@anc12345678,"look nice, seems a fun car too",0,True
Ugzfev1B1pQBxlc1QSh4AaABAg,comment,gzHLv6rLSpQ,,False,@差不多得了-x9n,How much did BYD pay you for this video?,1,True
UgzENJvCEpGuQDhnsah4AaABAg,comment,gzHLv6rLSpQ,,False,@isaiahyoungbrown,Makes it real easy for thier government to monitor,0,True
Ugzw8LCiiET5Sd7SdTZ4AaABAg,comment,gzHLv6rLSpQ,,False,@gzny11021,Second HUAWEI,0,True
UgykT0BtJCUIxO34Rfp4AaABAg,comment,gzHLv6rLSpQ,,False,@fikeryebeltal9068,Don’t forget that the car is owned by the government of China who is going to enjoy your data . Just like what they are doing by the social media apps. So don’t be fool!Drive Corolla !,0,True
UgwFOoxpAYpVdX6Dz4B4AaABAg,comment,gzHLv6rLSpQ,,False,@pingtao8437,"BYD Han is great and the model is everywhere in China now, my brother even chose it for his wedding instead of his bf's BMW X5.",23,True
UgwFOoxpAYpVdX6Dz4B4AaABAg.9n4ir73kuGD9pZ2p2CjXrB,comment,gzHLv6rLSpQ,UgwFOoxpAYpVdX6Dz4B4AaABAg,True,@jacklim5940,his bf， en,0,True
Ugx42shKpriJ9_2QQ7N4AaABAg,comment,gzHLv6rLSpQ,,False,@kambion,looks like a 2013 Accord lol,0,True
UgzQe30TD3LMbnKj6pt4AaABAg,comment,gzHLv6rLSpQ,,False,@mdkhalidrahman2832,How come this car brand is so unfamiliar?!?!,0,True
UgwUZx87hw0iLp1McnR4AaABAg,comment,gzHLv6rLSpQ,,False,@林千山,72，000欧元。我是不是听错了。在中国是30，000欧元,0,True
UgyvgQWqnPrrUEkmmlJ4AaABAg,comment,gzHLv6rLSpQ,,False,@armenberejiklian4230,Like this car 😀👑🥂,0,True
UgzrewHjil_QGKYOTRF4AaABAg,comment,gzHLv6rLSpQ,,False,@lifecoaching5068,Equipped with Chips made to track you by Chinese government,0,True
UgzrewHjil_QGKYOTRF4AaABAg.9myNLzCcG0s9myusk1iw8k,comment,gzHLv6rLSpQ,UgzrewHjil_QGKYOTRF4AaABAg,True,@张小光-v5m,西方人请继续变的不自信，继续,3,True
UgzrewHjil_QGKYOTRF4AaABAg.9myNLzCcG0s9mzjofvcoK7,comment,gzHLv6rLSpQ,UgzrewHjil_QGKYOTRF4AaABAg,True,@新雷李,@张小光-v5m 共产党只要跟朝鲜俄罗斯混一起,0,True
UgzijtPADOLvjZRbpdh4AaABAg,comment,gzHLv6rLSpQ,,False,@MELODY-LIFE-M,Where's blondie,0,True
UgyVLMY5jpWgGlcKo1p4AaABAg,comment,gzHLv6rLSpQ,,False,@Mr11ESSE111,"Chinese sells biggest amount/number of electric cars in China and in same time produce and use coal  for electric producing and factories,similar start to be in germany and other countries !! isn't that hypocrite",0,True
UgwoLc2yu-upbPpuywd4AaABAg,comment,gzHLv6rLSpQ,,False,@evelyntampubolon2035,Go sell in indonesia beat ioniq 5,0,True
UgzpT8n69bpWO3_eeER4AaABAg,comment,gzHLv6rLSpQ,,False,@hyphydan,"The RAZR came out in the 2000's.
BYD comes from Norinco, China's State Owned Military Defense company",0,True
Ugxwgk6VRYczVzToS2x4AaABAg,comment,gzHLv6rLSpQ,,False,@Straighthands420,Tesla sells more evs than BYD. Good car though,0,True
UgyuB0dISbt86PA4gB14AaABAg,comment,gzHLv6rLSpQ,,False,@percytse2370,"When US thinks the underpants made in China are a spy tool, there is no way this will ship to US.",0,True
Ugw6r_-spSxZdAUmK5J4AaABAg,comment,gzHLv6rLSpQ,,False,@wongkoewei9829,Chinese can only be damned copycat. They have no idea of innovations.,0,True
Ugw6r_-spSxZdAUmK5J4AaABAg.9mubv0nVse59nCYXIg9va5,comment,gzHLv6rLSpQ,Ugw6r_-spSxZdAUmK5J4AaABAg,True,@peaceleague6514,bing chilling,0,True
UgyQTkNsUvcb9m1fAVB4AaABAg,comment,gzHLv6rLSpQ,,False,@luisquiroz9355,"Great video, great car!!!",2,True
UgxqzgmU31GA5iJmVFt4AaABAg,comment,gzHLv6rLSpQ,,False,@andrewyoung6349,Amazing car,0,True
Ugz7C_OwX_HeBILZ-ep4AaABAg,comment,gzHLv6rLSpQ,,False,@GS-lf4rk,BYD is the only EV company that make their fastest car in PHEV instead of BEV. the DM-P version of Han is actually more powerful.,1,True
UgyAnW_bTQ0B-ALrz-d4AaABAg,comment,gzHLv6rLSpQ,,False,@sinisa3772,Kopiranje,0,True
UgyEsj-Vp1KDePKXcq14AaABAg,comment,gzHLv6rLSpQ,,False,@tntgvng2312,How can I become a camera 📷 man for you guys??,0,True
UgwsEvlS4XqDoCrZ1Fx4AaABAg,comment,gzHLv6rLSpQ,,False,@GH-xt5df,"Try Seal next time please,",0,True
UgwdHanHhFSkgIMThAd4AaABAg,comment,gzHLv6rLSpQ,,False,@tedzehnder961,"The production lines are designed by Tesla, how well they are ""screwed together"" depends on how closely the line stays ""calibrated"". With the new German Tesla plant starting up their production it will be interesting how they stack up vs the Chinese plant.We already know the fit and finish seems more consistent on the Chinese units vs the USA models are better.
Also I would be curious as to number of units per 24 hours the various plants pump out production wise.",6,True
UgwdHanHhFSkgIMThAd4AaABAg.9mqoTSvdzFq9oRA-HaBewZ,comment,gzHLv6rLSpQ,UgwdHanHhFSkgIMThAd4AaABAg,True,@QL2004,"​Yee Tian no, neither byd nor xpeng was designed by tesla.",0,True
UgwdHanHhFSkgIMThAd4AaABAg.9mqoTSvdzFq9q3DhPmp1g4,comment,gzHLv6rLSpQ,UgwdHanHhFSkgIMThAd4AaABAg,True,@skahu78,The design Is from a ex audi designer,0,True
Ugz1oth2e27r8YYus-B4AaABAg,comment,gzHLv6rLSpQ,,False,@hongcezhang2889,"Because US hates China, and this is Chinese EV. It will never land in US market.",2,True
UgyB-9XJF9xb-17JNLF4AaABAg,comment,gzHLv6rLSpQ,,False,@0.0LEE-n8i,"In China, the price of Han is RMB 210,000-310,000, which is a minimum of USD 30,000-45,000 or EUR 28,000-42,000.🤣This also allows Europe and the United States to taste the feeling of high-priced imported cars",1,True
Ugx_Za9Sq8zv37NmSOR4AaABAg,comment,gzHLv6rLSpQ,,False,@Z_Y89,"really hope NA can get more competitions for cars, phones etc. they are way too expensive now, and shows no sign that will become more affordable.",4,True
Ugx4fjuL_TZaH7tQjWx4AaABAg,comment,gzHLv6rLSpQ,,False,@gabrielmonti4794,"Is a Chinese company, the ones take your jobs wherever you are, and if you buy one YOU are contributing to the Communist Party, up to you to deal with Putin friends",0,True
Ugx4fjuL_TZaH7tQjWx4AaABAg.9mnif62X3mf9n1HTMhIh2c,comment,gzHLv6rLSpQ,Ugx4fjuL_TZaH7tQjWx4AaABAg,True,@sunmanyi3265,Do you have many friends and relatives who think like you?,1,True
UgxSrZ_1C73A-TwynFN4AaABAg,comment,gzHLv6rLSpQ,,False,@purabus6470,"this chinnese car wins in every segment, coolness, style, features etc
EXCEPT for the name, it's pretty cringe",0,True
UgzQfnIIBJ001T3REcl4AaABAg,comment,gzHLv6rLSpQ,,False,@IamJohnnyFan,You guys should review Nio et7,1,True
UgwOT-y17QmaqfLA65d4AaABAg,comment,gzHLv6rLSpQ,,False,@比干武曌,这个品牌我知道以前在外国的一个网站上看过，他们的车上面用的全都是他们国家由古代象形文字演化而来的文字做的标记！而且电池什么的技术很厉害，总之很酷的！听起来不错，希望我们国家也能有这么棒的车​,9,True
UgwOT-y17QmaqfLA65d4AaABAg.9mmtLjVYP2O9o4EtGW1R8J,comment,gzHLv6rLSpQ,UgwOT-y17QmaqfLA65d4AaABAg,True,@mjatonyperry8508,比亚迪就是中国的呀😄,0,True
UgwOT-y17QmaqfLA65d4AaABAg.9mmtLjVYP2O9o4Eu3bX7_8,comment,gzHLv6rLSpQ,UgwOT-y17QmaqfLA65d4AaABAg,True,@mjatonyperry8508,开玩笑吗,0,True
UgwOT-y17QmaqfLA65d4AaABAg.9mmtLjVYP2O9pOzbT3Ajw4,comment,gzHLv6rLSpQ,UgwOT-y17QmaqfLA65d4AaABAg,True,@yifengqin3802,@mjatonyperry8508你看他的语法，可能是中文很好的一个外国人。,0,True
UgwOT-y17QmaqfLA65d4AaABAg.9mmtLjVYP2O9sYW-6GGMu1,comment,gzHLv6rLSpQ,UgwOT-y17QmaqfLA65d4AaABAg,True,@YurinKawasumi,请问你是哪里人？,0,True
UgwOT-y17QmaqfLA65d4AaABAg.9mmtLjVYP2O9uFJFlshQba,comment,gzHLv6rLSpQ,UgwOT-y17QmaqfLA65d4AaABAg,True,@D121346639m,中共同路人,0,True
UgwqyL983DdWkyKrO7B4AaABAg,comment,gzHLv6rLSpQ,,False,@grandizer4531,Guys you know that the CCP will not let an American company prosper in China.  Do not support these vehicles if they come to the U.S.,0,True
UgwqyL983DdWkyKrO7B4AaABAg.9mlZOrzEq609mm-yTLl4lN,comment,gzHLv6rLSpQ,UgwqyL983DdWkyKrO7B4AaABAg,True,@unclerico4461,What are you talking about? Tesla straight up has a factory in Shanghai and are one the hottest selling EVs over there,0,True
UgwqyL983DdWkyKrO7B4AaABAg.9mlZOrzEq609mm0dl9XCJD,comment,gzHLv6rLSpQ,UgwqyL983DdWkyKrO7B4AaABAg,True,@grandizer4531,@unclerico4461 China does that just so they can copy your tech.  Wake up.,0,True
UgwqyL983DdWkyKrO7B4AaABAg.9mlZOrzEq609mpebzOydHL,comment,gzHLv6rLSpQ,UgwqyL983DdWkyKrO7B4AaABAg,True,@eyeofthetiger6002,"@grandizer4531 not really, when Warren Buffett is one of your main investors since 2008 but not in Tesla,you know who's actually copying from whom! Btw,BYD batteries are also used in Teslas.🤣",1,True
UgwqyL983DdWkyKrO7B4AaABAg.9mlZOrzEq609mqag0jl48P,comment,gzHLv6rLSpQ,UgwqyL983DdWkyKrO7B4AaABAg,True,@grandizer4531,@eyeofthetiger6002 how's their self driving?,0,True
UgwqyL983DdWkyKrO7B4AaABAg.9mlZOrzEq609n1sn_ZkIP-,comment,gzHLv6rLSpQ,UgwqyL983DdWkyKrO7B4AaABAg,True,@sunmanyi3265,"@grandizer4531 By the end of 2020, a total of 1,040,480 foreign companies were registered in Mainland China, the Official data was provided by the Ministry of Commerce (MOFCOM), of which thousands of them are American companies, namely Apple, Tesla, Microsoft, IBM, Amazon, GE, General Motors, YUM, NPR, AT&T, Walmart, Target....etc..etc.. go google and find out more. Some of the American companies have been in China for over 30 years!. Your statements and your opinion sounded so silly.",0,True
UgwqyL983DdWkyKrO7B4AaABAg.9mlZOrzEq609nC_X4i_c_l,comment,gzHLv6rLSpQ,UgwqyL983DdWkyKrO7B4AaABAg,True,@peaceleague6514,"How come Americans are condemning China while practicing protectionism themselves? US companies make hundreds of billions of dollars in China every year, and yet u call it ""not prosper."" Do some research instead of relying solely on your imagination.",0,True
Ugyhpw1oR1zgvEWIGLV4AaABAg,comment,gzHLv6rLSpQ,,False,@FLAME-pj7nh,When this car comming to Europe?,0,True
UgyzFMhjOntONkTRkNJ4AaABAg,comment,gzHLv6rLSpQ,,False,@donniebuchanan4154,Looks like they copied lucid,1,True
Ugy4QqBFQSNHdzkNcGd4AaABAg,comment,gzHLv6rLSpQ,,False,@rddubbwright6283,Will this be company come to the usa,0,True
UgxLa_6kodp4zy-zN-t4AaABAg,comment,gzHLv6rLSpQ,,False,@shanly7421,Not interested in Chinese cars . sorry ✌,1,True
UgxLa_6kodp4zy-zN-t4AaABAg.9mjynwyQ73z9n1Ipp0DIJ5,comment,gzHLv6rLSpQ,UgxLa_6kodp4zy-zN-t4AaABAg,True,@sunmanyi3265,Why are you here?,1,True
Ugy8GzITx5ayKPO8AJd4AaABAg,comment,gzHLv6rLSpQ,,False,@randomfootages9120,Now Americans get offended and cannot control their jealousy 😂,1,True
UgzI8Jc97EAIYqLIr3Z4AaABAg,comment,gzHLv6rLSpQ,,False,@caliboy2498,Bydd rocks How r Musk’s court cases sir and Twitter debt and cash he drained into Twitter. Does he qualify for future loans as he has huge debt n no cash. Musk is a liar don’t buy into his future hype plans. He is under huge Twitter debt n so many billions he paid cash for Twitter r down the drain now he is making all PR stunts n hype news,1,True
UgyUXa2gzQaSiwpacsh4AaABAg,comment,gzHLv6rLSpQ,,False,@deebil8099,"BYD still sells more Hybrids than full electric cars. They still don't touch Tesla with their all electric cars. Now that Tesla lowered their prices and BYD had to raise them, Teslas are actually similar in price to BYD. Since Teslas are much better cars, they will keep outselling the BYD for years. I think the CCP will kick Tesla out of the country. They already stole their tech. They don't need them anymore...",0,True
UgyUXa2gzQaSiwpacsh4AaABAg.9mj54VhXBB09mjB5O-yZuW,comment,gzHLv6rLSpQ,UgyUXa2gzQaSiwpacsh4AaABAg,True,@ensteffo,You didnt get a single fact correct and injected some of your very own indoctrinated anti Chinese propaganda.,1,True
UgzKSJG1z_flATPhYkN4AaABAg,comment,gzHLv6rLSpQ,,False,@adeo7870,"While I would like to say,  good review,  one is more inclined to say, Good advert. I may have missed it in the advert, but was anything mentioned about the range? This is more important to drivers than landscape or the portrait of the screen and how many more of these cars were sold than Tesla.",1,True
Ugx7XLdZABSsKZOEj4h4AaABAg,comment,gzHLv6rLSpQ,,False,@shubham3301,Looks good but when it comes to reliability sorry it's made in China.,0,True
UgzM8xBJVhM32Q-aspl4AaABAg,comment,gzHLv6rLSpQ,,False,@USNEM,"Bro, BYD and NIO need toxcome to america PLEASEEEE",0,True
UgycGt7FqovHxkBMaKN4AaABAg,comment,gzHLv6rLSpQ,,False,@aa1944-k2r,"BYD actually brought in ex designers (external and internal) of Ferrari, Lamborghini, Audi and Mercedes a few years ago, they are really serious about pushing their brand towards international customers...",115,True
UgycGt7FqovHxkBMaKN4AaABAg.9mhLM48Tfy4A1uCfnIEXlo,comment,gzHLv6rLSpQ,UgycGt7FqovHxkBMaKN4AaABAg,True,@sequence9-seer,"they cant sell internationally  that well, first off, 35k in china  wont be cheap in us or eu, second everyone will buy what they know over the china
and that's the unlucky part",0,True
UgzOz0doXWKtRgh2wgB4AaABAg,comment,gzHLv6rLSpQ,,False,@ferdinandhe5239,Some other Chinese electric car could be better,0,True
UgwIhcF9AfRjAxXzHMx4AaABAg,comment,gzHLv6rLSpQ,,False,@uromvictor,"They are not the leading EV company. 
Stop spreading falsehood. 

They sell hybrids 😂

And if you count Hybrids Toyota sold more.",1,True
UgyaByfYC6LutlLqJPx4AaABAg,comment,gzHLv6rLSpQ,,False,@HellcatDreaminJosh,Supercar Blondie Great Review I think that BYD Han EV is pretty awesome and I think it's awesome that it's Chinese,2,True
UgynDohlrG3nV3i5D5d4AaABAg,comment,gzHLv6rLSpQ,,False,@karlvaranovich6088,Looks like a toy car...,1,True
UgynDohlrG3nV3i5D5d4AaABAg.9mf-xeTqA869mm0L7xkR1x,comment,gzHLv6rLSpQ,UgynDohlrG3nV3i5D5d4AaABAg,True,@unclerico4461,So does tesla lol. Actually Tesla look more toy car like with all it's plastic cheap interior,0,True
UgzvJBVbZTgq2L-afq54AaABAg,comment,gzHLv6rLSpQ,,False,@markplott4820,"Blondie - FALSE , Tesla actually sells more Vehicles WORLDWIDE than BYD , and BYD constantly LIES.
they pad their Actual production numbers with Hybrids , and when you DELETE hybrids from Production , TESLA sells MORE BEV in China than BYD , and TESLA sell more GLOBALLY than BYD. 
BYD also makes a Cheap SHITTY car thats UNSAFE. look at China SAFETY data and EURO NCAP. 
BYD has 8x less Profits than TESLA , let that SINK in.",0,True
UgzvJBVbZTgq2L-afq54AaABAg.9meghkBh2S_9mjBXxVhPbl,comment,gzHLv6rLSpQ,UgzvJBVbZTgq2L-afq54AaABAg,True,@ensteffo,"You lie and i have specifically seen this account name spreading anti Chinese propaganda on many car channels. BYD didn't lie just because someone else don't report the facts as BYD share them (public knowledge anyone can look up) which is rather different than ""a lie"".",1,True
UgzvJBVbZTgq2L-afq54AaABAg.9meghkBh2S_9mjI9g-YNf3,comment,gzHLv6rLSpQ,UgzvJBVbZTgq2L-afq54AaABAg,True,@markplott4820,"@ensteffo  - FACTS are Hybrids are not 100% Electric cars, Hybrids are GAS cars w/ Golf Cart battery. 
besides GAS cars, Hybrids, CNG, and FCEV are all in DECLINE.
the ONLY metric that MATTERS is how many 100% PURE BEV are sold. 
TESLA in 2022 outsold BYD WORLDWIDE.",0,True
UgzvJBVbZTgq2L-afq54AaABAg.9meghkBh2S_9mm0i-MEqbY,comment,gzHLv6rLSpQ,UgzvJBVbZTgq2L-afq54AaABAg,True,@unclerico4461,"@markplott4820 Lol BYD Han literally has a 5 star NCAP rating...also if tesla is so godly like making it out to be, how come it needs to buy their batteries from BYD LOOOOOOOL",0,True
UgzvJBVbZTgq2L-afq54AaABAg.9meghkBh2S_9mmoXldMGnc,comment,gzHLv6rLSpQ,UgzvJBVbZTgq2L-afq54AaABAg,True,@markplott4820,"@unclerico4461 - TESLA has 70% less cost to Manufacture than anyone else, and over time has LOWERED cost to Consumer.
BYD still too EXPENSIVE in EU.
Tesla model 3 RWD now Cheaper to own than Carolla in USA. 
Tesla GEN 3 Vehicle more than 50% less than RWD model 3. 
goodbuy BYD.",0,True
UgzvJBVbZTgq2L-afq54AaABAg.9meghkBh2S_9mms_ElmbY4,comment,gzHLv6rLSpQ,UgzvJBVbZTgq2L-afq54AaABAg,True,@markplott4820,"@unclerico4461  - in other news, SANDY MUNRO almost S---t his pants when he sees the NEW Tesla Hardware.
the NEXT gen Tesla, is that GOOD.",0,True
Ugzcv0QoQoU09Zr3A314AaABAg,comment,gzHLv6rLSpQ,,False,@Superduper99999,"Chinese car need to focus on safety,",1,True
UgzhWYWPRITPUulpXRZ4AaABAg,comment,gzHLv6rLSpQ,,False,@79gbert,That’s crazy I saw that car yesterday in the 210 freeway the one I saw was red looked really nice,12,True
UgxXqa6SUmdk2WRRWmJ4AaABAg,comment,gzHLv6rLSpQ,,False,@steelcom5976,"Where is the charging network? Where is the repair network? What is the access to replacement parts? Those are big deals. Without that, it's just a local town car for runs to the store.",0,True
UgwUzv7TEAkTNu75lDl4AaABAg,comment,gzHLv6rLSpQ,,False,@N0rdman,"NO! BYD didn't sell 1.9 million EVs, they sold 1.9 million vehicles of which most were ICE cars with internal combustion engines and roughly half were EVs or 911,000 of them. That means Tesla sold more EVs than BYD as Tesla ONLY sells EVs.",0,True
Ugw6yfcXKL7MGVkweOR4AaABAg,comment,gzHLv6rLSpQ,,False,@five50BCE,"""new insecurity unlocked"" 😂",1,True
UgzWeHJw0617m29OC6t4AaABAg,comment,gzHLv6rLSpQ,,False,@nicolam9894,"1,9 millions half of which not full electric",0,True
UgzeEhCPjAiz6gC2joB4AaABAg,comment,gzHLv6rLSpQ,,False,@89five3five,Looks like a Honda Accord from the front.,0,True
UgywcYphApIr-Nvszed4AaABAg,comment,gzHLv6rLSpQ,,False,@willcomedevil3916,BYD is Build Your DADDY,0,True
Ugwq0pZ-uV7GZq70_gJ4AaABAg,comment,gzHLv6rLSpQ,,False,@CatScanJim,0-100 what? Miles or KPH? You say it 3 times but never specify.,0,True
Ugx0PJg1zbOLAmxOMWB4AaABAg,comment,gzHLv6rLSpQ,,False,@bangguseok_economy,"72,000 euro for chinses car? Only for chinese nationalist.",1,True
UgzG1QgkjHaDAGt-SA94AaABAg,comment,gzHLv6rLSpQ,,False,@DHang-fh1gp,"Wow, now, you can say Good bye Tesla 👋
Reason that why Warren Buffet put money in this company instead of Tesla.",0,True
UgwniFbVjGEt5lQwEPR4AaABAg,comment,gzHLv6rLSpQ,,False,@boonchew9620,"The logo is the character 汉 (Han), one of the main Chinese race.",0,True
UgxjYtR9drRLlgEvCd14AaABAg,comment,gzHLv6rLSpQ,,False,@rah113,Never heard of them,1,True
UgxPGdVExiGMrgjIa-54AaABAg,comment,gzHLv6rLSpQ,,False,@2prize,Sergi is cute tho 😳,0,True
Ugxu_ColnGidZT8D9Qd4AaABAg,comment,gzHLv6rLSpQ,,False,@taozhou6726,were you at Disneyland,0,True
UgwBs2MFFQ7Q0BJ0Jtt4AaABAg,comment,gzHLv6rLSpQ,,False,@_Adventure_Awaits,Did you see the fuel cap? The reference to litres on the back badge? It’s not a pure EV …. BYD make far less pure EVs than Tesla. So why do you try and mislead people?,0,True
UgwRXIDKHdZSBzhfLcl4AaABAg,comment,gzHLv6rLSpQ,,False,@OMG1688,"Undoubtedly, sooner or later BYD will be next Huawei,  being sanctioned by USA",0,True
Ugx2-FrzwKkqn9uw8IN4AaABAg,comment,gzHLv6rLSpQ,,False,@Starcare3,I learnt the BYD cars have a lot of rust problems,1,True
Ugx2-FrzwKkqn9uw8IN4AaABAg.9mb9Fvul9bN9mjBol-xPFK,comment,gzHLv6rLSpQ,Ugx2-FrzwKkqn9uw8IN4AaABAg,True,@ensteffo,Every car has rust problem when you fish it out of the ocean and let it sit in the junk yard.,0,True
Ugxs6LcGm9Nt17mOxKx4AaABAg,comment,gzHLv6rLSpQ,,False,@aarushsingh2356,"I don't know why I feel like many designs have been picked from some or the other brand like the rear light look like mustang, the compartment below ac vents look like from a Mercedes",0,True
UgwLgYcWC_dqRJ4iLCB4AaABAg,comment,gzHLv6rLSpQ,,False,@SMMiles,CCP approved,1,True
Ugx8HHe7P5pPAigTybl4AaABAg,comment,gzHLv6rLSpQ,,False,@damiancps69,FANTASTIC!,1,True
UgzJ512D6ObGpJRjXdR4AaABAg,comment,gzHLv6rLSpQ,,False,@jackchen8819,I am sick of the people like you. The car good or not at less run for ten years then your may be know. On other hand the BYD not sale in US. If good car why not sale in US?,0,True
UgzJ512D6ObGpJRjXdR4AaABAg.9m_YoTZuCEi9m_zZWhbtEk,comment,gzHLv6rLSpQ,UgzJ512D6ObGpJRjXdR4AaABAg,True,@vitolu6727,Do you really believe that US government will allow Chinese companies to enter the US market given the current US-China geopolitics?,0,True
UgxF9fIJbS5v0vR4hp94AaABAg,comment,gzHLv6rLSpQ,,False,@zaidpatel8695,Made in china. Pass.,1,True
UgxF9fIJbS5v0vR4hp94AaABAg.9m_V8pANoub9md2_aBLYrY,comment,gzHLv6rLSpQ,UgxF9fIJbS5v0vR4hp94AaABAg,True,@zaidpatel8695,Rex You make no sense. Try harder.,0,True
UgxF9fIJbS5v0vR4hp94AaABAg.9m_V8pANoub9meUWABCBfS,comment,gzHLv6rLSpQ,UgxF9fIJbS5v0vR4hp94AaABAg,True,@zaidpatel8695,Rex filthy commie Bot spotted.,0,True
UgxF9fIJbS5v0vR4hp94AaABAg.9m_V8pANoub9medC-GadlC,comment,gzHLv6rLSpQ,UgxF9fIJbS5v0vR4hp94AaABAg,True,@zaidpatel8695,"Rex Awww, commie got hurt in comments section. Cope harder.",0,True
UgxF9fIJbS5v0vR4hp94AaABAg.9m_V8pANoub9menFXnBsuv,comment,gzHLv6rLSpQ,UgxF9fIJbS5v0vR4hp94AaABAg,True,@zaidpatel8695,Rex Filthy still salty. Lol,0,True
UgyguJ5SZrKSqWo1aHp4AaABAg,comment,gzHLv6rLSpQ,,False,@kb8570,Starting your video with lies is never a good idea. BYD sells hybrid cars mostly which should not be included in total electric sales.,0,True
UgyguJ5SZrKSqWo1aHp4AaABAg.9m_Qzh49L-89mjCFL18FyW,comment,gzHLv6rLSpQ,UgyguJ5SZrKSqWo1aHp4AaABAg,True,@ensteffo,"Considering you portray half of their sold cars as ""mostly"" it is probably more accurate to describe you as the liar.",0,True
UgyNHXrxYKt-P3MmrqV4AaABAg,comment,gzHLv6rLSpQ,,False,@seangrazette2378,"Thanks so much for this awesome video! BYD Han EV is an amazing car, I’ve had mine for a little over a year now in the Bahamas 🇧🇸 and I can’t get enough of it. The build quality and AWD performance is way better than the Tesla 3. The only ‘flaw’ is I have to learn mandarin to give it voice commands😂",120,True
UgyNHXrxYKt-P3MmrqV4AaABAg.9m_GQj1vQw19mkq8L-JVI-,comment,gzHLv6rLSpQ,UgyNHXrxYKt-P3MmrqV4AaABAg,True,@窗橱,就是太倔了，努力学好汉语。,3,True
UgyNHXrxYKt-P3MmrqV4AaABAg.9m_GQj1vQw19n7BnOGy9A5,comment,gzHLv6rLSpQ,UgyNHXrxYKt-P3MmrqV4AaABAg,True,@青子衿-b8g,"actually, we rarely use voice commands😂because the environment inside car usually noisy due to the voice of passage. so dont worried",0,True
UgyNHXrxYKt-P3MmrqV4AaABAg.9m_GQj1vQw19nL3NkbbxzE,comment,gzHLv6rLSpQ,UgyNHXrxYKt-P3MmrqV4AaABAg,True,@atracy7686,买了辆车，还附送一整套中文课程。每天开车上路都可以练习中文对话，太值了！,13,True
UgyNHXrxYKt-P3MmrqV4AaABAg.9m_GQj1vQw19n_AIeI_Cw2,comment,gzHLv6rLSpQ,UgyNHXrxYKt-P3MmrqV4AaABAg,True,@snowberryca,"Such a good benefit, you could learn Chinese for free and that gives you opportunities to do trading with Chinese in the future! 😂",5,True
UgyNHXrxYKt-P3MmrqV4AaABAg.9m_GQj1vQw19obBHwsvPJ3,comment,gzHLv6rLSpQ,UgyNHXrxYKt-P3MmrqV4AaABAg,True,@老大郑,中文好学吗？,1,True
UgyNHXrxYKt-P3MmrqV4AaABAg.9m_GQj1vQw19ooMHum_xa0,comment,gzHLv6rLSpQ,UgyNHXrxYKt-P3MmrqV4AaABAg,True,@dongge1204,@atracy7686 😂😂😂😂,0,True
UgyNHXrxYKt-P3MmrqV4AaABAg.9m_GQj1vQw19pdtKB59dqt,comment,gzHLv6rLSpQ,UgyNHXrxYKt-P3MmrqV4AaABAg,True,@TecnamTwin,Y'all got Chinese EVs in the Bahamas now? I didn't see any when I was visiting a few years back. Must be a very recent thing.,3,True
UgyNHXrxYKt-P3MmrqV4AaABAg.9m_GQj1vQw19tlfGskgZuy,comment,gzHLv6rLSpQ,UgyNHXrxYKt-P3MmrqV4AaABAg,True,@Beasts250,"Imagine when you speak Chinese to a car in front of locals, you can tell them it's a magical car",0,True
UgyNHXrxYKt-P3MmrqV4AaABAg.9m_GQj1vQw19vAaAxPC27z,comment,gzHLv6rLSpQ,UgyNHXrxYKt-P3MmrqV4AaABAg,True,@鸿科刘-o3y,你怎么购买的呢,0,True
UgyNHXrxYKt-P3MmrqV4AaABAg.9m_GQj1vQw19vYiW5hLhri,comment,gzHLv6rLSpQ,UgyNHXrxYKt-P3MmrqV4AaABAg,True,@willzhong2229,"Don't worry. It will have local voice package, you can bet it .",0,True
UgwCwO0Og7QnRTtBIbx4AaABAg,comment,gzHLv6rLSpQ,,False,@giliguluedinburgh,"I've heard all about this BYD and all the other EV cars made in China like Lynk & Co, Nio etc...only because I'm Chinese.",0,True
Ugx4pbo-0WLJJttCWD54AaABAg,comment,gzHLv6rLSpQ,,False,@gregoryeke5758,"The head!😂😅
Nice car",0,True
UgzF25BlwMOp6T47w9t4AaABAg,comment,gzHLv6rLSpQ,,False,@linustw,"If not due to the trade war between china and the USA, Chinese EV would have taken over USA street already.",1,True
UgxaL1LcgRZJqAxa0b54AaABAg,comment,gzHLv6rLSpQ,,False,@David-Walker-Zhang,Please don't buy things made in China. Indian cars are better.,0,True
UgxaL1LcgRZJqAxa0b54AaABAg.9mZ580LX2_e9m_zgc59LE7,comment,gzHLv6rLSpQ,UgxaL1LcgRZJqAxa0b54AaABAg,True,@vitolu6727,Did you know that your avatar is a Chinese character?,0,True
UgyEtIMbvon2U7--2zp4AaABAg,comment,gzHLv6rLSpQ,,False,@mikez3421,"Bring it to the US market, the sales would be crazy.",12,True
UgyEtIMbvon2U7--2zp4AaABAg.9mXzlhlQpAo9oVZpmCDRow,comment,gzHLv6rLSpQ,UgyEtIMbvon2U7--2zp4AaABAg,True,@lyx124,"No, it's gonna be a national security threat according to the US and then banned and then sanctioned",1,True
UgyEtIMbvon2U7--2zp4AaABAg.9mXzlhlQpAo9ooolrhMksL,comment,gzHLv6rLSpQ,UgyEtIMbvon2U7--2zp4AaABAg,True,@西瓜不太圆,"Dude, it's kind of hard. Relations between China and the United States are not very good right now😂I guess you'll have to wait a little longer for BYD's cars to be exported to the U.S.",0,True
UgyEtIMbvon2U7--2zp4AaABAg.9mXzlhlQpAo9uHMbTmHMTs,comment,gzHLv6rLSpQ,UgyEtIMbvon2U7--2zp4AaABAg,True,@kyleliang8688,Senate: No you dont,0,True
UgwNQqTLLwQkpvakn_h4AaABAg,comment,gzHLv6rLSpQ,,False,@mostlikely...,Communist car,1,True
UgwNQqTLLwQkpvakn_h4AaABAg.9mXlK8e-osg9mjCS_frApd,comment,gzHLv6rLSpQ,UgwNQqTLLwQkpvakn_h4AaABAg,True,@ensteffo,Cars are not sentient and as such does not hold a political opinion.,1,True
UgwNQqTLLwQkpvakn_h4AaABAg.9mXlK8e-osgABh1bgXeHi6,comment,gzHLv6rLSpQ,UgwNQqTLLwQkpvakn_h4AaABAg,True,@nomore9004,"​@ensteffo
True",0,True
Ugz-Df_PVLPnT5ptrdJ4AaABAg,comment,gzHLv6rLSpQ,,False,@moksetharous9639,6:30 this is the first time we see CameraMAN📽,0,True
Ugxp3LoVuZDx_aXwScp4AaABAg,comment,gzHLv6rLSpQ,,False,@apifreja-vd5si,Coolest part of the video was this dude speaking chinese:D,0,True
Ugwlb1S2IlHr1n0ebch4AaABAg,comment,gzHLv6rLSpQ,,False,@EvPointdeals,I hope this drops in America,0,True
UgxfRniv1-eCTgNQEEZ4AaABAg,comment,gzHLv6rLSpQ,,False,@niklas8413,"literally looks like a Audi A8 from the back with the lights, a newer gen peugot from the front, VW steering whel from the last gen and the rest of the interieur looks like a Mercedes...",1,True
UgybaiyQD6T5b9hfxad4AaABAg,comment,gzHLv6rLSpQ,,False,@nmnnmmnmvwvvwwvw2453,"it's mind-boggling what the chinese has done in recent years. in the movies when bad guy gets the power he then will destroy the world, what if the most authoritarian country gets the most advanced technology in the real world? some thing must be done!",0,True
Ugy6aO0O8CAEAiGT63l4AaABAg,comment,gzHLv6rLSpQ,,False,@مرواریدمشرقزمین,First choice BYD,1,True
UgzGAy4WD8wGDs9PSHp4AaABAg,comment,gzHLv6rLSpQ,,False,@johnnylau9961,Did you import the car? I was looking everything but I cannot buy one - any leads?,0,True
Ugz6GOkyvfSHvSLQ1Th4AaABAg,comment,gzHLv6rLSpQ,,False,@jackrichards1863,"How is this the best selling'? It's cant even be obtained virtually anywhere on Earth. There is plenty of marketing but coming out of China with European champion of the brand I tell you it's currently bull 💩! You say it's in USA , Europe and elsewhere but the majority cannot be the world's wealthiest people when everyone I know is so poor.🤣 I really can't buy the cheap feature either since it's projected price here is a top end, mid size luxury car price.",0,True
Ugy-JvVhmSQD5qc9qgJ4AaABAg,comment,gzHLv6rLSpQ,,False,@baibeiye,want to buy it if it is on sale in the USA,2,True
UgwBHhZ97OyA-OJzDB54AaABAg,comment,gzHLv6rLSpQ,,False,@baibeiye,"like lucid, but much cheaper, a third or a fourth price!!",1,True
Ugy6czk6pslBzH9SOWB4AaABAg,comment,gzHLv6rLSpQ,,False,@batia0121,"LoL I own this car and what's funny is when he felt the thrust @10:45, he's actually driving in ECO mode. 
Sport mode will turn both the front dash and centre pad red, and the dials will have differnt graphics that's more sporty/aggressive.",13,True
UgzJDCQNGD6oLQOPlXR4AaABAg,comment,gzHLv6rLSpQ,,False,@ΤζονΤζέι,The phone comes with the car. The car is a mobile phone. 😂,0,True
UgxiQ9Z6AQCwddLCzJV4AaABAg,comment,gzHLv6rLSpQ,,False,@brightmangroup1003,"Just need to correct some of your stats... the Han has not sold half a million units more than Tesla. The entire range of BYD cars has sold more units than Tesla, however that includes Hybrids. If you just count EV's Tesla has outsold BYD by a significant margin.",1,True
Ugzp4T2O6HMJsoZdF394AaABAg,comment,gzHLv6rLSpQ,,False,@saitun7459,Do a review of NIO car please,1,True
UgzusDox1jOPSIm10Gp4AaABAg,comment,gzHLv6rLSpQ,,False,@longkong4054,"BYD's cars are just superficial, but they are well publicized.",1,True
UgwyHsx8j2Dxt5atlY14AaABAg,comment,gzHLv6rLSpQ,,False,@sajanbabu8101,"China, the leader in techs 👍👍❤",1,True
UgweBUUAGaF9Esv0z1p4AaABAg,comment,gzHLv6rLSpQ,,False,@gianrhey8915,Disposable Chinese junk,0,True
UgyCWQ1iqMPkpASjrSp4AaABAg,comment,gzHLv6rLSpQ,,False,@depigeonroi8301,HAN EV is the first luxurious car of BYD and was based on the old platform which some latest techs were not used. So the driving is just not as good as the motor and build quality. ATTO3 and seal are way better.,0,True
UgyPE-sJ7QxUVFYq5s94AaABAg,comment,gzHLv6rLSpQ,,False,@alphaomega1969,"The Chinese designed the Tesla's autopilot with FSD source code and not to mention Tesla, SpaceX, Solar city are all Chinese rebranded technology incase you didn't know.",0,True
Ugyvo6njwlhKINRWSRx4AaABAg,comment,gzHLv6rLSpQ,,False,@ransiebra65,Range?,1,True
UgyNneQ5eDKW48wt83N4AaABAg,comment,gzHLv6rLSpQ,,False,@terracecar1,"Byd is huge in China, they also make ev cars for Toyota.",0,True
UgwjNumqeegMLbCkaRZ4AaABAg,comment,gzHLv6rLSpQ,,False,@willygiuriawest9044,I love all your videos!,2,True
UgygycJ_YeVL9jymNPB4AaABAg,comment,gzHLv6rLSpQ,,False,@willygiuriawest9044,That car is so rarer.Uses blade batery (BYD),0,True
UgyJTgaGeMAd9SQytxJ4AaABAg,comment,gzHLv6rLSpQ,,False,@uydang9941,US must ban BYD just like Huawei cuz it is against Western democracy and freedom value,0,True
UgzCollAct_4-fWBZMx4AaABAg,comment,gzHLv6rLSpQ,,False,@shakelife5054,Not in europe yet,0,True
UgyTfkqLIrQx8X5r3v54AaABAg,comment,gzHLv6rLSpQ,,False,@orefferose2531,It’s oreffe rose me out here like all the time no joke 💯🔥🔥🔥🔥✅,0,True
Ugy_Co3wDkQCY7kgwWN4AaABAg,comment,gzHLv6rLSpQ,,False,@conmanumber1,Byd sells a machine simular size of a Hyundai here in New Zealand but kinda pricey.,0,True
UgyN-MC5-RRtlqh0Ijt4AaABAg,comment,gzHLv6rLSpQ,,False,@thiaguinhooitodois2211,That’s cool u til it breaks down in a week and you are stuck with it 😢,0,True
UgyN-MC5-RRtlqh0Ijt4AaABAg.9mMFngUSml-9mNUWW9qLJU,comment,gzHLv6rLSpQ,UgyN-MC5-RRtlqh0Ijt4AaABAg,True,@3a146,"well, not if you paid enough.",0,True
Ugxpan72U22OKhonOb54AaABAg,comment,gzHLv6rLSpQ,,False,@Baby.Boss.,"In China, there is a saying: 我喜欢看老外没见过世面的样子。 It means: I like to see foreigners who have never seen the world before.",4,True
Ugxpan72U22OKhonOb54AaABAg.9mMF1I6qEPi9mQclD5fXmR,comment,gzHLv6rLSpQ,Ugxpan72U22OKhonOb54AaABAg,True,@Gouliguo,这句话非常适合今天的美国人😂,2,True
UgwaU3CuF6I76ZllwNh4AaABAg,comment,gzHLv6rLSpQ,,False,@everettkeith75,But it uses diesel fuel for its superchargers,1,True
UgyefszqhGGia-EwPE94AaABAg,comment,gzHLv6rLSpQ,,False,@a9udn9u-vanced,"Learn to speak Chinese just for showing the voice assistant working for 2 seconds, that's dedication",0,True
UgwzSBVHWkjvRxBuOfV4AaABAg,comment,gzHLv6rLSpQ,,False,@a9udn9u-vanced,"They really should remove that ""build your dreams"" from every freaking car they produce.",0,True
Ugzlc59DG7GugSIhD-N4AaABAg,comment,gzHLv6rLSpQ,,False,@jonathanterranova448,"10 on design & luxury. I like seats that promote proper posture, head up/back, shoulders back.  8.5 features some are gimmicky. Charging, battery compacity, and range?",3,True
UgwwMz83dEWBHYoHyMN4AaABAg,comment,gzHLv6rLSpQ,,False,@taotaopig9960,This car looks like lucid air,0,True
Ugzp2tPJz0eyXSD2qX54AaABAg,comment,gzHLv6rLSpQ,,False,@lonie3100,"Let’s all buy one and that way send money to China so that they can support Russia in the war against Ukraine 😣
Please think before you buy.",0,True
Ugzp2tPJz0eyXSD2qX54AaABAg.9mK7Zs1ZU_A9mNW1PySb-a,comment,gzHLv6rLSpQ,Ugzp2tPJz0eyXSD2qX54AaABAg,True,@3a146,"Well, we are business people, and certainly unhappy with what Russia did. We were to use the railway across Russia, Ukraine and all the way to Portugal, and now we can only detour through Turkey. But we need to consider how Lithuania voluteerly participates US pacific war strategy, and how Ukraine responds to US warmonger John Bolton and robbed our private properties. This cruel ugly stupid imperalism game is Ukraine's choice. If you choose to stay away from it, yes you can. But sadly it's not reality.",0,True
Ugx-Pqr3NGF0rX_jVIR4AaABAg,comment,gzHLv6rLSpQ,,False,@qwaskkn,This the old han.The new han is more beautiful。,0,True
Ugx95PV0Cj6nOuLluEJ4AaABAg,comment,gzHLv6rLSpQ,,False,@stephengneri2136,"I guess we could say the BYD is a BFD.  not fond of the front, but love the rotating screen !!!",0,True
UgwBd9cBJKUPG_BhUxt4AaABAg,comment,gzHLv6rLSpQ,,False,@Victor-vj5ds,"This is definitely not the best selling EV, BYD is desperate to take Tesla's market.",0,True
UgxMUyUIvsOkCL5S1754AaABAg,comment,gzHLv6rLSpQ,,False,@arafatgz,The front bumper is from Toyota Harrier.,0,True
UgyesH_1YZt4Plomvpt4AaABAg,comment,gzHLv6rLSpQ,,False,@savedfaves,Every screen that sticks out like this in all cars should rotate. The driver should be able to choose what way the screen is orientated and when they park and watch a streaming app they could ask that app to play in landscape mode and then the system would remember how the driver likes certain apps to be used.,5,True
UgxLzPGEyeu7eg2aPzZ4AaABAg,comment,gzHLv6rLSpQ,,False,@Narium413,That's a lot of English in the UI for a car that isn't sold outside of China.,1,True
UgxLzPGEyeu7eg2aPzZ4AaABAg.9mGejl93Lhy9mNWKq7rLTc,comment,gzHLv6rLSpQ,UgxLzPGEyeu7eg2aPzZ4AaABAg,True,@3a146,English is really a headache for every chinese participating college entrance exam.,0,True
UgxLzPGEyeu7eg2aPzZ4AaABAg.9mGejl93Lhy9m_HFtTg3nV,comment,gzHLv6rLSpQ,UgxLzPGEyeu7eg2aPzZ4AaABAg,True,@seangrazette2378,We’re selling them in the Bahamas🇧🇸 😅,0,True
UgyO9lt8pbu1f1OH8QB4AaABAg,comment,gzHLv6rLSpQ,,False,@সর্বশক্তিমান-আল্লাহ,Exclusive car,1,True
UgylWsAJ0Sj5HhmqZEJ4AaABAg,comment,gzHLv6rLSpQ,,False,@lordlee6473,"Everything is made in China, including the best Tesla cars",1,True
Ugxo8SuSBAMjFbOpump4AaABAg,comment,gzHLv6rLSpQ,,False,@MK-kk5wt,Let us support china. Communism future.  Give a shit about the people. Dont talk about xinjang,0,True
Ugz-XSptBLS21Fy-TW54AaABAg,comment,gzHLv6rLSpQ,,False,@kimmern999,Great looking car. Thanks for the review.,8,True
UgwbNazjDRw6HMLol2B4AaABAg,comment,gzHLv6rLSpQ,,False,@agustingomito8458,Wow!!great sergi...youre too honest....but dont know the reason why when it comes to china people almost thinking its a low quality products???am remember the first one dragon design supercar of madam alex previous videos....,0,True
UgwbNazjDRw6HMLol2B4AaABAg.9mEBQdOuhEe9mG2H5fEI0j,comment,gzHLv6rLSpQ,UgwbNazjDRw6HMLol2B4AaABAg,True,@xandermoore1590,BYD produce low end cars from the beginning. And it changed too rapid in recent years for people to realize that BYD is now producing top quality vehicles.,0,True
Ugxzlsy_JLod6hOnG114AaABAg,comment,gzHLv6rLSpQ,,False,@s19910323,"I'm half way through the video and I'm already thinking it must be hell to try to manufacture this car. It has too many unneccessary components and functions that's adding costs but not value.
But very interesting to see new ideas entering the market.",0,True
UgyUB2cNIggLP9uJkq94AaABAg,comment,gzHLv6rLSpQ,,False,@MCI-ReactGaming,"Stole the side seat buttons straight from Genesis, rotating screen straight from fisker. The Chinese are so damn bad at innovating lol copy cats til the day they die",0,True
UgyUB2cNIggLP9uJkq94AaABAg.9mDqEQkq_W69mQAxDyuUAJ,comment,gzHLv6rLSpQ,UgyUB2cNIggLP9uJkq94AaABAg,True,@知-k3q,What kind of junk brand is that?😅,0,True
UgyUB2cNIggLP9uJkq94AaABAg.9mDqEQkq_W69mQB1SHNecS,comment,gzHLv6rLSpQ,UgyUB2cNIggLP9uJkq94AaABAg,True,@知-k3q,I checked. Korean car?😅What kind of rubbish can be compared with BYD?,0,True
UgyHc70IDlVnb8H3oYd4AaABAg,comment,gzHLv6rLSpQ,,False,@caicaishuai164,"In China, BYD means “Be Your Daddy"".
BYD's biggest problem now is insufficient production capacity. He is the only car company in the Chinese market that has a backlog of orders. In contrast, Tesla's accumulation of a large amount of inventory, they are closing the production line of the Shanghai factory to prepare for the technical upgrade.
I think Westerners should not like BYD cars, because their factories in Xinjiang and Shenzhen are forcing robots for 24 hours. The robots in their automated factories have no salary and no human rights.
I hope BYD will give priority to ordering orders in Mainland China. I ordered a BYD ""Han"", but at least 2 months before I could handle the car.",2,True
UgyHc70IDlVnb8H3oYd4AaABAg.9mDa3CLGcUc9mJFn-hxUj5,comment,gzHLv6rLSpQ,UgyHc70IDlVnb8H3oYd4AaABAg,True,@GameZ-1212,U just got botted 2 times wtf,1,True
UgzMSiXV0gA9dYLROqZ4AaABAg,comment,gzHLv6rLSpQ,,False,@drinlakjyen418,Now it seems that BYD Song plus is the best seller.,1,True
UgzMSiXV0gA9dYLROqZ4AaABAg.9mDYZ-zqKzj9mDcN21mIcm,comment,gzHLv6rLSpQ,UgzMSiXV0gA9dYLROqZ4AaABAg,True,@SilentD9063,"because Song is a SUV,  everyone loves SUV in China..",1,True
UgxJrgZYoE88ezL8DgZ4AaABAg,comment,gzHLv6rLSpQ,,False,@LuckyJim5050,"0-100kph 3.9s y'all, not mph",0,True
Ugzq72HuB2GuBfDp-4V4AaABAg,comment,gzHLv6rLSpQ,,False,@AGC-jq2ny,Looks like a crappy Hyundai,1,True
UgxxA28jbBr3yQnaW2V4AaABAg,comment,gzHLv6rLSpQ,,False,@Ebrahim-EV,Speed 0 to 100  3.9s it's really funny ♥️,1,True
UgxEToh4mW-ukNVyLVx4AaABAg,comment,gzHLv6rLSpQ,,False,@sleasy01,What's the range tho,0,True
UgxEToh4mW-ukNVyLVx4AaABAg.9mCEMX5cs399m_HSdYodQb,comment,gzHLv6rLSpQ,UgxEToh4mW-ukNVyLVx4AaABAg,True,@seangrazette2378,340 miles on a full charge!,0,True
UgxEToh4mW-ukNVyLVx4AaABAg.9mCEMX5cs399m_PJoRBWNJ,comment,gzHLv6rLSpQ,UgxEToh4mW-ukNVyLVx4AaABAg,True,@sleasy01,@seangrazette2378 ok. That's decent. Let me check the price to see if it's a good buy,0,True
UgxagBVJiF9rsT-Udm14AaABAg,comment,gzHLv6rLSpQ,,False,@MrVeeBlog,Wow. Just wow. I could be satisfied with this one.,3,True
UgwFKgUOf3x4dbuDD3F4AaABAg,comment,gzHLv6rLSpQ,,False,@xx4hxxify,This company will be the future and no company will experience it in the next few years,0,True
UgwLDBZ0CMvXArPKbPR4AaABAg,comment,gzHLv6rLSpQ,,False,@deepone5005,"Hahaha..must be a super car , confirmed! Your Chinese accent is horrible, yet it took your command!",0,True
UgyIlP5mYVK7jhhyj9F4AaABAg,comment,gzHLv6rLSpQ,,False,@michaelyip5632,excellent car👍,1,True
UgwovxbnvsmplSgF2RN4AaABAg,comment,gzHLv6rLSpQ,,False,@getreal7217,"Tesla sold more pure EVs than BYD in 2022 and you know this is the case.  So you lose all credibility trying to be cute with wording to mislead people for clicks.  Plug in hybrids and gas cars  are both ultimately CE cars so THESE DON'T COUNT when comparing apples to apples with a pure EV company like Tesla, Rivian, Lucid, etc!  So NO, BYD did not sell 1.9 million EVs if you are honest and exclude gas and plug in hybrids. Why not just say the full truth so your audience understands the full truth?",0,True
Ugx9Ol1zz8ytD60MJmZ4AaABAg,comment,gzHLv6rLSpQ,,False,@фредерикмиз,Brics+🇨🇳🇷🇺Saudi Arabia UAE Plus all members 👍❤,2,True
Ugw265bgUFhi_cUu-HF4AaABAg,comment,gzHLv6rLSpQ,,False,@mikeg02,"Welcome to the big ahh forhead Club. First order of business, nominate you as president.",0,True
UgzMCHcarCfkw-pEv7Z4AaABAg,comment,gzHLv6rLSpQ,,False,@michaelcasino8517,Im a tesla fan and its legit,0,True
UgyIfcgYEGUl7sIAjCN4AaABAg,comment,gzHLv6rLSpQ,,False,@magnusjohansson5383,"BYD  ~800k EVs,  Tesla ~1300k EVs in 2022, the rest is HYBRIDS from BYD",0,True
UgyIfcgYEGUl7sIAjCN4AaABAg.9mA5W11B1Fg9mAHJ3MHTwE,comment,gzHLv6rLSpQ,UgyIfcgYEGUl7sIAjCN4AaABAg,True,@赵羽-m6t,为什么你这么了解 中国人吗,0,True
Ugz8iid3-5ucsX6CiAR4AaABAg,comment,gzHLv6rLSpQ,,False,@cinnamomumcamphora8943,wow..,0,True
UgzMgMwpqJItpFZx_J14AaABAg,comment,gzHLv6rLSpQ,,False,@villagefreemotion,Nice video,0,True
Ugwqat2K3cHDt2H3-N94AaABAg,comment,gzHLv6rLSpQ,,False,@buaya111,"If this car sell in the US, good bye tesla,  lucky for US trade war still going on",0,True
Ugzvqa3mYbkvf3ZhBwR4AaABAg,comment,gzHLv6rLSpQ,,False,@angellestat2730,"5:25  ""we would have copy right strike""
Me:  I do not think so..  XD",0,True
UgxDItT-HJinnp5QKYZ4AaABAg,comment,gzHLv6rLSpQ,,False,@takudzwamashamba7453,"I stay in China, and my friend had this car. I really like it",6,True
Ugwt5KES6a5ur2dsDbh4AaABAg,comment,gzHLv6rLSpQ,,False,@AbdullahMuhammad-rb8bh,car name?,0,True
Ugwt5KES6a5ur2dsDbh4AaABAg.9m5mLsoqeRm9m80y8IEFcB,comment,gzHLv6rLSpQ,Ugwt5KES6a5ur2dsDbh4AaABAg,True,@brushesSolder,BYD Han,0,True
UgyZXIxxWaCIeaaqAGl4AaABAg,comment,gzHLv6rLSpQ,,False,@naumanansar786,Afterall this car is little sister of Lucid Air so this car has everything related to Lucid. But china has the future of the automobiles industry. German's cant beat them know in ev automotive revolution.,0,True
UgwkTyAbrgUN4GJsdvV4AaABAg,comment,gzHLv6rLSpQ,,False,@sibonisso,"Much better than the American electric car brand, I would buy this in heart beat.",0,True
Ugy86ia9hTsLwZ3U6Jl4AaABAg,comment,gzHLv6rLSpQ,,False,@Jzak25,"So this is supposed to be the comparison to Tesla's model X, S or 3?",0,True
Ugy86ia9hTsLwZ3U6Jl4AaABAg.9m4cubN9M559m6PNmdnqhi,comment,gzHLv6rLSpQ,Ugy86ia9hTsLwZ3U6Jl4AaABAg,True,@QL2004,S,0,True
UgynEgL4xe-1i-c2wZR4AaABAg,comment,gzHLv6rLSpQ,,False,@systemuser8701,They got the paint wrong. Instead of Lego Blue it should be British Racing Green !!!,0,True
UgzmcQP3fLBWM0mDR4N4AaABAg,comment,gzHLv6rLSpQ,,False,@urduur,I should buy one 🥰. Actually I am planning,10,True
UgyI7YK3V4Gvoj7Y7p54AaABAg,comment,gzHLv6rLSpQ,,False,@shereamason7923,My only issue is the price sorry can’t see anyone buying a car for 70 thousand,0,True
UgwGN1wqbAFP2rrsGlV4AaABAg,comment,gzHLv6rLSpQ,,False,@uws_kar,يارب ترزقني بسياره بصيطه وتفرحني 😥بيها والله حلمي ان امتلك سياره رخيصه الثمن🥺,1,True
Ugz2JxV7bfhNErkrfWF4AaABAg,comment,gzHLv6rLSpQ,,False,@uws_kar,yarab tarzuquni bisayaarih basitah watafrihuni 😥biha wallah hilmi amtalak sayaaruh rakhisah althamana,1,True
UgywYsF1oIi0QAnyHLF4AaABAg,comment,gzHLv6rLSpQ,,False,@vincetin7012,"After buying this car the first MOD I'd do is remove the ""Build Your Dreams"" logo at the back.",2,True
UgywYsF1oIi0QAnyHLF4AaABAg.9m1_ZZA5-Ow9m81FmE5neQ,comment,gzHLv6rLSpQ,UgywYsF1oIi0QAnyHLF4AaABAg,True,@brushesSolder,"This is because of ""native language shyness""",0,True
UgywYsF1oIi0QAnyHLF4AaABAg.9m1_ZZA5-Ow9mD_O1-xgog,comment,gzHLv6rLSpQ,UgywYsF1oIi0QAnyHLF4AaABAg,True,@drinlakjyen418,lol..,0,True
UgxRamE5CnSh0Z1fE5h4AaABAg,comment,gzHLv6rLSpQ,,False,@xpengfangirl7942,"In china the HiPhi Z is the most prestigious, and that BYD Han, is like a junk toy",0,True
UgxRamE5CnSh0Z1fE5h4AaABAg.9m1ZRn8hfv99m6PayHhULW,comment,gzHLv6rLSpQ,UgxRamE5CnSh0Z1fE5h4AaABAg,True,@QL2004,"HiPhi is a toy, an expensive toy.  this is a car.",1,True
UgxRamE5CnSh0Z1fE5h4AaABAg.9m1ZRn8hfv99mBOiQXxfxh,comment,gzHLv6rLSpQ,UgxRamE5CnSh0Z1fE5h4AaABAg,True,@masonye1354,"As a Chinese, I tell you that the HiPhi  are bought by people with silly money.",0,True
UgxKBFHZNw98J0_tbRp4AaABAg,comment,gzHLv6rLSpQ,,False,@xpengfangirl7942,"Spyros Panopoulos has the brake kt for EVs now, 5X stopping power versus ceramics",0,True
UgxHOT5OvN-Qg2nC4NN4AaABAg,comment,gzHLv6rLSpQ,,False,@大真韦,CHINA NAMBER ?,0,True
UgwHGhfe2C4IiH6g2xV4AaABAg,comment,gzHLv6rLSpQ,,False,@SuHJung-xl5bt,"Overpriced unreliable vehicle.  I would personally never pay 80,000 euro for this vehicle. If you willing pay that much, you've got tons of better option than BYD",1,True
UgwHGhfe2C4IiH6g2xV4AaABAg.9m18bP5VKGT9m28se25yVP,comment,gzHLv6rLSpQ,UgwHGhfe2C4IiH6g2xV4AaABAg,True,@EmmaNguyen-mg5xq,🤣🤣🤣🤣. Narrow-minded,1,True
UgwHGhfe2C4IiH6g2xV4AaABAg.9m18bP5VKGT9m2CyISefaH,comment,gzHLv6rLSpQ,UgwHGhfe2C4IiH6g2xV4AaABAg,True,@SuHJung-xl5bt,@EmmaNguyen-mg5xq will you pay 80 grand euro for this? Be honest now 😅,0,True
UgwHGhfe2C4IiH6g2xV4AaABAg.9m18bP5VKGT9m6RI50XDl1,comment,gzHLv6rLSpQ,UgwHGhfe2C4IiH6g2xV4AaABAg,True,@QL2004,like what? anything comparable made by non chinese is over 100k.,0,True
UgwHGhfe2C4IiH6g2xV4AaABAg.9m18bP5VKGT9m6U7P3fGff,comment,gzHLv6rLSpQ,UgwHGhfe2C4IiH6g2xV4AaABAg,True,@SuHJung-xl5bt,"@qilu2004  all the major companies are around that price 80 grand Euros, and I am talking about Sedan, not grand SUVs.  If you go for Volkswagen it's even way cheaper, then you got Skoda, which is basically under Volkswagen. They are much more reliable and cheaper than BYD ranges. BYDs are cheap in China and it controls the market there, but they aren't cheap in Europe. Tesla has reduced their prices massively in Europe, apparently they are cheaper han BYD",0,True
UgwHGhfe2C4IiH6g2xV4AaABAg.9m18bP5VKGT9m77cK-vbb-,comment,gzHLv6rLSpQ,UgwHGhfe2C4IiH6g2xV4AaABAg,True,@QL2004,"@SuHJung-xl5bt i am talking about ev, not ICE. VW doesn't have a decent ev sedan, nor does skoda. the closest thing to this is tesla model s which cost north of 100k.",0,True
UgwHGhfe2C4IiH6g2xV4AaABAg.9m18bP5VKGT9m7i9AIWlQQ,comment,gzHLv6rLSpQ,UgwHGhfe2C4IiH6g2xV4AaABAg,True,@SuHJung-xl5bt,"@qilu2004  well, I am taking about EV, Volkswagen doesn't have sedan but have EV vehicles which is far more reliable than BYD, and think about getting a BYD serviced in Europe, at least in Sweden, it'll be hard to get serviced, we got many Chinese EVs here in Sweden,  problem with them is getting serviced or if something doesn't function well, you gotta wait days to weeks to get fixed. 
Model S is costy compare to other EV vehicles, but you gotta know with 80 grand, you got so much other EV options, at least here in Sweden. Volvo is bringing out EVs with similar price range. You got cheaper options like Kia, hyundai and Nissan.  Tesla's model 3 and y, they cost around 50-65 grand. 
You talking about decent EV,  do you really think BYD is decent EV? They first need to build more service points and then talk about decent or not.",0,True
Ugz8TyFWFNeEThRtdPd4AaABAg,comment,gzHLv6rLSpQ,,False,@voltairecarlos2398,Finally a bit of stress for Tesla 😂,0,True
UgyFc0f4xnInirG41Kp4AaABAg,comment,gzHLv6rLSpQ,,False,@MaheshAdhikari,"Chinese EV are planning to build their own plant in europe. USA should stop it. All Americans holding shares in Chinese EV market soon will sell their shares and then US government will sanction these companies for national security reasons. Nobody should be making better things than americans.
America will bring democracy to EV market soon.",0,True
UgzAiI0luUQ25JIIVWZ4AaABAg,comment,gzHLv6rLSpQ,,False,@chiranjeevipadapa,I want Smart Phone Operating  & Self Driving  Solar  & Electric  Car Review Please........🤔😵😉🥴🤯,0,True
UgxHvUBIm__nOBmAjoR4AaABAg,comment,gzHLv6rLSpQ,,False,@colinbrundel7656,Sorry crap just a gimmick for the rich,1,True
UgwHwsrnP8cQiqcSsfh4AaABAg,comment,gzHLv6rLSpQ,,False,@wensiangfong,Byd sell less pure electric car compare to Tesla..,1,True
UgzrxpkhcSqRnnNVnyB4AaABAg,comment,gzHLv6rLSpQ,,False,@wensiangfong,This channel is giving false information...,2,True
Ugz00OOCfteP_JbJkEV4AaABAg,comment,gzHLv6rLSpQ,,False,@HumayunAITC,❤️❤️❤️❤️,0,True
Ugz9VN6b5lz42cS4Rxl4AaABAg,comment,gzHLv6rLSpQ,,False,@Wolf-xu1fj,Who is this guy?,0,True
UgzwV2fqrDTCSFH0XrJ4AaABAg,comment,gzHLv6rLSpQ,,False,@ChannelNews1,Electric cars are a massive environmental disaster. Why would anyone buy one?,2,True
Ugy4gcAhIVrEtIXQb_l4AaABAg,comment,gzHLv6rLSpQ,,False,@ohohoh8115,"我敢肯定你不会买工业垃圾BYD,你为什么吹捧说谎让别人买没任何保障的产品，我不是黑BYE,我开过BYE,行驶不到三年BYD各种质量问题层出不穷，有一次从佛山回深圳路上突然空调坏害得我们在车上热死了，又有一次下雨天从东莞回深圳路上窗户居然坏了关不了窗整个车全是进水，又有一次在梅观高速路上直接坏了毛抛锚，三年BYD电池衰减到75%,
我永远不会再选择BYD，比亚迪在我国自燃数不胜数，2022年有位车主提了个(BYD汉)不到一个星期边开边自燃！很多比亚迪停在停车场不充电无缘无故起火，封口，不让报道！",0,True
Ugy4gcAhIVrEtIXQb_l4AaABAg.9lxKQlaDdv_9m6S4tO22Bj,comment,gzHLv6rLSpQ,Ugy4gcAhIVrEtIXQb_l4AaABAg,True,@QL2004,"lol, a hater or a competitor. 1.86 mil units sold last year. do u think consumers in the most competitive market (model 3 is 33k usd there for god sake) are stupid? the rest of the world can take a hint from what is going on in that market. seriously, that is the most mature and competitive ev market by a thouse mile.",0,True
Ugy4gcAhIVrEtIXQb_l4AaABAg.9lxKQlaDdv_9m6Szfd2vq8,comment,gzHLv6rLSpQ,Ugy4gcAhIVrEtIXQb_l4AaABAg,True,@ohohoh8115,@QL2004 2022中国四川省有辆BYD停在车库，质量问题自燃，当场将BYD车主活活烧死了！2022年中国成都市有人刚提到(BYD汉)刀片电池，全新不到七天在马路上边开边自燃！,0,True
Ugy4gcAhIVrEtIXQb_l4AaABAg.9lxKQlaDdv_9m78A1FqsdQ,comment,gzHLv6rLSpQ,Ugy4gcAhIVrEtIXQb_l4AaABAg,True,@QL2004,"@ohohoh8115 也有比亚迪车主报警有其它车厂出钱请他烧车。电车燃烧的概率不到油车的1/10，而比亚迪的电池是行业里最安全的。没有什么是绝对安全的。but i guess it is pointless to reason with haters, just as u can never wake up someone who pretends to be asleep.",0,True
UgyvpQRWsvaLj0pj0Vd4AaABAg,comment,gzHLv6rLSpQ,,False,@atronenglish,Maybe your camera quality should be improved.,1,True
UgzrQyEMSCIQOTNxZaB4AaABAg,comment,gzHLv6rLSpQ,,False,@ArrowsRealm,"The first thing I had to think of when starting this video, was how much this resemblances to a Citroën or Peugot. Or am I the only one here? ",0,True
UgzrQyEMSCIQOTNxZaB4AaABAg.9lx-gj-vJ5s9m6SCJ_CAWP,comment,gzHLv6rLSpQ,UgzrQyEMSCIQOTNxZaB4AaABAg,True,@QL2004,u are the only one.,0,True
UgzrQyEMSCIQOTNxZaB4AaABAg.9lx-gj-vJ5s9m6pzli0A8G,comment,gzHLv6rLSpQ,UgzrQyEMSCIQOTNxZaB4AaABAg,True,@ArrowsRealm,@QL2004 ,0,True
UgzHuIg2iLBbVuDxHJJ4AaABAg,comment,gzHLv6rLSpQ,,False,@pauljack8426,5:39,0,True
UgzPLwbaPkHp3QdjAdR4AaABAg,comment,gzHLv6rLSpQ,,False,@pauljack8426,5：39,0,True
UgyzbKqyqxF9qXWZs7R4AaABAg,comment,gzHLv6rLSpQ,,False,@msroseydaniel777,⭐,0,True
UgxDTJQTWnjEFbjYCQN4AaABAg,comment,gzHLv6rLSpQ,,False,@smetchaupeter516,"This is not even the good car from China and even BYD.... There are far better EVs from China... The Chinese owns the EV world!
That main screen has been around for quite some years .
Hongqi is one of them...they produce the President's car.
Chinese EVs already has a big presence in Eu and Latin America...
US? Oh their media and politicians do not like fair competition and so Americans have no choice but is asked to hate anything Chinese.",2,True
UgxDTJQTWnjEFbjYCQN4AaABAg.9lwMRtl06xR9m6SmLgqfXc,comment,gzHLv6rLSpQ,UgxDTJQTWnjEFbjYCQN4AaABAg,True,@QL2004,"this is by far the best selling c class sedan in china. its sales is more than   et7 et5 p7 mercedes bmw vw combined. if one wants proper german luxury in an sedan, this is the number 1 pick. et7 is a REMOTE second. model S, at twice the price, is not competitive at all.",0,True
UgzVP753XhS_LzW4Lmh4AaABAg,comment,gzHLv6rLSpQ,,False,@SkankHuntForty2,"Looks like a Camry, Accord, and Mustang all in one.",1,True
UgyMrS23saNmODyvK1t4AaABAg,comment,gzHLv6rLSpQ,,False,@tukangjalanjalan5758,i love BYD's Electric Busses.. Cant wait to see Han EV roaming out on Indonesia's roads,113,True
UgyMrS23saNmODyvK1t4AaABAg.9lw5dBQNu3S9pV2YVahK4P,comment,gzHLv6rLSpQ,UgyMrS23saNmODyvK1t4AaABAg,True,@yimingli5666,"i heard BYD sells ATTO3 model in many Southeast Asia countries, don't know if you can see them in the market or not?",2,True
UgyMrS23saNmODyvK1t4AaABAg.9lw5dBQNu3S9sk4YZSZxjq,comment,gzHLv6rLSpQ,UgyMrS23saNmODyvK1t4AaABAg,True,@tukangjalanjalan5758,@gobejamaah i never saw any,0,True
UgxzI-IAP-XEPyUvuDV4AaABAg,comment,gzHLv6rLSpQ,,False,@integritypriority4472,"What would happen if the west stopped the east from stealing intellectual property ... or better yet, what would happen if we stopped giving them ALL of our intellectual property????",2,True
UgxDGODon8QKhIOLDNp4AaABAg,comment,gzHLv6rLSpQ,,False,@BasedOnLiberty,Nobody with money is going to be seen in a Chinese car. This brand might sell low end market cars with a western brand logo redesign,2,True
Ugws_-H4C5RBoxrHPXR4AaABAg,comment,gzHLv6rLSpQ,,False,@passby8070,Thats one good looking car! looks quite premium tbh. Don't look too out of place  next to Mercs and BMWs,10,True
Ugws_-H4C5RBoxrHPXR4AaABAg.9luW72x_MOx9m_fHoDg0U_,comment,gzHLv6rLSpQ,Ugws_-H4C5RBoxrHPXR4AaABAg,True,@tren133,"BYD is actually mostly a mainstream automaker, and that's why they're selling so many cars. NIO is the Chinese EV company that focuses on the high end, and they make very sleek looking cars, which also have swappable batteries. Li Auto is another startup high end EV maker, which focuses on luxury SUVs. Although BYD is not branching into the luxury space, with their Denza brand and their new high end luxury Yangwang brand.",0,True
UgxTjJGREAlh8D-8-iJ4AaABAg,comment,gzHLv6rLSpQ,,False,@imaginaryfriend9942,"😎👍🏻💙
so dope😳, a video game car.",1,True
UgzlbHk8Z6g1g7pvpUV4AaABAg,comment,gzHLv6rLSpQ,,False,@rl_tplayz,Imagine showing of ur richness to people that mite actually be strungling in life while ur over here showing off how rich u are,0,True
Ugyo8UZQDsGFjXw9IsZ4AaABAg,comment,gzHLv6rLSpQ,,False,@jographyy,Steering wheels is straightup skoda copy lol,0,True
UgzU3F0C41aNABim6Jx4AaABAg,comment,gzHLv6rLSpQ,,False,@exkouka3248,"be in Australia pls, I need the latest version",0,True
Ugxck5JgdAUBU8l3jTZ4AaABAg,comment,gzHLv6rLSpQ,,False,@yungdoe007,I love the look 👀🙌🏼 I'd drive it honestly,10,True
UgwGt7qwpuYBwvjTvUB4AaABAg,comment,gzHLv6rLSpQ,,False,@aceais6613,this is a sample one of the best china product's,0,True
Ugwgxqo2LvLRAoRQkCl4AaABAg,comment,gzHLv6rLSpQ,,False,@云南牧夫,感谢您介绍比亚迪汽车🚙！,2,True
UgxhkWFz9M7PX09RHTN4AaABAg,comment,gzHLv6rLSpQ,,False,@TanveerAhmad-nv2lg,"I have seen this car in dubai at Bulgari Hotel,its amazing",0,True
UgwK1IJVAdHrmNQHW5p4AaABAg,comment,gzHLv6rLSpQ,,False,@zhongkai86,Pretty cool stuff,0,True
Ugzwj9IBWtAosCryYmB4AaABAg,comment,gzHLv6rLSpQ,,False,@josiahmciver3337,They kinda copy Tesla and it’s that one thing is the key a Tesla has one in the shape of a car,0,True
UgylM0YAaDiCvm7-O614AaABAg,comment,gzHLv6rLSpQ,,False,@Andy-gti,"It looks great, but thats about it... lets see if that car still looks and drives great in about 6months 😉",0,True
UgylM0YAaDiCvm7-O614AaABAg.9lt0LAq_NbU9lxsm4WFyDg,comment,gzHLv6rLSpQ,UgylM0YAaDiCvm7-O614AaABAg,True,@Andy-gti,"William J LoL you live in china... you are just saying that, to promote the brand",0,True
UgylM0YAaDiCvm7-O614AaABAg.9lt0LAq_NbU9lyMVWK5kPQ,comment,gzHLv6rLSpQ,UgylM0YAaDiCvm7-O614AaABAg,True,@Andy-gti,"粉絲 Those are goods, this is a car ;-)",0,True
UgylM0YAaDiCvm7-O614AaABAg.9lt0LAq_NbU9m-U0363_cH,comment,gzHLv6rLSpQ,UgylM0YAaDiCvm7-O614AaABAg,True,@Andy-gti,"粉絲 yeah, but it was designed by americans...",0,True
UgylM0YAaDiCvm7-O614AaABAg.9lt0LAq_NbU9m-VlHFrc8u,comment,gzHLv6rLSpQ,UgylM0YAaDiCvm7-O614AaABAg,True,@Andy-gti,"粉絲 they have to be good, because otherwise china doesn't get our money and we find someone else to do it better... Hell i orders some clothing from china, a sweater and a jacket. the sweater is made of some sort of plastic and the jacket falls apart after 2 weeks... even tho i payed allot for it",0,True
UgylM0YAaDiCvm7-O614AaABAg.9lt0LAq_NbU9m-cNFsOwBD,comment,gzHLv6rLSpQ,UgylM0YAaDiCvm7-O614AaABAg,True,@Andy-gti,"粉絲 HAHAHA i payed 125bucks for the jacket and 50 bucks for the sweater... i bought them because they looks good, but it was complete crap!",0,True
UgylM0YAaDiCvm7-O614AaABAg.9lt0LAq_NbU9m-iiS28QXR,comment,gzHLv6rLSpQ,UgylM0YAaDiCvm7-O614AaABAg,True,@Andy-gti,粉絲 Aren't they all in china? and plus what real car guy would say: you know what i want? a chinese car 😅... there are enough youtube video's of you guys scamming us with false products 🙂 good luck getting rid of that image haha,0,True
UgylM0YAaDiCvm7-O614AaABAg.9lt0LAq_NbU9mVW7BmyO7i,comment,gzHLv6rLSpQ,UgylM0YAaDiCvm7-O614AaABAg,True,@bldomain,@Andy-gti HAHAHA I do we know your are not making this up or exaggerate the price. Pretty steep price to pay for someone who thinks negatively of Chinese made products ..........Ummm.,0,True
UgyaJ3E1E_gu0Ws_zZ54AaABAg,comment,gzHLv6rLSpQ,,False,@shenyun7195,"Made in China means poor quality?China makes the best products and also the worst products.
 It depends on whether you are poor or not",1,True
UgyXFxIzpmmoAgj6L8l4AaABAg,comment,gzHLv6rLSpQ,,False,@shenyun7195,"In China, its only 40,000---50,000US＄",0,True
Ugzm_JwQAkSQfQj6GwZ4AaABAg,comment,gzHLv6rLSpQ,,False,@ThaDirtyOne7,"Not a fan of his reviews. This is a very nice and impressive car. I would love to see this stateside. And a little funfact from me, (who really cares right lol)  they have a showroom in Down Town LA and have been there for years.",0,True
UgxeYAu-3Im9JW7xswx4AaABAg,comment,gzHLv6rLSpQ,,False,@LaowaiDaveJCP,11:14 like a frigin giant Ballon,0,True
UgzcEGdEWP-HXaZoZBx4AaABAg,comment,gzHLv6rLSpQ,,False,@LaowaiDaveJCP,BYD seal Should be the car you guys should review not han.,1,True
Ugy62erGKFa10tnnQFt4AaABAg,comment,gzHLv6rLSpQ,,False,@jimaladin,"Not a bad video, but if you do a review please do it properly. Realistic range / size of battery is missing which is very important to see if it is a good price. Any storage in the frunk? What is the max charging rate? 150kW? So much info missing for a good review. I like the video but due to much facts missing it’s not great",0,True
UgxBHIDxsPOXCiSflyx4AaABAg,comment,gzHLv6rLSpQ,,False,@kamsyed4450,He was reviewing this in USA i saw that stop sign...so how you bring just one car here for  review? which don't exist in USA,0,True
Ugx_QKCfMj-EwJz5uNx4AaABAg,comment,gzHLv6rLSpQ,,False,@juanmelendezrivera6085,"The BYD electric car looks good except for the price. Great car, but 72000 Euros is too expensive ( almost $80000 ! ) Thanks for the video.",1,True
Ugx_QKCfMj-EwJz5uNx4AaABAg.9lsW01HLx1X9m0BoXJ2Qvk,comment,gzHLv6rLSpQ,Ugx_QKCfMj-EwJz5uNx4AaABAg,True,@juanmelendezrivera6085,The price is unfair even for millionaires.,1,True
Ugx_QKCfMj-EwJz5uNx4AaABAg.9lsW01HLx1X9m4MCU3rzhp,comment,gzHLv6rLSpQ,Ugx_QKCfMj-EwJz5uNx4AaABAg,True,@YooSeong0119,It only sells 45000$ in China,0,True
Ugx_QKCfMj-EwJz5uNx4AaABAg.9lsW01HLx1X9n8FJAk-CsW,comment,gzHLv6rLSpQ,Ugx_QKCfMj-EwJz5uNx4AaABAg,True,@rammpage4468,"Well, that is very high indeed...It is almost half price in China lol",0,True
UgyYVRKdAR490hVxXvZ4AaABAg,comment,gzHLv6rLSpQ,,False,@Jez166,Looks like an electric Honda Accord,0,True
UgwxvoiUB970yiNmhpN4AaABAg,comment,gzHLv6rLSpQ,,False,@acvwacvw,Except it is NOT the world's best selling car by a long long ways. The best selling BEV and soon to be car for 2023 is the Tesla Model Y.,1,True
Ugy-eG1p5Fbr7gPY7fF4AaABAg,comment,gzHLv6rLSpQ,,False,@marsspacex6065,Byd didn’t sell more evs than Tesla your including hybrids. Tesla doesn’t sell hybrids. Full electric vehicles Tesla is the leader.,0,True
UgzJ07EmZ-CH7eoNkMZ4AaABAg,comment,gzHLv6rLSpQ,,False,@CHIEF_420,@ExxonMobil 🔌 = ⛽,0,True
UgyPoB0QlyeJup27cX94AaABAg,comment,gzHLv6rLSpQ,,False,@theXpdawg,He broke the fourth wall 6:48,0,True
UgxaZ4xLJjlAkln2FKF4AaABAg,comment,gzHLv6rLSpQ,,False,@MrHOREEE,"This one is old version, new version have new tailamp design",1,True
Ugza95WfG0hJjAV4wf14AaABAg,comment,gzHLv6rLSpQ,,False,@theXpdawg,My man spoke Mandarin🙆‍♂️😂 5:43,1,True
Ugzh2UqCc9x_DUzNpnh4AaABAg,comment,gzHLv6rLSpQ,,False,@ThePlombyras,"Honestly looks bad. Inside is just another copy paste. And please, dont talk about quality.",1,True
UgzrO8DGDRj3CCFie6t4AaABAg,comment,gzHLv6rLSpQ,,False,@purecontent4242,Do nio!,0,True
UgxfQ_P8epgan8QQCR54AaABAg,comment,gzHLv6rLSpQ,,False,@DS-nn3bi,Leading only if you classify hybrids as EVs which they are not.,0,True
Ugwx-a0w-XrCMG6uLst4AaABAg,comment,gzHLv6rLSpQ,,False,@BARBIE....26,💜,0,True
UgwM_XafCY1ptX9mSA54AaABAg,comment,gzHLv6rLSpQ,,False,@jannattjannatt9884,🦄🦄🦄🦄,0,True
Ugy7u82mN_FYy_ng3X54AaABAg,comment,gzHLv6rLSpQ,,False,@jannattjannatt9884,🐘🐘🐘🐘,0,True
UgwKvCJLpxc_2tE-tzR4AaABAg,comment,gzHLv6rLSpQ,,False,@dmrlbrk0,Help Turkey!,0,True
UgzHGSUVBMhH5VghWmt4AaABAg,comment,gzHLv6rLSpQ,,False,@xorbitman,https://youtu.be/ZDXWUGsFkKU,0,True
Ugyhn2W8Poe2VownEoB4AaABAg,comment,gzHLv6rLSpQ,,False,@YJSP893,"actually byd doesn't stand for 'build your dream'
it's just the initial of its Chinese name
however its nane sounds pretty.. rural? it does not sound like a good car at all
so they made up the 'build your dream' to make them not looking that bad.
lol",0,True
Ugyhn2W8Poe2VownEoB4AaABAg.9lqjayhXZXv9lzWB1cgGcw,comment,gzHLv6rLSpQ,Ugyhn2W8Poe2VownEoB4AaABAg,True,@FunctionJacket,"I bet if I don't tell you, you will never know that BMW is called Treasure Horse in China, Benz is called Gallop in China",0,True
Ugyhn2W8Poe2VownEoB4AaABAg.9lqjayhXZXv9m32rJ_WZ2u,comment,gzHLv6rLSpQ,Ugyhn2W8Poe2VownEoB4AaABAg,True,@YJSP893,@FunctionJacket bruh I'm Chinese so i do acknowledge that.,0,True
UgzZCcHo0GktnGMv0RF4AaABAg,comment,gzHLv6rLSpQ,,False,@frankstocker5475,Does it come with a charging infrastructure as Tesla has?,0,True
Ugw99_7HWCMxooLEVNJ4AaABAg,comment,gzHLv6rLSpQ,,False,@boryokstv4873,Wow idol,0,True
UgwfBo4TLicqNK4UHet4AaABAg,comment,gzHLv6rLSpQ,,False,@ferhatgunes2681,"ERC20 :

0xe1935271D1993434A1a59fE08f24891Dc5F398Cd this is the address for foundation in turkey which name is ahbap turkey had a really big disaster as you know please needs all kind of helps now",0,True
Ugwi1W1Ve70Va51QD054AaABAg,comment,gzHLv6rLSpQ,,False,@kingtabzmovieclips,"👍,#kingtabzmovieclips",1,True
UgyAZm_FkPo9CESq_9t4AaABAg,comment,gzHLv6rLSpQ,,False,@karand1414,https://youtube.com/shorts/PPPLQJWr4-k?feature=share,0,True
UgwcfIBWkoi1cGdbujh4AaABAg,comment,gzHLv6rLSpQ,,False,@cokycoffee5882,🙏🏻🙏🏻👑,0,True
UgwcfIBWkoi1cGdbujh4AaABAg.9lpvDjJkh9x9lqy5rT29UR,comment,gzHLv6rLSpQ,UgwcfIBWkoi1cGdbujh4AaABAg,True,@cokycoffee5882,🙏🏻🙏🏻👑,0,True
UgxRcOvMnzauV8T14Vx4AaABAg,comment,gzHLv6rLSpQ,,False,@taqyon,"Awesome, what about driver assist features? Tesla's strong point.",0,True
UgxRcOvMnzauV8T14Vx4AaABAg.9lpuiSYTA3H9m_fYosfCg7,comment,gzHLv6rLSpQ,UgxRcOvMnzauV8T14Vx4AaABAg,True,@tren133,"That's where BYD is the weakest. Chinese startup carmakers have much better self driving tech (NIO, Xpeng, Li Auto), however they cannot make cars with the value and volume that BYD is capable of.",1,True
UgyxqvIcwWp0JojtpSB4AaABAg,comment,gzHLv6rLSpQ,,False,@iissac22,"Just watched an ev review and don't know the range of the car or an actual view of the speedometer to see how fast the 0-60 really is(Wow that's pretty frickin fast).  I do know the screen turns and  it comes with a controller, microphone and a phone.  How fast does it charge?( kwh).  How big is the battery?  Please  and thank you!",1,True
UgyxqvIcwWp0JojtpSB4AaABAg.9lppsc73Y8K9lwHdRUM0R4,comment,gzHLv6rLSpQ,UgyxqvIcwWp0JojtpSB4AaABAg,True,@crabandough,Range is listed @ 341 miles but I'm lucky to 285 miles. Charging takes around 12 hours. It came with the Mike but no phone. It is very very fast and a pleasure to drive. Battery size is 76.9 kwh.,2,True
UgyxqvIcwWp0JojtpSB4AaABAg.9lppsc73Y8K9lx-tzeJMJk,comment,gzHLv6rLSpQ,UgyxqvIcwWp0JojtpSB4AaABAg,True,@deepseer,"@crabandough You mean charging at home (7kW). Its maximum charging power is over 100kW, and it can charge from 30% battery to 80% in less than half an hour.",0,True
UgyxqvIcwWp0JojtpSB4AaABAg.9lppsc73Y8K9lx4yD5pWaq,comment,gzHLv6rLSpQ,UgyxqvIcwWp0JojtpSB4AaABAg,True,@crabandough,"@deepseer yes, I've only used a home charger..",0,True
Ugz9RpsbRNT5XeBQ16F4AaABAg,comment,gzHLv6rLSpQ,,False,@marcoverdesca2534,how about the autonomy? how many km/miles with a full charge? how many kwatth can recharge? we need more info on the tech specs please,0,True
Ugz9RpsbRNT5XeBQ16F4AaABAg.9lpdBDrfC7O9lx-HPMReiE,comment,gzHLv6rLSpQ,Ugz9RpsbRNT5XeBQ16F4AaABAg,True,@deepseer,"Autonomy: L2
Range: 500km or 700km NEDC
Battery: 77kWh
Charging speed: >100kW, 30%-80% in less than half an hour",0,True
UgxWPg84tOJIaRVo4ZF4AaABAg,comment,gzHLv6rLSpQ,,False,@lumpython5351,"It looks like doesn't support Apple CarPlay and don't expect any Chinese brands provide long term software updates. Furthermore, unlike Tesla, this car runs Android, It's destined to fail in less 5 years.",0,True
UgxWPg84tOJIaRVo4ZF4AaABAg.9lpcsT-8Waq9m_J1UxR4cm,comment,gzHLv6rLSpQ,UgxWPg84tOJIaRVo4ZF4AaABAg,True,@seangrazette2378,Yes! I’m running Apple Carplay in my Han EV😅 https://youtu.be/rSkD-t3j1wE,0,True
UgxWPg84tOJIaRVo4ZF4AaABAg.9lpcsT-8Waq9m_gBWaHPVo,comment,gzHLv6rLSpQ,UgxWPg84tOJIaRVo4ZF4AaABAg,True,@lumpython5351,"@seangrazette2378 after market solution would never be stable as stock solution, the durability of after market products is questionable.",0,True
UgxWPg84tOJIaRVo4ZF4AaABAg.9lpcsT-8Waq9man3GdWXji,comment,gzHLv6rLSpQ,UgxWPg84tOJIaRVo4ZF4AaABAg,True,@seangrazette2378,@lumpython5351 Define ‘Stable’. I've been using Wireless Apple Carplay with wireless charging in my BYD Han EV since August of last year and it's been working great with no issues. Most stock solutions require plugging in your device which is a nuisance to me.,0,True
UgxWPg84tOJIaRVo4ZF4AaABAg.9lpcsT-8Waq9maxSY0QzfG,comment,gzHLv6rLSpQ,UgxWPg84tOJIaRVo4ZF4AaABAg,True,@lumpython5351,"@seangrazette2378 I don't think those unofficial CarPlay solution has ever go through the tests by Apple, furthermore, semiconductors that used on cars have to compliant with industrial standards because car inside can gets extremely cold and extremely hot, afaik most Chinese after market products are just the worst, they can't even get Bluetooth audio specifications correct, most of those infotainment system identified Bluetooth as a regular headset or speaker, which is supposed identified as hands-free Car Speaker.",0,True
UgxWPg84tOJIaRVo4ZF4AaABAg.9lpcsT-8Waq9maz0p-RTWA,comment,gzHLv6rLSpQ,UgxWPg84tOJIaRVo4ZF4AaABAg,True,@seangrazette2378,@lumpython5351 I'm using it right now as I type. It's working fine. The proof is in the eating😁,0,True
UgxWPg84tOJIaRVo4ZF4AaABAg.9lpcsT-8Waq9mb-tMciYB3,comment,gzHLv6rLSpQ,UgxWPg84tOJIaRVo4ZF4AaABAg,True,@lumpython5351,"@seangrazette2378 Nobody can prevent you from using garbage, people who eat shit for living doesn't mean I have to.",0,True
UgwnWMmrXq1XApqCIcd4AaABAg,comment,gzHLv6rLSpQ,,False,@reruedamotor7514,Very interesting! But the electric cars I don't like much. Sorry 😥.,1,True
UgyOdyeK8NfanS8GJU54AaABAg,comment,gzHLv6rLSpQ,,False,@luckys2966,yes affordable yes cant wait.,0,True
Ugwswj0D2xcOYJs9Udp4AaABAg,comment,gzHLv6rLSpQ,,False,@Nguyen80Hoang,Happy february 💱,0,True
UgwfzaxxkUARR0AMyJN4AaABAg,comment,gzHLv6rLSpQ,,False,@deankamaruddin8211,premium looks and features,0,True
Ugzqtq23b8H-OAET-gB4AaABAg,comment,gzHLv6rLSpQ,,False,@charleswang8014,Nice car and good introduction,0,True
UgynB0F0Wj7xYVyikFl4AaABAg,comment,gzHLv6rLSpQ,,False,@aar_warrior1941,Thought they were roles Royce seats for a sec😅,0,True
UgynB0F0Wj7xYVyikFl4AaABAg.9lowyQw5ay09lpFtEByl9H,comment,gzHLv6rLSpQ,UgynB0F0Wj7xYVyikFl4AaABAg,True,@aar_warrior1941,madeline9582 sus,0,True
UgwDDpLwU90OuhbwGtR4AaABAg,comment,gzHLv6rLSpQ,,False,@dukosmith9395,chinese spy car,1,True
UgyjsR5rSYNeLVeCzXJ4AaABAg,comment,gzHLv6rLSpQ,,False,@HANU-MAN__MONKEY,Vitiligo people,1,True
UgyjsR5rSYNeLVeCzXJ4AaABAg.9loq6YgkEfa9loxWERq722,comment,gzHLv6rLSpQ,UgyjsR5rSYNeLVeCzXJ4AaABAg,True,@HANU-MAN__MONKEY,TeIegram-_Supercar82 why Americans killed many people in Syria Iraq libia phillipens Iran Afghanistan japan Ukraine and many countries,1,True
UgxclznceI8WL9pvdt14AaABAg,comment,gzHLv6rLSpQ,,False,@Trollminator69,Caina numba 1,0,True
UgxFZnVmkHToh9S7OGd4AaABAg,comment,gzHLv6rLSpQ,,False,@j.muegro2503,Great Car👍 Thank you four your Review.,1,True
Ugxv_4BdirYPuSdP-SJ4AaABAg,comment,gzHLv6rLSpQ,,False,@ldgaulding24,"It looks Model S, Malibu and Accord had a 👶 👨‍🍼 🚼 baby",0,True
Ugw76ihhj2aMS3hw1bt4AaABAg,comment,gzHLv6rLSpQ,,False,@BrizzyIzzy23,The logo looks like elon musk’s son name,0,True
Ugxrh4A_2bMj-cemDvx4AaABAg,comment,gzHLv6rLSpQ,,False,@dashcan8479,CRAP CHEENA $20k only for $72k.  Suckers born every single day.,0,True
Ugxrh4A_2bMj-cemDvx4AaABAg.9loN3R6-pH79loNBMMzw1q,comment,gzHLv6rLSpQ,Ugxrh4A_2bMj-cemDvx4AaABAg,True,@dashcan8479,"Yep I was right.  Its called Communist profit.  Han is: in China, it's otd is 247,000 Yuan, which equals so 35,000 USD.",1,True
UgzYp_PpwrEpD3Vn8nF4AaABAg,comment,gzHLv6rLSpQ,,False,@amazingreene5487,Some eclectic cars are trash,2,True
Ugwqk95lok4tTKpfdih4AaABAg,comment,gzHLv6rLSpQ,,False,@pangrac1,"Go, start to sell it in USA, it will be fun. 😉👌",1,True
Ugx2XEiJRQdbeY-IaBR4AaABAg,comment,gzHLv6rLSpQ,,False,@Kyile2014love,They copy the screen from Fisker Ocean,0,True
Ugx2XEiJRQdbeY-IaBR4AaABAg.9loH6aim5CC9lp8IwSjcw0,comment,gzHLv6rLSpQ,Ugx2XEiJRQdbeY-IaBR4AaABAg,True,@AI_HQ,BYD also makes iPads for Apple.  😎👍,0,True
UgyQWQo0n5q-IuNYtX94AaABAg,comment,gzHLv6rLSpQ,,False,@pangrac1,Guess what? You can see a rotating diplay in small plastic BYD Dolphin car already. No problemo. 🤷‍♂️😉,0,True
Ugw80NyDLQqF3SL86Rl4AaABAg,comment,gzHLv6rLSpQ,,False,@4ndrew4w44,This car will never reach US due to national security concerns.,0,True
UgzGJIzLVPyD9YbAKZ54AaABAg,comment,gzHLv6rLSpQ,,False,@TimBorg,Only a moron would buy a car made in China,1,True
UgxOB3l4zesEw10dJOR4AaABAg,comment,gzHLv6rLSpQ,,False,@StrejdaRukus,"Až ti při bouračce vleti ten tablet do ksichtu, tak už nebude tak cool.",0,True
Ugx0N34dUDldpNulib14AaABAg,comment,gzHLv6rLSpQ,,False,@irthe1alliance,RHD Nowwwwwwwww!!! 😡,0,True
Ugz9mvmjCaRYh0nugdx4AaABAg,comment,gzHLv6rLSpQ,,False,@PhoenixStLeger,"byd is actually afraid of America ， They are unlikely to sell in the United States
byd's best sellers are fuel-efficient cars，  Americans don't really like that either",0,True
UgzKexbpchQwgLLzcOd4AaABAg,comment,gzHLv6rLSpQ,,False,@MomentEasy,Norm,0,True
Ugzn9QfKVx6Sg-II0aB4AaABAg,comment,gzHLv6rLSpQ,,False,@HobDriving,Interesting сar,0,True
Ugyp9BQMBQ2cplnj_EN4AaABAg,comment,gzHLv6rLSpQ,,False,@dottega,Quality is trashy af but quantity is a surplus.,1,True
Ugy5jshR8m5iCTIUztF4AaABAg,comment,gzHLv6rLSpQ,,False,@chunshengluo9074,California license plate? How did you get one here in the States?,10,True
UgxbtFBAeDTBwd0_Q354AaABAg,comment,gzHLv6rLSpQ,,False,@beautyagyeiwaah5016,So you shoot with iPhone....I was just wondering what cameras you use 🤔,0,True
UgxUY3xbKGotPY2svhZ4AaABAg,comment,gzHLv6rLSpQ,,False,@jinmingmao6842,"I have to say the most impressive part of Han is: in China, it's otd is 247,000 Yuan, which equals so 35,000 USD. Almost the same as Camry. This is amazing and the reason why it sells so much. I can't wait to see it coming to the US",719,True
UgxUY3xbKGotPY2svhZ4AaABAg.9lnvRVGwSK69lqJX9B7pfF,comment,gzHLv6rLSpQ,UgxUY3xbKGotPY2svhZ4AaABAg,True,@lucisleesion8824,"It won't be that cheap in here, cuz of tariffs",130,True
UgxUY3xbKGotPY2svhZ4AaABAg.9lnvRVGwSK69lqMBxf-JZg,comment,gzHLv6rLSpQ,UgxUY3xbKGotPY2svhZ4AaABAg,True,@paulysewad1869,"As he says, €72,000 in europe",85,True
UgxUY3xbKGotPY2svhZ4AaABAg.9lnvRVGwSK69lw41f5jLqA,comment,gzHLv6rLSpQ,UgxUY3xbKGotPY2svhZ4AaABAg,True,@gangliezhu,camry in China 170k-200k rmb yuan.. about 20 k USD..,38,True
UgxUY3xbKGotPY2svhZ4AaABAg.9lnvRVGwSK69lwaF8hVpyV,comment,gzHLv6rLSpQ,UgxUY3xbKGotPY2svhZ4AaABAg,True,@waichungsham1578,If there aren't enough charging stations.even if the car is good could prevent it from selling more.,6,True
UgxUY3xbKGotPY2svhZ4AaABAg.9lnvRVGwSK69lzpjUpC5QJ,comment,gzHLv6rLSpQ,UgxUY3xbKGotPY2svhZ4AaABAg,True,@hermesliteratus882,I'd be surprised if BYD enter the US market any time soon as it'd probably be labelled as a national security risk by the Biden administration.,0,True
UgxUY3xbKGotPY2svhZ4AaABAg.9lnvRVGwSK69m-MOkuFmXR,comment,gzHLv6rLSpQ,UgxUY3xbKGotPY2svhZ4AaABAg,True,@MACKOBII,HAN EV is more than 247000 rmb,7,True
UgxUY3xbKGotPY2svhZ4AaABAg.9lnvRVGwSK69m0zd_PrdbT,comment,gzHLv6rLSpQ,UgxUY3xbKGotPY2svhZ4AaABAg,True,@pranaym3859,They will never sell in US after what happened to Huawei,98,True
UgxUY3xbKGotPY2svhZ4AaABAg.9lnvRVGwSK69m14k1_xvPL,comment,gzHLv6rLSpQ,UgxUY3xbKGotPY2svhZ4AaABAg,True,@MACKOBII,@pranaym3859 national security is the most important thing,5,True
UgxUY3xbKGotPY2svhZ4AaABAg.9lnvRVGwSK69m1mjqInd58,comment,gzHLv6rLSpQ,UgxUY3xbKGotPY2svhZ4AaABAg,True,@lucisleesion8824,@pranaym3859 And the CEO of BYD could be arrested when he comes to US,70,True
UgxUY3xbKGotPY2svhZ4AaABAg.9lnvRVGwSK69m3oSWnICta,comment,gzHLv6rLSpQ,UgxUY3xbKGotPY2svhZ4AaABAg,True,@urduur,Camry Is a old rubbish,15,True
UgxUY3xbKGotPY2svhZ4AaABAg.9lnvRVGwSK69m8-yg2zOfC,comment,gzHLv6rLSpQ,UgxUY3xbKGotPY2svhZ4AaABAg,True,@Momo108iscool,"@MACKOBII translation: if BYD comes to the U.S n  with Tesla s output...Doom for GM, Ford n all legacy auto s",20,True
UgxUY3xbKGotPY2svhZ4AaABAg.9lnvRVGwSK69m805Ph439s,comment,gzHLv6rLSpQ,UgxUY3xbKGotPY2svhZ4AaABAg,True,@Momo108iscool,"Sorry, u can't have nice things I. The U.S anymore. Go buy GMs",23,True
UgxUY3xbKGotPY2svhZ4AaABAg.9lnvRVGwSK69m8O39dksER,comment,gzHLv6rLSpQ,UgxUY3xbKGotPY2svhZ4AaABAg,True,@uyi_u,"Please be informed. In China pricing is different. Camry is 188,000 Yuan. At 258,000 Yuan level there is typically BMW X1.",7,True
UgxUY3xbKGotPY2svhZ4AaABAg.9lnvRVGwSK69m9dXzLT2Ts,comment,gzHLv6rLSpQ,UgxUY3xbKGotPY2svhZ4AaABAg,True,@lucisleesion8824,"@urduur Lets be frank, not a rubbish, just an old-schooled gas sedan without redeeming points anymore.",4,True
UgxUY3xbKGotPY2svhZ4AaABAg.9lnvRVGwSK69m9dbIQVlNi,comment,gzHLv6rLSpQ,UgxUY3xbKGotPY2svhZ4AaABAg,True,@lucisleesion8824,@MACKOBII China: write that down! write that down!,0,True
UgxUY3xbKGotPY2svhZ4AaABAg.9lnvRVGwSK69mBzObmmBWr,comment,gzHLv6rLSpQ,UgxUY3xbKGotPY2svhZ4AaABAg,True,@wolwolwolf.,"Actually Camry is also not that expensive in China. It starts from 160,000 RMB. only the top model is 245,000 RMB, which nearly no one wants...",7,True
UgxUY3xbKGotPY2svhZ4AaABAg.9lnvRVGwSK69mTVX9Cc4l3,comment,gzHLv6rLSpQ,UgxUY3xbKGotPY2svhZ4AaABAg,True,@kroks06,@pranaym3859 yeah they will say the car is spying on you or something lool,0,True
UgxUY3xbKGotPY2svhZ4AaABAg.9lnvRVGwSK69mU-1zVkaod,comment,gzHLv6rLSpQ,UgxUY3xbKGotPY2svhZ4AaABAg,True,@yzw4537,han ev 2022 showed in the video in china is 270000 yuan +,2,True
UgxUY3xbKGotPY2svhZ4AaABAg.9lnvRVGwSK69mZmIFDFIRj,comment,gzHLv6rLSpQ,UgxUY3xbKGotPY2svhZ4AaABAg,True,@carlxlinify,yep. even Tesla price their cars lower in China than they do in any other countries. That's the benefit of competition.,11,True
UgxUY3xbKGotPY2svhZ4AaABAg.9lnvRVGwSK69mfjSpNvv8p,comment,gzHLv6rLSpQ,UgxUY3xbKGotPY2svhZ4AaABAg,True,@IIHerrKulesII,"In Europe, the newer Version costs over 70.000 Euro/Dollar. Thats massive for shippingcosts. Bring it to Europe for almost 40.000 Euro and it will be a gamechanger.",2,True
UgxUY3xbKGotPY2svhZ4AaABAg.9lnvRVGwSK69mgihaMMXQM,comment,gzHLv6rLSpQ,UgxUY3xbKGotPY2svhZ4AaABAg,True,@gold9994,@lucisleesion8824 Tesla is cheaper in China than the US.,0,True
UgxUY3xbKGotPY2svhZ4AaABAg.9lnvRVGwSK69mkhkrtGCs1,comment,gzHLv6rLSpQ,UgxUY3xbKGotPY2svhZ4AaABAg,True,@uncleyellowex,@waichungsham1578 yes，also u can buy dmi version or dmp version with more than 400hp and 10k usd，Both dmi and dmp are gasoline-electric hybrids,1,True
UgxUY3xbKGotPY2svhZ4AaABAg.9lnvRVGwSK69mpRJDvKWGU,comment,gzHLv6rLSpQ,UgxUY3xbKGotPY2svhZ4AaABAg,True,@postahundredcommentsbutonl4408,23.98-33.18万元,0,True
UgxUY3xbKGotPY2svhZ4AaABAg.9lnvRVGwSK69mqp7IVC59J,comment,gzHLv6rLSpQ,UgxUY3xbKGotPY2svhZ4AaABAg,True,@tedzehnder961,The work force in China get paid less than any of the Tesla plants.If I was a Chinese production worker on the assembly line I`d be pissed.,0,True
UgxUY3xbKGotPY2svhZ4AaABAg.9lnvRVGwSK69mqpZtLsfDb,comment,gzHLv6rLSpQ,UgxUY3xbKGotPY2svhZ4AaABAg,True,@tedzehnder961,@carlxlinify That`s the benefit of cheap wages to the labor force in China.The cars are more expensive in Europe and the USA is their wages are 5 times higher.,0,True
UgxUY3xbKGotPY2svhZ4AaABAg.9lnvRVGwSK69mqqrNBig41,comment,gzHLv6rLSpQ,UgxUY3xbKGotPY2svhZ4AaABAg,True,@carlxlinify,"@tedzehnder961 if your assumption was true, in a free market, no developed country would be able to keep any auto manufacturing business. All of them would move to developing countries. But the reality is Germany, Japan, US and Korean are still the major players. You cannot over simplify the rise of Chinese technology and engineering giants like DJI, BYD, with “cheap labor”. Be confident. Don’t be so afraid of competition.",9,True
UgxUY3xbKGotPY2svhZ4AaABAg.9lnvRVGwSK69msEnZk1wtj,comment,gzHLv6rLSpQ,UgxUY3xbKGotPY2svhZ4AaABAg,True,@sleo3720,BYD cars won’t be coming to North America anytime soon for obvious reasons,8,True
UgxUY3xbKGotPY2svhZ4AaABAg.9lnvRVGwSK69mx_zwGyhS4,comment,gzHLv6rLSpQ,UgxUY3xbKGotPY2svhZ4AaABAg,True,@顺天-u5c,maybe it because we are poor than Americans hahaha,0,True
UgxUY3xbKGotPY2svhZ4AaABAg.9lnvRVGwSK69my-WNH8g7H,comment,gzHLv6rLSpQ,UgxUY3xbKGotPY2svhZ4AaABAg,True,@davidz7858,@MACKOBII who believe this excuse?,1,True
UgxUY3xbKGotPY2svhZ4AaABAg.9lnvRVGwSK69mzGDDhPtq4,comment,gzHLv6rLSpQ,UgxUY3xbKGotPY2svhZ4AaABAg,True,@李問天-l7e,"ganglie zhu Lol, Japanese cars are not as powerful in China as they were 10 years ago! All Japanese cars have to be depreciated because of BYD suppression!",0,True
UgxUY3xbKGotPY2svhZ4AaABAg.9lnvRVGwSK69nHJBidria3,comment,gzHLv6rLSpQ,UgxUY3xbKGotPY2svhZ4AaABAg,True,@yifuwu3261,​@wolwolwolf.camry in us has v6 while china doesn't has this model,0,True
UgxUY3xbKGotPY2svhZ4AaABAg.9lnvRVGwSK69nI-O-Cj5yz,comment,gzHLv6rLSpQ,UgxUY3xbKGotPY2svhZ4AaABAg,True,@宋学民,@carlxlinify 是的，你说到了关键点，竞争才能让车企降价，老百姓才能得到实惠的价格。,4,True
UgxUY3xbKGotPY2svhZ4AaABAg.9lnvRVGwSK69nR52KfWfMB,comment,gzHLv6rLSpQ,UgxUY3xbKGotPY2svhZ4AaABAg,True,@georgefenrir,"@pranaym3859 nothing happened to Huawei, it's USA who wants to sanction China and maintain their colonial hegemony, but it's no use, it will just delay Chinese and make them more independent. USA is pathetic and their phones are out of date garbage or overpriced like hell. Same with the car industry, Tesla is overpriced plastic garbage compared to Chinese EVs",0,True
UgxUY3xbKGotPY2svhZ4AaABAg.9lnvRVGwSK69nSw4UDibcn,comment,gzHLv6rLSpQ,UgxUY3xbKGotPY2svhZ4AaABAg,True,@tytcheu5786,USA jalous,5,True
UgxUY3xbKGotPY2svhZ4AaABAg.9lnvRVGwSK69nT076Jl6vP,comment,gzHLv6rLSpQ,UgxUY3xbKGotPY2svhZ4AaABAg,True,@unclesam8565,Byd do not plan to sell in the USA. They can not meet demand. And why try sell in a country which will sabotage their business eventually.,0,True
UgxUY3xbKGotPY2svhZ4AaABAg.9lnvRVGwSK69nmPKq1vi3F,comment,gzHLv6rLSpQ,UgxUY3xbKGotPY2svhZ4AaABAg,True,@aligenc659,Is it expensive in China?,0,True
UgxUY3xbKGotPY2svhZ4AaABAg.9lnvRVGwSK69nyS5ywyj_v,comment,gzHLv6rLSpQ,UgxUY3xbKGotPY2svhZ4AaABAg,True,@daturadreams,Impressive reminder; Camry does randomly catch fire and burn to ground like this piece of shit. Look it up,1,True
UgxUY3xbKGotPY2svhZ4AaABAg.9lnvRVGwSK69o5PO53s-tQ,comment,gzHLv6rLSpQ,UgxUY3xbKGotPY2svhZ4AaABAg,True,@aison2735,"​@waichungsham1578   If the pure electric version has charging anxiety, you can choose han's plug-in hybrid version. ... The cruising range is 1300KM.",3,True
UgxUY3xbKGotPY2svhZ4AaABAg.9lnvRVGwSK69o8P0VENwgl,comment,gzHLv6rLSpQ,UgxUY3xbKGotPY2svhZ4AaABAg,True,@KaZuMaX-DayTrade,China stuff isn't comming to the us anymore China done trading whit usa,0,True
UgxUY3xbKGotPY2svhZ4AaABAg.9lnvRVGwSK69oEINjy5fDb,comment,gzHLv6rLSpQ,UgxUY3xbKGotPY2svhZ4AaABAg,True,@jackyzheng8445,​@MACKOBII 2023 the latest version of Han Ev starts from 20.9thousand RMB,1,True
UgxUY3xbKGotPY2svhZ4AaABAg.9lnvRVGwSK69oFjVxcaAPY,comment,gzHLv6rLSpQ,UgxUY3xbKGotPY2svhZ4AaABAg,True,@NaughtyShepherd,Maybe if they can stop them from exploding in China… there’s a reason why these shitty cars aren’t in the US.,0,True
UgxUY3xbKGotPY2svhZ4AaABAg.9lnvRVGwSK69oOddo2iewD,comment,gzHLv6rLSpQ,UgxUY3xbKGotPY2svhZ4AaABAg,True,@linclinc,"In China, the price even lower, 210,000 Yuan",1,True
UgxUY3xbKGotPY2svhZ4AaABAg.9lnvRVGwSK69oQYl1CVFSu,comment,gzHLv6rLSpQ,UgxUY3xbKGotPY2svhZ4AaABAg,True,@xxkyle1379,your president will ban BYD very soon.,0,True
UgxUY3xbKGotPY2svhZ4AaABAg.9lnvRVGwSK69oR94G6oFSb,comment,gzHLv6rLSpQ,UgxUY3xbKGotPY2svhZ4AaABAg,True,@QL2004,"​@saintgermain1716 no the top version is just around 300k rmb, as I own it. this car is comparable to model S. don't bring up model 3, that piece og cheap toy. it is not in the same class as this car.
BTW, Razor phone was not from the 90's. it was early 2000's. i know it because i bought it at release.",4,True
UgxUY3xbKGotPY2svhZ4AaABAg.9lnvRVGwSK69oYfbZKwgnY,comment,gzHLv6rLSpQ,UgxUY3xbKGotPY2svhZ4AaABAg,True,@ddy6583,"Han has already lowered the price, the cheapest one is 209,800 RMB",0,True
UgxUY3xbKGotPY2svhZ4AaABAg.9lnvRVGwSK69oddvjow3R5,comment,gzHLv6rLSpQ,UgxUY3xbKGotPY2svhZ4AaABAg,True,@shuangshuang3837,@gangliezhu 20k usd=1390k yuan,1,True
UgxUY3xbKGotPY2svhZ4AaABAg.9lnvRVGwSK69oqOabaZb0b,comment,gzHLv6rLSpQ,UgxUY3xbKGotPY2svhZ4AaABAg,True,@zfyang,"@waichungsham1578 I have one BYD Han, I always charge at home. Cheaper and convenient. Once charge can drive more than one week.",1,True
UgxUY3xbKGotPY2svhZ4AaABAg.9lnvRVGwSK69oxrV-wYHdk,comment,gzHLv6rLSpQ,UgxUY3xbKGotPY2svhZ4AaABAg,True,@jinwang3827,Its a lot expensive overseas than in China,0,True
UgxUY3xbKGotPY2svhZ4AaABAg.9lnvRVGwSK69p02TP0BKJ1,comment,gzHLv6rLSpQ,UgxUY3xbKGotPY2svhZ4AaABAg,True,@davidperry4013,@lucisleesion8824 actually they will open up gigafactories in the USA to help bypass Tariffs.,0,True
UgxUY3xbKGotPY2svhZ4AaABAg.9lnvRVGwSK69p2r192mDFP,comment,gzHLv6rLSpQ,UgxUY3xbKGotPY2svhZ4AaABAg,True,@owenwang6755,@aligenc659 bout 40k usd equivalent,0,True
UgxUY3xbKGotPY2svhZ4AaABAg.9lnvRVGwSK69p6zpQlPZql,comment,gzHLv6rLSpQ,UgxUY3xbKGotPY2svhZ4AaABAg,True,@kivi3305,​@Momo108iscool 😊,0,True
UgxUY3xbKGotPY2svhZ4AaABAg.9lnvRVGwSK69p7TEheB7WU,comment,gzHLv6rLSpQ,UgxUY3xbKGotPY2svhZ4AaABAg,True,@MyAnalyser,"That's the thing if it would sell for 35,000 Euro in Europe it would crush all competition dead immediatly, but they are planning to sell it for 72,000 euro so it will be competing with the Polestar 3/Polestar 4, Jaguar Ipace and the Germans. Considering the fact that Chinese brands don't have that prestige that Germans for example have its going to be a hard sell.",0,True
UgxUY3xbKGotPY2svhZ4AaABAg.9lnvRVGwSK69pDbMsIrtj-,comment,gzHLv6rLSpQ,UgxUY3xbKGotPY2svhZ4AaABAg,True,@darkknight1999_,Han EV is more than 300k yuan😂,0,True
UgxUY3xbKGotPY2svhZ4AaABAg.9lnvRVGwSK69pONMpN0emj,comment,gzHLv6rLSpQ,UgxUY3xbKGotPY2svhZ4AaABAg,True,@HamsterUcar,"@waichungsham1578 You can also charge at your own home. In China, most car owners charge at their own homes.",1,True
UgxUY3xbKGotPY2svhZ4AaABAg.9lnvRVGwSK69pUUla7hV3c,comment,gzHLv6rLSpQ,UgxUY3xbKGotPY2svhZ4AaABAg,True,@Hokeela666,Your president won't agree this import.,0,True
UgxUY3xbKGotPY2svhZ4AaABAg.9lnvRVGwSK69pYrBC-Jcwa,comment,gzHLv6rLSpQ,UgxUY3xbKGotPY2svhZ4AaABAg,True,@shanhhanbaieryu,@aligenc659比亚迪汉EV在中国比奥迪A4便宜一点，比丰田凯美瑞贵一点，介于两者之间，我现在开的是2017年W213梅赛德斯E，卖掉二手E正好能买一辆汉EV,0,True
UgxUY3xbKGotPY2svhZ4AaABAg.9lnvRVGwSK69pZ43UjVMKP,comment,gzHLv6rLSpQ,UgxUY3xbKGotPY2svhZ4AaABAg,True,@simonyu167,@saintgermain1716 ???The top version of Han is just 300k rmb in China,0,True
UgxUY3xbKGotPY2svhZ4AaABAg.9lnvRVGwSK69q6m0pvxhxL,comment,gzHLv6rLSpQ,UgxUY3xbKGotPY2svhZ4AaABAg,True,@johndonne7293,i'd buy it for that price,0,True
UgxUY3xbKGotPY2svhZ4AaABAg.9lnvRVGwSK69q8OEJUvqzE,comment,gzHLv6rLSpQ,UgxUY3xbKGotPY2svhZ4AaABAg,True,@alsetalokin88,"chinese ev's will think twice before going to the usa market...no surprise. i would be wary of the childish heavy handed excuse the amurikkkun govt will pull on them to make them lose money. just ask toshiba, alstom, zte, huawei, tsmc and samsung....yucks",0,True
UgxUY3xbKGotPY2svhZ4AaABAg.9lnvRVGwSK69qHOI61im4I,comment,gzHLv6rLSpQ,UgxUY3xbKGotPY2svhZ4AaABAg,True,@sean1983521,"@gangliezhu Camry 2023 in Chinese official website is from 179.8k ~ 269.8k Yuan, so 25.6k ~ 38.5k usd",0,True
UgxUY3xbKGotPY2svhZ4AaABAg.9lnvRVGwSK69qHQzsb6O9F,comment,gzHLv6rLSpQ,UgxUY3xbKGotPY2svhZ4AaABAg,True,@gangliezhu,"@sean1983521 Buying a car in China rarely follows official guidance. In 2020, I bought a Buick Regal, the guide price is 160,000 yuan, and I actually bought the price is 140,000 yuan. China is the most competitive market in the world and there will be many discounts.",0,True
UgxUY3xbKGotPY2svhZ4AaABAg.9lnvRVGwSK69qIfM4OpGi_,comment,gzHLv6rLSpQ,UgxUY3xbKGotPY2svhZ4AaABAg,True,@dakraol6680,the US govement will not allow the chinese car brand sell in the US,0,True
UgxUY3xbKGotPY2svhZ4AaABAg.9lnvRVGwSK69qY6aJdI7J_,comment,gzHLv6rLSpQ,UgxUY3xbKGotPY2svhZ4AaABAg,True,@kuotovjogg6752,​@tytcheu5786 看穿不說穿,0,True
UgxUY3xbKGotPY2svhZ4AaABAg.9lnvRVGwSK69qeShtgU9LF,comment,gzHLv6rLSpQ,UgxUY3xbKGotPY2svhZ4AaABAg,True,@junguo3088,@MACKOBII Yes. Using Huawei block US gov spying. So it must be most important thing of nation security.,1,True
UgxUY3xbKGotPY2svhZ4AaABAg.9lnvRVGwSK69qeZbiOAIQU,comment,gzHLv6rLSpQ,UgxUY3xbKGotPY2svhZ4AaABAg,True,@niggtube4482,@MACKOBII my brother in christ you use google chrome,0,True
UgxUY3xbKGotPY2svhZ4AaABAg.9lnvRVGwSK69qgOdF6MXy0,comment,gzHLv6rLSpQ,UgxUY3xbKGotPY2svhZ4AaABAg,True,@jk8897,Keep yourself in China boy,0,True
UgxUY3xbKGotPY2svhZ4AaABAg.9lnvRVGwSK69qpF86icPm6,comment,gzHLv6rLSpQ,UgxUY3xbKGotPY2svhZ4AaABAg,True,@But2Star,​@MACKOBII Yeah national security in US is the most important ... so f#@king important that the US took a Chinese weather balloon as a national security threat ... and send a jet fighter to shoot it down. 😂😂😂,1,True
UgxUY3xbKGotPY2svhZ4AaABAg.9lnvRVGwSK69r4uWabFpVT,comment,gzHLv6rLSpQ,UgxUY3xbKGotPY2svhZ4AaABAg,True,@YuliangZHANG-tm2zc,"No way, I don't think Han could be permitted to sell in US.",0,True
UgxUY3xbKGotPY2svhZ4AaABAg.9lnvRVGwSK69r8UjQ2LZnb,comment,gzHLv6rLSpQ,UgxUY3xbKGotPY2svhZ4AaABAg,True,@qinshi-huang8791,The USA will probably ban the car because they're angry China makes better cars,0,True
UgxUY3xbKGotPY2svhZ4AaABAg.9lnvRVGwSK69r9yvvFYmEV,comment,gzHLv6rLSpQ,UgxUY3xbKGotPY2svhZ4AaABAg,True,@benw4401,So it explodes in your face?,0,True
UgxUY3xbKGotPY2svhZ4AaABAg.9lnvRVGwSK69rsH2APpzvQ,comment,gzHLv6rLSpQ,UgxUY3xbKGotPY2svhZ4AaABAg,True,@MegaNiQ,You haven’t seen the fields of byd cars that sit have you? It’s because they’re artificially boosting there sales numbers,0,True
UgxUY3xbKGotPY2svhZ4AaABAg.9lnvRVGwSK69s4EeJY4Td5,comment,gzHLv6rLSpQ,UgxUY3xbKGotPY2svhZ4AaABAg,True,@DavidWestwater-vq6qy,It won't be coming to the u.s. a ten-year-old camry is a wonderful car. A ten-year-old electric car is a piece of s***but you'll never be able to keep running because you can't fix electric cars. The battery will not last 10 years,0,True
UgxUY3xbKGotPY2svhZ4AaABAg.9lnvRVGwSK69s4El73QkBG,comment,gzHLv6rLSpQ,UgxUY3xbKGotPY2svhZ4AaABAg,True,@DavidWestwater-vq6qy,​@pranaym3859it's a terrible car but no one should buy the company's going to go out of business,0,True
UgxUY3xbKGotPY2svhZ4AaABAg.9lnvRVGwSK69s4EynEz7Dk,comment,gzHLv6rLSpQ,UgxUY3xbKGotPY2svhZ4AaABAg,True,@DavidWestwater-vq6qy,​@urduuryou don't know anything about cars. A Camry is one of the best selling automobiles on Earth it's much much more popular than any type of electric car. Electric cars could not survive at all without artificial government pressure,0,True
UgxUY3xbKGotPY2svhZ4AaABAg.9lnvRVGwSK69saCxgWpH3X,comment,gzHLv6rLSpQ,UgxUY3xbKGotPY2svhZ4AaABAg,True,@aaronzhang3367,​@uyi_u25万中国人更喜欢比亚迪汉，特斯拉modle3或者奥迪a4,0,True
UgxUY3xbKGotPY2svhZ4AaABAg.9lnvRVGwSK69saD0fLZ4t2,comment,gzHLv6rLSpQ,UgxUY3xbKGotPY2svhZ4AaABAg,True,@aaronzhang3367,​@yzw453722w左右,0,True
UgxUY3xbKGotPY2svhZ4AaABAg.9lnvRVGwSK69saD41El_2c,comment,gzHLv6rLSpQ,UgxUY3xbKGotPY2svhZ4AaABAg,True,@aaronzhang3367,​@carlxlinify在中国特斯拉model3大约23万,0,True
UgxUY3xbKGotPY2svhZ4AaABAg.9lnvRVGwSK69saFJfDabuu,comment,gzHLv6rLSpQ,UgxUY3xbKGotPY2svhZ4AaABAg,True,@carlxlinify,@aaronzhang3367 比亚迪最热卖的不是纯电车型，是宋Dmi，卖了三十几万辆。特斯拉M3确实是卖得最好的单一纯电车型号。不过特斯拉的型谱少，一般人就是M3和MY之间挑。BYD电车有汉，宋，元，海豹，海鸥等，把销量摊薄了,0,True
UgxUY3xbKGotPY2svhZ4AaABAg.9lnvRVGwSK69t--AYPozLJ,comment,gzHLv6rLSpQ,UgxUY3xbKGotPY2svhZ4AaABAg,True,@AngelAngel-pc5mc,"​@dakraol6680but US brand cars selling all over China, who is free market?",0,True
UgxUY3xbKGotPY2svhZ4AaABAg.9lnvRVGwSK69t_Ygv1SicF,comment,gzHLv6rLSpQ,UgxUY3xbKGotPY2svhZ4AaABAg,True,@BARelement,"@MACKOBIIFunny you say that when our biggest threats are in our homeland, some are on trial currently lol…",1,True
UgxUY3xbKGotPY2svhZ4AaABAg.9lnvRVGwSK69wjxzzjRCzA,comment,gzHLv6rLSpQ,UgxUY3xbKGotPY2svhZ4AaABAg,True,@CandelaZ,"35,000 for a car that is less reliable than the Camry and bursts into flames. What a deal!",0,True
UgxUY3xbKGotPY2svhZ4AaABAg.9lnvRVGwSK69y6WbpQIQC2,comment,gzHLv6rLSpQ,UgxUY3xbKGotPY2svhZ4AaABAg,True,@周晓伟-u2f,​@wolwolwolf.camry is top1 in    China,0,True
UgxUY3xbKGotPY2svhZ4AaABAg.9lnvRVGwSK69zjWVSqCGgA,comment,gzHLv6rLSpQ,UgxUY3xbKGotPY2svhZ4AaABAg,True,@nareshfree,Tofu car😂,0,True
UgxUY3xbKGotPY2svhZ4AaABAg.9lnvRVGwSK6A1k_xL6TeFh,comment,gzHLv6rLSpQ,UgxUY3xbKGotPY2svhZ4AaABAg,True,@TheCapitalGame,"@lucisleesion8824they can make the cars in Mexico , you skip Class ? NAFTA",0,True
UgxUY3xbKGotPY2svhZ4AaABAg.9lnvRVGwSK6A3LRRRLEI02,comment,gzHLv6rLSpQ,UgxUY3xbKGotPY2svhZ4AaABAg,True,@VinhTu-jw4hr,"it does not safty, when use anything production from China..sorry",0,True
UgxUY3xbKGotPY2svhZ4AaABAg.9lnvRVGwSK6ACRVq7mS-Rt,comment,gzHLv6rLSpQ,UgxUY3xbKGotPY2svhZ4AaABAg,True,@edburck,@urduur this is quite possibly the dumbest comment ever expressed in the history of the internet and social media.  Congratulations!  🎉,0,True
Ugzq4xfVHhIVRmNEaUZ4AaABAg,comment,gzHLv6rLSpQ,,False,@mbeliv3763,FUD   IT IS TESLA     BYD INCLUD PHEV         THOSE GUYS ARE SCAM,0,True
UgzMbohKGIWq0QDb3U14AaABAg,comment,gzHLv6rLSpQ,,False,@dezsoszakacs9041,"Sergi! Fisker Ocean do same with the tuch screen,!",0,True
UgzY2kEe6U3QJt2KuQF4AaABAg,comment,gzHLv6rLSpQ,,False,@dengist8172,That Euro price is more than twice than its price in China though,2,True
UgzY2kEe6U3QJt2KuQF4AaABAg.9lnkt3zdMXQ9qYB1INrX-P,comment,gzHLv6rLSpQ,UgzY2kEe6U3QJt2KuQF4AaABAg,True,@jonathannorton960,The tariff is too high,0,True
UgxrWVdaCcGtb7oHl1N4AaABAg,comment,gzHLv6rLSpQ,,False,@gromykogreen,Looks like a Honda Accord with different styling features,0,True
Ugy9E2ausu5-Se0vt3Z4AaABAg,comment,gzHLv6rLSpQ,,False,@lucisleesion8824,US: National Security! Huawai! 5G! CHINA!!!!! Ban them!!! Commies!!!! freedom!!!! human rights!!!! slave labors!!!! Spying!!!!,1,True
Ugy9E2ausu5-Se0vt3Z4AaABAg.9lne-j6GnbV9loAVVXQwW6,comment,gzHLv6rLSpQ,Ugy9E2ausu5-Se0vt3Z4AaABAg,True,@lucisleesion8824,"It shows 2 comments down here but you can see only one, cuz of ""free speech""",0,True
UgxTvlVFXjvYot_ehMp4AaABAg,comment,gzHLv6rLSpQ,,False,@lucisleesion8824,Fun fact: BYD is proudcing batteries for Tesla.,125,True
UgxTvlVFXjvYot_ehMp4AaABAg.9lndqpGs-b69m7fPqx4csG,comment,gzHLv6rLSpQ,UgxTvlVFXjvYot_ehMp4AaABAg,True,@charisma7095,CATL NOT BYD,0,True
UgxTvlVFXjvYot_ehMp4AaABAg.9lndqpGs-b69m8Nh_sfAMT,comment,gzHLv6rLSpQ,UgxTvlVFXjvYot_ehMp4AaABAg,True,@michaelz9,@charisma7095 Both,12,True
UgxTvlVFXjvYot_ehMp4AaABAg.9lndqpGs-b69mYoU80v2UT,comment,gzHLv6rLSpQ,UgxTvlVFXjvYot_ehMp4AaABAg,True,@ChinaSongsCollection,"​@charisma7095 If I'm not mistaken, Musk is going to use BYD's Blade Battery in some Tesla models.",15,True
UgxTvlVFXjvYot_ehMp4AaABAg.9lndqpGs-b69n_ieRulBvZ,comment,gzHLv6rLSpQ,UgxTvlVFXjvYot_ehMp4AaABAg,True,@KKI98,"​@ChinaSongsCollection China in the field of electric vehicle technology, not afraid of Western sanctions, China can produce its own electric vehicles and power battery systems, while the United States Tesla includes some Western countries, they are still using China's power battery system, because Western countries can not produce power battery systems, in terms of power battery system endurance, Western technology is far behind China, China in the field of electric vehicles, including power battery systems, leading the world",11,True
UgxTvlVFXjvYot_ehMp4AaABAg.9lndqpGs-b6A0eXC2iWpxR,comment,gzHLv6rLSpQ,UgxTvlVFXjvYot_ehMp4AaABAg,True,@jimslocomb7098,"Not True. Tesla builds all its own battery packs, and it also builds some of its own cells. The cells it uses (in its pack) come from multiple sources. These predominantly include: LG Chem, and Panasonic. Panasonic produces cells with Tesla's GigaFactory in Nevada.",0,True
UgxTvlVFXjvYot_ehMp4AaABAg.9lndqpGs-b6AW2wls5LIy1,comment,gzHLv6rLSpQ,UgxTvlVFXjvYot_ehMp4AaABAg,True,@Coco09-06,"@jimslocomb7098

Yes, BYD supplies batteries to Tesla. Specifically, BYD manufactures its signature ""Blade Battery"" (a type of lithium iron phosphate, or LFP, battery) which Tesla utilizes for standard-range electric vehicles.",0,True
UgxTvlVFXjvYot_ehMp4AaABAg.9lndqpGs-b6AW2ykcuTCpq,comment,gzHLv6rLSpQ,UgxTvlVFXjvYot_ehMp4AaABAg,True,@Coco09-06,"@jimslocomb7098

BYD looks good inside and out! The BYD build quality is really good. 😍🫣👌Chinese cars prices with quality are hard to compete with. BYD fast charging in 5 minutes. 👍

The BYD battery is the famous blade battery. An electric battery made of lithium iron phosphate. It has a smart, blade-like design, long like a sword. That’s why they call it the Blade battery. China’s electric cars are taking over the world. 

BYD supplies batteries to Tesla. Specifically, BYD manufactures its signature ""Blade Battery"" (a type of lithium iron phosphate, or LFP, battery) which Tesla utilizes for standard-range electric vehicles.

BYD's flat, blade-shaped battery cells are highly space-efficient, have excellent thermal stability, and allow for faster charging speeds compared to traditional battery designs. 

While China dominates the global EV battery market, producing roughly 70% to 80% of the world's battery cells.

 China's reach in this industry is vast. Even when a vehicle is assembled in the US or Europe, its battery often contains critical materials—such as processed lithium, cobalt, or graphite—that are refined or sourced from China.",0,True
UgzEkcfhHJAqEabX-i54AaABAg,comment,gzHLv6rLSpQ,,False,@blee04524,That build your dream really makes the car feel cheap  Chinese need to work on their branding more,0,True
UgxkOr9_rmDIfz5xsDh4AaABAg,comment,gzHLv6rLSpQ,,False,@debragherman6196,"Love your videos, but why should we buy a car made in China?",1,True
Ugx7k9o5A3BlEKuKX8d4AaABAg,comment,gzHLv6rLSpQ,,False,@MrKarmapolice97,Razor phones back in the 90’s 😂 no son the razor came out in 2004!,0,True
UgyVdAzZQ6shHFDkm8Z4AaABAg,comment,gzHLv6rLSpQ,,False,@monicamariahernandezh6004,Para entenderle,0,True
Ugxho6On9pw9wEPUNAF4AaABAg,comment,gzHLv6rLSpQ,,False,@monicamariahernandezh6004,Esta muy lindo el carro  me gustaria que hablara en español,2,True
UgwjWayYDOlDl8k2Lz14AaABAg,comment,gzHLv6rLSpQ,,False,@willcookmakeup,Yo this car is actually so sick. I would to see it come to the states. Also Sergi speaking Chinese.....he just got so much hotter than he already was lmao,4,True
Ugyw06YpJ9-6TDNuzj54AaABAg,comment,gzHLv6rLSpQ,,False,@carlosdlonga6507,"Looks very Cool, Greetings man",0,True
UgziK5GiZmqW2PRvIeN4AaABAg,comment,gzHLv6rLSpQ,,False,@mentor2888,As usual cheap Chinese replica,0,True
UgzzN0T2w407HRA8_al4AaABAg,comment,gzHLv6rLSpQ,,False,@phillyguy178,Not bad👍🏽,0,True
UgxWz_Ve8r2FHWydT6d4AaABAg,comment,gzHLv6rLSpQ,,False,@Charleskhouryck,"ALL U HAVE TO SAY is 
Nihawc dh duqvysy bmsogw whsv
LOL WTF 
This guy speak Chinese better than jacky chan",0,True
UgwxbVcAf6HakXA7sVZ4AaABAg,comment,gzHLv6rLSpQ,,False,@sanz_96,Best selling car??. What are you talking about,1,True
UgwtF4drw07EZeaCkvl4AaABAg,comment,gzHLv6rLSpQ,,False,@TheSaltyAdmiral,"I see palms and fur jacket, what the hell is going on?",0,True
UgwNewTI0WY6agPG-0t4AaABAg,comment,gzHLv6rLSpQ,,False,@bramfransen4645,"Looks nice. Can you elaborate more on the range. With EV Cars, this is really important",0,True
UgwNewTI0WY6agPG-0t4AaABAg.9lnBF-3dWlp9lwJIcyx9w9,comment,gzHLv6rLSpQ,UgwNewTI0WY6agPG-0t4AaABAg,True,@crabandough,"My Han gets around 285 Miles, to date my MPGe is 142 mpg.",0,True
UgxYhRkiZ7DMlSKqeW94AaABAg,comment,gzHLv6rLSpQ,,False,@jongmeyo5666,👍,0,True
UgytG2Upfjef2A6JepF4AaABAg,comment,gzHLv6rLSpQ,,False,@sirTytylor,I will forever believe that this guy is voiced by Drake.,0,True
UgzQUdH2jbm9n8fe-tl4AaABAg,comment,gzHLv6rLSpQ,,False,@eldyfalko,Thought it was an Arteon,0,True
UgwtxL42TY3g3RxkoX94AaABAg,comment,gzHLv6rLSpQ,,False,@ronaldfish1569,When will it come to the US?,0,True
UgyF-wTcvGSFT3gxekN4AaABAg,comment,gzHLv6rLSpQ,,False,@nazrojean7128,did u shoot tat at Universal Studios LA....tat BYD looks awesome...anytime better than a Tesla,0,True
UgyN-VD1ez3yzpw-JNp4AaABAg,comment,gzHLv6rLSpQ,,False,@firesetup23,"Hey Guys I'm coming to Dubai for 3 days next month, is there a way to have a tour of your operation base",0,True
UgzFaiepPsF0xfVCyLd4AaABAg,comment,gzHLv6rLSpQ,,False,@CookieEliminator,For 72k I'll stick to Tesla,0,True
UgzFaiepPsF0xfVCyLd4AaABAg.9lmxBaF99Vd9ln8Zd7tzB2,comment,gzHLv6rLSpQ,UgzFaiepPsF0xfVCyLd4AaABAg,True,@muthanaannuka6956,In jordan its about 45k usd with 600 km range,1,True
UgyJiN-wtO6J4PuSnep4AaABAg,comment,gzHLv6rLSpQ,,False,@mikafiltenborg7572,"BYD sold 40% hybrid with a gas engine ⛽😷
Tesla sold 0% hybrid!",1,True
Ugx9Gf3PPOaUgc4cC5R4AaABAg,comment,gzHLv6rLSpQ,,False,@mikafiltenborg7572,TESLA = No.1 🥇 EV-maker on planet Earth 🌎,1,True
UgygSKPPAToCk0JiIkN4AaABAg,comment,gzHLv6rLSpQ,,False,@mikafiltenborg7572,🏁Tesla model Y will be the most sold carmodel on planet 🌎 Earth in year 2023!! 🏁🥇🏆,1,True
Ugz-qw8TY95eod0V6XR4AaABAg,comment,gzHLv6rLSpQ,,False,@saileihou7041,"I don't think it will be sold in the United States in the near future. At present, BYD has a backlog of orders due to too many sales, and it will take three to five months to get the car in mainland China.  This car costs 75,000 euros in Europe, and the same car costs 260,000 RMB in China. I don’t understand why Europe charges such a high tax?",4,True
Ugz-qw8TY95eod0V6XR4AaABAg.9lmm0HbNKw09mMfS6jXvfY,comment,gzHLv6rLSpQ,Ugz-qw8TY95eod0V6XR4AaABAg,True,@jpscharged,Ric Ky you have to remember the horrible working conditions in china make it cheaper to produce cars. The import taxes protect the average Joe laborers in the states.,0,True
Ugz-qw8TY95eod0V6XR4AaABAg.9lmm0HbNKw09mYtVRzuT8g,comment,gzHLv6rLSpQ,Ugz-qw8TY95eod0V6XR4AaABAg,True,@ChinaSongsCollection,"Also there may be high middlemen charges.

Unlike Tesla, as far as I know BYD outside of China don't sell direct to the consumer.  (But I could be wrong)",0,True
Ugy5uGlZLcau_ygenAB4AaABAg,comment,gzHLv6rLSpQ,,False,@praneeth_ilandara,What about the hourses ???,0,True
UgwMFAl1DgKtckz8Eg54AaABAg,comment,gzHLv6rLSpQ,,False,@aamishra4117,Supercar Blonda?,0,True
UgzhLclbl4tchS9zndR4AaABAg,comment,gzHLv6rLSpQ,,False,@laszlozagyva3822,"I like this car. And Sergi is  right,  China has  come a long way , they are  very good in technology,  and in Europe,  Chinese  products are  better  quality than in North America",2,True
UgzhLclbl4tchS9zndR4AaABAg.9lmhWpf4jSi9lxYOWHx0G1,comment,gzHLv6rLSpQ,UgzhLclbl4tchS9zndR4AaABAg,True,@Alexpktang,"American like to import cheap stuffs, blame Walmart and or Target !",0,True
UgzhLclbl4tchS9zndR4AaABAg.9lmhWpf4jSi9lxr6bPUREp,comment,gzHLv6rLSpQ,UgzhLclbl4tchS9zndR4AaABAg,True,@Gouliguo,"@Alexpktang you got the point, blame those middle men in NA who take most money and deliver the worst product to customers, meanwhile they are destroying the reputation of made in China goods",0,True
UgzpvRn1lcAzV-n9hOF4AaABAg,comment,gzHLv6rLSpQ,,False,@Markcain268,"Love these EVs, it's great that we revive old fashioned tech instead of trying something new, hope they revive steam cars next, that would be awesome!",14,True
UgzpvRn1lcAzV-n9hOF4AaABAg.9lmdgs6XNWY9mMXhm_1Bf_,comment,gzHLv6rLSpQ,UgzpvRn1lcAzV-n9hOF4AaABAg,True,@jpscharged,Sarcasm is a cynics favorite language.,1,True
UgzpvRn1lcAzV-n9hOF4AaABAg.9lmdgs6XNWY9pSn_DxMgIR,comment,gzHLv6rLSpQ,UgzpvRn1lcAzV-n9hOF4AaABAg,True,@yujuanhe720,"The blade battery tech mentioned in this video is something you don't even know it exist, old fashion tech? Probably your brain is old fashion firmware need some fixes",0,True
UgxTnrhLfxtWYVXvy3x4AaABAg,comment,gzHLv6rLSpQ,,False,@ikki674,not him speaking Chinese😭😭🤣🤣,0,True
UgwNx7OWQjLhynFb6854AaABAg,comment,gzHLv6rLSpQ,,False,@indey7490,God I wish for one of those cars..... it's a pity I don't have money to buy it😭,5,True
UgyqyifsMjesc97wXi14AaABAg,comment,gzHLv6rLSpQ,,False,@izzo2271,If you wanna see the sickest and newest Chinese cars check out Wheelsboy - you'll come out of that channel wanting to buy your next vehicle from China,0,True
UgxANGWgHAclDlyvkfJ4AaABAg,comment,gzHLv6rLSpQ,,False,@XylPlayz,"The cars they sold in 2022 weren't all fully electric vehicles about half were hybrids, its cheating on tesla, and no this is not the most sold ev",1,True
Ugweaj4C5dZuXr3eQ9V4AaABAg,comment,gzHLv6rLSpQ,,False,@bossmatsymoto,🎀дякую🪄,0,True
UgwBraG0zVSEezKhyRh4AaABAg,comment,gzHLv6rLSpQ,,False,@sugeng_1515,WOW...he is so HANDSOME...I LOVE IT  😍,5,True
UgyFSHLbsYW5z-Q0RHd4AaABAg,comment,gzHLv6rLSpQ,,False,@StigandStem,Soon to be the fastest expensive waste of money sitting in a breakers yard waiting to be one an echo catastrophe.,0,True
UgyxceZxwTRstNxxRYV4AaABAg,comment,gzHLv6rLSpQ,,False,@PUREPAKI,I've personally sat in a byd compact SUV and it is amazing our  byd is coming in 2 months,38,True
UgyxceZxwTRstNxxRYV4AaABAg.9lmOsRmXhgs9omUDR8VhKy,comment,gzHLv6rLSpQ,UgyxceZxwTRstNxxRYV4AaABAg,True,@edwardhochwand9063,atto3,0,True
UgyL195JEmkOZTyghdB4AaABAg,comment,gzHLv6rLSpQ,,False,@jeypireyes,Nice forehead SerrrchhhhHHH,0,True
UgyIk_BA_KxQmj817894AaABAg,comment,gzHLv6rLSpQ,,False,@jeypireyes,What a bangerrrr,1,True
UgywEuERGPv_wDrpc594AaABAg,comment,gzHLv6rLSpQ,,False,@marcinkubiak789,Electric bullshit cars,0,True
Ugw-hsqABIsjSIkj5BR4AaABAg,comment,gzHLv6rLSpQ,,False,@parkjoonkwang9259,"China is at least 5 years ahead of the U.S. in electric vehicle battery technology, and even Tesla uses Chinese batteries.
This year China will also launch the world's first sodium ion battery.",9,True
UgzLXsksvnol-wlDNGR4AaABAg,comment,gzHLv6rLSpQ,,False,@lionden406,A disco TEC,0,True
UgyBanKJktGCL96_B4d4AaABAg,comment,gzHLv6rLSpQ,,False,@xorbitman,"Nice looking vehicle reminds me of the beautiful Lucid Air. Great video as usual. Where do they write the code/software for their cars? Lucid's software is written entirely in the USA and if I'm not mistaken in Texas. I would love to see a head to head comparison with the Lucid Air. The starting price is very similar (MSRP). I love the cantilevered curved screen in the Lucid plus they have an iPad style screen in the middle. How come you guys don't have ""Search"" on your YT page?",21,True
UgyBanKJktGCL96_B4d4AaABAg.9lmGMsefs939lxk5PVtGLg,comment,gzHLv6rLSpQ,UgyBanKJktGCL96_B4d4AaABAg,True,@larryc1616,Msrp of both cars are nothing close to each other,1,True
UgyBanKJktGCL96_B4d4AaABAg.9lmGMsefs939qKPdMt3BRp,comment,gzHLv6rLSpQ,UgyBanKJktGCL96_B4d4AaABAg,True,@ArchsStanton,"The software is ENTIRELY written by HOMEGROWN Chinese software developers.

*MURCA! used to be the go to place for the best of the Chinese developers BUT THOSE DAYS ARE LONG GONE and thus software development in China is not only equal to software development in MURCA! but has surpassed MURCA! software development.*",1,True
UgzZkNaSDXjYUySngmB4AaABAg,comment,gzHLv6rLSpQ,,False,@CampbellTatham,I love my atto 3 (yuan plus),0,True
UgwcsVMz7taP7_NisXt4AaABAg,comment,gzHLv6rLSpQ,,False,@duocmat5192,👍👍👍❤️❤️❤️,1,True
UgzcN7KsAFQtxGy07OV4AaABAg,comment,gzHLv6rLSpQ,,False,@jxl594,"BYD has become the toppest EV brand in China. The car in the video is 2021 version which is out of date. BYD has a lot of more advanced cars nowadays. BYD sold more than 1.86 million cars last year, much more than Tesla. And sales are still growing fast. If you order a BYD car now in China, you have to wait for more than 3 month. With the production capacity growth, BYD may soon take the place of Tesla in all of the world.",215,True
UgzcN7KsAFQtxGy07OV4AaABAg.9lm3lQPhgqj9lrpqADmoN_,comment,gzHLv6rLSpQ,UgzcN7KsAFQtxGy07OV4AaABAg,True,@KaypangAsli,Ohh nice tale,3,True
UgzcN7KsAFQtxGy07OV4AaABAg.9lm3lQPhgqj9lsFGGbj1oc,comment,gzHLv6rLSpQ,UgzcN7KsAFQtxGy07OV4AaABAg,True,@acvwacvw,No people prefer Tesla as the #1brand and only settle for BYD when then cannot get a Tesla.,11,True
UgzcN7KsAFQtxGy07OV4AaABAg.9lm3lQPhgqj9ltwbZ-cr6B,comment,gzHLv6rLSpQ,UgzcN7KsAFQtxGy07OV4AaABAg,True,@tzxfgl,"@acvwacvw  brainwashed?  Tesla's interior is absolutely shit and dont have fast charging as Han does. I drive a limited edition 2022 Han EV, many times at charging station compared with Model 3and Y, they are not that good really. And the smart drive is a huge risk and tens of drivers died or seriously injured in China coz they trusted the public campaign of Tesla too much. And tesla sales plummeted in the last quarter of 2022. The losing year of 2023 for Tesla just began.",0,True
UgzcN7KsAFQtxGy07OV4AaABAg.9lm3lQPhgqj9luhuIS1pCa,comment,gzHLv6rLSpQ,UgzcN7KsAFQtxGy07OV4AaABAg,True,@jlove24,What’s their most advanced car,1,True
UgzcN7KsAFQtxGy07OV4AaABAg.9lm3lQPhgqj9lvtbij7qt6,comment,gzHLv6rLSpQ,UgzcN7KsAFQtxGy07OV4AaABAg,True,@knabbagluon,"@acvwacvw Wrong, people only settle for Telsa because the cannot get a Porsche/Lotus. Byd is a value brand, Tesla is Premium. So they don't really compete.
In china more and byd has to go down in price.",26,True
UgzcN7KsAFQtxGy07OV4AaABAg.9lm3lQPhgqj9lx5vfGyo8W,comment,gzHLv6rLSpQ,UgzcN7KsAFQtxGy07OV4AaABAg,True,@原野-n2e,@jlove24 yangwang,4,True
UgzcN7KsAFQtxGy07OV4AaABAg.9lm3lQPhgqj9lxY3KLEPZo,comment,gzHLv6rLSpQ,UgzcN7KsAFQtxGy07OV4AaABAg,True,@井口观蛙,@knabbagluon The fact is that Tesla is cutting prices and BYD is raising prices,33,True
UgzcN7KsAFQtxGy07OV4AaABAg.9lm3lQPhgqj9lx_NJl4Avb,comment,gzHLv6rLSpQ,UgzcN7KsAFQtxGy07OV4AaABAg,True,@knabbagluon,"@井口观蛙 BYD seal: 342 miles range:
212,800 yuan.
Telsa model 3 315 miles:
265,900 yuan

So byd ist still cheaper. As it should be.",6,True
UgzcN7KsAFQtxGy07OV4AaABAg.9lm3lQPhgqj9ly2eQlVAeI,comment,gzHLv6rLSpQ,UgzcN7KsAFQtxGy07OV4AaABAg,True,@我是大爷啊,@jlove24 Yangwnag,0,True
UgzcN7KsAFQtxGy07OV4AaABAg.9lm3lQPhgqj9lyZmVn5BDa,comment,gzHLv6rLSpQ,UgzcN7KsAFQtxGy07OV4AaABAg,True,@acvwacvw,"@knabbagluon too funny, I think sales data says otherwise. Not too worries about Porsche or Lotus taking any sales from Tesla.",0,True
UgzcN7KsAFQtxGy07OV4AaABAg.9lm3lQPhgqj9lyZw5YSZnd,comment,gzHLv6rLSpQ,UgzcN7KsAFQtxGy07OV4AaABAg,True,@acvwacvw,BYDs Adas system is garbage compared to Tesla's.,1,True
UgzcN7KsAFQtxGy07OV4AaABAg.9lm3lQPhgqj9lzVA-X7w3m,comment,gzHLv6rLSpQ,UgzcN7KsAFQtxGy07OV4AaABAg,True,@FunctionJacket,"@knabbagluon Because of the decline in sales, the lowest price of model3 has dropped to 229,900 yuan",1,True
UgzcN7KsAFQtxGy07OV4AaABAg.9lm3lQPhgqj9lzaEhn3nXx,comment,gzHLv6rLSpQ,UgzcN7KsAFQtxGy07OV4AaABAg,True,@knabbagluon,"@FunctionJacket could not find it. But what is your point?
Of course byd has to be cheaper by the same battery range.",0,True
UgzcN7KsAFQtxGy07OV4AaABAg.9lm3lQPhgqj9lzmzpi5q7q,comment,gzHLv6rLSpQ,UgzcN7KsAFQtxGy07OV4AaABAg,True,@张小光-v5m,@jlove24 Byd dmi series,0,True
UgzcN7KsAFQtxGy07OV4AaABAg.9lm3lQPhgqj9m0Z4qrj5Mm,comment,gzHLv6rLSpQ,UgzcN7KsAFQtxGy07OV4AaABAg,True,@FunctionJacket,"@knabbagluon I don't know why you can't find the price on Tesla China's official website. I don't know how to send you a screenshot on YouTube. I want to say that the sales of model3 in China is difficult to compete with BYD, so it needs to continue to reduce its price",2,True
UgzcN7KsAFQtxGy07OV4AaABAg.9lm3lQPhgqj9m8YENaWk4s,comment,gzHLv6rLSpQ,UgzcN7KsAFQtxGy07OV4AaABAg,True,@SPSki,You seem so happy with how good BYD has become in contributing to the Cobalt Mining in The Conga.,1,True
UgzcN7KsAFQtxGy07OV4AaABAg.9lm3lQPhgqj9m9piPGd-qd,comment,gzHLv6rLSpQ,UgzcN7KsAFQtxGy07OV4AaABAg,True,@knabbagluon,"@SPSki Byd does not build batteries with cobalt:
""12.04.2021 — DRC Take Note: China's BYD Says It'll No Longer Used Cobalt in Its Electric Vehicles.""",1,True
UgzcN7KsAFQtxGy07OV4AaABAg.9lm3lQPhgqj9mDXDAGZPGG,comment,gzHLv6rLSpQ,UgzcN7KsAFQtxGy07OV4AaABAg,True,@parkjoonkwang9259,@knabbagluon BYD's technology is far ahead of Tesla. Teslin so far can't get a battery that can compete with BYD's blade battery want.,5,True
UgzcN7KsAFQtxGy07OV4AaABAg.9lm3lQPhgqj9mEwMtdz7c7,comment,gzHLv6rLSpQ,UgzcN7KsAFQtxGy07OV4AaABAg,True,@客官你得先进门,@jlove24 BYD U8,1,True
UgzcN7KsAFQtxGy07OV4AaABAg.9lm3lQPhgqj9mHSeLrbYUr,comment,gzHLv6rLSpQ,UgzcN7KsAFQtxGy07OV4AaABAg,True,@Victor-vj5ds,"@parkjoonkwang9259 it's very cute you think the blade battery is superior to the 4680 cell, unlike the blade battery the 4680 cell actually acts like a structural component at the cost of energy density but it makes this up with a better cathode. They tried to brag about their blade battery being fire resistant only for a bunch of blade packs to burst into flames.",1,True
UgzcN7KsAFQtxGy07OV4AaABAg.9lm3lQPhgqj9mHSnHninXL,comment,gzHLv6rLSpQ,UgzcN7KsAFQtxGy07OV4AaABAg,True,@Victor-vj5ds,"@knabbagluon Tesla drivers don't want a Porsche or a lotus, otherwise the Porsche Taycan would have not seen sales drop last year. It's not as attractive as you think, Tesla is still king.",1,True
UgzcN7KsAFQtxGy07OV4AaABAg.9lm3lQPhgqj9mHSshuNB4V,comment,gzHLv6rLSpQ,UgzcN7KsAFQtxGy07OV4AaABAg,True,@Victor-vj5ds,"Byd includes hybrids in their sells, Tesla actually makes more battery cars than BYD and at a premium too.",2,True
UgzcN7KsAFQtxGy07OV4AaABAg.9lm3lQPhgqj9mITj3tOrV6,comment,gzHLv6rLSpQ,UgzcN7KsAFQtxGy07OV4AaABAg,True,@parkjoonkwang9259,"@Victor-vj5ds The 4680 battery you bragged about is still not available for mass production, which is the best proof that Tesla's technology lags behind BYD. In addition, a study by the University of San Diego shows that the energy density of 4680 is much lower than what Tesla claims.
BYD's blade battery has been issued for several years and has long been recognized by the market, when will your 4680 battery be ready for mass production?
Why Tesla is still using CALT and Panasonic batteries?",5,True
UgzcN7KsAFQtxGy07OV4AaABAg.9lm3lQPhgqj9mIfNRvqgQs,comment,gzHLv6rLSpQ,UgzcN7KsAFQtxGy07OV4AaABAg,True,@Victor-vj5ds,"@parkjoonkwang9259 you do realize the 4680 is already being used in the model Y right now? Tesla will hit mass production with the cell and increase its energy density through manufacturing refinement, this is stuff that was expected when it was announced and clarified in the recent battery day. The energy density came out lower than expected because Tesla had not implemented it's most advance chemistry and the shell of the cell is thicker than expected.

Ultimately the argument about energy density is weaker than the cost per kWh argument. It doesn't matter if the car is 100 pounds heavier when Tesla can save 1,000 on each car by going with heavier cells, this is why LFP batteries are popular despite the lower energy density.

BYD builds hybrids and electric cars with small batteries and still get outproduced in BEV volume by a car company that sells expensive large cars with big battery packs 

I remember BYD bragging about how fire resistant their blade battery was only for BYD Hans with the blade battery to spontaneously catch fire months after launch.

If you truly want to understand what matters I suggest looking up the channel ""the limiting factor"" to get a better understanding how these cells compare.",1,True
UgzcN7KsAFQtxGy07OV4AaABAg.9lm3lQPhgqj9mIj9ct3xPY,comment,gzHLv6rLSpQ,UgzcN7KsAFQtxGy07OV4AaABAg,True,@parkjoonkwang9259,"@Victor-vj5ds When will Tesla achieve 4680 mass production and when will you talk about it again. The reality is that BYD's blade battery has long since achieved mass production and has been put on the market to get good reviews. This is the evidence that BYD technology is ahead of Tesla.
2 years have passed, 4680 still can not mass production itself is proof that Tesla technically backward, can not overcome the problem of the battery.
How much more time do you need, please?
BYD's battery spontaneous combustion? Really? Never heard of it. On the contrary, there is a lot of news about the accident that happened to Tesla.
The University of San Diego study has proved that the 4680 energy density is not as high as claimed by Tesla, if you are not convinced to come up with a more authoritative study to show me.",4,True
UgzcN7KsAFQtxGy07OV4AaABAg.9lm3lQPhgqj9mIxBC9A4eo,comment,gzHLv6rLSpQ,UgzcN7KsAFQtxGy07OV4AaABAg,True,@Victor-vj5ds,"@parkjoonkwang9259 what exactly do you consider mass production? Is a number of battery packs or total KWH capacity per quarter? You don't seem to realize that Tesla will mass produce this cell and they are not the only one, Panasonic also plans to mass produce their own version. I would not consider the blade battery mass produced because it's only available on a select model and in low volume compared to Tesla's sells numbers for BEVs.

From what people what I've heard from people who got their hands on these cells and disected and tested them reveal that energy density was sacrificed for something more important to the customer and the manufacturer, cost, durability, and structural integrity. I know you don't understand why this is important since you seem to think energy density is the most important spec for a battery, have you ever even consider how batteries should be cooled or the fluid managed? Tesla has. I already told you to look up ""the limiting factor"" channel, he provides in depth analysis on these companies and consults his own cell experts. 

Of course you haven't heard of BYD fires, your a BYD fanboy and BYD works hard to keep this stuff un noticed just like what Porsche did with Taycan fires. You hear a lot more about Tesla because they make more cars, the produce 1.4 million battery cars a year. What Tesla considers mass production makes BYD look like a local operation. All you can site is an article while I have spent hours looking up real world preformance of these vehicles and what their cells actually provide. The 4680 will likely take 2 years to hit Tesla's version of mass production and 5 years to refine it's chemistry. 

My god do you guys not like acknowledging Tesla is the only new energy vehicle maker in china that actually makes profits without subsidies. When Tesla dropped prices a few weeks ago I heard of so many people canceling their BYD  orders, this will reflect this year.",0,True
UgzcN7KsAFQtxGy07OV4AaABAg.9lm3lQPhgqj9mIzYmPdh78,comment,gzHLv6rLSpQ,UgzcN7KsAFQtxGy07OV4AaABAg,True,@parkjoonkwang9259,"@Victor-vj5ds What is considered ""mass production""? Simple,  a large number of models like BYD's are equipped with their own developed blade batteries.
Can Tesla do that?
Why does Tesla import a lot of CALT's batteries? Can't Tesla develop its own batteries better than CALT?
Why the proportion of 4680 in Tesla's car is much smaller than the proportion of blade battery in BYD's car?
Why two years later Tesla still can not do mass production of 4680?
The answer is that Tesla has encountered a technical obstacle, they can not solve the problem of 4680.
A study by the University of San Diego even shows that the energy density of 4680 is not as high as Tesla claims.
Do you have a more authoritative study to refute the San Diego study?
When have BYD's blade batteries ever spontaneously combusted? Tell us about it.
Why haven't I heard about it? Do you have proof?
On the contrary, Tesla has had a lot of news of accidents with fires.",3,True
UgzcN7KsAFQtxGy07OV4AaABAg.9lm3lQPhgqj9mK297jM9E6,comment,gzHLv6rLSpQ,UgzcN7KsAFQtxGy07OV4AaABAg,True,@Victor-vj5ds,"@parkjoonkwang9259 if you want to sound credible you actually have to start using numbers, sayings ""simply a large number"" means nothing because it's subjective. To Rimac 10 cars is a large number, to Tesla 1 million is a large number.
How many BYD blade battery packs are made each quarter, do you actually know?

Why does Tesla buy CALT batteries? Because they make cars faster than they can set up their own cell lines. This has been known for years, you would know if you actually watch these investor meetings and quarterly report. Just like you would know Tesla is aiming for higher energy density but starting off with familiar techniques. 
You seem think 2 years of development is proof that it is failing but cell development usually takes a decade, ho long ago did BYD announce the blade battery because I can guarantee they were working on it before they announced it.

I don't understand why you think Tesla can't achieve their energy density goal, it's inevitable, technology always improves. You probably don't want to believe it because then it will be competition against the blade battery.

I already told you why you haven't heard of blade battery fires, it's because your a fanboy and BYD works hard to hide this kind of news, your constant denial of this without looking it up yourself is proof,a quick Google search shows me a fire in August 16 2022 in LangZhong 3 days after the owner got the car. It's not the only one and won't be the last.

You get guys put to much trust in marketing, Tesla doesn't brag about it's fire resistant it's cells are compared to other cells, they brag about how durable their battery's are it is and the likely it is to catch fire compared to gas cars.",0,True
UgzcN7KsAFQtxGy07OV4AaABAg.9lm3lQPhgqj9mPCy-C53Pj,comment,gzHLv6rLSpQ,UgzcN7KsAFQtxGy07OV4AaABAg,True,@先生李-o3o,​@jlove24 u8,0,True
UgzcN7KsAFQtxGy07OV4AaABAg.9lm3lQPhgqj9mRssZAIxbU,comment,gzHLv6rLSpQ,UgzcN7KsAFQtxGy07OV4AaABAg,True,@cxint9985,​@jlove24BYD yangwang， like a tank,0,True
UgzcN7KsAFQtxGy07OV4AaABAg.9lm3lQPhgqj9mWD7H79V3q,comment,gzHLv6rLSpQ,UgzcN7KsAFQtxGy07OV4AaABAg,True,@xingzhang3185,@jlove24 byd U8,0,True
UgzcN7KsAFQtxGy07OV4AaABAg.9lm3lQPhgqj9mWDBpGdupd,comment,gzHLv6rLSpQ,UgzcN7KsAFQtxGy07OV4AaABAg,True,@xingzhang3185,@jlove24 byd u8,0,True
UgzcN7KsAFQtxGy07OV4AaABAg.9lm3lQPhgqj9mYkzZOuG8f,comment,gzHLv6rLSpQ,UgzcN7KsAFQtxGy07OV4AaABAg,True,@ChinaSongsCollection,"​@S P   BYD and most other Chinese car brands DO NOT use cobalt.  They use LFP batteries.

Only American, European, Japanese, and Korean cars use cobalt.

So you should complain about them instead.

If you want to save the planet, you SHOULD buy a Chinese EV instead.

(But Tesla is now also joining the Chinese in using LFP batteries instead of cobalt based batteries.  In fact, there are rumours that Tesla will even use BYD's Blade Battery for some of their cars!!)",0,True
UgzcN7KsAFQtxGy07OV4AaABAg.9lm3lQPhgqj9mZmDxQh53-,comment,gzHLv6rLSpQ,UgzcN7KsAFQtxGy07OV4AaABAg,True,@leandromantovani4282,"@FunctionJacket why do you say that the Tesla sales declined if their deliveries are always escalating?
Anyway premium or not, the Tesla Model Y is the best selling EV car in the world currently by revenue..  it loses only by units sold. this video is clickbaity because it doesn’t specifies that",2,True
UgzcN7KsAFQtxGy07OV4AaABAg.9lm3lQPhgqj9m_OU1KRNSl,comment,gzHLv6rLSpQ,UgzcN7KsAFQtxGy07OV4AaABAg,True,@FunctionJacket,"@leandromantovani4282 Modely is actually good, but the sales of model3 are declining in China",0,True
UgzcN7KsAFQtxGy07OV4AaABAg.9lm3lQPhgqj9m_Pr6r-VN1,comment,gzHLv6rLSpQ,UgzcN7KsAFQtxGy07OV4AaABAg,True,@leandromantovani4282,@FunctionJacket but you are affirming it based on what? An official release by the company or just on opinions of some random commentators here in the platform,0,True
UgzcN7KsAFQtxGy07OV4AaABAg.9lm3lQPhgqj9mcGA1u4sio,comment,gzHLv6rLSpQ,UgzcN7KsAFQtxGy07OV4AaABAg,True,@FunctionJacket,"​@leandromantovani4282 
Insurance registration data in China",0,True
UgzcN7KsAFQtxGy07OV4AaABAg.9lm3lQPhgqj9myO568wiCu,comment,gzHLv6rLSpQ,UgzcN7KsAFQtxGy07OV4AaABAg,True,@georgewilder7423,"​@acvwacvw Wow amazing!!
Tesla cars are so bloody popular, they have cut pricing.
That's a totally new concept of marketing to me, and I was a dealer for 34 years.",0,True
UgzcN7KsAFQtxGy07OV4AaABAg.9lm3lQPhgqj9mzQ1aM8g1I,comment,gzHLv6rLSpQ,UgzcN7KsAFQtxGy07OV4AaABAg,True,@jxl594,"@Victor-vj5ds BYD's hybrid models can also be used as electric vehicles, with a range typically between 50km to 210km. Moreover, they are priced lower than Japanese cars and have better performance. So BYD's hybrid models are more disruptive to the market.",0,True
UgzcN7KsAFQtxGy07OV4AaABAg.9lm3lQPhgqj9n-Xp3ZEdTz,comment,gzHLv6rLSpQ,UgzcN7KsAFQtxGy07OV4AaABAg,True,@Victor-vj5ds,"@georgewilder7423 dealers only know how to sell cars, Tesla knows how to scale, it's why they sell the most popular car in California, Europe, and Australia. Tesla has more than enough demand but their goal is to have everyone driving electric, even poor people.

This may be an unheard of concept to you but Tesla was made to get people to move to electric, not to make money for middle men like you.",2,True
UgzcN7KsAFQtxGy07OV4AaABAg.9lm3lQPhgqj9n-XxY_LdpV,comment,gzHLv6rLSpQ,UgzcN7KsAFQtxGy07OV4AaABAg,True,@Victor-vj5ds,"@jxl594 barely anyone uses just the battery in a hybrid, it's mostly just gas. BYDs small cheap mini cars with low margins aren't as disruptive as you think.",2,True
UgzcN7KsAFQtxGy07OV4AaABAg.9lm3lQPhgqj9n-hd6RWQei,comment,gzHLv6rLSpQ,UgzcN7KsAFQtxGy07OV4AaABAg,True,@jxl594,"@Victor-vj5ds BYD sold over 190,000 cars in China last month, with over 60% being hybrid models. It is important to note that this is the sales figure for just one month and BYD is still struggling with a backlog of orders due to production constraints.",1,True
UgzcN7KsAFQtxGy07OV4AaABAg.9lm3lQPhgqj9n-lSzgGw6W,comment,gzHLv6rLSpQ,UgzcN7KsAFQtxGy07OV4AaABAg,True,@jxl594,"@Victor-vj5ds In big cities, a hybrid model with a 200km driving range is already sufficient. BYD can provide a complimentary charging station for those who have their own parking space, and charging with a home power supply is very cost-effective.",0,True
UgzcN7KsAFQtxGy07OV4AaABAg.9lm3lQPhgqj9n-me5Z65kw,comment,gzHLv6rLSpQ,UgzcN7KsAFQtxGy07OV4AaABAg,True,@jxl594,"@Victor-vj5ds BYD Denza D9 sold 7,325 in February. This is a high-end MPV with a price over $60,000, available in both electric and hybrid models. The Denza D9 is competing in the MPV market against Japanese and American car brands and has received positive reviews, making it a promising contender for the future.",0,True
UgzcN7KsAFQtxGy07OV4AaABAg.9lm3lQPhgqj9n-oKSVvLGe,comment,gzHLv6rLSpQ,UgzcN7KsAFQtxGy07OV4AaABAg,True,@jxl594,"@Victor-vj5ds As a comparison,  in February， Tesla sold 33,923 vehicles in China and exported 40,479 vehicles. This sales figure was achieved after Tesla lowered its prices in the Chinese market. Otherwise, the data would be lower.",0,True
UgzcN7KsAFQtxGy07OV4AaABAg.9lm3lQPhgqj9n-qX8jYzA1,comment,gzHLv6rLSpQ,UgzcN7KsAFQtxGy07OV4AaABAg,True,@Victor-vj5ds,"@jxl594 it doesn't actually matter what you think is sufficient, people buy what they can afford and look for features and specs that satisfy even if it's not what they need, how else do you think Tesla sold 1.3 million electric cars last year with an average selling price of 60k? that's above the average car price for even the richest European and American market, even in china they sell like hotcakes. This is great when you consider their gross margin is 25% and profit margin around 15%.",2,True
UgzcN7KsAFQtxGy07OV4AaABAg.9lm3lQPhgqj9n0AhY2yr0w,comment,gzHLv6rLSpQ,UgzcN7KsAFQtxGy07OV4AaABAg,True,@acvwacvw,@georgewilder7423 I've used to want a Ferrari but I couldn't afford one. Price matters. Big brain concept.,1,True
UgzcN7KsAFQtxGy07OV4AaABAg.9lm3lQPhgqj9n0guhitTtJ,comment,gzHLv6rLSpQ,UgzcN7KsAFQtxGy07OV4AaABAg,True,@jxl594,"@Victor-vj5ds You should read more of the latest data instead of always thinking that Tesla is so amazing. 2022, global sales of new energy vehicles reached 10.824 million units, a year-on-year increase of 61.6%. Last year, China's new energy vehicles continued to grow explosively, with production and sales reaching 7.058 million units and 6.887 million units respectively, an increase of 96.9% and 93.4% year-on-year. The market share rose to 25.6%, an increase of 12.1 percentage points from the previous year, and the global sales accounted for more than 60%.",0,True
UgzcN7KsAFQtxGy07OV4AaABAg.9lm3lQPhgqj9n0hsMy8Dbx,comment,gzHLv6rLSpQ,UgzcN7KsAFQtxGy07OV4AaABAg,True,@jxl594,"@Victor-vj5ds Over the years, Tesla's best-selling models have been the Model 3 and Model Y, but their update speed has been too slow. In the Chinese market, they have started to show signs of decline and have had to lower their prices to maintain sales. Tesla's localization rate of parts in China is over 95%, and their technology is not significantly better than other Chinese electric car manufacturers. Each manufacturer has its own strengths. While Tesla is still running at a slow pace, Chinese brands have already started to eat away at the gas-powered car market of Japanese, German, and American brands. In your opinion, just because Toyota and Honda cars are cheaper than Tesla, does that mean they have no value? The result may be exactly the opposite.",1,True
UgzcN7KsAFQtxGy07OV4AaABAg.9lm3lQPhgqj9n0jXbYCCiC,comment,gzHLv6rLSpQ,UgzcN7KsAFQtxGy07OV4AaABAg,True,@Victor-vj5ds,"@jxl594 you sound a lot like Gordon Johnson, your argument falls apart when you find out what china considers ""new energy vehicle"" and then realize Tesla was the only new energy vehicle maker in china last year to make profit without government subsidies. Tesla margins are the best in china but the mexico plant will be even more profitable.

Tell me what strength other automakers in china have over Tesla, I want I hear something solid, not something vague.

Tesla is the biggest battery car maker both at capacity and unit maker, their newest giga factories will dwarf the current lithium battery supply. 

You have to realize, Tesla's goal is not to make money on premium prices, they want money because R&D for cheaper manufacturing techniques that allow the to do price drops to maintain high demand. It's been a long journey but they will continue to drop prices until they replace gas cars at any price point.",0,True
UgzcN7KsAFQtxGy07OV4AaABAg.9lm3lQPhgqj9n0tXx6XV4f,comment,gzHLv6rLSpQ,UgzcN7KsAFQtxGy07OV4AaABAg,True,@jxl594,"@Victor-vj5ds BYD produces its own batteries, which are blade batteries with independent patents that can pass nail penetration tests, while Tesla purchases batteries from CATL. BYD independently develops and produces various chips such as MCU, DCU, IGBT, and SIC, while Tesla purchases from other semiconductor companies. BYD has independently developed ABS, BSC (one box line control brake), iTAC intelligent torque distribution anti-skid technology, and almost all vehicle technologies can be free from foreign dependence, which is why BYD has not been sanctioned by the United States. Tesla has efficient manufacturing technology and cost control ability, but it also brings the worst workmanship and simplest interior design. NIO has the unique battery swapping technology and the most luxurious feel, with an average selling price higher than Tesla. XPeng has the best voice recognition system, the best automatic parking function, and autonomous driving technology that closely follows Tesla. Ideal Auto has the best space design, extended-range models, and the best range. These brands have been established for less than 10 years, with some even less than 5 years. Most car companies have similar range for models at the same price as Tesla or even surpass Tesla. Traditional brands such as Geely, Great Wall, Chery, and Changan have basically achieved profitability in the new energy vehicle field, while Chinese brands with European lineage such as MG have mediocre sales in China but have swept the European market. Therefore, brand marketing is the main battlefield for the next stage, and Tesla is still enjoying the brand dividend. In addition, the Chinese government has begun to reduce new energy subsidies, forcing Chinese manufacturers to improve their product competitiveness and management level. Also, you can look up who makes the most electric buses in the world. Tesla is a great company, but not the only great company. Consumers need to have a variety of choices, just like the iPhone is not the only smartphone.",3,True
UgzcN7KsAFQtxGy07OV4AaABAg.9lm3lQPhgqj9n0w25gVoSX,comment,gzHLv6rLSpQ,UgzcN7KsAFQtxGy07OV4AaABAg,True,@jxl594,"@Victor-vj5ds I think the BYD hybrid model is currently the most competitive car model, with a starting price of $15,000, 0 to 100 kilometers acceleration in 7.9 seconds, less than 4 liters per 100 kilometers of combined fuel consumption, and a range of over 1000 kilometers when fully charged and fueled. The energy cost for city short-distance use is close to zero.",2,True
UgzcN7KsAFQtxGy07OV4AaABAg.9lm3lQPhgqj9n3Ob9HvOoP,comment,gzHLv6rLSpQ,UgzcN7KsAFQtxGy07OV4AaABAg,True,@Victor-vj5ds,"@jxl594 this all sounds like scripts I've heard, it's the same stuff I've been hearing for years, I could spend a long time picking everything apart you said but that will take a while ranging from BYDs blade battery and it's actual specs to NIOs battery swap station. I've spent hours researching each of these and figuring out their weaknesses just like I did for Tesla for years. You absolutely don't understand what Tesla plans to do in the next 7 years. While your hear talking about electric busses Tesla is planning to make 50,000 Tesla semi trucks a year by 2024 using the largest battery packs ever put into a commercial vehicle, even larger than what you find in the worlds largest battery powered mining trucks. 

Tesla's plant in Mexico is cutting production cost in half, not only that they plan to go 100% in house controllers for their electronics in their next gen mass market vehicles. Tesla is also securing its own lithium refinement, it's not actually that important to make everything yourself unless you know their will be scarcity issues.

But it really feels like you buying into marketing if you think Xpeng is close to Teslas autonomy. They are a theiving company who steal and copy anything they can.",1,True
UgzcN7KsAFQtxGy07OV4AaABAg.9lm3lQPhgqj9nJaAVn9yON,comment,gzHLv6rLSpQ,UgzcN7KsAFQtxGy07OV4AaABAg,True,@bangboy964,"​@KaypangAsli gmna nih sales toyota?? 
Wkwkwkwwkwk",0,True
UgzcN7KsAFQtxGy07OV4AaABAg.9lm3lQPhgqj9nWADI75Zsj,comment,gzHLv6rLSpQ,UgzcN7KsAFQtxGy07OV4AaABAg,True,@陈晨鸭,​@jlove24 yangwang u8😂,0,True
UgzcN7KsAFQtxGy07OV4AaABAg.9lm3lQPhgqj9n_i_rJxhJ4,comment,gzHLv6rLSpQ,UgzcN7KsAFQtxGy07OV4AaABAg,True,@KKI98,"​@acvwacvw China in the field of electric vehicle technology, not afraid of Western sanctions, China can produce its own electric vehicles and power battery systems, while the United States Tesla includes some Western countries, they are still using China's power battery system, because Western countries can not produce power battery systems, in terms of power battery system endurance, Western technology is far behind China, China in the field of electric vehicles, including power battery systems, leading the world",2,True
UgzcN7KsAFQtxGy07OV4AaABAg.9lm3lQPhgqj9oCAtwX_upI,comment,gzHLv6rLSpQ,UgzcN7KsAFQtxGy07OV4AaABAg,True,@Kbax3614,@acvwacvw No. Tesla’s have malfunctioning cases which is enough for me to not get it ever and it is basically the same price in the country i live in.,0,True
UgzcN7KsAFQtxGy07OV4AaABAg.9lm3lQPhgqj9oCgBoSsfZ5,comment,gzHLv6rLSpQ,UgzcN7KsAFQtxGy07OV4AaABAg,True,@acvwacvw,@Kbax3614 lol sure. If you don't want the safest car on the planet for your family buy something else.,0,True
UgzcN7KsAFQtxGy07OV4AaABAg.9lm3lQPhgqj9oRK2Vw5uG8,comment,gzHLv6rLSpQ,UgzcN7KsAFQtxGy07OV4AaABAg,True,@Nonsequitor415,Is it the toppest? Lol. Ironic since BYD likely jacked all that technology from Tesla in the first place.,0,True
UgzcN7KsAFQtxGy07OV4AaABAg.9lm3lQPhgqj9ow_AIzX3fi,comment,gzHLv6rLSpQ,UgzcN7KsAFQtxGy07OV4AaABAg,True,@FireMunki63,"Rubbish, it sells bulk at low margins in China. It is not profitable in the long run as can be seen by the proposed European HAN price of 72,000 Euro. Yeah in your dreams BYD. Its popular in China because its dirt cheap but the policy is unsustainable. Tesla is toying with the market with price cuts to be aggressive and it can because even with the cuts they still have one of the best margins. What can BYD do when they are already at $ 30k and not making a profit? Answer, try and make up the losses in Europe etc.. by selling at double the price. Problem is at 70k euros plus there are so many more appealing choices not just Tesla but Hyundai, VW and BMW etc..",0,True
UgzcN7KsAFQtxGy07OV4AaABAg.9lm3lQPhgqj9oxKO6HMYnO,comment,gzHLv6rLSpQ,UgzcN7KsAFQtxGy07OV4AaABAg,True,@jxl594,"@FireMunki63 To really understand BYD,  don't just rely on hearsay and secondary information. You need to learn more about the Chinese language and China's actual situation. The Chinese auto market is the most competitive market in the world. Hyundai's failure in China proves it is rubbish. The EVs of BMW is more rubbish than Hyundai. BMW has no core technology of EVs. VW is much better, but the ID series EVs still lack competitiveness in China. The MG EVs sell good in Europe but still rubbish in China. Tesla has good technology, but they also rely on China's supply chain to succeed and control costs. However, Tesla lacks motivation for progress and updates new products slowly. Its sales in China have started to decline significantly. Don't forget import tariffs and trade protectionism as reasons for high selling prices. In addition, BYD's new car Yangwang U8 has received over 18,000 pre-orders in China. You can check out its selling price in China.",1,True
UgzcN7KsAFQtxGy07OV4AaABAg.9lm3lQPhgqj9oxKdL6hw8B,comment,gzHLv6rLSpQ,UgzcN7KsAFQtxGy07OV4AaABAg,True,@jxl594,"@FireMunki63 And the MPV, BYD Denza D9.",1,True
UgzcN7KsAFQtxGy07OV4AaABAg.9lm3lQPhgqj9oy-OnDxd2m,comment,gzHLv6rLSpQ,UgzcN7KsAFQtxGy07OV4AaABAg,True,@jxl594,"@FireMunki63 search for key word: shanghai auto show 2023. It is not just BYD, other Chinese brands of EVs are also blooming, and most of the vehicles on the Auto Show are mass-produced models.",2,True
UgzcN7KsAFQtxGy07OV4AaABAg.9lm3lQPhgqj9qTN9zQt_bv,comment,gzHLv6rLSpQ,UgzcN7KsAFQtxGy07OV4AaABAg,True,@TravelingPrik,"With a population of 100 trillion, anything sold in China will be “the world’s most popular” lol",0,True
UgzcN7KsAFQtxGy07OV4AaABAg.9lm3lQPhgqj9rJzDt8WePb,comment,gzHLv6rLSpQ,UgzcN7KsAFQtxGy07OV4AaABAg,True,@mikeni1225,"Screw BYD, NIO please",0,True
UgzcN7KsAFQtxGy07OV4AaABAg.9lm3lQPhgqj9rl-Mb3uQm_,comment,gzHLv6rLSpQ,UgzcN7KsAFQtxGy07OV4AaABAg,True,@silveriver9,💯,0,True
UgzcN7KsAFQtxGy07OV4AaABAg.9lm3lQPhgqj9rl-_8TuobR,comment,gzHLv6rLSpQ,UgzcN7KsAFQtxGy07OV4AaABAg,True,@silveriver9,​@knabbagluonEthical reasons.,0,True
UgzcN7KsAFQtxGy07OV4AaABAg.9lm3lQPhgqj9sBrGtxF-rt,comment,gzHLv6rLSpQ,UgzcN7KsAFQtxGy07OV4AaABAg,True,@bosh8888,Already top number 1.. Tesla is number 2... Google it,0,True
UgzcN7KsAFQtxGy07OV4AaABAg.9lm3lQPhgqj9sFiewkBEQ2,comment,gzHLv6rLSpQ,UgzcN7KsAFQtxGy07OV4AaABAg,True,@colton6404,Fact 💯,0,True
UgzcN7KsAFQtxGy07OV4AaABAg.9lm3lQPhgqj9v3aaJQcXml,comment,gzHLv6rLSpQ,UgzcN7KsAFQtxGy07OV4AaABAg,True,@jonnomarko7072,Hungary / China EV Mega Factory to supply the EU now under construction ...,0,True
UgzcN7KsAFQtxGy07OV4AaABAg.9lm3lQPhgqj9wME7ouk91Y,comment,gzHLv6rLSpQ,UgzcN7KsAFQtxGy07OV4AaABAg,True,@SamMcNeill-q6w,"The USA will ban BYD like they did with Huawei for ""national security"" reason. So I guess the USA is one exception.",0,True
Ugw-ud0EodRxm4upald4AaABAg,comment,gzHLv6rLSpQ,,False,@elligconcepcion12,"Supernice and cool ! 🤩🤩💖💖😻😻💞💞 and i loved the two tone steering wheel . 🤩🤩😻😻💖💖Love it! 💞💞Love you baby Supercar Blondie, massive 💖💖💋💋muah! 🙏😇🌻🌻💞💞God bless!",1,True
Ugzb2XnWTRKMz4HBRH54AaABAg,comment,gzHLv6rLSpQ,,False,@gcyt7462,still don’t get why a car need a rotating screen,0,True
UgwuO3LZ8YvIkc8VHlR4AaABAg,comment,gzHLv6rLSpQ,,False,@silverblade1654,"BYD is the vehicle with the most spontaneous combustion in my country. In 2022, it will spontaneously ignite at least 48 times in China!  Vehicles of this brand are very dangerous!",1,True
UgwntrGbzKu-6PTBX1l4AaABAg,comment,gzHLv6rLSpQ,,False,@elligconcepcion06167,"👍👍🔥🔥👏👏🤩🤩😍😍😻😻💞💞 Awesome! Looks like. Luxurious and expensive cars. And I love the two tone steering wheel.😻😻💞💞💋💋 Love it! 💕💕💖💖Love you too baby Supercar Blondie 💖💖 massive,Muah! 💋💋🙏👼🌻🌻God bless! 💞💞",1,True
UgzJbQubSvgcJfIe5qR4AaABAg,comment,gzHLv6rLSpQ,,False,@Survivor008,Tesla  S Plaid  the Best 🤪,0,True
UgzUpLlqTHDFgJDlEJt4AaABAg,comment,gzHLv6rLSpQ,,False,@userGGG702,is it compatible with Tesla charger at parking lot ?,0,True
Ugz8uTU47hd_HNhxXV94AaABAg,comment,gzHLv6rLSpQ,,False,@userGGG702,A rotating touch screen ? is it helpful in the long term ?,0,True
UgyWSBoX0SzAZRRu8zp4AaABAg,comment,gzHLv6rLSpQ,,False,@dpb8780,"So typically they bling out and use high-end esque details but then the middle arm rest becomes just an ugly hole, not even allowing the person in the 'boss' seat to have a bit more backside space!",0,True
UgyY7edK_jm2uuaXgKp4AaABAg,comment,gzHLv6rLSpQ,,False,@dpb8780,They basically just hired a few Art Center College of Design graduates and made it awesome?,0,True
Ugwy4kM01GVl48L_k194AaABAg,comment,gzHLv6rLSpQ,,False,@yadielenielbellecolon982,💞😍💗💖,0,True
Ugw37Gj4dyR5xRqWa5N4AaABAg,comment,gzHLv6rLSpQ,,False,@yiftahrauch805,A very popular car for DiDi (''Chinese Uber'') drivers in China. I've been in the back of many of these. They are pretty great.,7,True
Ugw7otbfFKy1i6RYzXB4AaABAg,comment,gzHLv6rLSpQ,,False,@mewregaurdhissyfit7733,"How can something be popular, if nobody has ever heard of them??
It looks like an updated Saturn sedan.  Not really anything noteworthy there.
Those ""dragon claws"" on the back look like failed attempt to copy the Mustang taillights.
It's been proven many millions of times.........""made in China"" = garbage.  Looks DO NOT equate with quality or long lasting, problem free craftmanship.",0,True
Ugw-7jZBu1gHgLdV28p4AaABAg,comment,gzHLv6rLSpQ,,False,@romanvalentini306,I'm from Italy and i never saw one BYD car here around neither resellers...😅😅😅...anyway the Design of this car is really horrible...🙈🙈🙈...and inside the car only a huge screen...nothing else...😏😏😏...no comment...,0,True
UgxC74YWhUxYfr-WWGt4AaABAg,comment,gzHLv6rLSpQ,,False,@ickimadrasi8965,"Where is blonde, is she pregnant",0,True
Ugy-bq8RxGRrA8xUGPh4AaABAg,comment,gzHLv6rLSpQ,,False,@ibentTube,@wheelsboy has everything you need to know about Chinese auto! 😊,0,True
UgxYzTHp4wPbLC8ioQR4AaABAg,comment,gzHLv6rLSpQ,,False,@Brucey-r7z,Looks awesome! Love the color and features!,32,True
UgwWdEJnmiwaMuhNANp4AaABAg,comment,gzHLv6rLSpQ,,False,@ahmedshoair2893,cool car but very expensive!,1,True
UgwWdEJnmiwaMuhNANp4AaABAg.9lldF0n2BIz9nd_YRebvB1,comment,gzHLv6rLSpQ,UgwWdEJnmiwaMuhNANp4AaABAg,True,@e嗯,come on ，byd almost mean cheap in China,0,True
Ugyr4q6pm3Df6TayKTx4AaABAg,comment,gzHLv6rLSpQ,,False,@DL.Almighty,"Please don't introduce this garbage truck
  , which will only fund the Communist Party",0,True
Ugz_PI_Lqb0kzoqFYOV4AaABAg,comment,gzHLv6rLSpQ,,False,@Barky_Pants3254,Looks like a Honda accord from the front. Very nice. The flipping screen is a cool feature.,8,True
UgyybmwcQ3RKshLasuB4AaABAg,comment,gzHLv6rLSpQ,,False,@slapshot1343,WHERE’S ALEX!?!? WE’RE NOT HERE TO WATCH A DUDE REVIEW CARS,1,True
UgylgPOGh_O5k9ybtud4AaABAg,comment,gzHLv6rLSpQ,,False,@NoorAJahangir,Fisker Ocean has the rotating screen,0,True
UgxDsZAmbSRGX3OCvaJ4AaABAg,comment,gzHLv6rLSpQ,,False,@reuben9722,Can you control the spy balloon from the boss seat too?,1,True
UgytUAAADnYYqt8Nhi14AaABAg,comment,gzHLv6rLSpQ,,False,@jamesettabeautyplus,"They lead the entire world in sales, that's America greatest fears 😨 China 🇨🇳 will kill the American car industry if America approved that...but am glad you're reviewing this to change our narrative about chinese products 🙏🙏🙏",0,True
UgzHFPwLBpC55M8AzGJ4AaABAg,comment,gzHLv6rLSpQ,,False,@JM-wd3dk,Razr’s didn’t exist in the 90s. Zoomer moment 😂 . Razr’s came out in 2004 btw.,1,True
UgznnKkTdF9UG3LToxB4AaABAg,comment,gzHLv6rLSpQ,,False,@jannipakos1614,Wow.. best Car Premium ever..i Like it....😎😘🤪👍👍👍👍💞🌹🍷🚗💰🙏💯😇😚 Cool Video,0,True
Ugx8VadEZrJ_VvJPcp54AaABAg,comment,gzHLv6rLSpQ,,False,@harrycraft301,so cool!!!!!!!!!!!!!!!!!!!!!!!!!!!!!!!!!!!!!!!!!!!1 super blondie,0,True
UgyO_9e_7uVgiMVedxp4AaABAg,comment,gzHLv6rLSpQ,,False,@MatteoTortello_com,♻🔋👏💪🔝❤,0,True
UgzKzm0bblNcsVrHv2d4AaABAg,comment,gzHLv6rLSpQ,,False,@hugosaintwood6772,"Another anti Tesla channel? Why are you misleading the viwers ? Is someone is paying for that. I am sure you know PHEV and BEV are two differet things, right?",0,True
UgxT8VkMpo2f6RtXYP54AaABAg,comment,gzHLv6rLSpQ,,False,@mudassaralimaddyboi1316,"Nice This a  new car company that gives you a free phone/key like this is a new innovation and a controller to play your games as well now that,s sick🔥🔥🔥🔥",1,True
Ugx45KTwoqhiXBJQ6Sd4AaABAg,comment,gzHLv6rLSpQ,,False,@Guymate,Today they send a ballon to check their car currently situation.,1,True
UgyVwibwyLdGxsfS5yV4AaABAg,comment,gzHLv6rLSpQ,,False,@nickpapagiorgio5056,I can promise that the only reason these awesome cars are not available in the states is because Tesla and other big US electric car companies pay the govt to keep them out of US markets. It’s called monopolizing the competition. What happened to the free market economy that America boasts so much about having???? Gotta love socialization.,2,True
UgyVwibwyLdGxsfS5yV4AaABAg.9llEQKF2q9P9loF9DIDIFj,comment,gzHLv6rLSpQ,UgyVwibwyLdGxsfS5yV4AaABAg,True,@4ndrew4w44,They call it national security.,1,True
UgyVwibwyLdGxsfS5yV4AaABAg.9llEQKF2q9P9lxUmBIETs9,comment,gzHLv6rLSpQ,UgyVwibwyLdGxsfS5yV4AaABAg,True,@nickpapagiorgio5056,William J agreed!,1,True
Ugz-gu6o4r6lI7ViLhJ4AaABAg,comment,gzHLv6rLSpQ,,False,@hashaliphilemonasher6136,It's really beautiful 💞💞,3,True
UgxsG6o09OGJdW8ky8l4AaABAg,comment,gzHLv6rLSpQ,,False,@dbertovi,You started copying corwow's Matt Watson!,0,True
UgxjefO6vOXNhADcr054AaABAg,comment,gzHLv6rLSpQ,,False,@zl6800,"I think this is an older version of Han EV, which was produced in 2021. The new 2022 version looks and rives better.",193,True
UgxjefO6vOXNhADcr054AaABAg.9llC-zk4TK-9nNqBnzxP1n,comment,gzHLv6rLSpQ,UgxjefO6vOXNhADcr054AaABAg,True,@brucebalabala,"This car upgraded again this week (2023) 
more luxury with lower price.",25,True
UgxjefO6vOXNhADcr054AaABAg.9llC-zk4TK-9nWCNXwUFX4,comment,gzHLv6rLSpQ,UgxjefO6vOXNhADcr054AaABAg,True,@sanchezm2243,+,2,True
UgxWYkSC6ySZdEKELFh4AaABAg,comment,gzHLv6rLSpQ,,False,@zl6800,Wish it could come to the US. EVs are way overpriced here. We need more practical cars like Atto3 in the US.,40,True
UgxWYkSC6ySZdEKELFh4AaABAg.9llBkh9hgkG9lmTYkvjvDT,comment,gzHLv6rLSpQ,UgxWYkSC6ySZdEKELFh4AaABAg,True,@dwchen1,"No way it's gonna come to the US because it was too futuristic and sophisticated.
How so...?
Which means republicans will hate it and attack it with every opportunity they had and said this car could be a spy or shit.",0,True
UgxWYkSC6ySZdEKELFh4AaABAg.9llBkh9hgkG9lo3BRJjbst,comment,gzHLv6rLSpQ,UgxWYkSC6ySZdEKELFh4AaABAg,True,@lingyizhang2732,Yes it is overpriced in NA. This BYD Han is sold for about 45k USD in China.,4,True
UgxWYkSC6ySZdEKELFh4AaABAg.9llBkh9hgkG9loAANJ1h0I,comment,gzHLv6rLSpQ,UgxWYkSC6ySZdEKELFh4AaABAg,True,@lucisleesion8824,"US: National Security! Huawai! 5G! CHINA!!!!! Ban them!!! Commies!!!! freedom!!!! human rights!!!! slave labors!!!! Spying!!!!
You know this kinda stories right.",0,True
UgxWYkSC6ySZdEKELFh4AaABAg.9llBkh9hgkG9lv3t69ggSU,comment,gzHLv6rLSpQ,UgxWYkSC6ySZdEKELFh4AaABAg,True,@weigcheng7065,是220000–320000人民币之间,0,True
UgxWYkSC6ySZdEKELFh4AaABAg.9llBkh9hgkG9lx-cAZ4j39,comment,gzHLv6rLSpQ,UgxWYkSC6ySZdEKELFh4AaABAg,True,@deepseer,@weigcheng7065 22款比20-21款贵了几万。你这个价位区间是把老款新款算在一起了。,1,True
UgxWYkSC6ySZdEKELFh4AaABAg.9llBkh9hgkG9makjmitSXz,comment,gzHLv6rLSpQ,UgxWYkSC6ySZdEKELFh4AaABAg,True,@KUN-gj4bj,But your average salary is high,0,True
UgxWYkSC6ySZdEKELFh4AaABAg.9llBkh9hgkG9nr2Q1wq66d,comment,gzHLv6rLSpQ,UgxWYkSC6ySZdEKELFh4AaABAg,True,@xiongliu3770,"@lingyizhang2732 no，Han starts from 30000 usd in China, the smaller Qin starts from 15000 usd, also very good,  I drive Tang suv and it cost me about 2.5 usd per 100 km with 500hp.",0,True
Ugz_R1kkv5G1ecWCzix4AaABAg,comment,gzHLv6rLSpQ,,False,@brittanyheartfield9055,I subbed,0,True
UgzYLu58efVlxHAdrRJ4AaABAg,comment,gzHLv6rLSpQ,,False,@SoundFriendly,A very nice car!!! This will sell in Europe.,2,True
UgzYLu58efVlxHAdrRJ4AaABAg.9llB5QHQMRW9lslF1FjRK8,comment,gzHLv6rLSpQ,UgzYLu58efVlxHAdrRJ4AaABAg,True,@shenyun7195,too expensive,0,True
UgzYLu58efVlxHAdrRJ4AaABAg.9llB5QHQMRW9lsmWF-YTQN,comment,gzHLv6rLSpQ,UgzYLu58efVlxHAdrRJ4AaABAg,True,@SoundFriendly,@shenyun7195 that is probably true. Some discounts may be coming.,0,True
UgzYLu58efVlxHAdrRJ4AaABAg.9llB5QHQMRW9qOwhE9HVCf,comment,gzHLv6rLSpQ,UgzYLu58efVlxHAdrRJ4AaABAg,True,@frederickzhou7464,"I heard some news about EU are trying to limit BYD’s prices, it will not be allowed to sale so cheap in case other local EV companies can’t compete with them and bankrupt. Hope that is not truth.",0,True
UgxAe981IZdrLdvlluh4AaABAg,comment,gzHLv6rLSpQ,,False,@Tuna_Magnet,"too much chrome ... also, the 2 spoke steering wheel sucks",0,True
UgyPHBvhurVs5UdY_UJ4AaABAg,comment,gzHLv6rLSpQ,,False,@ersinerdal,"made in china = it's not the best quality...
and your promotions do not change this reality :)",1,True
UgyPHBvhurVs5UdY_UJ4AaABAg.9llAJrQx9Bf9lsKTiuzFzz,comment,gzHLv6rLSpQ,UgyPHBvhurVs5UdY_UJ4AaABAg,True,@kamsunleong6648,Proof is in the pudding,0,True
UgyPHBvhurVs5UdY_UJ4AaABAg.9llAJrQx9Bf9lsPRgB0CiD,comment,gzHLv6rLSpQ,UgyPHBvhurVs5UdY_UJ4AaABAg,True,@ersinerdal,​@kamsunleong6648 Millions of people (including me) has eaten enough Chinese pudding ;),0,True
UgzdPab40k3m71AlS5Z4AaABAg,comment,gzHLv6rLSpQ,,False,@etjulien,"Thanks, Sergi!  Very nice video.  Did you go visit the theme park after you drove this?",5,True
UgxbMZqqJ1xyaL7mySV4AaABAg,comment,gzHLv6rLSpQ,,False,@PhilthyMr,"Tesla gonna get destroyed in China. Not right away but next 5 years will be vital. Good luck Tesla Fun boys
😊",0,True
UgxqMPP3iZV1P4kHK294AaABAg,comment,gzHLv6rLSpQ,,False,@andrewford4082,Beautiful view have a great day and evening at Supercar Blondie hello from columbus Indiana 💜 USA,0,True
UgwNFMOD_X4ohor9T3l4AaABAg,comment,gzHLv6rLSpQ,,False,@imwjamie,"2:53 open the charging cable mouth first then shove it into the car
You idiot
Don't know how to deal with cars except some general quirks",1,True
UgwHC3kvt3Ft1lppdLJ4AaABAg,comment,gzHLv6rLSpQ,,False,@imwjamie,Where is Supercar goanti,1,True
UgyO3LTkGHv8PxAOoSJ4AaABAg,comment,gzHLv6rLSpQ,,False,@morganjoseph924,"Actually it is still the old versions sold in China, and the new ones get the better look on the outside. Impressive work here.",248,True
UgyO3LTkGHv8PxAOoSJ4AaABAg.9ll3Rm8e1xv9lo9qc3THoV,comment,gzHLv6rLSpQ,UgyO3LTkGHv8PxAOoSJ4AaABAg,True,@lucisleesion8824,"Yes, but US won't let Chinese EVs go to its market. Cuz they are afraid of them",0,True
UgyO3LTkGHv8PxAOoSJ4AaABAg.9ll3Rm8e1xv9loAgbgTXtB,comment,gzHLv6rLSpQ,UgyO3LTkGHv8PxAOoSJ4AaABAg,True,@lucisleesion8824,"On the other hand, China opens its gate to Tesla, cuz China knows Tesla won't be able to mass up its domestic market. Huh~",0,True
UgyO3LTkGHv8PxAOoSJ4AaABAg.9ll3Rm8e1xv9luhlSnUlet,comment,gzHLv6rLSpQ,UgyO3LTkGHv8PxAOoSJ4AaABAg,True,@jlove24,Which new version?,0,True
UgyO3LTkGHv8PxAOoSJ4AaABAg.9ll3Rm8e1xv9lz0-kjAuOw,comment,gzHLv6rLSpQ,UgyO3LTkGHv8PxAOoSJ4AaABAg,True,@MainAutoOne,@jlove24 search on YouTube BYD Han 2022,0,True
UgyO3LTkGHv8PxAOoSJ4AaABAg.9ll3Rm8e1xv9m-Eghhq7wq,comment,gzHLv6rLSpQ,UgyO3LTkGHv8PxAOoSJ4AaABAg,True,@hrgsdf,"@jlove24 the car in this video is 2021version, now they have 2022 version, it looks cooler than the old one especially from tail",27,True
UgyO3LTkGHv8PxAOoSJ4AaABAg.9ll3Rm8e1xv9mYmvZeAaRb,comment,gzHLv6rLSpQ,UgyO3LTkGHv8PxAOoSJ4AaABAg,True,@ChinaSongsCollection,"​@Jlove   The BYD Seal is also very nice.  I think it's probably the nicest looking BYD.

I see you also asked about BYD's premium version EVs on another thread.

BYD has recently created a premium sub-brand called Yangwang (I hope they'll change the English name).

But that car is not a city car.  It's specifically made for cross country rough road driving.  It EVEN SWIMS, literally!!!

So you can literally drive that thing across a river!",6,True
UgyO3LTkGHv8PxAOoSJ4AaABAg.9ll3Rm8e1xv9onsrIV8Tfv,comment,gzHLv6rLSpQ,UgyO3LTkGHv8PxAOoSJ4AaABAg,True,@underdogtv2855,Can I buy this in the USA?,3,True
UgyO3LTkGHv8PxAOoSJ4AaABAg.9ll3Rm8e1xv9oo-cmC0h8r,comment,gzHLv6rLSpQ,UgyO3LTkGHv8PxAOoSJ4AaABAg,True,@ChinaSongsCollection,@underdogtv2855   I doubt they'll allow BYD to go to the USA.   Hopefully I'm wrong.,2,True
UgyO3LTkGHv8PxAOoSJ4AaABAg.9ll3Rm8e1xv9oo29lZzmoW,comment,gzHLv6rLSpQ,UgyO3LTkGHv8PxAOoSJ4AaABAg,True,@ChinaSongsCollection,"@Jlove   Hi.  Just continuing on from my last comment a month ago.

I've just noticed BYD sold 13,000 EVs of the luxury premium sub-brand Yangwang in the current Shanghai Auto Show, which is still going on.

Yangwang is as I mentioned above, the premium sub- brand of BYD.  The model is U8, and is selling for 1,098,000 yuan.  (aprox. USD$160,000)

The 13,000 EVs were supposedly sold within the 1st minute of opening for orders during the show!!",4,True
UgyO3LTkGHv8PxAOoSJ4AaABAg.9ll3Rm8e1xv9oqtVktPpa8,comment,gzHLv6rLSpQ,UgyO3LTkGHv8PxAOoSJ4AaABAg,True,@hrgsdf,@underdogtv2855 I don't think so so far😂,0,True
UgyO3LTkGHv8PxAOoSJ4AaABAg.9ll3Rm8e1xv9orn7XgZFby,comment,gzHLv6rLSpQ,UgyO3LTkGHv8PxAOoSJ4AaABAg,True,@underdogtv2855,@hrgsdf Is it available in Mexico ?So  I can buy then bring it to the US?,2,True
UgyO3LTkGHv8PxAOoSJ4AaABAg.9ll3Rm8e1xv9oxq-C8JT3k,comment,gzHLv6rLSpQ,UgyO3LTkGHv8PxAOoSJ4AaABAg,True,@赵先生-i8o,@underdogtv2855 yes,1,True
UgyO3LTkGHv8PxAOoSJ4AaABAg.9ll3Rm8e1xv9q4c9Kphyjb,comment,gzHLv6rLSpQ,UgyO3LTkGHv8PxAOoSJ4AaABAg,True,@leonlionheart5927,I can't admit that it looks cooler but that's a matter of taste.,1,True
Ugzih-DhKyP49MTcoZN4AaABAg,comment,gzHLv6rLSpQ,,False,@scottblain777,Never said what's the driving range how far can it go on 1 charge,0,True
UgxAItvU1RKil7HpVL54AaABAg,comment,gzHLv6rLSpQ,,False,@duyanh_2311,Chinese products seem to have good quality at affordable price now,13,True
UgxAItvU1RKil7HpVL54AaABAg.9ll28IClY5K9loAIL6MTOJ,comment,gzHLv6rLSpQ,UgxAItvU1RKil7HpVL54AaABAg,True,@lucisleesion8824,"This Han is expensive, cuz it's a luxury car. You want affordable, go Atto3",2,True
UgwnqIpjdPWL0XuJLXd4AaABAg,comment,gzHLv6rLSpQ,,False,@jugnoo1395,Cool ❤,0,True
UgxxMWzvmepYI0DqOBp4AaABAg,comment,gzHLv6rLSpQ,,False,@rajshekharsgowda9050,"D R L's made in china
 blinking like tubelight😂😂",0,True
Ugyq7-cNkzMAZF6go-V4AaABAg,comment,gzHLv6rLSpQ,,False,@dineshthapa6974,Wow amazing most expensive dream car love it ❤️❤️❤️ supercar blondie,0,True
UgwaNda_fFdTH3v6aFJ4AaABAg,comment,gzHLv6rLSpQ,,False,@ОлександрМушинський-ю9з,"ok for taxi, news, weather forecast, tea, coffee",0,True
UgwZDainNgP7doh6Lhl4AaABAg,comment,gzHLv6rLSpQ,,False,@DrAjay-gf2sb,Looks like paid promotion of a Chinese product on this super car channel,0,True
UgwZDainNgP7doh6Lhl4AaABAg.9ll-JBQZ6p-9llMfi00c-7,comment,gzHLv6rLSpQ,UgwZDainNgP7doh6Lhl4AaABAg,True,@Wvk5zc,Indian triggered,0,True
UgwPagFNGITEpe_YP6V4AaABAg,comment,gzHLv6rLSpQ,,False,@debeier,"The chinese will destroy the whole european car industry , stop this invasion!",0,True
UgxG-n8UaJwB-NPnysN4AaABAg,comment,gzHLv6rLSpQ,,False,@LasseMJ,They didn't sell more pure EVs than Tesla. BYD count hybrids as well in their number,0,True
UgxG-n8UaJwB-NPnysN4AaABAg.9lkzUsWeOX59lmIokZRxDp,comment,gzHLv6rLSpQ,UgxG-n8UaJwB-NPnysN4AaABAg,True,@parkjoonkwang9259,"Hybrid cars can be used without adding a drop of fuel and only charging, so they can certainly be counted as electric cars.",0,True
Ugxc2Cg4n2wbIpWMAx54AaABAg,comment,gzHLv6rLSpQ,,False,@josecuervo13499,Zero to 100 what? Kilometers or miles per hour?,1,True
UgyCjYtrWTBIKxo4QSd4AaABAg,comment,gzHLv6rLSpQ,,False,@Pennsy6755m1b,Cool,0,True
UgxA-tqLOKxhM34g5aJ4AaABAg,comment,gzHLv6rLSpQ,,False,@hilmiwali,you can speak chinese???,1,True
UgxgBelqEBc51R-K-ql4AaABAg,comment,gzHLv6rLSpQ,,False,@jimmykelly2809,Byd is a cheap knockoff of Hyundai but with crappy build quality and communist subliminal sound coming from the commi speakers,0,True
UgxgBelqEBc51R-K-ql4AaABAg.9lkvkd4EjZR9lkw0Vuvvf-,comment,gzHLv6rLSpQ,UgxgBelqEBc51R-K-ql4AaABAg,True,@EmmaNguyen-mg5xq,Ignorant and narrow-minded,0,True
Ugx4OZKUD8qM2MLrU3Z4AaABAg,comment,gzHLv6rLSpQ,,False,@triplejin403,it is so expensive😢,0,True
Ugx4OZKUD8qM2MLrU3Z4AaABAg.9lkvds60WBm9mVXvYUTKCx,comment,gzHLv6rLSpQ,Ugx4OZKUD8qM2MLrU3Z4AaABAg,True,@bldomain,"TIn Europe they selling it for 72,000 Euro because of the high tax imposed by them but in China they are selling it at 260,000 RMB or $37,500. There is no confirmation on the $72K price.",0,True
UgzEMdMqbQJ_ZQaRkwN4AaABAg,comment,gzHLv6rLSpQ,,False,@zonr3709,"BYD might have some competitive cars these days, but their way of propaganda is not honest. They make people think their vehicle is superior than other brand in every possible way, and if anyone intended to challenge the legality of what they doing, BYD has an entire department ready to knock them down. You may think is that possible? Try to find any information unfavorable to them, especially in their ""hometown""   PS: I don't think they dare to treat you guys like this. 🤐",0,True
UgzEMdMqbQJ_ZQaRkwN4AaABAg.9lkvd2Z6GKH9lkw4nI8rb9,comment,gzHLv6rLSpQ,UgzEMdMqbQJ_ZQaRkwN4AaABAg,True,@EmmaNguyen-mg5xq,Ignorant and narrow-minded.,0,True
UgzEMdMqbQJ_ZQaRkwN4AaABAg.9lkvd2Z6GKH9mPtwe5d4d0,comment,gzHLv6rLSpQ,UgzEMdMqbQJ_ZQaRkwN4AaABAg,True,@rs-dp6pr,So what's the difference between them and any big. Dogs?,0,True
UgzEMdMqbQJ_ZQaRkwN4AaABAg.9lkvd2Z6GKH9mVXQGN95vW,comment,gzHLv6rLSpQ,UgzEMdMqbQJ_ZQaRkwN4AaABAg,True,@bldomain,Sounds like any big companies to me including the American ones.,0,True
Ugy0LTEdj2rIqYrF4eR4AaABAg,comment,gzHLv6rLSpQ,,False,@triplejin403,Best！！！,0,True
Ugxd8o_T2vA7FaY3lAt4AaABAg,comment,gzHLv6rLSpQ,,False,@davidcharlesiannotti3800,"I am definitely surprised by how good the interior looks, some very nice touches. We'll see if it is coming to America. Thanks for sharing the knowledge Sergi. 🙏",351,True
Ugxd8o_T2vA7FaY3lAt4AaABAg.9lkvKQRIj_G9lp89nw1kne,comment,gzHLv6rLSpQ,Ugxd8o_T2vA7FaY3lAt4AaABAg,True,@tiattahiscupcakecandykatan2453,"If Trump was president I am sure he would ban production of this car in United States, just like he did with Huawei",0,True
Ugxd8o_T2vA7FaY3lAt4AaABAg.9lkvKQRIj_G9lw-UV6WiKX,comment,gzHLv6rLSpQ,Ugxd8o_T2vA7FaY3lAt4AaABAg,True,@lucisleesion8824,A car for artists,3,True
Ugxd8o_T2vA7FaY3lAt4AaABAg.9lkvKQRIj_G9m-Y8LJouO0,comment,gzHLv6rLSpQ,Ugxd8o_T2vA7FaY3lAt4AaABAg,True,@JC-wc4rj,The U.S. Congress considers BYD a threat to national security. Ban this car for sale hahahaha,75,True
Ugxd8o_T2vA7FaY3lAt4AaABAg.9lkvKQRIj_G9m-oFwcS1n1,comment,gzHLv6rLSpQ,Ugxd8o_T2vA7FaY3lAt4AaABAg,True,@davidcharlesiannotti3800,@JC-wc4rj Like that balloon that was shot down?😅,18,True
Ugxd8o_T2vA7FaY3lAt4AaABAg.9lkvKQRIj_G9m1mmrfWHhk,comment,gzHLv6rLSpQ,Ugxd8o_T2vA7FaY3lAt4AaABAg,True,@lucisleesion8824,@JC-wc4rj And the CEO of BYD could be arrested when he comes to US,29,True
Ugxd8o_T2vA7FaY3lAt4AaABAg.9lkvKQRIj_G9m8epVQ4QTF,comment,gzHLv6rLSpQ,Ugxd8o_T2vA7FaY3lAt4AaABAg,True,@davidcharlesiannotti3800,@lucisleesion8824 Why would he be arrested?,1,True
Ugxd8o_T2vA7FaY3lAt4AaABAg.9lkvKQRIj_G9m9dMXS344Y,comment,gzHLv6rLSpQ,Ugxd8o_T2vA7FaY3lAt4AaABAg,True,@lucisleesion8824,@davidcharlesiannotti3800 Check out Huawei CEO's daughter's stories. She was kidnapped in Canada by the request of USA when she was transferring flights.,1,True
Ugxd8o_T2vA7FaY3lAt4AaABAg.9lkvKQRIj_G9mBEE59fK2v,comment,gzHLv6rLSpQ,Ugxd8o_T2vA7FaY3lAt4AaABAg,True,@rulisa1131,Why are you surprised?,3,True
Ugxd8o_T2vA7FaY3lAt4AaABAg.9lkvKQRIj_G9mJmU-Rv5Ms,comment,gzHLv6rLSpQ,Ugxd8o_T2vA7FaY3lAt4AaABAg,True,@xekukle,Suggest liauto L9 for u,2,True
Ugxd8o_T2vA7FaY3lAt4AaABAg.9lkvKQRIj_G9mJmaPMxDfO,comment,gzHLv6rLSpQ,Ugxd8o_T2vA7FaY3lAt4AaABAg,True,@xekukle,@lucisleesion8824 hiphi z,0,True
Ugxd8o_T2vA7FaY3lAt4AaABAg.9lkvKQRIj_G9mT-_dZ2G9g,comment,gzHLv6rLSpQ,Ugxd8o_T2vA7FaY3lAt4AaABAg,True,@cccc2443,@davidcharlesiannotti3800 because US usually do these,0,True
Ugxd8o_T2vA7FaY3lAt4AaABAg.9lkvKQRIj_G9mWORsvVgTM,comment,gzHLv6rLSpQ,Ugxd8o_T2vA7FaY3lAt4AaABAg,True,@edidervishi7102,"The United States will not let BYD come, and will soon sanction BYD on the grounds of national security.",21,True
Ugxd8o_T2vA7FaY3lAt4AaABAg.9lkvKQRIj_G9mWrorS7JlY,comment,gzHLv6rLSpQ,Ugxd8o_T2vA7FaY3lAt4AaABAg,True,@cccc2443,@edidervishi7102 i agree with you 😄,0,True
Ugxd8o_T2vA7FaY3lAt4AaABAg.9lkvKQRIj_G9md7ExEX-VR,comment,gzHLv6rLSpQ,Ugxd8o_T2vA7FaY3lAt4AaABAg,True,@raghnallm4004,That's business suicide for BYD. The natsec people will go apeshit,0,True
Ugxd8o_T2vA7FaY3lAt4AaABAg.9lkvKQRIj_G9mdMum5_ubv,comment,gzHLv6rLSpQ,Ugxd8o_T2vA7FaY3lAt4AaABAg,True,@yezix5289,@davidcharlesiannotti3800 Like how the CFO of Huawei Meng Wanzhou was arrested,7,True
Ugxd8o_T2vA7FaY3lAt4AaABAg.9lkvKQRIj_G9mdO5Ct6e_N,comment,gzHLv6rLSpQ,Ugxd8o_T2vA7FaY3lAt4AaABAg,True,@davidcharlesiannotti3800,@yezix5289 Why was he arrested?,1,True
Ugxd8o_T2vA7FaY3lAt4AaABAg.9lkvKQRIj_G9mwHqtVNV26,comment,gzHLv6rLSpQ,Ugxd8o_T2vA7FaY3lAt4AaABAg,True,@crusadercatwoman02,"@davidcharlesiannotti3800 
Look up the daughter of Huawei owner",1,True
Ugxd8o_T2vA7FaY3lAt4AaABAg.9lkvKQRIj_G9nPwJoG_TN9,comment,gzHLv6rLSpQ,Ugxd8o_T2vA7FaY3lAt4AaABAg,True,@heatherheatherway6282,"@davidcharlesiannotti3800 She is the daughter and founder of Huawei.  She was arrested in Canada instructed by the US.  The US accused her company of selling cell phones and cell network equipment back about 8 or 9 years ago to Iran which the US has sanctioned.  The US literally tells the world that if they don't want to do business with any company, the whole world cannot, otherwise they can kipnap you and put you in jail.  Well, they placed her under custody in Canada pending extradition for 3 years before being released.",14,True
Ugxd8o_T2vA7FaY3lAt4AaABAg.9lkvKQRIj_G9nPx9rQo8fn,comment,gzHLv6rLSpQ,Ugxd8o_T2vA7FaY3lAt4AaABAg,True,@davidcharlesiannotti3800,@Heather Heatherway  This is why I don't do politics. Thanks for the information.,2,True
Ugxd8o_T2vA7FaY3lAt4AaABAg.9lkvKQRIj_G9n_hx9H84eR,comment,gzHLv6rLSpQ,Ugxd8o_T2vA7FaY3lAt4AaABAg,True,@KKI98,"​@edidervishi7102 China in the field of electric vehicle technology, not afraid of Western sanctions, China can produce its own electric vehicles and power battery systems, while the United States Tesla includes some Western countries, they are still using China's power battery system, because Western countries can not produce power battery systems, in terms of power battery system endurance, Western technology is far behind China, China in the field of electric vehicles, including power battery systems, leading the world",7,True
Ugxd8o_T2vA7FaY3lAt4AaABAg.9lkvKQRIj_G9nzmTb5SmZB,comment,gzHLv6rLSpQ,Ugxd8o_T2vA7FaY3lAt4AaABAg,True,@Ace-mw9pm,@KKI98 yeah but these cars catch on fire a lot. And it’s a blatant copy of a Tesla.,2,True
Ugxd8o_T2vA7FaY3lAt4AaABAg.9lkvKQRIj_G9o-pXWtovuc,comment,gzHLv6rLSpQ,Ugxd8o_T2vA7FaY3lAt4AaABAg,True,@KKI98,"​@Ace-mw9pm China is in a leading position in the field of electric vehicles, China's CATL power battery system is the world's first advanced, China does not need to imitate Western electric vehicles, and the United States Tesla, but also to ask China to provide him with a power battery system, if China does not provide Tesla power battery system, then Tesla will have no power energy in the future, because the power battery system technology of Western countries is far behind China, so Western countries have come to CATL and BYD these two Chinese companies to cooperate, Need two Chinese companies to provide them with power battery systems, and the world's most advanced electric vehicle power battery system is in China, I know that telling the truth will break the glass heart of Westerners, but this is the truth, China is indeed the world's leading electric vehicle power, if you don't believe it, then you search for these two Chinese companies online now, you will understand",0,True
Ugxd8o_T2vA7FaY3lAt4AaABAg.9lkvKQRIj_G9oMptRHTxow,comment,gzHLv6rLSpQ,Ugxd8o_T2vA7FaY3lAt4AaABAg,True,@Marty-o5o,"​@Ace-mw9pm Tesla has had a large number of cases of losing control in China, and several incidents of artificially igniting BYD cars have recently been exposed, with some targeting BYD",4,True
Ugxd8o_T2vA7FaY3lAt4AaABAg.9lkvKQRIj_G9oNmk9892YG,comment,gzHLv6rLSpQ,Ugxd8o_T2vA7FaY3lAt4AaABAg,True,@wendydavies1301,"They look good but they go on fire easily and the fire department is out all the time inchina putting the fires out in these vehicles. Doesn't matter where the car is, while your driving or its charging or just parked outside the house. People are dying in these cars.",1,True
Ugxd8o_T2vA7FaY3lAt4AaABAg.9lkvKQRIj_G9oxrds539Mv,comment,gzHLv6rLSpQ,Ugxd8o_T2vA7FaY3lAt4AaABAg,True,@jinwang3827,US will find excuses to ban Chinese cars like they do with Huawei and TikTok . Shame,0,True
Ugxd8o_T2vA7FaY3lAt4AaABAg.9lkvKQRIj_G9p9Oy6jmOj-,comment,gzHLv6rLSpQ,Ugxd8o_T2vA7FaY3lAt4AaABAg,True,@liangjiang3122,"@davidcharlesiannotti3800 the US government has a habit of arresting foreign business people on fake charge and intimidate them into signing bad treaties. just look at what happened to Pierucci of ALSTOM and Wanzhou Meng of Huawei. Everybody in the US turns a blind eye to this atrocity because the poor doesn't have time to care, the rich and the middle class benefit from it. Even for the people who do have conscience, they never had any opportunity to learn about other cultures, all they learn is from Hollywood brainwash crap film, so they are easily fooled by ""national security"", ""the free western world versus Chinese evil dictator"" lies.",0,True
Ugxd8o_T2vA7FaY3lAt4AaABAg.9lkvKQRIj_G9p9k2_U9fEU,comment,gzHLv6rLSpQ,Ugxd8o_T2vA7FaY3lAt4AaABAg,True,@haoosc5017,national security warning hahahaha,1,True
Ugxd8o_T2vA7FaY3lAt4AaABAg.9lkvKQRIj_G9pKnInV8TyC,comment,gzHLv6rLSpQ,Ugxd8o_T2vA7FaY3lAt4AaABAg,True,@HynixOPEN,never go to america because of national security reasons,2,True
Ugxd8o_T2vA7FaY3lAt4AaABAg.9lkvKQRIj_G9pZ4BVd8SM3,comment,gzHLv6rLSpQ,Ugxd8o_T2vA7FaY3lAt4AaABAg,True,@simonyu167,@davidcharlesiannotti3800 “national security”,0,True
Ugxd8o_T2vA7FaY3lAt4AaABAg.9lkvKQRIj_G9q1vDzOj-mX,comment,gzHLv6rLSpQ,Ugxd8o_T2vA7FaY3lAt4AaABAg,True,@AlvinYap510,"Uncle Sam will ban it when they cant compete, claiming national security risk",2,True
Ugxd8o_T2vA7FaY3lAt4AaABAg.9lkvKQRIj_G9q1xjg7d-fG,comment,gzHLv6rLSpQ,Ugxd8o_T2vA7FaY3lAt4AaABAg,True,@davidcharlesiannotti3800,@AlvinYap510 I can see that happening.,0,True
Ugxd8o_T2vA7FaY3lAt4AaABAg.9lkvKQRIj_G9qhbLUEC0cC,comment,gzHLv6rLSpQ,Ugxd8o_T2vA7FaY3lAt4AaABAg,True,@nachonati4907,@lucisleesion8824 a car that breaks in less than a year brand new,0,True
Ugxd8o_T2vA7FaY3lAt4AaABAg.9lkvKQRIj_G9qqINljRLYR,comment,gzHLv6rLSpQ,Ugxd8o_T2vA7FaY3lAt4AaABAg,True,@crypticTV,​@davidcharlesiannotti3800 because America is nuts and don't follow international laws 😂😂,3,True
Ugxd8o_T2vA7FaY3lAt4AaABAg.9lkvKQRIj_G9qrudlGywrk,comment,gzHLv6rLSpQ,Ugxd8o_T2vA7FaY3lAt4AaABAg,True,@zhengderong1029,"From China,BYD Han is waiting from a month since  give book bill.I don't think BYD HAN can supply enough products for US market.",1,True
Ugxd8o_T2vA7FaY3lAt4AaABAg.9lkvKQRIj_G9qrzRjl5GL3,comment,gzHLv6rLSpQ,Ugxd8o_T2vA7FaY3lAt4AaABAg,True,@crypticTV,@zhengderong1029 I think they can,0,True
Ugxd8o_T2vA7FaY3lAt4AaABAg.9lkvKQRIj_G9rSFqYqcEXG,comment,gzHLv6rLSpQ,Ugxd8o_T2vA7FaY3lAt4AaABAg,True,@choongjiancheong8923,Will Honda car have this so ?😅,0,True
Ugxd8o_T2vA7FaY3lAt4AaABAg.9lkvKQRIj_G9sFiO6VO1x6,comment,gzHLv6rLSpQ,Ugxd8o_T2vA7FaY3lAt4AaABAg,True,@colton6404,"Pretty roomy and soft touches in the leather for back seats. I know bcos I sat in the hatchback ev BYD car, haha these are nice cars ....",0,True
Ugxd8o_T2vA7FaY3lAt4AaABAg.9lkvKQRIj_G9t-09x36Dok,comment,gzHLv6rLSpQ,Ugxd8o_T2vA7FaY3lAt4AaABAg,True,@AngelAngel-pc5mc,"​@heatherheatherway6282like the senior official of FRENCH Company Alstom, they have advanced technology in nuclear energy, and want to open business in America. GE thought that was a threath to its business, so the CIA arrested the French official when he traveled in US, accused him for violating US laws in Indonesia? He has been put in jail for few years, Alstoms business in US has been taken over by GE.",0,True
Ugxd8o_T2vA7FaY3lAt4AaABAg.9lkvKQRIj_G9u_u7wfekuw,comment,gzHLv6rLSpQ,Ugxd8o_T2vA7FaY3lAt4AaABAg,True,@AngelAngel-pc5mc,"@y0su0002 Sanctions from AMERICAN will treated as an honour medal for the CHINESE companies, they will be selling more to the rest of the world, thanks AMERICAN 👍",0,True
Ugxd8o_T2vA7FaY3lAt4AaABAg.9lkvKQRIj_G9wNVMPOuoB4,comment,gzHLv6rLSpQ,Ugxd8o_T2vA7FaY3lAt4AaABAg,True,@truthman5193,"​@HynixOPENamigo America it's a continent , you mean USA 
From Mexico which is part of North America down to Central America and south America are all Americans
Just because we are Spanish speaking countries does not mean that we are not Americans",0,True
Ugxd8o_T2vA7FaY3lAt4AaABAg.9lkvKQRIj_G9yZ0Jc4GRSM,comment,gzHLv6rLSpQ,Ugxd8o_T2vA7FaY3lAt4AaABAg,True,@zhiyaowang-eq4st,"he wont,but his daughter。。。。@lucisleesion8824",0,True
Ugxd8o_T2vA7FaY3lAt4AaABAg.9lkvKQRIj_G9ykI8IV6slI,comment,gzHLv6rLSpQ,Ugxd8o_T2vA7FaY3lAt4AaABAg,True,@cwd5736,"Tesla is famous for the battery catching fire for the last 5 years for the white consumers on YouTube, so BYD car maker learnt from Telsla lesson to select more robust battery to put into  this car. Just because a car designed from white, it doesn't meant it safe for any car users. It's all about taking the crush safety test in a high score.🤞🏼",0,True
Ugxd8o_T2vA7FaY3lAt4AaABAg.9lkvKQRIj_G9zFUdp4Cyx3,comment,gzHLv6rLSpQ,Ugxd8o_T2vA7FaY3lAt4AaABAg,True,@Singh_Preet57,@JC-wc4rjparticularly due to Tesla downfall ?,0,True
Ugxd8o_T2vA7FaY3lAt4AaABAg.9lkvKQRIj_GA17wpZsfSiz,comment,gzHLv6rLSpQ,Ugxd8o_T2vA7FaY3lAt4AaABAg,True,@Geotechboom,@JC-wc4rj DJI also banned in usa🐸,0,True
Ugx4FzTpYDHO-M6Olq54AaABAg,comment,gzHLv6rLSpQ,,False,@lamboevo474,Lol bro stick to your day job leave singing along,0,True
UgxQd0fWvNIWk8rJI_N4AaABAg,comment,gzHLv6rLSpQ,,False,@animefiguresales,it's a budget s class in China.,0,True
UgzuV44VqD9xuYDCIk14AaABAg,comment,gzHLv6rLSpQ,,False,@KyleHubb,"The BYD Han is not the best selling EV in the world.
BYD sold 1.8 million NEVs, and sold 900K units of BEV. Tesla are still ahead of them. 

Supercar Blondie are FUD peddlers now?",0,True
UgzXTwHL454jVzNSBoV4AaABAg,comment,gzHLv6rLSpQ,,False,@danerhapperofficial,👊🏾👍🏾,1,True
Ugz3OIC0wZPZTSZYBWt4AaABAg,comment,gzHLv6rLSpQ,,False,@BlueNaaBee24,It looks like a lucid air,0,True
UgxfPAYXd8G745LWe7B4AaABAg,comment,gzHLv6rLSpQ,,False,@FFTEX55,Not available in the US but it has a California license plate on it. That's confusing. Test vehicle?,0,True
UgxfPAYXd8G745LWe7B4AaABAg.9lktCdDzXAJ9lzWMAmsV__,comment,gzHLv6rLSpQ,UgxfPAYXd8G745LWe7B4AaABAg,True,@FunctionJacket,Some car dealers and rich people will import cars from China in the name of individuals,0,True
UgwcFr0AbuehdRg1OJ54AaABAg,comment,gzHLv6rLSpQ,,False,@INFLAMESM2G,How about the millage?,0,True
UgyT5Oyqqow6PY4r9VV4AaABAg,comment,gzHLv6rLSpQ,,False,@akyt7595,Missing all the enthusiasm from super car Blonde,0,True
UgynhFOORoGRA-2U66B4AaABAg,comment,gzHLv6rLSpQ,,False,@laughingsaturdays2959,Fun extras but for that stack of cash it should come with a free toaster!😁,8,True
Ugx97HSYMWAg45Xgx2h4AaABAg,comment,gzHLv6rLSpQ,,False,@WilbordMarzánMercado,"I saw the DW review of this car, and the impressions were the same as here.",0,True
Ugz0GHwDJWvDKFPNDEF4AaABAg,comment,gzHLv6rLSpQ,,False,@petersampson5202,"DEAR ALEX, SERGI, DOMI AND TUESDAY, 

GOD BLESS YOU MY FRIENDS.   I AM VERY PROUD OF YOU AND VERY HAPPY FOR YOU.  I HOPE ALL OF YOUR DREAMS COME TRUE.  I HOPE YOU HAD THE BEST AND HAPPIEST CHRISTMAS OF YOUR ENTIRE LIFE.  I LOVE YOU.  I LOVE MR. ESPARZA AND ALL OF MY BEAUTIFUL FRIENDS.  

I LOVE MR. ELON MUSK.  I LOVE TESLA.  I LOVE MR. MUSK.  I LOVE TESLA.   MR. MUSK IS A BEAUTIFUL HUMAN BEING WITH A BEAUTIFUL HEART.  ( INSPIRATION4 WAS AND IS BEYOND BEAUTIFUL AND BEYOND EXTRAORDINARY)  I AM FOREVER GRATEFUL AND THANKFUL.  I ABSOLUTELY FEEL LIKE CRYING WITH COMPLETE GRATITUDE AND HAPPINESS.  

I LOVE ALL OF MY BEAUTIFUL FRIENDS.  ( I WOULD ABSOLUTELY CRY TO SEE DUBAI VERY VERY VERY VERY VERY VERY VERY SOON.   I LOVE DUBAI.  I LOVE THE UAE.  🎅🎁🌲🙏


SINCERELY PETER",1,True
Ugz8EhBwaWuuRtBVRIJ4AaABAg,comment,gzHLv6rLSpQ,,False,@KeliK1,The coolest par was you speaking Mandarin. I was shocked! Unexpected 😅,66,True
UgyVPp4zuOSm9QlAC-N4AaABAg,comment,gzHLv6rLSpQ,,False,@paulwilliams6827,Where did you get the Hollister jacket and what’s the model number 😊👍🏽,0,True
Ugw6ZKv07Isg3u2xVM54AaABAg,comment,gzHLv6rLSpQ,,False,@Mr.Andre.H,Nice looking piece of Chinese junk!!!!! something no self-respecting person drives a garbage like that.,0,True
UgwT2QkEEg3VBxV7RdV4AaABAg,comment,gzHLv6rLSpQ,,False,@marufadnan614,"north-south
east-west
only and only the ""#SupercarBlondie"" is the best❤😍",0,True
UgzaLHWAfK2a2rF8m7t4AaABAg,comment,gzHLv6rLSpQ,,False,@floxshuilee1760,Fun fact: BYD used to make batteries for iPhone.,606,True
UgzaLHWAfK2a2rF8m7t4AaABAg.9lkpyXhiwFy9lmdrFXvD6t,comment,gzHLv6rLSpQ,UgzaLHWAfK2a2rF8m7t4AaABAg,True,@Markcain268,Now they make smartphones on wheels lol,108,True
UgzaLHWAfK2a2rF8m7t4AaABAg.9lkpyXhiwFy9lndnRAptLi,comment,gzHLv6rLSpQ,UgzaLHWAfK2a2rF8m7t4AaABAg,True,@lucisleesion8824,"And BYD is producing batteries for Tesla, now.",203,True
UgzaLHWAfK2a2rF8m7t4AaABAg.9lkpyXhiwFy9lo9qJoziz8,comment,gzHLv6rLSpQ,UgzaLHWAfK2a2rF8m7t4AaABAg,True,@kachunchau4945,@lucisleesion8824 exactly,33,True
UgzaLHWAfK2a2rF8m7t4AaABAg.9lkpyXhiwFy9lobgzKjvfp,comment,gzHLv6rLSpQ,UgzaLHWAfK2a2rF8m7t4AaABAg,True,@PrinceofUnderpants,"​@lucisleesion8824 South Korea always discredits China through lies. Remember the explosion of Samsung mobile phone? South Korea said it was the battery of China, but in fact China did not provide anything to Samsung.",0,True
UgzaLHWAfK2a2rF8m7t4AaABAg.9lkpyXhiwFy9lotB98ItbW,comment,gzHLv6rLSpQ,UgzaLHWAfK2a2rF8m7t4AaABAg,True,@zeroseinfinal,They are still making most of the iPads today.,56,True
UgzaLHWAfK2a2rF8m7t4AaABAg.9lkpyXhiwFy9lsktaTPX-Q,comment,gzHLv6rLSpQ,UgzaLHWAfK2a2rF8m7t4AaABAg,True,@shenyun7195,Byd also makes chips and semiconductors,54,True
UgzaLHWAfK2a2rF8m7t4AaABAg.9lkpyXhiwFy9mPwV6nPUSc,comment,gzHLv6rLSpQ,UgzaLHWAfK2a2rF8m7t4AaABAg,True,@willygiuriawest9044,Yes!,2,True
UgzaLHWAfK2a2rF8m7t4AaABAg.9lkpyXhiwFy9mUyXSO_AZW,comment,gzHLv6rLSpQ,UgzaLHWAfK2a2rF8m7t4AaABAg,True,@mtran9184,ok,1,True
UgzaLHWAfK2a2rF8m7t4AaABAg.9lkpyXhiwFy9maoEGwvyYv,comment,gzHLv6rLSpQ,UgzaLHWAfK2a2rF8m7t4AaABAg,True,@obsidianstatue,"One of BYD's division is still an apple supplier, making iPhone batteries and iPads",33,True
UgzaLHWAfK2a2rF8m7t4AaABAg.9lkpyXhiwFy9mf0xwGN4Nu,comment,gzHLv6rLSpQ,UgzaLHWAfK2a2rF8m7t4AaABAg,True,@羌越人,Chances are BYD made your ipad😂,10,True
UgzaLHWAfK2a2rF8m7t4AaABAg.9lkpyXhiwFy9mmT3bSWkBv,comment,gzHLv6rLSpQ,UgzaLHWAfK2a2rF8m7t4AaABAg,True,@willygiuriawest9044,I have an iPhone14 pro ultra!,0,True
UgzaLHWAfK2a2rF8m7t4AaABAg.9lkpyXhiwFy9mmT4Np3SLo,comment,gzHLv6rLSpQ,UgzaLHWAfK2a2rF8m7t4AaABAg,True,@willygiuriawest9044,@obsidianstatue yes!,0,True
UgzaLHWAfK2a2rF8m7t4AaABAg.9lkpyXhiwFy9mpRVxWKLcM,comment,gzHLv6rLSpQ,UgzaLHWAfK2a2rF8m7t4AaABAg,True,@postahundredcommentsbutonl4408,"BYD has produced batteries since the 1980s. At that time, Musk didn't know what was doing. YES",25,True
UgzaLHWAfK2a2rF8m7t4AaABAg.9lkpyXhiwFy9nW0hJLUv-d,comment,gzHLv6rLSpQ,UgzaLHWAfK2a2rF8m7t4AaABAg,True,@Bruce_Li,Fun fact: you could buy masks made by BYD at Costco during the COVID,19,True
UgzaLHWAfK2a2rF8m7t4AaABAg.9lkpyXhiwFy9nWCbvFNQv7,comment,gzHLv6rLSpQ,UgzaLHWAfK2a2rF8m7t4AaABAg,True,@sanchezm2243,@willygiuriawest9044 WOW 😃😃😃😃 IPhone,0,True
UgzaLHWAfK2a2rF8m7t4AaABAg.9lkpyXhiwFy9oNi2la7zn_,comment,gzHLv6rLSpQ,UgzaLHWAfK2a2rF8m7t4AaABAg,True,@Smoothcriminal-,also might have made the note 7's batteries it seems with the fires in china,0,True
UgzaLHWAfK2a2rF8m7t4AaABAg.9lkpyXhiwFy9oOWMuqc2aJ,comment,gzHLv6rLSpQ,UgzaLHWAfK2a2rF8m7t4AaABAg,True,@josh6567,No wonder iphone's  battery drains fast 😂😂😂,1,True
UgzaLHWAfK2a2rF8m7t4AaABAg.9lkpyXhiwFy9ontE9O9WhX,comment,gzHLv6rLSpQ,UgzaLHWAfK2a2rF8m7t4AaABAg,True,@keningxue1,BYD also makes masks😂,0,True
UgzaLHWAfK2a2rF8m7t4AaABAg.9lkpyXhiwFy9owTOJSJHsG,comment,gzHLv6rLSpQ,UgzaLHWAfK2a2rF8m7t4AaABAg,True,@stefanosong9314,"not only batteries, it also manufactures ipads",1,True
UgzaLHWAfK2a2rF8m7t4AaABAg.9lkpyXhiwFy9piuRjFuOqk,comment,gzHLv6rLSpQ,UgzaLHWAfK2a2rF8m7t4AaABAg,True,@zeshu5694,BYD is a battery company originally,3,True
UgzaLHWAfK2a2rF8m7t4AaABAg.9lkpyXhiwFy9qpOCYHRCGU,comment,gzHLv6rLSpQ,UgzaLHWAfK2a2rF8m7t4AaABAg,True,@loganadenveerapen2875,​@zeshu5694yes started by infringing Sanyo (the market leader at that time) patents.,0,True
UgzaLHWAfK2a2rF8m7t4AaABAg.9lkpyXhiwFy9qpRFOfiS5e,comment,gzHLv6rLSpQ,UgzaLHWAfK2a2rF8m7t4AaABAg,True,@zeshu5694,@loganadenveerapen2875 actually BYD copied Panasonic to start battery business in 1990s . The conflicts with Sanyo was in 2000s and BYD was already the third largest battery firm at that time.,2,True
UgzaLHWAfK2a2rF8m7t4AaABAg.9lkpyXhiwFy9qvSEpvOPZP,comment,gzHLv6rLSpQ,UgzaLHWAfK2a2rF8m7t4AaABAg,True,@nengwan5043,Same story for CATL.,0,True
UgzaLHWAfK2a2rF8m7t4AaABAg.9lkpyXhiwFy9rfNtTam5O5,comment,gzHLv6rLSpQ,UgzaLHWAfK2a2rF8m7t4AaABAg,True,@kevobrien4329,And dildo batteries too,0,True
UgzaLHWAfK2a2rF8m7t4AaABAg.9lkpyXhiwFy9saDfUfwcI5,comment,gzHLv6rLSpQ,UgzaLHWAfK2a2rF8m7t4AaABAg,True,@aaronzhang3367,比亚迪还为小米组装手机,2,True
UgzaLHWAfK2a2rF8m7t4AaABAg.9lkpyXhiwFy9vIOUE99wdC,comment,gzHLv6rLSpQ,UgzaLHWAfK2a2rF8m7t4AaABAg,True,@JingZhang-mp5ng,Made micro chip.battery.cellphone for xiaomi Huawei😂,0,True
UgzaLHWAfK2a2rF8m7t4AaABAg.9lkpyXhiwFy9z9-ZHfI-pb,comment,gzHLv6rLSpQ,UgzaLHWAfK2a2rF8m7t4AaABAg,True,@OMI788,And it doesn't last long,0,True
UgzaLHWAfK2a2rF8m7t4AaABAg.9lkpyXhiwFyA-RTr0X4BtH,comment,gzHLv6rLSpQ,UgzaLHWAfK2a2rF8m7t4AaABAg,True,@saahan-nn1fe,Fun fact: BYD used to make batteries for Nokia,1,True
UgzaLHWAfK2a2rF8m7t4AaABAg.9lkpyXhiwFyA1SYurasTuv,comment,gzHLv6rLSpQ,UgzaLHWAfK2a2rF8m7t4AaABAg,True,@alcoyne3333333333333,Yes a people that have a iPhone will be on here saying I won't buy that cheap stuff from China 😂😂😂😂,0,True
UgzaLHWAfK2a2rF8m7t4AaABAg.9lkpyXhiwFyACtGlF3SloW,comment,gzHLv6rLSpQ,UgzaLHWAfK2a2rF8m7t4AaABAg,True,@davidharcula2933,Still remember iPad n iPhone sub par keep the crap,0,True
UgzaLHWAfK2a2rF8m7t4AaABAg.9lkpyXhiwFyARLbTMVVN4c,comment,gzHLv6rLSpQ,UgzaLHWAfK2a2rF8m7t4AaABAg,True,@creep9666,​@alcoyne3333333333333mostly U.S products are manufactured in china 😅 i dont know what you yall yapping 😂😂 even Addidas and Nike 😅😅,0,True
UgzaLHWAfK2a2rF8m7t4AaABAg.9lkpyXhiwFyARLbnqTrw64,comment,gzHLv6rLSpQ,UgzaLHWAfK2a2rF8m7t4AaABAg,True,@creep9666,​@josh6567welp doesn't make sense 🤷 considering Xiaomi and Huawei phones have solid battery and famous in asia for longer playtime 😅,0,True
Ugx8nK3fWOoIzczjtf14AaABAg,comment,gzHLv6rLSpQ,,False,@MrXxx008,Did u know that byd is a chinese ? Wake the fck up team and bring alex back not these bozos.,0,True
UgzFia6ocGV2Na7XrkF4AaABAg,comment,gzHLv6rLSpQ,,False,@filipealmeida980,"BYD actually sold 911,140 battery-electric and 946,239 plug-in hybrid vehicles in 2022. While Tesla sold 1.3 Million battery-electric vehicles and zero hybrids..",4,True
UgwLXdgh1j_tHlRHvYF4AaABAg,comment,gzHLv6rLSpQ,,False,@LeeMooEez,I’m not against anything..it’s cool! 😍 just felt a bit funny with the dragon theme but can’t really see anything dragony there 😂(because of aerodynamic I guess) and sergi speaking chinese good enough for that car to understand 😱,6,True
UgzzzWwefJsa9FZ3JI14AaABAg,comment,gzHLv6rLSpQ,,False,@Allidiotskeepawayfromme,What surprises me most is you can speak chinese so well. There is another thing making me moved .it's  that you are always objective about the cars regardless of other unrelated factors,162,True
UgzzzWwefJsa9FZ3JI14AaABAg.9lkoCInQkgi9lluLqYlFss,comment,gzHLv6rLSpQ,UgzzzWwefJsa9FZ3JI14AaABAg,True,@ricazhao2286,滞纳猪自我感动差不多得了😅😅😅,0,True
UgzzzWwefJsa9FZ3JI14AaABAg.9lkoCInQkgi9mFt5pJ6lhg,comment,gzHLv6rLSpQ,UgzzzWwefJsa9FZ3JI14AaABAg,True,@lordlee6473,"Lol. He got paid for making this video. And he doesn’t speak Chinese at all, except he learned a couple of words just for making this. He’s a nobody. I care about BYD and other Chinese EVs, but I don’t care much about this guy.",1,True
UgzzzWwefJsa9FZ3JI14AaABAg.9lkoCInQkgi9mGOYwZbUhG,comment,gzHLv6rLSpQ,UgzzzWwefJsa9FZ3JI14AaABAg,True,@ricazhao2286,"@lordlee6473 That's true,dude.",0,True
UgzzzWwefJsa9FZ3JI14AaABAg.9lkoCInQkgi9mGnEmcNBZI,comment,gzHLv6rLSpQ,UgzzzWwefJsa9FZ3JI14AaABAg,True,@Allidiotskeepawayfromme,@lordlee6473 i see,0,True
UgzzzWwefJsa9FZ3JI14AaABAg.9lkoCInQkgi9saEGFNQ5kU,comment,gzHLv6rLSpQ,UgzzzWwefJsa9FZ3JI14AaABAg,True,@aaronzhang3367,"你好小迪 ni hao xiao di, hello di . 打开车窗 da kai che chuang ，turn on the windows",0,True
UgzzzWwefJsa9FZ3JI14AaABAg.9lkoCInQkgiA8NTLeouZ1m,comment,gzHLv6rLSpQ,UgzzzWwefJsa9FZ3JI14AaABAg,True,@ebotwaldstein6724,@aaronzhang3367it is open the Windows like 打开门 which is open the door.😂😂,0,True
UgxTo7qO8WSeDWxC7Od4AaABAg,comment,gzHLv6rLSpQ,,False,@foipa1,"Wow, this is what the super rich did with our money when they unlawfully pulled it out of the American financials in the nineties,(Catherine Austin Fitts), and invested in communist China. With all that self surveillance built in the Government of the World Loves These. “Want to know whose in charge look at who you can’t question”, “FOLLOW THE MONEY” wait till China starts floating balloons over America, you’ll see. Ha ha ha , and yet isn’t this car a political ballon being floated over capitalism and socialism alike? Who wins? Lol",0,True
Ugypo1Towum680tZcOF4AaABAg,comment,gzHLv6rLSpQ,,False,@serhii.999.,"Гарна машинка)
Дякую
Можливо буде в ЄС,якщо окупант не піде на ЄС",0,True
UgwobJYEOMyVosIyaYJ4AaABAg,comment,gzHLv6rLSpQ,,False,@alcatrazrider,"mic in the car, 10 cars 10 mics result karaoke party wherever you want. 🤘🤘👍",1,True
UgytMBmXOtvvkbB8Hd94AaABAg,comment,gzHLv6rLSpQ,,False,@olpkol,china....,1,True
Ugw6lqleLbr5sPfUvz94AaABAg,comment,gzHLv6rLSpQ,,False,@ايلين_عزام,Are they all pretty much,0,True
UgzHqRqxLnGWKWF_lh94AaABAg,comment,gzHLv6rLSpQ,,False,@Thekidsergei,that boy just casually speaking chinese,0,True
UgyqRNi4-ToeR5FRqTx4AaABAg,comment,gzHLv6rLSpQ,,False,@robinfox9667,"... but, what's the average range in kms?",0,True
UgyqRNi4-ToeR5FRqTx4AaABAg.9lkmoJu7koN9lkpunmYTTs,comment,gzHLv6rLSpQ,UgyqRNi4-ToeR5FRqTx4AaABAg,True,@shijuokphun1379,"According to press release, 605-715 km with two selection of motor 180kw and 200kw. All with a 85kwh battery pack.",1,True
UgyqRNi4-ToeR5FRqTx4AaABAg.9lkmoJu7koN9lkq_a7P2Ic,comment,gzHLv6rLSpQ,UgyqRNi4-ToeR5FRqTx4AaABAg,True,@robinfox9667,@shijuokphun1379 appreciated!,0,True
Ugxix9bdbNYvkpGLnzJ4AaABAg,comment,gzHLv6rLSpQ,,False,@krishnabade4306,Wait wait if they got sold about 1.9 million cars. Then how come they are not out in the US,1,True
Ugxix9bdbNYvkpGLnzJ4AaABAg.9lkmnN66NP19lknDzftKZr,comment,gzHLv6rLSpQ,Ugxix9bdbNYvkpGLnzJ4AaABAg,True,@vmavverick,The Asian car market is the biggest in the world.,4,True
Ugxix9bdbNYvkpGLnzJ4AaABAg.9lkmnN66NP19lknkm5W7EN,comment,gzHLv6rLSpQ,Ugxix9bdbNYvkpGLnzJ4AaABAg,True,@krishnabade4306,@vmavverick yh true. When are they coming to the uk?,0,True
Ugxix9bdbNYvkpGLnzJ4AaABAg.9lkmnN66NP19lkrGMEHAIH,comment,gzHLv6rLSpQ,Ugxix9bdbNYvkpGLnzJ4AaABAg,True,@leiyue1411,Chinese car market is twice bigger than american. It will launch in uk q1 2023.,2,True
Ugxix9bdbNYvkpGLnzJ4AaABAg.9lkmnN66NP19llAlDs_M15,comment,gzHLv6rLSpQ,Ugxix9bdbNYvkpGLnzJ4AaABAg,True,@wkl6432,Because all Chinese cars are banned in the US.,0,True
Ugwwizd1W17nqFcakWR4AaABAg,comment,gzHLv6rLSpQ,,False,@daniyarzaynidinov,Спасибо за обзор. Но это до рестайлинговый BYD HAN. Рестайлинговый выглядит намного красивее. Но машина очень хорошая за свои деньги,8,True
UgwdAv5PCabneae7COZ4AaABAg,comment,gzHLv6rLSpQ,,False,@anemeth9281,"Apart from repeating 3 times the acceleration from zero to hundred, we got no idea how this car drives, handles etc",0,True
UgxkR4dOZPhA5ZbMrUV4AaABAg,comment,gzHLv6rLSpQ,,False,@didiglos,What impressed me most was Sergi chinese,1,True
Ugx2d84FIvS2oV3YB314AaABAg,comment,gzHLv6rLSpQ,,False,@albertsammut433,At $112500 Australian dollars it's still rather expensive in my opinion and the interior colour doesn't match the exterior blue paintwork..Seems to be quality built however.,5,True
Ugx2d84FIvS2oV3YB314AaABAg.9lkliOwvDsB9lkpMfNyvmc,comment,gzHLv6rLSpQ,Ugx2d84FIvS2oV3YB314AaABAg,True,@shijuokphun1379,They had already tried their best for the design works. They even hired Wolfgang egger as their chief designer (former Audi group chief designer). Maybe they will come up with a better interior soon.,3,True
Ugx2d84FIvS2oV3YB314AaABAg.9lkliOwvDsB9lm4GFvrrMW,comment,gzHLv6rLSpQ,Ugx2d84FIvS2oV3YB314AaABAg,True,@jxl594,"Searching for key word: Atto4 seal, Denza D9, U8. They are all BYD cars. The new version of Han EV is much better. The car in the video is the 2021 version.",4,True
Ugx2d84FIvS2oV3YB314AaABAg.9lkliOwvDsB9mYsG_QfeU4,comment,gzHLv6rLSpQ,Ugx2d84FIvS2oV3YB314AaABAg,True,@ChinaSongsCollection,"They have a few colors to choose from for the external body.

Not sure if there are color options for the interior though.",0,True
Ugx2d84FIvS2oV3YB314AaABAg.9lkliOwvDsB9n4iUprCtRu,comment,gzHLv6rLSpQ,Ugx2d84FIvS2oV3YB314AaABAg,True,@pingtao8437,Colors are objective and you can always choose....,0,True
Ugx2d84FIvS2oV3YB314AaABAg.9lkliOwvDsB9n4jjLkDPgu,comment,gzHLv6rLSpQ,Ugx2d84FIvS2oV3YB314AaABAg,True,@albertsammut433,@Ping Tao  So why does it NOT MATCH before presenting it on YouTube is the question to be answered?,0,True
Ugx2d84FIvS2oV3YB314AaABAg.9lkliOwvDsB9n4lJuUdqK0,comment,gzHLv6rLSpQ,Ugx2d84FIvS2oV3YB314AaABAg,True,@ChinaSongsCollection,@pingtao8437 You mean subjective.,0,True
Ugx2d84FIvS2oV3YB314AaABAg.9lkliOwvDsB9n4liIijidi,comment,gzHLv6rLSpQ,Ugx2d84FIvS2oV3YB314AaABAg,True,@ChinaSongsCollection,"@albertsammut433  The person presenting this on YouTube is most likely not the one who decides on the color.

Whoever sent this to him probably doesn't think there is a color mismatch issue",0,True
Ugx2d84FIvS2oV3YB314AaABAg.9lkliOwvDsB9n4mh65QRfB,comment,gzHLv6rLSpQ,Ugx2d84FIvS2oV3YB314AaABAg,True,@albertsammut433,@ChinaSongsCollection  Because the owner sadly cannot match colours and that makes other people who see his car REALLY notice it...because it STANDS OUT..Get it.,0,True
Ugw4oRB3CIzMcLg9_b94AaABAg,comment,gzHLv6rLSpQ,,False,@haditjandradjaja8403,CAN IT BREATH FIRE ???,2,True
Ugyyjz_DTHKTjvpbPyh4AaABAg,comment,gzHLv6rLSpQ,,False,@lukej6832,😩 he sounds like he knows nothing about cars. 😢 this channel used to be interesting.,1,True
Ugxc8g0AssrIJ5V7DLx4AaABAg,comment,gzHLv6rLSpQ,,False,@ozoneA6,It sold in china?🤔🥱,1,True
Ugxc8g0AssrIJ5V7DLx4AaABAg.9lkl2nrJZdo9llubp077o9,comment,gzHLv6rLSpQ,Ugxc8g0AssrIJ5V7DLx4AaABAg,True,@eddielz7976,"yes, long time ago, and it still need to wait at least 3-6 months to get the car after u paid.",0,True
UgwTZJJAvfJqk2U87AV4AaABAg,comment,gzHLv6rLSpQ,,False,@vichenry171,"When you say in terms of individual sales do you mean to regular customers, or dealerships? Are you guys spin Doctors? You haven't been out long enough to outsell Tesla.",0,True
Ugz06vtSGaBa4ZTjyJ54AaABAg,comment,gzHLv6rLSpQ,,False,@tonynagy2042,"I have to admit, that is a very cool car. I have upgrade ideas that nobody has even thought of yet, that would make it even better 👍I just can't find anyone to listen to me. Even Elon hasn't bitten to my hint's yet.",0,True
UgxEqkzj9LhMfd1CUZJ4AaABAg,comment,gzHLv6rLSpQ,,False,@jaronbalfour3711,Best electric car is Rolls-Royce spectre,0,True
UgxEqkzj9LhMfd1CUZJ4AaABAg.9lkkMKnSXqj9lkrdfyscDh,comment,gzHLv6rLSpQ,UgxEqkzj9LhMfd1CUZJ4AaABAg,True,@shijuokphun1379,I guess everyone agreed Royce is better....but this is only $72k...,1,True
UgxOGDlkaqHg9stHq4F4AaABAg,comment,gzHLv6rLSpQ,,False,@joshuajones634,How much of your Metadata is being sent back to China?,1,True
UgxOGDlkaqHg9stHq4F4AaABAg.9lkk2XAS0ut9lks2hJZ4ae,comment,gzHLv6rLSpQ,UgxOGDlkaqHg9stHq4F4AaABAg,True,@shijuokphun1379,Warren buffett (American) is the largest share holder of byd. So will data send to US or china?,1,True
UgxOGDlkaqHg9stHq4F4AaABAg.9lkk2XAS0ut9ll9cO__7gr,comment,gzHLv6rLSpQ,UgxOGDlkaqHg9stHq4F4AaABAg,True,@wkl6432,Forgot Snowden?,0,True
UgxOGDlkaqHg9stHq4F4AaABAg.9lkk2XAS0ut9llIcUs7ua5,comment,gzHLv6rLSpQ,UgxOGDlkaqHg9stHq4F4AaABAg,True,@joshuajones634,@wkl6432 it's a Chinese car.,1,True
UgxOGDlkaqHg9stHq4F4AaABAg.9lkk2XAS0ut9llJdTtUihr,comment,gzHLv6rLSpQ,UgxOGDlkaqHg9stHq4F4AaABAg,True,@wkl6432,@joshuajones634 Bot?,0,True
UgwEum08OvbQ_QgUsOp4AaABAg,comment,gzHLv6rLSpQ,,False,@Postbus22,sad that the outside looks so boring,1,True
Ugy2tQxv-hmvFWRtxLV4AaABAg,comment,gzHLv6rLSpQ,,False,@occultbass,5:38 I never thought I'd hear you speaking Mandarin or Cantonese xD (don't know which it is because I don't know either),4,True
Ugx3mBoG11JKzqqFQIV4AaABAg,comment,gzHLv6rLSpQ,,False,@muhtasimmunir1830,Brooo Sergei speaking Chinese blew my mind,29,True
Ugwg8SznqT810M5Grkt4AaABAg,comment,gzHLv6rLSpQ,,False,@sazingayerampa,"Sergi can speak Chinese😳
I'm rather surprised😅",247,True
Ugwg8SznqT810M5Grkt4AaABAg.9lkitshAzPG9lm953-Ap5_,comment,gzHLv6rLSpQ,Ugwg8SznqT810M5Grkt4AaABAg,True,@jardaniiii,mandarin perhaps,12,True
Ugwg8SznqT810M5Grkt4AaABAg.9lkitshAzPG9ln4cWKTt4l,comment,gzHLv6rLSpQ,Ugwg8SznqT810M5Grkt4AaABAg,True,@raybing912,"🤪🤪 Actually Sergi can also use voice control in English, just like BYD ATTO3: https://www.youtube.com/watch?v=oC6zvsiaqRA",0,True
Ugwg8SznqT810M5Grkt4AaABAg.9lkitshAzPG9ln_L1UksIH,comment,gzHLv6rLSpQ,Ugwg8SznqT810M5Grkt4AaABAg,True,@Master_Lee1,Ikr 🤣,0,True
Ugwg8SznqT810M5Grkt4AaABAg.9lkitshAzPG9ln_MIfy_gz,comment,gzHLv6rLSpQ,Ugwg8SznqT810M5Grkt4AaABAg,True,@Master_Lee1,It's Mandarin,9,True
Ugwg8SznqT810M5Grkt4AaABAg.9lkitshAzPG9ln_MoqE7PN,comment,gzHLv6rLSpQ,Ugwg8SznqT810M5Grkt4AaABAg,True,@Master_Lee1,Maybe,0,True
Ugwg8SznqT810M5Grkt4AaABAg.9lkitshAzPG9loeg5XOcBA,comment,gzHLv6rLSpQ,Ugwg8SznqT810M5Grkt4AaABAg,True,@grid-panda,@Master_Lee1 100% mandarin with foreign accent~🤣,6,True
Ugwg8SznqT810M5Grkt4AaABAg.9lkitshAzPG9lp-BD-O07q,comment,gzHLv6rLSpQ,Ugwg8SznqT810M5Grkt4AaABAg,True,@Master_Lee1,@grid-panda oh wow😂🤣,1,True
Ugwg8SznqT810M5Grkt4AaABAg.9lkitshAzPG9lr1VaJmS2z,comment,gzHLv6rLSpQ,Ugwg8SznqT810M5Grkt4AaABAg,True,@KavinArulnambi,JOHN  CEEENAAAA,0,True
Ugwg8SznqT810M5Grkt4AaABAg.9lkitshAzPG9lz0CefohBo,comment,gzHLv6rLSpQ,Ugwg8SznqT810M5Grkt4AaABAg,True,@MainAutoOne,@KavinArulnambi Zhong Xina,1,True
Ugwg8SznqT810M5Grkt4AaABAg.9lkitshAzPG9n9sOVrZKIt,comment,gzHLv6rLSpQ,Ugwg8SznqT810M5Grkt4AaABAg,True,@h_yue1479,and the pronunciation is actually very good lol,1,True
Ugwg8SznqT810M5Grkt4AaABAg.9lkitshAzPG9pfuYGGq9ya,comment,gzHLv6rLSpQ,Ugwg8SznqT810M5Grkt4AaABAg,True,@xinwu4996,"lol, I can teach a new sentence: ""关闭车窗(guan bi che chuang)"". This command is to close the window. Try it😊",1,True
UgyhOTlN3Fiqf7g2A1l4AaABAg,comment,gzHLv6rLSpQ,,False,@ShanesHobbyShop,"One thing you didnt say, is how far you can go on a single charge.",1,True
Ugxpvo-dbPohYJn-2VV4AaABAg,comment,gzHLv6rLSpQ,,False,@jean-pierreklein2954,The best pure electric selling car in the world is an American (First) car !,3,True
Ugxpvo-dbPohYJn-2VV4AaABAg.9lkijM2o3XN9lkrn-mO7ol,comment,gzHLv6rLSpQ,Ugxpvo-dbPohYJn-2VV4AaABAg,True,@shijuokphun1379,Half of all Tesla was build in china....so.....,0,True
Ugx4qHxkOHVcNUCWfjx4AaABAg,comment,gzHLv6rLSpQ,,False,@bwaha3528,"Never know when they'll start recording you all the time in that camera without your knowledge for*personalize ad*😂

Made in China always made in China",2,True
Ugx4qHxkOHVcNUCWfjx4AaABAg.9lkiYEvzEj09lkqMeVZ10a,comment,gzHLv6rLSpQ,Ugx4qHxkOHVcNUCWfjx4AaABAg,True,@shijuokphun1379,Byd was not CPC owned...infact the largest share holder was Warren buffett...an American. So basically it's a American company run by the Chinese people.,0,True
UgwnABPfq6HBWbhm-Yd4AaABAg,comment,gzHLv6rLSpQ,,False,@jimmypark9279,Isn't it chinese car? No way~,2,True
UgwnABPfq6HBWbhm-Yd4AaABAg.9lkiXFJ_3QH9lktTNSdvdO,comment,gzHLv6rLSpQ,UgwnABPfq6HBWbhm-Yd4AaABAg,True,@EmmaNguyen-mg5xq,Narrow-minded,0,True
UgwnABPfq6HBWbhm-Yd4AaABAg.9lkiXFJ_3QH9llMZe3O6ru,comment,gzHLv6rLSpQ,UgwnABPfq6HBWbhm-Yd4AaABAg,True,@Wvk5zc,Korean triggered,0,True
UgzDbsHfttVWKfa3urZ4AaABAg,comment,gzHLv6rLSpQ,,False,@Archit_Dhania,I think that buy Chinese car because Chinese car give many features and a very good horse power in good price,1,True
Ugyp2zJq3eC339_UUHt4AaABAg,comment,gzHLv6rLSpQ,,False,@JoshSlapsHarder,"""best selling"" on Mars, not here on this planet.",3,True
Ugyp2zJq3eC339_UUHt4AaABAg.9lkiLattxdQ9lkr0Ap1pIC,comment,gzHLv6rLSpQ,Ugyp2zJq3eC339_UUHt4AaABAg,True,@shijuokphun1379,Maybe u doesn't lives in planet Earth. Or maybe u lives in an alternative reality world.,0,True
Ugyp2zJq3eC339_UUHt4AaABAg.9lkiLattxdQ9mVUxi-rFd8,comment,gzHLv6rLSpQ,Ugyp2zJq3eC339_UUHt4AaABAg,True,@bldomain,He already informed you that it sold half a million more than Tesla. What is the matter with you?,0,True
UgwZfQqfIQNvQtuoGw54AaABAg,comment,gzHLv6rLSpQ,,False,@OrganicStuff1,"It’s related with the CCP won’t come to the states

Wish teslas would be built better than a 5 year old",0,True
UgwFRE48b9Bm6Q8BnKx4AaABAg,comment,gzHLv6rLSpQ,,False,@MrFuckuboyo,"No thanks, made in China.",0,True
UgwPmLdRJD-WgP_y6Q94AaABAg,comment,gzHLv6rLSpQ,,False,@bwaha3528,"BYD
Be your di",0,True
Ugwx0MiygherfeELF5J4AaABAg,comment,gzHLv6rLSpQ,,False,@Xacxs,Your the best we need more like this,29,True
UgyxswagKhFGKaFrgbh4AaABAg,comment,gzHLv6rLSpQ,,False,@United_Wings,"""Best Selling""🤯",0,True
UgzeProjJCRV1mkANJN4AaABAg,comment,gzHLv6rLSpQ,,False,@Scairp,"American prototype
Scairp Car https://youtu.be/jdFQYZyNls8
😁😁😁",0,True
UgyyOtwQZTSMpZcivnF4AaABAg,comment,gzHLv6rLSpQ,,False,@迷犬シェリーのパパ,"It is said that the number of sales is large and the equipment is substantial, 
but is it really a car that can be used for many years?",7,True
UgyyOtwQZTSMpZcivnF4AaABAg.9lkhh_M-Rqq9lkreljJEHT,comment,gzHLv6rLSpQ,UgyyOtwQZTSMpZcivnF4AaABAg,True,@infoworld7706,No worry it gets a long time warranty. The batteries is a life time warranty,11,True
UgyyOtwQZTSMpZcivnF4AaABAg.9lkhh_M-Rqq9llifKPDjMp,comment,gzHLv6rLSpQ,UgyyOtwQZTSMpZcivnF4AaABAg,True,@gnawmoss5299,The car life maybe longer than you 😢,4,True
UgyyOtwQZTSMpZcivnF4AaABAg.9lkhh_M-Rqq9lmmM3M3_VO,comment,gzHLv6rLSpQ,UgyyOtwQZTSMpZcivnF4AaABAg,True,@saileihou7041,"BYD's batteries in mainland China have a lifetime warranty, maybe not in other regions?",0,True
UgwuUnludhEjaqixg9F4AaABAg,comment,gzHLv6rLSpQ,,False,@tariktarik4354,"It does surprising me ... sence the most of other cars are more than 120k . I belive all E cars are now mostly good and cheap price dont mean its not safe , or cheap quality . Its the right price . And fuly functional .",1,True
Ugxt_z7DkpRPKpd-D314AaABAg,comment,gzHLv6rLSpQ,,False,@darshanjethava2786,German car are far far better than this 😂,2,True
UgyX7YhZTB4xHsgmQ4d4AaABAg,comment,gzHLv6rLSpQ,,False,@swappy369,He got the car in California 🙄,1,True
UgzyQ1nyqMdegXd5rzp4AaABAg,comment,gzHLv6rLSpQ,,False,@YGOrica,2:19 if you zoom on th B you can see how cheap the material is…,5,True
UgzyQ1nyqMdegXd5rzp4AaABAg.9lkhDgs-ySrAAqJFIorlrT,comment,gzHLv6rLSpQ,UgzyQ1nyqMdegXd5rzp4AaABAg,True,@ChristusRex081,"No big deal, it's just trim. Don't forget, the only reason this exists is because Elon Musk didn't patent Tesla. He basically gave away the blue prints.",0,True
Ugy5-1pFkKPiEgK1kJ14AaABAg,comment,gzHLv6rLSpQ,,False,@godbabydevi,copy cat! oh  car!,0,True
Ugy5-1pFkKPiEgK1kJ14AaABAg.9lkhDQe8Kck9lkne3Xl0M4,comment,gzHLv6rLSpQ,Ugy5-1pFkKPiEgK1kJ14AaABAg,True,@vmavverick,What is it copying,0,True
Ugx7mCww_IOmkm5S7rF4AaABAg,comment,gzHLv6rLSpQ,,False,@Ken64190,Hmmmm...not a bad looking ride. Living in US I've not heard of the brand but I can see it as a consideration if it was avaliable here.,23,True
Ugx7mCww_IOmkm5S7rF4AaABAg.9lkh62GAkYa9lkqXXh2mfa,comment,gzHLv6rLSpQ,Ugx7mCww_IOmkm5S7rF4AaABAg,True,@SirDaus,"It won't. Because its a Chinese car.
Probably will shoot it down with a missile if ever the DOD saw one (like the BIG spy balloon). 🤣",15,True
Ugx7mCww_IOmkm5S7rF4AaABAg.9lkh62GAkYa9lkzMO16CT7,comment,gzHLv6rLSpQ,Ugx7mCww_IOmkm5S7rF4AaABAg,True,@TD1237,"It looks awesome, Chinese cars really are great nowadays.",16,True
Ugx7mCww_IOmkm5S7rF4AaABAg.9lkh62GAkYa9lm2V-6qXTf,comment,gzHLv6rLSpQ,Ugx7mCww_IOmkm5S7rF4AaABAg,True,@jonathanpotato4574,@TD1237 thank you (as a Chinese),3,True
Ugx7mCww_IOmkm5S7rF4AaABAg.9lkh62GAkYa9lm3Zi_VuWC,comment,gzHLv6rLSpQ,Ugx7mCww_IOmkm5S7rF4AaABAg,True,@jxl594,"@SirDaus hahah. But I am not agreed. BYD has become the toppest EV brand in China. The car in the video is 2021 version which is out of date. BYD has a lot of more advanced cars. BYD sold more than 1.86 million cars last year, much more than Tesla. And sales are still growing fast. If you order a BYD car now in China, you have to wait for more than 3 month. With the production capacity growth, there may not be enough missiles for BYD cars.",7,True
Ugx7mCww_IOmkm5S7rF4AaABAg.9lkh62GAkYa9lm4IRv203J,comment,gzHLv6rLSpQ,Ugx7mCww_IOmkm5S7rF4AaABAg,True,@SirDaus,"@jxl594 we're having our local government linked company importing Atto 3 to Malaysia. Wishing for this model but since suv is the top selling, it make sense Sime Darby decides to bring in Atto 3 first.",0,True
Ugx7mCww_IOmkm5S7rF4AaABAg.9lkh62GAkYa9lm7Mcla9Fh,comment,gzHLv6rLSpQ,Ugx7mCww_IOmkm5S7rF4AaABAg,True,@jxl594,@SirDaus Suv is also the top selling in China. Atto 3 is an old model of BYD. So the production capacity can be guaranteed. BYD doesn't have more cars of new models for export. The world car market will be totally changed in 3 years.,5,True
Ugx7mCww_IOmkm5S7rF4AaABAg.9lkh62GAkYa9lmIOl7RvsT,comment,gzHLv6rLSpQ,Ugx7mCww_IOmkm5S7rF4AaABAg,True,@parkjoonkwang9259,"China is at least 5 years ahead of the U.S. in electric vehicle battery technology, and even Tesla uses Chinese batteries.
This year China will also launch the world's first sodium ion battery.",7,True
Ugx7mCww_IOmkm5S7rF4AaABAg.9lkh62GAkYa9lmUFH3_YJn,comment,gzHLv6rLSpQ,Ugx7mCww_IOmkm5S7rF4AaABAg,True,@dwchen1,"Warren Buffett had a stake that worth $4 billion in stocks in this company.
That's a sure guarantee for quality.
Warren Buffett ain't a fool for investing in something he don't know.",5,True
Ugx7mCww_IOmkm5S7rF4AaABAg.9lkh62GAkYa9loA1etbd7R,comment,gzHLv6rLSpQ,Ugx7mCww_IOmkm5S7rF4AaABAg,True,@lucisleesion8824,US: National Security! Huawai! 5G! CHINA!!!!! Ban them!!! Commies!!!! freedom!!!! human rights!!!! slave labors!!!! Spying!!!!,0,True
Ugx7mCww_IOmkm5S7rF4AaABAg.9lkh62GAkYa9lq_32uEEiE,comment,gzHLv6rLSpQ,Ugx7mCww_IOmkm5S7rF4AaABAg,True,@TD1237,"@jonathanpotato4574 Ofc, friend. We in South Africa love Chinese tech and cars... really fortunate to have access to them. :-D",3,True
Ugx7mCww_IOmkm5S7rF4AaABAg.9lkh62GAkYa9ly4FsL_Fkk,comment,gzHLv6rLSpQ,Ugx7mCww_IOmkm5S7rF4AaABAg,True,@感恩-k4t,"It won’t sale in the US, same price to mode 3. Also the relationship between China and the US.",0,True
Ugx7mCww_IOmkm5S7rF4AaABAg.9lkh62GAkYa9mGf0pt0gv9,comment,gzHLv6rLSpQ,Ugx7mCww_IOmkm5S7rF4AaABAg,True,@Narium413,@SirDaus BYD is already selling vehicles in the US but they're only commercial vehicles.,0,True
UgzlS4ONmlTQI5TO7W54AaABAg,comment,gzHLv6rLSpQ,,False,@YGOrica,Why did you cut your long blond hair? And do you take testosterone or why did you voice got deeper? And you have a beard now?,0,True
UgxCRjRXWmJvXUNebNF4AaABAg,comment,gzHLv6rLSpQ,,False,@bucky430,Byd is an amazing electric brand. Which is doing better than Tesla (my perspective).,11,True
UgxCRjRXWmJvXUNebNF4AaABAg.9lkguuIEJT99lkuMslIHAd,comment,gzHLv6rLSpQ,UgxCRjRXWmJvXUNebNF4AaABAg,True,@KyleHubb,LOL. Are you dull?,0,True
UgxCRjRXWmJvXUNebNF4AaABAg.9lkguuIEJT99lkww_sPIj9,comment,gzHLv6rLSpQ,UgxCRjRXWmJvXUNebNF4AaABAg,True,@ThinhNguyen-zn2bn,😂,0,True
UgxCRjRXWmJvXUNebNF4AaABAg.9lkguuIEJT99llflZKXmJI,comment,gzHLv6rLSpQ,UgxCRjRXWmJvXUNebNF4AaABAg,True,@dichenhe,在中国国内，BYD去年的总销量超过180万辆，超过特斯拉（中国国内）。我知道有些人会说中国人完全是爱国情怀，为了支持国产车才买的。但是我想说这么高的销量肯定不是这个原因，中国人也是正常消费者，看得出优劣。,0,True
UgxCRjRXWmJvXUNebNF4AaABAg.9lkguuIEJT99llpOE23xTD,comment,gzHLv6rLSpQ,UgxCRjRXWmJvXUNebNF4AaABAg,True,@koreapigfucking4032,fact,1,True
UgzfVVVO0Cls0hwgB_h4AaABAg,comment,gzHLv6rLSpQ,,False,@altered_esteem,best seling electric car in the world? dey play!,1,True
UgxraW3fMwTYCef6TlF4AaABAg,comment,gzHLv6rLSpQ,,False,@raghavlavaniya2228,Wheres alex,0,True
UgyalbZNQLU0ARZoiTd4AaABAg,comment,gzHLv6rLSpQ,,False,@abashmnjskdo7772,MKNLSFFYG,1,True
UgxmPRHYmQtnxuMK3qh4AaABAg,comment,gzHLv6rLSpQ,,False,@sandangcobo2154,Made in china means its fong-kong in South African language,2,True
UgyKdEFWzbD1K_hNWvx4AaABAg,comment,gzHLv6rLSpQ,,False,@qqbre,I had razor phone V3i,1,True
UgwIC0Nu3DojwComwOZ4AaABAg,comment,gzHLv6rLSpQ,,False,@bcpac,It all started with the razor,1,True
UgylXQYBh03l3zdHz7B4AaABAg,comment,gzHLv6rLSpQ,,False,@SVPSkins,"it’s the best-selling electric vehicle in the world ? is is bollocks. In china maybe but the world no. Rest of the world have never heard of it, so how can it be the best selling EV in the world, if they don't sell it worldwide.",2,True
UgylXQYBh03l3zdHz7B4AaABAg.9lkgR8UmwmV9lknbHdaM_V,comment,gzHLv6rLSpQ,UgylXQYBh03l3zdHz7B4AaABAg,True,@vmavverick,He said not in the us. They’re sold to 35 other countries,1,True
UgylXQYBh03l3zdHz7B4AaABAg.9lkgR8UmwmV9lkqxNZYiS2,comment,gzHLv6rLSpQ,UgylXQYBh03l3zdHz7B4AaABAg,True,@ranwu1168,美国禁止没办法,0,True
UgylXQYBh03l3zdHz7B4AaABAg.9lkgR8UmwmV9mBZ9f_HVCa,comment,gzHLv6rLSpQ,UgylXQYBh03l3zdHz7B4AaABAg,True,@SVPSkins,"@vmavverick No there not, as they've only past Chinese safety tests, rest of the world it failed crash tests, only scoring 1 star in Australia, Euro Ncap it scored 0",0,True
UgylXQYBh03l3zdHz7B4AaABAg.9lkgR8UmwmV9mCQ7-1zf0u,comment,gzHLv6rLSpQ,UgylXQYBh03l3zdHz7B4AaABAg,True,@dongfeng41,@SVPSkins 🤡🤡🤡,0,True
UgylXQYBh03l3zdHz7B4AaABAg.9lkgR8UmwmV9mVWSHBeMC4,comment,gzHLv6rLSpQ,UgylXQYBh03l3zdHz7B4AaABAg,True,@bldomain,"@SVPSkins You are butt hurt jealous of the Chinese. It shows, HAHAHA",0,True
UgwG1SxxShFpKe2mZf54AaABAg,comment,gzHLv6rLSpQ,,False,@Lion-oq3vb,China is doing Amazing 😍,5,True
UgyG8HqAGj6xjKGTrRx4AaABAg,comment,gzHLv6rLSpQ,,False,@seansewell8489,?What happen to supercar Blondie I’m always seeing you,0,True
Ugw031P7fkISpc1DAst4AaABAg,comment,gzHLv6rLSpQ,,False,@panwaritsarnsiri1745,So good I’m no money 😂😂,1,True
UgxYN-AyJdCGok4oa3h4AaABAg,comment,gzHLv6rLSpQ,,False,@Huz_Gamz,Cool,1,True
Ugwdxs7SWiKVD9B-Arp4AaABAg,comment,gzHLv6rLSpQ,,False,@haraldperryrhoden1986,I was very suprised that supercar blondie has grown a mustach!,1,True
UgwKKRYwARFtmhqb02V4AaABAg,comment,gzHLv6rLSpQ,,False,@jesusalbertogomez2678,Muy bonito saludos desde República Dominicana,3,True
UgzAUOJJKAYcDAh6GVR4AaABAg,comment,gzHLv6rLSpQ,,False,@ravipandjaitan2242,Barakallah Fiikum,1,True
Ugy4-bhXWVB5RZ4UNUF4AaABAg,comment,gzHLv6rLSpQ,,False,@sandangcobo2154,"1st time seeing this car on YouTube,  yet ""best selling car""",31,True
Ugy4-bhXWVB5RZ4UNUF4AaABAg.9lkg0zuLxpa9lkhEu9pWgy,comment,gzHLv6rLSpQ,Ugy4-bhXWVB5RZ4UNUF4AaABAg,True,@fate7186,It's a Chinese company and China has over a billion people and the country gov. Is obsessed with innovation so it makes sense,12,True
Ugy4-bhXWVB5RZ4UNUF4AaABAg.9lkg0zuLxpa9lkhPyTrkM5,comment,gzHLv6rLSpQ,Ugy4-bhXWVB5RZ4UNUF4AaABAg,True,@ZmPopVideos,Imagine 🤣😂😅,0,True
Ugy4-bhXWVB5RZ4UNUF4AaABAg.9lkg0zuLxpa9lkrHxFoajK,comment,gzHLv6rLSpQ,Ugy4-bhXWVB5RZ4UNUF4AaABAg,True,@nathanricketts1439,"😂 ain’t never seen one either but it does look nice though,, bit pricey",0,True
Ugy4-bhXWVB5RZ4UNUF4AaABAg.9lkg0zuLxpa9lktZdWFtvM,comment,gzHLv6rLSpQ,Ugy4-bhXWVB5RZ4UNUF4AaABAg,True,@EmmaNguyen-mg5xq,It is because you are ignorant and should update your information,1,True
Ugy4-bhXWVB5RZ4UNUF4AaABAg.9lkg0zuLxpa9ll9MMjwMae,comment,gzHLv6rLSpQ,Ugy4-bhXWVB5RZ4UNUF4AaABAg,True,@wkl6432,YouTube recommends videos based on your view history. This shows how isolated you are.,4,True
Ugy4-bhXWVB5RZ4UNUF4AaABAg.9lkg0zuLxpa9llmpmi3MB8,comment,gzHLv6rLSpQ,Ugy4-bhXWVB5RZ4UNUF4AaABAg,True,@carlgemlich1657,"A guy named Warren Buffett has had a large investment in this company for several years, so if you're into stocks it's a well known company.",0,True
Ugy4-bhXWVB5RZ4UNUF4AaABAg.9lkg0zuLxpa9mCwV-Y9QnW,comment,gzHLv6rLSpQ,Ugy4-bhXWVB5RZ4UNUF4AaABAg,True,@derekjon85,Bc America doesn't Import Chinese cars they have like 3 different  car companies we don't import,2,True
UgwOlNW0aycOI4Qva7t4AaABAg,comment,gzHLv6rLSpQ,,False,@silasmurigi4170,First to view 😂,1,True
Ugz1SzOeIPC36yorO9t4AaABAg,comment,gzHLv6rLSpQ,,False,@uydudanbak,x pensive,2,True
UgyaGX1Frlmg6EKg_bt4AaABAg,comment,gzHLv6rLSpQ,,False,@LilDriipo,Oook wow never even expected this 💯💯💯🤯 quite nice I'd rate it a 1000/10 💯💯💯no doubt,5,True
Ugw-lkhjqF8RKaaQyUN4AaABAg,comment,gzHLv6rLSpQ,,False,@shaunthomas3826,These comments are trash.. Are these bots,2,True
UgykJspRTPMXal2b9ZV4AaABAg,comment,gzHLv6rLSpQ,,False,@grassbloxteam,Hi,0,True
Ugy6zOCtRCMW6wZF_8J4AaABAg,comment,gzHLv6rLSpQ,,False,@findyourcar7777,Nice,1,True
UgzqP3iYDChm5MdK2h94AaABAg,comment,gzHLv6rLSpQ,,False,@BLUEWOLFOFNIGHFIRE,"Anyone who is reading this, I pray that whatever is hurting or whatever you are constantly stressing about gets better. Maybe the drinks thoughts, The overthinkg the doubt exit your mind right now. May replace. May peace and calmness fill in you're life Amen 🙏 ❤",4,True
Ugxmdfr8hlvpkm6iYZB4AaABAg,comment,gzHLv6rLSpQ,,False,@abdullahayaan7312,❤❤❤❤Nice,5,True
UgwxUso1FbDefR3E9gJ4AaABAg,comment,gzHLv6rLSpQ,,False,@ISHEANESU_U,💥💥💥💯💯 micro phone useless,2,True
UgxjqAXZElO1i5W-yZl4AaABAg,comment,gzHLv6rLSpQ,,False,@slsareeacademy4152,It's a Beautiful car,8,True
UgxI6QprOBPj_iDJ3Zt4AaABAg,comment,gzHLv6rLSpQ,,False,@AMP_2008,Ima go Vroom in that thing,3,True
Ugyzxlhvvf08uO97tSx4AaABAg,comment,gzHLv6rLSpQ,,False,@Thevigilance,"First comment💜💜❤️❤️ from Batanagar, Kolkata, India. Supercar blondie",1,True
Ugx999Xz8sQb8FpaOxN4AaABAg,comment,gzHLv6rLSpQ,,False,@nobod579,Best youtube channel,0,True
UgzyFyx91AT8f2C9L854AaABAg,comment,gzHLv6rLSpQ,,False,@MR.KAUSHAL_KING1,Okk,0,True
UgwVW4IVtb7_QT8Bu_t4AaABAg,comment,gzHLv6rLSpQ,,False,@stammakidvevo6234,First,1,True
UgwY5y3Fwy6_dFJZtNx4AaABAg,comment,gzHLv6rLSpQ,,False,@fortysecondsturn6302,32seconds here,0,True
UgyAzgkjtHxYIBEuQ8x4AaABAg,comment,gzHLv6rLSpQ,,False,@SanRangsey6,Nice,0,True
UgwFR9t-5S4qsbNfhNJ4AaABAg,comment,gzHLv6rLSpQ,,False,@saddamhussain3883,Hi SB from india,1,True
UgwFR9t-5S4qsbNfhNJ4AaABAg.9lkfd9dI0df9ll38gP_7uj,comment,gzHLv6rLSpQ,UgwFR9t-5S4qsbNfhNJ4AaABAg,True,@saddamhussain3883,TeIegram👉Supercar82 hi,0,True
Ugxr0Cfca7dp0L41hxh4AaABAg,comment,gzHLv6rLSpQ,,False,@Kingjosmel,❤❤❤,0,True
UgysbMsanMMvdr4ECKJ4AaABAg,comment,gzHLv6rLSpQ,,False,@Markevans63,No Alex once again... Im off!,1,True
UgxOhGIa8F17RmI57mN4AaABAg,comment,gzHLv6rLSpQ,,False,@pavles1770,You ar the best channel ever guys!!!,8,True
UgyIB_d1wnqZLki0JZ14AaABAg,comment,gzHLv6rLSpQ,,False,@alexandremaire7594,🇫🇷😉😏👍👌🥂,2,True
UgxtBysIRzZj4qV7ti54AaABAg,comment,gzHLv6rLSpQ,,False,@daywithsikandar,Amazing❣️❣️,10,True
UgzMWtXkBmGh-t4pFNd4AaABAg,comment,gzHLv6rLSpQ,,False,@_____-ji6gq,Hello sir I am your big fan from Nepal 🇳🇵🇳🇵,6,True
UgzMWtXkBmGh-t4pFNd4AaABAg.9lkfbxNzMy39lkgD3cWYZX,comment,gzHLv6rLSpQ,UgzMWtXkBmGh-t4pFNd4AaABAg,True,@arman_mankotia,so what ?? 😒,1,True
Ugw96bDsRK59qYgv7sp4AaABAg,comment,gzHLv6rLSpQ,,False,@Jaya-sg5eb,From India,0,True
UgwyFFpjfhzaCrj5tyh4AaABAg,comment,gzHLv6rLSpQ,,False,@Ryuk690,"So, am i the first?",0,True
UgzEJvwncNssPD4dc_94AaABAg,comment,gzHLv6rLSpQ,,False,@toxicdeadly393,Give me shout out please🙏🙏,1,True
UgxQqdH1C9Vl8YAL5Lt4AaABAg,comment,gzHLv6rLSpQ,,False,@MclarenF1Tea,Cool car hey im first comment! And like!,1,True
UgyuLAzD28m9Ja-jdW54AaABAg,comment,gzHLv6rLSpQ,,False,@abdullahshabaz3303,Nice work man,11,True
UgxeL4fmVv6mzjjW-Qp4AaABAg,comment,gzHLv6rLSpQ,,False,@joshuasadeesh1446,Hi this is the first comment,0,True
UgwMg6S3DlENRnOHNZN4AaABAg,comment,gzHLv6rLSpQ,,False,@KingJojoB,If you didn’t come from tiktok raise your hand 🤚🏽,587,True
UgwMg6S3DlENRnOHNZN4AaABAg.9lkf_qcBlL39lkfjkw_RfN,comment,gzHLv6rLSpQ,UgwMg6S3DlENRnOHNZN4AaABAg,True,@Ryuk690,✋🏽,0,True
UgwMg6S3DlENRnOHNZN4AaABAg.9lkf_qcBlL39lkg8wLj5Qr,comment,gzHLv6rLSpQ,UgwMg6S3DlENRnOHNZN4AaABAg,True,@arman_mankotia,its banned in India 😂😂😂,10,True
UgwMg6S3DlENRnOHNZN4AaABAg.9lkf_qcBlL39lkgOLNAnZR,comment,gzHLv6rLSpQ,UgwMg6S3DlENRnOHNZN4AaABAg,True,@That_Thicc_Cat,Be gone bot,4,True
UgwMg6S3DlENRnOHNZN4AaABAg.9lkf_qcBlL39lko7u52XHh,comment,gzHLv6rLSpQ,UgwMg6S3DlENRnOHNZN4AaABAg,True,@jakesteger89,I have never and will never install that shit,0,True
UgwMg6S3DlENRnOHNZN4AaABAg.9lkf_qcBlL39lm2N999gw4,comment,gzHLv6rLSpQ,UgwMg6S3DlENRnOHNZN4AaABAg,True,@jonathanpotato4574,Thumbs up if you from Bilibili😂,10,True
UgwMg6S3DlENRnOHNZN4AaABAg.9lkf_qcBlL39m29SaKaFQc,comment,gzHLv6rLSpQ,UgwMg6S3DlENRnOHNZN4AaABAg,True,@uws_kar,yarab tarzuquni bisayaarih basitah watafrihuni 😥biha wallah hilmi amtalak sayaaruh rakhisah althamana,2,True
UgwMg6S3DlENRnOHNZN4AaABAg.9lkf_qcBlL39m9sz8Np0PB,comment,gzHLv6rLSpQ,UgwMg6S3DlENRnOHNZN4AaABAg,True,@robertbduke,🤚,0,True
UgwMg6S3DlENRnOHNZN4AaABAg.9lkf_qcBlL39nKEGtBFgWx,comment,gzHLv6rLSpQ,UgwMg6S3DlENRnOHNZN4AaABAg,True,@zeray-Stulmy27,I dont like tik toke and i dont wonna use it!,3,True
UgwMg6S3DlENRnOHNZN4AaABAg.9lkf_qcBlL39nXA4CXWhDx,comment,gzHLv6rLSpQ,UgwMg6S3DlENRnOHNZN4AaABAg,True,@adamsteinmetz3223,✋,0,True
UgwMg6S3DlENRnOHNZN4AaABAg.9lkf_qcBlL39nqhG9K2kKm,comment,gzHLv6rLSpQ,UgwMg6S3DlENRnOHNZN4AaABAg,True,@jimk8520,✋,0,True
UgwMg6S3DlENRnOHNZN4AaABAg.9lkf_qcBlL39nxU4EJh16R,comment,gzHLv6rLSpQ,UgwMg6S3DlENRnOHNZN4AaABAg,True,@heaydin,🤚,0,True
UgwMg6S3DlENRnOHNZN4AaABAg.9lkf_qcBlL39oJBTb520Py,comment,gzHLv6rLSpQ,UgwMg6S3DlENRnOHNZN4AaABAg,True,@markquanwilliams,✋🏿,0,True
UgwMg6S3DlENRnOHNZN4AaABAg.9lkf_qcBlL39oJBY878imc,comment,gzHLv6rLSpQ,UgwMg6S3DlENRnOHNZN4AaABAg,True,@markquanwilliams,These things are exploding all over chine just ask laowhy86 or serpentza,0,True
UgwMg6S3DlENRnOHNZN4AaABAg.9lkf_qcBlL39oYb5Mbqaqg,comment,gzHLv6rLSpQ,UgwMg6S3DlENRnOHNZN4AaABAg,True,@takerulee9342,I not titk fans,1,True
UgwMg6S3DlENRnOHNZN4AaABAg.9lkf_qcBlL39o_5I32sQBG,comment,gzHLv6rLSpQ,UgwMg6S3DlENRnOHNZN4AaABAg,True,@nostudion1037,✋🏾,0,True
UgwMg6S3DlENRnOHNZN4AaABAg.9lkf_qcBlL39orL72ERwwH,comment,gzHLv6rLSpQ,UgwMg6S3DlENRnOHNZN4AaABAg,True,@walkingwithsandels5728,​@zeray-Stulmy27 but yet you use a clone of it😅,1,True
UgwMg6S3DlENRnOHNZN4AaABAg.9lkf_qcBlL39pI6zQzE7z7,comment,gzHLv6rLSpQ,UgwMg6S3DlENRnOHNZN4AaABAg,True,@peterwilliams7335,@zeray-Stulmy27 TikTok is the only social media that makes Americans smarter and happier.,2,True
UgwMg6S3DlENRnOHNZN4AaABAg.9lkf_qcBlL39pZKPc_SVB4,comment,gzHLv6rLSpQ,UgwMg6S3DlENRnOHNZN4AaABAg,True,@centenz5197,🤚,0,True
UgwMg6S3DlENRnOHNZN4AaABAg.9lkf_qcBlL39qMn7-DGJZn,comment,gzHLv6rLSpQ,UgwMg6S3DlENRnOHNZN4AaABAg,True,@9MNH6,✋🏼,0,True
UgwMg6S3DlENRnOHNZN4AaABAg.9lkf_qcBlL39qqNGHWy3XT,comment,gzHLv6rLSpQ,UgwMg6S3DlENRnOHNZN4AaABAg,True,@brucechow1588,🫶,0,True
UgwMg6S3DlENRnOHNZN4AaABAg.9lkf_qcBlL39qqZRMlaQAT,comment,gzHLv6rLSpQ,UgwMg6S3DlENRnOHNZN4AaABAg,True,@peterwilliams7335,"@zeray-Stulmy27 Tiktok is the only social media platform that makes Americans smarter and happier.  I don't know why the US government is so scared about it?  Definitely not about data privacy because Tiktok treats its data more secure than Facebook, Google or Instagram.  It is about Tiktok allows Americans to get to learn what they cannot on other social media platforms such as Facebook, Google, Yahoo, or Instagram.  Americans are able to get to know the world outside the US better with Tiktok.  That is what the US government does't want its people to know that.  The freedom of speech or expression in the US is conditional.  You are free to say or to hear what fits the government's agenda, else, you are not allow to or very difficult to do so.",0,True
UgwMg6S3DlENRnOHNZN4AaABAg.9lkf_qcBlL39rT4A70wk5t,comment,gzHLv6rLSpQ,UgwMg6S3DlENRnOHNZN4AaABAg,True,@finding-h4x,✋️,0,True
UgwMg6S3DlENRnOHNZN4AaABAg.9lkf_qcBlL39reVoYFYIPh,comment,gzHLv6rLSpQ,UgwMg6S3DlENRnOHNZN4AaABAg,True,@MrAnonymous53948,✌🏿✌🏿✌🏿✌🏿✌🏿,0,True
UgwMg6S3DlENRnOHNZN4AaABAg.9lkf_qcBlL39tDzJXsNX1A,comment,gzHLv6rLSpQ,UgwMg6S3DlENRnOHNZN4AaABAg,True,@dhimaskuncoro,"🤌☝️🙌

My YouTube recommendations is awesome 😍",0,True
UgwMg6S3DlENRnOHNZN4AaABAg.9lkf_qcBlL39tObV4XrpTV,comment,gzHLv6rLSpQ,UgwMg6S3DlENRnOHNZN4AaABAg,True,@刘虎-r5q,😘,0,True
UgwMg6S3DlENRnOHNZN4AaABAg.9lkf_qcBlL39tc_q89C7ze,comment,gzHLv6rLSpQ,UgwMg6S3DlENRnOHNZN4AaABAg,True,@ZlatonicBuzz,🖐️,0,True
UgwMg6S3DlENRnOHNZN4AaABAg.9lkf_qcBlL39uS9bSDbMl6,comment,gzHLv6rLSpQ,UgwMg6S3DlENRnOHNZN4AaABAg,True,@sinnaaziz1818,what's with tiktok? this car documented there too?,0,True
UgwMg6S3DlENRnOHNZN4AaABAg.9lkf_qcBlL39x_OAca08Z7,comment,gzHLv6rLSpQ,UgwMg6S3DlENRnOHNZN4AaABAg,True,@4a23ziadibnshamimsjis6,🖐🙌🤚🙋‍♀️🤨✋️🙌,0,True
UgwMg6S3DlENRnOHNZN4AaABAg.9lkf_qcBlL39z9Grhn0nE3,comment,gzHLv6rLSpQ,UgwMg6S3DlENRnOHNZN4AaABAg,True,@NoobMaaz,✋🖐️,0,True
UgwMg6S3DlENRnOHNZN4AaABAg.9lkf_qcBlL3A-B3v1OwDOZ,comment,gzHLv6rLSpQ,UgwMg6S3DlENRnOHNZN4AaABAg,True,@the_1999_kid,Bruh I'm from India we don't even allow the app in the market not anymore,0,True
UgwMg6S3DlENRnOHNZN4AaABAg.9lkf_qcBlL3A-QViJ-QbJi,comment,gzHLv6rLSpQ,UgwMg6S3DlENRnOHNZN4AaABAg,True,@evergreens92,I don't even have the app downloaded or type the name out so the algorithm doesn't chase me. Delete it.,0,True
UgwMg6S3DlENRnOHNZN4AaABAg.9lkf_qcBlL3A4PIpwVJnv1,comment,gzHLv6rLSpQ,UgwMg6S3DlENRnOHNZN4AaABAg,True,@iamsheila9602,🙌,0,True
UgwMg6S3DlENRnOHNZN4AaABAg.9lkf_qcBlL3A5JcmU0xMKo,comment,gzHLv6rLSpQ,UgwMg6S3DlENRnOHNZN4AaABAg,True,@fareedahmed1,✋️,0,True
UgwMg6S3DlENRnOHNZN4AaABAg.9lkf_qcBlL3AAMh_FLgW75,comment,gzHLv6rLSpQ,UgwMg6S3DlENRnOHNZN4AaABAg,True,@818Cali_Tali,🤚🏻,0,True
UgwMg6S3DlENRnOHNZN4AaABAg.9lkf_qcBlL3ADrnmtITLfJ,comment,gzHLv6rLSpQ,UgwMg6S3DlENRnOHNZN4AaABAg,True,@OdotRIH4KRC,🙌🏾,0,True
UgwMg6S3DlENRnOHNZN4AaABAg.9lkf_qcBlL3AFxH_aqHxgQ,comment,gzHLv6rLSpQ,UgwMg6S3DlENRnOHNZN4AaABAg,True,@threeRedDots,"Who cares?
You're not ""better"" because you were referred from a specific site. 
This is childish.",0,True
UgwMg6S3DlENRnOHNZN4AaABAg.9lkf_qcBlL3AIysmtBn8KP,comment,gzHLv6rLSpQ,UgwMg6S3DlENRnOHNZN4AaABAg,True,@lelacalhoun8362,🤚,0,True
Ugy2f5Af5R1gEHFy0Kx4AaABAg,comment,gzHLv6rLSpQ,,False,@arta3857,😢😢😢😢😢😢,0,True
UgzIm7ApXjRDuXEqRGt4AaABAg,comment,gzHLv6rLSpQ,,False,@__theo__566,Dope,2,True
UgxHxTUYQnuNzMhJGVh4AaABAg,comment,gzHLv6rLSpQ,,False,@Umer5469,Hi,0,True
UgzPiuyLfFqc_Fo1Z_R4AaABAg,comment,gzHLv6rLSpQ,,False,@goljaKK,First,0,True
