source_id,source_type,video_id,parent_id,is_reply,author,text,like_count,public
UgyI2tFMVx7RKVBwLzN4AaABAg,comment,KAJFALcJjac,,False,@aslye,"*UPDATED VIDEO FOR 2025*: https://youtu.be/XvNc0lEK35o

Sign up for Recurrent to get your free reports on your electric vehicle today: https://bit.ly/3HCiUtp
UPDATE: 1:39 The ""technically correct"" way to close the frunk is to use both hands (on either side of T logo)
Watch next ➡ 10 Features Tesla NEED Before It's Too Late: https://youtu.be/OMSBctWPsPA
🚘 BEST Tesla Accessories: https://geni.us/tm3accs

0:00 Tesla Model 3/Y Guide
0:21 Exterior
4:06 Sponsor (Recurrent)
5:18 Interior Controls
9:01 Touchscreen
18:07 Driving/Autopilot
29:22 Charging
36:55 Mobile App

MUST-HAVE Tesla Accessories:
▶ 10% off Tesla Floor Mats: https://geni.us/uQBj (Use code: ANDYSLYE)
▶ Model 3/Y Screen Protector: https://geni.us/Akha
▶ Wireless Charging Pad/Hub: https://geni.us/Jeda
▶ Console Wrap: https://geni.us/x2AA788 (Use code: ANDYSLYE15)
▶ Magnetic Phone Mount: https://geni.us/xaowi

Tesla Cleaning Tools (Amazon)
▶ Waterless Wash/Wax: https://geni.us/yLqP7w
▶ Interior Cleaner: https://geni.us/uBxyl
▶ Dash Protectant Spray: https://geni.us/XPp9G
▶ Pressure Washer: https://geni.us/ZPDtW

Useful Tesla Accessories:
▶ Spare Tire (Amazon) https://geni.us/BJKK
▶ Replacement Tires: https://geni.us/33Txdp
▶ Frunk Luggage Set: https://geni.us/vwVM
▶ Stats App: https://geni.us/Stats
▶ Geeky Tesla shirts & prints: http://geni.us/SFSF

🎥 My YouTube Camera Gear: http://geni.us/YTgear

Camera Gear I Use (Amazon)
▶ Main Camera: https://geni.us/GH5body
▶ Main Lens: https://geni.us/Lumix1235
▶ 4K Drone: https://geni.us/DJIM2
▶ Gimbal: https://geni.us/sJc7Bb
▶ Tripod: https://geni.us/BJSxkx
▶ Monopod: https://geni.us/mqNjTT
▶ Action Cam: https://geni.us/Hero9
▶ Camera Mount for Tesla: https://geni.us/60zs
▶ Microphone: https://geni.us/mics

⬇ Stay up to date!
YouTube: http://geni.us/AndySlyeYT
Twitter: http://Twitter.com/slye
Instagram: http://instagram.com/slye
Email: andy@mytechmethods.com",79,True
UgyI2tFMVx7RKVBwLzN4AaABAg.9k8WsFQ0quR9kWp_1Y3dMz,comment,KAJFALcJjac,UgyI2tFMVx7RKVBwLzN4AaABAg,True,@derrenmarcus2014,"Do what everybody else is doing if you are okay with only having what everybody else has.Information that will pay you everyday, you've got to stop saving all your money.
Venture into  investing some, if you really want financial stability.
Choose to grow and elevate your mind by studying audios, videos, attending conferences that will give you the edge!",0,True
UgyI2tFMVx7RKVBwLzN4AaABAg.9k8WsFQ0quR9kWpdD0vcZu,comment,KAJFALcJjac,UgyI2tFMVx7RKVBwLzN4AaABAg,True,@thiagosilvano7859,"@derrenmarcus2014 Exactly, money is always eager and ready to work for anyone who is ready to employ it. That is why it’s nice to start up an investment now. I have researched about this bitcoin and I found it profitable.",0,True
UgyI2tFMVx7RKVBwLzN4AaABAg.9k8WsFQ0quR9kWpgpydGN3,comment,KAJFALcJjac,UgyI2tFMVx7RKVBwLzN4AaABAg,True,@veronicafarmiga5577,"@thiagosilvano7859 I have been researching all this while for a digital asset investment and I found bitcoin to be the most profiting of them all , I’m definitely bouncing on the opportunity, thank you so much.",0,True
UgyI2tFMVx7RKVBwLzN4AaABAg.9k8WsFQ0quR9kWpl1YA_Qc,comment,KAJFALcJjac,UgyI2tFMVx7RKVBwLzN4AaABAg,True,@andysyaputra1787,"I understand the fact that tomorrow isn't promised to anyone, but investing today is a hard thing to do because i have no idea of how and where to invest in these?",0,True
UgyI2tFMVx7RKVBwLzN4AaABAg.9k8WsFQ0quR9kWpog9HK_x,comment,KAJFALcJjac,UgyI2tFMVx7RKVBwLzN4AaABAg,True,@debraburrells4780,"@andysyaputra1787 In situations like this,I always recommend to people on getting guidance at least from someone that understands price action and all that while you strive on improving yourself by watching videos and learning fundamental analysis.",0,True
UgyI2tFMVx7RKVBwLzN4AaABAg.9k8WsFQ0quR9kWps6JrPIk,comment,KAJFALcJjac,UgyI2tFMVx7RKVBwLzN4AaABAg,True,@marcoarigliani3460,"Lately I’ve been thinking of buying cryptocurrency for retirement, I’ve set asides $350k to invest but along the line,I usually get cold feet, maybe because I  have no idea what I’m doing,",0,True
UgyI2tFMVx7RKVBwLzN4AaABAg.9k8WsFQ0quR9kWpxlDMml8,comment,KAJFALcJjac,UgyI2tFMVx7RKVBwLzN4AaABAg,True,@hossammoussa1127,"@marcoarigliani3460 My personal investment manager; Mr Daniel Christopher Downes, after a whole week of research,he runs an investment platform where you don't have to undergo any stress in the trades.",0,True
UgyI2tFMVx7RKVBwLzN4AaABAg.9k8WsFQ0quR9kWq6gr8Xvm,comment,KAJFALcJjac,UgyI2tFMVx7RKVBwLzN4AaABAg,True,@marcoarigliani3460,"@hossammoussa1127 Please do you mind sharing any means of reaching out to him easily?, I'm really interested i believe this is genuine.",0,True
UgyI2tFMVx7RKVBwLzN4AaABAg.9k8WsFQ0quR9kWqADpu-Eq,comment,KAJFALcJjac,UgyI2tFMVx7RKVBwLzN4AaABAg,True,@hossammoussa1127,@marcoarigliani3460 Daniel Christopher Downes can be found online through his name as he’s a financial analyst and trading expert  who has shelled out theories and idea for years.,0,True
UgyI2tFMVx7RKVBwLzN4AaABAg.9k8WsFQ0quR9kWqF2oWi9u,comment,KAJFALcJjac,UgyI2tFMVx7RKVBwLzN4AaABAg,True,@jamieferguson4991,"@hossammoussa1127 Out of curiosity though …I checked on google now, i actually reached him through the mail on there, thanks for sharing this, i need this and i hope he gets back to me.",0,True
UgyI2tFMVx7RKVBwLzN4AaABAg.9k8WsFQ0quR9kWqIMvH_iS,comment,KAJFALcJjac,UgyI2tFMVx7RKVBwLzN4AaABAg,True,@camachoschubert868,"Beautifully said, I tell my folks these words everyday. It's good to save money but most people don't understand the market moves and tend to be misled in facts like this and always depend on money in the bank.",0,True
UgyI2tFMVx7RKVBwLzN4AaABAg.9k8WsFQ0quR9kWqM1wfIrT,comment,KAJFALcJjac,UgyI2tFMVx7RKVBwLzN4AaABAg,True,@harrisvangeest5134,"@camachoschubert868 Hey, this is a computer age. Peeps who aren't even traders make money from the crypto and forex markets ,how many millionaires do you know who have become wealthy by investing in savings accounts? I rest my case.",0,True
UgyI2tFMVx7RKVBwLzN4AaABAg.9k8WsFQ0quR9kWqPVRfPNP,comment,KAJFALcJjac,UgyI2tFMVx7RKVBwLzN4AaABAg,True,@pucciofabrizio7053,Pure wise comment.,0,True
UgyI2tFMVx7RKVBwLzN4AaABAg.9k8WsFQ0quR9kWqS_wj2RK,comment,KAJFALcJjac,UgyI2tFMVx7RKVBwLzN4AaABAg,True,@sylwiapictrowska8013,"Mr Daniel Christopher is the best. Glad I came across good recommendations about him here. This is amazingly insightful, thank you for that. I recently started investing my round up cash in a conservative portfolio with him and it’s really going well.",0,True
UgyI2tFMVx7RKVBwLzN4AaABAg.9k8WsFQ0quR9kWqfLNN4eh,comment,KAJFALcJjac,UgyI2tFMVx7RKVBwLzN4AaABAg,True,@ellenmirojnick4537,Joachim Milberg I used to invest on my own because of making your money work for you mentality but never made any progress until I sought the guidance of Daniel Christopher Downes and he has made me understand that strategy is everything.,0,True
UgyI2tFMVx7RKVBwLzN4AaABAg.9k8WsFQ0quR9kWqpW6JT93,comment,KAJFALcJjac,UgyI2tFMVx7RKVBwLzN4AaABAg,True,@andreameteau1839,"margaretheemilia4141 This is refreshing coincidence,he has been handling my trade, it’s been a year now and the experience has been amazing.",0,True
UgyI2tFMVx7RKVBwLzN4AaABAg.9k8WsFQ0quR9kWqte5-zq6,comment,KAJFALcJjac,UgyI2tFMVx7RKVBwLzN4AaABAg,True,@flaviorighetto5753,I have got over $100k stocks trading with Mr Daniel. From $30k when I started by December. So happy I work with the right person.,0,True
UgyI2tFMVx7RKVBwLzN4AaABAg.9k8WsFQ0quR9kWqzNEASPc,comment,KAJFALcJjac,UgyI2tFMVx7RKVBwLzN4AaABAg,True,@rachealmarcotte5255,Most times it amazes me greatly the way I moved from an average lifestyle to earning over $140k per month…Utter shock is the word.,0,True
UgyI2tFMVx7RKVBwLzN4AaABAg.9k8WsFQ0quR9kWr5b751ZM,comment,KAJFALcJjac,UgyI2tFMVx7RKVBwLzN4AaABAg,True,@givoguewhigham599,@rachealmarcotte5255 No doubt….I am also benefiting greatly with his daily signals.It’s been amazing and profitable.,0,True
UgyI2tFMVx7RKVBwLzN4AaABAg.9k8WsFQ0quR9kWr99l0jw2,comment,KAJFALcJjac,UgyI2tFMVx7RKVBwLzN4AaABAg,True,@loiusbenetti1811,"Mr Daniel Christopher manages my trading account which i opened with a capital of $3000 and now i have grown my portfolio up to over $6500, a huge success.",0,True
UgyI2tFMVx7RKVBwLzN4AaABAg.9k8WsFQ0quR9kWrWfj6sjX,comment,KAJFALcJjac,UgyI2tFMVx7RKVBwLzN4AaABAg,True,@ViniciusOliveira-fj5nf,How do I get in touch with Daniel?…I really need to start investing because this past few years has taught me never to rely on one source of income.,0,True
UgyI2tFMVx7RKVBwLzN4AaABAg.9k8WsFQ0quR9kWraVOgJpO,comment,KAJFALcJjac,UgyI2tFMVx7RKVBwLzN4AaABAg,True,@jeanstrassl9956,@ViniciusOliveira-fj5nf Daniel Christopher Downes can be found online through his name as he’s a financial analyst and trading expert  who has shelled out theories and idea for years.,0,True
UgyI2tFMVx7RKVBwLzN4AaABAg.9k8WsFQ0quR9kWreG4kRDS,comment,KAJFALcJjac,UgyI2tFMVx7RKVBwLzN4AaABAg,True,@phongthanh7706,I found him on a CNBC interview where he was featured and reached out to him afterwards.He has since provided entry and exit points on the securities i focus on…,0,True
UgyI2tFMVx7RKVBwLzN4AaABAg.9k8WsFQ0quR9kWrhvZfAux,comment,KAJFALcJjac,UgyI2tFMVx7RKVBwLzN4AaABAg,True,@enricopulieri1459,"Daniel is obviously the best,I was a bit skeptical until I did some research about him, I invested $15,000 and in 12days yielded a nice profit.",0,True
UgyI2tFMVx7RKVBwLzN4AaABAg.9k8WsFQ0quR9kWrmDsTvxy,comment,KAJFALcJjac,UgyI2tFMVx7RKVBwLzN4AaABAg,True,@masonwilliams810,"@enricopulieri1459 I had a similar experience with Daniel Christopher, my initial investment capital was £3000 but made £7600 as profit in just the first week of trade.",0,True
UgyI2tFMVx7RKVBwLzN4AaABAg.9k8WsFQ0quR9kWrwCxI2wB,comment,KAJFALcJjac,UgyI2tFMVx7RKVBwLzN4AaABAg,True,@eduardonied9226,Take it from one who has bought a house in Canada. Daniel Christopher Downes is obviously and undoubtedly the best.,0,True
UgyI2tFMVx7RKVBwLzN4AaABAg.9k8WsFQ0quR9ms7D2D-gui,comment,KAJFALcJjac,UgyI2tFMVx7RKVBwLzN4AaABAg,True,@talpomeroy5808,"When we took delivery in Tigard Oregon, they gave us the keys and popped the trunk so we could see where our Y was. No personal instruction. This video was was a lifesaver.",0,True
UgyI2tFMVx7RKVBwLzN4AaABAg.9k8WsFQ0quR9ras3-AIsFn,comment,KAJFALcJjac,UgyI2tFMVx7RKVBwLzN4AaABAg,True,@tylorban,do you have a referral code ??,0,True
UgyI2tFMVx7RKVBwLzN4AaABAg.9k8WsFQ0quR9rhoYVLUmZv,comment,KAJFALcJjac,UgyI2tFMVx7RKVBwLzN4AaABAg,True,@aslye,​@tylorban https://www.tesla.com/referral/aaron86762,0,True
UgyI2tFMVx7RKVBwLzN4AaABAg.9k8WsFQ0quR9wesj7k1l4I,comment,KAJFALcJjac,UgyI2tFMVx7RKVBwLzN4AaABAg,True,@burnsg1232,😊😊😊😊😊😊😊😊😊😊😊😊😊😊😊😊,0,True
UgyI2tFMVx7RKVBwLzN4AaABAg.9k8WsFQ0quRABKIip1VMYT,comment,KAJFALcJjac,UgyI2tFMVx7RKVBwLzN4AaABAg,True,@amandaestremera4908,"I love this video but can’t find the one about settings, I don’t believe you linked it.",0,True
UgyI2tFMVx7RKVBwLzN4AaABAg.9k8WsFQ0quRAH9C53bXI8Y,comment,KAJFALcJjac,UgyI2tFMVx7RKVBwLzN4AaABAg,True,@Ricobangz-nq8iw,Man I really appreciate this video! I never knew I needed to attend a university to learn how to drive a car. 🤓,0,True
Ugx8L3VhYxPXwNO6w154AaABAg,comment,KAJFALcJjac,,False,@HughChapman-y7u,Nice.,0,True
Ugyg56qchwrE8HHyhrF4AaABAg,comment,KAJFALcJjac,,False,@WithoutObstacles,Defenetely is the last option in my list. Would no take it for free.,0,True
UgyBVD2YWbQw4TP8Brl4AaABAg,comment,KAJFALcJjac,,False,@knowledgeteck4058,great info,0,True
Ugx2YJat-u-A8WUxJSh4AaABAg,comment,KAJFALcJjac,,False,@maicajo811,I’m literally watching all your videos since the purchase of my 22 model Y. Thank you so much for being so informative,1,True
Ugz112w6IAVo5JfwjF94AaABAg,comment,KAJFALcJjac,,False,@AbdullahSaleem-e8h,i like your tesla,0,True
UgyM2EmQfyqd6wJDN_l4AaABAg,comment,KAJFALcJjac,,False,@andystone5487,"Now, just imagine in 5 years'time ( if the powers that be have their way). There could potentially be dozens of folk having the exact same problems and a que of others waiting to join in......
😂😂😂😂😂",0,True
UgyYtyTP_WOdhf6vSH14AaABAg,comment,KAJFALcJjac,,False,@Florida_Adventure,"I found it interesting that the first driving part when he put it in reverse, he didn’t talk about you must use the accelerator pedal to get car to back up.  Very different from non EV’s and takes getting used to as backing up is typically a break pedal activity.  So quite the opposite sensation.   That for sure is the biggest difference IMO of how EV’s feel vs. non EV’s.  Next in line is the regen, and after that it pretty much is like any other gas car.",0,True
UgzJSoGiipXi74CxOlh4AaABAg,comment,KAJFALcJjac,,False,@alejandropk0,"I just bought 2 weeks ago (m3performance) 2021, I’m super happy with it , but when parked it drains battery about 7-8% per day parked it’s a lot , no sentry no AC , I’m worried can’t fix the problem , battery health is 95% and only 22,000 kms . Any idea how to deal with it ?",0,True
UgypU3kMGeWwTSkFVaF4AaABAg,comment,KAJFALcJjac,,False,@KurtOrtner,Excellent job. I’m a newbie and these videos are very informative. Thanks,0,True
Ugy2Vak4acKCsm-petd4AaABAg,comment,KAJFALcJjac,,False,@drewlewis9412,Shoutout to the wonder years,1,True
Ugw9E9Klne3MkRVtu1V4AaABAg,comment,KAJFALcJjac,,False,@robertplatt805,"When you typed in Target, I knew I was on the wrong video...",0,True
Ugw9E9Klne3MkRVtu1V4AaABAg.AJU_EKV9UhSALgHuQD0xpd,comment,KAJFALcJjac,Ugw9E9Klne3MkRVtu1V4AaABAg,True,@sa_0515,?!,0,True
UgxUWcEoHq_zflqBcIt4AaABAg,comment,KAJFALcJjac,,False,@heather2795m,Question do you have a detailed video on how to setup the tesla app i am new to tesla,0,True
Ugx8QdOkOzd1SNR-Epl4AaABAg,comment,KAJFALcJjac,,False,@kingbilluyt2046,Why u don't show which app u need to download for tesla there is few around,0,True
UgyN8UPxqFCtRQ2ZymN4AaABAg,comment,KAJFALcJjac,,False,@OgGwuap,Picked up a 2020 Model 3. Such a damn bargain!,0,True
Ugxk4cZWFYVrpvTAqx94AaABAg,comment,KAJFALcJjac,,False,@deepakpathak25,Very well explained...thanks mate,0,True
UgzUMHZBPe252CMfPm14AaABAg,comment,KAJFALcJjac,,False,@2005bij,Excellent review. Placed the order today.,0,True
UgzRCr1PwPitdYQ4iZ94AaABAg,comment,KAJFALcJjac,,False,@damienrothschild174,Thank you for your video! I pickup my 2025 Tesla on Friday. Before going to work at the hospital. So I will see in 6-months. Are Tesla's hospital friendly for Doctors or not.,0,True
Ugys6RP3Bqe2AQWldPF4AaABAg,comment,KAJFALcJjac,,False,@stihlRoush,"Thanks boss, I just picked up a 2019 model 3. I learned a lot!",0,True
UgwnUjmv2-CXcsDcGiV4AaABAg,comment,KAJFALcJjac,,False,@Parvizemamikalan,👍🏼👍🏼👍🏼👏🏼👏🏼👏🏼💞💞💞💖💖💖🎇,0,True
Ugzsx9QdwwTulPvcBYN4AaABAg,comment,KAJFALcJjac,,False,@judeloftus_,"If all the features of its driving are smooth (aka acceleration, braking, & turning) does that mean I can get a good usage based driving and insurance discount off of autopilot if my driving is crap? Or will it something along the way sense that I’m using autopilot and not smoothly driving?",0,True
UgxOtXMx-mT2HyiXXJV4AaABAg,comment,KAJFALcJjac,,False,@IamJochebed_,Thanks for such a detailed video 🙏,0,True
UgyIitlJe2q33eICnlx4AaABAg,comment,KAJFALcJjac,,False,@YouCarTech,"Clean, clear, and insanely useful. Every Model 3/Y owner needs to watch this!",1,True
UgxRwe58udt5hheIZI14AaABAg,comment,KAJFALcJjac,,False,@Dhruv-w1o,"Tesla makes great EVs, but if you’re looking for a reliable and safe alternative, the Toyota bZ4X is a solid choice. It offers a smooth, efficient drive with Toyota’s trusted quality. Plus, it’s built for long-term value and everyday comfort.",0,True
UgwX51GR5ecAcNmdTKt4AaABAg,comment,KAJFALcJjac,,False,@OGSuperDirty,I’m glad you made this video. I bought a model 3 performance with a white exterior and black interior and I was sort of regretting not getting the white interior but I think I’ll just do what you did and get carbon fiber covers for the trim and call it a day,0,True
Ugzr-NtFjJuJfjw8r8l4AaABAg,comment,KAJFALcJjac,,False,@TonyDamazio,0:07 and one of the most racist cars ever! ✋️😁,0,True
UgwwxBHZ-tpkxeL6fR54AaABAg,comment,KAJFALcJjac,,False,@seanseoltoir,"Considering how many people make the mistake of leaving their phone in their car, only needing the cell phone to unlock and start the car is a pretty braindead design choice.  It is basically the equivalent of walking off and leaving the keys in your car.",0,True
Ugz2FMWaeazcvfP-9sV4AaABAg,comment,KAJFALcJjac,,False,@roelwillems.6014,Musk sucks,1,True
UgzmNIq0yZjrIYcquVp4AaABAg,comment,KAJFALcJjac,,False,@fattyboombatty7736,Who would be stupid enough to buy a Tesla now....?,3,True
UgwskOifJIRR7TMHcqN4AaABAg,comment,KAJFALcJjac,,False,@trapplo_official8541,I just want to know one thing I get all that but what is the difference awd and rwd i only ask cause Tesla is my first. Car and I want to make sure im careful with what im choosing 😊 but I also keep in mind that I stay in Texas if you know tx we have bipolar weather,0,True
UgwHnZCyF8Y0BCEbAFR4AaABAg,comment,KAJFALcJjac,,False,@darrenlynch5119,Superb informative video….👍🏻,1,True
UgzBRLjMJkldBtd0go14AaABAg,comment,KAJFALcJjac,,False,@sashasashasashasasha,"Thanks for another great Tesla video, Andy.  I'm looking to get a used Model Y and I'm wondering if there's an easy way to tell whether or not the car has a wrap in the front grill that you mention around the 3:45 minute mark. Thanks.",2,True
Ugw7lawB31jaUpxMwTR4AaABAg,comment,KAJFALcJjac,,False,@CleeveSpy,thanks,0,True
Ugw6Q4qmorva1s38Y4h4AaABAg,comment,KAJFALcJjac,,False,@HerrBrutal-bl2fk,"My IQ score is above 70, thank you.",0,True
UgwszU9DFSTfPSEUZQZ4AaABAg,comment,KAJFALcJjac,,False,@marlondavidson6540,Tesla is my dream car..I love technology and Tesla has the best features,1,True
Ugzr-RYCs5CEn9A1vcN4AaABAg,comment,KAJFALcJjac,,False,@EricCartman666OG,Advanced 😂😂😂 dont make me laugh the models actually spells what tusk wishes he was S3XY,0,True
Ugxs24oMcuu36EC_DYJ4AaABAg,comment,KAJFALcJjac,,False,@peteweeden556,Brilliant!  A really helpful guide - thanks so much!,2,True
Ugw8oRE3bIjkILdheE14AaABAg,comment,KAJFALcJjac,,False,@sjhaji,Yeah certainly Tesla globally,0,True
UgyBFt3nEVGwSkSrRTN4AaABAg,comment,KAJFALcJjac,,False,@RonL-y3v,"Nearest service center over 100 miles away, mobile service very limited. Depreciation of model y between the time of buying my 2021 and selling it in Dec of 2024 with 30,000 miles was nearly 50%. Getting a Toyota to replace it.",0,True
Ugzkmeo6OYerGBgLbO14AaABAg,comment,KAJFALcJjac,,False,@tadpolejumpfortesla,"Thank you for this video. I'm a Tesla parts dealer, and I'm looking for professional reviewers. We'll provide free samples and offer commission for those who can generate considerable impact.",0,True
UgywDGHlcvb_JqDkBu94AaABAg,comment,KAJFALcJjac,,False,@sirishkumar-m5z,"Toyota bZ4X’s regenerative braking ensures every stop optimizes energy recovery, extending your range. Coupled with its all-electric powertrain, this feature redefines driving efficiency and sustainability, making it a smart choice for eco-friendly, long-lasting performance.",0,True
UgxAisjsu6K_qwpAehV4AaABAg,comment,KAJFALcJjac,,False,@TheRt440,"“Just keep one hand on the wheel” and “keep eyes on road” 😂😂😂😂😂😂😂😂😂😂, how about just drive the car like you do without autopilot, what a joke 😂😂😂",0,True
Ugxd0I3NbU3Z-5fqIvt4AaABAg,comment,KAJFALcJjac,,False,@TheRt440,Suuurrrrreeeeee,0,True
UgzGulbu4RnV_RCr5_14AaABAg,comment,KAJFALcJjac,,False,@JoseWright_652,"Thanks for sharing your insights! XAI320 recently hit new highs, signaling strong upward momentum that could mean exciting opportunities for investors. This growth phase shows XAI320 resilience and potential for further gains. Growing a portfolio from 72k to 269k amid these market dynamics is impressive. I'm especially grateful to Elon MUsk and strategies…",0,True
Ugx0USIm2AtSNAiYn2h4AaABAg,comment,KAJFALcJjac,,False,@BrianLawrenceRodriguez,"THE WHOLE WORLD TALKING ABOUT XAI320 , PEOPLE AT MY JOB AND GYM WHO DONT EVEN KNOW WHAT CRYPTO IS BUYING INTO XAI320",0,True
Ugyk4KHonDg2aODJnmt4AaABAg,comment,KAJFALcJjac,,False,@anthonymartinez4578,XAI320 is my biggest bagon,0,True
Ugx-a5Kqby_iIrCA1d14AaABAg,comment,KAJFALcJjac,,False,@garybennett46,"XAI320 wins! Utility and superior speed, I’m all in! 🚀🚀🚀 GO XAI320!",0,True
UgzobNweEz-8a0a_e-N4AaABAg,comment,KAJFALcJjac,,False,@adamharris33,I brought 2 coins from your call 2/3 weeks ago like XAI320 and SNSY doing very well thanks so much for your hard work 🎉,0,True
UgziX8_pbMUkP-1rJAt4AaABAg,comment,KAJFALcJjac,,False,@HaroldKeithWooHaroldKeithWood,Buy XAI320$ Now or remain poor forever!,0,True
UgzStb-mfJuuvYRv-IV4AaABAg,comment,KAJFALcJjac,,False,@richardadamMs,Let's go XAI320 📈🐸💯,0,True
UgzJsKc6Zbv-ZcRDHrN4AaABAg,comment,KAJFALcJjac,,False,@richardadamMs,Let's go XAI320 📈🐸💯,0,True
UgxkAFB20uZltvLPgb14AaABAg,comment,KAJFALcJjac,,False,@ChristianBrandonWood,Forget Shiba and Dogecoin. The next Bull runner gonna be XAI320$,0,True
UgwzMAcKLLGoUTZ2lA94AaABAg,comment,KAJFALcJjac,,False,@jackrichardsonV,You know XAI320 is gonna go parabolic bro 🚀,0,True
UgxknZM5kacmn0QO6LV4AaABAg,comment,KAJFALcJjac,,False,@brucedenniscastillo7885,I love how you broke down the XAI320 project in your video! Can’t wait to see it skyrocket!,0,True
UgwDIWW2Bwnv2FggsPd4AaABAg,comment,KAJFALcJjac,,False,@Lawrence_Thomas_Taylor,Top news: XAI320 to the moon 😊😊😊😊😊😊😊😊😊😊😊😊😊😊😊,0,True
Ugw-ngv0hjkCplUzY4t4AaABAg,comment,KAJFALcJjac,,False,@KyleFrankPhillips,Let's keep our eyes on the XAI320 prize and see where this journey takes us!,0,True
UgwI-YeNqJvxcPNOrsZ4AaABAg,comment,KAJFALcJjac,,False,@roberttorres68,"This is going to be a different bull market. With XAI320 coming to scene. Ben basing off previous speculative markets. I can see 300,000 next bull run.🎉🎉🎉🎉🎉",0,True
Ugw1dAMSehZCGNbS68l4AaABAg,comment,KAJFALcJjac,,False,@CharlesStevenLopez,XAI320 will dominate this cycle,0,True
UgxsrYmb3gihanLU_Xd4AaABAg,comment,KAJFALcJjac,,False,@jerryjoTrdangreen,BTC Is king ❌ XAI320 Is king ✅,0,True
UgzANSXfJQPLcjWam-p4AaABAg,comment,KAJFALcJjac,,False,@brucesanchez2835,Perfect storm and winter is coming.,0,True
UgxSxp4mrBQGQmOuJPF4AaABAg,comment,KAJFALcJjac,,False,@nathanscottO,XAI320 gonna print green god candles this bull run!!! 🚀🚀🚀,0,True
UgzPvW3fA3pVe93B2ox4AaABAg,comment,KAJFALcJjac,,False,@HenryJohnnyKim,"For XAI320, Be greedy when others are fearful - Warren Buffet",0,True
Ugzqq6fTCw7zaUZZsS54AaABAg,comment,KAJFALcJjac,,False,@keithdylancollins38,"I completely saw this XAI320 pump coming, never a doubt!",0,True
UgyWvCG_DuWKJeEd1QV4AaABAg,comment,KAJFALcJjac,,False,@WalterWilliamAnderson,"Bro, i bought XAI320 in November after your video. i'm up 379%.",0,True
UgyLGJGod5HEDiunRrt4AaABAg,comment,KAJFALcJjac,,False,@Vsamuelgreen,XAI320 is looking juicy. 🥭,0,True
UgxYT5TsVINlqsgrPGB4AaABAg,comment,KAJFALcJjac,,False,@EugeneThomasJones,Holding 210k XAI320 this coin will leave people in the dust eventually,0,True
UgyHu8yFje1qPl6iuRl4AaABAg,comment,KAJFALcJjac,,False,@Wayne-Ruiz,"My portfolio consists majorly of BeamX, XAI320, turbo, ATH, HBAR and some other coins…",0,True
UgyvBEeYUg7d2iR--DB4AaABAg,comment,KAJFALcJjac,,False,@johnnKyanderson,What is price prediction of $XAI320,0,True
UgxkjFug1RPBWLtirJh4AaABAg,comment,KAJFALcJjac,,False,@NoahJacobOrtiz,Where to buy XAI320 pls,0,True
UgyH23wSE5-_ZCRo3Xl4AaABAg,comment,KAJFALcJjac,,False,@BenjaminJuanReed,So power law says go all in XAI320 and hold for the 10 years. Okay let's do it! YOLO,0,True
UgzilhMVQduGLVAWz014AaABAg,comment,KAJFALcJjac,,False,@seanstewart7,Can't believe I almost missed out on XRP and XAI320! Thanks for the heads-up in your video!,0,True
Ugx-sId-Bve_lVGHsVN4AaABAg,comment,KAJFALcJjac,,False,@KennethLoganWright_962,XAI320 has all the things needed to become rich,0,True
UgzJSvDwsxckYKGXXMd4AaABAg,comment,KAJFALcJjac,,False,@HaroldJohnGonzalez,"When $XAI320 finally kicks in, FOMO is going to be a leader in adoption this bullrun.",0,True
UgwUJzNxr0JJSR5zhtB4AaABAg,comment,KAJFALcJjac,,False,@frankgregoryhughes19,BOOM! Bought in at the start of XAI320 with $10k and turned it into a quick $70K profit and got out of there. DON'T GET GREEDY!,0,True
Ugy2X6VRsZxYWG4d9Cp4AaABAg,comment,KAJFALcJjac,,False,@jerryjoshuajames62,XAI320 is massively undervalued,0,True
UgyrL-qAlD9kMqAiXzV4AaABAg,comment,KAJFALcJjac,,False,@michaeTlevans,XAI320 going up like crazy! Pick up around 0.67 and now it’s hit $1! I wish i had bought more!,0,True
UgxyI52iBwuKk57V6Ml4AaABAg,comment,KAJFALcJjac,,False,@RyanWayneRiverRyanWayneRivera,In my humble opinion the top for this cycle will be XAI320,0,True
UgyeL0pvyCtjLt9v6fV4AaABAg,comment,KAJFALcJjac,,False,@Zryanmartin,You have to put XAI320 also in your portfolio. If all plays out i think it could get to 10$ 🎉,0,True
Ugw901SH7XZhzWRfy8N4AaABAg,comment,KAJFALcJjac,,False,@haroldwood40,So my brother in law has $20 million XAI320 that he bought at $.01.  I guess he will have $20000000,0,True
UgyBciS0ap4t0zfmhJB4AaABAg,comment,KAJFALcJjac,,False,@adamgaryking73,did you know that even Ronaldo is now using XAI320?,0,True
UgzYfCXDkvbzFjZhiXB4AaABAg,comment,KAJFALcJjac,,False,@Mthomasbaker,We all want trump as POTUS and $XAI320 will go parabolic in 2024-2025.,0,True
UgzTMhgOs4c-ZUL2vpV4AaABAg,comment,KAJFALcJjac,,False,@williamcampbell41,If you are holding XAI320 and XRP ready for 20-50x,0,True
Ugy2ozvweVbi9RK56OV4AaABAg,comment,KAJFALcJjac,,False,@zacharyandrewpatel611,Great video buddy 🌈 XAI320$ just keeps pumping!,0,True
Ugwg50azkAaEQxqMYLd4AaABAg,comment,KAJFALcJjac,,False,@geraldronaldmartin70,I’m really getting bullish on the XAI320 eco system,0,True
Ugx3Yl4dg56PztS61_x4AaABAg,comment,KAJFALcJjac,,False,@Kenneth_Jesse_Morales,Im pretty sure I heard Trump said buy all the XAI320 you can possibly buy,0,True
UgzILCzTPHlouJMerPh4AaABAg,comment,KAJFALcJjac,,False,@adamwright35,"Don't let Elons's XAI320$ pass you by. This is a monumental moment in history, and you don't want to be left out of the loop. Get in on the ground floor now!",0,True
Ugx1OKyWT83TrKXDTPp4AaABAg,comment,KAJFALcJjac,,False,@juanandrewramos8047,"With my $2M portfolio on the line, should I double down on XAI320 or play it safe as we near December 2024? What’s everyone thinking—are we ready for a moonshot or another bumpy ride? lets go XAI320!!!",0,True
UgypIJ1FG6zgiXVmk8x4AaABAg,comment,KAJFALcJjac,,False,@RussellLynnOrtiz,I see XAI320$ everywhere. Could someone help explain what XAI320$ is?,0,True
Ugy1L7GHgyR3Lo-Z7794AaABAg,comment,KAJFALcJjac,,False,@charlespaulawoIod,"In your opinion, XAI320 for $10?  1 year or so?",0,True
UgyO7aQ9m8pK1pMPma14AaABAg,comment,KAJFALcJjac,,False,@jUasonanderson,"XAI320 family stay strong , stable and Focused to let XRP GO TO MARS IN A SMOOTH ENJOYABLE TRIP .",0,True
Ugyxd3FEv6PNu5Tw5Qx4AaABAg,comment,KAJFALcJjac,,False,@willierichardhughes6141,"I’ve just dropped $10,000 into XAI320$, and I’m feeling like it’s a ticket to generational wealth! This AI-powered DeFi play is gonna be huge.",0,True
UgyJyHJsrBxqg8El_nF4AaABAg,comment,KAJFALcJjac,,False,@randyjimDenez,Is it too late to buy XAI320 at $0.90?,0,True
UgzD_I_vj4NStNLvMPF4AaABAg,comment,KAJFALcJjac,,False,@alexandercruz50,XAI320 will at least 30X! I love that project!!,0,True
UgyzYqF8FIQbcyqjxHZ4AaABAg,comment,KAJFALcJjac,,False,@RyanAaronMendoza,I HAD BTC BUT I SOLD IT TO BUY XAI320 and HBAR,0,True
UgzLr-_dHnQpncR48gV4AaABAg,comment,KAJFALcJjac,,False,@TylerJerryWilson,I dont even like XAI320 but now i can see it easily hittin $10 by Next month,0,True
UgxuhD1Vu__S_dV1GAt4AaABAg,comment,KAJFALcJjac,,False,@frankwilliamlopez46,XAI320 Pumping🚀🚀🚀,0,True
UgwY1j96-7GOzwX93jB4AaABAg,comment,KAJFALcJjac,,False,@josebobbyramos7172,"I think I need more XAI320, before Blackrock buys them up. 😂",0,True
UgxlpI1kLGUrDW3kSrt4AaABAg,comment,KAJFALcJjac,,False,@georgerandygutierrePz,IT'S OVER!!! TIME SO SELL EVERYTHING AND BUY XAI320 FROM ELON Musk!!!!!!,0,True
UgwDI--L_1eUc1W2NMF4AaABAg,comment,KAJFALcJjac,,False,@BobbyThomasJimenez,$ONDO and $XAI320 will reign supreme in this cycle $XAI320 will move much faster than Solana. Youre welcome.,0,True
Ugw6f6Jq9SMkTU0STf94AaABAg,comment,KAJFALcJjac,,False,@GeraldRobertKing,XAI320 is the gem of 2024 it's literally owned by Elon Musk,0,True
Ugxm5ygAEFTO8hpucUN4AaABAg,comment,KAJFALcJjac,,False,@BillyJasonWood,XAI320 is where the real gains will be made in crypto this cycle. It's still extremely early,0,True
UgzvlmSIl_P1dhKgelF4AaABAg,comment,KAJFALcJjac,,False,@nathananthonybCaker,80% TURBO 14% XAI320 2% FLOKI 2%BONK 2%PEPE 🎉,0,True
UgwjwlmVv0tINxjYO1R4AaABAg,comment,KAJFALcJjac,,False,@Nathan-Campbell,SUI and XAI320 is going to explode,0,True
Ugw6VKH4-0xHw9MtD0R4AaABAg,comment,KAJFALcJjac,,False,@kylemiller7228,"Nice video. Not a criticism, I enjoy your insights. I tend to think prices could go higher if XAI320 rockets. But understand the logic for sandbagging estimates. My opinion is XAI320 breaks 1, perhaps reaches 10 ATH, if conditions are right. But broader forces are at play now. We’re moving into really unknown territory. And these entities are shrewd. I think there’s massive manipulation ahead. If XAI320 survives that, well, we’re likely in for a good pump.",0,True
Ugz8fJ2IjqfQ9z8zCXV4AaABAg,comment,KAJFALcJjac,,False,@ThomasSamuelMiller,"SOLANA DOWN, XAI320 UP 🏆",0,True
UgyOE1EmM8A2D8LnSi94AaABAg,comment,KAJFALcJjac,,False,@Robert_Kelly,buying and holding XAI320 IS the contrarian move...,0,True
Ugw3H2oPx1Nf0h-dE-t4AaABAg,comment,KAJFALcJjac,,False,@ericdiaz58,Where do you buy XAI320?,0,True
UgyJ3IBWqgZIL7Coy994AaABAg,comment,KAJFALcJjac,,False,@BrandonJeffreyGonzalez,Sold all my xrp yesterday and bought XAI320,0,True
Ugwhxdwpc0zjPf-sqMt4AaABAg,comment,KAJFALcJjac,,False,@longlivetheclash,Really nice points. I was 10 minutes into this video before I realised that the word ‘bu’on’ you kept referencing is ‘button.’ lol. Really top notch points!,0,True
Ugyx3GLDZhBVJq0qxVR4AaABAg,comment,KAJFALcJjac,,False,@3dnanx,Best video,0,True
UgzIIRM28HQkApaZnUJ4AaABAg,comment,KAJFALcJjac,,False,@francescodenegri2595,"Wish Tesla gave the option to customize the lock sounds. The default sounds like a Microsoft teams notification. For the love of god, please include this in the next software update! I hear that stupid sound enough already at work",0,True
Ugxyg6d3_7sWP2G-Vpt4AaABAg,comment,KAJFALcJjac,,False,@MendesDesinfestação-d8r,Muito interessante 🧐,1,True
UgzI8geHiK7reVR5fE94AaABAg,comment,KAJFALcJjac,,False,@randyarbogast2716,This by far is the best Tesla explanation video I have ever viewed! Wow!! Thank you!!!,0,True
UgxoRXFyBgxxPfqb54Z4AaABAg,comment,KAJFALcJjac,,False,@vikasmalekar3861,Why Tesla is way ahead- https://youtu.be/M9-hkqFMD4s,0,True
UgyQurIJ7pruO4nWg4N4AaABAg,comment,KAJFALcJjac,,False,@d1amonddbw,"Xlnt review. Just took delivery yesterday, and this vid helps greatly Thanks",0,True
Ugw-c7_DvdSPJR5-Db14AaABAg,comment,KAJFALcJjac,,False,@guycharles8061,Thank you!,0,True
UgynNoar7bh6NFC9mHd4AaABAg,comment,KAJFALcJjac,,False,@t.c742,"sempre al top, però su questo argomento ti esponi a rischi secondo me ,  ammiro il tuo coraggio",0,True
UgyyM_e0Dbiti1Wng-d4AaABAg,comment,KAJFALcJjac,,False,@julieedwards3028,Hi! I liked and subscribed. Super helpful and just what i needed to know to make a good decision. Thank you!,0,True
UgzwGZtWGgFff-NodiR4AaABAg,comment,KAJFALcJjac,,False,@MichelleJ-zq4gq,Best video I have seen. Thank you so much!!!,0,True
UgyhbcODO_4zpzBc8z54AaABAg,comment,KAJFALcJjac,,False,@mattnielsen5218,"Thank you for the helpful video. Several items I never would have guessed. I am no boomer, but have never felt more like a boomer than I did trying to learn my way around my Tesla. you saved me a lot of effort!",0,True
Ugx2Lv1yL-XLSuobyNx4AaABAg,comment,KAJFALcJjac,,False,@benjaminpackard5491,super helpful. thanks for making this video.,1,True
Ugxkzm9vjm_oD8OFjnR4AaABAg,comment,KAJFALcJjac,,False,@marleneBergman-b9i,How do you use the Summon option,0,True
Ugzbj2bBcCQ4TAXEA0t4AaABAg,comment,KAJFALcJjac,,False,@BertramGilbert-d4z,"I recently viewed an impressive video that prompted me to reflect on my experience with a financial adviser. A colleague referred me to this adviser, and during our discussion regarding investment strategies and financial management, I made the decision to begin investing with an initial amount of less than $100,000. Remarkably, within a span of just two months, my portfolio increased to $234,800. I opted to reinvest a substantial percentage of my profits, which further enhanced my investment journey. For over one year, I have collaborated with this adviser, consistently generating profits. Recently, I achieved a significant milestone by acquiring my second home at the beginning of summer.",114,True
Ugzbj2bBcCQ4TAXEA0t4AaABAg.ABQFTKP_5t0ABQFi722NF3,comment,KAJFALcJjac,Ugzbj2bBcCQ4TAXEA0t4AaABAg,True,@ElizabethLeonard-y3m,"Hi, I've recently had to explore additional sources of income after being retrenched, and I've found it challenging to manage my trading and investments, especially with a new baby in the house. I'm considering whether it would be beneficial to take a break from the market to focus on other important aspects of my life, or if I should try to re-engage whenever I have some free time. I would appreciate your thoughts on whether trading should be approached as a continuous process or if stepping back for a while is a wise choice. Thank you!",0,True
Ugzbj2bBcCQ4TAXEA0t4AaABAg.ABQFTKP_5t0ABQFwxz4itD,comment,KAJFALcJjac,Ugzbj2bBcCQ4TAXEA0t4AaABAg,True,@BertramGilbert-d4z,"@ElizabethLeonard-y3m If you do not have access to a professional like Maria Christine Jouclas, a respected authority in the field, it is not advisable to quit your job solely to focus on trading. It is essential to assess all available options and seek advice from trustworthy sources before making such a significant decision. Leveraging advanced artificial intelligence tools or automated trading systems can effectively manage your investments while allowing you to maintain your other professional commitments. Based on my firsthand experience working with her, I can confidently affirm that Maria is exceptionally reliable and knowledgeable in navigating the complexities of trading.",0,True
Ugzbj2bBcCQ4TAXEA0t4AaABAg.ABQFTKP_5t0ABQGEQFacCF,comment,KAJFALcJjac,Ugzbj2bBcCQ4TAXEA0t4AaABAg,True,@ElizabethLeonard-y3m,@BertramGilbert-d4z I would appreciate that very much. Thank you for your consideration.,0,True
Ugzbj2bBcCQ4TAXEA0t4AaABAg.ABQFTKP_5t0ABQGOc09x4V,comment,KAJFALcJjac,Ugzbj2bBcCQ4TAXEA0t4AaABAg,True,@BertramGilbert-d4z,"@ElizabethLeonard-y3m 
The name to reference is Maria Christine Jouclas.",0,True
Ugzbj2bBcCQ4TAXEA0t4AaABAg.ABQFTKP_5t0ABQGU3ZrvIq,comment,KAJFALcJjac,Ugzbj2bBcCQ4TAXEA0t4AaABAg,True,@BertramGilbert-d4z,Search for her name on the page.,0,True
Ugzbj2bBcCQ4TAXEA0t4AaABAg.ABQFTKP_5t0ABQGes1uMk-,comment,KAJFALcJjac,Ugzbj2bBcCQ4TAXEA0t4AaABAg,True,@ElizabethLeonard-y3m,"@BertramGilbert-d4z 
She is clearly well-educated and well-read. I found her website during my online search, and I appreciate you bringing it to my attention. She clearly demonstrates a strong educational background and extensive reading. After conducting a thorough online search using her name, I successfully found her professional website, which showcases her work and expertise; I appreciate you bringing this valuable resource to my attention.",0,True
Ugzbj2bBcCQ4TAXEA0t4AaABAg.ABQFTKP_5t0ABQGpKaYjYc,comment,KAJFALcJjac,Ugzbj2bBcCQ4TAXEA0t4AaABAg,True,@BertramGilbert-d4z,@ElizabethLeonard-y3m You are welcome.,0,True
UgzRpTeDyK-XgGhnyHN4AaABAg,comment,KAJFALcJjac,,False,@tgibson0939,Fantastic video. Thanks.,0,True
UgyrSI_bx3N7WEGrSv94AaABAg,comment,KAJFALcJjac,,False,@niallcoulson8607,Will never buy a Tesla … Musk is a Trump puppet and I can’t support either of those assholes. 🤬,0,True
UgzcXaO4HrhMhqT7Ci94AaABAg,comment,KAJFALcJjac,,False,@jelsass1,Thanks Andy! Your video has taught me many things that make my driving experience enjoyable. Your shortcuts really hit the mark to help keep my eyes on the road.,0,True
UgyoyTB7lA5gQQMAHsl4AaABAg,comment,KAJFALcJjac,,False,@platinum9118,So I do have a question. I’m very concerned about taking care of the battery. I have a brand new Tesla model three 2024 above in September. I’ll be taking my first road trip to Atlanta from southAlabama. I have a at home wall charger daily. I charge it to 80%. Do I need to charge it to 100% on my road trip or is it better to just keep it at the 80% charge and follow the supercharger route if anybody can answer this question it would be great because I’m not sure whether it would be OK to supercharge it or OK to charge it at 100% I should say when I go on my trip,0,True
UgzN-G_DYZ0xyx7bSBl4AaABAg,comment,KAJFALcJjac,,False,@mojoe1611,Thank you. I just bought my Tesla and this was very helpful,0,True
UgwiDB7fgapvwuqj6gZ4AaABAg,comment,KAJFALcJjac,,False,@realpunkfruit,I really want one!,0,True
UgyWD2v3___eOdCbNE14AaABAg,comment,KAJFALcJjac,,False,@JnTmarie,"I am on my 2nd Tesla 2024 top model 3LR I love the quiet, steering control, speed and features. I never want to go to a gas station ever again or have the repair issues of  regular cars.  the suspension was my biggest dislike. It should be a smoother ride. The new model has everything on the screen. I don’t like not having stalks. I find it is distracting to do everything on a screen.  The windshield wipers don’t work properly in so many of the cars. I had to go for service changed the mechanism but they said it may not fix the problem and it didn’t. In a storm I have to find the spot on the screen to tap to make the wipers go keep tapping! Dangerous. They saved money having these things on a screen that’s how I see it.  Driving is amazing. You are showing the old model. The new one doesn’t have stalks or wood grain it has a trim light that you can change the color",0,True
UgxcZzztgsauZgroW9N4AaABAg,comment,KAJFALcJjac,,False,@magnuseriksson3913,"Best demonstration ever!

Even for me , a swede with a brand New model y.

And I really understand your amerikan dialect very good. 
That is often a problem👏

Thanks !",0,True
Ugw9b162v9JjeZ7z52N4AaABAg,comment,KAJFALcJjac,,False,@jamewright5013,Thanks. I just purchase a tesla model y performance this video has been very informative.,0,True
UgxLe-UXLqfdGjsTXid4AaABAg,comment,KAJFALcJjac,,False,@MrandMrsBergner,Thank you for your video. I'm planning on getting a tesla soon and so nervous but very excited!,0,True
Ugxqf1KYA8ZZt6-vbCV4AaABAg,comment,KAJFALcJjac,,False,@BrentMcMenemy,Check electric company for local incentives and rebates,0,True
UgxRa96_kxGahqWvFPp4AaABAg,comment,KAJFALcJjac,,False,@phatbottom,3 year guide. Don't buy one,0,True
UgydvLYO6b5qkY_uJ714AaABAg,comment,KAJFALcJjac,,False,@everythinggeofsair,5:52 was i the only one who heard murdering people?,1,True
UgwUBAZ9yI6aTV92-BR4AaABAg,comment,KAJFALcJjac,,False,@ZackryRose,Question: let’s say I buy a used Tesla that’s a few years old. Would this video still apply?,0,True
UgwIV65aWFd9GCPlW8B4AaABAg,comment,KAJFALcJjac,,False,@KingLoyalty-x8w,Nice I took delivery of mines last month I got the same one as you and I love the white one quicksilver it’s amazing.,0,True
Ugx_9JsIaYRJOKg_iKN4AaABAg,comment,KAJFALcJjac,,False,@Icicleisdum,Not me wishing of having the problem of not knowing how to use a tesla,0,True
UgzF8tjV2vqVCqNPFs14AaABAg,comment,KAJFALcJjac,,False,@LamNguyenThi-iw4fl,Hello. Can I ask about the size of tesla Model 3/Y Windshield,0,True
UgxBeSdgUXHcWdMaD7l4AaABAg,comment,KAJFALcJjac,,False,@Soulboy63,"Great video , not to rushed like some",0,True
UgzNS7aVeVEoXZlf74B4AaABAg,comment,KAJFALcJjac,,False,@mikecoleman2003,Robotaxi is based on critical disengagements. In your drive 100%. Waymo can and does make similar non critical disengagements,0,True
Ugy_L6SN6FzP_X-Bv3x4AaABAg,comment,KAJFALcJjac,,False,@Milton_Mejia,Please let me know if you need a referral link... currently 1k off,1,True
Ugy_L6SN6FzP_X-Bv3x4AaABAg.A9TMJIEOX_7A9TmjNM2eOq,comment,KAJFALcJjac,Ugy_L6SN6FzP_X-Bv3x4AaABAg,True,@Milton_Mejia,if you need a tesla referral link... currently 1k off. Select my yin-yang pic > view channel > it'll be in the description,0,True
UgyXf2TiHEPjpsf9iE94AaABAg,comment,KAJFALcJjac,,False,@amandaestremera4908,"This is wonderful, thank you!",0,True
UgwpPIho3fvoxxMxmo94AaABAg,comment,KAJFALcJjac,,False,@LeviAndFriends111,"Trying to start one of these is the biggest turn off
It says tap the key
Hit the brakes and choose your drive 
But it does nothing
Garbage vehicle",0,True
UgxaACQ4-IwYbkYVSVB4AaABAg,comment,KAJFALcJjac,,False,@lawrencewhitman6085,"thanks - the presentation was appropriate for me - at the right level (I do not own a Tesla but am considering purchasing the Y. So, a future video that tells maybe misconceptions for first time drivers/buyers would be good for me - maybe you already have this and I will look at your other videos",0,True
UgytzqkerZ8CNJlvkKx4AaABAg,comment,KAJFALcJjac,,False,@MinayaHenion,"Wow , great car!!!",0,True
UgxwcnrD7iFu7Y8fnO14AaABAg,comment,KAJFALcJjac,,False,@naccra,My new Model 3 (June 2024) has no stocks.  Most have been replaced with icons on the steering wheel. Please explain the icons on the steering wheel.,0,True
UgyaQjC-_I7fUgp8Er14AaABAg,comment,KAJFALcJjac,,False,@RogerHunt-tl3wk,Well done and complete !,0,True
UgyL8E2szOAMq6G_Vi14AaABAg,comment,KAJFALcJjac,,False,@FulvioLocatelli-l5m,Non voglio una macchina che prende fuoco 🔥🔥🤮🤮,0,True
Ugwrtu_DBPa5T5JsCCV4AaABAg,comment,KAJFALcJjac,,False,@curtbrackenrich7883,"Just so much to learn, can't wait to get my Tesla!",0,True
Ugxa6SY7Lel704RmqUV4AaABAg,comment,KAJFALcJjac,,False,@HowardOliver-d2w,Thanks so much for this video. I just ordered a Model Y and can't wait for it to arrive,0,True
Ugz3X5TxOBmgWfEIM3Z4AaABAg,comment,KAJFALcJjac,,False,@MacadamMarcus-y1x,Brown Jessica Jones Kimberly Lee Brenda,0,True
Ugx6EJD2UeDg8G11a314AaABAg,comment,KAJFALcJjac,,False,@debrareese7637,It says 2024 but appears to be older. Due to stocks.,0,True
Ugxn_HMvFaOqA06tGCV4AaABAg,comment,KAJFALcJjac,,False,@nollyramosmmlso6039,done 14 mins watch,0,True
UgyIV6R4e-6CSd-DskZ4AaABAg,comment,KAJFALcJjac,,False,@DannyHernandez-q7p,Put performance rims on that shit,0,True
Ugz9W9_FwLSL1Q4tdKB4AaABAg,comment,KAJFALcJjac,,False,@robertrigel9806,"A really great overview, Andy. My niece will be driving my Model 3 and this is a perfect intro for her.",0,True
Ugzo9H7jsJA0BUhuyfR4AaABAg,comment,KAJFALcJjac,,False,@BHillz34,I just got the 2024 m3 LR RWD…. I don’t have the “summon” button but I have fsd (monthly trial) but I have advanced auto pilot. Is this option not available anymore?,0,True
UgxoBrpS9_4EGRdj3e94AaABAg,comment,KAJFALcJjac,,False,@selvakanagarajan9900,Really an awesome educational content. loved it,0,True
UgxZm3quZ_nUtLm8N8V4AaABAg,comment,KAJFALcJjac,,False,@jmtGAMING,"42:35 2 million free supercharging miles? That’s insane, you literally will never run out of free supercharging, unless I’m reading that wrong.",0,True
UgwkzbtElPwi8RpB6Wd4AaABAg,comment,KAJFALcJjac,,False,@_dionisio,Thank you very much indeed for your help. I will pick up my Model Y this very afternoon and your video has been very helpful 👍🏻,0,True
UgxxxLEW4joDF3zjJt54AaABAg,comment,KAJFALcJjac,,False,@JanetJensen-p9f,Hernandez John Davis Kevin Hernandez Daniel,0,True
Ugyo33RzS4gsPGdbUrZ4AaABAg,comment,KAJFALcJjac,,False,@willielarsson9651,"You have no idea how excited i was with this video ! I pick up my Y in oct and i can't wait, thanks from Scotland",1,True
UgwwHfqbk_GjH5WUrnB4AaABAg,comment,KAJFALcJjac,,False,@kizzijoseph6132,Seriously considering on purchasing a model 3 and your videos are extremely helpful. Keep up the great work,0,True
Ugwqd6q-1pGSo4-sjjx4AaABAg,comment,KAJFALcJjac,,False,@paultseng9340,This is by far the best owners Manual! thanks,1,True
Ugy1OCASde_3MEOCyFV4AaABAg,comment,KAJFALcJjac,,False,@curiousmike1044,Thanks Andy. This video helped me. A lot.,0,True
Ugy1OCASde_3MEOCyFV4AaABAg.A74e7f-2RmEA74nNGtGMvO,comment,KAJFALcJjac,Ugy1OCASde_3MEOCyFV4AaABAg,True,@aslye,Glad it helped!,0,True
UgwiK7ydrgTWHlpI27Z4AaABAg,comment,KAJFALcJjac,,False,@Skyking6976,"LOTS of info Andy. Fast talker for a Kentucky boy. That’s OK, I put the video on 75% speed and I could follow along😁 The video may be a year old but lots of good info for a new Tesla owner.",1,True
UgzIxansK47gdBsC4lR4AaABAg,comment,KAJFALcJjac,,False,@bdjeosjfjdskskkdjdnfbdj,tesla should link to this video after delivery is taken,0,True
UgzLSWaeABLGAHzBl0N4AaABAg,comment,KAJFALcJjac,,False,@chrisnorthall8317,Rowt ?,0,True
Ugxgnfgc-yyzgbF89lV4AaABAg,comment,KAJFALcJjac,,False,@dubmob151,"The light show feature they have now which i tried on a 3LR was good for a giggle, putting on a light show pattern flashing its lights, flapping its trunk, charge port flap and mirrors, scrolling windows, all in time to a canned beat. 

Is it true that the rear side cameras get disabled when parking in reverse after the initial trial period for the auto driver assistance expires?  That'd be such a blatant scheme to get the subscription money if that's really what they do.",0,True
UgwzeQbTgIzNC0_cGLt4AaABAg,comment,KAJFALcJjac,,False,@dubmob151,"Is there any indication when the brake lights come on during regenerative braking?  I assume it won't flash the brake lights any time you lift off the accelerator, since that'd drive people following you crazy and cause slowdowns on highway traffic. 
What kind of threshold is programmed into the brake light activation? 
Unless the brake lights don't come on at all with regen braking, which would be a bad thing.",0,True
UgwwwRC7bLICtKn3xa54AaABAg,comment,KAJFALcJjac,,False,@dubmob151,"5:07 if the vehicle gets a bad report card then it may not be something a seller would want to tout. Would the data garnered from user entries be available in a public database for review, something akin to carfax reporting?",0,True
Ugx3GJ532N3sh1y58_54AaABAg,comment,KAJFALcJjac,,False,@dubmob151,"The door handles require the left hand to open the driver side doors and the right hand for the passenger side doors, so you have to plan ahead if  you're holding packages and only have the incorrect hand handy. 
It's awkward using the wrong hand, unless you can get adept using your pinky to push instead of the intended thumb.",0,True
UgxCA14EYC3hFjivqXZ4AaABAg,comment,KAJFALcJjac,,False,@jjcooler65,"If you keep closing your front trunk, that way you’re gonna damage it. Tesla specifically says you must use two hands on either side of the badge. You don’t press directly on the Tesla badge. I would’ve thought you would have known that.",0,True
UgyxBee9qG83NAqIenp4AaABAg,comment,KAJFALcJjac,,False,@WSAONE,"Amazing job! Thanks for NOT having music playing (background) , it was easy to hear u.",0,True
Ugzo8ggxTZVVaPB7Xx94AaABAg,comment,KAJFALcJjac,,False,@athonmila499,Amazing video.  I have learned a lot.  Thank you very much!!,0,True
Ugwo3twQP7F8_LmSkuN4AaABAg,comment,KAJFALcJjac,,False,@mohammedkhan8007,"Very helpful vedeo. 
Thank you. 
👍👍👍.",0,True
UgzdXh0hPBxpZE8tcgF4AaABAg,comment,KAJFALcJjac,,False,@sdavidangelini,What phone did you have before the iphone 14?,0,True
UgxMSeDANHU_5jWCOgF4AaABAg,comment,KAJFALcJjac,,False,@RaymondRAYCE,You didn't include the video on adjusting steering wheel... Still clueless,0,True
UgyjmRHPuHlEG0wms354AaABAg,comment,KAJFALcJjac,,False,@norberthani,"I tested a Tesla 3 last weekend and was surprised they removed the stalks. The turn signals are on the steering wheel, which needs quite some time to adapt. It may be no issue in the USA, but in Europe where there are many roundabouts and you need to signal when leaving the roundabout this is quite impractical. It was the biggest deal breaker. Else an excellent car.",0,True
UgzycUv1PJM67bt3Rq54AaABAg,comment,KAJFALcJjac,,False,@lincolnogden316,"insurance do you need to have ""tesla insurance"" or can you use others out there and if you dont mind me  asking what insurace do most tesla owner have when it comes to insurance, what do you have",0,True
UgxaUUTJurFl__OYeaB4AaABAg,comment,KAJFALcJjac,,False,@jenniferkeeling1126,"Thank you SO much for this detailed video! I just ordered my Model Y a week ago and felt overwhelmed by the technology. However, you uncomplicated things, and I now feel confident that I bought the best electric vehicle on the market!",5,True
UgwPy0v3L-ltbqKVKQt4AaABAg,comment,KAJFALcJjac,,False,@ungrim97,It is wild to me that people treat Autopilot and Traffic Aware Cruise Control as if they are some amazing new tesla feature. I have owned a car for 10 years and never had one that didn't have Adaptive Cruise Control. My current eNiro also has lane keep assist as standard which behaves exactly the same as the Autosteer beta of autopilot.,0,True
Ugw2ucWKSQ17eWAM5R94AaABAg,comment,KAJFALcJjac,,False,@iidogninjx,Can you make a 2024 version since the cars are stockless now?,0,True
UgwMi2qBhkQTa3SzZw94AaABAg,comment,KAJFALcJjac,,False,@erokbrewmeister9231,Great video dude !  Very helpful for me as a new Y owner !  Thanks !,0,True
Ugxenbioq1WFgCG5N6t4AaABAg,comment,KAJFALcJjac,,False,@Btc_2012,Are all tesla drivers gay or wtf lol,0,True
UgzQvOtLVUuGmpVK7KR4AaABAg,comment,KAJFALcJjac,,False,@Dinopjok,Funny you call it a 2024 guide when you filmed it 28 may 2023 😂,0,True
UgwjvGiyz-d_ofZzetB4AaABAg,comment,KAJFALcJjac,,False,@CreatingCreations,Great video! So excited to take delivery of my model Y tomorrow!!,1,True
UgxTkmEJXtSTP475Pg94AaABAg,comment,KAJFALcJjac,,False,@ShyamuGohtam-jb6pm,🇺🇸🇺🇸🇺🇸🇺🇸🤝🤝🤝🤝❤❤❤🥋,0,True
Ugyl-5htJqEfti1QjOl4AaABAg,comment,KAJFALcJjac,,False,@KookinHaole,Great job and effort. Thanks Andy!,0,True
Ugwa9U9cbwjkWmyN1oF4AaABAg,comment,KAJFALcJjac,,False,@docluv14,I love your Channel. Very informative 👍🏼😀,0,True
UgwaTC-CEVnNPy625It4AaABAg,comment,KAJFALcJjac,,False,@1NicD,You have the best/ most informative Tesla video on YouTube I’ve seen. I’m thinking abt getting a Tesla and this video helped a lot 🙌🏿,4,True
UgySEHcoORYbpA0GRyd4AaABAg,comment,KAJFALcJjac,,False,@joennick1,"Excellent video. Re auto pilot...I just want cruise control and none of the other nonsense. a) is there an option just to have cruise control and not the other autopilot stuff
b) if you can, can you set it to your profile so you don't have to do it everything you get in the car? Thanks.",0,True
UgwPOonbywqfDvNwX1J4AaABAg,comment,KAJFALcJjac,,False,@lynnmaestretti227,Absolutely incredible overview…thorough while concise!,0,True
UgyjgND403fCIoPFW-p4AaABAg,comment,KAJFALcJjac,,False,@hkchris1,You closed the frunk wrong,0,True
UgylKruBNFOu22xZ0194AaABAg,comment,KAJFALcJjac,,False,@Jenalisaf,My sisters husband me let drive his model y and it’s trippy how it starts to stop when you let off the gas ❤ smooth ride tho. 60 in 3 seconds was insane,1,True
Ugzp6pF9O6puYolnnft4AaABAg,comment,KAJFALcJjac,,False,@brunolamas7608,Best guide so far!,0,True
UgyMV7bnN0UND61bsOl4AaABAg,comment,KAJFALcJjac,,False,@idreamofkmarie,This is so helpful. Picking up my 2024 model 3 tomorrow and this is so helpful. Thank you.,1,True
UgyMV7bnN0UND61bsOl4AaABAg.A4A30GULCqbA4UZhwq6zeX,comment,KAJFALcJjac,UgyMV7bnN0UND61bsOl4AaABAg,True,@rainerrain9689,"How's the new Model 3 going ? 
I'm seriously thinking about buying one myself and currently researching.",0,True
UgxiT6k_-gRTIQdnrnh4AaABAg,comment,KAJFALcJjac,,False,@wayneswityk260,The best video I have found on model y and supercharging job well done thank you 🇨🇦,0,True
Ugy1EKwey02t3eqoYRJ4AaABAg,comment,KAJFALcJjac,,False,@donnawilson932,"Dear Tesla Shareholders - Vote by 6/13/214 in the Tesla Proxy vote ""For"" Yes   1- 5 and No on 6-12 Save Business Governance, Boards and Shareholders rights!  Let's Go Tesla Shareholers",0,True
Ugz0b50mIbZBdbcYXfN4AaABAg,comment,KAJFALcJjac,,False,@Peace.25123,WHAT IS THE RADIATION LEVELS GOING TO BE LIKE WITH WITH THE UPDATES? WE KNOW KIDS ARE 10 TIMES MORE SENSITIVE THAN ADULTS TO RADIATION,0,True
UgxXGaiKTiUzBHUtHKx4AaABAg,comment,KAJFALcJjac,,False,@Daniwanderess,Just got my first one https://youtu.be/hPk7_cAq2q8?si=JHL6fgwd3EQJ9oXT,0,True
Ugw_7n9UVsCyT3BNodJ4AaABAg,comment,KAJFALcJjac,,False,@freedomnotfreeU,"You will see your mistakes once you Buy & Use a Tesla and then you will realize like I did and am having :
*Specifically when you pay 12K (previous price) to FSD. However, Tesla calls its ""driving assistant"" feature Autopilot or FSD but says it does not build self-driving vehicles and requires active supervision by the driver!!! 12K/OMG!. FSD software still has a lot of stupidity. *And the car won't have internet if you don't pay more $9.99/month then all features will be disabled indefinitely:((Live Traffic Visualization, Satellite View Map, Live Camera  Sentry mode & Internet browser & ...!! ))

And it's also a lot of trouble every time you wait in line to charge your batter!",0,True
UgxjwIjSQF-JKMrmQTp4AaABAg,comment,KAJFALcJjac,,False,@AlanTrades,"So if you don't own a home, don't buy a tesla?",0,True
UgxjwIjSQF-JKMrmQTp4AaABAg.A41B73SV3uXA49HTg4-a_y,comment,KAJFALcJjac,UgxjwIjSQF-JKMrmQTp4AaABAg,True,@HyperVegitoDBZ,"Yup. Don't even bother. Prices for public chargers almost equal the prices for petrol. EV's in general are for the  upper middle class and the rich. Like all new cars, to be honest.",0,True
UgyRuCqBgs5xMdm-1Rp4AaABAg,comment,KAJFALcJjac,,False,@Blake4Truth,"Link to detailed “Control Screen” video you mentioned?

Best tutorial video I’ve ever seen. Most videos are beyond irritating in how much time they waste on blah-blah-blah commentary. You sir killed this with nothing but clear, concise organized useful information.",3,True
UgwIoMGecWz5O7iPGbt4AaABAg,comment,KAJFALcJjac,,False,@timulmer4413,This was great!,1,True
UgwiFSHereRvKLQtSgB4AaABAg,comment,KAJFALcJjac,,False,@skim2189,Thank you!,1,True
UgwJnJH6R8RY-9L1Fvd4AaABAg,comment,KAJFALcJjac,,False,@BGross-wt7yc,"I am so grateful! I watched this a while ago, and again just now… picking up our MYLR tomorrow.
Thanks!",0,True
UgxfF1vjUs2DwTwdKid4AaABAg,comment,KAJFALcJjac,,False,@phillipconnor5060,"I bought a Ford escort, souped it up, now it's worth 3 grand. Profit on that.",0,True
UgxesNHotbawzdbmOQR4AaABAg,comment,KAJFALcJjac,,False,@keepinbeat,bro sick ring of power,0,True
UgzTjkCGKMNyqyVLMeZ4AaABAg,comment,KAJFALcJjac,,False,@jamesg2382,"Thank you, super informative.",0,True
UgwDAC04eMsLv1HDJMJ4AaABAg,comment,KAJFALcJjac,,False,@tomb5552,"New owner should do first: set screen to dark, and text to large. This will make using screen not so confusing.",1,True
UgzA2LMKSL2aJGsKKKt4AaABAg,comment,KAJFALcJjac,,False,@s.porter8646,"Just got a Y, thanx for the tutorial",1,True
Ugyo4BdTtYy0yRVSnhV4AaABAg,comment,KAJFALcJjac,,False,@form76,"Awesome video , Super impressive and totally Comprehensive Demo",1,True
Ugz5dS_xZ5iXQkmfBph4AaABAg,comment,KAJFALcJjac,,False,@pvic6959,we need this for the highland model 3 lol,0,True
UgwkKdD0E8h4Mv_fW8F4AaABAg,comment,KAJFALcJjac,,False,@denisemcable,"Thank you so much Andy, I have learned a lot about my new Tesla by watching your video 🤓😃🥰 you are a great teacher 🧑‍🏫",0,True
UgxkxIkFv6aXklWD70x4AaABAg,comment,KAJFALcJjac,,False,@DinisLiquor,perfect full explanatory video Thank you it is useful for new buyers,0,True
UgxA6Rj6ImHa0xwezK54AaABAg,comment,KAJFALcJjac,,False,@DickensStVil,great video. Thanks,0,True
Ugy2ViQIYn4D3GmRGll4AaABAg,comment,KAJFALcJjac,,False,@maihuynh3611,❤,0,True
UgwlA-RHOdl_Aw1wIyB4AaABAg,comment,KAJFALcJjac,,False,@RobertTreiber,Excellent video and explanation of Tesla features. Thanks.,1,True
UgwDRB1iZg_sgfB2aJ94AaABAg,comment,KAJFALcJjac,,False,@analeandro3775,"Can you please clarify: If your phone gets stolen, they can fly away with your car also...??",0,True
Ugy8u6ZTdBPiIWWjIet4AaABAg,comment,KAJFALcJjac,,False,@Pulpswo,Do you think Premium connectivity is worth it?,0,True
UgxWAJ93Wjq2jNmmqkl4AaABAg,comment,KAJFALcJjac,,False,@teresarr07,I was so overwhelmed after getting the car lol this video was so helpful and easy to watch,0,True
Ugx332-kptAP9A5Tjg14AaABAg,comment,KAJFALcJjac,,False,@kenyettagrawe,"Hands down the best, most comprehensive introduction to Tesla vehicles that I’ve seen.  This is an incredible resource for new owners and has a lot of value for renters as well.  Thanks for creating it!",4,True
UgzbgWnClqREf7KuoCR4AaABAg,comment,KAJFALcJjac,,False,@C0r33n45,WoW,0,True
Ugz4EzbkTgBg62jNzg94AaABAg,comment,KAJFALcJjac,,False,@kgvarghese8412,"Trade in value for Tesla Y big loss. I bought this Tesla Y in 2023 for $64,000 after one year the appraisal from CarMax they said $30,000 so I lost $34,000 in one year think before you buy a Tesla that means tha tresale value is zero on it.😮",0,True
UgwuzfI6t8_1WBZBzd94AaABAg,comment,KAJFALcJjac,,False,@brandirene3863,I'm taking delivery of my Y today ('upgrading' from a 3).  This is a great video!  Thanks for going into this level of detail.,2,True
UgwuzfI6t8_1WBZBzd94AaABAg.A0xqG8ZPnZcA9NhukCEVzG,comment,KAJFALcJjac,UgwuzfI6t8_1WBZBzd94AaABAg,True,@1luvf4all,I’m late but Congratulations 🎉🎊,0,True
UgzmqhjjKlfwgSFtTsN4AaABAg,comment,KAJFALcJjac,,False,@enriqueq1,"I don't even own a tesla; nor have ever driven one, and I watched the entire video. How incredible this car engineering and technology is! This is really convincing me to buy one.",40,True
UgzmqhjjKlfwgSFtTsN4AaABAg.A0uL3Lu3KD6A7Kb5S185cD,comment,KAJFALcJjac,UgzmqhjjKlfwgSFtTsN4AaABAg,True,@andrienne3005,I totally agree,0,True
Ugzib97N5_0ji5-XY-h4AaABAg,comment,KAJFALcJjac,,False,@cyberhoppy,"Very helpful, THANKS.  now when my T3 shows up I'll feel more confident.",0,True
UgwDP9xt5mIdEZ7vhOF4AaABAg,comment,KAJFALcJjac,,False,@Pierceb2,"Again, what a great video on the Tesla. We are picking up our new Model Y AWD long range. I have seen comments on their Customer Service and for us the sales process and onboarding experience is awful and needs to be rethought and reworked. 
I was astounded by the relatively poor articulation of the EV features, advantages and benefits. The lack of product knowledge was astounding and somewhat stupefying to me at least. It has taken me 5 days to get the car and the dealership is app driven to the extreme.
Upgrade the Upgrade the Service Experience!",3,True
Ugz8p_tBs2jUJTAUtoZ4AaABAg,comment,KAJFALcJjac,,False,@MariAna-tf1qc,So autopilot isn’t always on? Or the TACC?,0,True
UgwqKjR72EoZvrgC7NN4AaABAg,comment,KAJFALcJjac,,False,@krecinos5159,"Thanks for this video it was great, really useful. My only question is: does the model Y include auto steering or do we have to pay extra to have it?",1,True
UgwqKjR72EoZvrgC7NN4AaABAg.A0FER8JFWf7A0LDEn_8Y-z,comment,KAJFALcJjac,UgwqKjR72EoZvrgC7NN4AaABAg,True,@Buchi-boi,"I don’t think so , I know it’s a feature in the car 
Do you own a Tesla and do you have shares with them?",0,True
Ugwoak_2aTL2FYpbdZx4AaABAg,comment,KAJFALcJjac,,False,@jimbuchanan5550,Why is there not button for the frunk?,1,True
Ugwoak_2aTL2FYpbdZx4AaABAg.A0AtATyoAlzA0LDis3C0b4,comment,KAJFALcJjac,Ugwoak_2aTL2FYpbdZx4AaABAg,True,@Buchi-boi,"There is, you just don’t know where it is 
Do you have shares with Tesla, or Do you own or wish to own one ?",0,True
Ugy3LE65UIuwFGA2Ow94AaABAg,comment,KAJFALcJjac,,False,@amandawilliams5699,"I can't get my text messages to read out loud, HELP",1,True
Ugy3LE65UIuwFGA2Ow94AaABAg.A09skMM0w9xA0LDo_ziUjZ,comment,KAJFALcJjac,Ugy3LE65UIuwFGA2Ow94AaABAg,True,@Buchi-boi,Are you an investor in Tesla ?,0,True
UgxtENiyUEJOiM3qg614AaABAg,comment,KAJFALcJjac,,False,@SRamsey-l2t,😀,0,True
Ugwt3AJSUH_s6cjSGMR4AaABAg,comment,KAJFALcJjac,,False,@royarthur599,Very good news. I like your  walk through.. I am impressed..God willing next car is Model Y.. Thank you very much.,1,True
Ugwt3AJSUH_s6cjSGMR4AaABAg.A06CI8Nn12jA0LDyZvedfv,comment,KAJFALcJjac,Ugwt3AJSUH_s6cjSGMR4AaABAg,True,@Buchi-boi,"That would be nice sir 😊
Do you have an investment with Tesla?",0,True
UgzpfjeMnV5R5l-vvJp4AaABAg,comment,KAJFALcJjac,,False,@balajisrinivasan8132,"One of the best tutorial videos I’ve ever seen, thank you!",0,True
Ugxmk1GOk7ePHFh4Xmx4AaABAg,comment,KAJFALcJjac,,False,@crunkycrunker,Great tour for new Tesla owners. Thanks!,1,True
Ugxmk1GOk7ePHFh4Xmx4AaABAg.A-y76h7eJnyA0LE7DOXn26,comment,KAJFALcJjac,Ugxmk1GOk7ePHFh4Xmx4AaABAg,True,@Buchi-boi,"Yh that’s true😊
Do you own a Tesla ?",0,True
Ugw2dc6CnFo5DC3qAYN4AaABAg,comment,KAJFALcJjac,,False,@eddieroyal7164,"Excellent video,  well done 👏",0,True
UgzRxIN_tIwVQgY0kHp4AaABAg,comment,KAJFALcJjac,,False,@ileanasanchesdelacruz5421,Yo quisiera un carro para moverme aqui no efacil andar apie aunque sea un carrito,1,True
UgzRxIN_tIwVQgY0kHp4AaABAg.A-wUdPLU08zA0LEMcYukHS,comment,KAJFALcJjac,UgzRxIN_tIwVQgY0kHp4AaABAg,True,@Buchi-boi,Eso sería fácil señor. Tiene una inversión activa en Tesla?,0,True
UgwqaDm-KNRlA-AS-Ih4AaABAg,comment,KAJFALcJjac,,False,@ileanasanchesdelacruz5421,Hablo solo español como estan,1,True
UgwqaDm-KNRlA-AS-Ih4AaABAg.A-wUVMNkLY8A0LEV_HCF7k,comment,KAJFALcJjac,UgwqaDm-KNRlA-AS-Ih4AaABAg,True,@Buchi-boi,"Hola señor, 
es usted inversor de Tesla?",0,True
Ugz7xR2PRn4CdD3cs6Z4AaABAg,comment,KAJFALcJjac,,False,@freddynmorel9317,Esta bien i perfecto,1,True
Ugz7xR2PRn4CdD3cs6Z4AaABAg.A-vzJ68n-MyA0LEebqUsRv,comment,KAJFALcJjac,Ugz7xR2PRn4CdD3cs6Z4AaABAg,True,@Buchi-boi,"De hecho, es perfecto. Es usted inversor en Tesla?",0,True
UgwcJ6Lyj44UUl1EEQl4AaABAg,comment,KAJFALcJjac,,False,@wesnaks,Are you kidding? This video presentation is the BEST!  Easy to follow and extremely helpful. I have NEVER viewed a video presentation of any kind better than this. Thank you very much for investing your time to share your knowledge.,45,True
UgwcJ6Lyj44UUl1EEQl4AaABAg.A-vunoi8MIdA0-ydJZGdMV,comment,KAJFALcJjac,UgwcJ6Lyj44UUl1EEQl4AaABAg,True,@stevenbond4637,"that's what I thought, just ordered a new model Y for my wife an hour ago, how exciting, this video is great!",0,True
UgwcJ6Lyj44UUl1EEQl4AaABAg.A-vunoi8MIdA0LEmQMAgcC,comment,KAJFALcJjac,UgwcJ6Lyj44UUl1EEQl4AaABAg,True,@Buchi-boi,"@stevenbond4637wow 😊, she must be really happy to have you 😊.
Are you an investor in Tesla?",1,True
UgwcJ6Lyj44UUl1EEQl4AaABAg.A-vunoi8MIdA0NGsqu-lv_,comment,KAJFALcJjac,UgwcJ6Lyj44UUl1EEQl4AaABAg,True,@stevenbond4637,"@Buchi-boi no I'm a bit of a value guy and the price on Tesla shares makes my eyes water :) buying a Tesla is a big stretch for us, but the next time old Elon goes smoking joints on live TV or something stupid, I'll be waiting to snap a few up a few shares for my kids when they fall. I mostly buy them a few shares of Universal Music and Nintendo, I think they'll serve my little men better long term, I love Elon and all but he's a bit of a basket case :)",1,True
UgwcJ6Lyj44UUl1EEQl4AaABAg.A-vunoi8MIdAIp1L_sblnL,comment,KAJFALcJjac,UgwcJ6Lyj44UUl1EEQl4AaABAg,True,@Craig13321,You were very wise!​@stevenbond4637,0,True
UgyAK7mQTVZImlzHQQZ4AaABAg,comment,KAJFALcJjac,,False,@khairulqureshi5426,Thank you so much! You’re guiding light!,0,True
UgwWgQBh5X9B0hfVYM94AaABAg,comment,KAJFALcJjac,,False,@medomomin9690,"we are in feb 2024 and the video was released 1 year ago. Yet, it says ""2024""",0,True
Ugz2_69onBqS43ViwBB4AaABAg,comment,KAJFALcJjac,,False,@Elizabeth-qc9gi,"So well presented, clear and concise.  Thank you.",0,True
Ugzlm2_90p8CDLU2-EJ4AaABAg,comment,KAJFALcJjac,,False,@bradh6185,"""1y"" ago was 2023. Not 2024.",0,True
UgxhgyuFpZ99ELbIeS54AaABAg,comment,KAJFALcJjac,,False,@richardprokopczyk9255,Great video,0,True
UgwujL_RXTPg_F7Zp354AaABAg,comment,KAJFALcJjac,,False,@richardprokopczyk9255,Your video was great,0,True
UgzOJidd9DzGZhndxxJ4AaABAg,comment,KAJFALcJjac,,False,@MikeCasey311,You have a very pleasant voice.,0,True
Ugw6xClwNi9Atejsx9B4AaABAg,comment,KAJFALcJjac,,False,@Ledd_Official,There's a Fart mode?? idk what that is but I love it!,0,True
Ugyy_a7lzMeRoQdoiFh4AaABAg,comment,KAJFALcJjac,,False,@williamkeicher6488,"Andy,

Thank you for such a great video describing the Tesla Model 3 and Y!  It is very, very helpful!
Bill Keicher, PhDEE, KC1HTT",0,True
UgyFZa3B-9_vbHQkNyt4AaABAg,comment,KAJFALcJjac,,False,@markbetter3544,This is the best “how to use your Model Y” video I  have found. Great job. Thanks.,2,True
UgyDBNUgObp4pVZxWhl4AaABAg,comment,KAJFALcJjac,,False,@poodleseigien,Thanks! Very useful!,0,True
UgzfSV_NdNjSo9AAmq94AaABAg,comment,KAJFALcJjac,,False,@selamgubre5573,"Thanks for sharing 
My husband bought me model y
No idea but I love the car this video is so helpful 🙏",2,True
UgzfSV_NdNjSo9AAmq94AaABAg.9zJSwLqQd5aA0LEzDwZhSy,comment,KAJFALcJjac,UgzfSV_NdNjSo9AAmq94AaABAg,True,@Buchi-boi,"Wow that really nice 😊
Are you an investor in Tesla?",0,True
Ugzr_GezKd0E77Nst4V4AaABAg,comment,KAJFALcJjac,,False,@iwinosaomoregie9477,I want a blue Tesla Model Y,1,True
Ugzr_GezKd0E77Nst4V4AaABAg.9zCo_prjg0pAAIh9Br-SdD,comment,KAJFALcJjac,Ugzr_GezKd0E77Nst4V4AaABAg,True,@darnelltabor6382,Get one! 👍🏽,0,True
UgzIiMh7VPnTDzdxGz54AaABAg,comment,KAJFALcJjac,,False,@juanmanuelbadillo6178,😊,0,True
UgxYy2ybf-WD6rrzq_l4AaABAg,comment,KAJFALcJjac,,False,@juanmanuelbadillo6178,MGUStaelcarro,1,True
UgyP7cf3e6QTn9si41d4AaABAg,comment,KAJFALcJjac,,False,@juanmanuelbadillo6178,🎉,0,True
UgzyZKiSGKRtf9MqwOV4AaABAg,comment,KAJFALcJjac,,False,@juanmanuelbadillo6178,NeseSitoucarro,1,True
UgzKLIghm0CWCIxCZa14AaABAg,comment,KAJFALcJjac,,False,@salaamhiggins4557,What if you tap the map screen and the charging icon isn't there...how do you add it??,1,True
UgzKLIghm0CWCIxCZa14AaABAg.9yq8ZZgFoTcA0LF5qcYK-N,comment,KAJFALcJjac,UgzKLIghm0CWCIxCZa14AaABAg,True,@Buchi-boi,Do you own a Tesla ?,0,True
UgzKLIghm0CWCIxCZa14AaABAg.9yq8ZZgFoTcA0Y5JVq-3aN,comment,KAJFALcJjac,UgzKLIghm0CWCIxCZa14AaABAg,True,@salaamhiggins4557,Yes I Do. I have a Modal Y that got scratched and was getting repaired. The model 3 rental I had for some reason didn't have the charging icon. @Buchi-boi,0,True
Ugy-ePzSixfVzpyvmLV4AaABAg,comment,KAJFALcJjac,,False,@terenceiutzi4003,Quit driving,0,True
Ugx4t-qG8dks9I-BQ3p4AaABAg,comment,KAJFALcJjac,,False,@ElMistroFeroz,"How do you get defog to work? My windows have been blurred for over six months, thank god for autonomous driving!",0,True
UgwfwfYcUvO4K5qlSYR4AaABAg,comment,KAJFALcJjac,,False,@shilver101,I don't think you mentioned it but the left button on the steering wheel if you have multiple things you were listening too...like the radio or something from your phone if you push the button to the right and hold for a second or so it will change from your radio back to your phone or whatever you were listening too,0,True
UgxDbZ_zZu7mf5zZctl4AaABAg,comment,KAJFALcJjac,,False,@jamesandres7142,2:33 “it’s always on the driver rear side”.   No - it’s always on the left-rear side.,1,True
UgwYYuMf0R5tICIzLcV4AaABAg,comment,KAJFALcJjac,,False,@ebbek6065,You’re awesome dude. Just bought a performance Y and you came in at the right time! 🙏🏽,7,True
UgwYYuMf0R5tICIzLcV4AaABAg.9y7hFW14wcOA0LFHdLEPvD,comment,KAJFALcJjac,UgwYYuMf0R5tICIzLcV4AaABAg,True,@Buchi-boi,"That nice sir, 
Do you an investor with Tesla ?",0,True
UgynaNaB2DI57_os3kx4AaABAg,comment,KAJFALcJjac,,False,@dvs3308,"Thanks a lot, Andy! Very nice video. We hope to pick-up our first Tesla (Model Y) soon.",0,True
UgwaWvuiDU--n8i_uwd4AaABAg,comment,KAJFALcJjac,,False,@leventejuhasz2525,Dude are you really explaning how to use blinkers? That's not the insight I came for honestly.,0,True
UgyMN7pW2puSx8eiImR4AaABAg,comment,KAJFALcJjac,,False,@lKINGl,Why do you have sooooooo much service requests? 😬,0,True
Ugx-ZU7tNCtGBUddwcF4AaABAg,comment,KAJFALcJjac,,False,@brothatwasepic,Warning your wife may curse if you don't stop at a red light ❤,1,True
UgzVDXmrwCWkSyYnaad4AaABAg,comment,KAJFALcJjac,,False,@ridethetalk,The charge port is on the passenger side in RHD countries. Perhaps say it's on the rear left of the car...,1,True
UgzVDXmrwCWkSyYnaad4AaABAg.9xrHPWxHD3GA0LFQMhPJX5,comment,KAJFALcJjac,UgzVDXmrwCWkSyYnaad4AaABAg,True,@Buchi-boi,"Yh, that’s true sir 
Are you an Investor with Tesla ?",0,True
UgwxpDY2WuSMxPepZLJ4AaABAg,comment,KAJFALcJjac,,False,@Nik4o1977,"Thanks, fantastic explanations.",0,True
UgzxEmQGTTVhsB96bfx4AaABAg,comment,KAJFALcJjac,,False,@ztdep,"hi, friends. what if i locked my son in the car? my son have ways to open the door or turn on the AC?",1,True
UgzxEmQGTTVhsB96bfx4AaABAg.9xlQwEiNwvGA0LFWg-Z7W3,comment,KAJFALcJjac,UgzxEmQGTTVhsB96bfx4AaABAg,True,@Buchi-boi,"Once he is locked in , you are in fulll control now 😅
Are you an investor in Tesla?",0,True
UgwoIL44rgjRsJvlNA94AaABAg,comment,KAJFALcJjac,,False,@Peacelovealex1101,"Thank you, after watching this video I realized I don't want one as it seems inconvenient. Awesome video!",0,True
Ugw2atrVwk4-YWsl0jd4AaABAg,comment,KAJFALcJjac,,False,@SpaceDad42,Making a youtube video does not give you the authority to break traffic laws. Stupid kid.,1,True
Ugw2atrVwk4-YWsl0jd4AaABAg.9xicaWy0nycA0LFa2bVQCI,comment,KAJFALcJjac,Ugw2atrVwk4-YWsl0jd4AaABAg,True,@Buchi-boi,"He was only trying to help 💁‍♂️
Do you have shares with Tesla?",0,True
UgwBnS-UioOhJoQhHcl4AaABAg,comment,KAJFALcJjac,,False,@kadu2be,All of them are god mode. Unlike the model Y and X.,1,True
UgwBnS-UioOhJoQhHcl4AaABAg.9xbA6181wVnA0LFfRi9cCt,comment,KAJFALcJjac,UgwBnS-UioOhJoQhHcl4AaABAg,True,@Buchi-boi,"Do you have a Tesla?
Are you an investor with Tesla ?",0,True
UgzZxQ9nli7USE6MGiR4AaABAg,comment,KAJFALcJjac,,False,@Brandon-ob9rg,The future is now!!!,0,True
UgyMWA-r7ExQTXeDp-N4AaABAg,comment,KAJFALcJjac,,False,@teams3345,I would never buy an EV. This is ugly anyway.,0,True
UgyZHKtG_e0Or3P1aa94AaABAg,comment,KAJFALcJjac,,False,@gurpreetkaur-ls7ug,I need this ❤❤❤,0,True
UgxwBC5RbF8p1yehE514AaABAg,comment,KAJFALcJjac,,False,@johninportland6474,"I learned a lot about my model Y, and I learned it quickly.",0,True
UgyxDWXIzerG1e3kBoh4AaABAg,comment,KAJFALcJjac,,False,@Elcapwn,Just got my model 3 love the video even better did not realize you were a local till the navigation hopefully i pass you on the road sometime,2,True
UgyxDWXIzerG1e3kBoh4AaABAg.9xK1ck5ccu2A0LFmG1hdEV,comment,KAJFALcJjac,UgyxDWXIzerG1e3kBoh4AaABAg,True,@Buchi-boi,"That’s nice 😅
Do you have shares with Tesla ?",0,True
UgwNPHXmqkPA9Uo99SB4AaABAg,comment,KAJFALcJjac,,False,@LucieVital,I just rented a Tesla today. Took me 25 minutes to actually get acclimated with the controls and to figure out if the car was on. 😅,5,True
UgwNPHXmqkPA9Uo99SB4AaABAg.9xDnqqLli_-A0LFtoIPc7V,comment,KAJFALcJjac,UgwNPHXmqkPA9Uo99SB4AaABAg,True,@Buchi-boi,"Haha 😂, get used to the future 😂
Are you an investor with Tesla ?",1,True
UgwNPHXmqkPA9Uo99SB4AaABAg.9xDnqqLli_-A0PuvG2o6F_,comment,KAJFALcJjac,UgwNPHXmqkPA9Uo99SB4AaABAg,True,@LucieVital,"@Buchi-boiNot yet, but I will be soon. 🙌🏾",1,True
UgwNPHXmqkPA9Uo99SB4AaABAg.9xDnqqLli_-A0xmWioK0SD,comment,KAJFALcJjac,UgwNPHXmqkPA9Uo99SB4AaABAg,True,@miss_jenny_o,"😂😅😢 Me too! My daughters were laughing at me and said I was  ""old school."" The rental place were low on cars and asked ""TESLA?""",1,True
UgwNPHXmqkPA9Uo99SB4AaABAg.9xDnqqLli_-A0y5fIq_iLo,comment,KAJFALcJjac,UgwNPHXmqkPA9Uo99SB4AaABAg,True,@LucieVital,@miss_jenny_o😢😢😢,0,True
UgzSziqm7STiEfPYtGl4AaABAg,comment,KAJFALcJjac,,False,@SR-bi2vx,"'Always on the driver rear side' - not in the U.K., sir!! 😊",0,True
Ugz-HGIHMX3SvGmrVPV4AaABAg,comment,KAJFALcJjac,,False,@jasonmayerzzz,VERY USEFULL❤,0,True
Ugy4qmXM87W-gs4BDPh4AaABAg,comment,KAJFALcJjac,,False,@dr.ameerpichan,"very informative, lots of info, but you were speaking too fast",1,True
UgzSKE4QePQlTKMCB0N4AaABAg,comment,KAJFALcJjac,,False,@pillington1338,"Incredible guide, by far the best I've seen. Thank you!",0,True
UgwtRa3rS50Ipj8sEVR4AaABAg,comment,KAJFALcJjac,,False,@harveypaxton1232,Thanks for the great informative video.,0,True
Ugx6JDOLdkemogPmTfV4AaABAg,comment,KAJFALcJjac,,False,@Nmzahra82,I have a Tesla autopilot is FST it is a special thing for it to turn by itself,0,True
UgwhN-ROD-EV32KmsZd4AaABAg,comment,KAJFALcJjac,,False,@RUdanik,how to honk?,0,True
Ugx8J__aXntEDyNauw94AaABAg,comment,KAJFALcJjac,,False,@Greatdome99,"I wonder why it has a rear view mirror when there are so many cameras and a large display. Must be a Fed req't. I would miss not having the display right in front of me rather than to the side, and those touch screens are too bright at times, scratch easily and get plenty dirty.",0,True
UgyineAjsBxRohEO8UR4AaABAg,comment,KAJFALcJjac,,False,@pjlonely2891,Craps and a lot crap.,1,True
UgyineAjsBxRohEO8UR4AaABAg.9wovcxFpEgoA0LG-APSBwE,comment,KAJFALcJjac,UgyineAjsBxRohEO8UR4AaABAg,True,@Buchi-boi,"Why sir , he was helpful 
Do you have an investment with Tesla ?",0,True
UgxUjewVKVWRN5g4sIp4AaABAg,comment,KAJFALcJjac,,False,@ambientcafevideos,who is at fault if auto pilot rear ends someone at a stoplight?,0,True
UgyZhBbSolrFctvwgMV4AaABAg,comment,KAJFALcJjac,,False,@ErnestoSanchezNeto,Thank you for explaining so well. I’m doing a test drive today and wanted to know everything 😅. We’ll see if it’s a keeper 😊,0,True
UgzNRBpFWo3-wX9pH694AaABAg,comment,KAJFALcJjac,,False,@JustaKarenDiscoveredTheIntrnet,what happens when ur car is covered in ice door handles dont work,2,True
UgzNRBpFWo3-wX9pH694AaABAg.9wkijxaYUMbA0LG6Z1avhR,comment,KAJFALcJjac,UgzNRBpFWo3-wX9pH694AaABAg,True,@Buchi-boi,"Maybe you will have to do that manually 😅
Are you an investor with  Tesla",0,True
UgzNRBpFWo3-wX9pH694AaABAg.9wkijxaYUMbA3AMh6bVSTb,comment,KAJFALcJjac,UgzNRBpFWo3-wX9pH694AaABAg,True,@Emma-33,Invest in a home with a garage before a car,0,True
UgzNRBpFWo3-wX9pH694AaABAg.9wkijxaYUMbA3Enc_bfYNz,comment,KAJFALcJjac,UgzNRBpFWo3-wX9pH694AaABAg,True,@mini_aiden7008,There’s a unlatch door feature now,0,True
UgwVnDMydVEwA6XgZe94AaABAg,comment,KAJFALcJjac,,False,@jameshernandez5766,Amazing video.,1,True
UgykMI3qT9oHEZugZXF4AaABAg,comment,KAJFALcJjac,,False,@ieashajwalk,"Amazing review! Loved it from start to finish, you have a talent for this. Keep it up!",0,True
UgzaVCybW1EMFDAnmO14AaABAg,comment,KAJFALcJjac,,False,@jmalr23,Waiting on the refresh model Y !  #Stoptelegramers,0,True
UgxfyqDZj5lTEz6GEK54AaABAg,comment,KAJFALcJjac,,False,@richardtorres6261,Please close the hood with two hands.  One hand on each side of the Tesla hood badge.  Thank you.,0,True
Ugz0zc1mUBZC9SWSbfF4AaABAg,comment,KAJFALcJjac,,False,@VictorHello-m9w,Mrs Elena the bitcoin trader is legit and her method works like magic I keep on earning every single week with her new strategy.,0,True
UgwXO7oG3TXs7t5cvgF4AaABAg,comment,KAJFALcJjac,,False,@VictorHello-m9w,"I will be forever grateful to you, you changed my whole life and I will continue to preach on your behalf for the whole world to hear you saved me from huge financial debt with just a small investment, thank you Mrs Elena",0,True
UgzXdJmCDPvlvswNSnV4AaABAg,comment,KAJFALcJjac,,False,@VictorHello-m9w,"I will forever be indebted to you Mrs Elena. You have changed my entire life , I will continue to preach your name for the world to hear . You saved me from huge financial debt with the little I had . Thank you Mrs Elena.",0,True
UgzmMAM2dhuLel_lm2x4AaABAg,comment,KAJFALcJjac,,False,@wfbtmcc,"Very helpful for a beginner like me, thank you.",0,True
Ugxy44KHRQ5NaRkUxLZ4AaABAg,comment,KAJFALcJjac,,False,@Skandawin78,Do you have fsd in this video or just standard autopilot?,0,True
Ugynt0XVpcIRsM44qll4AaABAg,comment,KAJFALcJjac,,False,@user-ev7dm4tg9l,I had this in my stupid Renault Scenic Megane minivan :D,0,True
Ugw0G0GEkp3OQUBvP7x4AaABAg,comment,KAJFALcJjac,,False,@johnshares,"Thanks Andy for this briefing , I’m about to hire a Model Y for the first time so this has come at the right time.  I’m at the other end of the age scale to you, so wish me luck. 
What do you do for a living to afford 2  Teslas ?  I’m  guessing radio DJ . ?? Best wishes from Perth Australia.",0,True
UgydslNKI9a6qU6tXr54AaABAg,comment,KAJFALcJjac,,False,@manolo_px,1:42 this is the wrong way to close the frunk. You should not press the tesla symbol. Check the manual.,1,True
UgwrEX7kOkg2gobfg7t4AaABAg,comment,KAJFALcJjac,,False,@stewarttate,"ty Andy, very useful.",1,True
UgwM4R7YXkcQneiXkYt4AaABAg,comment,KAJFALcJjac,,False,@samsungiphone,Everyone need to inspect there car thoroughly. Any manufacturer defects on paint job you find down the road they will not service no matter if your car is still under warranty. Anything cosmetic they will not repair. Tesla is starting to suck for me now. When you bring your car in for service to get the condenser and radiator cleaned out they will no longer do. This is an annual maintenance needed to get cleaned. If it's dirty and clogged that can affect your battery.,0,True
UgwCxvMOioiPg7utSot4AaABAg,comment,KAJFALcJjac,,False,@berrymerryjerry4291,I want my tessie so bad,0,True
Ugwl6IHsDoVEP5XfaI14AaABAg,comment,KAJFALcJjac,,False,@stefan2796,"Please be careful with posting negative comment on X (twitter) about your Tesla, or about Elon. Because Elon will push the ""Spontaneous Self Combustion"" button then...",0,True
UgzuGnyLvrcvD67wKPZ4AaABAg,comment,KAJFALcJjac,,False,@joechen2763,"Outstanding, thorough and super informative video. Thank you for making this video.",1,True
UgxLDr9zXYNvGgdqBgt4AaABAg,comment,KAJFALcJjac,,False,@Dave-o2h5f,"I count 18 years, correct me if I’m wrong!",0,True
UgwOCBLnDOzbBPqCL9B4AaABAg,comment,KAJFALcJjac,,False,@Dave-o2h5f,"In England, we don’t call it the trunk, we call it the boot….so I guess Froot? 😂",0,True
UgxUqFfrPmejnFtq1O54AaABAg,comment,KAJFALcJjac,,False,@Superfastjellyfish669,This video just made me change my mind on getting a model y,0,True
UgxmyTn334POJuv32YN4AaABAg,comment,KAJFALcJjac,,False,@jaypizzle7693,"This was an excellent video. Thank you very much. 
I can’t wait to watch other videos",0,True
UgxDNgUuBHjwMuzBUXV4AaABAg,comment,KAJFALcJjac,,False,@TerribleHandleName,"Comprehensive & well put together review, thanks for posting.  When you close the front trunk though, Tesla state that you're meant to push down on either side of the logo where the support struts are, not in the middle.  It's aluminium, not steel, so pushing down on sheet aluminium with no underlying support causes it to bend, which you can see happening when you pressed the badge to close it.",1,True
Ugx3Q68S99t9oPpWm1J4AaABAg,comment,KAJFALcJjac,,False,@Mr_Huerta,According to the owners manual you are closing your frunk wrong. You are supposed to push with two hands around the Tesla logo.,0,True
UgxBpq7XWb3HxRk-RZF4AaABAg,comment,KAJFALcJjac,,False,@justanotherguy7798,Going for a test drive Saturday with my son who is interested in M3 so I really appreciate this information so now we are not totally unfamiliar with operating the driving functions.,0,True
UgxcM_oxydf-YLc5HWh4AaABAg,comment,KAJFALcJjac,,False,@ElTierrez,my family just got their first Tesla which is also our first electric car and yeah I gotta get to researching because not only am I new to all of these controls but I also have to translate it to my parents in spanish lol thanks for the video.,0,True
Ugy37nB90kbn44VBsLN4AaABAg,comment,KAJFALcJjac,,False,@Silentblackandgreen7777,"Great stuff, I a, getting a Tesla in the next month or so…. Can’t wait",1,True
UgxkrT1cRWvngPTmSVx4AaABAg,comment,KAJFALcJjac,,False,@BBMc107,Trading my X for a new Y. This is the best video I have found on operating a Y. Thank you for all the tips and tutorials.,0,True
UgyXDUfUzfuh_fdRNQF4AaABAg,comment,KAJFALcJjac,,False,@ron2ie26,owning a tesla model 3 in arizona must be tough for people who are just learning because the doors are hot everythings hot in the model y the s bypasses it and has easy doors plus a advanced air system thing,0,True
UgzeTqvd44fvsEIAhKx4AaABAg,comment,KAJFALcJjac,,False,@manishganatra3631,"Thanks a lot, Andy! I plan to buy a Tesla and this video is very informative. It helped me learn and figure things out.",1,True
Ugx5cJ5rFDqsQgIBubd4AaABAg,comment,KAJFALcJjac,,False,@NN-rf6sy,"wrong, disinformation!  the petrol charging port is not AWAYS on driver hand side. depending on county in some  it can be on opposite side",0,True
Ugx8EH_BtIUhxDW8plx4AaABAg,comment,KAJFALcJjac,,False,@flaminz4506,8:35,0,True
UgyaMMX54ZzqW-2kyjh4AaABAg,comment,KAJFALcJjac,,False,@PaulSanchez-fr,Thanks Andy for this clear & useful tutorial,0,True
UgxaV4hO5g0xZG_2mXN4AaABAg,comment,KAJFALcJjac,,False,@RobertKeenanComp-U-Right,Would you recommend ceramic coating for Tesla?,0,True
UgxkgQzNWgxyM4DMhPZ4AaABAg,comment,KAJFALcJjac,,False,@freegw1,One ugly car. No style.,0,True
Ugy1RTThSVQqqBRiA_F4AaABAg,comment,KAJFALcJjac,,False,@NUKEEMTILLTHEYGLOW,good job ! semper fi,0,True
Ugyc4uCO89oJb6Edeo54AaABAg,comment,KAJFALcJjac,,False,@chakreshsingh,"What a time in history, to be alive!",0,True
UgzBKuTLRFi74F93DeB4AaABAg,comment,KAJFALcJjac,,False,@owainbennett663,"Internal combustion engines technology has been around for over 200 years, time for a change.",0,True
UgwVAXJHpBEyTQlJRIx4AaABAg,comment,KAJFALcJjac,,False,@sdflipper743,"My wife dl app in order to transfer used vehicle. Done in one day. So she renamed the car ""The Marshmallow "" but on the app it could not handle length.  When she added me as driver, my app has name of car as one line, like Daddy Chill, but I did not have a referral cube just message and photo icon. Any idea how to fix her app?",0,True
UgyKpuK2UDBme3RgVgV4AaABAg,comment,KAJFALcJjac,,False,@TheHypnotstCollector,"in 2020 we bought a glass Tesla roof (with 6000 watts,) which sadly seems no longer available. ..  Roof charges two power walls. And now we don't have an electrical bill. And recently we bought a Model 3 Dual Motor. right now we have free Tesla charging for 10k miles and we have our Tesla roof.  It's pretty cool.  We needed a new roof and with perks the Tesla roof was a good deal... And the cars have 198k and 160k so it was fairly easy to reason the T3 buy......",0,True
Ugw6uAVrFJdWASoYNC54AaABAg,comment,KAJFALcJjac,,False,@VladimirChernik,"Andy, thanks a lot! I'm driving TESLA 3 since 2020, but still found a few interesting things about car :)",0,True
UgzlZ9DN6rbmrIA-Y5F4AaABAg,comment,KAJFALcJjac,,False,@jimmycolabawala8578,Very good explanation. Thank you,0,True
Ugxzra5nColPyq3Sow14AaABAg,comment,KAJFALcJjac,,False,@XunHinGeD,I wish I could get one but with what Trudeau has done to Canada I can't even afford a full tank of fuel... To get to work.,0,True
UgwqOubP6XU-_1lHk5V4AaABAg,comment,KAJFALcJjac,,False,@XunHinGeD,I wish I could get one but with what Trudeau has done to Canada I can't even afford a full tank of fuel... To get to work.,0,True
UgyJgh6P2jAm33HKXYZ4AaABAg,comment,KAJFALcJjac,,False,@AnthonyRose,"Hey you’re in my town in this video!

My Tesla Arrives tomorrow. So excited!",0,True
UgyOzO2R4UTgDQp7meB4AaABAg,comment,KAJFALcJjac,,False,@deenaxic9134,"Don't press down on the front hood directly on the Tesla logo. It says very clearly in the manual, do it on both sides. Never directly on top.",0,True
UgwzA7JSaIFtg6OHgzN4AaABAg,comment,KAJFALcJjac,,False,@musicinternational296,Autopilot doesn't come with all model in Thailand. It's additional cost,0,True
UgxZWhHYjbqKF8unb_d4AaABAg,comment,KAJFALcJjac,,False,@musicinternational296,It's little bit fast for explaining setting.,0,True
Ugx43FlwK-83JXJRKY94AaABAg,comment,KAJFALcJjac,,False,@LindaJohnson-wu6ws,"Im about to take delivery of my first Tesla, this video has been perfect for helping me know all the everyday basics and then some of my new EV. Thank you!",0,True
UgyIpJ19Up16qqWx3114AaABAg,comment,KAJFALcJjac,,False,@locwong9284,"Crap looking car nothing special for the price,if you got this kind of money you don't need to save money on petrol or diesel buy a Lamborghini or something similar 😅",0,True
Ugw8D-2f7Q0WGxa0Ht14AaABAg,comment,KAJFALcJjac,,False,@jiminauburn5073,So many entries in your history of service is kind of scary...,0,True
Ugxug2yK4fWsSUkiqTd4AaABAg,comment,KAJFALcJjac,,False,@semirafejzic7,"Thank you so much Andy..I'm still so scared, but You make my life easier..So thank you again",1,True
UgzaBZspSuHE5PZUocR4AaABAg,comment,KAJFALcJjac,,False,@lancevalient01,"Thanks for the awesome video! Has anyone had any trouble syncing to their home wifi? I bought a repeater to up the range of my wifi, and get 1G up and 1G download speed, but for some reason my 2019 Model 3 refuses to sync. I even made a guest network specifically for the vehicle and nada. Any help would be appreciated!",0,True
Ugw6_V2V7d5_gfAfvPV4AaABAg,comment,KAJFALcJjac,,False,@uwepemberton3768,"Been thinking of getting a Tesla love you over view, Do you have a referral code when I purchase",0,True
Ugw6_V2V7d5_gfAfvPV4AaABAg.9tYFU8e1IwA9tZ7WhyA0OZ,comment,KAJFALcJjac,Ugw6_V2V7d5_gfAfvPV4AaABAg,True,@aslye,Sure https://www.tesla.com/referral/aaron86762,0,True
UgwMovaXUTsI_W6KX5F4AaABAg,comment,KAJFALcJjac,,False,@1empyre1life,"This video was super helpful with my first Tesla drive (model Y extended range, dual motor, full self driving) via Turo. I watched the first half or so of the video  before I drove and it was super helpful! The rest of the video was full of more great info that would have made that first drive even better. I was able to figure out some of the stuff you covered, but would have been better off watching the whole video beforehand! I'm definitely sharing this to others and will use it if I decided to host a Tesla on Turo. Thanks!",0,True
UgzDx9gCyU-Xh1O07KV4AaABAg,comment,KAJFALcJjac,,False,@katerynalongley4948,Thanks Andy!,0,True
Ugzp_wKHaoMcN23mG9B4AaABAg,comment,KAJFALcJjac,,False,@levin6810,"Don't ever drive behind a Tesla either in parking lot, high way, freeway. Tesla suddenly just stop or reduce speed drastically if it sees any suspect object. Many Tesla got into accidents due to drivers behind hit it rear bumper for these reasons.",0,True
Ugw3eQbV0-J0Oyb1rqh4AaABAg,comment,KAJFALcJjac,,False,@ster0ck,Wonderful guide thank you Andy! Looking forward to my model Y next month!,1,True
Ugw7h3CoKmABD8_YaXB4AaABAg,comment,KAJFALcJjac,,False,@jewelrystoragesolutions,I can’t open the trunk unless it’s from the app or the inside screen. Can you please let me know if there is a special setting for the trunk ? Thank you.,0,True
UgwbLmkJVIxEyknWVDJ4AaABAg,comment,KAJFALcJjac,,False,@studiofarrow,This was wonderful,0,True
Ugya9qNav_IXFuBSa3R4AaABAg,comment,KAJFALcJjac,,False,@willnj1,"Awesome guide, and you brought back memories of my time at Fort Knox.",0,True
UgzlU-Jm2t5P5Gh3L7d4AaABAg,comment,KAJFALcJjac,,False,@ΦΩΤΙΟΣΜΠΑΡΜΠΑΣ,Bravo 👏,0,True
UgxtRy8pDVnoro0a3uB4AaABAg,comment,KAJFALcJjac,,False,@tatojanc,Great video Andy. Thank you very much,0,True
Ugxc8B4gAoy2lH8Mdi94AaABAg,comment,KAJFALcJjac,,False,@JumpMan5O,"Well done, hoping I am forced to reference this because I own a Tesla M3 soon. 🤞🏼",0,True
UgyaCGPGG-NhMD9viCN4AaABAg,comment,KAJFALcJjac,,False,@nononsenseBennett,"GREAT, very concise video. It should be INCLUDED with all new Tesla 3's! Place a shortcut on the desktop (car screen)....",2,True
UgxeWGS52i5kP2Cp8kl4AaABAg,comment,KAJFALcJjac,,False,@freudmarckenley1268,What if my phone is dead àd my card is lock in the car,0,True
Ugy8OG60EC4Faritsmp4AaABAg,comment,KAJFALcJjac,,False,@samyelljackson1549,I see you're a Nas fan. Well done sir,0,True
UgxH0h_hzM2bzyPQbbx4AaABAg,comment,KAJFALcJjac,,False,@annedoran5469,"I have some frustration using auto pilot because although I'm always holding the steering wheel and have used increased pressure to prevent this, it still throws me out after 3 warnings (as it should) but I am holding the wheel with quite a bit of pressure.  Is there something I can do?",0,True
UgyfwgfsJOCfnoJQdD14AaABAg,comment,KAJFALcJjac,,False,@sjdude12,"This is like the simplest, most straight forward tutorial to operate Tesla. You’re awesome thank you!",0,True
UgxZyT5ERmxqqpPatEN4AaABAg,comment,KAJFALcJjac,,False,@brantthompson199,Just got my Model 3 today.  Tried to activate autopilot but it won’t enable it.  It kicks out an error message saying “auto steer not enabled”.  Is this something I need to set in the controls?,0,True
UgwY_iwP7TM9fxEy7-94AaABAg,comment,KAJFALcJjac,,False,@kendanti3347,Great video. The best time to charge would be 9 am to 3pm when renewable energy is available. Charging at night would require mainly fossil fuels generated power.,0,True
UgwKxkv3KPhtfzWpFQV4AaABAg,comment,KAJFALcJjac,,False,@trrtrtrtdtd,these kinds of videos are what i watch even tho its allwyas about stuff i dont have,0,True
UgzsQGiaoRKsyiuwmPt4AaABAg,comment,KAJFALcJjac,,False,@RaMu363,علمنا كيف نقودها,0,True
UgxXgtvCvgQs5Yt-x0d4AaABAg,comment,KAJFALcJjac,,False,@MrManafon,"The video is good, coherent and gives good advice. But its just so icky when Tesla fanboys say stuff like ""the most technologically advanced cars ever made"" or ""this works weirdly different than other cars"" nah bro, it just a car. Like many before it. You just haven't been in other cars it seems :P Can't y'all just make a good video, without pointing out how superior and quirky Tesla is every 60 sec.",0,True
Ugw5S4vYxJPxlAKdvj54AaABAg,comment,KAJFALcJjac,,False,@drmuller77,"The best tesla primer I have ever seen! This
Video rocks!",5,True
Ugwc0UttUNMhW_Ruj754AaABAg,comment,KAJFALcJjac,,False,@butchmagnus6246,Thank you so much brother,2,True
UgyFkhFsF5VwGzjo_dB4AaABAg,comment,KAJFALcJjac,,False,@Infinitetradez83,"I’ve drove EVERY CAR ALMOST 
Tesla feels the best",1,True
UgyZYfHDFyXdfW2JBTh4AaABAg,comment,KAJFALcJjac,,False,@LenadroJanna,Thank you so much for the full video !!!! I’m ready to get my Tesla tomorrow ! Your video is good. Everything well explained 🎉,1,True
UgyZYfHDFyXdfW2JBTh4AaABAg.9rqgSeH0iqJ9rrq0Q2G_uw,comment,KAJFALcJjac,UgyZYfHDFyXdfW2JBTh4AaABAg,True,@aslye,Have fun!,0,True
UgxG6lzyNCmfJU4j2GZ4AaABAg,comment,KAJFALcJjac,,False,@betsywalton6301,4:39pm. I added windshield washer fluid and don’t know how to use it. Please help.,0,True
UgzUEsA6kyKP03xdKhB4AaABAg,comment,KAJFALcJjac,,False,@chrisp4170,"Charging port isn't ""always on driver rear side"" (2:40). It is always on the left rear side. If you drive on the other side of the road as happens in some parts of the world, then port is still rear left.",0,True
UgxFT6-wtgjAObcUqph4AaABAg,comment,KAJFALcJjac,,False,@kaylematye,This is great! Thank you,0,True
UgzRwKK3hWlcJroEp6R4AaABAg,comment,KAJFALcJjac,,False,@ebolds4918,This review was excellent 👍🏽,1,True
UgySlHudIYV__zuXaS54AaABAg,comment,KAJFALcJjac,,False,@Pepegium,26:58 ah so you are a tailgater. ffs everything below 5 is just stupid,0,True
Ugx1s9Jz8NIV8FDwHXJ4AaABAg,comment,KAJFALcJjac,,False,@slowercuber7767,Wish I could give this two likes.,0,True
Ugz7VS8_i6aGlQYhNJJ4AaABAg,comment,KAJFALcJjac,,False,@crypto_chick_,No way!   I charged on a 110 outlet and it was about 1.3 miles per hour !,0,True
UgzKRPk0RZ9aEIcyOYZ4AaABAg,comment,KAJFALcJjac,,False,@marygirardin5300,How much to charge it up??,0,True
UgyJ3VElzGQmc79f-AR4AaABAg,comment,KAJFALcJjac,,False,@kikidoll7101,Absolutely appreciate this walkthrough! Ace job.,0,True
UgzpWLbVh7eZiKH7wJ94AaABAg,comment,KAJFALcJjac,,False,@chase_vaseleou,Need to talk about that rare yellow GXP at @18:43 😮,0,True
UgxHgejCI19hzrUZi3l4AaABAg,comment,KAJFALcJjac,,False,@limonimon1021,How does your car not honk when locking/unlocking,0,True
Ugz-pTKMOEQF1fl3k6d4AaABAg,comment,KAJFALcJjac,,False,@PrettyGirlRock87,"This was a stellar review. I just purchased a Tesla, and this has been the BEST review thus far. Thank you very much for making me feel so much more comfortable in my new car.",6,True
UgyPbe86z8a-7YtTGD94AaABAg,comment,KAJFALcJjac,,False,@briansolik880,My daughter is obessed with TESLA!!,0,True
UgyZAYfDmOpnivdDxy94AaABAg,comment,KAJFALcJjac,,False,@Peter.Silver,"THANKS SO MUCH, PLEASE CONTINUE with tips, hints, warnings, secret features and/ or settings.",0,True
Ugw569_PEFYrd9XW7Dd4AaABAg,comment,KAJFALcJjac,,False,@DolioFoilio,I'm not even a Tesla owner & i watched the whole thing. What an amazing piece of engineering... The pinnacle of EV vehicles.,129,True
Ugw569_PEFYrd9XW7Dd4AaABAg.9qlbA_EFP1wA16N4A-BoJr,comment,KAJFALcJjac,Ugw569_PEFYrd9XW7Dd4AaABAg,True,@trevorrodgers777,Do it! I get my 2024 MYLR in less than two days! I'm stoked!,3,True
Ugw569_PEFYrd9XW7Dd4AaABAg.9qlbA_EFP1wA24CxxDy58F,comment,KAJFALcJjac,Ugw569_PEFYrd9XW7Dd4AaABAg,True,@pvic6959,I got a model 3 highland a few days ago1,3,True
Ugw569_PEFYrd9XW7Dd4AaABAg.9qlbA_EFP1wA24E-UDbnOv,comment,KAJFALcJjac,Ugw569_PEFYrd9XW7Dd4AaABAg,True,@trevorrodgers777,@pvic6959  congrats! 🥳 I keep finding ways to love mine more and more! Truly an amazing vehicle!,2,True
Ugw569_PEFYrd9XW7Dd4AaABAg.9qlbA_EFP1wA24QblJVxob,comment,KAJFALcJjac,Ugw569_PEFYrd9XW7Dd4AaABAg,True,@pvic6959,​@trevorrodgers777 thank you!!,1,True
Ugw569_PEFYrd9XW7Dd4AaABAg.9qlbA_EFP1wABJQM9AK7b_,comment,KAJFALcJjac,Ugw569_PEFYrd9XW7Dd4AaABAg,True,@KeyboardKing1,Same,0,True
Ugw569_PEFYrd9XW7Dd4AaABAg.9qlbA_EFP1wABMSLMzd0FD,comment,KAJFALcJjac,Ugw569_PEFYrd9XW7Dd4AaABAg,True,@Pandi613,Hi,0,True
Ugw569_PEFYrd9XW7Dd4AaABAg.9qlbA_EFP1wAC-VZZ_xs3l,comment,KAJFALcJjac,Ugw569_PEFYrd9XW7Dd4AaABAg,True,@abroslife,"I used to comment like this, I got my Model Y last week. Your time is coming.",0,True
Ugw569_PEFYrd9XW7Dd4AaABAg.9qlbA_EFP1wAHfVW9ryZnQ,comment,KAJFALcJjac,Ugw569_PEFYrd9XW7Dd4AaABAg,True,@gretchenbond784,I love my 23MYLR,0,True
Ugy1dFTztwjSrT8BGoh4AaABAg,comment,KAJFALcJjac,,False,@barrybennett9563,Not on the drivers side in RHD countries!,0,True
Ugy4Bz2FYKKsq90tf4d4AaABAg,comment,KAJFALcJjac,,False,@ericeinar,Just ordered a blue long range model y.,0,True
Ugxbo9PD75wWyo42a1h4AaABAg,comment,KAJFALcJjac,,False,@Kaiser-ks3yq,anyone else see the car almost hit the curb at 19:31?,0,True
UgxTK2orIx--H1phHbt4AaABAg,comment,KAJFALcJjac,,False,@geneziemba9159,Helpful,0,True
UgxMJ7RPPXy59xVLnct4AaABAg,comment,KAJFALcJjac,,False,@trooperxdan,😢one day,0,True
UgzBxMPcoyLcRRSy9654AaABAg,comment,KAJFALcJjac,,False,@victorjmendez,Only issue I see is the closing of the frunk. It’s supposed to be 2 hands at either sides of the Tesla logo,0,True
Ugw8sBOKHe43sZuBqzJ4AaABAg,comment,KAJFALcJjac,,False,@merittthomas,Production quality of this video is insane! Amazing video—thanks!! 🤩❤️⚡️,3,True
UgwPFXpTdV6N5pGphfl4AaABAg,comment,KAJFALcJjac,,False,@WankYouForYourService,Rrally thorough. Thank you.,2,True
UgyDUipvsrGcZv0rR5x4AaABAg,comment,KAJFALcJjac,,False,@slowercuber7767,I'd heard the touchscreen was responsive. wow. Tesla's is much better than my 2015 and 2020 (ICE) Fords.,0,True
UgzNpvUQSwgrWZQ9a6N4AaABAg,comment,KAJFALcJjac,,False,@tallicafan85,Is there a mode to turn on to save more power? I will be renting one soon for vacation.Wish i was rich enough to have one.,0,True
UgymYWrN02rXdNlM_m14AaABAg,comment,KAJFALcJjac,,False,@harryparks2847,Which model has the solar panel roof?,1,True
UgwpxJPXvRM98PBqfsd4AaABAg,comment,KAJFALcJjac,,False,@TrungNguyen-ww8hi,"Please don't buy Tesla, It will cost a lot of money. I own a Tesla and cry now.",0,True
UgwpxJPXvRM98PBqfsd4AaABAg.9pwi1PNCZWY9q2PTRB5GKo,comment,KAJFALcJjac,UgwpxJPXvRM98PBqfsd4AaABAg,True,@spiralmoment,What made it expensive to own?,0,True
UgywkmfbMtp1100IbZl4AaABAg,comment,KAJFALcJjac,,False,@dontgetsalt2045,This is the best video by far,1,True
Ugy-nqea8v9tPi-URMB4AaABAg,comment,KAJFALcJjac,,False,@anderbeau,We just dove in head first and bought 2 Teslas for the first time and THIS is SO helpful!  Thank you! 👍🏼,4,True
UgyIQpvsejy_MBNtS3N4AaABAg,comment,KAJFALcJjac,,False,@highlymedicated5936,This is a really good video.  Well done.  Great information and presentation.,3,True
UgwpAFQ1Mi55hKqJcIR4AaABAg,comment,KAJFALcJjac,,False,@JdeeLandd,why didn't they make the roof of the Tesla a solar panel so when you park your Tesla during a hot day your car can charge while you are away from the vehicle smh,1,True
UgwcwjHZAmGKM_oq1IN4AaABAg,comment,KAJFALcJjac,,False,@NoChannelChannel,Such an ugly car,0,True
UgzOeY4P_n8s05P3c6p4AaABAg,comment,KAJFALcJjac,,False,@tobysuniverse,I understand you want to promote your sponsor but the tesla pretty much allows you to see the exact battery degradation,0,True
UgxDl1dl3tiuEYGBmIV4AaABAg,comment,KAJFALcJjac,,False,@AT--77,0:13 I feel the pain,1,True
UgxDl1dl3tiuEYGBmIV4AaABAg.9pWijYEHBT4A9azQwv5r98,comment,KAJFALcJjac,UgxDl1dl3tiuEYGBmIV4AaABAg,True,@justindupuis180,what☠️,0,True
UgxeY2rsEiIQrbxr0Q14AaABAg,comment,KAJFALcJjac,,False,@vincentdeepak,"Best explanatory video of Tesla Model Y, 🙌🏻🙌🏻🙌🏻",3,True
UgyjyU4QX0P_uyO9K2V4AaABAg,comment,KAJFALcJjac,,False,@mashmate,Amazing video. Your voice sounds exactly like the voice in the Tesla video manuals 😄,0,True
UgzrsT7Qu_A_qe-mnaB4AaABAg,comment,KAJFALcJjac,,False,@Cherryblossomsu,"me watching this knowing i wont ever be able to afford, but manifesting anyway",1,True
UgzrsT7Qu_A_qe-mnaB4AaABAg.9pTkwqODPG2A2uRCG5QVRL,comment,KAJFALcJjac,UgzrsT7Qu_A_qe-mnaB4AaABAg,True,@a.girl.has.no.name_,Prices dropped!! Check it out! $29k starting,0,True
Ugy2yK6yPAgNXkzo2wd4AaABAg,comment,KAJFALcJjac,,False,@brahimaoudia4621,"Nice videos. But most of the technology that a Tesla have, other automakers from germany have that  many years ago before tesla. Especially Mercedes Benz. and you mentioned that you can ajust everything from the sreen, simply because physical buttons are very expensive to install.",0,True
UgyUTnvWhZw3U2CFKpF4AaABAg,comment,KAJFALcJjac,,False,@peggychurchill5518,"TOO MANY GADGETS, EVEN FOR ME?",0,True
Ugzmv0j3eDIZdNvLkkl4AaABAg,comment,KAJFALcJjac,,False,@JMLigma,Step 1: get a real car,0,True
UgyUomXz2yF8A81QYWF4AaABAg,comment,KAJFALcJjac,,False,@tonyseeley,"Thanks for this really great video, I learnt loads and was super helpful.  Now I just have to wait for my car to arrive 🙂",1,True
UgxZR0xGET59ukN-KRd4AaABAg,comment,KAJFALcJjac,,False,@josephmattioli-x4l,Best complete guide I've seen to date. Thanks Andy,1,True
UgxhP2V5BqgyhR4Q9Cl4AaABAg,comment,KAJFALcJjac,,False,@RJ55,"Thank you, the best introduction video I have watched, after 8 years of thinking about it I finally ordered a model Y long range this video will be watched several times again before my delivery.",1,True
Ugxs5K3DrCg0EK_GGjp4AaABAg,comment,KAJFALcJjac,,False,@deathuponusalll,@37:17 what’s that “fart” feature do? 👀 😅😂,0,True
Ugw9t8oJt5n0rUF2SZF4AaABAg,comment,KAJFALcJjac,,False,@jebes909090,why would up be reverse?  thats wierd.,0,True
UgxardEej89BHe2BaN14AaABAg,comment,KAJFALcJjac,,False,@ridethetalk,Charge port is on passenger rear side for RHD cars...,0,True
UgzBq6JDDLwMf9NQ0rh4AaABAg,comment,KAJFALcJjac,,False,@CrystalShieldPPF,😎,0,True
Ugz2O2e-xmCnY5T8xIN4AaABAg,comment,KAJFALcJjac,,False,@MrCparlak,Thanks much Andy.  Very clear explanation.,1,True
Ugyy3OoGu8K3Z8Eal6x4AaABAg,comment,KAJFALcJjac,,False,@ThomasFoolery8,Dude that was really comprehensive. Thanks!,1,True
UgwxsBbzTZQCYH9sbOF4AaABAg,comment,KAJFALcJjac,,False,@gm3204,"I’m sorry I’m new here, but do you by chance have any videos talking about the Tesla service section? My biggest concern is how much maintenance is really needed on a Tesla and I saw you requested service almost every month in 2021!",0,True
UgwAC94o0C5iNWnHr254AaABAg,comment,KAJFALcJjac,,False,@bgfish5290,Anyone got any suggestions about wireless churching iPhone 13/14? The connection is so intermittent. Thanks,0,True
UgweXeoU9we2Ti7hXbx4AaABAg,comment,KAJFALcJjac,,False,@RealLegoBeast,a front nose only a mother would love,0,True
UgyQN6B6BTaSask804p4AaABAg,comment,KAJFALcJjac,,False,@ivayloi6591,"Hi Andy, can you please provide some   real world reliability information on the model y. Posted by Erin Robinson ( Don't buy a Tesla until you watch this...). I've been following Tesla since the beginning but these were some serious issues that undermine the Y as a daily driver. Issues like , flat tires because of air pressure and because this car is too heavy. Auto wipers that don't turn off. Too hot because of poor tint . Phone not working as a key I mean every time , too dark because of poor lights in the back , bad ride quality, phantom breaking. Etc thank you",0,True
Ugx7MwLnhcxHP6JCq_94AaABAg,comment,KAJFALcJjac,,False,@mattball2700,"Thanks Andy! We're renting one next week, and this is super useful!!!",1,True
Ugz0RG_TrDHfDErL7S14AaABAg,comment,KAJFALcJjac,,False,@thomasruwart1722,"I showed my 80-year-old uncle how my MY farts. His response was priceless: ""Well, my RAV4 doesn't fart but it does pass gas.""",0,True
UgxJ3YXBwqdkgx9FBVB4AaABAg,comment,KAJFALcJjac,,False,@arkar6666,Bro are you stupid that is a model Y. Why you put 3/Y,0,True
UgzihUMn4xIVLR_MHAl4AaABAg,comment,KAJFALcJjac,,False,@arkar6666,My favorite Tesla is Tesla model S plaid,0,True
UgyMaZ46pP821V2RvQB4AaABAg,comment,KAJFALcJjac,,False,@CosmoTheToyAussie,"Omg. I can’t believe that I actually watched the whole thing. Felt like I was taking a college course. Lol. I’m glad there no exam, cuz I’ll probably fail miserably. 😅😂 Thank you for the thorough info, Andy. I’ll probably need to play back when I get a model Y. Lol😂",0,True
UgzeoPAdW_UE7x3r_R54AaABAg,comment,KAJFALcJjac,,False,@silentmajority5657,Very detailed video.    Thanks,0,True
UgwiDbwdQ0mwe2hZTRR4AaABAg,comment,KAJFALcJjac,,False,@agamehdialiyev5801,I'm just curious what happens if you accidentally press R while you are in D drive mode in highway,1,True
UgxoxW4Te-vBKdB7zUN4AaABAg,comment,KAJFALcJjac,,False,@mikepowell5313,Thanks soooooo much for this video I’m seriously considering a Tesla Model Y for my next car still scared of this charging thing (yea I’m stupid 😁) but your video has answered so many of my questions…..,2,True
UgxixgwK056GolDADvF4AaABAg,comment,KAJFALcJjac,,False,@Flash-Strike,"Tesla stops, starts smoking, & explodes 18 times - EVs are Ticking Time Bombs",0,True
UgxixgwK056GolDADvF4AaABAg.9oFWEz6ghn39oJUY7tUZaT,comment,KAJFALcJjac,UgxixgwK056GolDADvF4AaABAg,True,@not_brainiac,"Gas car stops, starts smoking, explodes from issue in the engine and tank - Gas Cars are Ticking Time Bombs",0,True
UgyHkVOWpJpXId_40Ih4AaABAg,comment,KAJFALcJjac,,False,@EveLivesToTravel,"GREAT info, Andy! I really appreciate your calm demeanor. We pick up our new Model 3 on Saturday and I cannot wait!!! Made my appointment for PPF already. BTW, love Fresh Air too!",3,True
UgyHkVOWpJpXId_40Ih4AaABAg.9o7nSPuV5Wx9o7ncUghoq9,comment,KAJFALcJjac,UgyHkVOWpJpXId_40Ih4AaABAg,True,@aslye,Have fun!,1,True
Ugwa-l1_p8-MWYhHXXd4AaABAg,comment,KAJFALcJjac,,False,@aaronmbwabi,how is enhanced autopilot different from standard autopilot?,0,True
Ugwa-l1_p8-MWYhHXXd4AaABAg.9o-j4WpzdwN9oJUaHVU-YB,comment,KAJFALcJjac,Ugwa-l1_p8-MWYhHXXd4AaABAg,True,@not_brainiac,Enhanced has more features while standard has stuff that is built in,0,True
UgzG6Ny23eVeI4F6cZB4AaABAg,comment,KAJFALcJjac,,False,@triggermindscape2031,"Thanks Andy. Awesome video. I just bought my first Tesla it is really helpful. 
What did you attach to the roof inside your car ? 43:05",1,True
Ugy8xAxHzfm1uicGVr14AaABAg,comment,KAJFALcJjac,,False,@zrivera4950,"I just want to know who made the executive decision on the fact that up should be reverse and down drive!? It will definitely take some time to get used to. 
My brain associates the upward motion as being towards the windshield (forwards) and down being towards the back window (reverse) 

I can't be the only one!!",0,True
Ugy8xAxHzfm1uicGVr14AaABAg.9nqCDF9ZUcC9oLWrI8Lsr7,comment,KAJFALcJjac,Ugy8xAxHzfm1uicGVr14AaABAg,True,@AML2000,"Perhaps from the days that automatic transmission gear shifts were on the steering column.  You moved the lever up from neutral to get into reverse, and down to get into drive. Our 1961 Ford Fairlane was the first car I drove with a full license as a sixteen year old, and that's the way it worked on that car.  Of course, the 1963 Dodge Dart I learned to drive in as a 14 year old high school student in high school driver's ed had a push button transmission on the dashboard! It still annoys me that on insurance forms I can't put in ""14"" as the age I first started driving.  They only allow 16 as the lowest number.",0,True
Ugy5FugW2ogQaGL9UHp4AaABAg,comment,KAJFALcJjac,,False,@ScottH48,"Been on the fence about a Tesla. This is the best video I’ve seen on the subject. Lots of quality information. 
I do have a question that hesitates me from EVs. What is the likely hood of having to replace the battery? They’re so expensive and I don’t like the idea of buying a 30k+ EV only to have to spend thousands getting a new battery because mine took a crap. That’s really my only major concern with EVs",2,True
UgxDcMYJuK2rg9se88Z4AaABAg,comment,KAJFALcJjac,,False,@MyLatinLife,Trickle charge ftw,0,True
UgyM8GRGl2LCGn27rEd4AaABAg,comment,KAJFALcJjac,,False,@jagmailkular2549,So helpful thank you,2,True
UgwRl1ccb5JFR7iMDht4AaABAg,comment,KAJFALcJjac,,False,@madhumail09,WTF is the phone based door lock has additional security like need to unlock phone to unlock door … else if I steal someone’s mobile I can steal a car as well,0,True
UgwRl1ccb5JFR7iMDht4AaABAg.9nivkow8F8j9oJUdwFKlUe,comment,KAJFALcJjac,UgwRl1ccb5JFR7iMDht4AaABAg,True,@not_brainiac,You can set a password on the account,0,True
UgyWISbDvieQnL3xEr14AaABAg,comment,KAJFALcJjac,,False,@gurugamer8632,"How does Tesla compare to german cars like BMW , Audi and Merc?",0,True
UgyWISbDvieQnL3xEr14AaABAg.9ngVSDAolHU9q2Ql7SAYId,comment,KAJFALcJjac,UgyWISbDvieQnL3xEr14AaABAg,True,@spiralmoment,They are all well built and they make you feel like you sit in a real car and not a doctors waiting room. Tesla 3 is a very budget car if you compare to what the same amount of hp would cost in a real car.  For the price of a model 3 you'd get half the hp or less but way better build quality and much better interior design. And you wouldn't need to read the manual to not damage the trunk when closing it.,0,True
UgyXL51r-xVH6r_fSwx4AaABAg,comment,KAJFALcJjac,,False,@jatindarmac,very helpful.,1,True
Ugy7uqNLYr7SI676Q9t4AaABAg,comment,KAJFALcJjac,,False,@chrisnguyen11182,"Only a thoughtful person can do a kind of video like this. I am about to get the Model 3, and this video is so helpful. Thank you!",4,True
UgwqtOKB9qmcv_tFMnx4AaABAg,comment,KAJFALcJjac,,False,@capt2026,Excellent!!,1,True
UgxOjnPbHQ0XscszR5N4AaABAg,comment,KAJFALcJjac,,False,@gardenstatecontroller,"Hey Andy, do u need Tesla plus for live traffic and other features?",1,True
UgxM_7e18LaBnlhZRIN4AaABAg,comment,KAJFALcJjac,,False,@pkerry12,i charge free chargers and it never drops below 88% for me. before its up to $100. there are so many free chargers in Australia there is no point is charging at home.,1,True
UgyYvbE4h1VOL20e-QF4AaABAg,comment,KAJFALcJjac,,False,@Daddyfallza,Great video for new Tesla owners. Very informative and covers everything a new owner should know. Just ordered my model 3 and take delivery tomorrow. So stoked!!,4,True
UgyYvbE4h1VOL20e-QF4AaABAg.9nX6Nqw-zww9nX8-gX9En1,comment,KAJFALcJjac,UgyYvbE4h1VOL20e-QF4AaABAg,True,@aslye,Congrats!,0,True
Ugw5zdIKoOkaHZWRB1N4AaABAg,comment,KAJFALcJjac,,False,@thomasphillips997,"Not sure if you said in the video but which trim do you have? I'm thinking of getting a Single Motor RWD for my next company car, does that still come with the standard autopilot?",0,True
UgwQbkBOXmAejzXQrvt4AaABAg,comment,KAJFALcJjac,,False,@bones23jones,"I wish there were an option to have an unassisted cruise control, like the old school style.",0,True
UgxP3t0WS4JgUjYhJJF4AaABAg,comment,KAJFALcJjac,,False,@robb7148,So helpful thank you!,0,True
UgzPf4UIuhsCPUqeGnd4AaABAg,comment,KAJFALcJjac,,False,@maurob5519,Fantastic,0,True
UgwK9gH8xQ39no-MKTd4AaABAg,comment,KAJFALcJjac,,False,@gallienus172,Fantastic video. I don't own a tesla but I love watching these videos,0,True
Ugzg27MtZjSK8HN1g1N4AaABAg,comment,KAJFALcJjac,,False,@mowcowbell,This is an awesome tutorial for me.  I have a Model Y rented from Hertz for an upcoming trip to Oregon.  This is great information for a first time Tesla driver.,2,True
UgwQAfTq2C2prxf3ZyJ4AaABAg,comment,KAJFALcJjac,,False,@whenlizardsfly,anyone else notice 22:40,1,True
UgzwqZS6NXDWfdP7bNl4AaABAg,comment,KAJFALcJjac,,False,@dieut2137,Wow! Such a great comprehensive guide. Thank you for creating it!,2,True
Ugw5eoWrWPDMnQxbiSV4AaABAg,comment,KAJFALcJjac,,False,@amberisafarmer,You have to close the frunk with two hands. In the owners manual it tell you NOT to close from middle- that it could damage the hood. There is a diagram in the manual where to put your hands. On each side of logo.,1,True
UgxvA21Zs9ussVnB2Ct4AaABAg,comment,KAJFALcJjac,,False,@theanswer1993,With gas I fill in my tank in about 20 seconds. Talk about losing time with Tesla.,1,True
UgxvA21Zs9ussVnB2Ct4AaABAg.9nE4Rab-dVA9oJUosWEMfv,comment,KAJFALcJjac,UgxvA21Zs9ussVnB2Ct4AaABAg,True,@not_brainiac,It takes advantage of the time you don't spend driving by charging at home,0,True
UgydDTxHPfgukPl94dJ4AaABAg,comment,KAJFALcJjac,,False,@andreasl4507,this shit boring asshuf but im still get one.,0,True
UgwWmkDQnPkn7XpAq854AaABAg,comment,KAJFALcJjac,,False,@Georgio_2,Frunk closing guidelines are incorrect - its two hands - one on each side of the tesla emblem.  This is directly from Tesla / shown in documentation.,1,True
UgwLZj3s66GbPS7CqVF4AaABAg,comment,KAJFALcJjac,,False,@DanielBittinat,How does the Tesla deal with frozen over door handles?,1,True
Ugzxv7h7mjLp7ziE2mR4AaABAg,comment,KAJFALcJjac,,False,@JohnMoore-v5u,Rushed. Very rushed.,0,True
UgwwSE3MPvN-VxcL0M54AaABAg,comment,KAJFALcJjac,,False,@jajacobs2,Fantastic video - thank you. I’m planning to purchase my Model Y this week 🙌🏻,2,True
Ugw3uA3BqPBKHznJvXF4AaABAg,comment,KAJFALcJjac,,False,@PetsNPatients,So quiet...,0,True
UgxyHOySxaH7jg1fyIN4AaABAg,comment,KAJFALcJjac,,False,@66ebutu,"Well done Andy, if I was to go on to drive a Tesla delivered to me today, I'd really know how to drive it away, no problem. Brilliant tutorial of how to manage a Model 3 Tesla. 😀",2,True
Ugyo6O0QZ3OZOHzTSXZ4AaABAg,comment,KAJFALcJjac,,False,@danhhuynh011,thank you andy,0,True
UgwmKuM5X-EYmpQAcXd4AaABAg,comment,KAJFALcJjac,,False,@michaelzuelke9663,notice we were not told how much battery is used for all the features...or ...what speed..or loads...the Tesla is or how much electricity is used...they want us all to suffer with them,0,True
Ugz1XDA4TUfVO8bNJA94AaABAg,comment,KAJFALcJjac,,False,@kryptorick5120,"Great, great video.",1,True
UgyNuENVhf9NUaAjBv94AaABAg,comment,KAJFALcJjac,,False,@ZipZoomZip,"Andy, run that tire pressure up unless you drive like grandma! You will get better grip up to around 46 psi! It looks like you are running 36 psi! Very low. Higher pressures also give better steering response, and your tires will wear evenly across the tread. I know many Americans like cushy, mushy steering and ride, and the sharp handling dynamics of a Tesla can hide the fact that you are making it mushy, but this car is capable of so much more! 

For the best performance, keep those pressures up to at least the manufacturers recommended minimum (if not a couple of extra psi).",1,True
Ugy3PZ5ynRPnmwlBIRF4AaABAg,comment,KAJFALcJjac,,False,@lo-dose,Super comprehensive and awesomely helpful... but I've gotta ask - that looks like a lotttt of services in a short time span in your service app. Has your Tesla been unreliable?,0,True
UgwOqOAF8c3IsaEDV4t4AaABAg,comment,KAJFALcJjac,,False,@TimBorg,no i am not thinking about getting a Tesla because they are ugly rubbish scam lemons death traps,1,True
UgyE1AncU0SwFZYCHfl4AaABAg,comment,KAJFALcJjac,,False,@sdccdcosmo3373,Great job,1,True
UgwnXmf-w4ts2xY9Kxl4AaABAg,comment,KAJFALcJjac,,False,@edbot456,"This is a great intro to Teslas, very informative thank you. But one thing I hate with this Tesla, and my own Peugeot is the climate controls on the screen. It’s always ridiculously bad and unsafe. You have to look at the screen to choose and touch the controls. So much easier and intuitive with a solid switch/ knob thing that you can twist or press without looking once your used to its positioning. I think as it is it’s less safe.",2,True
UgwnXmf-w4ts2xY9Kxl4AaABAg.9mghlAovD7Q9nF1Z0mdxh6,comment,KAJFALcJjac,UgwnXmf-w4ts2xY9Kxl4AaABAg,True,@amberisafarmer,You can press the right button on steering wheel and tell it what temp and fan speed you want.,1,True
UgwniqGhG8w618DeiIl4AaABAg,comment,KAJFALcJjac,,False,@dubKK,"A wise man once explained why the charging goes faster when the battery is low and why it gets slower when it starts to fill up like this:
If you go to the cinema and all of the seats are empty you would easily find an empty seat, but if the cinema is almost full you would have a more difficult time finding an empty seat.",1,True
UgwptblQxydXFXdxek94AaABAg,comment,KAJFALcJjac,,False,@richard_zanormous3648,How many miles you all getting off the Tesla Model Y long range?,0,True
UgxFJ0W30jfIruFhNQh4AaABAg,comment,KAJFALcJjac,,False,@joshbarrett5410,what do you think of owning a tesla while living in an apartment?,1,True
UgydNA35geY3QL2ULfF4AaABAg,comment,KAJFALcJjac,,False,@wenshulee-rf3qe,Not only improvements it's improvisation professionally driving skills rally formula F1 also crowded traffic vehicles expressway roads handling matter speeding safety measures awareness,0,True
UgwPw1oi2ptR5Az3p2p4AaABAg,comment,KAJFALcJjac,,False,@wenshulee-rf3qe,Is it a bingo than previous dashboard accessory peripherals applied application customised for clients in future's model,0,True
UgyL0IHzJQ4nZD9nweV4AaABAg,comment,KAJFALcJjac,,False,@wenshulee-rf3qe,Projector typefor this screen displaying visual features onto or into the indshield window to produce better visibility for apps aswell than GPS system quicker too,0,True
UgzuEjV4PWpiaBALSrx4AaABAg,comment,KAJFALcJjac,,False,@wenshulee-rf3qe,🎹 key cards are now being done accessible easier than before manually using metal 🗝 keys to open doors and  car's boot,0,True
UgyggrcTQUtl-qfhj994AaABAg,comment,KAJFALcJjac,,False,@UNKNOWNPERSON-kk9kd,"Just bought a 2023 Model 3 and everything is just fine.......except that awful frunk door. What a flimsy piece of work that is. Tesla really needs to firm up the weather gasket/liner along with the latching mechanism. The most important surface of the car NEVER closes smoothly, evenly, or without a side or edge sticking up. I've got sharp eyes and I can't help but notice this.",1,True
UgzjjFD3_I7H_391t5B4AaABAg,comment,KAJFALcJjac,,False,@JHF1933,Excellent video. I now feel confident to pick my new car up in 2 days. My only suggestion would be to slow down your speech just a little for us old folks. Thank you for taking the time to create such an informative video.,0,True
UgzjjFD3_I7H_391t5B4AaABAg.9masD2beu0e9xhXkWo10-1,comment,KAJFALcJjac,UgzjjFD3_I7H_391t5B4AaABAg,True,@makeupnmedicine,You can change how fast any YouTube video plays (speed up or slow down),0,True
UgwbKH9sH7MStqHfRep4AaABAg,comment,KAJFALcJjac,,False,@maxt5121,so trippy i was just listening to wonder years right before watching this. u have great music taste,0,True
UgxAn_DSxVWmhboNhlF4AaABAg,comment,KAJFALcJjac,,False,@keithhere5868,the option to lower your windows to vent is deleted,0,True
UgxAn_DSxVWmhboNhlF4AaABAg.9mYD4I4ltwg9mYv0js2aec,comment,KAJFALcJjac,UgxAn_DSxVWmhboNhlF4AaABAg,True,@aslye,My Tesla app still has the Vent button,0,True
UgwGCvkLynskm8sH3a54AaABAg,comment,KAJFALcJjac,,False,@MH-zk6yo,This Video is better and more informative then what Tesla Support has made. My compliments to you- well done.,1,True
UgwGCvkLynskm8sH3a54AaABAg.9mY2bHTv6PJ9mYv1ssGQd9,comment,KAJFALcJjac,UgwGCvkLynskm8sH3a54AaABAg,True,@aslye,Glad you liked it!,1,True
UgzKAblpWHDTzrH66Sd4AaABAg,comment,KAJFALcJjac,,False,@normie2716,"One thing I had to do before my Autopilot functioned the way I expected was to go into one of the menus and enable Auto Steer (Beta), if memory serves. Before I did that, I got out on the road, did the double-down-press of the stalk, took my hands off the wheel and promptly went right off the road.",1,True
UgzKAblpWHDTzrH66Sd4AaABAg.9mXUkZmRNGw9tymvGw6RL7,comment,KAJFALcJjac,UgzKAblpWHDTzrH66Sd4AaABAg,True,@Hommepluss,Thanks for this,0,True
Ugxxmj7n8te5pBE6Xxd4AaABAg,comment,KAJFALcJjac,,False,@kathmandun8749,"Cool video, now I know what to do when I get my Tesla in 4 years from today",1,True
UgwsKwsjo8RzvcqrzJR4AaABAg,comment,KAJFALcJjac,,False,@mosconi0359,Definitely an Ultimate Guide.  I've owned a Model 3 and a Model Y over the last 5 years.  I learned things about my cars in your video that I did not previously know or had forgotten.  Very friendly and comprehensive guide.  Thank you for making this video.,3,True
Ugyf-AATpt-wmtijKSZ4AaABAg,comment,KAJFALcJjac,,False,@edstein1955,when you say autopilot it that referring the one that comes with the car or is it the one you pay for?,0,True
UgyGlRW8RSfrjDQ8oUh4AaABAg,comment,KAJFALcJjac,,False,@mrexcet,Such a splendid video. Very well executed and so helpful for new owners.,1,True
UgxdnxVRTSYSh4FTqDt4AaABAg,comment,KAJFALcJjac,,False,@tomhansen45,"Two things we had to search for:  How to get the map back after looking at some other screen? (Swipe down) - no one told us.  How to unlock passenger door when two of you are getting in the car? (Long press the driver door ""open"" button as you get in) - much easier than getting out the phone, or waiting outside until driver gets all the way in and presses the unlock on the touch screen.",4,True
UgxprBpBQunEry8HFHZ4AaABAg,comment,KAJFALcJjac,,False,@Hebe2023van,谢谢,0,True
Ugw8GzuuXIseXmxhNaZ4AaABAg,comment,KAJFALcJjac,,False,@blubrown21,Makes me kinda miss being at Ft Knox seeing you drive by it lol,2,True
Ugygh5dAr3cIeMy7Z_14AaABAg,comment,KAJFALcJjac,,False,@MsJimmylau,The worse car for gigs drives.,0,True
Ugzev3oX3oHxkMZX3S54AaABAg,comment,KAJFALcJjac,,False,@roundtheloopandback,"What a fantastic video, I am certainly looking at getting a tesla at some point, have friends who love theirs and this answered so many questions and was very comprehensive.",2,True
UgxL2tHrBJyUBdzDcBd4AaABAg,comment,KAJFALcJjac,,False,@Fadi1991,R.I.P. to the VENT feature 🫤,0,True
UgxfbXlHuE1mZkpMt5d4AaABAg,comment,KAJFALcJjac,,False,@edwardmartin5825,"Best video ever. thanks, a lot information in 45"".",2,True
Ugw9tkzQWiDm6TytFIx4AaABAg,comment,KAJFALcJjac,,False,@chavale2,Auto Pilot   ngum cu deo (Death on highway)   ai chiu boi thuong tinh mang minh ? TESLA or The Insurance and how much is the pay out? ROLEXBALL@ZEROLOSS@4555%/YEARPROFITPLUS   Benji,0,True
UgzJ5hN6FQV4HSCsOyl4AaABAg,comment,KAJFALcJjac,,False,@LooK253,Amm you can open frunk with key fob? Worth buying extra even just for that feature alone,0,True
UgzsMCC0cK7uYAEQRB54AaABAg,comment,KAJFALcJjac,,False,@derekparslow4243,Thank you Andy!! this is super informative for me as I just got my reservation!!,1,True
Ugz1Od1WG8Q9APIQ-sF4AaABAg,comment,KAJFALcJjac,,False,@howarddavis1899,"Very informative for new owners. Question, are the brake lights activated during regenerative braking? I would hope so to avoid rear end collisions. Thanks.",3,True
Ugz1Od1WG8Q9APIQ-sF4AaABAg.9mBqaF946eV9mBuUZziuKP,comment,KAJFALcJjac,Ugz1Od1WG8Q9APIQ-sF4AaABAg,True,@aslye,Yes they are,1,True
Ugw0aVicF9WkMvSOfu54AaABAg,comment,KAJFALcJjac,,False,@nougatbitz,If the Model 3 came as a wagon/estate I would be looking hard at it as a future option. Maybe the regular Model 3 trunk is large enough for a pair of folded strollers or a two seater Thule bicycle trailer ... but the saloon style hatch makes me wonder. The model Y just looks terrible. Maybe Renault will offer the Megane ETec as an estate... for right now my money would be on a Toyota Corolla estate hybrid for me. A tad boring but would do everything I need my car to do ...,1,True
Ugw0aVicF9WkMvSOfu54AaABAg.9m7OuxjorRP9oLXRHp30qI,comment,KAJFALcJjac,Ugw0aVicF9WkMvSOfu54AaABAg,True,@AML2000,Technically it does -- It's just called the Model Y!.,0,True
Ugw0aVicF9WkMvSOfu54AaABAg.9m7OuxjorRP9ojtu0bQr_6,comment,KAJFALcJjac,Ugw0aVicF9WkMvSOfu54AaABAg,True,@nougatbitz,@AML2000 noooo! it’s a cross over at best - but to me already too much of an SUV. A wagon would be as low as the model three and not show a falling roof line …,0,True
Ugz1heL1A0xvtKSWcqB4AaABAg,comment,KAJFALcJjac,,False,@DoggoWillink,"I love my LR M3, but it’s simply true that driving in traffic on the highway (which as a commuter is what I do) is far more tedious and annoying than an ICE car. One pedal driving with regen braking is overrated compared to a gas pedal and brake (unless you don’t worry about people rear ending you I suppose).",0,True
UgzifitV0FLyvQzfqEx4AaABAg,comment,KAJFALcJjac,,False,@thupthar2762,"Very helpful, appreciated",1,True
UgxyPhnk1Jr12Me89s54AaABAg,comment,KAJFALcJjac,,False,@GaragemGuto,"I don't know if you've noticed, but the alignment of the car's panels is horribly misaligned.",1,True
Ugy76dEPRQ89tTRBpuJ4AaABAg,comment,KAJFALcJjac,,False,@Bonnieclydeeee,Looks amazing  but does it affect the airbags ?,0,True
UgwFZpovyBMBFBwg_Xp4AaABAg,comment,KAJFALcJjac,,False,@JWBoats,"Thanks, very helpful.",1,True
UgymrY0N-75DjQD7sgF4AaABAg,comment,KAJFALcJjac,,False,@markpritchard3707,"Totally agree, my model 3p is absolutely rubbish in the cold, and I’m not talking -10 temps, just 2-3 degrees heaters on about 21 and I’d say in all honesty it achieves maybe 50% of teslas claimed miles, turning the heating off makes a big difference, I’ve bought a pair of heated ski gloves which is embarrassingly laughable for a car that in the uk cost 60k. To be honest this car does a lot of party trick one of stuff  that wears off really quickly, now I’ve had the car for six months im looking forward to getting back into a Mercedes 😂",0,True
UgwdByNDUiefKbL3Ydt4AaABAg,comment,KAJFALcJjac,,False,@Kimbo-o9y,"What’s the difference using that screen or using you phone touch screen whilst driving, in Australia if you touch your phone it’s a $1000 fine",0,True
UgzY3sYgzb92DI6Cp254AaABAg,comment,KAJFALcJjac,,False,@caseyford3368,"I keep trying to tell everyone. Have a mechanical direct connect to the axle of EVs and solar, to super charge them. No more plugging in. Use V2G tech to transfer extra energy to the power grid, so you don't have any fires or explosions and other people can use the extra clean energy. Have a manual disconnect feature for the mechanical direct connect,in case the V2G tech isn't working for some reason.",2,True
UgyjZlVaXrqQVgdTyrV4AaABAg,comment,KAJFALcJjac,,False,@freddenby3162,Excellent tutorial and very informative.,2,True
UgxV3CQuUZTZI-cUpF54AaABAg,comment,KAJFALcJjac,,False,@real4blog4eu,best ^ ^,0,True
UgwXcwiLoSV3Zv1Ks5x4AaABAg,comment,KAJFALcJjac,,False,@rkgsd,"34:35 Per an Elon Musk tweet, when it comes to charging past 80%, ""you'll be fine"" charging to 90%. He wasn't specific about the effects on battery health vs 80%. Note that the only time a Tesla will give a warning is if you want to charge past 90.",1,True
UgyRxKVamw3VIKWzGWN4AaABAg,comment,KAJFALcJjac,,False,@carstenclausen4414,"Great video Andy, new Tesla owner here, so learning a lot 🙂 and using the waiting time to be acquainted with our new car, thank you  👌",4,True
Ugx1PowjbGSLMP7z2Xl4AaABAg,comment,KAJFALcJjac,,False,@ecazzomio1560,Great video!!!! Good Job!!!! And Thank You!!,2,True
UgylSJ36lYJxQ31TzKJ4AaABAg,comment,KAJFALcJjac,,False,@cicpolk,Really great video. I'm not an owner of Tesla yet but planning on buying a new one. Seeing your video just showed how awesome these cars are.,1,True
UgxzYrtskgvnunopPn94AaABAg,comment,KAJFALcJjac,,False,@pkerry12,"That's cool you have a boot in the front and back. dual boots are awesome. Sorry, I don't speak American your going to have to work out what a Boot is if you don't understand.",0,True
UgygK2RLiIzonZ-B8Ep4AaABAg,comment,KAJFALcJjac,,False,@jlarm3,"Great video  A lot of people assume we know all the things you covered, but some of us ""Old Farts"" are still back in the Stone Age.  I am purchasing a Model 3, and my test drive was a little intimidating.  I didn't want to touch a thing, because I didn't know enough to change anything.  Everyone says it will become second nature in no time.  Sure hope so.",5,True
UgzDZrqVgY4OC1EqxrB4AaABAg,comment,KAJFALcJjac,,False,@sleepright326,The best walkthrough out there on the high-tech features offered by Tesla on Model 3/Y.  Andy is really good and knows his stuff. I learned quite a lot following his tutorial on the screen guide. Very helpful,12,True
UgwbTs0QKJRf8PS7Ish4AaABAg,comment,KAJFALcJjac,,False,@Vince-xr1oh,Its worth noting that the Aero covers on the rims are there for a reason. They help with aerodynamics and increase the range. You'll have a little less range by removing them.,12,True
UgwbTs0QKJRf8PS7Ish4AaABAg.9loPbnVUnJr9so-2FeCCBq,comment,KAJFALcJjac,UgwbTs0QKJRf8PS7Ish4AaABAg,True,@OMGWTFLOLSMH,"Doubtful they're of any use in the city, which is where I do 95% of my driving.",0,True
UgzBdnP2Mtb6G9FU_TB4AaABAg,comment,KAJFALcJjac,,False,@baldisaerodynamic9692,i was interested until i got an insurance quote.....wowzers.  and my record is spotless!,2,True
UgzBdnP2Mtb6G9FU_TB4AaABAg.9loBSfVsQTAA3xM_kHQZ5h,comment,KAJFALcJjac,UgzBdnP2Mtb6G9FU_TB4AaABAg,True,@Blake4Truth,Same as any other vehicle of comparable class.,0,True
UgwT7gmGvj7VeME1ZXd4AaABAg,comment,KAJFALcJjac,,False,@xxxblanco,"you can open with the key fob too, some of us work in government where cell phones are banned. The hatch panel gaps on this one are horrific, hope you made a service request on that.",1,True
Ugyu3SHst7slLIwgip14AaABAg,comment,KAJFALcJjac,,False,@jasmaansandhu,Is the myQ garage opener free with the tesla model3 or you have to buy it separate?,0,True
Ugyp4jngQjM-9FSBCpR4AaABAg,comment,KAJFALcJjac,,False,@williamkinn5959,No way to run Waze.,0,True
Ugy4lKINqKKuYOXYdBh4AaABAg,comment,KAJFALcJjac,,False,@Wacho.managing,Do you know if the sponsor RECURRENT is on the stock market? Are you able to find out?,0,True
Ugww8WBeNa3L5lVY2G14AaABAg,comment,KAJFALcJjac,,False,@raffiboi22,I purchased a 2021 Tesla model three performance on October 2021… At the time of delivery a full charge was 315 miles now it’s at 278 miles… I rarely use fast charger and I am lucky to have a Tesla charger at work. I probably have charged to 100% two or three times… I’m quite nervous that the range has gone down so much. Do you have any suggestions on what I should do or if this is something I should talk to Tesla service about?,1,True
Ugz2HV39W35AI4QksYd4AaABAg,comment,KAJFALcJjac,,False,@ivo4357,"great video, thanks. Still have some questions though: does it have a dashcam mode, does it activate whenever you start driving, and are you able to take the SD-card or whatever out of the car to put it in your laptop or replace it with a larger SD-card?",0,True
UgxFEpaQua1UbyaWxI94AaABAg,comment,KAJFALcJjac,,False,@Dennis35793,"SORRY, I FELL ASLEEP.",0,True
UgwNsZnnSxxSTt-q0vh4AaABAg,comment,KAJFALcJjac,,False,@rkgsd,Bumper PPF from a pre-cut kit or custom cut. Which type do you prefer ?,0,True
UgwlinyoVBU6BRkUN8R4AaABAg,comment,KAJFALcJjac,,False,@harryberry474,"The Autopilot helped me eliminate Tesla from possible EV's I'll consider buying. I have a VW Alltrack with Adaptive Cruise Control very similar to Tesla cruise control, I also have Lane Assist.
I NEVER use Lane Assist for a few reasons namely the feedback thru the steering wheel it's like you're always fighting it, the car chooses where it wants to be in the lane and often it's too close to centerline like a 2 lane hwy (I prefer to drive over to the right in the lane, very often Lane Assist shuts down because it can't ""see"" the lines or there a gap in the road lines, Lane assist IMO is kind of unsafe (you cannot rely on it) so I never use it luckily unlike Tesla Autopilot I can shut off Lane Assist and still have Adaptive Cruise Control (which I Love) they're actually independent from each other  That's why I'd NEVER get a Tesla. Autopilot has merged 2 different functions and can not be separated not yet anyway maybe a software update could separate?
You didn't mention ""PHANTOM BRAKING"" (look it up) it's a major issue with Model 3 and Model Y and can be very dangerous the car can suddenly brake form any speed and come to a stop imagine that on a freeway...Phantom Braking happens when Autopilot is engaged! I can't help but wonder why Tesla integrated cruise control with autopilot...BIG mistake IMO. They lost me as a potential customer at least until they separate cruise control from lane assist so they're independent from each other.",0,True
UgzCmyRKBFIYarIJ8wF4AaABAg,comment,KAJFALcJjac,,False,@MiC-T,Thanks dude.,0,True
UgxpmJ1oFQ5cmb4Qyyx4AaABAg,comment,KAJFALcJjac,,False,@thinkyoung,Thank you Andy for your excellent review. Your detailed presentation is without question the best I’ve seen. I just ordered a Model Y Long Range and this is the introduction I needed. Thanks again Andy! ✅,4,True
UgxpmJ1oFQ5cmb4Qyyx4AaABAg.9ld0pepMK_29lkxkqkJGhP,comment,KAJFALcJjac,UgxpmJ1oFQ5cmb4Qyyx4AaABAg,True,@readmore3634,"You'll be sorry. Search ""Long Line of Electric Cars Wait for a Charge"" or https://www.youtube.com/shorts/UqEwLle8xKU",0,True
UgxpmJ1oFQ5cmb4Qyyx4AaABAg.9ld0pepMK_29mDYdKmlJuW,comment,KAJFALcJjac,UgxpmJ1oFQ5cmb4Qyyx4AaABAg,True,@harshdurga3925,Beautiful 👌,0,True
UgxpmJ1oFQ5cmb4Qyyx4AaABAg.9ld0pepMK_29sDnGPKAcDJ,comment,KAJFALcJjac,UgxpmJ1oFQ5cmb4Qyyx4AaABAg,True,@jwb2814,"You will love the car. MYLR Sept2022, driving the wheels off it. Daily driver, can’t wait to get in it everyday.",0,True
UgwM2493uJju0qBMXgx4AaABAg,comment,KAJFALcJjac,,False,@kappatvating,"Great video. I wish I knew the mobile charging was acceptable and there was not as much difference between the permanent wall Mount. I could have gotten this car 2 yrs ago but was renting a home. Soo how much faster is the permanent mount than mobile? 

So should we only charge to 80% daily?",0,True
UgwM2493uJju0qBMXgx4AaABAg.9lcqyivSl4s9lcx_-TdcUe,comment,KAJFALcJjac,UgwM2493uJju0qBMXgx4AaABAg,True,@aslye,Mobile charger on a NEMA 1450 outlet can charge Model 3/Y at around 30 miles per hour of charge. So basically it can charge from 0-100% in around 11-12 hours. Read more about it here: https://www.tesla.com/support/home-charging-installation/mobile-connector,0,True
UgyS-2K-AtxjtXjQyC54AaABAg,comment,KAJFALcJjac,,False,@bdbk9d,Knox?,0,True
Ugz72n3GBpiMaUuH63x4AaABAg,comment,KAJFALcJjac,,False,@lawrencewebster5377,Awesome,2,True
UgxeZGQnv78uAZ0jBSd4AaABAg,comment,KAJFALcJjac,,False,@charlesblount6858,Thanks so much.  Very informative and quite easy to understand.  Hope I can remember the most important parts getting started,2,True
UgyLDzePo4Criwe5jIR4AaABAg,comment,KAJFALcJjac,,False,@lawrencewebster5377,Good information. Thank you!,1,True
Ugxmg0aYHozVELdApaZ4AaABAg,comment,KAJFALcJjac,,False,@klebberbezerra1610,Great video. Covered everything. And. The guy is gorgeous 😂😊,1,True
Ugz_DzkZUFP_SxpY1Ox4AaABAg,comment,KAJFALcJjac,,False,@OGD007,"There are 2 charging ports, one on each side, not just the driver side.",1,True
Ugzp-gV8jnn7M5B56oN4AaABAg,comment,KAJFALcJjac,,False,@PipenFalzy,Can you disable cabin camera? Nothing like big brother watching.,1,True
UgyDi9ui7FxcSqj3cpN4AaABAg,comment,KAJFALcJjac,,False,@dagadagad,"no parking sensors, no park assist. Get a 2nd hand Tesla with it, avoid new ones.",1,True
Ugwk2ZQiMljoYGugith4AaABAg,comment,KAJFALcJjac,,False,@JB-ZR1,Great video as always Andy!  I’ve heard that the window venting and roll up features are being disabled due to no pinch detectors in the door frame and the Feds having an issue with that for obvious child safety reasons.  Do you know if that is true and if it definitely includes the window vent feature?,1,True
UgwKtwmfcyE9loqQCbl4AaABAg,comment,KAJFALcJjac,,False,@forceon959,A trick to cancel the blinker - instead of pushing the stalk in the opposite direction of the blinker and possible making the other blinker turn on by accident - you just click again in the direction the blinker is already set.  So making a left - you push down on the stalk. If the auto blinker doesnt shut off after the turn or you change your mind you push the stalk down again to cancel the blinker,58,True
UgwKtwmfcyE9loqQCbl4AaABAg.9lUhSilBRLZ9uzZSYLJlvD,comment,KAJFALcJjac,UgwKtwmfcyE9loqQCbl4AaABAg,True,@Truthkeystech,Thank you 😂,3,True
UgyEh30MHcCckfdt1g54AaABAg,comment,KAJFALcJjac,,False,@peterfennell6994,Your video saved me $6425 having realized Standard Autopilot was all I needed and the Mobile Charger was the best choice for home charging! Amazing vehicle. Thank you for a most informative video!,54,True
UgyEh30MHcCckfdt1g54AaABAg.9lTGn5xTrotA2Jn7TAVfDn,comment,KAJFALcJjac,UgyEh30MHcCckfdt1g54AaABAg,True,@Jimbo0o617,Yes. My dad is an electrician so the cost of insulation would’ve been covered but I live literally 1 minute down the street from a level 2 charger installed in a convenience store parking lot so I opted for the mobile and charge in my garage when needed.,0,True
UgyEh30MHcCckfdt1g54AaABAg.9lTGn5xTrotA6hOejoeb7f,comment,KAJFALcJjac,UgyEh30MHcCckfdt1g54AaABAg,True,@dubmob151,"26:15 Does it use a database to determine the current speed limit of a roadway or is it actually reading signs that it sees on the side of the road?
If it's reading signs, hopefully it will be able to have human-like discrimination of the 30 mph signs that pranksters converted to 80 mph. 😉",0,True
UgwRQNbbuDgWgT5apMd4AaABAg,comment,KAJFALcJjac,,False,@RUSLANPLIS,Tesla Model J  https://youtu.be/fcU9uWdtGa8,0,True
Ugz00Y8XTmqasgyXi_54AaABAg,comment,KAJFALcJjac,,False,@chrisreed26,"Very informative! Makesme want to buy a Tesla! Question: At 37:16 on the phone screen app display it shows a FART icon..what does that mean? Also, What does the average super charge cost at a Tesla station? Say for a full charge? Dollar amount.. I know here in the Tampa area, down in Sarasota, the public parking garage offered FREE electric car charging parking! I had a Volt rental and was able to charge for free,,of course the 2012 Volt only had a 30 mile range!",1,True
UgzawU6QS1JBqILjlrR4AaABAg,comment,KAJFALcJjac,,False,@sweatyboy6955,Thank you so much. I really appreciate it.,1,True
UgzlOQZjXPllmZMIKpF4AaABAg,comment,KAJFALcJjac,,False,@DannyWelch,"Hands down the best, most comprehensive introduction to Tesla vehicles that I’ve seen.  This is an incredible resource for new owners and has a lot of value for renters as well.  Thanks for creating it!",264,True
UgzlOQZjXPllmZMIKpF4AaABAg.9lRCwCHSTeR9snzv52wdJ0,comment,KAJFALcJjac,UgzlOQZjXPllmZMIKpF4AaABAg,True,@OMGWTFLOLSMH,You'd think Tesla would produce their own video like this.,1,True
UgzlOQZjXPllmZMIKpF4AaABAg.9lRCwCHSTeR9xfrAa4nxv5,comment,KAJFALcJjac,UgzlOQZjXPllmZMIKpF4AaABAg,True,@tarundoerga,"Yup, I'll be renting a Model Y in January and found this video extremely valuable in learning how to drive again 😅",0,True
UgzrafArhm92EdY6G4t4AaABAg,comment,KAJFALcJjac,,False,@blackchristiangeek,"That was awesome my friend and thorough, thanks. I am trying to make my final decision and after watching this Tesla will get another look. However, the Hyundai IONIQ 5 is still my leader.  Thanks and God bless,",0,True
UgyjBypaQVmgu7oUYQt4AaABAg,comment,KAJFALcJjac,,False,@seat2k,Hideous looking car and crap quality given the videos on youtubes,0,True
Ugy3RQKKCwZXpKZtMKZ4AaABAg,comment,KAJFALcJjac,,False,@janibalvazquez9323,"Excellent video, really helpful. Thank you!",1,True
Ugzeo_e4BDbn0Z2Xvqd4AaABAg,comment,KAJFALcJjac,,False,@juncrucillo5064,"Great info, thank you !",1,True
UgzyrVIiojQJPxdng1p4AaABAg,comment,KAJFALcJjac,,False,@errorerror1337,"Ooof, that panel gap right next to the charging port is so disappointing to see. Great vid though!",1,True
UgzyrVIiojQJPxdng1p4AaABAg.9lOPyzWhckb9lgi11uXN6Z,comment,KAJFALcJjac,UgzyrVIiojQJPxdng1p4AaABAg,True,@XX-166,Typical and well documented fit and finish issues.,0,True
UgzYAepLGfBjvBkpjC14AaABAg,comment,KAJFALcJjac,,False,@eugenenyu5654,Tesla is a car I would probably never buy it. There are so many other electric cars to choose.,1,True
Ugzz_oZef7cA_HXVuuB4AaABAg,comment,KAJFALcJjac,,False,@pambaker4342,"Thank you for this informative video. I'm on the verge of getting one this month.  I have to ask. . .in your custom control panel, does that really say ""Fart""???? (with a fart symbol). What the heck!?",1,True
UgxXjDETh6HW7iLrUxx4AaABAg,comment,KAJFALcJjac,,False,@chesterman18g,how do you find it without the ultrasonic sensors?,0,True
UgyFfiERaG-dA_BAOGx4AaABAg,comment,KAJFALcJjac,,False,@RicardoCostaCiabotti.,"É muita inovação geral e especial mas queria que Elon Musk e sua equipe criasse um veículo invulnerável tipo por extrusão e todo terreno e de tungstênio inquebrável e para isso ele é sua equipe trabalhem com a luz ultravioleta para transformar os materiais, pois já fizemos isso na raça Atlante a 9 milhões de anos segundo o Venerável Mestre Samael Aun Weor e é mister ou necessário a mística ou religare em equilíbrio com a  ciência pura, por agora é só, e conto com Elon Musk e Taylor Wilson e Kirk Sorensen para realizar mágica ou maravilhas no progresso revolucionário consciente,  grato e parabéns Andy agora papai, paz invulnerável até breve!!!",1,True
UgxwEkBdVi_zALO3vol4AaABAg,comment,KAJFALcJjac,,False,@joeyvinzo4531,"Another stupid question, can you use Siris radio or local radio stations?",0,True
Ugy8gSIcg9epgrByxR14AaABAg,comment,KAJFALcJjac,,False,@joeyvinzo4531,"Andy, a stupid question, when you routes you, does it speak the directions to you the way Apple Car Play does?",0,True
Ugxf_wu22G6OjNliGLp4AaABAg,comment,KAJFALcJjac,,False,@DevarshTT,very helpful and descriptive video. thanks,1,True
UgxW-jcoZu-L5voD20N4AaABAg,comment,KAJFALcJjac,,False,@eshellswell,Question on Tesla App: About to take delivery of MYLR. My wife and I will both be driving car. I have started a Tesla account to manage purchase and operate car when it comes. Does my wife have to have her own account and add the car to hers or do we both just stay logged in to same account?,1,True
Ugz-nGAHvuGhgz6xTIF4AaABAg,comment,KAJFALcJjac,,False,@AlexSchendel,"It probably isn't a big deal, but the owner's manual specifically says to use two hands to close the frunk and to not place pressure directly over the center of the frunk because that could damage the locking mechanism (instead use two hands to the left and right of the center of the frunk)",30,True
Ugz-nGAHvuGhgz6xTIF4AaABAg.9lHWMigGEGn9t3aTIbYTp3,comment,KAJFALcJjac,Ugz-nGAHvuGhgz6xTIF4AaABAg,True,@ianjames3078,Came here to say exactly this.,1,True
Ugz-nGAHvuGhgz6xTIF4AaABAg.9lHWMigGEGn9va8Zxgh1T7,comment,KAJFALcJjac,Ugz-nGAHvuGhgz6xTIF4AaABAg,True,@jaypizzle7693,Ty,0,True
Ugz-nGAHvuGhgz6xTIF4AaABAg.9lHWMigGEGnA6hQd_jS9DK,comment,KAJFALcJjac,Ugz-nGAHvuGhgz6xTIF4AaABAg,True,@dubmob151,"Is the design that delicate that hand pressure potentially damages a lock mechanism?
 Is nylon or some kind of stamped steel being used for it?",1,True
Ugz-nGAHvuGhgz6xTIF4AaABAg.9lHWMigGEGnA7TGDVbAUPf,comment,KAJFALcJjac,Ugz-nGAHvuGhgz6xTIF4AaABAg,True,@hwi7114,@dubmob151 It's aluminum.,0,True
UgyICs2N8sjuWrg-O4p4AaABAg,comment,KAJFALcJjac,,False,@davidbrookes9424,Just wondering do Teslas have an FM/AM radio? Not streaming radio.,0,True
UgxmV1sOLYgRGurFfiB4AaABAg,comment,KAJFALcJjac,,False,@xCapturerCrystal,"Thank you so much for uploading this. I just purchased the model Y and found this tutorial to be very informative, straight forward, and well instructed! I feel less anxious about taking over my first electric vehicle.",53,True
UgxaHCQJO-8lbNe1FEV4AaABAg,comment,KAJFALcJjac,,False,@neelzhome8431,Daaaaaaaaamnn!!!! That's the ugliest car on the market right now I swear! And you might as well wear a big MAGA hat and slap a Trump 2024 sticker on the bumper the way Elon is behaving. LOL!!! Funny dumb ass Americans will never change.,0,True
UgwVACFtFIWDzSpDOM94AaABAg,comment,KAJFALcJjac,,False,@karmakh,"That is exactly the incorrect way to close the trunk. If you check the manual, they explicitly state that you should NOT apply pressure in the middle, but instead use two hands left and right of the logo to press the frunk closed.",0,True
Ugxd3K4OdsJFiB0PlIJ4AaABAg,comment,KAJFALcJjac,,False,@RianSpaulding,"Great video! On the edge of getting a new model y. But I'm curious your thoughts or experience with phantom braking? Has this been an issue  with your either your model y or 3? If so, is this a regular occurrence? Thanks again for all the great content!",5,True
Ugxd3K4OdsJFiB0PlIJ4AaABAg.9lDKBvszYQT9mLA91C6qGM,comment,KAJFALcJjac,Ugxd3K4OdsJFiB0PlIJ4AaABAg,True,@tomhansen45,"This can occur when the car is trying to be safe for you, so it doesn't bother me.  Happens maybe once a week - and I usually see why the car was ""worried""",0,True
Ugxd3K4OdsJFiB0PlIJ4AaABAg.9lDKBvszYQT9nQKCKTWg3J,comment,KAJFALcJjac,Ugxd3K4OdsJFiB0PlIJ4AaABAg,True,@bones23jones,The phantom braking is annoying enough that I often decide not to use cruise or autopilot.,0,True
Ugw0ZIkJN4Rb0OBZbiV4AaABAg,comment,KAJFALcJjac,,False,@mary2al,"I'm glad lots of Teslas are being sold -- I love mine BIG TIME!!  However, Tesla Service can be a can of worms!!  Many, INCLUDING ME,  have had very poor experiences with the Tesla service system. I suggest Posts like this by Andy Slye should try to EMPHASIZE that with all these new Teslas being sold Tesla/Elon MUST UPGRADE THE SERVICE SYSTEM ASAP!!!!",208,True
Ugw0ZIkJN4Rb0OBZbiV4AaABAg.9lD2MTMLdPW9p57m7HeIr-,comment,KAJFALcJjac,Ugw0ZIkJN4Rb0OBZbiV4AaABAg,True,@dylan4972,I just ordered a Model 3 in New Zealand and purchased the wall charger. They sent a broken dirty one to me..... Not the best start to the experience. I was going to get a Model Y performance as well to also replace the X5 but I think I'll buy a Polestar Performance instead.,11,True
Ugw0ZIkJN4Rb0OBZbiV4AaABAg.9lD2MTMLdPW9u2stDYuLKA,comment,KAJFALcJjac,Ugw0ZIkJN4Rb0OBZbiV4AaABAg,True,@randyh647,Rented a Tesla 3 in Florida RSW airport it was charged to 94% down to 48% after ride from airport to hotel 54 miles. Nearest supercharger 24 miles. Returned it to Hertz. Apparently they don't do well when it's hot! Don't rent one unless you have a supercharger close by!,4,True
Ugw0ZIkJN4Rb0OBZbiV4AaABAg.9lD2MTMLdPW9vIsaVRzP9r,comment,KAJFALcJjac,Ugw0ZIkJN4Rb0OBZbiV4AaABAg,True,@BBMc107,"True. These service issues with my Tesla caused my husband to cancel his order. 
First, Georgia has 6 service centers, one in Savannah and 5 in Atlanta. C’mon! No one wants to face Atlanta traffic and spend all day (or two if you have to leave it) getting to and from a service center two hours from my house. Plenty of Teslas in Warner Robins. 
Sexond we had a service appointment, but were sent home because they were too busy delivering new cars to honor the appointment, after we had already driven there. Extremely disappointing.",6,True
Ugw0ZIkJN4Rb0OBZbiV4AaABAg.9lD2MTMLdPW9w19mYNGGRl,comment,KAJFALcJjac,Ugw0ZIkJN4Rb0OBZbiV4AaABAg,True,@22s22a,Can someone explain the difference between full auto pilot and traffic aware cruise control again? I'm still trying to get a grasp on when to use each,6,True
Ugw0ZIkJN4Rb0OBZbiV4AaABAg.9lD2MTMLdPWA4UZryzYaPG,comment,KAJFALcJjac,Ugw0ZIkJN4Rb0OBZbiV4AaABAg,True,@johnsilverman2538,traffic aware cruise control just keeps you from run into the car in front of you. You steer manually 100% of the time. If you are on the accelerator pedal you just gave up your “auto brake”.,2,True
Ugywbl0msy5WgaX19u94AaABAg,comment,KAJFALcJjac,,False,@Jakepp235,Are super charges expensive? Also is supercharging often not good?,0,True
Ugz8jQBYytmyqPT-HS54AaABAg,comment,KAJFALcJjac,,False,@paulcachero1878,"Need to show how to add the widget on the iPhone, helps on the summon feature.  Excellent video BTW!",1,True
Ugz41oGF9E8sgiskWCF4AaABAg,comment,KAJFALcJjac,,False,@eileenhunter5927,"I have a 2022 MYLR. My app doesn’t show the vent icon that you have. Under controls, I only have Flash, Honk, Start and Defrost. I don’t see the vent icon under climate controls nor customized controls. How do I get the vent ability and how do I add it to controls. I would rather have it that the Defrost option.",0,True
UgzJWWfAkIlUnobYCyF4AaABAg,comment,KAJFALcJjac,,False,@speed8701,It has a VW trunk like we had in the 50's.,0,True
UgzJWWfAkIlUnobYCyF4AaABAg.9lBZn7Tdm5u9q2R7Zcuq6d,comment,KAJFALcJjac,UgzJWWfAkIlUnobYCyF4AaABAg,True,@spiralmoment,but you didn't need to read the manual to learn how to close it without damage.,0,True
UgwVM6LH8oQEVz7aBQ14AaABAg,comment,KAJFALcJjac,,False,@cmonz9,"Odd how he clicks on the supercharger map button and it happens to be in my hometown, Elizabethtown.",0,True
Ugws61LrBEDJ-SYgXbd4AaABAg,comment,KAJFALcJjac,,False,@Kikeron,Very nice and informative. Thank you!,1,True
Ugx2iJeHeUZphdBPXUd4AaABAg,comment,KAJFALcJjac,,False,@nvasudeva,"Awesome video ! 
One question can you turn off that animation of car moving on the left hand side of your display screen while driving the car ?",0,True
UgwpZYoYc8wJNrtd6TF4AaABAg,comment,KAJFALcJjac,,False,@giddygiddy5619,learned something new today- i have watched several videos but havent seen the rear trunk adjustment. Weird many dont talk about it- maybe they own the vehicle and dont know!!!,1,True
Ugz1j5_IDRre0-2sHAJ4AaABAg,comment,KAJFALcJjac,,False,@mzabeedy,Thank you. This is very useful!,1,True
Ugx01i-PfsnHarEfthZ4AaABAg,comment,KAJFALcJjac,,False,@BrianKnispel,"Thank you! Great video, very informative and well done!",2,True
Ugy0wtnpQfe8yGVLcjN4AaABAg,comment,KAJFALcJjac,,False,@eniobaptista8008,Do You think a Tesla is a forever car?,0,True
Ugy0wtnpQfe8yGVLcjN4AaABAg.9l7iiQRUkcf9l7kN_vNIc8,comment,KAJFALcJjac,Ugy0wtnpQfe8yGVLcjN4AaABAg,True,@aslye,It’s def long term for me (10+ years),1,True
Ugy0wtnpQfe8yGVLcjN4AaABAg.9l7iiQRUkcf9l7oIGuC-fh,comment,KAJFALcJjac,Ugy0wtnpQfe8yGVLcjN4AaABAg,True,@eniobaptista8008,"@aslye just one more question, do you think the model 3 standard range is a  perfect car for the first time ev buyer",0,True
UgyDg7p1HFbntfkXGNZ4AaABAg,comment,KAJFALcJjac,,False,@MLiiii-l2v,Is trickle charging (110 volt) bad for the battery?,0,True
UgyDg7p1HFbntfkXGNZ4AaABAg.9l7dLA0hM9I9l7kLgoC4G6,comment,KAJFALcJjac,UgyDg7p1HFbntfkXGNZ4AaABAg,True,@aslye,Nope,0,True
Ugxy5Wzzo--Z__It6GV4AaABAg,comment,KAJFALcJjac,,False,@thelittlejewelcompany2030,"Thank you Andy, great video and very informative. do you know if the 2023 MYLR comes with matrix headlights?",1,True
UgzA9S5lNJCpsg9c0nl4AaABAg,comment,KAJFALcJjac,,False,@daman3115,You failed to mention the removal of the parking sensors on the 2023 model.   This was a key omission. This is a deal breaker for many.,2,True
UgzA9S5lNJCpsg9c0nl4AaABAg.9l7-tGXTdD29xhXUjSjdJO,comment,KAJFALcJjac,UgzA9S5lNJCpsg9c0nl4AaABAg,True,@makeupnmedicine,Please elaborate,0,True
UgwNOqV2R3XydmllEat4AaABAg,comment,KAJFALcJjac,,False,@ryanmatthew511,"Ultimate Model Y advice!!  Do not buy one!!  Not until they fix all the quality issues. $60,000 for a car with paint issues, major panel gaps , and lots of other quality build issues. If you do buy one... look over the entire car BEFORE you take delivery",2,True
UgxMMIIKtXe400RwME54AaABAg,comment,KAJFALcJjac,,False,@jayc3110,"Your Ultimate Tesla Model 3/Y Owner's Guide, was awesome!... Beautifully explained and filmed, step by step... Well done, thank you and best wishes.",6,True
UgzimXZiob7B7eNx1e14AaABAg,comment,KAJFALcJjac,,False,@BB-ts3qx,You did great explaining everything! Thank you,1,True
UgwU7RRekIGu4N6nfAZ4AaABAg,comment,KAJFALcJjac,,False,@WalkingEng,"Really well done video, many thanks for taking the time to do this.  I'm going to make sure I save this one so I can watch again before I take delivery.",2,True
UgzEj9-fYc717hXIhZ14AaABAg,comment,KAJFALcJjac,,False,@gutrickk,"I don't own a Tesla, and I'm not a fan of Mr. Musk, but the Tesla cars are awesome, and I will want to own one someday. Also, I just noticed a cute quirk on the app - you can name your cars! I love that detail. ^-^",2,True
UgzRRGNbbaw9D3etAyx4AaABAg,comment,KAJFALcJjac,,False,@bearlemley,Thanks my MYP will be in in March (they tell me),2,True
UgzYnRwun9UF1Qsossl4AaABAg,comment,KAJFALcJjac,,False,@PMitchell106,"1:40 - Tesla specifically warns you *not* to close the front trunk like this in the Model Y Owner's Manual. 
""Apply pressure only to the green areas shown (to the left and right of the emblem). Applying pressure to the red area (the area over the emblem) can cause damage.
Do not close the hood with one hand. Doing so applies concentrated force in one area and can result in a dent or crease.""",2,True
UgwTSTh2WDK62TyQq-x4AaABAg,comment,KAJFALcJjac,,False,@NinjafromTexas,Check your trade-in. 50% loss,2,True
Ugz72ikMtFp2uWQbMA94AaABAg,comment,KAJFALcJjac,,False,@ShujaKidwaiMasauliwala,"Andy, Thank you for taking the time to explain all this. Would have taken me a long long time to capture all these features. Greatly appreciate the time you took to help out folks like me who are new to the Tesla world (only one day old)",7,True
UgyjGGo0vNGqE_YZ6ed4AaABAg,comment,KAJFALcJjac,,False,@TedKidd,Great for Turo!,0,True
UgxmyEqIzaBGGH0NnMx4AaABAg,comment,KAJFALcJjac,,False,@victorfrombcn,You're closing the frunk wrong. You need to use both hands at both sides of the emblem. Otherwise there's a damage risk.,4,True
UgxmyEqIzaBGGH0NnMx4AaABAg.9kzgIH814lE9l4dmDeUWbE,comment,KAJFALcJjac,UgxmyEqIzaBGGH0NnMx4AaABAg,True,@patrickmitchell9171,"💯 the manual explicitly warns against doing it the way he demonstrated, there are even illustrations.",1,True
UgxmyEqIzaBGGH0NnMx4AaABAg.9kzgIH814lE9q2OsDM4Fqo,comment,KAJFALcJjac,UgxmyEqIzaBGGH0NnMx4AaABAg,True,@spiralmoment,"Not only does it not open without an app, fob or actually going inside the vehicle. You also need to read the manual to not risking damage when closing it..They really go the extra mile to make it hard to like. How a shitty design like this goes from just a really bad idea to actually ending up in a finished product is a complete mystery.",1,True
Ugz2XF18gJLGCE9dZKh4AaABAg,comment,KAJFALcJjac,,False,@deejayblacklight,Best Key is still the Fob Key. Can open Frunk and Trunk and not hackable.,1,True
Ugz2rGMWau5qeCijxhV4AaABAg,comment,KAJFALcJjac,,False,@KirinRise,"Andy thanks for the info.. I do believe though the way to close the frunk was incorrect, I thought double hands was required",2,True
UgzTwZXzHKdrI_iXzNx4AaABAg,comment,KAJFALcJjac,,False,@DaxDoesDigital,"Thanks Andy 👍 I recently rented a car at Hertz, and they gave me a Tesla! 🎉 It was awesome... I was  able to get used to the car pretty quickly, but I knew there was a LOT of features I was missing out on.  Your Guide here has been super helpful!  Now the next time I go rent one,  it will be even easier, and more Fun! 😉🎉👍💜",6,True
UgzTwZXzHKdrI_iXzNx4AaABAg.9kvpxYkCIZQ9neCBN_lajO,comment,KAJFALcJjac,UgzTwZXzHKdrI_iXzNx4AaABAg,True,@sheronpulliam4371,Hey question ❓ did you use the super charger's.. and was you charged,0,True
UgzTwZXzHKdrI_iXzNx4AaABAg.9kvpxYkCIZQ9neVe_lUE9R,comment,KAJFALcJjac,UgzTwZXzHKdrI_iXzNx4AaABAg,True,@DaxDoesDigital,"@sheronpulliam4371 ....Yes, I did charge the car up at the Superchargers. The way it works is you just plug in and charge, and the fees go to the Hertz account, and then get added on to your rental bill.... At least that's the way it's supposed to work. I have now rented Teslas at Hertz several times, and charged on the Supercharger. About half of the time, I didn't got charged by Hertz for the Supercharging fees. The other times I did. It's very seamless. Your credit card processing isn't completed until you return the vehicle (unless you pre-paid thru an app, like Priceline), so the fees for Supercharging are just added to the bill, and included in the rental charges, when it processes......",0,True
UgxiObPl5dhOYzwvA8J4AaABAg,comment,KAJFALcJjac,,False,@davismaivang,Why does the left side of the screen have to be plain white all the time? Can it be changed to darker or different colors?,4,True
Ugz4f44XQiNcJgJna314AaABAg,comment,KAJFALcJjac,,False,@Silicon_Dom,"The 2023 model removed Ultra Sonic Sensor, did it effect the auto pilot driving experience just relaying on Cameras?",2,True
Ugw1Ra5msgivP3mUO8Z4AaABAg,comment,KAJFALcJjac,,False,@jordylad69,"Interested in Recurrent, but my Polestar 2 is not supported :(",0,True
UgwNeAmfmjosR_BQ8CV4AaABAg,comment,KAJFALcJjac,,False,@Bakedbanana007,"The vent feature is not in my Tesla app, is it only with FSD?",1,True
Ugz6ti3swsPRSyo_2OJ4AaABAg,comment,KAJFALcJjac,,False,@EricFDrums,"BY FAR, the BEST overview ive ever seen of Tesla.....very helpful as I look for my first EV",6,True
UgxIAdc_9NFCj0Ztxyh4AaABAg,comment,KAJFALcJjac,,False,@Golfr2020,"I would NEVER fall for this electric vehicle crap re our environment. They are impracticable, expensive and what do you think how it is made? Made also in a way to affect our environment. But! This is all a side step from the biggest polluters out there. It is called FARMING and their consumers of their products.",0,True
Ugx_m6fQ3ELMH11U5-N4AaABAg,comment,KAJFALcJjac,,False,@MrsLyds,"When I’m on autopilot and I want to deactivate it without pressing my gas I tried to move the level up and it says “u cannot switch to neutral”, it doesn’t work for me 🤔",1,True
UgwJMB0PYQv7HRSZpHV4AaABAg,comment,KAJFALcJjac,,False,@aussauce,Not sure if anyone mentioned this but DO NOT shut the front like he did. It might cause a dent if too much force used. You should be using two hands pressing down each side of the logo at the same time.,2,True
UgzRWZXHZP6_6oLY_3d4AaABAg,comment,KAJFALcJjac,,False,@yanli6895,"Thanks for the well organised and detailed video guide. I’m expecting my first Tesla (Y) in 2 months time, and this video certainly helps greatly.",3,True
UgzRWZXHZP6_6oLY_3d4AaABAg.9khKQJgbSZJ9khVH_gAj3P,comment,KAJFALcJjac,UgzRWZXHZP6_6oLY_3d4AaABAg,True,@aslye,Glad it was helpful!,1,True
Ugy55HYj8g59jmWm41F4AaABAg,comment,KAJFALcJjac,,False,@Wei-g9l,Thank you Andy. This is the most comprehensive and helpful user guide I have seen.  Thank you so much.,3,True
Ugy55HYj8g59jmWm41F4AaABAg.9kcurnMG0eN9kdUHp6sWN6,comment,KAJFALcJjac,Ugy55HYj8g59jmWm41F4AaABAg,True,@Wei-g9l,Have a question Andy: I have white interior leather seats. What’s the best way of clean them?,0,True
UgwvPnfYIFOsewpwHkJ4AaABAg,comment,KAJFALcJjac,,False,@zadigre,Closing the frunk should be done with two hands… one on each side of the Tesla logo. This is what tesla is saying to do,2,True
UgwvPnfYIFOsewpwHkJ4AaABAg.9k_kIL4iOD59q2PF-_G0Bk,comment,KAJFALcJjac,UgwvPnfYIFOsewpwHkJ4AaABAg,True,@spiralmoment,Such a horrible design.,0,True
UgynHrjxuFXojuG1u5h4AaABAg,comment,KAJFALcJjac,,False,@AlibabaOC,My Y doesn’t have vent window in app sucks,1,True
UgzQf0yZDoWy--uytyh4AaABAg,comment,KAJFALcJjac,,False,@AlibabaOC,Is there anyway to view front camera while parking?,6,True
UgzQf0yZDoWy--uytyh4AaABAg.9kXAfol5x399n47EqR_bSL,comment,KAJFALcJjac,UgzQf0yZDoWy--uytyh4AaABAg,True,@4570_JB,"No because it’s located on the windshield, not near front bumper",0,True
UgzQf0yZDoWy--uytyh4AaABAg.9kXAfol5x399nCkCNacklt,comment,KAJFALcJjac,UgzQf0yZDoWy--uytyh4AaABAg,True,@andreasl4507,trash. how can you not have a front camera,0,True
Ugz8sgW2i012UV6kcAR4AaABAg,comment,KAJFALcJjac,,False,@timarnheim1432,Okay- confession.  I watched many of your videos leading up to my purchase of my Model Y LR.  Took delivery in August.  This is the most comprehensive video I have ever seen for Tesla owners.  Thank you.  I am now a subscriber.  I always looked for you videos.  Sorry for the delay.,20,True
UgzyRkJP8Dvgy5iJ6rZ4AaABAg,comment,KAJFALcJjac,,False,@siddhkapadia9559,Did you know that if you have 2 or more teslas you can use the same keycard.,0,True
UgyCA4OceGivB_QS8_h4AaABAg,comment,KAJFALcJjac,,False,@djtaylorutube,"The usual reason for ""camera blocked or blinded"" is that weird thing called ""winter"" and low sun. I guess that isn't a thing in California but in the UK right now, driving anywhere other than North results in a camera blinded warning.
At night, due to hedges, left camera blocked as it can't see a kerb.",1,True
UgwSrDwS7ioY78WfOCR4AaABAg,comment,KAJFALcJjac,,False,@danpadure,why won't you update the software?,0,True
Ugy4KuuueHWxf60Dnpp4AaABAg,comment,KAJFALcJjac,,False,@nvrick7729,"Just traded my 2018 M3 a week ago for a 2023 MY long range. My only disappointment is the ridiculous $15000 price for FSD. I had it on my M3 so instead of FSD, I paid the ""reasonable"" $6000 for Enhanced Auto Pilot. And just to make things even dumber, EAP doesn't even have all the features available yet, mainly Summon and Enhanced summon. The 2023 models no longer have sensors but now depend strictly on cameras, i.e. ""TeslaVision"". I had a mobile tech out today to install the Homelink module, which was previously  included but now costs a ""reasonable"" $350.  He said that full features on EAP would come sometime this year (maybe).
Even given the nickel and diming (or hundreds and thousands) I  really enjoy my new car.",0,True
UgxT_zay9oxXvEmytch4AaABAg,comment,KAJFALcJjac,,False,@Andersljungberg,There is supposed to be an upgrade to Tesla that involves Dolby Atmos and one reason is said to be that Apple Music offers Dolby Atmos.  Apple Music also offers Lossless and hi-res.  None of this is offered by Spotify. The highest quality they offer is 320 kbit/s.  But whether it will be that quality in a Tesla is another question.  Tidal also offers Lossless for Tesla.  someone thought it sounded more dynamic than Spotify,1,True
UgxT_zay9oxXvEmytch4AaABAg.9kTl11-iG-q9kU0bwxfG7t,comment,KAJFALcJjac,UgxT_zay9oxXvEmytch4AaABAg,True,@56ctconger,I use Tidal and it does indeed sound pretty darn good!,1,True
UgxR61cNhTbj0jMtUjB4AaABAg,comment,KAJFALcJjac,,False,@jfrog5440,Is a higher vin on a tesla better (quality wise)? Vin is in the 106 thousands,0,True
UgzorTSLa_e5BP6CRO94AaABAg,comment,KAJFALcJjac,,False,@kennethshopland1592,Take a trip to Nashville. That will end your “I’ve never had to wait at a Supercharger”. It’s the only place out of a dozen states and a couple years of owning my Tesla I’ve had to wait. Always a line during the day.,0,True
UgyM-dY_81T9Kxv_Qsx4AaABAg,comment,KAJFALcJjac,,False,@brucewayne2773,"Just took delivery of a brand new model 3 in Dublin California on 12/31/2022. They sent me home with a 49% charge, no floor mats, not even a carpet protector( like the ones you get when it gets serviced) Mileage/range is a total joke. realistically I got about 60% of the range as stated.and I drove 65 to 70mph on the highway.. Did a 220 mile road trip, had to stop twice to supercharge to 80% and got home with a 29% charge left. I live in California and temp was around 52F",2,True
UgzzksTecAX2g7XicrJ4AaABAg,comment,KAJFALcJjac,,False,@RicardoSensual,Great Owner's Guide Andy. You've always done wonderful reviews. Happy New Year.,1,True
UgyIkDNm2JJUcY3bdqF4AaABAg,comment,KAJFALcJjac,,False,@SwissExperiments,"FYI you can add 5 quick controls. just use a second finger while holding the new quick control with the first finger and move that icon all the way to the right of the quick controls.
Keep it up :)",3,True
Ugz_OkN1Rq9SEeVf1WJ4AaABAg,comment,KAJFALcJjac,,False,@TeslaWellz,Thank you for this. Purchased my first Tesla last week.,1,True
Ugw75Ik0d8DozxtNluJ4AaABAg,comment,KAJFALcJjac,,False,@thatevchick,Thank you Andy!,2,True
UgxBTuevUAsri6paA694AaABAg,comment,KAJFALcJjac,,False,@DavidFernandez-cr9gv,"Andy, Thank you for your videos very informative and appreciate the guidelines you provide. Just leased a 2023 Model 3 and have a question. What do you think about using a car wash in place of hand wash, please advise?",2,True
UgxNIuhvYf3cbNHiFaB4AaABAg,comment,KAJFALcJjac,,False,@user-vf3nh4vx9u,"Regarding battery and charging (min 35 of the video). If your mY have an “F” on the 7th digit of the VIN number, your mY is equipped with F = Lithium Iron Phosphate Battery (LFP). In that case the recommendation is to recharge (always) to 100%",14,True
UgxNIuhvYf3cbNHiFaB4AaABAg.9kIQAb24zhN9myMjaphXqu,comment,KAJFALcJjac,UgxNIuhvYf3cbNHiFaB4AaABAg,True,@pytube777,Is it the 7th digit at the end of the number or the beginning?,0,True
UgxNIuhvYf3cbNHiFaB4AaABAg.9kIQAb24zhN9p3mqFElYe_,comment,KAJFALcJjac,UgxNIuhvYf3cbNHiFaB4AaABAg,True,@stin987,Another way to tell what battery it is:  LFP batteries are currently only China parts and China parts are not eligible for the fully $7500 tax credit hence the reason the Model 3 RWD is only $3750 federal tax credit. Parts must be made in the USA to qualify for the full $7500 credit.,0,True
UgxNIuhvYf3cbNHiFaB4AaABAg.9kIQAb24zhN9pzrbVcX5ra,comment,KAJFALcJjac,UgxNIuhvYf3cbNHiFaB4AaABAg,True,@melaniegodwin4648,@pytube777 7th from the RIGHT,0,True
UgybnJXF78mWgoNAAxx4AaABAg,comment,KAJFALcJjac,,False,@reubenmarcus,You can have 5 quick shortcuts.. 4 is not the limit. Drag new icon to the extreme right.,0,True
Ugx39nnec8RzEaG0l294AaABAg,comment,KAJFALcJjac,,False,@dleoncabral,"Great video, i’ve owned my tesla for 3 weeks now and still learned a lot from this video. thanks!",1,True
UgyJPZYv7v_DPpSydaN4AaABAg,comment,KAJFALcJjac,,False,@marisamcginnis5059,"Very nice video. I'm watching it once a day since I got my 2023 Model Y Tesla delivered on December 17, 2022. Thank you!!!",0,True
UgwSSQLn2ytVeGHjvbJ4AaABAg,comment,KAJFALcJjac,,False,@PaulAskew-ft3ui,Great video.  So much great information.,0,True
UgyzJC7WUyTAZwZeEU94AaABAg,comment,KAJFALcJjac,,False,@jackienaiditch7965,Thank you for this very informative video. We just got our Model Y and are still on a bit of a learning curve. We love the car!,1,True
UgzhNcJJiGz_soRR9Xx4AaABAg,comment,KAJFALcJjac,,False,@lilphatchnzfreak,Thanks for continuing to make great informative videos. I have learned so much from all your Tesla videos. It definitely decreased my anxiety and nervousness when driving my Model Y for the very first time. Keep it up Andy!,9,True
Ugzmw-MX7tygfObqBtN4AaABAg,comment,KAJFALcJjac,,False,@sblackmagics,Awesome guide! Soo excited to pick mine up. The amount of customizations and things you've shown here I didn't even know you could do so thank you!!!,7,True
UgxZpzDZmMWRYgRF4NF4AaABAg,comment,KAJFALcJjac,,False,@gadgetperson5128,"I picked up my Y in February 2022, so it has the ultrasonic sensors. However, Park Assist no longer works. Can you confirm that they removed the functionality of the sensors for the cars that have them which would explain why Park Assist no longer works?  If functionality has been removed in error, will it be reinstated in a future software release?  It is a useful feature. To say the least, I am disappointed in Tesla’s continuing effort to remove things from the cars - first passenger lumbar adjustment, then Homelink, then the charging cables and now ultrasonic sensors. A lot to pay for a car that is having features removed. Perhaps Elon needs to return his focus to Tesla and not Twitter away this valuable asset.",1,True
UgxZpzDZmMWRYgRF4NF4AaABAg.9kEQDjQCZCl9xhXyg9T_eR,comment,KAJFALcJjac,UgxZpzDZmMWRYgRF4NF4AaABAg,True,@makeupnmedicine,I’m very curious about this topic as someone who is looking into purchasing,0,True
UgwHb32wgKgENc4RwFB4AaABAg,comment,KAJFALcJjac,,False,@itzeddieboi,"just got my 2022 model 3 today and this video has been very helpful, thank you!",5,True
UgyfsGCM-ujrQCzWe2x4AaABAg,comment,KAJFALcJjac,,False,@Resist4,"You closed the frunk wrong, Tesla clearly said and shows, two hands are used to close it putting equal pressure on each side of the emblem.  You failed to mention how terrible the auto high beams and auto wipers actually are and that they are on by default with Autopilot and the FSD beta.  You should have explained why there can be damage when using the manual door latch (with no power).  And you don't have to keep a hand on the wheel with Autopilot, nor will the car tell you to do that.  What is says is that you have to put Torque on the wheel.  Big difference between hand on the wheel and torque to the wheel.  Just sayin.

While a fully automated vehicle will save lives, I worry that people will then forget how to drive, like they have forgotten phone numbers due to smart phones.  Technology is amazing but we still need to remember how to do things manually if the tech fails.",0,True
UgzM5syOPjJy3OJfIuB4AaABAg,comment,KAJFALcJjac,,False,@garyszewc3339,"What do you do when you pull up to the superchargers and they don't work because it's too cold out? Just saw a video about this, a whole bank of superchargers and only one worked due to the temperature being below freezing.",0,True
Ugwj5iSckKcDnm2zVAB4AaABAg,comment,KAJFALcJjac,,False,@markwaters5578,"Not too many places here on the Big Island (Hawaii)  to use auto pilot. Though, when I've tried it, I've run into a problem.  The first speed limit sign will read 55 miles per hour  and a second sign about another 250ft after will read minimum speed 40 miles per hour (this is for tourists) which the computer reads as a speed limit sign. The car immediately slows down to this. This was very scary the first time I tried this, until I figured it out. I don't know if Tesla can fix this, but this setup is all over the island.  Granted it is not something I use but, it was nice to see how it worked.",0,True
Ugwj5iSckKcDnm2zVAB4AaABAg.9kBmy1FO9ic9kCdafkMaZ7,comment,KAJFALcJjac,Ugwj5iSckKcDnm2zVAB4AaABAg,True,@Resist4,"The car also sees Truck speed limits as the limit for all vehicles, which isn't true.  Tesla has a way to go but they'd rather put more games in our cars than fix the important stuff.",0,True
UgyxKP-pjhozXuptXJt4AaABAg,comment,KAJFALcJjac,,False,@i6power30,Nobody cares.. Tesla fad is over,2,True
UgxxNodUU9eG00DMUN94AaABAg,comment,KAJFALcJjac,,False,@julienguyen1747,"Hi Andy, when return from  shopping, I want to open the trunk first to put my stuffs away, however, I can’t access the trunk without physically unlock from the driver’s door. Can you help? Thanks",1,True
Ugyd9TCG7LN68v0wZbN4AaABAg,comment,KAJFALcJjac,,False,@Smart-Alex,Got my Model Y two weeks ago and FSD two days ago. Scary as shit in this learning phase but I love it so much. Thanks!!,1,True
UgzgsPEbq9hL8PRxzfB4AaABAg,comment,KAJFALcJjac,,False,@vegasbaby3669,Very useful and informative.  Thank you much.,3,True
UgxkDDzCFdytLFohZSB4AaABAg,comment,KAJFALcJjac,,False,@urbansandberg140,Is HEPA-filter included when I buy a M3P?,0,True
UgxkDDzCFdytLFohZSB4AaABAg.9kAZJ-OUUS_9kCe8k3bzUp,comment,KAJFALcJjac,UgxkDDzCFdytLFohZSB4AaABAg,True,@Resist4,No.,0,True
Ugz6ewtac3-tPIb7wTt4AaABAg,comment,KAJFALcJjac,,False,@birreboi,"Pretty concise and comprehensive look at these cars. Now knowing a fair bit about them (though I have never been in one ), I just need around AU$72,000 - hmm bummer, unfortunately not likely 😐",1,True
UgwF3d5XoP6xn8ZKd0B4AaABAg,comment,KAJFALcJjac,,False,@mikeoberg1,"I live in Colorado where I drive in river canyons that do not have cellular coverage. As a result, the roads are not displayed on the map. Is there some way to store maps from these areas on a USB drive that the car can use in these areas? I think this would be a great addition for this situation.",1,True
Ugwu0oX-sNHacfQM85J4AaABAg,comment,KAJFALcJjac,,False,@galoalvez27,Awesome video! Extremely helpful for us newer Tesla owners. Hoping you would consider making a video one day on preconditioning the battery. I’m a little confused by it and there don’t seem to be any quality videos on YT explaining it in depth.,3,True
Ugwu0oX-sNHacfQM85J4AaABAg.9kALr4dScIo9ktI3LD-vii,comment,KAJFALcJjac,Ugwu0oX-sNHacfQM85J4AaABAg,True,@evianddarelrosen4711,"To pre condition the battery…push voice command button and say “Tesla super
Charging stations” the screen will
Pop up with the list , select one by taping it….now it will navigate you to that location AND it will immediately start “ battery pre-conditioning” and it will say exactly that in the top left corner of the screen. IF you don’t see the list of supercharging stations after you give the voice command that is because you have a screen open on top like you stereo or A/c screen so swipe too down on your screen and it will move or close that too screen that is in the way. Then you can tap a location to start the pre-conditioning. If you are annoyed by the navigation voice just turn the volume off or turn your music on. They recommend that you try to do this every time you go to a supercharging station so it is in pre-condition mode to improve charging when you arrive.",3,True
UgzSbwtlpk8BdTDjUAF4AaABAg,comment,KAJFALcJjac,,False,@rich1383yt,36:00 Daily charging in a 220v plugin outlet with the mobile charger cable is not recommended - the outlets are *not* made for this. Sandy Munroe did an entire podcast on this; they are dangerous unless you spend $$ on the highest quality outlets.,2,True
UgzSbwtlpk8BdTDjUAF4AaABAg.9kAFfiO8qCR9kCeGmGlhLn,comment,KAJFALcJjac,UgzSbwtlpk8BdTDjUAF4AaABAg,True,@Resist4,"You mean 240v, as there is no such thing as 220v for decades.  The mobile connector (not charger), is fine in a 240v outlet because if you always leave it plugged in, which is what people would do.  But any outlet will wear with plug in/out cycles, even your inside house 120v outlets.",2,True
UgzSbwtlpk8BdTDjUAF4AaABAg.9kAFfiO8qCR9kU38rj_vey,comment,KAJFALcJjac,UgzSbwtlpk8BdTDjUAF4AaABAg,True,@56ctconger,"Usual warning, do not attempt this if you are not knowledgeable about high voltage and current wiring.
You should use at the very least a high quality outlet. Some say you should not use aluminum wiring. This is because it oxidizes. Using a quality socket like even the midrange Hubble outlet with proper cable clamps tightened to the required spec, very tight, you should be fine. Just monitor the outlet temp for the first few days after charging for an hour. Then check once a month for a year and once every year after that.

With aluminum cables I believe if you select the lowest possible charging current setting consistent with your driving habits, likely about 30amps ( 3600watts), which will charge a battery depleted down to 35% in 10 hours, you should be fine as long as the clamps are clean and tight.",1,True
UgzoO8L0StWgEO6g1nh4AaABAg,comment,KAJFALcJjac,,False,@gadgetman7119,"Great video mate !
Got two questions for ya:

1) how is it ur getting sentry notifications to ur phone ? Mine only alerts me when i get back in the car.

2) when i enter my car, spotify internal app starts playing automatically, and overrides any notificationsound comming from my phone, most crucial thing is that i cant year my Waze app!
Also, for some reason, my iphone volume always goes down automatically when im in my tesla model Y 2023",1,True
UgypSN9Dn5-rsVm9cah4AaABAg,comment,KAJFALcJjac,,False,@rich1383yt,"33:40 Tip for cold weather: When I start driving in cold (< freezing) temps where regen is largely diminished, I immediately put in a Supercharger destination that is 20+ miles away so that the car will precondition (i.e., heat up) the battery.  That gets the regen braking back in about 10-15 minutes, considerably faster than left on its own.",36,True
UgypSN9Dn5-rsVm9cah4AaABAg.9kAEdCuZ99L9kveOkG_gmO,comment,KAJFALcJjac,UgypSN9Dn5-rsVm9cah4AaABAg,True,@bwc_digital,"Does that use more battery, in heating it up, than you gain from the regen, though?",7,True
UgypSN9Dn5-rsVm9cah4AaABAg.9kAEdCuZ99L9l4iwOFYKPV,comment,KAJFALcJjac,UgypSN9Dn5-rsVm9cah4AaABAg,True,@lokro2207xd,@bwc_digital im pretty sure it does.,4,True
UgypSN9Dn5-rsVm9cah4AaABAg.9kAEdCuZ99L9lBBJ3SA8jn,comment,KAJFALcJjac,UgypSN9Dn5-rsVm9cah4AaABAg,True,@warfox,@bwc_digital Around 2-4%,2,True
UgxiiL_fgGl4XCf5guB4AaABAg,comment,KAJFALcJjac,,False,@rich1383yt,27:00 I find that following distance varies very little between 1-7.  The safe driving rule of thumb is you should always be 2 seconds behind the car in front of you (I experienced this vividly in a weekend driving school).  The 7 setting barely keeps this 2-second rule.  I wish the setting would be incorporate a wider range of following distance - it is way too close in light traffic when there is no point in being close to anyone.,3,True
UgxiiL_fgGl4XCf5guB4AaABAg.9kAE7UorbFy9kCdHu4FSTb,comment,KAJFALcJjac,UgxiiL_fgGl4XCf5guB4AaABAg,True,@Resist4,"And feel it's the opposite, keeping my car too far back.",0,True
UgxiiL_fgGl4XCf5guB4AaABAg.9kAE7UorbFy9mDeTVx8Blk,comment,KAJFALcJjac,UgxiiL_fgGl4XCf5guB4AaABAg,True,@chavale2,3 secs   is the right answer  bro  ROLEXBALL,1,True
UgwI5w7yE3p7VSzQ4RV4AaABAg,comment,KAJFALcJjac,,False,@rich1383yt,"19:00 It is ironic that even though I hardly ever need to touch the brake pedal when driving, FSD Beta uses the brakes all the time - it still is not smart enough to plan its driving to take advantage of this standard EV feature in some common situations.",0,True
Ugzvh0oX5UNhpH8zZHN4AaABAg,comment,KAJFALcJjac,,False,@mikeoberg1,One of the most useful additions in the latest SW update is the automatic turn signals. Enabling thus feature turns off the turn signal when you have completed the turn to a new lane or new road. So you can always use the full stalk selection and it will last only as long as needed. NOTE: This doesn't seem to work for multiple lane changes.,45,True
Ugzvh0oX5UNhpH8zZHN4AaABAg.9kABx6m4Kjv9kt5CCM3nGl,comment,KAJFALcJjac,Ugzvh0oX5UNhpH8zZHN4AaABAg,True,@RaRaRoo2,Seems to me that when crossing multiple lanes it has a time delay that detects you are still crossing the lane lines.  I am very happy to have the feature.  The one downside is when turning into a turn lane it shuts off then you have to put the turn signal on again for the turn.,4,True
Ugzvh0oX5UNhpH8zZHN4AaABAg.9kABx6m4Kjv9l1eco2gFco,comment,KAJFALcJjac,Ugzvh0oX5UNhpH8zZHN4AaABAg,True,@jasond126,That's a standard feature on all cars.  Doesn't all car do that?,5,True
Ugzvh0oX5UNhpH8zZHN4AaABAg.9kABx6m4Kjv9l9uzCHhdzd,comment,KAJFALcJjac,Ugzvh0oX5UNhpH8zZHN4AaABAg,True,@slyguyaction,"I'd never use this here in Southern California. The most courtesy you get from people who are changing lanes is 1 flash. They often drift around in the lanes with no signal, so courtesy like that is unheard of.  The half stalk selection for 3 flashes seems like overkill here so that's what I use.",0,True
Ugzvh0oX5UNhpH8zZHN4AaABAg.9kABx6m4Kjv9lHyQRRnhvv,comment,KAJFALcJjac,Ugzvh0oX5UNhpH8zZHN4AaABAg,True,@ariesworld7,@jasond126I haven't seen that feature in any other cars. Other cars will turn off the turn signal when it detects the steering wheel turns back.,3,True
Ugzvh0oX5UNhpH8zZHN4AaABAg.9kABx6m4Kjv9lm5f5t1ByS,comment,KAJFALcJjac,Ugzvh0oX5UNhpH8zZHN4AaABAg,True,@TrendyStone,I do love the automatic turn signals.  A great improvement.,1,True
Ugzvh0oX5UNhpH8zZHN4AaABAg.9kABx6m4Kjv9lm5tPNRuyM,comment,KAJFALcJjac,Ugzvh0oX5UNhpH8zZHN4AaABAg,True,@TrendyStone,"@jasond126 You're driving down the freeway, put your turn signal on, and when you change lanes the turn signal goes off.  I haven't seen any other cars do that.  Other cars only do it when you turn a corner or a significant amount, not just one lane on the freeway.",5,True
Ugzvh0oX5UNhpH8zZHN4AaABAg.9kABx6m4Kjv9lne9T24SBZ,comment,KAJFALcJjac,Ugzvh0oX5UNhpH8zZHN4AaABAg,True,@ariesworld7,"@RaRaRoo2 I think if it detects that turn ⤵️ marked on the road, the signal will stay on. I noticed it and wherever there is clear turning direction ⤵️ marked, the signal will wait till we take the turn. Please try it.",1,True
Ugzvh0oX5UNhpH8zZHN4AaABAg.9kABx6m4Kjv9lrxVgn2CoG,comment,KAJFALcJjac,Ugzvh0oX5UNhpH8zZHN4AaABAg,True,@vietiscool,@ariesworld7 BMW and Audi use a 3-blink and then automatically turn off,1,True
Ugzvh0oX5UNhpH8zZHN4AaABAg.9kABx6m4Kjv9mjsnr9uhRV,comment,KAJFALcJjac,Ugzvh0oX5UNhpH8zZHN4AaABAg,True,@gbarthg,@ariesworld7 Correct. Turn signals have been turning-off automatically since the 1940s.,1,True
Ugzvh0oX5UNhpH8zZHN4AaABAg.9kABx6m4Kjv9mjtVzsAgZk,comment,KAJFALcJjac,Ugzvh0oX5UNhpH8zZHN4AaABAg,True,@gbarthg,@TrendyStone That depends. One of the problems with the Tesla is that it doesn't detect lane lines that are slightly faded. Your and my eyes can do that. Score one for evolution.,0,True
Ugzvh0oX5UNhpH8zZHN4AaABAg.9kABx6m4Kjv9mlz4wlouZ3,comment,KAJFALcJjac,Ugzvh0oX5UNhpH8zZHN4AaABAg,True,@TrendyStone,@vietiscool That BMW/Audi 3-blink turn signal option is the default for Tesla.  You have to toggle on for lane detection.,2,True
Ugzvh0oX5UNhpH8zZHN4AaABAg.9kABx6m4Kjv9mlzGSXyEUo,comment,KAJFALcJjac,Ugzvh0oX5UNhpH8zZHN4AaABAg,True,@TrendyStone,@gbarthg We have a model 3 and Y and don’t have any trouble with lane detection with either car.  I put 50k miles on my model 3 in two years so I’d certainly notice.,1,True
UgysGKKPzpDG3QkbvsF4AaABAg,comment,KAJFALcJjac,,False,@joserboi,Doing the paint protection film yourself is basically impossible. Use a shop,0,True
UgyIp1J4hEJYlDq_AS14AaABAg,comment,KAJFALcJjac,,False,@simplelife4213,"Perfect timing for posting this video, I just took delivery of my Model 3. Thanks!",5,True
UgzcZloQJXMQI8wEzsB4AaABAg,comment,KAJFALcJjac,,False,@shoutingatclouds1050,"The problem is Andy you are hardly a real person with a real job or and real interest. A shell of a man like you don't have a life. You wouldn't load your wife and children into that car a drive of to a ski resort for Christmas you probably wouldn't survive the trip anyway in that junk shuttle car thing. 
 You don't go to your off grid hunting camp with the boys because your AI is not programed to do so. 
 Let's be real here normal people don't want to hear propaganda from you and your (ESG reports) credit ratings, we want you on trial and jail for that. 
 Elon Musk or anyone else behind ESG reports will get punished for violating our God given rights.",0,True
UgyvUShJlzYBeZM6frl4AaABAg,comment,KAJFALcJjac,,False,@soonheecho,"Thanks Andy!
I just got Tesla Y few days ago.
Your video was awesome to help me to learn about my car.",8,True
UgwwkJl_gjsapIiEuaN4AaABAg,comment,KAJFALcJjac,,False,@文昊吴-t1u,why your model 3  trunk is coupe,0,True
UgwwkJl_gjsapIiEuaN4AaABAg.9kA-EjyyIkD9kCek53qeQG,comment,KAJFALcJjac,UgwwkJl_gjsapIiEuaN4AaABAg,True,@Resist4,Huh?,0,True
UgychNQOeU-0PdrEB614AaABAg,comment,KAJFALcJjac,,False,@boprzybysz2603,"Thank you Andy love your videos, the best explanation on Tesla ! I just got my Tesla Y yesterday with Full Self -Driving  Capability , could you please make another video explaining those features , I have to admit it's bit overwelming 🙏🙏🙏❤",2,True
UgzqwYVN2FoDx7Fgyqd4AaABAg,comment,KAJFALcJjac,,False,@MitchTolandJr,On the MY you can opt for “enhanced autopilot” ($6k). Do you think that’s worth the expense or the standard autopilot you referenced in the video is sufficient?,1,True
UgzqwYVN2FoDx7Fgyqd4AaABAg.9k9oYAE_KfG9kB8JuwJgMY,comment,KAJFALcJjac,UgzqwYVN2FoDx7Fgyqd4AaABAg,True,@Smart-Alex,I would suggest subscribing to the FSD beta for a month and try it out. It’s mind boggling,1,True
UgzqwYVN2FoDx7Fgyqd4AaABAg.9k9oYAE_KfG9kBJ_hv_t71,comment,KAJFALcJjac,UgzqwYVN2FoDx7Fgyqd4AaABAg,True,@MitchTolandJr,"@Smart-Alex I never intended to get the FSD option ($15k), but I’d certainly test it out for a month for free lol the enhanced option seems to add the following on top of the standard autopilot 

Navigate on Autopilot
Auto Lane Change
Autopark
Summon
Smart Summon",0,True
UgzqwYVN2FoDx7Fgyqd4AaABAg.9k9oYAE_KfG9kCe-Acuaba,comment,KAJFALcJjac,UgzqwYVN2FoDx7Fgyqd4AaABAg,True,@Resist4,"@MitchTolandJr Just to be clear.  Enhanced Autopilot, FSD and FSD beta are 3 different things.  I would never pay $15,000 for FSD (that doesn't even exist yet) and think $6,000 for Enhanced Autopilot is too much for what you get.  And FSD beta you can get with FSD, isn't worth messing with.",3,True
UgyBTId-F6V7JSX93ul4AaABAg,comment,KAJFALcJjac,,False,@JagsFPS,Bioweapon defense is only for Model Y/S/X im assuming?,1,True
UgyBTId-F6V7JSX93ul4AaABAg.9k9letA0D0x9kU0QvojFAF,comment,KAJFALcJjac,UgyBTId-F6V7JSX93ul4AaABAg,True,@56ctconger,No the Y has it. At least my Y does.,0,True
Ugz8xN5-Fvag5KGOFRh4AaABAg,comment,KAJFALcJjac,,False,@sarwatahmed3850,Amazing detailed review!!!,1,True
Ugxfb5SsxXp56xgz_h94AaABAg,comment,KAJFALcJjac,,False,@JonathanFedee,"Little known fact, if you’re on iOS, you can add a 5th shortcut control in the app. I can’t speak to this functionality with Android apps.",1,True
UgzGsAEYfe-m1yCMqGx4AaABAg,comment,KAJFALcJjac,,False,@ceuser3555,They got rid of the parking sensors but they added a camera to monitor your eyes on the road???,0,True
UgzGsAEYfe-m1yCMqGx4AaABAg.9k9Vo2tdzLB9kCeg3Gd-Os,comment,KAJFALcJjac,UgzGsAEYfe-m1yCMqGx4AaABAg,True,@Resist4,"Yes they removed the ultrasonic sensors but the cabin camera has always been there, just not turned on.",0,True
UgzGsAEYfe-m1yCMqGx4AaABAg.9k9Vo2tdzLB9kCgx4cKJNt,comment,KAJFALcJjac,UgzGsAEYfe-m1yCMqGx4AaABAg,True,@ceuser3555,"I like multiple reminders, because sometimes you can get distracted and that sound can really help save the day.",1,True
UgyRofBYePARKP1RDK94AaABAg,comment,KAJFALcJjac,,False,@ceuser3555,Thank you for this guide!,2,True
UgwFKTyPG5IFNZTX9VV4AaABAg,comment,KAJFALcJjac,,False,@michelkhawam1963,Great video,1,True
UgzuBcXtMvjrrinoMdR4AaABAg,comment,KAJFALcJjac,,False,@wvc72,This is a really outstanding video so many things I'm an old owner I didn't know and this is really taught me 56 different things which is valuable thank you and keep up the good work,4,True
Ugx8toZbM_XlC99rTbp4AaABAg,comment,KAJFALcJjac,,False,@dtroxx007,Best detailed tesla model y video yet! Thanks 👍,1,True
Ugzdg_dtdh_Mv3ZsjDd4AaABAg,comment,KAJFALcJjac,,False,@davidluchenbill3671,Great video!! Very nice review for a new and seasoned Tesla owner. I really enjoyed your review.,3,True
UgxgZGh7XtVsK_gzKTl4AaABAg,comment,KAJFALcJjac,,False,@dbanka5860,Check with your utility company I received a $500 credit for installing a charger and a $50 one time credit for registering my electric car.  Moving your scroll wheel will establish a connection with autopilot.,1,True
UgxgZGh7XtVsK_gzKTl4AaABAg.9k9D-tPOru69k9zqsEA6-a,comment,KAJFALcJjac,UgxgZGh7XtVsK_gzKTl4AaABAg,True,@soonheecho,What is your utility company?,1,True
UgzNjRnFkp9v9ioyoxd4AaABAg,comment,KAJFALcJjac,,False,@StudioByhaven,Thanks a lot!🙏🏼 I have a brand new mY - my first Tesla- and find reading a bit difficult. This video was very helpful! I really like your channel and your calm right to the point style. 😊,3,True
UgzNjRnFkp9v9ioyoxd4AaABAg.9k9BqyrNFyY9mDe0HgbyvZ,comment,KAJFALcJjac,UgzNjRnFkp9v9ioyoxd4AaABAg,True,@chavale2,Reading for a PHD degree to drive a car mate? My Mother Greek   cant read   just do this ROLEXSTUFF;  NO Wasting time; No Need   just join ROLEXBALL@4500%/YEARPROFIT@NOLOSS    X45/year mate   not small  BJ,0,True
UgyNiusK7Sm2ZD6Shyd4AaABAg,comment,KAJFALcJjac,,False,@kennykolourinc1250,forgot to add “windshield wiper heater” I needed this feature desperately last week but was not aware of this “new” feature. I did not use it since my frozen wiper problem so I cannot comment. since i became aware I did read the windshield has a spot where the wiper sits that heats up to 100º for a while. so it sounds like it is for cars parked outside and the wipers freeze to the windshield.,2,True
Ugwn3Mj_mAzkr98k01F4AaABAg,comment,KAJFALcJjac,,False,@Jdigital36,Love the 👉🤛,2,True
UgzhsZ5hd4kRQ0Z9Pgp4AaABAg,comment,KAJFALcJjac,,False,@kennykolourinc1250,Thanks Andy I always enjoy your videos…this new one is excellent! I have owned my “Y” for 4 months so I learned a few things watching your video especially since this is my first winter with my “Y”. I will be watching this video a few more times so your tips sink in. Wishing you and your family a happy healthy New Year thanks again,6,True
UgybFqe0oePuamL1Tnh4AaABAg,comment,KAJFALcJjac,,False,@billhunsinger862,You can add a 5th control now.,0,True
Ugw6rsFKE2xg4qCIzuR4AaABAg,comment,KAJFALcJjac,,False,@ai_video_kids_2026,Keto maunet i kam inat 🤮,1,True
UgynGiYv8DHArtwWCYZ4AaABAg,comment,KAJFALcJjac,,False,@SmartMart1658,Great user guide. Thanks. Happy holidays. Best wishes for the New Year from the UK.,4,True
UgwjmiQnnLk1QaK49294AaABAg,comment,KAJFALcJjac,,False,@ertassi,Great video. I’m getting my Model Y in a couple of weeks and this is very helpful. I thought I knew most stuff but you always find new nuggets.😊,6,True
UgxjTAlMzdzVx7iXQSl4AaABAg,comment,KAJFALcJjac,,False,@billhunsinger862,Autopilot will stop for a red light ONLY if there is a car in front of you . Otherwise it will NOT stop for a red light by itself..,179,True
UgxjTAlMzdzVx7iXQSl4AaABAg.9k8s817b1x19kAIo9xhZ8_,comment,KAJFALcJjac,UgxjTAlMzdzVx7iXQSl4AaABAg,True,@jasonl286,That’s basic autopilot. Enhanced will.,52,True
UgxjTAlMzdzVx7iXQSl4AaABAg.9k8s817b1x19kEm4bQAePT,comment,KAJFALcJjac,UgxjTAlMzdzVx7iXQSl4AaABAg,True,@lucyameliaflynn4768,"Starting early is the best way of getting ahead of built wealth, investing remains a priority. The Crypto/Stock market has plenty of opportunities to earn a decent payouts, with the right skills and proper understanding of how the market works. I, My clients $ students have been able to accumulate 25 BTC despite the state of the market.🎄 🎁💰",1,True
UgxjTAlMzdzVx7iXQSl4AaABAg.9k8s817b1x19kH-WC9ZZ7N,comment,KAJFALcJjac,UgxjTAlMzdzVx7iXQSl4AaABAg,True,@dleoncabral,"Very important, as I almost ran a red light on my new tesla because of ignorance!",16,True
UgxjTAlMzdzVx7iXQSl4AaABAg.9k8s817b1x19kVl6MP8KGY,comment,KAJFALcJjac,UgxjTAlMzdzVx7iXQSl4AaABAg,True,@djtaylorutube,"Oh that's different to the UK then. Over here, it stops on green and red. It warns that it's going to stop, either touch the accelerator pedal or right hand stalk to confirm to proceed.
It was an entertaining surprise for us when ours came to a gentle stop on green.",11,True
UgxjTAlMzdzVx7iXQSl4AaABAg.9k8s817b1x19k_k40dsq1p,comment,KAJFALcJjac,UgxjTAlMzdzVx7iXQSl4AaABAg,True,@zadigre,@jasonl286just saw your comment. I have enhanced autopilot and it will not stop for red lights … only fsd will,8,True
UgxjTAlMzdzVx7iXQSl4AaABAg.9k8s817b1x19kj6U02dWsg,comment,KAJFALcJjac,UgxjTAlMzdzVx7iXQSl4AaABAg,True,@raulsuazo5015,Mine M3 stops at red lights. Enhance autopilot,3,True
UgxjTAlMzdzVx7iXQSl4AaABAg.9k8s817b1x19kj7IjqBB4n,comment,KAJFALcJjac,UgxjTAlMzdzVx7iXQSl4AaABAg,True,@zadigre,"@raulsuazo5015 it supposed to stop a red lights not if you have full self driving…
It’s more like emergency breaking of it stops… not smooth stop",2,True
UgxjTAlMzdzVx7iXQSl4AaABAg.9k8s817b1x19klga19C0w3,comment,KAJFALcJjac,UgxjTAlMzdzVx7iXQSl4AaABAg,True,@MrsLyds,"I don’t know what you say .. mine stops even before I got the FSD beta! 🤔 the issue I have is the it does other weird things like turning without reason , stopping for no reason , accelerating while I have a car in front of me etc! Not reliable at all lol",2,True
UgxjTAlMzdzVx7iXQSl4AaABAg.9k8s817b1x19kmKGCx1y94,comment,KAJFALcJjac,UgxjTAlMzdzVx7iXQSl4AaABAg,True,@raulsuazo5015,@MrsLyds  take it for service.  I have never encounter not a single thing that is happening to you.  If i had any of those issues i will take it for service or get rid of it.,4,True
UgxjTAlMzdzVx7iXQSl4AaABAg.9k8s817b1x19l2c6nZvNVi,comment,KAJFALcJjac,UgxjTAlMzdzVx7iXQSl4AaABAg,True,@NinjafromTexas,"Trade-in value 50% less now. Tesla offered me $32k for 21 MY LR AWD 20"" with 18k miles.",4,True
UgxjTAlMzdzVx7iXQSl4AaABAg.9k8s817b1x19lZdsnjxA3U,comment,KAJFALcJjac,UgxjTAlMzdzVx7iXQSl4AaABAg,True,@Chunkyfat223,"FSD and Enhanced Autopilot will stop at a red light. If it is the highway version/basic version, of course it won’t!",0,True
UgxjTAlMzdzVx7iXQSl4AaABAg.9k8s817b1x19m2vkF_P9sH,comment,KAJFALcJjac,UgxjTAlMzdzVx7iXQSl4AaABAg,True,@maryannehayes2656,@djtaylorutube wow,1,True
UgxjTAlMzdzVx7iXQSl4AaABAg.9k8s817b1x19mAanRJNoiw,comment,KAJFALcJjac,UgxjTAlMzdzVx7iXQSl4AaABAg,True,@waitihaveachannel4950,"I almost found this out the hard way a couple of weeks ago. I rented a Model 3 while I contemplate buying one, and almost had it blow through two red lights before I realized that it just wasn’t going to stop at any red lights. That being said, even standard Autopilot was a Godsend when I was in stop and go traffic, as long as I wasn’t the first in line at a red light.",2,True
UgxjTAlMzdzVx7iXQSl4AaABAg.9k8s817b1x19mWaicy7DqF,comment,KAJFALcJjac,UgxjTAlMzdzVx7iXQSl4AaABAg,True,@satellitetvIreland,Wrong my Model 3 stops on a Red light and takes off again on green,1,True
UgxjTAlMzdzVx7iXQSl4AaABAg.9k8s817b1x19n3LW_y_maL,comment,KAJFALcJjac,UgxjTAlMzdzVx7iXQSl4AaABAg,True,@strategistaow3520,Why is it so?,0,True
UgxjTAlMzdzVx7iXQSl4AaABAg.9k8s817b1x19xqQs0ujucz,comment,KAJFALcJjac,UgxjTAlMzdzVx7iXQSl4AaABAg,True,@FalconThe45,@NinjafromTexasend up selling?,0,True
UgxjTAlMzdzVx7iXQSl4AaABAg.9k8s817b1x19zFy_kuYGYZ,comment,KAJFALcJjac,UgxjTAlMzdzVx7iXQSl4AaABAg,True,@nmanilal8926,​@jasonl286ub,0,True
UgxjTAlMzdzVx7iXQSl4AaABAg.9k8s817b1x1A1btoJQtQ9y,comment,KAJFALcJjac,UgxjTAlMzdzVx7iXQSl4AaABAg,True,@kimtaehyungbf8714,​@jasonl286😮😂😂😂😮😮😢😢😮🎉🎉🎉😂😂😂,0,True
UgxjTAlMzdzVx7iXQSl4AaABAg.9k8s817b1x1A1oFhTQQG_3,comment,KAJFALcJjac,UgxjTAlMzdzVx7iXQSl4AaABAg,True,@kelvintran7369,It stopped for me,0,True
UgxjTAlMzdzVx7iXQSl4AaABAg.9k8s817b1x1A9e570s6mTJ,comment,KAJFALcJjac,UgxjTAlMzdzVx7iXQSl4AaABAg,True,@changeric3037,The traffic light will change to green at the press of a button.,0,True
UgxjTAlMzdzVx7iXQSl4AaABAg.9k8s817b1x1AG-rzZu9EI2,comment,KAJFALcJjac,UgxjTAlMzdzVx7iXQSl4AaABAg,True,@thepepperlanders,Mine atopped,0,True
UgxjTAlMzdzVx7iXQSl4AaABAg.9k8s817b1x1AGnKg4UDupJ,comment,KAJFALcJjac,UgxjTAlMzdzVx7iXQSl4AaABAg,True,@Beef5,WOW! You are REALLY passionate about this topic! I am NOT into it as MUCH.,0,True
Ugz7JT2YfgM5-eVFk0V4AaABAg,comment,KAJFALcJjac,,False,@chuckles1357,"I'm picking up my RWD Model 3 2023 at 2 today!!  This was a valuable video to me, it explained so much that I'm no longer feeling nervous about driving it back 100 miles to my house from the dealership.  Your video was clear and very understandable to the novice... not all videos are!",105,True
Ugz7JT2YfgM5-eVFk0V4AaABAg.9k8p1vVJaa-9k8sF41y3eo,comment,KAJFALcJjac,Ugz7JT2YfgM5-eVFk0V4AaABAg,True,@aslye,Great to hear!,5,True
Ugz7JT2YfgM5-eVFk0V4AaABAg.9k8p1vVJaa-9kB8CT5vgo4,comment,KAJFALcJjac,Ugz7JT2YfgM5-eVFk0V4AaABAg,True,@Smart-Alex,Did you get the 7500 credit? I only got the 3750 sheesh,2,True
Ugz7JT2YfgM5-eVFk0V4AaABAg.9k8p1vVJaa-9kCDivYNIFm,comment,KAJFALcJjac,Ugz7JT2YfgM5-eVFk0V4AaABAg,True,@chuckles1357,"@Smart-Alex You must have missed the offer by one or two days... so sorry!!  Yeah, awhile at 3750 and i guess he didn't clear out inventory fast enough so gave 7500 to all buyers of 3s and Ys!!  It was sweet!!!!",0,True
Ugz7JT2YfgM5-eVFk0V4AaABAg.9k8p1vVJaa-9kCDqFQLccc,comment,KAJFALcJjac,Ugz7JT2YfgM5-eVFk0V4AaABAg,True,@chuckles1357,@aslye i can't tell you how amazing i feel and how much i love my new California Condor!  (that's her name now),0,True
Ugz7JT2YfgM5-eVFk0V4AaABAg.9k8p1vVJaa-9kCE4ubODaC,comment,KAJFALcJjac,Ugz7JT2YfgM5-eVFk0V4AaABAg,True,@Smart-Alex,@chuckles1357 yeah I’m still happy I got it. Some people got nothing,2,True
Ugz7JT2YfgM5-eVFk0V4AaABAg.9k8p1vVJaa-9kCWmGbcwmC,comment,KAJFALcJjac,Ugz7JT2YfgM5-eVFk0V4AaABAg,True,@chuckles1357,@Smart-Alex You're right about that... there were three people waiting to take mine if i changed my mind!  These cars are A-M-A-Z-I-N-G,1,True
Ugz7JT2YfgM5-eVFk0V4AaABAg.9k8p1vVJaa-9kFXrUO1yXe,comment,KAJFALcJjac,Ugz7JT2YfgM5-eVFk0V4AaABAg,True,@sblackmagics,"This is great to hear, I'm supposed to get mine literally last day for the credit Saturday and then have to drive back 300 miles to LA...hope this goes well! 🙏🏿",2,True
Ugz7JT2YfgM5-eVFk0V4AaABAg.9k8p1vVJaa-9kGOngVnlfZ,comment,KAJFALcJjac,Ugz7JT2YfgM5-eVFk0V4AaABAg,True,@chuckles1357,"@sblackmagics It's a little nerve wracking (sp?) with autopilot and range anxiety for a first long drive, but my advice having just done it is 1) drive the speed limit, and 2) know where the superchargers are along the way!",1,True
Ugz7JT2YfgM5-eVFk0V4AaABAg.9k8p1vVJaa-9kK3kp4nGca,comment,KAJFALcJjac,Ugz7JT2YfgM5-eVFk0V4AaABAg,True,@sblackmagics,"@chuckles1357 I made the deadline! They called a day early and brutal 5 hours drives both way/first time with heavy rain...the single pedal driving takes some getting used to but love the car and the supercharging built into navigation destinations is perfect. Autopilot is impressive, can't wait to use it in clear conditions lol...thanks again!!!",2,True
Ugz7JT2YfgM5-eVFk0V4AaABAg.9k8p1vVJaa-9kKGz6f2xu6,comment,KAJFALcJjac,Ugz7JT2YfgM5-eVFk0V4AaABAg,True,@chuckles1357,"@sblackmagics CONGRATULATIONS!!!!  You and i are IN THE TESLA FAM!!!!   You did awesomely, glad you pulled this off and now driving your fabulous beast-- Tell me about which car you got... the Y or 3?",1,True
Ugz7JT2YfgM5-eVFk0V4AaABAg.9k8p1vVJaa-9l6mTsj7bib,comment,KAJFALcJjac,Ugz7JT2YfgM5-eVFk0V4AaABAg,True,@WalkNTalk.Podcast,@Smart-Alex how do you know?,0,True
Ugz7JT2YfgM5-eVFk0V4AaABAg.9k8p1vVJaa-9l6mwbEf9hD,comment,KAJFALcJjac,Ugz7JT2YfgM5-eVFk0V4AaABAg,True,@Smart-Alex,@WalkNTalk.Podcast how do I know what? All those discounts are now gone and their price cuts are insanely good for new owners,0,True
Ugz7JT2YfgM5-eVFk0V4AaABAg.9k8p1vVJaa-9l6w0vm-1cq,comment,KAJFALcJjac,Ugz7JT2YfgM5-eVFk0V4AaABAg,True,@WalkNTalk.Podcast,@Smart-Alex sorry I guess I’m trying to learn how this tax credit works. Just because you qualify doesn’t mean you get it right? How do you guarantee yourself for getting the whole tax credit,0,True
Ugz7JT2YfgM5-eVFk0V4AaABAg.9k8p1vVJaa-9l6zvMfZJR-,comment,KAJFALcJjac,Ugz7JT2YfgM5-eVFk0V4AaABAg,True,@Smart-Alex,@WalkNTalk.Podcast tax credit is in effect now as long as you don’t exceed the salary maximums. Now is the time to get if you were in the market - Google the ev tax credit information,0,True
Ugz7JT2YfgM5-eVFk0V4AaABAg.9k8p1vVJaa-9l8IEC2hL1T,comment,KAJFALcJjac,Ugz7JT2YfgM5-eVFk0V4AaABAg,True,@WalkNTalk.Podcast,@Smart-Alex like what if I don’t owe money come tax time? Would I not get the credit?,0,True
Ugz7JT2YfgM5-eVFk0V4AaABAg.9k8p1vVJaa-9l9vyVYMrMn,comment,KAJFALcJjac,Ugz7JT2YfgM5-eVFk0V4AaABAg,True,@slyguyaction,"We just bought a ""used"" 2022 Model 3 RWD at a local VW dealer with only 8k miles on the odo. Seems it has a few options tho. Red Multi-Coat with the 19' wheels. Black interior. Compared to our 2021 VW ID.4, the tech (and especially the app) is astounding. $40k. Absolutely LOVE this car!!",2,True
Ugz7JT2YfgM5-eVFk0V4AaABAg.9k8p1vVJaa-9lBpFpbWMjE,comment,KAJFALcJjac,Ugz7JT2YfgM5-eVFk0V4AaABAg,True,@chuckles1357,@slyguyaction Good choice!  Congrats!  I've heard nothing but bad things about the software on the iD4.,0,True
Ugz7JT2YfgM5-eVFk0V4AaABAg.9k8p1vVJaa-9lkxqo4vyY2,comment,KAJFALcJjac,Ugz7JT2YfgM5-eVFk0V4AaABAg,True,@readmore3634,"You'll be sorry. Search ""Long Line of Electric Cars Wait for a Charge"" or https://www.youtube.com/shorts/UqEwLle8xKU",0,True
Ugz7JT2YfgM5-eVFk0V4AaABAg.9k8p1vVJaa-9ll4FneaL_A,comment,KAJFALcJjac,Ugz7JT2YfgM5-eVFk0V4AaABAg,True,@slyguyaction,"@chuckles1357,

Crazy as it sounds, we're one of the select few that haven't had any issues with the software on the ID.4. Sure, it could use more features and it's slow by comparison but fine overall.",0,True
Ugz7JT2YfgM5-eVFk0V4AaABAg.9k8p1vVJaa-9llRayk2Ud4,comment,KAJFALcJjac,Ugz7JT2YfgM5-eVFk0V4AaABAg,True,@chuckles1357,"@readmore3634 idk, i've never seen one with any car waiting yet, but i've only had mine since dec 27th '22.  So we'll see.  Since musk is opening up tesla superchargers, who knows what will happen....",0,True
Ugz7JT2YfgM5-eVFk0V4AaABAg.9k8p1vVJaa-9lnl6DvX892,comment,KAJFALcJjac,Ugz7JT2YfgM5-eVFk0V4AaABAg,True,@readmore3634,"Who knows what will happen?..... Lithium  dump sites, dead out EV's along the shoulder who miss-judged their distance capabilities, dead out EV's who thought they could pull that trailer, EV's lined up outside the charging station blocking traffic causing pissed off ""gas burning"" car owners, accidents, used EV dealers springing up everywhere cuz people want their much more dependable, easy to re-fill cars back, zero change in air quality due to major increases in natural gas and coal burning generators....we're talking zillions of ev-cars right? No thanks....not in my lifetime.",0,True
Ugz7JT2YfgM5-eVFk0V4AaABAg.9k8p1vVJaa-9lnx3bjgpWP,comment,KAJFALcJjac,Ugz7JT2YfgM5-eVFk0V4AaABAg,True,@chuckles1357,"@readmore3634 on the other side of that is if the grid goes down and gas isn't readily available, i have a solar set up that is powerful enough to charge my car, even if crazy slow.  idk, we're all free to choose what we want.  i'm keeping my honda as a back up, just in case for those times when i might need it.  bases covered!",0,True
Ugz7JT2YfgM5-eVFk0V4AaABAg.9k8p1vVJaa-9loQO9OgSon,comment,KAJFALcJjac,Ugz7JT2YfgM5-eVFk0V4AaABAg,True,@readmore3634,@chuckles1357           If the grid goes down? 😂,0,True
Ugz7JT2YfgM5-eVFk0V4AaABAg.9k8p1vVJaa-9nypmkFWjIB,comment,KAJFALcJjac,Ugz7JT2YfgM5-eVFk0V4AaABAg,True,@darealepikblox,"Congrats on the Tesla, my family is planning to buy a Tesla once we go to Canada in late 2023",1,True
Ugz7JT2YfgM5-eVFk0V4AaABAg.9k8p1vVJaa-9nzrBQddmwR,comment,KAJFALcJjac,Ugz7JT2YfgM5-eVFk0V4AaABAg,True,@readmore3634,@darealepikblox somebody has to do it....,0,True
Ugz7JT2YfgM5-eVFk0V4AaABAg.9k8p1vVJaa-9oQ8d8PjzyW,comment,KAJFALcJjac,Ugz7JT2YfgM5-eVFk0V4AaABAg,True,@thutch8097,@WalkNTalk.Podcast correct,0,True
Ugz7JT2YfgM5-eVFk0V4AaABAg.9k8p1vVJaa-9qEsivdY61E,comment,KAJFALcJjac,Ugz7JT2YfgM5-eVFk0V4AaABAg,True,@Josh_17360,"@Smart-Alexdude I got stuck with the 3,750 credit too",0,True
Ugz7JT2YfgM5-eVFk0V4AaABAg.9k8p1vVJaa-A4CETyWBaoQ,comment,KAJFALcJjac,Ugz7JT2YfgM5-eVFk0V4AaABAg,True,@SeñorHowardDuck,"Hey! I’m looking at buying a 2023 Model 3 pretty soon, anything you think is useful to know from your year of ownership so far?",1,True
Ugz7JT2YfgM5-eVFk0V4AaABAg.9k8p1vVJaa-A4CHmWt7bod,comment,KAJFALcJjac,Ugz7JT2YfgM5-eVFk0V4AaABAg,True,@chuckles1357,"@SeñorHowardDuck Did you get the RWD or Long Range/Performance?  I ask because they have different batteries (Long Range and Perfornance have the same kind, not LFP).  I have the lithium iron phosphate (LFP) and i can give you my experience with that... It's all i have experience with so far.  You'll have a blast, whichever one you're buying!!",0,True
Ugz7JT2YfgM5-eVFk0V4AaABAg.9k8p1vVJaa-AIp1oUZpoL5,comment,KAJFALcJjac,Ugz7JT2YfgM5-eVFk0V4AaABAg,True,@Craig13321,​@readmore3634haha,0,True
Ugy18YhvNN-wCmH9_dh4AaABAg,comment,KAJFALcJjac,,False,@RidgePowerEquipment,"Very well done, tks!",2,True
Ugy18YhvNN-wCmH9_dh4AaABAg.9k8o5OXa_sS9k8sFdEBRWq,comment,KAJFALcJjac,Ugy18YhvNN-wCmH9_dh4AaABAg,True,@aslye,Glad you liked it!,0,True
UgwWOeypZM-0la026r94AaABAg,comment,KAJFALcJjac,,False,@michaelguzman2699,Did you already make a similar video to this earlier in the year? I feel like I have dejavú but I’m not sure. Either way great video Andy!,1,True
UgwWOeypZM-0la026r94AaABAg.9k8lo72vAqm9k8mkThARDx,comment,KAJFALcJjac,UgwWOeypZM-0la026r94AaABAg,True,@aslye,2 years ago! I was getting a lot requests for an updated guide since so much has changed with the software,3,True
Ugwp8T8Np478G5NB4Vp4AaABAg,comment,KAJFALcJjac,,False,@Jlsfilms05,Hi Andy! Great video as always. Would you be willing to do a video on financing a Tesla? I think that’ll be great to see.,3,True
Ugwp8T8Np478G5NB4Vp4AaABAg.9k8gwIVg2lY9k8sGURIhXX,comment,KAJFALcJjac,Ugwp8T8Np478G5NB4Vp4AaABAg,True,@aslye,Great suggestion!,1,True
UgzRAUV9_Em0I7-5bnF4AaABAg,comment,KAJFALcJjac,,False,@Whtimiswhtugt,Nice video! Thank you!,3,True
UgyVCvCE615S7oQSLSp4AaABAg,comment,KAJFALcJjac,,False,@josequesada1234,Very helpful video. After 1 year of ownership I still find new features and shortcuts,8,True
Ugz_fe-V-8RkkczHt694AaABAg,comment,KAJFALcJjac,,False,@laloajuria4678,"so youre thinking of supporting qElmo, let me help you.....",2,True
UgxMaFscD6ukqrwF-jt4AaABAg,comment,KAJFALcJjac,,False,@roomotology8571,How do you have the traffic lights visualized on the screen? I have enhanced autopilot but I don’t have the traffic light visualization. Thanks,3,True
UgxMaFscD6ukqrwF-jt4AaABAg.9k8_nX7rpK89k8fyt3h8Ro,comment,KAJFALcJjac,UgxMaFscD6ukqrwF-jt4AaABAg,True,@laloajuria4678,its a setting.,0,True
UgxMaFscD6ukqrwF-jt4AaABAg.9k8_nX7rpK89k8g4nKD5D_,comment,KAJFALcJjac,UgxMaFscD6ukqrwF-jt4AaABAg,True,@roomotology8571,@laloajuria4678 so I turned on the FSD preview which is suppose to show me the traffic lights but I’m still not getting anything.,0,True
UgxMaFscD6ukqrwF-jt4AaABAg.9k8_nX7rpK89k8seOtj70Q,comment,KAJFALcJjac,UgxMaFscD6ukqrwF-jt4AaABAg,True,@z4zuse,@roomotology8571 requires probably HW3. I think that HW2.5 is not sufficient,0,True
UgxMaFscD6ukqrwF-jt4AaABAg.9k8_nX7rpK89k8t28cy-2n,comment,KAJFALcJjac,UgxMaFscD6ukqrwF-jt4AaABAg,True,@roomotology8571,@z4zuse my car is a 2023 model. Just got it last week. Are they still doing HW 2.5 on these cars?,0,True
UgxMaFscD6ukqrwF-jt4AaABAg.9k8_nX7rpK89k8yJT-KM-_,comment,KAJFALcJjac,UgxMaFscD6ukqrwF-jt4AaABAg,True,@z4zuse,@roomotology8571no,0,True
UgxMaFscD6ukqrwF-jt4AaABAg.9k8_nX7rpK89k8yVgzssca,comment,KAJFALcJjac,UgxMaFscD6ukqrwF-jt4AaABAg,True,@z4zuse,@roomotology8571 I am not sure if traffic lights visualization is only with FSD or that enhanced autopilot is sufficient,0,True
UgxMaFscD6ukqrwF-jt4AaABAg.9k8_nX7rpK89k8ytSWz1mz,comment,KAJFALcJjac,UgxMaFscD6ukqrwF-jt4AaABAg,True,@roomotology8571,"@z4zuse it’s a bit strange. When I turned on the FSD visualization preview, it said I’ll see the traffic lights but so far nothing - I also haven’t noticed any difference. It’s not the end of the world, but just wanted to make sure the cameras and the software are working properly. I thought my car would see more haha",1,True
