source_id,source_type,video_id,parent_id,is_reply,author,text,like_count,public
UgzagAaHiPVPi79B4KZ4AaABAg,comment,KLiiOeMU9JQ,,False,@CarExpertAus,Just wanted to correct something mentioned in the video. I said it’s capable of 11kW 3-phase AC charging. That’s only for Europe - Australia is limited to single-phase 7kW AC charging.,83,True
UgzagAaHiPVPi79B4KZ4AaABAg.9yZng-3TMo99y_Lo2teXds,comment,KLiiOeMU9JQ,UgzagAaHiPVPi79B4KZ4AaABAg,True,@kylegriffiths5990,Should include what Apple carplay and Android auto look like when the infotainment display is rotated vertically.,2,True
UgzagAaHiPVPi79B4KZ4AaABAg.9yZng-3TMo99yb_4icHeQF,comment,KLiiOeMU9JQ,UgzagAaHiPVPi79B4KZ4AaABAg,True,@rsfrozen1,Malaysia and Singapore is getting the same version 7kw,2,True
UgzagAaHiPVPi79B4KZ4AaABAg.9yZng-3TMo99ybjr_YPRsi,comment,KLiiOeMU9JQ,UgzagAaHiPVPi79B4KZ4AaABAg,True,@catpiano1,7kw is slow AF.,6,True
UgzagAaHiPVPi79B4KZ4AaABAg.9yZng-3TMo99yc7MuhIkT1,comment,KLiiOeMU9JQ,UgzagAaHiPVPi79B4KZ4AaABAg,True,@bmc8195,​@kylegriffiths5990 - BYDs will only show Android Auto and Apple Carplay in landscape.  Which is kind of a shame.,4,True
UgzagAaHiPVPi79B4KZ4AaABAg.9yZng-3TMo99ycG0brxWeS,comment,KLiiOeMU9JQ,UgzagAaHiPVPi79B4KZ4AaABAg,True,@vasil7410,​​@catpiano17kw is not slow for home charging.,10,True
UgzagAaHiPVPi79B4KZ4AaABAg.9yZng-3TMo99yeC7n1z0QI,comment,KLiiOeMU9JQ,UgzagAaHiPVPi79B4KZ4AaABAg,True,@Paul-ow9dd,"You also need to have 3 phase power installed for charging above 7kw (single phase). Not a cheap process, as you have to pay your power provider and an electrician, plus expensive parts.",5,True
UgzagAaHiPVPi79B4KZ4AaABAg.9yZng-3TMo99yeDx9Mgr0l,comment,KLiiOeMU9JQ,UgzagAaHiPVPi79B4KZ4AaABAg,True,@vasil7410,"​@Paul-ow9ddYes, more than 7kw is overkill for home charging. It's a non issue. It's like when people criticised the Model 3 Highland for limiting top speed to 200km/h (Seal is 190), due to its soft tyres. No public road on earth lets you drive anywhere near that speed anyway, other than on certain sections of the German autobahn.",13,True
UgzagAaHiPVPi79B4KZ4AaABAg.9yZng-3TMo99ygGQvLgYM9,comment,KLiiOeMU9JQ,UgzagAaHiPVPi79B4KZ4AaABAg,True,@davidtydeman1434,I have an Atto3 with 7kw home charging from my solar panels.  After 15 months of use I can say that in practice this is not an issue.  I charge the car about once a week and I use free electricity from the solar.  It is very different to charging rates if I was using public charging.,8,True
UgzagAaHiPVPi79B4KZ4AaABAg.9yZng-3TMo99ygIzn3wEL3,comment,KLiiOeMU9JQ,UgzagAaHiPVPi79B4KZ4AaABAg,True,@vasil7410,"@davidtydeman1434 You don't need solar to save money, if that is a priority for purchasing an EV. Any home charging is multiple times cheaper than filling up an ICE car.",4,True
UgzagAaHiPVPi79B4KZ4AaABAg.9yZng-3TMo99ywlvgxuJb0,comment,KLiiOeMU9JQ,UgzagAaHiPVPi79B4KZ4AaABAg,True,@MarsOzzie,Yeah very strange,0,True
UgzagAaHiPVPi79B4KZ4AaABAg.9yZng-3TMo99ywlyEXg508,comment,KLiiOeMU9JQ,UgzagAaHiPVPi79B4KZ4AaABAg,True,@MarsOzzie,​@kylegriffiths5990you can't turn,0,True
UgzagAaHiPVPi79B4KZ4AaABAg.9yZng-3TMo99z02c-Vluc8,comment,KLiiOeMU9JQ,UgzagAaHiPVPi79B4KZ4AaABAg,True,@BaeLasso,"@davidtydeman1434 Charging with solar? Well.... You either have the luxury of working home all the time or you have batteries to store the electricity, batteries are expensive!",0,True
UgzagAaHiPVPi79B4KZ4AaABAg.9yZng-3TMo99z9VQKET8am,comment,KLiiOeMU9JQ,UgzagAaHiPVPi79B4KZ4AaABAg,True,@PsychedMedia,"@BaeLasso look up on the Solar Net Metering programme, no batteries needed",0,True
UgzagAaHiPVPi79B4KZ4AaABAg.9yZng-3TMo99zHc9jxf-zA,comment,KLiiOeMU9JQ,UgzagAaHiPVPi79B4KZ4AaABAg,True,@cybertruck4988,Tesla is king,1,True
UgzagAaHiPVPi79B4KZ4AaABAg.9yZng-3TMo99zuVMcaYyqo,comment,KLiiOeMU9JQ,UgzagAaHiPVPi79B4KZ4AaABAg,True,@brianwilcock8445,😊​@vasil7410,0,True
UgzagAaHiPVPi79B4KZ4AaABAg.9yZng-3TMo9A-5WE-mJZ3D,comment,KLiiOeMU9JQ,UgzagAaHiPVPi79B4KZ4AaABAg,True,@IrishguyG80,"Thats sucks, it will take yyou forever to charge in Aus",1,True
UgzagAaHiPVPi79B4KZ4AaABAg.9yZng-3TMo9A-LXv3qfxhr,comment,KLiiOeMU9JQ,UgzagAaHiPVPi79B4KZ4AaABAg,True,@brandonokeeffe1193,"​@IrishguyG80even Tesla is limited to 7kW on single phase
A 0-100% charge would take about 13hrs(premium/performance) or 10hrs(dynamic)

It also depends on how far and the type of driving you do daily, avg distance driven a day is 45km, round up your 50km, with efficiency of 20kW/100km you'd need 10kWh, less than 2hrs of charging, do you sleep less than 2hrs a day? Are you home less than 2hrs a day?",2,True
UgzagAaHiPVPi79B4KZ4AaABAg.9yZng-3TMo9A-OQ6FRVupy,comment,KLiiOeMU9JQ,UgzagAaHiPVPi79B4KZ4AaABAg,True,@IrishguyG80,"Dam thats slow man, i charge on 120-150KW chargers here.",0,True
UgzagAaHiPVPi79B4KZ4AaABAg.9yZng-3TMo9A-OSKmzljD4,comment,KLiiOeMU9JQ,UgzagAaHiPVPi79B4KZ4AaABAg,True,@brandonokeeffe1193,"@IrishguyG80 you do understand the difference between AC and DC charging right?
The BYD Seal charges at upto 7kW AC, and upto 150kW DC",0,True
UgzagAaHiPVPi79B4KZ4AaABAg.9yZng-3TMo9A-QF5pqoHtD,comment,KLiiOeMU9JQ,UgzagAaHiPVPi79B4KZ4AaABAg,True,@Lav-v9c,@vasil7410 Not a huge issue for home charging but I have been to shopping malls where 11kw three phase charging is plenty and it would be an issue there.,0,True
UgzagAaHiPVPi79B4KZ4AaABAg.9yZng-3TMo9A-SXGneJYVk,comment,KLiiOeMU9JQ,UgzagAaHiPVPi79B4KZ4AaABAg,True,@IrishguyG80,"@brandonokeeffe1193  Dude i do know the difference between AC and DC, im a mechanical engineer, i was referring to DC charging not home charging.",0,True
UgzagAaHiPVPi79B4KZ4AaABAg.9yZng-3TMo9A-S_beXCcFx,comment,KLiiOeMU9JQ,UgzagAaHiPVPi79B4KZ4AaABAg,True,@brandonokeeffe1193,"@IrishguyG80 this whole comment thread is about AC charging, nothing to do with DC charging

The BYD Seal in Australia will charge at upto 150kW DC, so if someone uses one of the public chargers they will get upto 150kW, the same you get, so if it is slow here, then it is slow where you are

If you know the difference then why did you comment after mine about the AC charge rates with what DC charge rate you get? Or do you think we have no DC chargers here?

If you misread and thought they were talking about DC you can just say that",3,True
UgzagAaHiPVPi79B4KZ4AaABAg.9yZng-3TMo9A-U5x53QZLu,comment,KLiiOeMU9JQ,UgzagAaHiPVPi79B4KZ4AaABAg,True,@IrishguyG80,@brandonokeeffe1193 AC charging here is 22KW,0,True
UgzagAaHiPVPi79B4KZ4AaABAg.9yZng-3TMo9A-V45Oi1WS_,comment,KLiiOeMU9JQ,UgzagAaHiPVPi79B4KZ4AaABAg,True,@brandonokeeffe1193,"@IrishguyG80  Australia also has 3phase which supports upto 22kW, the limit isn't the power supply it is the car, the car is limiting it

you bought a BYD Seal didn't you? Show it getting 22kW on AC, I bet it won't as the on-board charger only support 11kW 3phase or 7kW single phase, to get 22kW on single phase you would be pushing around 100amps

Even your BYD Seal will max out at 7kW on single phase, if 4kW is so slow why did you go the Seal and not the m3RWD which supports upto 170kW DC?",1,True
UgzagAaHiPVPi79B4KZ4AaABAg.9yZng-3TMo9A-oWwIvmaSr,comment,KLiiOeMU9JQ,UgzagAaHiPVPi79B4KZ4AaABAg,True,@مرواریدمشرقزمین,BYD 👍,0,True
UgzagAaHiPVPi79B4KZ4AaABAg.9yZng-3TMo9A0GIWqh7z_A,comment,KLiiOeMU9JQ,UgzagAaHiPVPi79B4KZ4AaABAg,True,@8aitch8,Time is money@vasil7410,0,True
UgzagAaHiPVPi79B4KZ4AaABAg.9yZng-3TMo9A19T3oFEX3o,comment,KLiiOeMU9JQ,UgzagAaHiPVPi79B4KZ4AaABAg,True,@andgate2000,Can u review data security issues in new cars when reviewing.,1,True
Ugz35mFIJksx2FSe1H14AaABAg,comment,KLiiOeMU9JQ,,False,@markmark3938,659k subs and you can't even wash the fkn car mate...,0,True
UgwR071Dlg6kd4xrYER4AaABAg,comment,KLiiOeMU9JQ,,False,@LetzHaveALook,Horrible breaking for a tiny car.,0,True
UgyNy1Sk8NuOEcRAqX14AaABAg,comment,KLiiOeMU9JQ,,False,@Marcrussophotography,Coming from a V8 oldschool person this is pretty impressive. My only worry would be that glass roof in the Western Australian summer heat would be quite brutal no doubt.,0,True
UgyNy1Sk8NuOEcRAqX14AaABAg.ATyZDkoU_rzAVhXPVjd8vp,comment,KLiiOeMU9JQ,UgyNy1Sk8NuOEcRAqX14AaABAg,True,@DesignVisStudios,"the 25 version has a built in shade, but yeah you still get a reasonable amount of heat in if left in the sun",0,True
UgwlkMPoF42ioo6ilg94AaABAg,comment,KLiiOeMU9JQ,,False,@Dave777-y7i,"Great review Paul. I have the same spec Seal for over 2 years now. Great car when it works 

Beware when the 12v LFP auxiliary battery dies the car can’t be jump started. There is no replacement at all in Australia. Wait time is over 2 months for a vital component. BYD uses a proprietary 12v LFP that is not standard like all the other manufacturers that uses a simple lead acid battery that can be replacement in less than 15 minutes. So if the car can’t jump start you can’t disable the electronic parking brake to be towed. The motors of the EPB needs to be physically taken off for the car to be towed. BYD sells thousands of cars and yet they don’t keep any vital spare parts. Also, it’s only warranted for 12 months even though it was meant to be more durable and last the life of the car. Cost is over $1100 vs normal lead acid batteries $200-400. They claim it’s a consumable item and yet they don’t keep any in Australia. What great customer service they have. I’m just letting people know about this. I believe the BYD sea lion 6 and dolphin has the same battery. So good luck if it breaks down",0,True
Ugwdfl7VODO20QAQlKd4AaABAg,comment,KLiiOeMU9JQ,,False,@darkryder1983,"Love your reviews. Sensible, straight forward and practically minded. I really trust your takes and love that your honest with the ups and the downs. 2x 👍",0,True
Ugys-XD2cBdaTPaxfC54AaABAg,comment,KLiiOeMU9JQ,,False,@rogeriosousa9135,"Obigado pelo review… adorei o canal . Sou engenheiro automobilístico moro em Sao Paulo, e acabei de comprar um Seal.. carro espetacular, apenas o detalhe da suspensão gerou uma insegurança em senoidais na estrada, ja me assustei a 170kmh bump e rebump. Tenho tambem byd segull , resolvi o mesmo problema trocando o amortecedor por kaiaba usado no corola , ficou perfeito . Estou em busca de uma solução para o seal, uma vez que aqui no Brasil as estradas tem muitas ondulações deixando um carro de 530 cv realmente perigoso. Vcs tem alguma sugestão ? Agradeço",0,True
UgxeAHUpyoCcl3O1o7J4AaABAg,comment,KLiiOeMU9JQ,,False,@zensamui2409,Not expensive 😄😄,0,True
UgwNb3ZCnET9J49wJD54AaABAg,comment,KLiiOeMU9JQ,,False,@E2EK131MM,Are code reviews (Penatration testes) completed in Australia for new electronic vehicles?,0,True
UgxEKnR9IlnRHlS3htd4AaABAg,comment,KLiiOeMU9JQ,,False,@liweiguo5633,"Hi, what is the app you used to test the acceleration?",0,True
UgwNDi90BvnFrExm3KV4AaABAg,comment,KLiiOeMU9JQ,,False,@Mr.T-j4o,"most insane fact is this: right now i can buy the seal performance here for 22,000 usd. 12 month old. thats insane. i think i will get one next year for sure :-)",0,True
UgwrWyGAdJ9vpoUKpwd4AaABAg,comment,KLiiOeMU9JQ,,False,@GregPacker-v4p,BYD Brains Youth Destroyed is simillar to Tesla.,0,True
UgwrWyGAdJ9vpoUKpwd4AaABAg.AP8EUIxPn9IAP8EcyyIAtl,comment,KLiiOeMU9JQ,UgwrWyGAdJ9vpoUKpwd4AaABAg,True,@GregPacker-v4p,Its too expensive given there is no resale and nasty lithum battery fires,0,True
Ugxb9Hc1jVaH18XtC8V4AaABAg,comment,KLiiOeMU9JQ,,False,@mikebanbury3783,"You got 424kw when you floored it, just under 570bhp!  They are massively under estimating the power on these things 👌",0,True
UgwbIpEDTJHmNhOdosJ4AaABAg,comment,KLiiOeMU9JQ,,False,@Bacender,"14:29 really wish they would've went with a hatchback style boot rather than a regular trunk. really hurts the practicality of this vehicle and is one of the reasons why i ended up buying a Sealion 7, despite liking the rest of the seal. Can't imagine trying to squeeze multiple full size luggage into that boot.",0,True
Ugz_yu_ZIDeDwPqXDp54AaABAg,comment,KLiiOeMU9JQ,,False,@CThienV,Hey. How about being the first to review the 2025 refresh model with the adaptive suspension?,0,True
UgyrXUbHJ4_GDsH-oqh4AaABAg,comment,KLiiOeMU9JQ,,False,@silentblackhole,"I actually like the idea that the screen rotates. I would position it in portrait mode for when driving, using it as a navigation interface but when wanting to consume media content, like YouTube or movies when parked, then you would rotate it to the landscape orientation.",0,True
UgyrXUbHJ4_GDsH-oqh4AaABAg.AL49xbywTFjAL6TpD8Lj8R,comment,KLiiOeMU9JQ,UgyrXUbHJ4_GDsH-oqh4AaABAg,True,@CThienV,The screen in portrait mode does block forward visibility depending on your height and seating position.,0,True
UgxH1_6RHn_cEFga6Tl4AaABAg,comment,KLiiOeMU9JQ,,False,@jaimusicxx,I think resale will be your worst enemy if you buy one of these BYD‘s,0,True
UgxH1_6RHn_cEFga6Tl4AaABAg.AIyQg-T187IAL6TyXWqkT8,comment,KLiiOeMU9JQ,UgxH1_6RHn_cEFga6Tl4AaABAg,True,@CThienV,"Ive been watching the used market since Feb 2024. 
They have dropped 15-20% which is consistent with any brand new car. For my sake, I wish U were right.",0,True
UgxgQ-pFEd2E2AluXgd4AaABAg,comment,KLiiOeMU9JQ,,False,@bryanphillips7252,"I wonder how practical the big glass roof will be in a hot climate?  It looks like tinted glass but I can imagine the Queensland summer time sun turning the inside of the car in to an oven!  One of my previous cars had a conventional glass sunroof and I hardly ever opened the sliding cover thing during the day because it was just too hot on the top of my head.  That concern aside, I saw one of these this morning for the first time and is a striking vehicle in the flesh!",0,True
UgxgQ-pFEd2E2AluXgd4AaABAg.AHKlzV1-LAJAVhXdPW7Ws2,comment,KLiiOeMU9JQ,UgxgQ-pFEd2E2AluXgd4AaABAg,True,@DesignVisStudios,its not ideal that's why they added a sun shade to the 25 model (still not perfect vs a metal roof but livable.)  Any car with only a glass roof and no real shade would be a deal breaker for sure.,0,True
Ugxqrv690_5rGAheGBF4AaABAg,comment,KLiiOeMU9JQ,,False,@Tony-g3r3w,Hey Paul. First time commenting but long time follower.  Just  wondering if BYD will be bringing in the Leopard 5 and 6. I’ve seen plenty of them on the tube but would love to try one. Thx again for a great channel 👍,0,True
UgzjbJwk33bFbNl62F14AaABAg,comment,KLiiOeMU9JQ,,False,@NicNickyBoy6699,very much impressed!,0,True
UgzfWNYC0UR3VyiVTaV4AaABAg,comment,KLiiOeMU9JQ,,False,@yslee1401,"1 year later, buyers regret like hell as these vehicles have no resale value",0,True
Ugxsgpwobt64dvbDzDB4AaABAg,comment,KLiiOeMU9JQ,,False,@CGRCOOL,BMW 🤡 BYD 🤵‍♂️,0,True
UgzaY_eoZQS-GVuzrfp4AaABAg,comment,KLiiOeMU9JQ,,False,@wheelersgarage8393,"Good solid consistent reviews, mate.  Nice job.",0,True
UgxSY9i3eUNhq8kzFB94AaABAg,comment,KLiiOeMU9JQ,,False,@Troydeboi,18:54 Does tyre pressure affect ride?,1,True
Ugxprc-dh-URx0zBkdJ4AaABAg,comment,KLiiOeMU9JQ,,False,@davesax11,Good review. One pedal driving?,0,True
UgxJFMvjMkaySzQCdrJ4AaABAg,comment,KLiiOeMU9JQ,,False,@michaelhatzigeorgiou470,"Tesla did all the work for them. They did what Chinese do, coping.",0,True
Ugxtz8hmEN3vNknkfxR4AaABAg,comment,KLiiOeMU9JQ,,False,@CRCinAU,"I've seriously been looking at a BYD Seal - but given that I""m 6'6"", I'm kinda concerned about the room... I currently have a 2013 Camry HL Hybrid - and can fit in that very comfortably - but not sure how it compares... Any comments on the comparison for us taller folks?",0,True
UgzguXRH5V6S3duWT-R4AaABAg,comment,KLiiOeMU9JQ,,False,@mersinalou7397,Someone should tell the reviewer that $60-$70k is not affordable... that's quite expensive actually .. $30-$40k is affordable,2,True
UgzguXRH5V6S3duWT-R4AaABAg.ABuBzVdt8CIACiXUGQdoHu,comment,KLiiOeMU9JQ,UgzguXRH5V6S3duWT-R4AaABAg,True,@KingLoa-t1n,This is their flagship performance unit...,0,True
UgzguXRH5V6S3duWT-R4AaABAg.ABuBzVdt8CIAD4dcWUVOvZ,comment,KLiiOeMU9JQ,UgzguXRH5V6S3duWT-R4AaABAg,True,@launchsquid,$70k for their yop of the line performance model is pretty darn affordable compared to nearly anyone else.,0,True
UgzguXRH5V6S3duWT-R4AaABAg.ABuBzVdt8CIAD5LCirCFop,comment,KLiiOeMU9JQ,UgzguXRH5V6S3duWT-R4AaABAg,True,@mersinalou7397,@launchsquid So is almost $2000 per month with insurance over 5 years affordable is it? .. thats like half the wages of most Australians on a car that depreciates as quickly as a rock falling from the sky,0,True
UgxlQ7QbTkIh-nSk3nx4AaABAg,comment,KLiiOeMU9JQ,,False,@ulhaqanwaar1,Australia is so damn expensive,0,True
UgwBoj9ttPH27zPA_ct4AaABAg,comment,KLiiOeMU9JQ,,False,@andbkk,"hey! whats nore fun for city drive, same seal or new raptor? werid compression but its my 2 options 😅. what can you recommend?",0,True
UgxaxClAoxzEGuQybVp4AaABAg,comment,KLiiOeMU9JQ,,False,@kevinblyth6549,Really enjoy your reviews. Well rounded.,0,True
Ugwn6C38GeaeoC1zuDx4AaABAg,comment,KLiiOeMU9JQ,,False,@kevinblyth6549,"Should not be using the touch screen while driving, so space bar not an issue. Do love your reviews so will forgive you.",0,True
UgwFwh-rpn8WzSFkbFl4AaABAg,comment,KLiiOeMU9JQ,,False,@mattmobiles15,"These have looked suspiciously like Tesla's since Elon started building them in China.... Never do business there, all companies must share all info they have with the CCP by law.",0,True
UgwH1Z_j_D7PP77rI6F4AaABAg,comment,KLiiOeMU9JQ,,False,@simonoakley5102,I think it's about time the glovebox got a new name as who wears gloves these days while driving   ..more like gunbox ..😅😂😅😂,0,True
UgxbWRzdUiwgy5DXrvV4AaABAg,comment,KLiiOeMU9JQ,,False,@nissangt-r4138,Top Gear🇬🇧 Carwow and Chris Harris are some of my favourite British automotive journalist on the other side aussies are the worst so boring to watch.,0,True
UgwxJL5cm0dfNUBxABJ4AaABAg,comment,KLiiOeMU9JQ,,False,@winstontippens002,In South Africa we are really being ripped off. This model just launched here and is the equivalent of AUD 100k,0,True
UgwRPd4AsJ3Tx4nnh-R4AaABAg,comment,KLiiOeMU9JQ,,False,@airforceone6523,"Exterior design was done by ex lamborghini designer.

The interior was done by ex mercedes designer.

Fun fact.",0,True
UgxES7wb7ISMcOO5D2N4AaABAg,comment,KLiiOeMU9JQ,,False,@telmo6777,"BYD Seal is an amazing car, and with a great price, this car is much better than Tesla mod 3.",0,True
UgwpwW9C5_ApuoTbFgZ4AaABAg,comment,KLiiOeMU9JQ,,False,@satchycollins3985,Thanks,0,True
Ugweo6CEeVU2jSynlAB4AaABAg,comment,KLiiOeMU9JQ,,False,@signinginsigned3227,This is some car,0,True
Ugzn_SWH7XV6iZkpch14AaABAg,comment,KLiiOeMU9JQ,,False,@faylonbiryani,"Great review, really enjoyed that! I currently have a Mach-e but am seriously considering this as my next car here in the UK.",0,True
UgyayzGToD21VcczSP14AaABAg,comment,KLiiOeMU9JQ,,False,@PostFormitable,"So we all go to electric ev and the price of fuel is not much more different?

At 21kwh per a 100km, at 45c per a kwh (Which tbh all electricity rates are going through the roof) - it's costing $11 per a 100km. Thats more than my current petrol car which is roughly around $8 per a 100km.. even at $2 a litre.

I understand solar and stuff factor in but not everyone has access to it. But everyone in the world has access to a petrol station.",0,True
Ugxr7Dpx2jZK3kT3j_t4AaABAg,comment,KLiiOeMU9JQ,,False,@lolapino,the rotated screen doesn't support android auto..so hardly ever use it..,0,True
UgwJLhqkGkjjlGBNJHB4AaABAg,comment,KLiiOeMU9JQ,,False,@mutopz,"China is the most saturated car market in the world, home grown brands like BYD has to compete with every foreign brand and models, as well as JV developed Chinese versions of these brands. There were many brands of EV, and many have collapsed or on the verge do collapse. BYD is not one of them.",0,True
UgzyjRjaWvpKdUVPMYh4AaABAg,comment,KLiiOeMU9JQ,,False,@Tifosi116,"Hi Paul, Now that we are six months down the road, which car is the better choice in your opinion - the new Model 3 or the BYD Seal?",0,True
UgyIcLriSo8NX6j7ent4AaABAg,comment,KLiiOeMU9JQ,,False,@dougmaddog373,Cant remember last time i needed to go over 180kmph 🤷‍♂️😂,0,True
Ugz2Wok1uHEe0ngBTcV4AaABAg,comment,KLiiOeMU9JQ,,False,@AdamCulf,"I really like them, but BYD really needs to sort out the availability of 1 pedal driving. It's one of the greatest things about my Tesla. And the Start/Stop button... why oh why???",0,True
UgwavsELw_EE4-h8YPd4AaABAg,comment,KLiiOeMU9JQ,,False,@sammytsang2948,In what world is 50k affordable?,0,True
UgwYdN6vFSkubbpl25l4AaABAg,comment,KLiiOeMU9JQ,,False,@JohnnyBravo888,LOL Falls waaaaaaaay short of the M3P Highland! Seems like a budget version from the test drive i did! Hard pass!,0,True
UgxiycAMKWDYJmSve0F4AaABAg,comment,KLiiOeMU9JQ,,False,@PureBadBreath,"It's a sexy looking car for sure. Seen them in Bangkok and Hong Kong, looked every premium",0,True
Ugxq7ULKPK0ihReOdYl4AaABAg,comment,KLiiOeMU9JQ,,False,@Mailme81,Nice Key than a cheap looking card. Stalks. No useless monitor in the back.heads up display. Nice stereo. Hammers!,0,True
UgypeAAPkCUxynXpFvl4AaABAg,comment,KLiiOeMU9JQ,,False,@6axisptyltd453,Nice review 👍,0,True
UgxjeHge3wurjgbx8kF4AaABAg,comment,KLiiOeMU9JQ,,False,@Aussie_Stu76,one pedal driving?,0,True
UgyJWlp8j8qieQbOli14AaABAg,comment,KLiiOeMU9JQ,,False,@SouthAustraliaCarSpotting,now the real qwestion is this byd seal or a mustang mach e,0,True
UgzpaEQLmYxKOKUfHgB4AaABAg,comment,KLiiOeMU9JQ,,False,@SouthAustraliaCarSpotting,I FEEL like byd is really growing well and may be a bigger brand in the years to come,1,True
UgyOZpZ6e2GOU23PtlJ4AaABAg,comment,KLiiOeMU9JQ,,False,@CThienV,Will you be reviewing the Aus premium rwd model?,0,True
UgxPT_eXGC1z4bD4d054AaABAg,comment,KLiiOeMU9JQ,,False,@voongnz,"Nice modern and sleek design, yeah I like too that it's not too outrageous-almost-concept-car like.",0,True
Ugyre9vZlMpsCttcmHB4AaABAg,comment,KLiiOeMU9JQ,,False,@jiahazahar6607,And I curious the people at the back got air-conditioner distribution or not,0,True
UgziBfTZBlZppLQ23lx4AaABAg,comment,KLiiOeMU9JQ,,False,@jiahazahar6607,Push button in the centre not good idea for me. As I usually drive my niece. She'll get her hand to push that,0,True
UgwSx6y2odKkL5QSkxN4AaABAg,comment,KLiiOeMU9JQ,,False,@sahilkhurana999,Have been in both Model 3 performance and BYD Seal top trim. It blows Model 3 in interior form and function. Doors close with reassuring sound whereas Tesla sounds cheap. Personally I like the look of Seal over Model 3. Tesla has an edge in Touch screen UI and better tuned safety systems.,0,True
Ugz6EVgxNxQGLURB3fN4AaABAg,comment,KLiiOeMU9JQ,,False,@lammiwinks3775,It amazes me that all these new cars can’t handle lane keep assist yet my 2018 Golf R is perfect on adaptive cruise with lane keep!,0,True
UgxR61KOZT7vEQCUn1h4AaABAg,comment,KLiiOeMU9JQ,,False,@BondiBeache,"Today, there was an accident in China where a BYD driver was electrocuted while sitting in the driver's seat and fell unconscious. It didn't rain and there were no crashes. It appears that liquid flowed from the battery and climbed onto the vehicle, causing an electric shock.",0,True
UgxY9WaUtdn2W2IIAA14AaABAg,comment,KLiiOeMU9JQ,,False,@sojourner3300,There are numerous reports of BYD cars or cars with BYD batteries literally EXPLODING after collisions (this is in addition to numerous incidents of battery pack spontaneous igniting). Just search for it on Youtube - you can't make this stuff up.,0,True
Ugx-9_dQvZ_yGyAKoRt4AaABAg,comment,KLiiOeMU9JQ,,False,@robertcudlipp485,"Am about to dip my toe in the water with an EV, hybrids are just a waste.
Thanks for a very practical review of a stunning 1st effort by the manufacturer ( as far as I know) of this model.
Who would have thought top Euro finish, and Porsche like performance for around 70K ?
Maybe I  am a luddite, however, to an extent, would prefer to have more manual controls over air conditioning, drive mode than having to diver into menus- certainly not all that safe when driving!
However, this has way, way more performance than most urban based drivers will ever need, given congested nature of east coast capital city roads, but would love to get out of the big smoke every now and then and feel those G forces mash me back into the seat when vehicle set on whatever performance mode the manufacturer may have dialled in at the time.
Great review.",0,True
UgwOgM_SO9Bfl5JZsL14AaABAg,comment,KLiiOeMU9JQ,,False,@MSJ3007,"It's a stupid idea to buy electric cars.  You stop marketing it. Tell people the real truth, just use public transport and walking. Hail and healthy!",0,True
UgzVzPcR1l8xpfMZtKt4AaABAg,comment,KLiiOeMU9JQ,,False,@vinayshsureshram277,Like = BYD Seal ;  Dislike = Tesla Model 3,0,True
UgzbqLAYwxlLI5aUSrZ4AaABAg,comment,KLiiOeMU9JQ,,False,@Ceasar8980,This is beaaauuutifuulll ❤❤,0,True
UgwL7xCAFTk00wzlMct4AaABAg,comment,KLiiOeMU9JQ,,False,@NathanArnold-sf7gx,🤮BYD🤮,0,True
Ugy1KP3JDDZPCyXp_md4AaABAg,comment,KLiiOeMU9JQ,,False,@mglew,"How do the headlights perform? Does
Anyone even test this aspect of cars???",0,True
Ugyqxq8PNgfr8iucvh94AaABAg,comment,KLiiOeMU9JQ,,False,@sun22378,⁷h,0,True
UgzEj0bvStS7eL6B1sJ4AaABAg,comment,KLiiOeMU9JQ,,False,@AntihuaGoxiba,"Great review, amazing car, however same as other Chinese brands, lane keeping assistance functions not really works well, they need to improve some coding on that , otherwise , Chinese cars are really strong players in the market, and competitions are benifits consumers 🎉",0,True
Ugz_hUqTYggQqJi9nf14AaABAg,comment,KLiiOeMU9JQ,,False,@gandalfthegrey6038,Does it have towing capacity? e.g. box trailer with load of 500kg,0,True
UgyotB742yOR6GsapzR4AaABAg,comment,KLiiOeMU9JQ,,False,@sameersyed1300,18:20 are you making it up?,0,True
UgwhPgJlEOq27wQJt9p4AaABAg,comment,KLiiOeMU9JQ,,False,@saymyname16,This car is priced at 25000 dollars in China,3,True
Ugx7Dpk8mBAynAdNTT54AaABAg,comment,KLiiOeMU9JQ,,False,@Reddylion,Nice,1,True
UgwK67h9woXCK0UDj3d4AaABAg,comment,KLiiOeMU9JQ,,False,@joelbouman402,My brother bought the stock standard Seal and I test drove it recently. One word review; phenomenal. Will buy one when it's time to upgrade,6,True
UgzloWEFTrZ_213BaRd4AaABAg,comment,KLiiOeMU9JQ,,False,@peterkelly1406,Bizarre that you cant interact with your phone without risk of losing your license to drive but you can constantly be required to touch and look at your centre control screen on Teslas ...,0,True
UgzloWEFTrZ_213BaRd4AaABAg.A1l7H7AEZfqA2rhp0vdPYv,comment,KLiiOeMU9JQ,UgzloWEFTrZ_213BaRd4AaABAg,True,@jeremytine,Huge difference... Responding to a text takes way more focus than say adjusting cabin temperature,0,True
UgzaiZ_QTOevpKCWSs54AaABAg,comment,KLiiOeMU9JQ,,False,@JerrySaltoon,Look like BMW mk3  cool saw it excel car show,0,True
UgyWeVbAkt9-Mw-vLCJ4AaABAg,comment,KLiiOeMU9JQ,,False,@depandyble,"Its not under $70k. Its $70,873.95 in australia. You have to include on road costs. So drive away price is a little over",0,True
UgyjDKln_MpPxoaQzjl4AaABAg,comment,KLiiOeMU9JQ,,False,@andersnilsson251,"""CarExpert"" but failed to find that Byd Seal is not really 4WD. Not much of a review IMHO.",0,True
UgyjDKln_MpPxoaQzjl4AaABAg.A19rN7ze_mMA2sXHfvoS9C,comment,KLiiOeMU9JQ,UgyjDKln_MpPxoaQzjl4AaABAg,True,@almac9203,What do you mean it's not really 4WD?,0,True
UgyjDKln_MpPxoaQzjl4AaABAg.A19rN7ze_mMA2twD271GVR,comment,KLiiOeMU9JQ,UgyjDKln_MpPxoaQzjl4AaABAg,True,@robochan0970,"@almac9203 refers to a youtube video where the rear wheels of the AWD Seal were put on rollers (so no traction) to see if the front wheels would pull the car forward from a stand still.  It did not.
However BYD seemed to take the issue seriously and quickly reprogrammed the firmware to address it.  Its possible the car doesnt engage the front motor by design unless you're giving it the berries (my guess) or over a certain speed.
BYD so appear to be listening to feedback for the car and addressing problems and aesthetics concerns.",0,True
Ugxq6KbYP45H39QQOoN4AaABAg,comment,KLiiOeMU9JQ,,False,@andgate2000,When doing reviews on new cars...can u review the data collecting issue..and data securities.,0,True
Ugxq6KbYP45H39QQOoN4AaABAg.A19SxuAksMZA2gqcGfa6qZ,comment,KLiiOeMU9JQ,Ugxq6KbYP45H39QQOoN4AaABAg,True,@jacksmith-mu3ee,Where is your proof ?,0,True
UgzmU0a4dTdFiL5ec554AaABAg,comment,KLiiOeMU9JQ,,False,@andgate2000,Can u turn the centre screen off?.... ie night time driving,0,True
UgyyPN0y2UJHiK1Fj094AaABAg,comment,KLiiOeMU9JQ,,False,@andgate2000,Ill ditch the 4g...and just use carplay....stop the data mining from car manufacturers.,0,True
UgyFKlOeOXn6OpGeR8B4AaABAg,comment,KLiiOeMU9JQ,,False,@kengui845,Bro didn’t bother to clean the front for the video.,0,True
UgwcsnO-C0573KTaOQB4AaABAg,comment,KLiiOeMU9JQ,,False,@kennethprocak5176,"Model 3 built in the same country, why so expensive?  I know the Tesla electric motors are more efficient, but not for price they charge.",0,True
UgwIphojxGKcfDRJTBp4AaABAg,comment,KLiiOeMU9JQ,,False,@kennethprocak5176,"You have driven so many BYD and you don’t use voice to do functions, it works very well.",0,True
UgzXopHe6ZEV8eUNYxd4AaABAg,comment,KLiiOeMU9JQ,,False,@cwd5736,"BYD just created BYD U9 sport car for 309 Km/hr, how cool! It will be nice to sell this gorgeous sport car in Australia",0,True
UgxH_Ois_807Pe2dlbp4AaABAg,comment,KLiiOeMU9JQ,,False,@dudulamkoto,13:15 nope! At least nowhere as near as a Tesla. That one has silver treatment.,0,True
UgwLZEUj1tIk2zCgFGl4AaABAg,comment,KLiiOeMU9JQ,,False,@James-el6lj,I LOVE BYD. HATE TESLA AND THE SCAMMER MUSK.,0,True
UgweZn5z6F61U70Fq1p4AaABAg,comment,KLiiOeMU9JQ,,False,@kuldeuec,"BYD is better than any automaker from the west and Japan, Australians will agree soon, how China is superior than the rest of the world. Buy BYD and dump Tesla..",0,True
UgzLyvAurjL0UX_YwFF4AaABAg,comment,KLiiOeMU9JQ,,False,@DavL40,"Hold up!
Was that the Star Wars Holiday Spectacular you had queued up on Android Auto? 🤣",1,True
UgxOgqU2BHVSd6rGRCJ4AaABAg,comment,KLiiOeMU9JQ,,False,@carinfoaustralia7474,Australia is limited to single-phase 7kW AC charging. With that limited capacity how long will it take to get a full charge?,0,True
UgxlClk9-IKCorUWXWh4AaABAg,comment,KLiiOeMU9JQ,,False,@robertsinke9211,Ground clearance would be a problem in Indonesia. And the roof seems to be very hot,0,True
UgxXd9j5CVEzgTJ0XHt4AaABAg,comment,KLiiOeMU9JQ,,False,@MHWib-v7x,"hi paul, I watched a review from UK saying that the driver can feel a quite annoying vibration (not smooth) on the steering wheel column when passing a quite rough surface road, is it really the case ? please kindly share your experience on that matter, I am planning to buy BYD Seal but still doubt because of this issue",0,True
UgyEZxqgop3ieb6MRf94AaABAg,comment,KLiiOeMU9JQ,,False,@xXSinForLifeXx,"For me this detroys the Tesla 3 in every category other than self driving obviously. If you want a nice looking electric sport car i would pick this over the Tesla 3 every day.

Also can we just appreciate how much nicer it looks compared to the tesla which honestly looks horrible in comparison.",0,True
UgyhCMOmvBmCiMOqypd4AaABAg,comment,KLiiOeMU9JQ,,False,@PeterTTTTT,just dont like the black grills and it remains to be see how reliable all this tech is and what sort of support byd h as after sales like when and not if that spinning centre screen fails,0,True
UgyvOptdWHu33xCLQat4AaABAg,comment,KLiiOeMU9JQ,,False,@OutsideYourBox,The dual tone black white look is pretty sick imo....,0,True
Ugz0d0WUb1txG6GytNx4AaABAg,comment,KLiiOeMU9JQ,,False,@RavishankarRaghavan,BYD needs to add a fifth full sized wheel. Also make the steering hydraulic.,0,True
UgwMzt9m_lp9KEy_uvt4AaABAg,comment,KLiiOeMU9JQ,,False,@RedSon_7,fxxk electric cars,0,True
UgwMzt9m_lp9KEy_uvt4AaABAg.A0R0GX8lVKNA2gqgh1_fL3,comment,KLiiOeMU9JQ,UgwMzt9m_lp9KEy_uvt4AaABAg,True,@jacksmith-mu3ee,How do u do that ? Make a video?,0,True
UgwMzt9m_lp9KEy_uvt4AaABAg.A0R0GX8lVKNA2j5irTgdeB,comment,KLiiOeMU9JQ,UgwMzt9m_lp9KEy_uvt4AaABAg,True,@RedSon_7,@jacksmith-mu3ee  ask ur wife,0,True
UgwMzt9m_lp9KEy_uvt4AaABAg.A0R0GX8lVKNA2j82pl6IzO,comment,KLiiOeMU9JQ,UgwMzt9m_lp9KEy_uvt4AaABAg,True,@jacksmith-mu3ee,"@RedSon_7 my wife not a car . Lol

Try again .",0,True
UgwlofV6kISN5WNQ6Gd4AaABAg,comment,KLiiOeMU9JQ,,False,@jonm2522,Why don't these smart manufactures make the dash imput or address imput voice navigated while youre driving. OK all BS aside which is the best value for money Electric car .,0,True
UgwlofV6kISN5WNQ6Gd4AaABAg.A0QJneDo4JBA2gqiiLyMLz,comment,KLiiOeMU9JQ,UgwlofV6kISN5WNQ6Gd4AaABAg,True,@jacksmith-mu3ee,Byd,0,True
UgzERWSlQZRV2F_8bP14AaABAg,comment,KLiiOeMU9JQ,,False,@CThienV,Can any one confirm the byd audio volume is capped too aggressively?,0,True
UgxhAw-Y_-gVzWxYTbZ4AaABAg,comment,KLiiOeMU9JQ,,False,@roberttansley1546,You mention the $1500 price for other paint colours being more than it's rivals the Tesla model 3 it between $1500 and $2300 for different colours,0,True
Ugx5zshC_Bm9j4_qJJR4AaABAg,comment,KLiiOeMU9JQ,,False,@NathanArnold-sf7gx,"Forced human organ discount card from the CCP in the glove box! So naïve buying Chinese product! CCP who endorses forced human organ harvesting, war mongering of democratic nations who threaten its regime, minority and religious persecution! Boycott Chinese product now! 🩸💉🇨🇳🇨🇳🩸💉",0,True
Ugx5zshC_Bm9j4_qJJR4AaABAg.A0ACRgjpBVhA2gqkFYMQej,comment,KLiiOeMU9JQ,Ugx5zshC_Bm9j4_qJJR4AaABAg,True,@jacksmith-mu3ee,Source ? Proof ?,0,True
Ugx5zshC_Bm9j4_qJJR4AaABAg.A0ACRgjpBVhA2h55ojkxQI,comment,KLiiOeMU9JQ,Ugx5zshC_Bm9j4_qJJR4AaABAg,True,@NathanArnold-sf7gx,@jacksmith-mu3ee deflection! Typical CCP Tactic!,0,True
Ugx5zshC_Bm9j4_qJJR4AaABAg.A0ACRgjpBVhA2iR1bfWaBI,comment,KLiiOeMU9JQ,Ugx5zshC_Bm9j4_qJJR4AaABAg,True,@NathanArnold-sf7gx,@jacksmith-mu3ee deflection! Classic CCP tactic!,0,True
Ugx5zshC_Bm9j4_qJJR4AaABAg.A0ACRgjpBVhA2jDIXMWN15,comment,KLiiOeMU9JQ,Ugx5zshC_Bm9j4_qJJR4AaABAg,True,@NathanArnold-sf7gx,@jacksmith-mu3ee deflection! Classic CCP tactic! 🇨🇳💉🩸,0,True
Ugx5zshC_Bm9j4_qJJR4AaABAg.A0ACRgjpBVhA2jEjUbZUth,comment,KLiiOeMU9JQ,Ugx5zshC_Bm9j4_qJJR4AaABAg,True,@NathanArnold-sf7gx,@jacksmith-mu3ee deflection typical CCP tactic 💉🩸🇨🇳💉🩸🇨🇳,0,True
Ugx5zshC_Bm9j4_qJJR4AaABAg.A0ACRgjpBVhA2jw_xVsT84,comment,KLiiOeMU9JQ,Ugx5zshC_Bm9j4_qJJR4AaABAg,True,@NathanArnold-sf7gx,@jacksmith-mu3ee deflection! Typical CCP response! 💉🩸🇨🇳,0,True
UgwZ9LllEXN9Y7uBHGB4AaABAg,comment,KLiiOeMU9JQ,,False,@terryterry1655,Malaysia selling byd seal at jaw dropping less than RM199k thats much lesser than usd70k... Apparently china selling at approx rm129k?,2,True
UgzPqaTU-6IeuKVK7wB4AaABAg,comment,KLiiOeMU9JQ,,False,@krazed0451,"28:16 - The ""wholesale insect destruction"" shot is my favourite 😆",0,True
UgyQ__I_CLKsc2gKUTx4AaABAg,comment,KLiiOeMU9JQ,,False,@ravikurup8350,Great review but I'll wait another 5 years for BYD,0,True
UgyQ__I_CLKsc2gKUTx4AaABAg.A02nCkctJ-fA2gqm85bJH0,comment,KLiiOeMU9JQ,UgyQ__I_CLKsc2gKUTx4AaABAg,True,@jacksmith-mu3ee,Is been out 5 years😂,0,True
UgyKO1ck7epEjWT51qV4AaABAg,comment,KLiiOeMU9JQ,,False,@kiwijonowilson,"Thanks for the review. Its looks a great car. I have a 2022 Model 3 LFP, which I'm happy with but certainly the Seal is worth a look. I haven't driven a Seal yet, but have looked around and sat in one for a while. It will depend on how you like your interiors but for me coming from a Tesla the interior felt a bit cluttered (I guess I must like the ""clean"" look after all) - although I would get used to it. However I would miss the access to all the Superchargers as I have nothing but great experiences with them here in NZ (as opposed to our public network, where its not uncommon to find broken or busy chargers).",0,True
UgzREBj5KP8ip0GTpPJ4AaABAg,comment,KLiiOeMU9JQ,,False,@Woopsah,"Great review. I see that in the heads up display you show lane assist settings, how did you manage that?
I couldn't find any options for that in any of my test drives",1,True
UgzRP6rxZKuXYiuMK7V4AaABAg,comment,KLiiOeMU9JQ,,False,@SalkoSalcinovic,"2/3 of people can't drive and more and more of them will now start driving cars that accelerate as quickly as super cars of yesteryear, which were usually driven by good drivers. To make the hazard even scarier is that fact you can't hear them coming, plus, they're heavier than old cars, making them harder to stop. Time to invest into artificial limbs and funeral companies.",0,True
UgzRP6rxZKuXYiuMK7V4AaABAg.A0-AjmLrMrPA0ReqVNmBME,comment,KLiiOeMU9JQ,UgzRP6rxZKuXYiuMK7V4AaABAg,True,@kabysummit5801,"A bit of a fearful take I do understand. But nothing to substantiate, for now.",0,True
UgzRP6rxZKuXYiuMK7V4AaABAg.A0-AjmLrMrPA4WkBvD0IEs,comment,KLiiOeMU9JQ,UgzRP6rxZKuXYiuMK7V4AaABAg,True,@SalkoSalcinovic,​@kabysummit5801 just wait for more people buying them... I've had mine for about 3 weeks and it's very quick.,0,True
UgyF-X7dhPYs3Q8YJvZ4AaABAg,comment,KLiiOeMU9JQ,,False,@global_southerner,Ordered mine today after test driving both BYD Seal and Tesla Model 3H. The base model of BYD Seal is a no brainer with blade LFP batteries and silver in sunroof.,6,True
Ugz2Eq-Qqys8bY1FGjR4AaABAg,comment,KLiiOeMU9JQ,,False,@CThienV,Is it me or do u start every paragraph louder than you end them?,0,True
UgwylSwWYhCQpdwWoi54AaABAg,comment,KLiiOeMU9JQ,,False,@scotty2hotty159,Still not quite as potent as the MG4 Xpower.,0,True
UgzQCwxIBwtXQ53P6VZ4AaABAg,comment,KLiiOeMU9JQ,,False,@choppedfish8807,"Quickish, but ""Supercar Speed""? - Must be some slow ass supercar 🙂",0,True
UgzQCwxIBwtXQ53P6VZ4AaABAg.A-m9FbaWXy5A0Rf9KBKUYj,comment,KLiiOeMU9JQ,UgzQCwxIBwtXQ53P6VZ4AaABAg,True,@kabysummit5801,0 to 60 under 4 seconds is super car performance just a couple decades back,0,True
UgzpaqmK1oKW3R_5AHl4AaABAg,comment,KLiiOeMU9JQ,,False,@Wingchowtravelblog,The exterior design of Seal is designed by JuanMa Lopez from Lamborghini and the interior is designed by Michele Paganetti from Mercedes Maybach,2,True
UgxBF2dk_DXQP-pZh-Z4AaABAg,comment,KLiiOeMU9JQ,,False,@ericjiang2007,Excellent review. Thank you!,1,True
Ugx7e8C64QTQmHBDFHx4AaABAg,comment,KLiiOeMU9JQ,,False,@alyciawang2892,Thank you 😊😊😊😊,0,True
Ugwr0mpbzwRcRbh8dNt4AaABAg,comment,KLiiOeMU9JQ,,False,@ceedoubleyou,"mentioned this on other posts, car surged when driving 80-100kph, as if one was pressing pedal up and down, salesperson didn't refute it and rear screen is ultra shallow, RWD long range battery, didn't order one.",0,True
UgxnWHtckTNV6YXf1lJ4AaABAg,comment,KLiiOeMU9JQ,,False,@yowieman,Try having 90% or better in the traction LFP for the 0-100 test. At 36% it's not going to cut it. Other than that a good review of the Seal.,0,True
UgxnWHtckTNV6YXf1lJ4AaABAg.A-Ac99TVeLDA-JfSieTPkR,comment,KLiiOeMU9JQ,UgxnWHtckTNV6YXf1lJ4AaABAg,True,@vasil7410,Putting the car into its own timing mode also gives it a boost. I've tested this myself and it's been demonstrated on YouTube.,0,True
UgxHj6IY-xhfBV2BDzl4AaABAg,comment,KLiiOeMU9JQ,,False,@jr800w,They should release cheaper models of the seal with cloth seats and the use of durable plastics lining the interior.,0,True
UgwT7iXKNOH8UHx8SI94AaABAg,comment,KLiiOeMU9JQ,,False,@user-jl2wd1it8h,"China CCP government stated they will invade Taiwan. By buying BYD you are indirectly funding their war effort as CCP owns/controls/taxes BYD heavily. If your country (Aus/US/UK etc) has to defend Taiwan you may have ended up funding the munitions that will be used to kill your own soldiers if war breaks out. All because you wanted a cheaper car? Support companies from Western democracies, not communist dictatorships. If dictators like Putin and Ping don't have money to fund their F35 knock off planes and warships many lives may be saved, including your own in the case of conscription. Would you have bought a Mercedees from Germany in 1937 knowing they have declared their intent to invade one of your allies?",0,True
UgwT7iXKNOH8UHx8SI94AaABAg.9zwYLbNVUNjA0I3zAvbOAh,comment,KLiiOeMU9JQ,UgwT7iXKNOH8UHx8SI94AaABAg,True,@alanOHALAN,"Taiwan is part of China, not a separate country, a civil war unended.",0,True
UgwT7iXKNOH8UHx8SI94AaABAg.9zwYLbNVUNjA0I4TD1Vl7E,comment,KLiiOeMU9JQ,UgwT7iXKNOH8UHx8SI94AaABAg,True,@alanOHALAN,"and you should be ashamed for spreading propaganda. FDR used socialist ideas as his New Deal, so your ""free world"" was saved by socialists and communists. It was the Soviet Communists whom you hate for your own brainwashed reasons, that defeated Hilter's armies at Stalingrad. Learn history.",0,True
UgxUZkZDVz_RIYpbEH14AaABAg,comment,KLiiOeMU9JQ,,False,@DrCmoments,"this car looks stunning. however, i am waiting for the sea lion suv one.  if that suv is good too, i will replace my xc60 with byd!  what? tesla y? why y? no way i will buy that car if byd has something i want with much more premier design!",1,True
UgxUZkZDVz_RIYpbEH14AaABAg.9zwHUc0dOcpA--Rcsw9fq2,comment,KLiiOeMU9JQ,UgxUZkZDVz_RIYpbEH14AaABAg,True,@agusedyanto3324,The SUV from byd is the atto 3,0,True
UgxUZkZDVz_RIYpbEH14AaABAg.9zwHUc0dOcpA-3D0x0pHAi,comment,KLiiOeMU9JQ,UgxUZkZDVz_RIYpbEH14AaABAg,True,@DrCmoments,"no
@agusedyanto3324",0,True
UgxUZkZDVz_RIYpbEH14AaABAg.9zwHUc0dOcpA0WtDzJnzw1,comment,KLiiOeMU9JQ,UgxUZkZDVz_RIYpbEH14AaABAg,True,@DrCmoments,@agusedyanto3324 google is your friend!,0,True
UgwepIpOItvDnQcKHAV4AaABAg,comment,KLiiOeMU9JQ,,False,@havencat9337,the tesla its good for who has a bit more money and wants a super sporty ride. otherwise...if you want nice interior/materials and in general a more family car this one is def the one!,0,True
Ugx8NblIsUpNz3ZwWiZ4AaABAg,comment,KLiiOeMU9JQ,,False,@FreddyGunawan,Great review. Please use proper device to measure 0 to 100,0,True
Ugz1eMi97U2qGNXoNjx4AaABAg,comment,KLiiOeMU9JQ,,False,@Hockss,"Its got alot of European design/thought process in it, is because the Head Engineer/Designer of BYD is an Ex Audi employee ""Wolfgang Josef Egger""",3,True
UgzqRL4sZN0nImD4yNF4AaABAg,comment,KLiiOeMU9JQ,,False,@courtneytube09,you do know the car has a timer in the cluster gauge.,0,True
Ugy592ZDS-LR8Z1KfV54AaABAg,comment,KLiiOeMU9JQ,,False,@CJ-pe5dl,BYD sounds like an underwear brand,0,True
UgyspmNNenSaGpQWnw14AaABAg,comment,KLiiOeMU9JQ,,False,@geewizz4414,Park it in your garage for a year..,0,True
UgzOhzhhYflbvWRVmdF4AaABAg,comment,KLiiOeMU9JQ,,False,@starpawsy,"If you are going to be an fool and charge your EV inside your garage, and even worse if inside your garage is actually inside your house, then be less of a fool and install a smoke alarm over your car that is interconnected to the other smoke alarms in your house. That way, when the battery goes into thermal runaway whilst charging - and don't delude yourself that ""that will never happen to me"" - at least you will be woken up so you dont burn to death in your sleep. And despite Musk's LIES, it happens to LFP batteries, too. If you have that smoke alarm at least you'll probably have 15 minutes to get your children out of the house and to safety UPWIND before your house burns to the ground.",0,True
Ugykxwyz-__aMFkZFdR4AaABAg,comment,KLiiOeMU9JQ,,False,@starpawsy,"If you are going to be an fool and charge your EV inside your garage, and even worse if inside your garage is actually inside your house, then be less of a fool and install a smoke alarm over your car that is interconnected to the other smoke alarms in your house. That way, when the battery goes into thermal runaway whilst charging - and don't delude yourself that ""that will never happen to me"" - at least you will be woken up so you dont burn to death in your sleep. And despite Musk's LIES, it happens to LFP batteries, too. If you have that smoke alarm at least you'll probably have 15 minutes to get your children out of the house and to safety UPWIND before your house burns to the ground.

Slowly, slowly, but inexorably, the EV bubble is bursting. Well more like crashing and bursting into flames.

This was no ""accident"". This is idiotic American drivers refusing to drive to conditions. ""It's my right to drive however I freaking feel like!"".",0,True
UgzVHH9WtAayuWyWUz54AaABAg,comment,KLiiOeMU9JQ,,False,@turner02,eff china,0,True
UgzVHH9WtAayuWyWUz54AaABAg.9zPrQKsTIwg9zYltBHKMUG,comment,KLiiOeMU9JQ,UgzVHH9WtAayuWyWUz54AaABAg,True,@inka86,Better throw out all your electronics and half of your car.,1,True
UgzP57tC9i_CK-jNlmx4AaABAg,comment,KLiiOeMU9JQ,,False,@dazbot1984,"BYD = Buy Your Demise.



Edit:  sorry for the negative slander toward an outstanding war funding scheme, I blew a Seal once.",1,True
UgwXVQf4772oFZTcvUt4AaABAg,comment,KLiiOeMU9JQ,,False,@tobiwan001,The software is just about the standard Audi had 5 years ago. So it's still better than Tesla that still even  cannot recognize Matrix speed limit signs. It also looks like higher quality than the Model 3.,0,True
UgwnbzZB0lxRuVNZQel4AaABAg,comment,KLiiOeMU9JQ,,False,@888berg,*Own a 2023 Tesla Model 3 Performance.... looking forward to clubbing some seals*,2,True
UgyIXgVj02Lo6-3RA794AaABAg,comment,KLiiOeMU9JQ,,False,@MachinegunJ,Toyota cars are joke ,0,True
UgxaSvveH7sg98ijEa54AaABAg,comment,KLiiOeMU9JQ,,False,@matsteel2292,"Why do people compare the Seal to the M3? They could not be further apart, I had the Seal for an hour test drive I didn't find anything about it luxury I though the cabin felt plastic and border line cheap.  It reminds me of the Commodore and I think that's the customers it will attract EV bogans .",0,True
UgxaSvveH7sg98ijEa54AaABAg.9zGlX1wyfNS9zYm18z_QH6,comment,KLiiOeMU9JQ,UgxaSvveH7sg98ijEa54AaABAg,True,@inka86,Musks number 1 fan boy here,3,True
UgwSvfikMXIvViQoOhF4AaABAg,comment,KLiiOeMU9JQ,,False,@addsfour3499,"Great car, nice review. One of the best looking ev’s on the market",5,True
UgwJpbUAzSL6sEBfkTN4AaABAg,comment,KLiiOeMU9JQ,,False,@addsfour3499,"Doesn’t tesla charge 1500 for colours other than white, and over 2k for red?",2,True
UgykvsziiFlY9sklZg14AaABAg,comment,KLiiOeMU9JQ,,False,@nisalk,Amazing 🤩,1,True
UgwMCcMzivwyaI8bJiB4AaABAg,comment,KLiiOeMU9JQ,,False,@reventonrowe6111,Impressive car. Such a shame it’s a sedan and not a lift back/hatch instead,0,True
UgwMCcMzivwyaI8bJiB4AaABAg.9zFaQS8qZrv9zvB6r2nKfa,comment,KLiiOeMU9JQ,UgwMCcMzivwyaI8bJiB4AaABAg,True,@agusedyanto3324,The hatch back from BYD is Dolphin,1,True
Ugw5QAuG3HeJJbpFDwF4AaABAg,comment,KLiiOeMU9JQ,,False,@jesmarina,"So you say ""I guess it can be good to have actual buttons, but it can be tricky to look down at see what they are""???? That makes NO sense, especially when you then say that you'll get used to them. YES, that's the bloody POINT of physical buttons in stead of STUPID touch-screen functionality, where you absolutely HAVE to look EVERY TIME, to make sure you actually hit the button. One week of driving you'll know where all the buttons are, and you wont have to look. That's SUCH a typical Tesla owner comment and it makes NO sense!

STOP putting essential functions into touch screens - it's completely STUPID and unsafe. Just because the idiot Elon did it, doesn't make it right.",1,True
UgyHw5STLr8Zm7JLxmJ4AaABAg,comment,KLiiOeMU9JQ,,False,@melata-g3z,"the model 3 starts at $38,990 what the hekk are un talking",0,True
UgyHw5STLr8Zm7JLxmJ4AaABAg.9zEb8cSSySCA-LZb1i2LXi,comment,KLiiOeMU9JQ,UgyHw5STLr8Zm7JLxmJ4AaABAg,True,@brandonokeeffe1193,"This is in Australia, the US isn't the whole world, in Australia the M3RWD starts at $61,900AU, which is about $40,300US",1,True
UgxszHF129Ben9kogxx4AaABAg,comment,KLiiOeMU9JQ,,False,@helenski-z3p,These have honestly surprised me. I want one.,4,True
UgxReVfxPJghnA-qK1h4AaABAg,comment,KLiiOeMU9JQ,,False,@hellodiamond,"BYD’s design is pretty and luxurious.  On the other hand, Tesla is monotonous.",0,True
UgxdyysI1TF4SJbFVLx4AaABAg,comment,KLiiOeMU9JQ,,False,@kevinrai87,What does the speaker sound like?,0,True
Ugz1J6dmiNrDUmUWRTh4AaABAg,comment,KLiiOeMU9JQ,,False,@bearzakes4459,"🇨🇳 china is doing wonders, no wonder some countries are envious…",5,True
Ugz1J6dmiNrDUmUWRTh4AaABAg.9zB4eVgxOipA1g2wveMH-9,comment,KLiiOeMU9JQ,Ugz1J6dmiNrDUmUWRTh4AaABAg,True,@Boost-LogiX,Shut up,0,True
UgwwvTcgmJ4oCkP8duB4AaABAg,comment,KLiiOeMU9JQ,,False,@RichardMP87,"Whenever I see the “help me car expert” on the bottom left with Paul holding the magnifying glass, I think of some old fashioned detective 🕵️‍♂️🕵️‍♂️🕵️‍♂️😂😂",0,True
UgxdMIbZxUcthLOwESR4AaABAg,comment,KLiiOeMU9JQ,,False,@LearningFast,That BYD is closer in acceleration to the Tesla Model 3 LR with the Boost upgrade. The Model 3 Performance is almost half a second quicker for 0-100 KPH.,1,True
UgxdMIbZxUcthLOwESR4AaABAg.9z6Oz_yxD-v9zvCKhmrINE,comment,KLiiOeMU9JQ,UgxdMIbZxUcthLOwESR4AaABAg,True,@agusedyanto3324,"The difference in speed is very small, also consider it in terms of value for money",0,True
Ugwn2DBfLAJcGrIu67t4AaABAg,comment,KLiiOeMU9JQ,,False,@Xavier7799,I want one!,1,True
Ugwn2DBfLAJcGrIu67t4AaABAg.9z6F4pTwXrZ9zNYJ4-ys_z,comment,KLiiOeMU9JQ,Ugwn2DBfLAJcGrIu67t4AaABAg,True,@dazbot1984,"Here is your 10 cents from Winnie Xi 🐹 Excellent work, may the party endure 1000 years!",1,True
Ugwn2DBfLAJcGrIu67t4AaABAg.9z6F4pTwXrZ9zOWSjWFdCN,comment,KLiiOeMU9JQ,Ugwn2DBfLAJcGrIu67t4AaABAg,True,@Xavier7799,@dazbot1984 I don't want one now!,1,True
UgzzRNQlEzHhE221RPh4AaABAg,comment,KLiiOeMU9JQ,,False,@aussietaipan8700,I love the blinker stalk is on the right side of the steering column.,0,True
UgxQayiWvvUgl1YYptR4AaABAg,comment,KLiiOeMU9JQ,,False,@hybridflowx4,Yes i do for the map.,0,True
UgyBWkREb2ZjpDwXZXB4AaABAg,comment,KLiiOeMU9JQ,,False,@GentleBundaberg,Wondering why this is not included in the Google Docs/Spreadsheet yet,1,True
UgyJ2VTdKqDW8ic2Hb14AaABAg,comment,KLiiOeMU9JQ,,False,@GentleBundaberg,You have not added the BYD Seal to the Google docs spreadsheet yet ????,0,True
UgwTdKLUc_Lxs7Y_ru94AaABAg,comment,KLiiOeMU9JQ,,False,@kilamayt597,how is this cheaper then a model 3?,0,True
UgzEsk_HG_pN7Jsemx54AaABAg,comment,KLiiOeMU9JQ,,False,@meowjestic003,Does it have dash cameras or cameras to record incidents when in park mode?,0,True
UgyiYGvxcuMzMQ4icfZ4AaABAg,comment,KLiiOeMU9JQ,,False,@emircosic7860,19:10 bumpy road test more like normal melbourne road test !!!,0,True
UgxQt2DNEpKfLmy2dGR4AaABAg,comment,KLiiOeMU9JQ,,False,@thesmartdevice880,"Great review when I ready to buy a EV , it will be the Seal..",3,True
UgzWxt5GBkxtQsILaHt4AaABAg,comment,KLiiOeMU9JQ,,False,@zoltrix7779,"Full screen carplay?  Thats so good for adjusting temperature!  Serious, Chinese companies cannot do software.",0,True
UgybyjCQsSl6zYNwSw54AaABAg,comment,KLiiOeMU9JQ,,False,@MarsOzzie,I think  i seen you on hall road and mccormacks road  skye/carrum downs couple weeks ago,0,True
UgyoVmVbUDn3uHnNoqV4AaABAg,comment,KLiiOeMU9JQ,,False,@kickboxer8173,im glad they followed teslas lead.  tesla sure made a massive impression on these guys,0,True
UgzIe8Ds7Mp_CffbKH54AaABAg,comment,KLiiOeMU9JQ,,False,@MrHC1983,6 minutes in.............  what a BAD IDEA to have your Start button and everything right near the CUP HOLDERS!.......  boom spill dead car.,0,True
Ugwl9VG48Ce-ac-6w5p4AaABAg,comment,KLiiOeMU9JQ,,False,@Marcus-up5wk,No single pedal driving means a NO for me on any EV.. more you drive the more you realise it’s essential..Seems a nice car though..,0,True
Ugwl9VG48Ce-ac-6w5p4AaABAg.9yve-ffyp0o9zEErXIAnuB,comment,KLiiOeMU9JQ,Ugwl9VG48Ce-ac-6w5p4AaABAg,True,@inka86,❄️,0,True
UgzkhdnrnHOOPxfbRrN4AaABAg,comment,KLiiOeMU9JQ,,False,@christopherhunt9150,"Thanks for the review. I’ve had my Seal Premium for 4 weeks and driven about 2,500km. It’s a great car and the only additional criticism would be the traffic speed sign accuracy. That’s an additional thing I turn off because it gets it wrong too often. And beeps! If it just flashed the sign then that’d be adequate.

The major issue though is that these safety settings don’t persist. You have to change them every time. This isn’t limited to the Seal. It’s across the board and ANCAP will be used as an excuse. Personal driver preferences need to be honoured though, and auto makers need to recognise this.",11,True
UgzkhdnrnHOOPxfbRrN4AaABAg.9yvIdbWvn7oA0bT8V28fCK,comment,KLiiOeMU9JQ,UgzkhdnrnHOOPxfbRrN4AaABAg,True,@MHWib-v7x,"I am planning to buy BYD Seal. I read an article from UK saying that when the car is passing rough surface road the driver can feel quite strong vibration on the steering wheel. Is that really the case, please kindly share your experience on this matter.",0,True
UgzkhdnrnHOOPxfbRrN4AaABAg.9yvIdbWvn7oA0bdUHgvX1U,comment,KLiiOeMU9JQ,UgzkhdnrnHOOPxfbRrN4AaABAg,True,@huntchris,Haven’t noticed,1,True
UgzpWr5d_jwDBvOKjHJ4AaABAg,comment,KLiiOeMU9JQ,,False,@mikeb3010,70k for a Chinese knock off? You can keep it!,1,True
UgzpWr5d_jwDBvOKjHJ4AaABAg.9yswBN85ixZ9zEEurI0eFM,comment,KLiiOeMU9JQ,UgzpWr5d_jwDBvOKjHJ4AaABAg,True,@inka86,Do you prefer the Tesla?,0,True
UgzpWr5d_jwDBvOKjHJ4AaABAg.9yswBN85ixZ9zETuICm4Si,comment,KLiiOeMU9JQ,UgzpWr5d_jwDBvOKjHJ4AaABAg,True,@mikeb3010,"@inka86 To be honest, my liking for EV’s is on the wain, with more news of issues on the rise, example:
There are 3 Hyundai Ionics in Canada that need battery replacements, the car Cost new is $50.000
The battery replacement cost is $65.000…
At 3yrs old..",1,True
Ugz3O4Oig3je1Hos-nh4AaABAg,comment,KLiiOeMU9JQ,,False,@CarFinanceSimplified,Hello from the UK. As someone coming out of a Model 3 in the next few months and considering one’s next option - this video was superb. Many thanks.,10,True
Ugz3O4Oig3je1Hos-nh4AaABAg.9ynYQT0cr47AFPPagdaEii,comment,KLiiOeMU9JQ,Ugz3O4Oig3je1Hos-nh4AaABAg,True,@chrisherbert3786,Just ordered my BYD SEAL Excellence. Can't wait for it to arrive.,0,True
Ugz3O4Oig3je1Hos-nh4AaABAg.9ynYQT0cr47AHYCWjfCEHY,comment,KLiiOeMU9JQ,Ugz3O4Oig3je1Hos-nh4AaABAg,True,@IsaacLoven,What did you get ?,0,True
UgxB1jre0IOrx-X8CMN4AaABAg,comment,KLiiOeMU9JQ,,False,@ethancoe2744,It reminds me of a lucid air,0,True
UgxS9DZOnV_drGt6ASt4AaABAg,comment,KLiiOeMU9JQ,,False,@NathanRodger,Put the BMW up but it just looks like new BMW cars which is… pants,0,True
UgyHz6xqsQVUeC9DL4J4AaABAg,comment,KLiiOeMU9JQ,,False,@enigmaticloremaster1700,"only fools buy EV's, the fact that companies are actually selling these sterile junk heaps proves that the intelligence level of the general world population has dramatically decreased.",0,True
UgyGnSgmrtfyffJHTMN4AaABAg,comment,KLiiOeMU9JQ,,False,@mastermindgaming4741,"I don't know what you see as premium in this interior. No style at all, especially with these cheaply glued screens.",0,True
Ugyg-P7BuIIeaDE6IJF4AaABAg,comment,KLiiOeMU9JQ,,False,@frankiedesam8624,It’s funny how all these Chinese company always copy and take stuff from other car companies. They can never build stuff or sneak stuff on there own they always steal stuff. Also the BYD will break down and catch fire in a few months that’s what is happening in China a lot.,0,True
UgyCC7XFNJSJoQCUAWN4AaABAg,comment,KLiiOeMU9JQ,,False,@danielmedinaaguilera,"Deberia haber substitulos en español, se ve que es un gran video pero no lo puedo entender",0,True
Ugx8TYRwRiVd-du6_zp4AaABAg,comment,KLiiOeMU9JQ,,False,@springbk3472,"From the front this very much reminds me of a Nissan 350Z or a Toyota Celica (2000 - 2007) version.  I was thinking more Toyota though.  

I have driven this car in the wet in thee UK.  It was interesting acceleration it out of a corner the iTAC took a while to catch up, when it did catchup it brought the card back inline without a fuss.",0,True
UgzF8cFXBV75C64y7oV4AaABAg,comment,KLiiOeMU9JQ,,False,@lwwells,@0:41 JESUS. What kind of bugs do you guys have there?,0,True
UgyQOcjyQN6EgF3VLcV4AaABAg,comment,KLiiOeMU9JQ,,False,@good2freelance1,"Seal should have more boot space like Tesla.  
should design for maximum space, aerodynamic and safety. Don't care about the looks.",0,True
UgwHNl96dq9m00QCABN4AaABAg,comment,KLiiOeMU9JQ,,False,@davidw.2467,"BYD does seem to listen to customers feedback and had changed many of the visual annoyances, like the water droplets, ""Build Your Dreams"", and the ugly random lines in the interior. The Seal is now an absolutely stunning looking car that has a premium feel.",257,True
UgwHNl96dq9m00QCABN4AaABAg.9yjD6O4k-769ytM-OkUVcG,comment,KLiiOeMU9JQ,UgwHNl96dq9m00QCABN4AaABAg,True,@Mabeylater293,Water droplets?  Random line?  Any pics of what you are referring to?,1,True
UgwHNl96dq9m00QCABN4AaABAg.9yjD6O4k-769ytPPbXIXJa,comment,KLiiOeMU9JQ,UgwHNl96dq9m00QCABN4AaABAg,True,@davidw.2467,@Mabeylater293These are the main critics from the reviewers and comments from the Youtube audiences when the Seal just entered the international market. Unfortunately Youtube doesn't allow posting of URL nor pictures. Search for any old review videos that's more than 6 months old and you'll find.,6,True
UgwHNl96dq9m00QCABN4AaABAg.9yjD6O4k-769ytQ9W8SyRk,comment,KLiiOeMU9JQ,UgwHNl96dq9m00QCABN4AaABAg,True,@davidw.2467,"@Mabeylater293 Here is another one. ""BYD Seal (2023) - First one in Europe - Walkaround - Exterior, Interior"" by ""AutoRAI International""",0,True
UgwHNl96dq9m00QCABN4AaABAg.9yjD6O4k-76A-WPfy7zOdm,comment,KLiiOeMU9JQ,UgwHNl96dq9m00QCABN4AaABAg,True,@kirk2632,last year some of the overseas feedback were posted to China's social media about build your dream I think they did respond to it,3,True
UgwHNl96dq9m00QCABN4AaABAg.9yjD6O4k-76AQeV_JfaknH,comment,KLiiOeMU9JQ,UgwHNl96dq9m00QCABN4AaABAg,True,@MelodicTurtleMetal,The designer did amazing here. I don't care for most of byd's car's looks - but i think the seal is one of the best looking cars I've ever seen.,0,True
UgxPckniIppRxl60n6x4AaABAg,comment,KLiiOeMU9JQ,,False,@abyssa1840,Can you review byd han ?,0,True
UgzNMp15ioRDwyVTnB54AaABAg,comment,KLiiOeMU9JQ,,False,@YoHoosierDaddy,"I rotated the center screen about 60 times a day, it’s just satisfying 😂",12,True
Ugyg3LOZ4w5CLV1FpmJ4AaABAg,comment,KLiiOeMU9JQ,,False,@ial01,"Paul, will you be reviewing the Hyundai Ioniq 5 n when it comes to Australia? 
Also it would be interesting to see the charging times when going to EV charging station compared to home charging.",0,True
UgzxtBUWcM-IPnQ_uzJ4AaABAg,comment,KLiiOeMU9JQ,,False,@davidtydeman1434,Noted your comments on fast charging.  Where in Australia can you charge at over 150kw?,0,True
UgzxtBUWcM-IPnQ_uzJ4AaABAg.9ygG5qaeuPg9ygW99nUBvr,comment,KLiiOeMU9JQ,UgzxtBUWcM-IPnQ_uzJ4AaABAg,True,@CarExpertAus,Many places offer up to 350kW fast charging.,2,True
UgztSq-Cp44N0nEHy5Z4AaABAg,comment,KLiiOeMU9JQ,,False,@AmelianaTSIIX,If it came with cloth seats i'd buy it...,0,True
UgxZoXq8vSYvVEILS2p4AaABAg,comment,KLiiOeMU9JQ,,False,@gstarny,the portrait mode of the center screen is a perfect design for watching tiktok,1,True
UgzCbv3TgahiTMdkMTt4AaABAg,comment,KLiiOeMU9JQ,,False,@Scav3nger53,"Sounds like, overall, it has Paul's seal of approval. 🤣

Looks like a great piece of kit, one to watch to bring the quality of EV's up and keep the prices competitive.",3,True
UgwTL86SfM96beO7iQd4AaABAg,comment,KLiiOeMU9JQ,,False,@jspanga,"Thanks Paul. Good, honest review as always. 
Got my performance on order, but do really hope they calibrate the safety tech with the OTA updates",4,True
Ugy4m5WSQUpXfDRLZ4J4AaABAg,comment,KLiiOeMU9JQ,,False,@jasonm148,Can someone give me some advices on why not order the basic dynamic model? I feel that's the most cost effective version,0,True
Ugy4m5WSQUpXfDRLZ4J4AaABAg.9ycXZeWVGO-9zYq33-KdAw,comment,KLiiOeMU9JQ,Ugy4m5WSQUpXfDRLZ4J4AaABAg,True,@kommodore6691,"The only real difference between the trims is the engine setup and a few small things, the dynamic is amazingly good value if you don't need the speed.",0,True
Ugz04Rj4Qp_JxcUmnGh4AaABAg,comment,KLiiOeMU9JQ,,False,@damiand4835,Comes with a onboard fire extinguisher and a  fire proof race suit . BYD Burn your dreams 🔥,1,True
Ugz04Rj4Qp_JxcUmnGh4AaABAg.9ybvforW3PZ9zNYz9w-nWK,comment,KLiiOeMU9JQ,Ugz04Rj4Qp_JxcUmnGh4AaABAg,True,@dazbot1984,"Sadly the fire extinguisher is just a plastic fake, and the fire proof race suit is nylon made to look like wool and asbestos.  China for the win!  Lets fund that war machine dammit people how they gonna invade Taiwan if we don't buy enough byd's?   BYD also = Buy Your Demise.",0,True
UgyWTHSv90sgQyDd-HJ4AaABAg,comment,KLiiOeMU9JQ,,False,@faytfu9313,"i will go tesla as i'm a picky person it is more refined imo, but with BYD, it's def more value for the money. 
It looks awesome too, besides the piano black in the gear shifter spot.",2,True
Ugz17LE6N8kkX1Kk-sF4AaABAg,comment,KLiiOeMU9JQ,,False,@MysticEucalypt,Atto 3 owner here. Don't use the screen rotation as Android Auto doesn't support it,1,True
Ugy06Xv52LBV40HmUqJ4AaABAg,comment,KLiiOeMU9JQ,,False,@gabrielbold1012,"Tesla over the AIR UP DATES 🎉😮...
So No One Cares 🎉😂...And they don't have RUST problems 😢",0,True
Ugy06Xv52LBV40HmUqJ4AaABAg.9ybi9tVMsiH9yeaiPY6JLJ,comment,KLiiOeMU9JQ,Ugy06Xv52LBV40HmUqJ4AaABAg,True,@frankandrews4470,BYD have OTA updates as well and where would you like me to start with Tesla build quality issues?,0,True
UgwpBNtvbqsCy8pWTKx4AaABAg,comment,KLiiOeMU9JQ,,False,@tbillington,The Chinese manufacturers are progressing crazy fast. That infotainment screen was impressively responsive. And they've finally got the designs down.,73,True
UgwpBNtvbqsCy8pWTKx4AaABAg.9ybhsd9NFI_9yqLC3DXqEC,comment,KLiiOeMU9JQ,UgwpBNtvbqsCy8pWTKx4AaABAg,True,@Deandzzzzzz,I wouldn’t say the same for all the Chinese automakers but at least BYD has done it right,8,True
UgwpBNtvbqsCy8pWTKx4AaABAg.9ybhsd9NFI_A1JrXS396lo,comment,KLiiOeMU9JQ,UgwpBNtvbqsCy8pWTKx4AaABAg,True,@zhanhonglu903,yeah coz u r a Chinese traitor​@Deandzzzzzz,0,True
UgwpBNtvbqsCy8pWTKx4AaABAg.9ybhsd9NFI_AP8EjB3a01k,comment,KLiiOeMU9JQ,UgwpBNtvbqsCy8pWTKx4AaABAg,True,@GregPacker-v4p,@Deandzzzzzz Very pricey but Deany boi.,0,True
Ugy8PhjrTUwCq_mSB3R4AaABAg,comment,KLiiOeMU9JQ,,False,@pummyy,"Question:
Is the dyn audio system as good as the ones in VW ?
Also, Vw Golf R can do the same performance numbers and almost cost the same price and a good build quality . Any reason to chose this over a R apart from being an EV?",0,True
Ugy8PhjrTUwCq_mSB3R4AaABAg.9ybgmvO2XzZ9ybi_evhnM6,comment,KLiiOeMU9JQ,Ugy8PhjrTUwCq_mSB3R4AaABAg,True,@Paul-ow9dd,Rising cost of fuel going forward?,0,True
Ugy8PhjrTUwCq_mSB3R4AaABAg.9ybgmvO2XzZ9yqjK-oD-wR,comment,KLiiOeMU9JQ,Ugy8PhjrTUwCq_mSB3R4AaABAg,True,@pummyy,@Paul-ow9dd can afford a 70k  car and worry about fuel. Always amuses me !!,0,True
Ugy8PhjrTUwCq_mSB3R4AaABAg.9ybgmvO2XzZ9zV5lUpxBGT,comment,KLiiOeMU9JQ,Ugy8PhjrTUwCq_mSB3R4AaABAg,True,@inter4er,"VW Golf R can provide same smart system as EV?. Except speed , VM is like Nokia phone, but EV is smart phone",0,True
UgybOOX_Sz3AHQFr-Gx4AaABAg,comment,KLiiOeMU9JQ,,False,@mosesraradza679,That is one ev I would buy better than a tesla,0,True
UgzKv7W9XQ2UQ2uJmtF4AaABAg,comment,KLiiOeMU9JQ,,False,@hybridflowx4,I have the AWD and it easily hits 200kms top speed.,0,True
UgzbuPsIcXD-5WVnWLh4AaABAg,comment,KLiiOeMU9JQ,,False,@DVSJET,"I love the look of it, and its a sedan! Not another ugly SUV. Just need an old school station wagon now and im keen!",5,True
Ugzt6FBLU0Ydy72mVlx4AaABAg,comment,KLiiOeMU9JQ,,False,@zhenry6009,"For EVs, the pain in the ass is the battery replacement cost.
When it comes to the rechargeble batteries, which Chinese brands come to your mind?Better go with a name brand or just stay away and let others try them out for you.
For inexpensive Chinese EVs ,a few brands already have disappeared.
Its always good to have options but only time will tell.😊",1,True
Ugzt6FBLU0Ydy72mVlx4AaABAg.9yazk1Xrpqo9ybhPPzvgz0,comment,KLiiOeMU9JQ,Ugzt6FBLU0Ydy72mVlx4AaABAg,True,@Paul-ow9dd,The battery should last the life of the vehicle. But there will always be exceptions to that after the battery warranty runs out. Battery degradation in EV's is slow and still allows years of use before range becomes largely unusable.,0,True
Ugzt6FBLU0Ydy72mVlx4AaABAg.9yazk1Xrpqo9yeazJ_dFli,comment,KLiiOeMU9JQ,Ugzt6FBLU0Ydy72mVlx4AaABAg,True,@frankandrews4470,I think you need to do a bit more research on BYD as a company not just a car maker.,0,True
Ugzt6FBLU0Ydy72mVlx4AaABAg.9yazk1Xrpqo9yiWA0ijvIr,comment,KLiiOeMU9JQ,Ugzt6FBLU0Ydy72mVlx4AaABAg,True,@aaronxu1721,"A portion of Tesla Model Ys manufactured in Berlin were actually using BYD battery, but not the blade battery though. Before BYD started making cars, it was a major battery supplier. And second largest battery manufacturer today in China, the biggest manufacturer is CATL, who is the major supplier to Tesla.",0,True
Ugzt6FBLU0Ydy72mVlx4AaABAg.9yazk1Xrpqo9yljrPLovBG,comment,KLiiOeMU9JQ,Ugzt6FBLU0Ydy72mVlx4AaABAg,True,@zhenry6009,​@frankandrews4470how would you do the research? Just google it or Baidu it if you can read a bit Chinese?,0,True
Ugzt6FBLU0Ydy72mVlx4AaABAg.9yazk1Xrpqo9ylk2rAgIEv,comment,KLiiOeMU9JQ,Ugzt6FBLU0Ydy72mVlx4AaABAg,True,@zhenry6009,"​@aaronxu1721the market will tell, the biggest at the beginning is not necessarily the one will hold on the last.",0,True
Ugzt6FBLU0Ydy72mVlx4AaABAg.9yazk1Xrpqo9yllxERPoaq,comment,KLiiOeMU9JQ,Ugzt6FBLU0Ydy72mVlx4AaABAg,True,@zhenry6009,"@aaronxu1721 I'm not talking about the targets of all  the battery manufacturers , or how the advertisement go.
I'm talking about the strategy toward a new vehicle.
If you totally believe what the manufacturer promises， you go ahead and get one.
You will be either a pioneer hopefully or a guinea pig.",0,True
Ugzt6FBLU0Ydy72mVlx4AaABAg.9yazk1Xrpqo9ylnSH612xv,comment,KLiiOeMU9JQ,Ugzt6FBLU0Ydy72mVlx4AaABAg,True,@aaronxu1721,"@zhenry6009 Your arguments are pretty funny, you raised it when it comes to rechargeable batteries better go with named brands. Now you are talking about strategy? Man, I'm buying a car for what it is, I am not buying a car that will be manufactured 10 years later.",0,True
Ugzt6FBLU0Ydy72mVlx4AaABAg.9yazk1Xrpqo9ylsuvVal9x,comment,KLiiOeMU9JQ,Ugzt6FBLU0Ydy72mVlx4AaABAg,True,@zhenry6009,"@aaronxu1721 for sure  you can go with whatever you want ,I don't care at all, but don't think you can mislead and fool others
Everyone  has his/her down judgement.",0,True
Ugzt6FBLU0Ydy72mVlx4AaABAg.9yazk1Xrpqo9ylwFLlVwtM,comment,KLiiOeMU9JQ,Ugzt6FBLU0Ydy72mVlx4AaABAg,True,@aaronxu1721,"@zhenry6009 FFS, how was I misleading and fooling other people? I was merely stating the fact, and you sir, are stirring things up using your own ""prediction"". Firstly, you are not a prophet, nor are you an industry expert, so your prediction makes no sense. Secondly, as I stated, people are buying cars for what it is, the companies strategies are irrelevant, I don't give a flying F if BYD bankrupted 10 years later, which is a very unlikely event. 

To you sir, if you like to discuss I'm more than happy to put my time in, but abusing me because I hold a different opinion, only shows how ignorant you are",0,True
Ugzt6FBLU0Ydy72mVlx4AaABAg.9yazk1Xrpqo9ylwLF0pwRu,comment,KLiiOeMU9JQ,Ugzt6FBLU0Ydy72mVlx4AaABAg,True,@aaronxu1721,"@zhenry6009 If everyone has his/her own judgement, how was my judgement was misleading and yours is not? Really?",0,True
Ugzt6FBLU0Ydy72mVlx4AaABAg.9yazk1Xrpqo9ylyw94Cknx,comment,KLiiOeMU9JQ,Ugzt6FBLU0Ydy72mVlx4AaABAg,True,@zhenry6009,"'The stage' is universal,  staying away from a new stuff which you have little to no knowledge about. 
Avoid become a guinea pig.

Does anyone have to be professional to be eligible to have his/her opinion on a car?

Do you think having a different idea is euqal to abusing someone?",0,True
Ugzt6FBLU0Ydy72mVlx4AaABAg.9yazk1Xrpqo9ym5GHKy4mt,comment,KLiiOeMU9JQ,Ugzt6FBLU0Ydy72mVlx4AaABAg,True,@aaronxu1721,@zhenry6009 That applies to any manufacturer in the world. Again I can't see you have proven your point.,0,True
Ugzt6FBLU0Ydy72mVlx4AaABAg.9yazk1Xrpqo9ymprEZUAru,comment,KLiiOeMU9JQ,Ugzt6FBLU0Ydy72mVlx4AaABAg,True,@zhenry6009,​@aaronxu1721My point is that 'Stratgy',0,True
Ugzt6FBLU0Ydy72mVlx4AaABAg.9yazk1Xrpqo9ymqCE33LtL,comment,KLiiOeMU9JQ,Ugzt6FBLU0Ydy72mVlx4AaABAg,True,@aaronxu1721,@zhenry6009 cant say I have seen you proved it,0,True
Ugzt6FBLU0Ydy72mVlx4AaABAg.9yazk1Xrpqo9ymqqV62CEk,comment,KLiiOeMU9JQ,Ugzt6FBLU0Ydy72mVlx4AaABAg,True,@zhenry6009,"​@aaronxu1721there's not any make/model from CHN has proven itself to be reliable so far , even the one with the longest history there. 
 If you don't mind being a guinea pig ,go for it.",1,True
Ugzt6FBLU0Ydy72mVlx4AaABAg.9yazk1Xrpqo9ymr8iRlk5f,comment,KLiiOeMU9JQ,Ugzt6FBLU0Ydy72mVlx4AaABAg,True,@zhenry6009,"The fancy stuffs are good,but they come at a cost. Also the most important aspect is reliability which has to be proven by the guinea pigs.",0,True
Ugzt6FBLU0Ydy72mVlx4AaABAg.9yazk1Xrpqo9ymrcTUK00R,comment,KLiiOeMU9JQ,Ugzt6FBLU0Ydy72mVlx4AaABAg,True,@aaronxu1721,"@zhenry6009 Every new model brought out by every single manufacturer are not proven to be reliable. Given if they use new technology. How are you going to know if a new technology is reliable whilst it is just being put onto use in the real-world?  And I'm not a guinea pig, a car to me is a tool or a piece of appliances. I am not holding onto a car for more than 5 years, reliability is not the  most important thing I care about.  All you have to say is you are biased with CHN products.",0,True
Ugzt6FBLU0Ydy72mVlx4AaABAg.9yazk1Xrpqo9yms8kGDAzA,comment,KLiiOeMU9JQ,Ugzt6FBLU0Ydy72mVlx4AaABAg,True,@aaronxu1721,"@zhenry6009 You do know they were making EVs and sold in Millions numbers yet? I don't know why you are willing to call someone a guinea pig, as if you never bought an iPhone new",0,True
Ugzt6FBLU0Ydy72mVlx4AaABAg.9yazk1Xrpqo9yn9Lzaj9MQ,comment,KLiiOeMU9JQ,Ugzt6FBLU0Ydy72mVlx4AaABAg,True,@zhenry6009,​@aaronxu1721the way you speak make me believe you are either from one of the BYD dealers or factorys. 'cause a Real potential customer would like to hear the risks they may have to face prior to purchasing,0,True
Ugzt6FBLU0Ydy72mVlx4AaABAg.9yazk1Xrpqo9ynBtJBMy-3,comment,KLiiOeMU9JQ,Ugzt6FBLU0Ydy72mVlx4AaABAg,True,@aaronxu1721,"@zhenry6009 mate, you can believe whatever you want, I don't even care. I am not thinking about convincing you, I know how ignorant people can be. You just be you man, keeping on your faith with outdated but ""reliable"" stuff. Seen enough of Bs calling people on different things as you can't even win an argument",0,True
Ugzt6FBLU0Ydy72mVlx4AaABAg.9yazk1Xrpqo9yxSJ6SKc-V,comment,KLiiOeMU9JQ,Ugzt6FBLU0Ydy72mVlx4AaABAg,True,@jeremytine,​@zhenry6009I certainly wouldn't trust a prc car.,0,True
UgygHAr7d_hbBvYgwSR4AaABAg,comment,KLiiOeMU9JQ,,False,@13ARM13ARM,"When talking about the badge delete, you only mention the Atto, when you talk about the screen rotation you only mention the Atto … are you refusing to acknowledge the existence of the Dolphin?",1,True
Ugx5mwjfAqDilI0Gigp4AaABAg,comment,KLiiOeMU9JQ,,False,@wildbeam-007,哈哈，我都不敢用英文来说这车的中国价格😵‍💫,0,True
Ugz76FjR-SQqpC5pdrd4AaABAg,comment,KLiiOeMU9JQ,,False,@sneo7470,"In Singapore, BYD Seal Premium is more expensive than Tesla Model 3 Highland.

Due to quality issue, I sold my BYD ATTO 3 and bought Tesla Model 3 Highland. My family members are very happy with the Tesla Model 3 Highland.

Thanks for the competition from BYD, now I can afford to buy Tesla EV!👍👏💪🇸🇬",0,True
Ugw1gXSYDR0xsrZuyMd4AaABAg,comment,KLiiOeMU9JQ,,False,@marlonsukura530,"From the front,  I could see more of Porsche than Audi until you mentioned 😂great review",0,True
UgyKki94Gn3ZhIFEWgx4AaABAg,comment,KLiiOeMU9JQ,,False,@bradpage5971,"I’m not buying the line that the styling could be from any maker. It’s fussy and typically Chinese. Compare this with Tesla 3 or Polestar 2 and the styling fussiness is obvious. You’d do well to watch experienced EV testers in Norway (like Kris Rifa ) who review vastly wider ranges of EVs over many years and have come to pretty clear landings on the Chinese offering. Not the silly excitability about how fast it accelerates of this review but hard nosed reality that these Chinese EVs really don’t have the depth of engineering sophistication and tech development beyond sheer speed that makes for a decent car. Bells and whistles (including those that clearly don’t work as intended) are not enough. BTW, how many of us really need or even get to use that performance? The test of value and quality is different to a silly boy racer thrill. They have a long way to go and we should encourage the Chinese to keep working at it. But let’s not offer false praise.",0,True
Ugxhj-D0ARcRH_5JLCp4AaABAg,comment,KLiiOeMU9JQ,,False,@nickavanti,Awesome.,0,True
Ugy4f1zb9kgkfT2pcuV4AaABAg,comment,KLiiOeMU9JQ,,False,@nadnerb2k,"Regarding screen rotation on my Atto 3: I've used it a couple of times. The chief benefit is you can get 3 camera angles when parking instead of 2. But it's otherwise in landscape mode most of the time.

I like having the option. Horizontal is better for me but there are people who prefer portrait, so even if you only rotate it once, it's worth it. Only issue is Android Auto/Caplay only work in horizontal mode, as do a couple of other apps, which is absurd.",12,True
Ugy4f1zb9kgkfT2pcuV4AaABAg.9y_OkUuqg3f9ybfVllUisM,comment,KLiiOeMU9JQ,Ugy4f1zb9kgkfT2pcuV4AaABAg,True,@Paul-ow9dd,"Portrait is good for navigation as you can ""see"" further ahead on the map to where you're going. So not just a gimmick as many reviewers keep saying, but sure, most of the time you're likely to keep it in landscape orientation.",2,True
Ugy4f1zb9kgkfT2pcuV4AaABAg.9y_OkUuqg3f9ylMbCUFwn0,comment,KLiiOeMU9JQ,Ugy4f1zb9kgkfT2pcuV4AaABAg,True,@GeoffTosio,Also if you are using polarised sunglasses the portrait mode becomes invisible (and the heads up display).,0,True
UgzGZlYYaOiZv0WgKz94AaABAg,comment,KLiiOeMU9JQ,,False,@jeremyneuendorf6021,It’s a shame it’s chinese. Infotainment Software looks very cheap and nasty,0,True
UgzGZlYYaOiZv0WgKz94AaABAg.9y_K4Y04DII9y_MmENb5eg,comment,KLiiOeMU9JQ,UgzGZlYYaOiZv0WgKz94AaABAg,True,@richmond206,"Do you understand Car software mean? Do you realise car microchip? Almost Car software are from American company Qualcomm and NVIDIA 16nm chip. They design and produce for different Car maker companies in the world.
Including, BYD, Toyota, BWM, VW, Hyundai, Mazda. If software is shit, it's Chip shit .
BYD only make Electric motor, battery and control system",1,True
UgzkdPXXivah4OIIAel4AaABAg,comment,KLiiOeMU9JQ,,False,@gregburville3368,I see at 9.14 that you're a John Cadogan fan.  😅😅😅😅😅,2,True
Ugw9Ud6Oaw9W9Ev4pzR4AaABAg,comment,KLiiOeMU9JQ,,False,@BrettAlan84,Seen a few of these Seals on a car carrier this afternoon. Question do you get a charge cable with the purchase of the car?,0,True
Ugw9Ud6Oaw9W9Ev4pzR4AaABAg.9y_DTdJsy_J9ybhvZkQGIN,comment,KLiiOeMU9JQ,Ugw9Ud6Oaw9W9Ev4pzR4AaABAg,True,@Paul-ow9dd,"You get the slow mains charger to plug into a usual GPO. No faster charging cable. I bought a ZBENY 7kw untethered charger and a 7metre charge cable, and had an electrician install the charger.",0,True
UgwOVNZ2gJAbBlaR2yF4AaABAg,comment,KLiiOeMU9JQ,,False,@venkyraghu1,Looks like a great value proposition Paul like many products from China. But can't trust Chinese brands unfortunately,1,True
UgwOVNZ2gJAbBlaR2yF4AaABAg.9y_DSrOCptd9z12h6dzk3-,comment,KLiiOeMU9JQ,UgwOVNZ2gJAbBlaR2yF4AaABAg,True,@黎谱-r3u,为什么,0,True
UgwOVNZ2gJAbBlaR2yF4AaABAg.9y_DSrOCptd9zqTlM8esCd,comment,KLiiOeMU9JQ,UgwOVNZ2gJAbBlaR2yF4AaABAg,True,@tedhansolo,@黎谱-r3u because he's an endian...,0,True
UgwK-t-kCXw8CU6xj9p4AaABAg,comment,KLiiOeMU9JQ,,False,@TB-up4xi,"28:45 - Just to correct a common mistake 

LFP (Lithium Ferro Phosphate / Lithium Iron Phosphate) are also still Lithium-Ion batteries. LFP refers to the battery chemistry. Lithium-Ion refers to the way charge is carried through the battery, Lithium Ion batteries use positively charged Lithium Ions to move the charge back and forth from anode to cathode, LFP batteries use this method.",3,True
UgwK-t-kCXw8CU6xj9p4AaABAg.9y_D8TMX2BD9yaww6bVdY1,comment,KLiiOeMU9JQ,UgwK-t-kCXw8CU6xj9p4AaABAg,True,@remakeit2628,"It's LFP versus ""ternary lithium"" where the ""ternary"" of a ternary lithium battery refers to a polymer containing three metal elements (= nickel,  cobalt, manganese or aluminum) which is used as the positive electrode. 
Meanwhile LFP batteries use lithium iron phosphate (LiFePO4) as the cathode material, where the ""PO"" bond is very stable and difficult to decompose.  LFP batteries are not prone to structural collapse or heat generation nor form strong oxidizing substances at high temperatures or upon overcharge or damage, thus providing enhanced safety over ternary lithium batteries.",0,True
UgwK-t-kCXw8CU6xj9p4AaABAg.9y_D8TMX2BD9zvBUrg9BA1,comment,KLiiOeMU9JQ,UgwK-t-kCXw8CU6xj9p4AaABAg,True,@agusedyanto3324,Similar but much safer,0,True
Ugy6DoXX0aunjhPnWph4AaABAg,comment,KLiiOeMU9JQ,,False,@robertsaca3512,Imagine buying this and supporting such obvious IP infringement.,0,True
UgxO9cAXsTWmiqdLvNR4AaABAg,comment,KLiiOeMU9JQ,,False,@williamlambert352,Hey Paul Maric CarExpert I love like 2024 Byd Seal performance at $70:000 be People and pensioners be happy for cat buy get finance on car better good looking car Byd seal number one not like Tesla,1,True
Ugx2sscgPJH2os6-UdB4AaABAg,comment,KLiiOeMU9JQ,,False,@joeyzhang876,"They have tein suspension for the seal in Japan, problem solved!😂😂",0,True
UgybAOSTGjcTMdQddbx4AaABAg,comment,KLiiOeMU9JQ,,False,@tobybridson,"oh dear, really?? obviously it must be a bot if the person can spell huh? Suggest not being so critical of every review… or are you just hoping to stir the pot and getting a  discussion going for someone to talk to?",0,True
UgzST0Ehe97QQ8imlk14AaABAg,comment,KLiiOeMU9JQ,,False,@xXSinForLifeXx,I love that the charging port is where the fuel cap would be. Im sick of electric cars putting them in such goofy spots.,1,True
Ugz9k0zxoUTHKYHxXV94AaABAg,comment,KLiiOeMU9JQ,,False,@zobenny8290,nice car 👍 👍 👍,0,True
Ugy21VYkebSXaELNaw94AaABAg,comment,KLiiOeMU9JQ,,False,@anthonybugge5220,Is lang lang open to the public to book,0,True
Ugwpv31mOJ6Pm0ZsWl94AaABAg,comment,KLiiOeMU9JQ,,False,@AndrewSheldon,"Paul, great review. Just I doubt  the quality of after-sale support for those confronting unreliability, and the long term galvanisation in Australia where we live in salty coast. Seem to be issues from BYD forums I follow in UK and NZ. It seems too early to know. Would you care to find out the zinc concentration. I asked on their Facebook page and got deleted.",1,True
Ugwpv31mOJ6Pm0ZsWl94AaABAg.9yZpwoI0zaz9ybYYClVkAE,comment,KLiiOeMU9JQ,Ugwpv31mOJ6Pm0ZsWl94AaABAg,True,@mosesraradza679,Why,0,True
UgwxZhqT7PryZOwRVaZ4AaABAg,comment,KLiiOeMU9JQ,,False,@Tom.Tom.00,$70k straight to the CCP,0,True
UgwxZhqT7PryZOwRVaZ4AaABAg.9yZnNLBe4RP9yb_JgBeJbR,comment,KLiiOeMU9JQ,UgwxZhqT7PryZOwRVaZ4AaABAg,True,@Mike_221,and our gov is any better? Takes us 20 years to build a road.,1,True
UgyHxOIVNbPqVKdcAgF4AaABAg,comment,KLiiOeMU9JQ,,False,@tonylangelaan3094,"Very good well balanced review, the Seal seems to be an impressive car for $70k.  Hopefully BYD will fix the lane keep assist with some updates.  Im picking up my car tomorrow, I went for the relatively slower Premium, 0-100 in 5.9sec will be ok for me.",17,True
UgyHxOIVNbPqVKdcAgF4AaABAg.9yZmLHi7Q9o9y_229OPaL_,comment,KLiiOeMU9JQ,UgyHxOIVNbPqVKdcAgF4AaABAg,True,@蔣傅傑,"我是中国的海豹车主，很遗憾地告诉您，由于芯片限制，车道保持功能可能无法升级。

I am a Chinese  Seal car owner. Unfortunately, due to chip limitations, the lane-keeping function may not be able to be upgraded.",2,True
UgyHxOIVNbPqVKdcAgF4AaABAg.9yZmLHi7Q9oA0bTJvMGG2q,comment,KLiiOeMU9JQ,UgyHxOIVNbPqVKdcAgF4AaABAg,True,@MHWib-v7x,"​@蔣傅傑I am planning to buy BYD Seal. I read an article from UK saying that when the car is passing rough surface road the driver can feel quite strong vibration on the steering wheel. Is that really the case, please kindly share your experience on this matter.",0,True
UgzAqtq2lDM7a9ZfihZ4AaABAg,comment,KLiiOeMU9JQ,,False,@Ihateironyanddumbusernames,Blatant tesla rip off 👍,1,True
UgzAqtq2lDM7a9ZfihZ4AaABAg.9yZltDaLtzE9y__9UUVJmP,comment,KLiiOeMU9JQ,UgzAqtq2lDM7a9ZfihZ4AaABAg,True,@kamsunleong6648,Yup. Same 4 wheels and doors.,2,True
UgzAqtq2lDM7a9ZfihZ4AaABAg.9yZltDaLtzE9y_bg_279fq,comment,KLiiOeMU9JQ,UgzAqtq2lDM7a9ZfihZ4AaABAg,True,@Ihateironyanddumbusernames,@kamsunleong6648 asian defense force coming in to run cover🤣,0,True
UgzJoReZ4ksDeNNifhx4AaABAg,comment,KLiiOeMU9JQ,,False,@Gdsamplify,Full glass roof like this not ideal in Australia,2,True
UgxJMw4SrdrK8-P_XkV4AaABAg,comment,KLiiOeMU9JQ,,False,@madopado,"Paul, your reviews are excellent and to the point. Love your format of the videos as well. Keep it up.",9,True
UgwwoE02zeSMmKr2z9d4AaABAg,comment,KLiiOeMU9JQ,,False,@KiwiAfrican,Prices in NZ are a bit high I think. Premium is 72K and you can get a Tesla dual motor for 76K. At these prices I would rather buy the Tesla.,0,True
UgwwoE02zeSMmKr2z9d4AaABAg.9yZhcn2t6V79ybZ7MkXuhF,comment,KLiiOeMU9JQ,UgwwoE02zeSMmKr2z9d4AaABAg,True,@mosesraradza679,Why,1,True
UgwwoE02zeSMmKr2z9d4AaABAg.9yZhcn2t6V79yrFaZSVx7d,comment,KLiiOeMU9JQ,UgwwoE02zeSMmKr2z9d4AaABAg,True,@KiwiAfrican,Why not. Bigger battery. More economical. Lane keep assist that actually work just to name a few.@mosesraradza679,0,True
UgwwoE02zeSMmKr2z9d4AaABAg.9yZhcn2t6V7A0mMO6TaJOq,comment,KLiiOeMU9JQ,UgwwoE02zeSMmKr2z9d4AaABAg,True,@xXSinForLifeXx,Personally I think the Seal is the superior car in every way except self driving capability.,0,True
Ugxj-KoXop8OGWQufDZ4AaABAg,comment,KLiiOeMU9JQ,,False,@grabtharandhishammer8251,How are these EVs going from a restricted driver (like Ls and Ps) given they are excluded from some ICE vehicles due to the power/weight ratios being classed as high performance. Most of these EVs seem to pack a fair punch.,1,True
UgwEGNeC0I7LB435rhl4AaABAg,comment,KLiiOeMU9JQ,,False,@bernardfong1019,Brother in law ordered one to challenge his brother's Tesla S 100D and my Tesla 3 performance.,0,True
UgzEgmJrpon5FHsVjEZ4AaABAg,comment,KLiiOeMU9JQ,,False,@ThePantheons,Will be picking up a premium version as soon as we can afford it. Excellent design and never thought I'd be buying Chinese for auto but BYD have delivered and aren't thinking idiotically country centric like Tesla removing the stalks and USS. Awful choices!,7,True
UgzEgmJrpon5FHsVjEZ4AaABAg.9yZZxvcyiYd9zv1qMtFagu,comment,KLiiOeMU9JQ,UgzEgmJrpon5FHsVjEZ4AaABAg,True,@agusedyanto3324,"Actually in China BYD is popular but not premium, the brands Zeekr, Polestar, Nio, Li Auto, Xpeng and others are a class above the average BYD brand.",1,True
UgxkKnxcW2hOVarkpEx4AaABAg,comment,KLiiOeMU9JQ,,False,@fengy8866,"Nice review. BYD SONG L couple SUV just released in china , that might be coming to Australia too. Very excited.",4,True
Ugyt12bJt5oj9_ZRa-14AaABAg,comment,KLiiOeMU9JQ,,False,@mjw25a1,The most balanced and informative review I've seen free of bias. Gives me confidence I've made the right choice in ordering one.  :),35,True
UgyM_xOBJS-8dBcBoxJ4AaABAg,comment,KLiiOeMU9JQ,,False,@trojanhman8136,"Question; why don't these car evaluation channels advise of the issues we are seeing around EVs? Have not seen one video talking about the dangers of thermal runaway. Have not see one video discuss the extra cost of tyres, insurance, electricity. Have not seen one mention of the difficulties experienced by people as they try to travel into the country side. I have seen no mention of the significant depreciation costs. It is speculated that council and government laws will start to change around EVs, to build in some safety checks but that they will mean significantly increased ownership costs. I have not heard mention that the batteries don't do well in cold, in hot, when towing, when accelerating hard. They don't tell you that the range of these vehicles is 50% of the manufactured stated distance. They don't tell you that the charging sites have a whole set of problems on their own. None of the issues of EV ownership are being spoken about. Why not?",2,True
UgyM_xOBJS-8dBcBoxJ4AaABAg.9yZTMnODeFJ9yZ_6l8Tbtm,comment,KLiiOeMU9JQ,UgyM_xOBJS-8dBcBoxJ4AaABAg,True,@ThePantheons,Why doesnt every ICE car reciew cover the umpteen issues with petrol engine technology?,0,True
UgyM_xOBJS-8dBcBoxJ4AaABAg.9yZTMnODeFJ9yZyI1PXCdC,comment,KLiiOeMU9JQ,UgyM_xOBJS-8dBcBoxJ4AaABAg,True,@trojanhman8136,"@ThePantheons Are you serious? You honestly can't see the difference? It's because those issues are so minor, that it doesn't affect your insurance. Because it is so minor, it doesn't affect depreciation. Because it is so minor, it doesn't affect the range of the vehicle. Because it is so minor your mechanic won't refuse to work on it. Because it is so minor, the council and the government won't introduce restrictive rules that limit where the car can be used. Starting to get it now?",0,True
UgyM_xOBJS-8dBcBoxJ4AaABAg.9yZTMnODeFJ9ybnmbO7uAJ,comment,KLiiOeMU9JQ,UgyM_xOBJS-8dBcBoxJ4AaABAg,True,@Paul-ow9dd,"@trojanhman8136 Insurance for the Premium is ~$1100. Performance is ~$1150 Electricity is substantially cheaper than Petrol/Diesel, and you really should be charging at home on an off-peak tariff. We'll probably only need to use a public charger a handful of times a year on our two EV's. Haven't needed to on our Atto 3 for the last two months.",1,True
UgzUR9W9STHPE_2TwDN4AaABAg,comment,KLiiOeMU9JQ,,False,@Richard-wt8uq,"Great review Paul, 
I’ve driven both the Premium and Performance. The Performance was scary but great fun. 
I would love to see Paul do a similar review of the Premium model as I think most sensible people will buy this model. 
I ordered the Premium on the night of release and after finally test driving I think I’ve made the right decision, although the 17 year old in me would love the performance, I’m just not sure I could afford the speeding fines.",58,True
UgzUR9W9STHPE_2TwDN4AaABAg.9yZOeddDUgc9ytuBVprsaR,comment,KLiiOeMU9JQ,UgzUR9W9STHPE_2TwDN4AaABAg,True,@estebanrodriguez9007,"Yes, sensible people. I've also just ordered the Premium. 😅",4,True
UgzUR9W9STHPE_2TwDN4AaABAg.9yZOeddDUgc9zBVBgW340f,comment,KLiiOeMU9JQ,UgzUR9W9STHPE_2TwDN4AaABAg,True,@GentleBundaberg,I think the Premium is the 'sweet spot' of the range!!! when I've sold my existing GLA I am buying one!!,3,True
UgyxBEeAWPrmS2yo_CF4AaABAg,comment,KLiiOeMU9JQ,,False,@scottydore,Good review thank you. Acknowledging the brake package on this car I think this lines up better with a model 3 LR with boost. We have both an ATTO and Tesla MY RWD. I am looking to a performance model next time. I will test drive the seal and model 3. See how I go. Hopefully by then Tesla have some of the cyber truck features in the main stream models.,0,True
UgzSAxSqJbHZhMwSTsJ4AaABAg,comment,KLiiOeMU9JQ,,False,@Johnycakee,One safety aspect of a LFP battery  would have been worth mentioning…… they don’t explode or erupt once punctured or ruptured unlike lithium.,59,True
UgzSAxSqJbHZhMwSTsJ4AaABAg.9yZJjcAmrPm9yZpZOwzChx,comment,KLiiOeMU9JQ,UgzSAxSqJbHZhMwSTsJ4AaABAg,True,@fatdoi003,LFP can also charged to 100% every time unlike NMC is only good to 80%... also LFP has more charge cycles than NMC,6,True
UgzSAxSqJbHZhMwSTsJ4AaABAg.9yZJjcAmrPm9yisaxJUA9L,comment,KLiiOeMU9JQ,UgzSAxSqJbHZhMwSTsJ4AaABAg,True,@evinvestfuture7440,LFP batteries are still lithium containing... they are just less energy dense and the chemistry is less prone to thermal runaway.,5,True
UgzSAxSqJbHZhMwSTsJ4AaABAg.9yZJjcAmrPm9yxPj-J1YAS,comment,KLiiOeMU9JQ,UgzSAxSqJbHZhMwSTsJ4AaABAg,True,@jeremytine,"Lfp batteries are lower power, less range, while being heavier",1,True
UgzSAxSqJbHZhMwSTsJ4AaABAg.9yZJjcAmrPmA2psEMPZ74j,comment,KLiiOeMU9JQ,UgzSAxSqJbHZhMwSTsJ4AaABAg,True,@ensteffo,"@jeremytine Small capacity compromise to weight to gain double charge cycles, huge safety gain and cheaper and more environmentally friendly to produce.",4,True
UgzSAxSqJbHZhMwSTsJ4AaABAg.9yZJjcAmrPmA2qNb5r_WFR,comment,KLiiOeMU9JQ,UgzSAxSqJbHZhMwSTsJ4AaABAg,True,@jeremytine,@ensteffo it isn't a small compromise. LFP has almost half the capacity  (120whr vs 220whr). Not to mention slower charge/discharge per whr.  There is a reason Tesla only offers LFP in the lower performance model 3,1,True
UgzSAxSqJbHZhMwSTsJ4AaABAg.9yZJjcAmrPmA4VkRT1eaX_,comment,KLiiOeMU9JQ,UgzSAxSqJbHZhMwSTsJ4AaABAg,True,@johnsullivan8673,@jeremytine what you neglected to mention is LFP chemistry affords savings in battery pack construction.,0,True
UgzSAxSqJbHZhMwSTsJ4AaABAg.9yZJjcAmrPmAHt86U73UmS,comment,KLiiOeMU9JQ,UgzSAxSqJbHZhMwSTsJ4AaABAg,True,@TemporarySetback-i8x,@jeremytinemost people who buy EVs are able to charge at home anyways and they usually only use it for city use at the first place,0,True
Ugydy8rxqbeGmIxhnR14AaABAg,comment,KLiiOeMU9JQ,,False,@aikz5,"Good review @Paul as always. I’m not sure why comparing every EV with Tesla model 3 is vital?

Tesla has its own issues and any informed person is aware of that.

The way Chinese cars makers are going, looks like a lot of major brands will suffer a lot by 2027.",0,True
Ugydy8rxqbeGmIxhnR14AaABAg.9yZHXR-Tg_79yZZoev2Jad,comment,KLiiOeMU9JQ,Ugydy8rxqbeGmIxhnR14AaABAg,True,@CarExpertAus,Because I used to own one. It just adds context to anybody looking to buy either.,3,True
Ugydy8rxqbeGmIxhnR14AaABAg.9yZHXR-Tg_79yxQuqpr-v1,comment,KLiiOeMU9JQ,Ugydy8rxqbeGmIxhnR14AaABAg,True,@jeremytine,Maybe because Tesla is the best selling EV brand,0,True
UgyVNRapDrKiCbGO8fh4AaABAg,comment,KLiiOeMU9JQ,,False,@SamirAbdallah,can we have a review of the RWD premium?,0,True
UgzFFZ34i9pPHs4iPmF4AaABAg,comment,KLiiOeMU9JQ,,False,@amrindersingh3949,Best CAR REVIEWER in Australia.,20,True
UgzFFZ34i9pPHs4iPmF4AaABAg.9yZEAWPE7Lc9yZZqAxnW3g,comment,KLiiOeMU9JQ,UgzFFZ34i9pPHs4iPmF4AaABAg,True,@CarExpertAus,🙌,1,True
UgwSl9zBpTthiq_w8Kp4AaABAg,comment,KLiiOeMU9JQ,,False,@NrthQlder,What about the voice control system?,0,True
Ugz01gh2D2g1zQw-LvV4AaABAg,comment,KLiiOeMU9JQ,,False,@mightygood1,No spare. Zero/10,0,True
Ugxm03MOYoHR2kJitFN4AaABAg,comment,KLiiOeMU9JQ,,False,@pigupigu,Why did you let yourself go?,0,True
UgzC4RfyUdjxdjup7Ft4AaABAg,comment,KLiiOeMU9JQ,,False,@Connor_HasArrived00,This is really impressive and will probably attract lots of people,0,True
UgyIiUf_-Qo1Em8ucC94AaABAg,comment,KLiiOeMU9JQ,,False,@06younger,The car has a launch control setting.  I have seen it go as low as 3.6s in GPS timed runs on a few different YouTube channels.,0,True
UgyIiUf_-Qo1Em8ucC94AaABAg.9yZ6IyXPAQk9yZZxZ5mPIt,comment,KLiiOeMU9JQ,UgyIiUf_-Qo1Em8ucC94AaABAg,True,@CarExpertAus,How is it activated?,0,True
UgyIiUf_-Qo1Em8ucC94AaABAg.9yZ6IyXPAQk9y_WKkjun6-,comment,KLiiOeMU9JQ,UgyIiUf_-Qo1Em8ucC94AaABAg,True,@06younger,"@CarExpertAus it's done through the the driver display, using the scroll wheel. (I think)
I don't have the car..... I've just seen it many times on YouTube reviews.",0,True
UgyIiUf_-Qo1Em8ucC94AaABAg.9yZ6IyXPAQk9yuSDAyxF0k,comment,KLiiOeMU9JQ,UgyIiUf_-Qo1Em8ucC94AaABAg,True,@jspanga,@06younger link pls,0,True
UgzR7kB86ahHzxrEQAd4AaABAg,comment,KLiiOeMU9JQ,,False,@gtok12345,"With Carplay / Android Auto filling the whole screen, I guess it's a huge pain to adjust the climate while in them?",0,True
UgzR7kB86ahHzxrEQAd4AaABAg.9yZ3AeLnOXx9yZBEiQ8thK,comment,KLiiOeMU9JQ,UgzR7kB86ahHzxrEQAd4AaABAg,True,@NrthQlder,You can adjust ac with voice control,1,True
UgxeE0Fo1yLs_6aCONZ4AaABAg,comment,KLiiOeMU9JQ,,False,@dingbatt,"The most comprehensive and best review of the Seal I have seen yet.
Haven’t driven one, but have sat in and played with the infotainment, etc. The interior seems more premium than my Model 3. The seats are just as comfortable, it has better ventilation/hvac, a driver’s display and hud, Apple CarPlay/Android Auto, indicator stalk, real leather seats (ventilated as well as heated) and just a few more physical buttons. The displays are lower resolution than the Tesla and the likes of BMW and Mercedes and are perhaps the only thing that reduces the premium feel of the interior.
The boot is probably the biggest compromise. My M3 boot is probably my second biggest ‘pinch point’ (the first being no driver’s display). The Seal boot is smaller still. There is less storage considering boot (including underfloor) and “frunk”. I believe BYD missed a trick by slavishly copying (ahem, I mean taking inspiration from) the Model 3 and not making this a liftback. Still, if practicality is the main goal, then the Seal U will be better, in the same way that the Model Y is more practical than the 3.
Here in NZ, I believe the version of the Seal that will sell the best is the big battery, single motor “premium”. Apart from the extra motor and dampers (hence better performance) that the “Performance” Seal has, the Premium only misses out on a heated steering wheel and electronic child locks, but gains 50km of WLTP range.
According to the BYD salesman, the active safety features can be changed to “nag only” (my terminology) rather than mechanical intervention. Whether that is something that has to be set every time is yet to be determined. Certainly here in NZ, BYD seem more receptive to making tweaks after customer feedback than other manufacturers.
Just too much is absent or has been removed from the new Model 3 for me to consider it as an upgrade (driver’s display, blind spot monitoring, USS, radar, passenger lumbar support, indicator and gear selector stalks. So the Seal now becomes the front runner.",26,True
UgzHK_ZsszFTpfbJjb14AaABAg,comment,KLiiOeMU9JQ,,False,@rafael_barata,"Hi Paul, when do you review the new Tesla model 3?",0,True
Ugz1MRMUQML32ur2ZI94AaABAg,comment,KLiiOeMU9JQ,,False,@jamesgowing3856,Tip don't buy electric vehicles. No one wants to buy a used EV,0,True
UgxKS6x67Dv7tLza25d4AaABAg,comment,KLiiOeMU9JQ,,False,@ahmadhawa09,"I took it for test drive ,It's an incredible car ,
I loved it ❤ I think it will smash Tesla in the market with all the features, materials, and price.",20,True
UgxKS6x67Dv7tLza25d4AaABAg.9yYx6Ih70FD9yyUxj70b1X,comment,KLiiOeMU9JQ,UgxKS6x67Dv7tLza25d4AaABAg,True,@zoltrix7779,"It certainly steps up the game in some areas, but you know, that supercharging network and superior software is still super important.",1,True
UgxKS6x67Dv7tLza25d4AaABAg.9yYx6Ih70FD9zB0T39ruUg,comment,KLiiOeMU9JQ,UgxKS6x67Dv7tLza25d4AaABAg,True,@zimbonz,"Yeah, can't wait for it's autopilot😂. it's a cheap knock off, plainly.",2,True
UgxKS6x67Dv7tLza25d4AaABAg.9yYx6Ih70FD9zv32dsMHdi,comment,KLiiOeMU9JQ,UgxKS6x67Dv7tLza25d4AaABAg,True,@agusedyanto3324,"​@zoltrix7779 
I think the software is something that could be improved as well on byd",0,True
UgxKS6x67Dv7tLza25d4AaABAg.9yYx6Ih70FDAGRFU2nvv18,comment,KLiiOeMU9JQ,UgxKS6x67Dv7tLza25d4AaABAg,True,@matthewtaylor7373,@zoltrix7779 Sorry for my ignorance but can you explain what makes the Tesla software superior and why it's important?,0,True
Ugw-aywO2DOQZZfKmKR4AaABAg,comment,KLiiOeMU9JQ,,False,@justice4g,"I don't think most aussies want sunroofs, it's usually too hot and is extra weight.. would be better if that opened like a hatch at the back too",4,True
Ugw-aywO2DOQZZfKmKR4AaABAg.9yYqiK161IQ9yZEAJnkxoZ,comment,KLiiOeMU9JQ,Ugw-aywO2DOQZZfKmKR4AaABAg,True,@lukemothug,They should have a ceiled roof version plus it will shave a couple of seconds of 0-100 time and better cornering.,2,True
Ugw-aywO2DOQZZfKmKR4AaABAg.9yYqiK161IQ9zvBcfeuMya,comment,KLiiOeMU9JQ,Ugw-aywO2DOQZZfKmKR4AaABAg,True,@agusedyanto3324,BYD Seal roof glass contains silver to repel solar heat,1,True
UgzQ02S0IBPuEgrJk4d4AaABAg,comment,KLiiOeMU9JQ,,False,@DC-2245,"Thanks Paul, I do like the looks, tech and performance package on offer. The price is a good match too.

I just can't get past the Chinese ownership of the company and the fact you have OTA connectivity. You just can't be sure what they are collecting or putting on your phone when it's connected. I know you could have that issue with all makes. It's just a trust thing for me and the fact I don't trust CCP.",0,True
UgzQ02S0IBPuEgrJk4d4AaABAg.9yYqLPtinWD9yZhoJE7ewj,comment,KLiiOeMU9JQ,UgzQ02S0IBPuEgrJk4d4AaABAg,True,@simonwile5110,Every single modern car collects your data. Tesla is no different. Look up Mozilla Car privacy study.,0,True
UgzQ02S0IBPuEgrJk4d4AaABAg.9yYqLPtinWD9yZxpUTglZ6,comment,KLiiOeMU9JQ,UgzQ02S0IBPuEgrJk4d4AaABAg,True,@sammaimas155,"Well, I think you would have the same issues with your phone and Google collecting your data, listening to your conversations and marketing to you based on that data. I know China has some issues, like most countries but I think you may be listening to too much conservative fear mongering. I am more concerned about the instability in US politics and the rocky path the USA seems to be heading.",0,True
UgzQ02S0IBPuEgrJk4d4AaABAg.9yYqLPtinWDA2HPtxP1-KW,comment,KLiiOeMU9JQ,UgzQ02S0IBPuEgrJk4d4AaABAg,True,@Neilhoh3,And why would the CCP / CPC  give a shit about what youre doing?,0,True
UgxkRyy9mggEYNq2A-94AaABAg,comment,KLiiOeMU9JQ,,False,@rubeusvombatus,"It doesn't look European at all... if anything it just looks like other BYDs which isn't bad but I don't get the obsession of wanting nice Chinese cars to look European. I think reputable Chinese brands try their best not to fall into that stereotypical ""Copycat"" category  and do their own thing design-wise.",1,True
UgzXI8GugPQF10xS7qZ4AaABAg,comment,KLiiOeMU9JQ,,False,@JustRandomThings,Please Make A Segment for Sine wave as well. To find it easy. I am not from Australia and don't get kuch Australian spec cars here. Sometimes i only watch the sine wave part of reviews 😅,0,True
UgzPN2Xeu0pF4T8CpaR4AaABAg,comment,KLiiOeMU9JQ,,False,@kevincaldwell4707,"@09:34...top left hand corner of the screen...""Star Wars Holiday Spectacular"".  Truly one of the greatest Star Wars themed shows ever...JK, it was horrible.",1,True
UgyVYcYX4K360HMnMH54AaABAg,comment,KLiiOeMU9JQ,,False,@IrishguyG80,"Hi mate i have just ordered my BYD Seal performance and collect it in 4 days, and can't wait, to be honest i was sold on the car after the test drive, great interior / exterior and good tech.",40,True
UgyVYcYX4K360HMnMH54AaABAg.9yYcve2luDD9zks8cArOlZ,comment,KLiiOeMU9JQ,UgyVYcYX4K360HMnMH54AaABAg,True,@FerraFQ,How much is the price there?,1,True
UgyVYcYX4K360HMnMH54AaABAg.9yYcve2luDD9ztg3STh2g_,comment,KLiiOeMU9JQ,UgyVYcYX4K360HMnMH54AaABAg,True,@havencat9337,"yea, i also love the interior a lot and the design of the exterior its just way nicer then tesla!",1,True
UgyVYcYX4K360HMnMH54AaABAg.9yYcve2luDDA-3Xs6Q_94M,comment,KLiiOeMU9JQ,UgyVYcYX4K360HMnMH54AaABAg,True,@TekashiKovaks,How’s it going mate ? Give us an update !,2,True
UgyVYcYX4K360HMnMH54AaABAg.9yYcve2luDDA-5W1koeaTR,comment,KLiiOeMU9JQ,UgyVYcYX4K360HMnMH54AaABAg,True,@IrishguyG80,"@FerraFQ 1,6,000,000 baht which is about £45,000",0,True
UgyVYcYX4K360HMnMH54AaABAg.9yYcve2luDDA-y6idoQj87,comment,KLiiOeMU9JQ,UgyVYcYX4K360HMnMH54AaABAg,True,@gianfrancostefanoli7854,@IrishguyG80  Have you driven it already? how does it drive?,0,True
UgyVYcYX4K360HMnMH54AaABAg.9yYcve2luDDA03Bnsboiia,comment,KLiiOeMU9JQ,UgyVYcYX4K360HMnMH54AaABAg,True,@IrishguyG80,"@gianfrancostefanoli7854 hey buddy i got my BYD Seal Performance last Dec and loving it man, puts a smile on my face every day",0,True
UgyVYcYX4K360HMnMH54AaABAg.9yYcve2luDDA0bSutAIJep,comment,KLiiOeMU9JQ,UgyVYcYX4K360HMnMH54AaABAg,True,@MHWib-v7x,"​@IrishguyG80I am planning to buy BYD Seal. I read an article from UK saying that when the car is passing rough surface road the driver can feel quite strong vibration on the steering wheel. Is that really the case, please kindly share your experience on this matter.",0,True
UgyVYcYX4K360HMnMH54AaABAg.9yYcve2luDDA0p32mpCJ6Q,comment,KLiiOeMU9JQ,UgyVYcYX4K360HMnMH54AaABAg,True,@IrishguyG80,"@MHWib-v7x That a bush of rubbish, i drive a seal performance and you feel a few bumps like any car, actually the seal seems to glide over un-evem road surfaces.",3,True
UgyVYcYX4K360HMnMH54AaABAg.9yYcve2luDDA0pDCEDDjN0,comment,KLiiOeMU9JQ,UgyVYcYX4K360HMnMH54AaABAg,True,@MHWib-v7x,"@IrishguyG80 thank you so much for your thoughts, really appreciate",3,True
UgyVYcYX4K360HMnMH54AaABAg.9yYcve2luDDAELKQ3V20TC,comment,KLiiOeMU9JQ,UgyVYcYX4K360HMnMH54AaABAg,True,@Daniel-ld7xs,of course they'd be exaggerating haha western media. what a joke,0,True
Ugx86TPYSE82wJO72wR4AaABAg,comment,KLiiOeMU9JQ,,False,@M4rt_FX,"Nice car, great review. I’d take the Model 3 Highland if it were my money for many reasons though.",0,True
Ugz03ITGqbGtYat2PVJ4AaABAg,comment,KLiiOeMU9JQ,,False,@stevesute,"The thing that puts me off is the shit name, sombody asks what car you have and you say a seal they will be like oooooook then 😂",0,True
Ugz03ITGqbGtYat2PVJ4AaABAg.9yYVpQhCTnr9y__2drgVWz,comment,KLiiOeMU9JQ,Ugz03ITGqbGtYat2PVJ4AaABAg,True,@kamsunleong6648,"Corvette Stingray, Ford Barracuda, AMT Piranha, AMC Marlin, Opel Manta",0,True
UgwPqkI3CrZ2Trc03z54AaABAg,comment,KLiiOeMU9JQ,,False,@ergwehgr,great fair review well done,0,True
UgzWa_BzQs3UYxOk-yR4AaABAg,comment,KLiiOeMU9JQ,,False,@Alienwarez567Epic,Whats the top speed,0,True
Ugx33XjqFWwVEY3qicR4AaABAg,comment,KLiiOeMU9JQ,,False,@RudraMishra6713,Chinese crap. By the way nice review sir,0,True
Ugxt03SthAbnZMCh5PV4AaABAg,comment,KLiiOeMU9JQ,,False,@517609,Thanks for the comprehensive review Paul. This is what I was waiting for. I am very keen to go for long range.,7,True
Ugxt03SthAbnZMCh5PV4AaABAg.9yYSBUAtoh79ylNIWyw7Sa,comment,KLiiOeMU9JQ,Ugxt03SthAbnZMCh5PV4AaABAg,True,@GeoffTosio,The mid range has the same 82.5kWhr battery (Paul you said 84 - not correct) but the range jumps to 570km… I would say that is probably true if you can be gentle (I’m not and have a large mountain to get home).,1,True
UgyY8j3mH_NJl2VJfxB4AaABAg,comment,KLiiOeMU9JQ,,False,@lucisleesion8824,Beautiful and sporty sedan! Love it!,9,True
Ugw23N0C-RC-HjJzPJl4AaABAg,comment,KLiiOeMU9JQ,,False,@kimwiencken2492,"BEFORE you decide - try BOTH the BYD Seal in an AWD version as well as a Tesla 3 Long Range Highland. I did so (Europe) last week. Even if the Seal comes with a lot of quality it still feels like a version 1 car and I will definitely recommend to wait for a version 2, for the following 4 reasons: 1) In the Tesla you get a much more firm and direct driving experience. You feel it especially while steering and while accelerating. 2) Car efficiency measured as kW to milage is lower in the Seal, probably because of the higher weight (´+ 300 kilo) and poor brake regen. 3) In the Seal the Software UI  as well as the functionality feel like a generation or two older. Old school menues, different menues to control driving set-up, lot of scrolling up and down etc. Besides that parts of the SW didn't really work while I tested the car a week ago - especially the parts where assisted driving is involved. 4) DC charging is quite slower in the Seal (150 kW) than the Tesla (250 kW) which will leave you wating a lot at the charging stations. An overall conclusion is that the BYD Seal feels a bit like old school car compared to the Tesla.",0,True
Ugw23N0C-RC-HjJzPJl4AaABAg.9yYPZm0VIm79yYoovkugRi,comment,KLiiOeMU9JQ,Ugw23N0C-RC-HjJzPJl4AaABAg,True,@firemaxi9265,"TeslaBoy : Tesla lack of stalks ~ Good
TeslaBoy : Tesla no car speed meter screen ~ Good
TeslaBoy : Tesla cheap material interior ~ Good
😂😂😂",3,True
UgySAAsqEIONArhKGCx4AaABAg,comment,KLiiOeMU9JQ,,False,@gautamkararia3815,"Seriously ""Help me CarExpert""😂 I hope Matt Watson is not watching this...",1,True
UgzLyzP-HsOF32gAMg14AaABAg,comment,KLiiOeMU9JQ,,False,@MadPunchMan,12:42 A pesky fly is hanging around the slide track!🤣,0,True
Ugzk36lNE9UKPYhgBEZ4AaABAg,comment,KLiiOeMU9JQ,,False,@phoarey,The anti EV brigade a bunch of self serving kundts who aren't bothered about destroying the climate for their kids and grandkids.,0,True
UgwMz7rySSaUUPInucV4AaABAg,comment,KLiiOeMU9JQ,,False,@dw1508,So when will it catch fire?😂,0,True
UgwMz7rySSaUUPInucV4AaABAg.9yYKDTSMUti9y_ZYMzmDcG,comment,KLiiOeMU9JQ,UgwMz7rySSaUUPInucV4AaABAg,True,@kamsunleong6648,Ask Tesla. They use byd blade battery for their model Y.,2,True
UgwMz7rySSaUUPInucV4AaABAg.9yYKDTSMUti9yt-VbVSDVl,comment,KLiiOeMU9JQ,UgwMz7rySSaUUPInucV4AaABAg,True,@dw1508,Seriously that's probably not a good idea ​@kamsunleong6648,0,True
UgxVrZVJTaUIsNQwWex4AaABAg,comment,KLiiOeMU9JQ,,False,@davec110,"Thanks Paul for understanding that not all performance sedans have to handle like track cars. Unlike many car reviewers who's trying to be racing car drivers.  They simply don't understand the meaning of ""Grand Tourer"" this is what the Seal is designed to be NOT another Tesla clone.",54,True
UgzEWBCmXOwrLb3rQOB4AaABAg,comment,KLiiOeMU9JQ,,False,@teinspringz,"Interesting design but not my cup of tea, MG4    practicality of a tall hatchback with good turning circle is what I want.  I'm waiting for the revision of the MG4 where MG iron out all the interior electronic bugs and lag. First release model will always be a gamble",4,True
UgxnAMwfXS-qWyYTuLh4AaABAg,comment,KLiiOeMU9JQ,,False,@AlfOutdoors,LoL. Hamish and Andy on his podcast list.,0,True
UgwjlXBiExIMgS8h3AN4AaABAg,comment,KLiiOeMU9JQ,,False,@MegaRetr,Great review as usual😀,3,True
UgyYhxC1Llnc1pyPo-V4AaABAg,comment,KLiiOeMU9JQ,,False,@Daniel-v2q5p,Come on Paul I would be really surprised if you don't know LFP batteries ARE Lithium-ion Batteries but you kept repeating it making me think your script writer doesn't know it and for some reason you didn't correct or notice it.  This is a common misunderstanding and it doesn't help get the community to understand that when it's repeated in these type of reviews.  Most performance cars use a Nickel based Lithium-ion Battery which has a higher density and better performance  than the LFP (Lithium Iron Phosphate) Lithium-ion Battery.,0,True
UgyYhxC1Llnc1pyPo-V4AaABAg.9yYHZrKWbSa9yYI-BbGODP,comment,KLiiOeMU9JQ,UgyYhxC1Llnc1pyPo-V4AaABAg,True,@Daniel-v2q5p,"oh, but apart from that which is a bug bear for me, and messes with my OCD.  Another good review.",0,True
UgyjfYeoAM7cZYlVv5p4AaABAg,comment,KLiiOeMU9JQ,,False,@mvnorsel6354,"I visited Greenland and ate seal meat, tastes of blood😅.",0,True
UgzJJ2N7YU_f0QIXc0V4AaABAg,comment,KLiiOeMU9JQ,,False,@joshblack269,Front headlights look straight off of a Renault Megane 🤔,0,True
UgxLXyGN0pkUL4ubTlV4AaABAg,comment,KLiiOeMU9JQ,,False,@arboghast8505,"It's rather funny when you look at each Chinese car, you can always find elements copied from a few other brands and joined together in an awkward way. In this example, the shape of the gear lever is on Porsche 911, the material is crystal found on new BMW models (but ONLY on the gear lever, unlike BMW that uses crystal as a theme through the cabin) , the screen style and location is undoubtedly Tesla, and these sports seats are friggin AMG. You may argue that there are only so many styles in car interior design and similarity is inevitable, and that's true. But it is always a Chinese car that mashes different styles together regardless they don't fit at all.",0,True
Ugx7KhzZWl3hhdTeOlR4AaABAg,comment,KLiiOeMU9JQ,,False,@brent_in_aussie,"I like your fact based reviews , Paul … we’ll done as always ..!
LFP for the win , I like it lots … seal for the win also",4,True
UgwLBlQw4OGi46M4DOB4AaABAg,comment,KLiiOeMU9JQ,,False,@Gypsyjoe67,"Why are all the working class EV’s so butt ugly, including the Tesla model 3?? It’s like they all follow on from the Toyota Prius looks! Yuk 🤮",0,True
Ugyf1l38H52FsZkqdmZ4AaABAg,comment,KLiiOeMU9JQ,,False,@brycedubois3023,"Thanks for an excellent review. I've ordered on.
Can I respectfully point out that LFP is ""lithium-iron"" (lithium ferrophospate) The alternative to which you are referring is NMC (nickel manganese cobalt) or NCA (nickel cobalt aluminium).  AKA 'ternary' batteries. Sorry to be a pedant.",6,True
Ugz_LHCnSzXmhLdw3Mx4AaABAg,comment,KLiiOeMU9JQ,,False,@keikc123,"Thank you Paul, I have been waiting for this BYD Seal review for long, really nice!! I have place an order for a premium model which is perfect for me it has 600Km in one charge which is more important for me. very good value definately",16,True
UgyKfsnDPjuqU2tXbih4AaABAg,comment,KLiiOeMU9JQ,,False,@69memnon69,"That’s really poor efficiency… I’ve been disappointed with my model y with the induction wheels but this is substantially more terrible.

It’s a great starter BEV for those with Tall Poppy Syndrome that hate Tesla. The little man’s BEV.",0,True
Ugw8XKagb8HwSLHuCR14AaABAg,comment,KLiiOeMU9JQ,,False,@Jamieandrew1156,What’s with the no roof thing? Like it’s 40oC outside and full window?,4,True
Ugw8XKagb8HwSLHuCR14AaABAg.9yYDhKAcif99ybkPoZijnz,comment,KLiiOeMU9JQ,Ugw8XKagb8HwSLHuCR14AaABAg,True,@Paul-ow9dd,Has silver plating to reflect most of the heat. much more comfortable compared to the Tesla roof. So shouldn't be an issue most of the time.,1,True
UgwWF8c0x4c6bTp9Nm94AaABAg,comment,KLiiOeMU9JQ,,False,@vasil7410,"Thanks for the review Paul. I test drove the Model 3 Highland, Seal Performance and Polestar 2, back to back today. I was hugely disappointed by the Polestar 2, far inferior and ridiculously expensive for what you get. I had seen so many glowing reviews on the Polestar 2 but my own personal assessment is that it is way overrated. I have a current model 3 and I didn't think the Highland was much different, other than better suspension (which is compromised by very soft tyres anyway) - and of course missing stalks. The winner was the Seal for my purposes and will pick up tomorrow. Much quieter than the other two cars. Despite reviewers claiming that the Highland is much quieter then the old model 3, I don't think it is (at least compared to made in china Model 3s). The only downsides to the Seal is the poorly calibrated lane keeping assistance, but I am hoping they will eventually improve this with a software update. I also prefer the one pedal driving in the Tesla, but again maybe they will add it to the Seal via a software update. That said, the Polestar has one pedal driving, but it was horrible in comparison to the smoothness of the Tesla, you are better off with it disabled in the Polestar anyway. The Tesla is also best in class for efficiency.  But you have to keep all this in perspective, because the Seal will always be much cheaper to ""refuel"" compared to similar performing petrol cars.",11,True
UgwWF8c0x4c6bTp9Nm94AaABAg.9yYDaj75KKn9yYGKmuMzLa,comment,KLiiOeMU9JQ,UgwWF8c0x4c6bTp9Nm94AaABAg,True,@enriquedeldod7193,Y qué ventaja tiene el Seal respecto al Model 3?,0,True
UgwWF8c0x4c6bTp9Nm94AaABAg.9yYDaj75KKn9yZAPZQsCC7,comment,KLiiOeMU9JQ,UgwWF8c0x4c6bTp9Nm94AaABAg,True,@NrthQlder,​@enriquedeldod7193v2l and large lfp battery,0,True
UgwWF8c0x4c6bTp9Nm94AaABAg.9yYDaj75KKn9yZQrjJqd9A,comment,KLiiOeMU9JQ,UgwWF8c0x4c6bTp9Nm94AaABAg,True,@enriquedeldod7193,Y tiene el Model 3 alguna ventaja sobre el Seal?,0,True
UgwWF8c0x4c6bTp9Nm94AaABAg.9yYDaj75KKn9yZUjxnF1ZU,comment,KLiiOeMU9JQ,UgwWF8c0x4c6bTp9Nm94AaABAg,True,@khuo0219,The big improvements in quietness for the Model 3 Highland is in the rear.,0,True
UgwWF8c0x4c6bTp9Nm94AaABAg.9yYDaj75KKn9yZVsVQcfIw,comment,KLiiOeMU9JQ,UgwWF8c0x4c6bTp9Nm94AaABAg,True,@vasil7410,"​@khuo0219Yes, it seems that the only changes that have been made to reduce noise are the laminated glass in the rear and quieter tyres. I was looking for a quantum shift in road noise, so I can take it on road trips, but the Highland didn't seem to provide that. The Seal does.",0,True
UgwWF8c0x4c6bTp9Nm94AaABAg.9yYDaj75KKn9ybj8SwaoF1,comment,KLiiOeMU9JQ,UgwWF8c0x4c6bTp9Nm94AaABAg,True,@Paul-ow9dd,The MG4 has selectable one pedal driving. I tried it but quickly turned it off as it was way too severe. As you say I hope BYD roll out a one pedal mode as a selectable option with a slider control within certain parameters.,0,True
UgwfR9JH5OBGpJo4miB4AaABAg,comment,KLiiOeMU9JQ,,False,@giggygiggy1393,Bugs must be bad....fronts covered in em,0,True
UgyCyogizV3KLflhyQN4AaABAg,comment,KLiiOeMU9JQ,,False,@nikkipedro,"Good job, Paul , thank you. I am interested in this car but find myself vacillating over the rwd long range or this top of the range fast one. I would be interested in your opinion of the long range rwd one.
See if you can get your hands on one of them please.",2,True
UgyCyogizV3KLflhyQN4AaABAg.9yYCFBF8g5s9yYCqLfIkcl,comment,KLiiOeMU9JQ,UgyCyogizV3KLflhyQN4AaABAg,True,@CarExpertAus,Haven't driven the LR just yet. Hoping to drive both the base and the LR soon.,4,True
UgyCyogizV3KLflhyQN4AaABAg.9yYCFBF8g5s9y_2M6DtBTK,comment,KLiiOeMU9JQ,UgyCyogizV3KLflhyQN4AaABAg,True,@蔣傅傑,The long range  is enough.😢,1,True
UgyCyogizV3KLflhyQN4AaABAg.9yYCFBF8g5s9ylNcIKlAM_,comment,KLiiOeMU9JQ,UgyCyogizV3KLflhyQN4AaABAg,True,@GeoffTosio,"I’ve owned the premium for 2 weeks now, plenty of speed to lose your licence and a big jump in range. Save your money and get this one (IMHO)",3,True
Ugz_sV2OEYckM6cYSTx4AaABAg,comment,KLiiOeMU9JQ,,False,@wyattgonzalez1964,"I always asked myself what could be the best way to make profits in crypto?..... Most newbies in the market today believes strongly on buying at the dip and hodl till the bull market comes, which to me is a very bad idea and potential losses might even take place when there is a shift as a result of dollar impact on the market. ...... I will tell you this ""Day trading"" still remain the very best way to accumulate and grow a strong portfolio when it comes to crypto.. All praises goes to Diane Knapp daily signals and guidance for the well analyzed predictions given to me, 10.8btc in two months!!!!@Tradewithdiane VlA TE L E G R AMAM 💯that's all..",71,True
Ugz_sV2OEYckM6cYSTx4AaABAg.9yYAaL3Fkrr9yYIYLHqaGZ,comment,KLiiOeMU9JQ,Ugz_sV2OEYckM6cYSTx4AaABAg,True,@chrisdaniels7180,"The same thing happens here: you started with $6,500 and now you make $32,300 every three weeks thanks to your trading program. Diane's strategies are unmatched and extremely profitable.",0,True
Ugz_sV2OEYckM6cYSTx4AaABAg.9yYAaL3Fkrr9yYIaiAtKJa,comment,KLiiOeMU9JQ,Ugz_sV2OEYckM6cYSTx4AaABAg,True,@rogerwilliams8326,Thank you for the information... I will contact you as soon as possible. I also want to gain good knowledge and stop losing.,0,True
Ugz_sV2OEYckM6cYSTx4AaABAg.9yYAaL3Fkrr9yYIgj6kSGY,comment,KLiiOeMU9JQ,Ugz_sV2OEYckM6cYSTx4AaABAg,True,@glenngalimi4971,"My 5.9 BTC has increased to 16 BTC in the months of my partnership, I'm sticking with Diane Knapp.",0,True
UgxFqpZYDFypraKHGSR4AaABAg,comment,KLiiOeMU9JQ,,False,@davidpearn5925,"Having stalks (and even the right way round) means that the PREMIUM model is the logic replacement for our ‘21 Model 3.  Stomach churning and headache delivering performance in Australia is for the kids only.
Not having TSLA shares is a good starting point for credibility.",3,True
Ugwjzf_jisn5lxYrESN4AaABAg,comment,KLiiOeMU9JQ,,False,@Raxqu,There is a acceleration timer on the car accessible through the steering wheel. Might be a bit more accurate than gps on phone.,0,True
Ugwjzf_jisn5lxYrESN4AaABAg.9yY9K6hRhQT9yYCuqMb3Sh,comment,KLiiOeMU9JQ,Ugwjzf_jisn5lxYrESN4AaABAg,True,@CarExpertAus,"Nah, it'll just use the car's speedometer. Our GPS isn't on the phone, that just relays the results. We use a 10Hz GPS for data logging, with the phone just relaying the data.",3,True
Ugwjzf_jisn5lxYrESN4AaABAg.9yY9K6hRhQT9yZ5-fLyxjX,comment,KLiiOeMU9JQ,Ugwjzf_jisn5lxYrESN4AaABAg,True,@Raxqu,@CarExpertAus okay that may be more accurate,0,True
Ugyr7Tp3l63M2-3-Y9Z4AaABAg,comment,KLiiOeMU9JQ,,False,@chrisballard7594,This makes Tesla look like a used shoe box....,3,True
Ugw-WKEY-brEX2vYOTB4AaABAg,comment,KLiiOeMU9JQ,,False,@SydneyEV,Hahah  like the subscribe sign behind the car.,0,True
UgyDGbLJbIloMwjvy-R4AaABAg,comment,KLiiOeMU9JQ,,False,@No-thing-ness,If your happy with that figure I’m happy with that figure,0,True
UgxHDtc3QTidXhENFf14AaABAg,comment,KLiiOeMU9JQ,,False,@ADudesRotary,Are you at Lang Lang,0,True
UgxHDtc3QTidXhENFf14AaABAg.9yY5NrvrYUv9yYCxRjzt9Q,comment,KLiiOeMU9JQ,UgxHDtc3QTidXhENFf14AaABAg,True,@CarExpertAus,Yes.,0,True
UgzYDDw6KuHJWCqP5ch4AaABAg,comment,KLiiOeMU9JQ,,False,@mohammadsattar5488,These are great.....until they start the built in feature of spontaneous combustion,0,True
UgzYDDw6KuHJWCqP5ch4AaABAg.9yY5Le-ULvP9yYD0cfywsQ,comment,KLiiOeMU9JQ,UgzYDDw6KuHJWCqP5ch4AaABAg,True,@CarExpertAus,This uses an LFP battery.,1,True
UgzM2MVTB8cYuwqkMAF4AaABAg,comment,KLiiOeMU9JQ,,False,@isaak4416,"I'm waiting for my BYD Seal Premium to arrive. When you are going to test the new model 3, I would very much like for you to explain/justify how is this car street legal for Australia. For EVERYTHING you have/need to do while driving, you must take your eyes off the road!!! It is basically a mobile phone on wheels. 
There will be a new trend in terms of games you play with your kids while driving. ""I spy with my little eye, another model 3 on the side of the road, as a result of the poor driver trying to indicate while turning"". You'll know what I mean once you drive one.",4,True
UgzXZnwg3pCN5_r70054AaABAg,comment,KLiiOeMU9JQ,,False,@VidServ-o5o,"The BYD has a 3kw V2L capability.  (Vehicle to Load) So it can power your house (3kw output will power your fridge+freezer+TV easily) in a grid down or you can charge solar batteries if already off grid (when you get a few low solar days in row). BYD = around Six Powerwalls, do the math. Telsa does not have V2L (nor indicator storks), that's a deal breaker for me. You don't need V2L till you do. Thank me later :)",35,True
UgzXZnwg3pCN5_r70054AaABAg.9yY5H8DV8DU9yYZHs0CYHr,comment,KLiiOeMU9JQ,UgzXZnwg3pCN5_r70054AaABAg,True,@hadtobe4502,Tesla do not want V2L as it would take business away from Powerwall batteries.,3,True
UgzXZnwg3pCN5_r70054AaABAg.9yY5H8DV8DU9ybfral8ipj,comment,KLiiOeMU9JQ,UgzXZnwg3pCN5_r70054AaABAg,True,@Paul-ow9dd,"You're sounding like contributor ""EcoHouse Thailand"", but yes, the V2L functionality has LOTS of potential uses, not just powering a house.",1,True
UgzXZnwg3pCN5_r70054AaABAg.9yY5H8DV8DU9yxQ5UTJkpW,comment,KLiiOeMU9JQ,UgzXZnwg3pCN5_r70054AaABAg,True,@jeremytine,3kw is nothing,0,True
UgzXZnwg3pCN5_r70054AaABAg.9yY5H8DV8DU9zv2_fYvv1E,comment,KLiiOeMU9JQ,UgzXZnwg3pCN5_r70054AaABAg,True,@agusedyanto3324,With V2L you can also camp anywhere comfortably,2,True
UgzXZnwg3pCN5_r70054AaABAg.9yY5H8DV8DUA1Cw4MR6J7M,comment,KLiiOeMU9JQ,UgzXZnwg3pCN5_r70054AaABAg,True,@hsymbari9515,you have a great point about v2L functionality,1,True
UgzWO9Ifr6tnJZzzHcJ4AaABAg,comment,KLiiOeMU9JQ,,False,@DąvídVásqüęZzZzZ,❤‍🔥 Does insurance cover cover battery fire for BYD?,1,True
UgzWO9Ifr6tnJZzzHcJ4AaABAg.9yY4vzbiA_f9y_ZQNsF1IR,comment,KLiiOeMU9JQ,UgzWO9Ifr6tnJZzzHcJ4AaABAg,True,@kamsunleong6648,Their blade battery has  the best battery tech. Tesla uses them,1,True
Ugw8YR6IkuPK05_e43d4AaABAg,comment,KLiiOeMU9JQ,,False,@JürgHölzle,"I've been driving a BYD Dolphin for a good 4 months (10,000 km). The vertical monitor position would make sense, but BYD doesn't use the potential. Navigation in vertical mode is quite comfortable. BYD should offer the split-screen option for all apps, including Apple Carplay. For example, I would like Apple Car Play (navigation) at the top and climate control at the bottom.",24,True
Ugw8YR6IkuPK05_e43d4AaABAg.9yY3vxo2XJ3A3VHDRSgC1n,comment,KLiiOeMU9JQ,Ugw8YR6IkuPK05_e43d4AaABAg,True,@lammiwinks3775,This sounds like what the Volvo ex30 has done with its infotainment design! Worth a look!,0,True
UgwR64_ZfrcKcGPw0E14AaABAg,comment,KLiiOeMU9JQ,,False,@thedatablogger_in,Absolutely blown awqy by this expert review unlike other biased ones released a day ago (you know what I am talking about). Love the value proposition and have booked mine in Perth last week. Going with Premium,29,True
UgwR64_ZfrcKcGPw0E14AaABAg.9yY3nyvKgah9yY4MVYB4X3,comment,KLiiOeMU9JQ,UgwR64_ZfrcKcGPw0E14AaABAg,True,@stevenzhang4431,John ?,0,True
UgwR64_ZfrcKcGPw0E14AaABAg.9yY3nyvKgah9yY85wvHD4D,comment,KLiiOeMU9JQ,UgwR64_ZfrcKcGPw0E14AaABAg,True,@paxmaniac1,I appreciated the comprehensive dynamic testing.,1,True
Ugyq_9k0maXYM-Jl27Z4AaABAg,comment,KLiiOeMU9JQ,,False,@methoxy66,a:) Why is everyone only reviewing the top-spec Seal (with all that signage down the side)?; b:) Why is everyone comparing this car to the base model Model 3?,0,True
Ugyq_9k0maXYM-Jl27Z4AaABAg.9yY3Xe54LUT9yZYA_WKEXA,comment,KLiiOeMU9JQ,Ugyq_9k0maXYM-Jl27Z4AaABAg,True,@robertmerkel8247,"CarExpert can answer more definitively, but it's almost certainly because the Performance is the only one the importer is making available for review at the moment.  

Car manufacturers have been playing this game with reviewers for many years. One common trick was ensuring review cars had optional ""sport packages"", which usually included alloy wheels and larger tyres.",0,True
UgzzZiIRihuxeeGtlJV4AaABAg,comment,KLiiOeMU9JQ,,False,@fw0756,"There seems to be a problem with BYD ev vehicles catching fire in China ,numerous videos on you tube  showing this ,are you able to elaborate on the safety of these vehicles,",1,True
UgzzZiIRihuxeeGtlJV4AaABAg.9yY3-UT38sr9yY6pQ1IQYY,comment,KLiiOeMU9JQ,UgzzZiIRihuxeeGtlJV4AaABAg,True,@LukeyLuke77,"Do some research and you’ll find petrol, diesel and hybrid vehicles are 20-60% more likely to catch fire than an EV and the BYD Blade batteries are the safest on the market.

How many legitimate EV fires started by battery issues or faults can you find?",1,True
UgzzZiIRihuxeeGtlJV4AaABAg.9yY3-UT38sr9yY9mZ41acO,comment,KLiiOeMU9JQ,UgzzZiIRihuxeeGtlJV4AaABAg,True,@zimuli3549,"China accounts for about 1/3 of the world's car production and sales, and BYD is the number one car brand in China because of its leading safety and reliable technology. China's auto market is also the most competitive market among auto companies. Because of the lack of competitiveness of their products, Suzuki, Mitsubishi Motors and jeep Motors, etc has withdrawn from the Chinese market, and South Korean automakers have sold most of their production lines. Sales of Japanese cars have also fallen sharply.
Competition among domestic car brands in China is also very fierce, even posting a lot of videos and comments against competitors.
Recently, the biggest news in China's automobile industry is that GWM executives and loyal users have launched a lot of attacks and vilification of BYD.",0,True
UgzzZiIRihuxeeGtlJV4AaABAg.9yY3-UT38sr9yYIFRYxgZm,comment,KLiiOeMU9JQ,UgzzZiIRihuxeeGtlJV4AaABAg,True,@thearlongpark,All those videos come from channels that are dedicated to spread negative things about china from culture to even food. You don't need to be a genius to figure it out that they have particular agendas rather than telling the truth.,0,True
UgzzZiIRihuxeeGtlJV4AaABAg.9yY3-UT38sr9yZ1SMz7KNp,comment,KLiiOeMU9JQ,UgzzZiIRihuxeeGtlJV4AaABAg,True,@kennyobe,Knowing the facts would help you not look so ignorant.,1,True
UgzzZiIRihuxeeGtlJV4AaABAg.9yY3-UT38sr9yZfhqAOphS,comment,KLiiOeMU9JQ,UgzzZiIRihuxeeGtlJV4AaABAg,True,@fw0756,"It’s all on you tube , maybe Paul can find the issues that they are having , may I suggest you ignorant fools to get on and type “BYD ev fires “ and form a opinion for yourselves.",0,True
UgwX9CO77xX_zLKuu8N4AaABAg,comment,KLiiOeMU9JQ,,False,@iguanagoat799,"The entire bit about high speed capability and efficiency is a bit strange, given a Tesla M3 Performance has a higher top speed and is also more efficient. I think this is just a case of cheaper, less advanced motors and technology.",2,True
UgwX9CO77xX_zLKuu8N4AaABAg.9yY2xnXK7bF9yY79N7fhA7,comment,KLiiOeMU9JQ,UgwX9CO77xX_zLKuu8N4AaABAg,True,@LukeyLuke77,The Seal Performance is also 250kg heavier. It’s not rocket science!,0,True
UgwX9CO77xX_zLKuu8N4AaABAg.9yY2xnXK7bF9yYASjBSufK,comment,KLiiOeMU9JQ,UgwX9CO77xX_zLKuu8N4AaABAg,True,@frankandrews4470,The Tesla M3 performance is also a lot more expensive. Closest comparison on price is M3LR. When you factor that it has a NMC battery and only recommended to be charged to 80% the Seal Performance then beats it not just in performance but in day to day range as well.,2,True
UgwX9CO77xX_zLKuu8N4AaABAg.9yY2xnXK7bF9yYAvuxH9fs,comment,KLiiOeMU9JQ,UgwX9CO77xX_zLKuu8N4AaABAg,True,@ateiviz,"Have to give it to tesla for efficiency, must be down to their motor tech as the MY uses the BYD battery in Europe. The whole top speed 0 to 60 shite makes no difference to anyone who is sensible on the road.",0,True
UgwX9CO77xX_zLKuu8N4AaABAg.9yY2xnXK7bF9yYDjPhhRFv,comment,KLiiOeMU9JQ,UgwX9CO77xX_zLKuu8N4AaABAg,True,@CarExpertAus,"My point was that if this vehicle also had large wheels and other energy sapping features needed for a higher top speed, it'd likely be less efficient again. It's worth keeping in mind the M3P has a lithium ion battery, which is more energy dense. It's also lighter, which helps with efficiency.",5,True
UgwX9CO77xX_zLKuu8N4AaABAg.9yY2xnXK7bF9ybmIzmEsLV,comment,KLiiOeMU9JQ,UgwX9CO77xX_zLKuu8N4AaABAg,True,@Paul-ow9dd,"What about the higher top speed? who cares when we can legally travel up to 110 kph in most areas. 0-100 in 3.8 seconds is also pretty useless unless you're on a track. I'm interested in the performance mainly for the added safety of AWD as a normal driver, but 10k for AWD is getting up there. Certainly don't need the heated steering wheel, (even in Tassie) and the fancy suspension may be useful.",1,True
UgwX9CO77xX_zLKuu8N4AaABAg.9yY2xnXK7bF9ydbVfbvGza,comment,KLiiOeMU9JQ,UgwX9CO77xX_zLKuu8N4AaABAg,True,@iguanagoat799,"@frankandrews4470 Except it doesn't beat a M3 LR in performance, and the range argument is just silly. If you have a long drive - charge the M3LR to 100%. If you don't drive a lot day to day - then charge it to 80%. The only people that make a big deal out of it are those keyboard critics who don't own/drive BEVs and are clueless.",0,True
UgwX9CO77xX_zLKuu8N4AaABAg.9yY2xnXK7bF9ydxOha-a2a,comment,KLiiOeMU9JQ,UgwX9CO77xX_zLKuu8N4AaABAg,True,@frankandrews4470,​@iguanagoat799 have you see the latest drag race between the Seal and M3LR? I suspect not because the Seal beat it off the line and to the 1/4 mile and the Seal was set up incorrectly and would have been faster if auto hold was activated and esc deactivated.,0,True
UgwX9CO77xX_zLKuu8N4AaABAg.9yY2xnXK7bFA--R6WqqvwJ,comment,KLiiOeMU9JQ,UgwX9CO77xX_zLKuu8N4AaABAg,True,@agusedyanto3324,"It seems that the 0-100 speed is more important than the top speed, because speeds above 175 are actually in the dangerous and ""violating"" category.",0,True
UgxXrnMNVELQ-iAOL6N4AaABAg,comment,KLiiOeMU9JQ,,False,@iatsd,You *owned* a Tesla?!?!  There goes any and ALL credibility you ever had.,0,True
UgxXrnMNVELQ-iAOL6N4AaABAg.9yY2B04v-CT9yY2NvU95NM,comment,KLiiOeMU9JQ,UgxXrnMNVELQ-iAOL6N4AaABAg,True,@CarExpertAus,Owned a Model 3. STILL own a Model Y.,3,True
UgxXrnMNVELQ-iAOL6N4AaABAg.9yY2B04v-CT9yY5f7f6kHg,comment,KLiiOeMU9JQ,UgxXrnMNVELQ-iAOL6N4AaABAg,True,@iatsd,"@CarExpertAus So build quality isn't any sort of concern for you?  Nor is overpaying?  You're saying you have no taste *at all*?!

Does explain the skinny jeans and bad haircuts on a guy your age though.   :)  ;)",0,True
UgxXrnMNVELQ-iAOL6N4AaABAg.9yY2B04v-CT9yYANbIjeHq,comment,KLiiOeMU9JQ,UgxXrnMNVELQ-iAOL6N4AaABAg,True,@ateiviz,​@iatsdin my opinion every car reviewer should disclose what car they own/drive. I appreciate that this reviewer managed to keep a very unbiased view throughout the video seeing as this is aimed as a competitor for Tesla. There's no need to attack the lad on a personal level. I'm willing to bet his haircut is much better than your crusty dome 😂,3,True
UgxXrnMNVELQ-iAOL6N4AaABAg.9yY2B04v-CT9yYCdG0yk4n,comment,KLiiOeMU9JQ,UgxXrnMNVELQ-iAOL6N4AaABAg,True,@CarExpertAus,@iatsd Build quality was great on both of ours. Price of both was also great when we bought them (M3P was 4 years ago and Model Y was about a year ago). I bought them primarily for the tech - Tesla is still head and shoulders above the rest when it comes to in-car and connectivity tech.,3,True
UgxXrnMNVELQ-iAOL6N4AaABAg.9yY2B04v-CT9yYHFYU2BlE,comment,KLiiOeMU9JQ,UgxXrnMNVELQ-iAOL6N4AaABAg,True,@iatsd,"@CarExpertAus >>Tesla is still head and shoulders above the rest when it comes to in-car and connectivity tech<<

See, now on that point I have a fundamental disagreement with you.  :)

Cars are transport and about the driving experience.  They are not a tech gadget, and they are *certainly* not a tech gadget that you license from the manufacturer where the manufacturer can disable or enable any and all features they want, when and how they want.

You should *own* your car.  You should be able to do what you want to or with it - within the law, not within whatever the manufacturer says you can.

I object to manufacturers that pull stunts like disabling Disney+ connectiveity *because the owner of Tesla is in the middle of a personal pissing contest with the CEO of Disney*. That sort of behaviour is just fvcking pathetic.

If I bought a car and one factor in my decision was that functionality then why TF should I be subject to the whims of the arsehat running the company to take that away?!

Yes, a trivial example, but you see where I'm going with it: You don't buy a car from Tesla.  You simply pay them to use one and they will do whatever they want after the fact.  You license it.  Like software.  Shite, by their own admission in 2018,  you're the damn beta tester for their car because they can't be fvcked developing them properly in the first place.

But then, maybe I'm just being unreasonable in expecting companies to behave like adults.  Or ethically.

Congratulations on getting the only 2 Teslas that have ever been built well.  Remarkable.  Almost unbelievable.  ;)",0,True
Ugw2VhbdS284FV1Z7Sp4AaABAg,comment,KLiiOeMU9JQ,,False,@simonstone396,"Promoting all these chinese  ev cars is the bgenning of the end of many traditional car makers like gm, ford bmw etc. With the mandates to go electric the car makers are relying on profits from ICEvehicles to fund ev devel op ment with sales falling they will go broke. China are going to monopolize  the industry and eventually own it, then we will be sorry",0,True
Ugw5uw1lke28i61L1KR4AaABAg,comment,KLiiOeMU9JQ,,False,@bign1667,28:15 😂alot of bugs 🐛 died that day 😆,0,True
UgzWy62NqHbLDtvP8Zh4AaABAg,comment,KLiiOeMU9JQ,,False,@tobybridson,"When comparing the BYD Seal to the Tesla Model 3, it's clear that the Seal outshines the competition in terms of its comprehensive and superior driver-supporting features. The days of Tesla's inflated premium pricing solely based on their brand reputation are fading, and consumers are recognizing the value offered by BYD. With its impressive feature set, the BYD Seal has won me over as my next car choice, marking a shift from Tesla in the automotive landscape.",159,True
UgzWy62NqHbLDtvP8Zh4AaABAg.9yY23-WyrYZ9yYGgMNPHNh,comment,KLiiOeMU9JQ,UgzWy62NqHbLDtvP8Zh4AaABAg,True,@69memnon69,Yeah it helps when they have subsidies from the CCP and trade agreements with Australia. In Europe this car costs more than the model 3…,13,True
UgzWy62NqHbLDtvP8Zh4AaABAg.9yY23-WyrYZ9yZ1mMZMJoW,comment,KLiiOeMU9JQ,UgzWy62NqHbLDtvP8Zh4AaABAg,True,@sana-nn7lc,Did you try new model 3?,6,True
UgzWy62NqHbLDtvP8Zh4AaABAg.9yY23-WyrYZ9yZBkNNemjM,comment,KLiiOeMU9JQ,UgzWy62NqHbLDtvP8Zh4AaABAg,True,@babukakaka,​@69memnon69how much subsidies are they getting from ccp?,7,True
UgzWy62NqHbLDtvP8Zh4AaABAg.9yY23-WyrYZ9yZJCeQLo7V,comment,KLiiOeMU9JQ,UgzWy62NqHbLDtvP8Zh4AaABAg,True,@freakybeast5068,"Those premium safety features are horrendously overzealous and loud.

I drove new Tesla then this back to back Tesla is more refined and feels much more premium.",11,True
UgzWy62NqHbLDtvP8Zh4AaABAg.9yY23-WyrYZ9yZTyJYKQcp,comment,KLiiOeMU9JQ,UgzWy62NqHbLDtvP8Zh4AaABAg,True,@mjw25a1,@69memnon69Every car company in the world is subsidized by their government. Seems a rubbish complaint to me. Fairs fair.,29,True
UgzWy62NqHbLDtvP8Zh4AaABAg.9yY23-WyrYZ9yZWoyllymF,comment,KLiiOeMU9JQ,UgzWy62NqHbLDtvP8Zh4AaABAg,True,@vasil7410,"If you want to drive an overpriced and overrated car, try the Polestar 2. I have no idea why reviewers rave about this car. Other than the mental decision to remove the stalks, the model 3 is still a fantastic and comparatively well priced car, especially in Australia. The only difference now is they finally have some serious competition in the Seal.",8,True
UgzWy62NqHbLDtvP8Zh4AaABAg.9yY23-WyrYZ9yZZ5vlm946,comment,KLiiOeMU9JQ,UgzWy62NqHbLDtvP8Zh4AaABAg,True,@mjw25a1,"@vasil7410I think some really like the aesthetics of the Polestar 2. For me its actually the second best looking EV available, after the Seal. That said if the Seal hadn't been released I'd have simply purchased another ICE vehicle right now. The Model 3 on the other hand is kind of bland, and for some reason reminds me of the vibe Toyota gives off. Bland an inoffensive though in no way exciting. I think Paul hit the nail on the head talking about how most auto makers think their EV's need to look revolutionary though for me they're generally hideous compared to their ICE offerings. Why can't they realize many just want a good car, that just happens to be EV? It doesn't have to scream EV. The big advantage for me is how quiet they are, the lower cost of electricity and how smoothly they drive without having pay a luxury price (80k+)",2,True
UgzWy62NqHbLDtvP8Zh4AaABAg.9yY23-WyrYZ9yZZDgeIgyT,comment,KLiiOeMU9JQ,UgzWy62NqHbLDtvP8Zh4AaABAg,True,@shadowmysticranger,CCP bot,6,True
UgzWy62NqHbLDtvP8Zh4AaABAg.9yY23-WyrYZ9yZ_Bcl8CdT,comment,KLiiOeMU9JQ,UgzWy62NqHbLDtvP8Zh4AaABAg,True,@vasil7410,"@mjw25a1 You'll still be paying $80+ for a decent EV in Australia, other than Telsas and now the Seal. Design is a subjective thing, I find the Seal probably the best looking EV available in Australia today, followed by the Model 3. The Polestar 2 is still based on an ICE platform and body and personally I really didn't like it.",7,True
UgzWy62NqHbLDtvP8Zh4AaABAg.9yY23-WyrYZ9yobBNdbPTC,comment,KLiiOeMU9JQ,UgzWy62NqHbLDtvP8Zh4AaABAg,True,@eyeque7,"Byd can't just take the crown from Tesla. Tesla has been around for years, they're tried,  tested and refined. And they're not Chinese, which is fine but Chinese cars are never as refined",1,True
UgzWy62NqHbLDtvP8Zh4AaABAg.9yY23-WyrYZ9yofB8J-69z,comment,KLiiOeMU9JQ,UgzWy62NqHbLDtvP8Zh4AaABAg,True,@vasil7410,"​@eyeque7 Your opinion of modern Chinese cars is wrong, especially EVs. America has been making cars for a hundred years and they are still unrefined. Telsa first made their cars in Fremont, California and they were as rough as guts. The Chinese Tesla factory set the benchmark for quality Tesla builds.",13,True
UgzWy62NqHbLDtvP8Zh4AaABAg.9yY23-WyrYZ9yqBsoHUOvs,comment,KLiiOeMU9JQ,UgzWy62NqHbLDtvP8Zh4AaABAg,True,@Audios81,@mjw25a1rubbish is supporting the useless CCP. Full stop. Even one dollar is too much of a subsidy. You Lefty’s will reap what you sow. Just wait until you have your very own social credit score. Morons.,0,True
UgzWy62NqHbLDtvP8Zh4AaABAg.9yY23-WyrYZ9ywmCkQSv9P,comment,KLiiOeMU9JQ,UgzWy62NqHbLDtvP8Zh4AaABAg,True,@MarsOzzie,​@69memnon69and what car do you drive?,0,True
UgzWy62NqHbLDtvP8Zh4AaABAg.9yY23-WyrYZ9ywmFUWlu3S,comment,KLiiOeMU9JQ,UgzWy62NqHbLDtvP8Zh4AaABAg,True,@MarsOzzie,​@sana-nn7lcfew grand more I would get model 3 highland,1,True
UgzWy62NqHbLDtvP8Zh4AaABAg.9yY23-WyrYZ9z26fNjzyQq,comment,KLiiOeMU9JQ,UgzWy62NqHbLDtvP8Zh4AaABAg,True,@Saj14356,Yes but BYD new model will Tesla still ahead with Tesla charging,1,True
UgzWy62NqHbLDtvP8Zh4AaABAg.9yY23-WyrYZ9zD4kA2QgD2,comment,KLiiOeMU9JQ,UgzWy62NqHbLDtvP8Zh4AaABAg,True,@rockpanda5696,"⁠@eyeque7All Tesla cars which sold in AU market are made in China….They are made by Chinese battery, Chinese electromotor, and Chinese steel. Tesla just pasted the logo on the car. However it’s actually a Chinese car😂",7,True
UgzWy62NqHbLDtvP8Zh4AaABAg.9yY23-WyrYZ9zHc45UgT_s,comment,KLiiOeMU9JQ,UgzWy62NqHbLDtvP8Zh4AaABAg,True,@cybertruck4988,😂😂😂😂😂,2,True
UgzWy62NqHbLDtvP8Zh4AaABAg.9yY23-WyrYZ9zO6zFFLar2,comment,KLiiOeMU9JQ,UgzWy62NqHbLDtvP8Zh4AaABAg,True,@RobloxVideos1234,"​@eyeque7 BYD has genuinely been around longer than Tesla. It came out in 1995 and commenced production. In comparison, Tesla came out and started production in 2008. But, Tesla still cannot figure out how to improve the safety of their batteries. Which may not seem significant to you. But, may to others. Tesla still failed to fix problematic batteries on Tesla's. Have you heard of when a man brought a Tesla model S, and it has a fault in the battery. He brought it to Tesla. They said they couldn't repair it. He blew it up with TNT. In conclusion, thw Tesla offers an amount of luxary, safety and performance. But, the Byd Seal just offers more for a more affordable price.",4,True
UgzWy62NqHbLDtvP8Zh4AaABAg.9yY23-WyrYZ9zTL5SoIUOz,comment,KLiiOeMU9JQ,UgzWy62NqHbLDtvP8Zh4AaABAg,True,@esphilee,"@69memnon69 we are talking about car, you are talking about China.",2,True
UgzWy62NqHbLDtvP8Zh4AaABAg.9yY23-WyrYZ9z_Prz6o2FR,comment,KLiiOeMU9JQ,UgzWy62NqHbLDtvP8Zh4AaABAg,True,@tobybridson,"@djdelarosa25​​⁠ why do people have to find fault and mock? Is life that shallow and meaningless this is what you do to feel good about yourself? I can only assume yes, it’s just sad.",6,True
UgzWy62NqHbLDtvP8Zh4AaABAg.9yY23-WyrYZ9zcEa37iynb,comment,KLiiOeMU9JQ,UgzWy62NqHbLDtvP8Zh4AaABAg,True,@djdelarosa25,@tobybridson Welcome to the internet,1,True
UgzWy62NqHbLDtvP8Zh4AaABAg.9yY23-WyrYZ9zrfcxorSya,comment,KLiiOeMU9JQ,UgzWy62NqHbLDtvP8Zh4AaABAg,True,@Y___a__o_,特斯拉很多也是在中国生产的 就算不是 很多零部件也是中国生产的😊​@eyeque7,0,True
UgzWy62NqHbLDtvP8Zh4AaABAg.9yY23-WyrYZ9zrfk83v44d,comment,KLiiOeMU9JQ,UgzWy62NqHbLDtvP8Zh4AaABAg,True,@Y___a__o_,​@sana-nn7lc😊新的特斯拉？ 有什么区别吗 改进了方便操作实体按键和转向拨杆吗？,1,True
UgzWy62NqHbLDtvP8Zh4AaABAg.9yY23-WyrYZA-95dgefgdK,comment,KLiiOeMU9JQ,UgzWy62NqHbLDtvP8Zh4AaABAg,True,@ghostighosti9443,"Dont think Australia is ready for evs,  not enough infrastructure especially in country areas",1,True
UgzWy62NqHbLDtvP8Zh4AaABAg.9yY23-WyrYZA-96nJWwEWX,comment,KLiiOeMU9JQ,UgzWy62NqHbLDtvP8Zh4AaABAg,True,@ghostighosti9443,"@paulsimpson8990  the wife is entertaining the idea as she test drove the BYD and loved it, but told her to wait another year or so to see where the infrastructure leads too especially in country areas where she does alot of driving for work.",0,True
UgzWy62NqHbLDtvP8Zh4AaABAg.9yY23-WyrYZA-TPcuHTOFl,comment,KLiiOeMU9JQ,UgzWy62NqHbLDtvP8Zh4AaABAg,True,@kennedy6618,​@babukakakaAs much you get from the US propaganda agency!,1,True
UgzWy62NqHbLDtvP8Zh4AaABAg.9yY23-WyrYZA-TQRqgo-sN,comment,KLiiOeMU9JQ,UgzWy62NqHbLDtvP8Zh4AaABAg,True,@kennedy6618,"​@eyeque7
95% of the Tesla parts are made in China.
50% of the Tesla are produced in China.
Do some research before let your tongue lose!",0,True
UgzWy62NqHbLDtvP8Zh4AaABAg.9yY23-WyrYZA0qTUcQdyu_,comment,KLiiOeMU9JQ,UgzWy62NqHbLDtvP8Zh4AaABAg,True,@hongkongchina2048,@shadowmysticrangerare you saying to all good BYD reviews including this one too?  You truly know how to embarrass yourself and the others alike (all likes) ! 😂,1,True
UgzWy62NqHbLDtvP8Zh4AaABAg.9yY23-WyrYZA0wzqE2zGDc,comment,KLiiOeMU9JQ,UgzWy62NqHbLDtvP8Zh4AaABAg,True,@kuldeuec,"Chinese were always superior than the west, glad you know the better and superior tech only comes from China. Thanks for supporting China my friend",0,True
UgzWy62NqHbLDtvP8Zh4AaABAg.9yY23-WyrYZA14yk9Ow9e6,comment,KLiiOeMU9JQ,UgzWy62NqHbLDtvP8Zh4AaABAg,True,@cwd5736,"​@freakybeast5068  If U think Tesla is a refine car, then why I found YouTube video having Model 3 on 3 hrs of Electrical fire when parking outdoor? It a American brand EV, Clearly they didn't  have safety test on Tesla battery and still sold it to American.",1,True
UgzWy62NqHbLDtvP8Zh4AaABAg.9yY23-WyrYZA15yrZeHYiw,comment,KLiiOeMU9JQ,UgzWy62NqHbLDtvP8Zh4AaABAg,True,@tobybridson9872,@cwd5736 Don't understand what you are saying - Maybe write in clearer English.,1,True
UgzWy62NqHbLDtvP8Zh4AaABAg.9yY23-WyrYZA1TvwYInhmD,comment,KLiiOeMU9JQ,UgzWy62NqHbLDtvP8Zh4AaABAg,True,@kuldeuec,"@cwd5736 you’re an idiot model y is the most selling in the world, how many did you see on fire 🔥",0,True
UgzWy62NqHbLDtvP8Zh4AaABAg.9yY23-WyrYZA3y4dJeqeBU,comment,KLiiOeMU9JQ,UgzWy62NqHbLDtvP8Zh4AaABAg,True,@OhNoItsMini,@deleted.6743 ???? how is it overpriced?,1,True
UgzWy62NqHbLDtvP8Zh4AaABAg.9yY23-WyrYZA9UEITlQWCe,comment,KLiiOeMU9JQ,UgzWy62NqHbLDtvP8Zh4AaABAg,True,@debntonyful,"ive been in both the tesla to me seems out dated once youve been in the latest byd , i love the byd plenty of leg room",0,True
UgzWy62NqHbLDtvP8Zh4AaABAg.9yY23-WyrYZAEnH2F5ktPg,comment,KLiiOeMU9JQ,UgzWy62NqHbLDtvP8Zh4AaABAg,True,@kmah1974,"⁠@eyeque7BYD having making cars a lot longer than you assume. And Tesla actually buy components from BYD. And last year they outsold Tesla, so yes they can and did take the crown.",0,True
UgxBijuvTmf27ecPudB4AaABAg,comment,KLiiOeMU9JQ,,False,@kira4434,"Finally, expecting BYD to bring more models to Aus.",16,True
UgxBijuvTmf27ecPudB4AaABAg.9yY1hgxotdG9yjUHSsfHwI,comment,KLiiOeMU9JQ,UgxBijuvTmf27ecPudB4AaABAg,True,@freddybi4062,"I am thinking to import a BYD seal from Aus to NZ. 😁, cuz it is about $7000 more expensive in nz",1,True
UgysYfk5Tzs9Vsbc0pB4AaABAg,comment,KLiiOeMU9JQ,,False,@zanesmith666,"looks great, but whats with all the flies? jeez lol",0,True
UgysYfk5Tzs9Vsbc0pB4AaABAg.9yY1D4rf-SX9yg20Qmjw2B,comment,KLiiOeMU9JQ,UgysYfk5Tzs9Vsbc0pB4AaABAg,True,@F3zkin,"Chinese spy drones, comes with the car",0,True
Ugw4jVLRuPExm14wFy94AaABAg,comment,KLiiOeMU9JQ,,False,@grandandroid6283,Really impressive numbers.,0,True
UgxR5SxAaB4uwgR8QIZ4AaABAg,comment,KLiiOeMU9JQ,,False,@EcoHouseThailand,"Own a Seal AWD Performance for a couple of months, love driving it so much. It handles and performs amazingly well, but still with comfort and refinement. I have the V2L hooked up to my solar system to provide backup power to the house- videos on my channel for the doubters",95,True
UgxR5SxAaB4uwgR8QIZ4AaABAg.9yY0oES0o6tA0bT3k7esex,comment,KLiiOeMU9JQ,UgxR5SxAaB4uwgR8QIZ4AaABAg,True,@MHWib-v7x,"I am planning to buy BYD Seal. I read an article from UK saying that when the car is passing rough surface road the driver can feel quite strong vibration on the steering wheel. Is that really the case, please kindly share your experience on this matter.",0,True
UgxR5SxAaB4uwgR8QIZ4AaABAg.9yY0oES0o6tA0bxka3qFH0,comment,KLiiOeMU9JQ,UgxR5SxAaB4uwgR8QIZ4AaABAg,True,@EcoHouseThailand,@MHWib-v7xroads aren’t great here in Thailand and I’ve never experienced that,1,True
UgxR5SxAaB4uwgR8QIZ4AaABAg.9yY0oES0o6tABZj9OTVRFG,comment,KLiiOeMU9JQ,UgxR5SxAaB4uwgR8QIZ4AaABAg,True,@ME-CFS-LongCovid-Help,Did it come with Brembo brakes? The AWD model,1,True
UgxR5SxAaB4uwgR8QIZ4AaABAg.9yY0oES0o6tACQ4eKHtI6G,comment,KLiiOeMU9JQ,UgxR5SxAaB4uwgR8QIZ4AaABAg,True,@braydonwen3852,How is the actual range km?,0,True
UgyCDSpnTsZVyFEyvWd4AaABAg,comment,KLiiOeMU9JQ,,False,@rof8200,The battery should last a long time compared to other evs,0,True
UgzBCnN5Xknv432KluJ4AaABAg,comment,KLiiOeMU9JQ,,False,@Tim12-g7c,"Paul in regards to small space bar , I don't think cars let you type when driving ,mine doesn't  voice commands only and if it does let you type its a bad unsafe design.",0,True
UgzBCnN5Xknv432KluJ4AaABAg.9yY-qIPI7PF9zX0yJHS86D,comment,KLiiOeMU9JQ,UgzBCnN5Xknv432KluJ4AaABAg,True,@tatianagelfer3603,Why restrict? What if I have a passenger who is typing?  The voice recognition is terrible and almost never functions right for me,0,True
UgzBCnN5Xknv432KluJ4AaABAg.9yY-qIPI7PF9zXE0mUkv5n,comment,KLiiOeMU9JQ,UgzBCnN5Xknv432KluJ4AaABAg,True,@Tim12-g7c,​@tatianagelfer3603  passenger can use your phone to type😊,0,True
UgyVmJmQyc6WjnMnUBJ4AaABAg,comment,KLiiOeMU9JQ,,False,@JBrezicPhotography,"Come summer, you can either charge your car overnight or sleep with the ac on. Not both. Rip the power grid 😂",1,True
UgyVmJmQyc6WjnMnUBJ4AaABAg.9yY-NJj0OVB9yY4R6W0WGn,comment,KLiiOeMU9JQ,UgyVmJmQyc6WjnMnUBJ4AaABAg,True,@lennorris4544,A 10amp 'granny charger' pulls at best 2400 watts....so a kettle. Grid will be fine overnight,0,True
UgyVmJmQyc6WjnMnUBJ4AaABAg.9yY-NJj0OVB9yY5SpjwUzx,comment,KLiiOeMU9JQ,UgyVmJmQyc6WjnMnUBJ4AaABAg,True,@JBrezicPhotography,"@lennorris4544  2.4kw? I'm pretty sure these cars charge at 7kw, not 2.4kw.",0,True
UgyVmJmQyc6WjnMnUBJ4AaABAg.9yY-NJj0OVB9yY8FAbJVk2,comment,KLiiOeMU9JQ,UgyVmJmQyc6WjnMnUBJ4AaABAg,True,@omarkhalifa8776,Most wall chargers and apps will allow you to specify charge rate and timing to allow flexibility.,0,True
UgyVmJmQyc6WjnMnUBJ4AaABAg.9yY-NJj0OVB9yblsCiKubv,comment,KLiiOeMU9JQ,UgyVmJmQyc6WjnMnUBJ4AaABAg,True,@Paul-ow9dd,@JBrezicPhotography Only if you purchase a 7kw wall charger such as a ZBENY. Len Norris was referring to the granny charger that comes with the vehicle. BYD supply these. No many other EV manufacturers do. You also get the V2L extension as well another useful gadget setting BYD apart from many.,1,True
UgxVB90F1_C5qHAxEDt4AaABAg,comment,KLiiOeMU9JQ,,False,@hueyk.9541,No animals were harmed during the production… except for some unfortunate bugs (on the bonnet) 🪰🪰🪰,2,True
UgxVB90F1_C5qHAxEDt4AaABAg.9yY-IeLBYSY9yY-eYzMdEq,comment,KLiiOeMU9JQ,UgxVB90F1_C5qHAxEDt4AaABAg,True,@CarExpertAus,RIP.,1,True
UgxQ8ZMds68ktXKmQtl4AaABAg,comment,KLiiOeMU9JQ,,False,@jimj2683,Car reviewers like to complain about rear windows not going all the way down. The only cars that go all the way down are split so that a smaller portion of the glass actually moves. It also leaves a much bigger pillar splitting the two glass pieces. Personally I would rather have windows that look good with no shut-lines. The rear windows are almost never opened anyway.,2,True
UgyRwQJBRUZgGlXvGz14AaABAg,comment,KLiiOeMU9JQ,,False,@takhochan4247,Yeah...flies are annoying 😂😂😂 good video btw! Pretty impressive EV I must say.,3,True
UgyRwQJBRUZgGlXvGz14AaABAg.9yXzT7raZ689yY-hYyKOZ9,comment,KLiiOeMU9JQ,UgyRwQJBRUZgGlXvGz14AaABAg,True,@CarExpertAus,They’re so annoying!,0,True
Ugy1jMguo1O8GPJ2ARZ4AaABAg,comment,KLiiOeMU9JQ,,False,@deserialized,Question about suspension. I did also get a bumpy feeling on bad roads while testing the AWD. I am no expert in this area - I just experienced it was more bounce than M3. Do you recommend do replace to a stiffer suspension or do you think current setup is best all-round solution?,4,True
Ugy1jMguo1O8GPJ2ARZ4AaABAg.9yXz3rCavJn9yYB6juuO9O,comment,KLiiOeMU9JQ,Ugy1jMguo1O8GPJ2ARZ4AaABAg,True,@Kevin-ud2bk,"From other reviews I watched, the current suspension of Seal is good enough for daily commutes. However, one slight issue is that the rear suffers extra bounce when going through bumps or potholes due to suspension tuning. If you always have someone sitting on the second row, a stiffer suspension on the rear might be better.",3,True
Ugy1jMguo1O8GPJ2ARZ4AaABAg.9yXz3rCavJn9yYHNk-GcZ_,comment,KLiiOeMU9JQ,Ugy1jMguo1O8GPJ2ARZ4AaABAg,True,@mvnorsel6354,You are the first non expert on you- tube. Congratulations😅.,5,True
Ugy1jMguo1O8GPJ2ARZ4AaABAg.9yXz3rCavJn9yi-X2ZzXqX,comment,KLiiOeMU9JQ,Ugy1jMguo1O8GPJ2ARZ4AaABAg,True,@prelude3007,its active suspension. perhaps you should check setting and tyre pressure first,0,True
Ugy1jMguo1O8GPJ2ARZ4AaABAg.9yXz3rCavJn9ylNrWHNFJv,comment,KLiiOeMU9JQ,Ugy1jMguo1O8GPJ2ARZ4AaABAg,True,@GeoffTosio,"It does bounce a little but it’s comfortable so I guess it depends on what you want to do with the car, I like the current setup but if you’re wanting to race around a track then do some upgrades",0,True
Ugy1jMguo1O8GPJ2ARZ4AaABAg.9yXz3rCavJn9ym6Kj1EUQv,comment,KLiiOeMU9JQ,Ugy1jMguo1O8GPJ2ARZ4AaABAg,True,@deserialized,@GeoffTosio I have decided to replace the suspension to ATG Shock. It is a common procedure in Thailand where the Seal is popular. It will be comfortable but smoothen out the bounce better.,0,True
Ugy1jMguo1O8GPJ2ARZ4AaABAg.9yXz3rCavJnA0EgbXHlyPM,comment,KLiiOeMU9JQ,Ugy1jMguo1O8GPJ2ARZ4AaABAg,True,@CThienV,Does the active suspension have adjustable modes?,0,True
Ugy1jMguo1O8GPJ2ARZ4AaABAg.9yXz3rCavJnA0Eh6QAx-qF,comment,KLiiOeMU9JQ,Ugy1jMguo1O8GPJ2ARZ4AaABAg,True,@deserialized,"@CThienV no, it is semi-active. AGT Shock have 16 manual modes dock (adjust physically by ring).",0,True
Ugxb1P6BQgYaB__ZPKJ4AaABAg,comment,KLiiOeMU9JQ,,False,@AtimusLOL,Makes me happy I saw Cisco Webex on the apple carplay.,0,True
UgxjiAXLIdHudd6NeUR4AaABAg,comment,KLiiOeMU9JQ,,False,@danielwutfisho,looks like an awesome car for the price,2,True
Ugxtooll0etvHqmYwTZ4AaABAg,comment,KLiiOeMU9JQ,,False,@cromulentparty,terrible driver aids is a deal breaker,0,True
UgxU3VFHLW8fgWsHljt4AaABAg,comment,KLiiOeMU9JQ,,False,@kennyobe,Thanks Paul for your very balanced review. I have ordered the Premium. We also have an Atto3 which has proven to be a very reliable and efficient vehicle. Cost less than $7 to charge to full from our solar system. I’m sure BYD will adjust all the ADAS stuff but in the meantime just turn it off. In fact I think I read that this is already happening. I like the lack of the Tesla style one pedal strong regeneration. BYD does the same thing in a softer way. BYD is going to put the cat among the pigeons with the German overpriced and compromised   EV’s.,102,True
UgxU3VFHLW8fgWsHljt4AaABAg.9yXyNVyrRIP9yYWO6Muzph,comment,KLiiOeMU9JQ,UgxU3VFHLW8fgWsHljt4AaABAg,True,@vasil7410,"I hope they do sort out the ADAS stuff because I just bought the Seal Performance and the lane keeping assist in particular is very bad. But the fundamentals of the car are very good, so it's just a matter of BYD having the motivation to improve the software.  BTW, I have the previous Model 3 as a second EV and didn't think the Highland was worth changing over to.",5,True
UgxU3VFHLW8fgWsHljt4AaABAg.9yXyNVyrRIP9yYzOSiw7Bo,comment,KLiiOeMU9JQ,UgxU3VFHLW8fgWsHljt4AaABAg,True,@kennyobe,@vasil7410 I was so close to ordering the M3h but glad I didn’t now!,4,True
UgxU3VFHLW8fgWsHljt4AaABAg.9yXyNVyrRIP9ye0TgBNcKE,comment,KLiiOeMU9JQ,UgxU3VFHLW8fgWsHljt4AaABAg,True,@User-cb4jm,"@vasil7410agreed, it’s a shame bc the hard part of engineering the dynamics and quality of a car like this has all been executed well, then they tack on a poorly calibrated ADAS system. If only it allowed us to shut it off permanently.",3,True
UgxU3VFHLW8fgWsHljt4AaABAg.9yXyNVyrRIP9ye5ZsxNvXt,comment,KLiiOeMU9JQ,UgxU3VFHLW8fgWsHljt4AaABAg,True,@vasil7410,"​@User-cb4jm I'll be compiling a list of things I think they need to improve after a month of ownership, then send it through to BYD. God knows if they'll pay any attention me but if they expect to occupy the higher end of market then they are going to encounter far more demanding owners. Tesla has spoilt us with the frequent improvements they offer via OTA updates but this is now the industry standard all other car makers will have to step up to.",2,True
UgxU3VFHLW8fgWsHljt4AaABAg.9yXyNVyrRIP9yiLZzR4eu5,comment,KLiiOeMU9JQ,UgxU3VFHLW8fgWsHljt4AaABAg,True,@arminius6506,​@User-cb4jm Chinese automakers are very responsive to customer complaints (specially in the international market) and considering Australia is there test bed market they'd respond to you if you launch a property complain,4,True
UgxU3VFHLW8fgWsHljt4AaABAg.9yXyNVyrRIP9zn3ayYhJry,comment,KLiiOeMU9JQ,UgxU3VFHLW8fgWsHljt4AaABAg,True,@jayjohnson-t2y,BYD are amazing cars for price can't complain. They will gain more popularity over years as it grows.,3,True
UgxU3VFHLW8fgWsHljt4AaABAg.9yXyNVyrRIPA5VsBeZI2-L,comment,KLiiOeMU9JQ,UgxU3VFHLW8fgWsHljt4AaABAg,True,@orion_033,I drove a premium seal today and was blown away by the quality of drive and quality of the car. Fool me this wasn't an electric 3 series,1,True
UgywapO1_suBkPBqiLV4AaABAg,comment,KLiiOeMU9JQ,,False,@jordanryan673,John cadogan podcast 😆😆😆😆,2,True
UgzViDLPgAriOZlwkz94AaABAg,comment,KLiiOeMU9JQ,,False,@hellothere4342,I actually drove this for a couple of weeks in Thailand. My Aunty was kind enough to lend it to us while we travel holiday. It's certainly an impressive car and is certainly built better than my Model S but I'd expected that being a newer build. I'd pick this over Model 3 simply because it has more physical controls. Biggest issue i had with it was the safety tech which was very intrusive also it was far cheaper than Model 3 but that could be because of the trade agreements with China.,38,True
UgzViDLPgAriOZlwkz94AaABAg.9yXxVsk46pc9yYFpdY-r_l,comment,KLiiOeMU9JQ,UgzViDLPgAriOZlwkz94AaABAg,True,@jiehunter,I think it has nothing to do with trade agreements with China as those Tesla vehicles exported to Thai should also be manufactured in China.,0,True
UgzViDLPgAriOZlwkz94AaABAg.9yXxVsk46pc9yYJLiaSvoh,comment,KLiiOeMU9JQ,UgzViDLPgAriOZlwkz94AaABAg,True,@MainAutoOne,"It's a normal price , because in China the BYD Seal is cheaper than the Tesla Model 3",0,True
UgzViDLPgAriOZlwkz94AaABAg.9yXxVsk46pc9yYJzSQsDw8,comment,KLiiOeMU9JQ,UgzViDLPgAriOZlwkz94AaABAg,True,@kira4434,Tesla is also made in china.,1,True
UgzViDLPgAriOZlwkz94AaABAg.9yXxVsk46pc9yYxyBw9gfM,comment,KLiiOeMU9JQ,UgzViDLPgAriOZlwkz94AaABAg,True,@hellothere4342,"@kira4434  that reminds me that you've mentioned the Tesla was also built in China. While I was in the States earlier this year. I've hire a Model S through Toro and the build quality,fit and finish was a disaster. It's anecdotal obviously but the Chinese built Tesla are actually better than the US built cars. There's probably better EV than Tesla but I've never seen a more dedicated fan base than Tesla so they'll be fine.",3,True
UgzViDLPgAriOZlwkz94AaABAg.9yXxVsk46pcA0cY7NGLduQ,comment,KLiiOeMU9JQ,UgzViDLPgAriOZlwkz94AaABAg,True,@MHWib-v7x,"@hellothere4342 I am planning to buy BYD Seal. I read an article from UK saying that when the car is passing rough surface road the driver can feel quite strong vibration on the steering wheel. Is that really the case, please kindly share your experience on this matter.",0,True
UgzViDLPgAriOZlwkz94AaABAg.9yXxVsk46pcA0cxakD2oVi,comment,KLiiOeMU9JQ,UgzViDLPgAriOZlwkz94AaABAg,True,@hellothere4342,@MHWibi  it did absolutely nothing out of the ordinary. It drove like every other normal car and this was through the province of Sisaket where the rural roads can be quite rough and unsealed. Nothing was rattling or coming loose. The lane keep assist and the bonging is pretty annoying though.,0,True
Ugx6zBqsT021yU2aSjh4AaABAg,comment,KLiiOeMU9JQ,,False,@OlyMar83,"0-100km in 
First try: 3.92 seconds
Second try: 3.92 seconds",1,True
Ugw4o1TKWgCVp_R-YWV4AaABAg,comment,KLiiOeMU9JQ,,False,@FixedAU,"I would like one, but want to wait for the SUV version for the additional boot space.",0,True
Ugw4o1TKWgCVp_R-YWV4AaABAg.9yXwdWGL9Gw9zvC3NlsPWW,comment,KLiiOeMU9JQ,Ugw4o1TKWgCVp_R-YWV4AaABAg,True,@agusedyanto3324,The SUV from byd is the atto 3,0,True
Ugw4o1TKWgCVp_R-YWV4AaABAg.9yXwdWGL9GwA0mMC0ReM-q,comment,KLiiOeMU9JQ,Ugw4o1TKWgCVp_R-YWV4AaABAg,True,@xXSinForLifeXx,​@agusedyanto3324Hes talking about the Seal U which is the SUV version of this car.,0,True
UgxJVuTMzLYhDXNA_2N4AaABAg,comment,KLiiOeMU9JQ,,False,@essendon72,I'm keen to see how the other other two variants look/perform now.,2,True
UgyIkNDy8PuYCvVmTk54AaABAg,comment,KLiiOeMU9JQ,,False,@brucerenney1371,you would think Tesla would know better,0,True
UgyLzOfIGhsB255bZ0x4AaABAg,comment,KLiiOeMU9JQ,,False,@SuperSymbol,BYD is such a premium and luxury car! From inside it doesn’t even feel like electric cars.,8,True
UgyLzOfIGhsB255bZ0x4AaABAg.9yXw4Fmokk99yxQTOuXXSV,comment,KLiiOeMU9JQ,UgyLzOfIGhsB255bZ0x4AaABAg,True,@jeremytine,Not really. Mercedes is way better interior,0,True
UgyLzOfIGhsB255bZ0x4AaABAg.9yXw4Fmokk9A3y62nFXTOq,comment,KLiiOeMU9JQ,UgyLzOfIGhsB255bZ0x4AaABAg,True,@OhNoItsMini,@jeremytine what mercedes ev can you get that goes under 4 seconds to 100 for 70k?,0,True
UgyLzOfIGhsB255bZ0x4AaABAg.9yXw4Fmokk9A3yEBPYLfdR,comment,KLiiOeMU9JQ,UgyLzOfIGhsB255bZ0x4AaABAg,True,@jeremytine,"@OhNoItsMini who cares? topic was interior quality, not speed. Learn 2 read. If you want speed above all, go get a McMurtry Speirling. It'll do 0-60  in 1.4 seconds and corners better than a Formula-1.

Also, since you asked, Mercedes-AMG EQE SUV 3.1 seconds,  Mercedes-AMG EQS 3.0 seconds, Mercedes-AMG EQE53 2.8 seconds",0,True
UgzY0boI2wZfF1FAH5V4AaABAg,comment,KLiiOeMU9JQ,,False,@steveny9972,"lol Welcome to Summer in Australia, where you welcome a lot of flies",0,True
Ugwz7eCD01Um_VdDmNJ4AaABAg,comment,KLiiOeMU9JQ,,False,@LukeyLuke77,"Great comprehensive review and much more inline with the global reviews from people who actually have a clue what they’re talking about and without bias like a lot of the other Aussie reviews seem to be.

I’ve had my Seal Performance for 2wks now and agree with just about every part of your review so thank you for releasing a balanced and unbiased review. It’s genuinely an amazing car to drive in all aspects.",133,True
Ugwz7eCD01Um_VdDmNJ4AaABAg.9yXvJW6nKtr9yXwYN5GMSC,comment,KLiiOeMU9JQ,Ugwz7eCD01Um_VdDmNJ4AaABAg,True,@ev0wat,"Inline with the fake reviews made from Chinese? 🤦‍♂️ If you did any research and had commonsense you’ll find Chinese manufacturers have the lowest quality control. I saw a BYD Liverpool mall in a Sydney last week and it looked cheap and the door handle had broken off even. There’s numerous online complaints and videos of these cars rusting prematurely and catching fire overseas.
Each to their own, my standards are higher and I’d never cheap out on a china car with no resale value and be a lab rat.",0,True
Ugwz7eCD01Um_VdDmNJ4AaABAg.9yXvJW6nKtr9yY0Dl85fGW,comment,KLiiOeMU9JQ,Ugwz7eCD01Um_VdDmNJ4AaABAg,True,@CarExpertAus,Thanks for watching!,10,True
Ugwz7eCD01Um_VdDmNJ4AaABAg.9yXvJW6nKtr9yY64rGU3cv,comment,KLiiOeMU9JQ,Ugwz7eCD01Um_VdDmNJ4AaABAg,True,@LukeyLuke77,@CarExpertAus thank you for always being impartial in your reviews!,3,True
Ugwz7eCD01Um_VdDmNJ4AaABAg.9yXvJW6nKtr9yY9mwH5nxw,comment,KLiiOeMU9JQ,Ugwz7eCD01Um_VdDmNJ4AaABAg,True,@tyzon00800,Have you had a thermal run a way yet ?,2,True
Ugwz7eCD01Um_VdDmNJ4AaABAg.9yXvJW6nKtr9yYBIj0DGl9,comment,KLiiOeMU9JQ,Ugwz7eCD01Um_VdDmNJ4AaABAg,True,@LukeyLuke77,@tyzon00800at least do some research on the Blade battery - lithium iron-phosphate (LFP) and you might get your answer on thermal runaway in relation to this particular battery.,0,True
Ugwz7eCD01Um_VdDmNJ4AaABAg.9yXvJW6nKtr9yZu6FMaFie,comment,KLiiOeMU9JQ,Ugwz7eCD01Um_VdDmNJ4AaABAg,True,@sammaimas155,That's more likely in a tesla Long Range or Performance model which uses the NCM chemistry. BYD only uses the LiFePO4 technology with their range of vehicles which is substantially safer @tyzon00800,0,True
Ugwz7eCD01Um_VdDmNJ4AaABAg.9yXvJW6nKtr9zpJLBwbHKW,comment,KLiiOeMU9JQ,Ugwz7eCD01Um_VdDmNJ4AaABAg,True,@MKu64,"It's always good to be unbiased.. but when you own a car (or anything) it's easy to think of criticisms as being 'biased'.   I'm sure you're super 'unbiased' now that you own it / paid your money for it 😂

For me... the acceleration of EVs although extreme, doesn't make up for the feel of driving a performance car (and especially misses out on the feel of a manual).  At some point maybe something will arrive.. but for now, EVs are extremely boring to drive for me.",3,True
Ugwz7eCD01Um_VdDmNJ4AaABAg.9yXvJW6nKtrA0bSo8iHXpe,comment,KLiiOeMU9JQ,Ugwz7eCD01Um_VdDmNJ4AaABAg,True,@MHWib-v7x,"​@LukeyLuke77I am planning to buy BYD Seal. I read an article from UK saying that when the car is passing rough surface road the driver can feel quite strong vibration on the steering wheel. Is that really the case, please kindly share your experience on this matter.",0,True
Ugwz7eCD01Um_VdDmNJ4AaABAg.9yXvJW6nKtrA0c9KT6dJT5,comment,KLiiOeMU9JQ,Ugwz7eCD01Um_VdDmNJ4AaABAg,True,@LukeyLuke77,@MHWib-v7xI’ve never experienced this in my 3mths and 4000kms of owning the Seal. There is some road noise from the pretty average tyres on coarse roads but no vibration.,1,True
Ugwz7eCD01Um_VdDmNJ4AaABAg.9yXvJW6nKtrA0cASmMV5EO,comment,KLiiOeMU9JQ,Ugwz7eCD01Um_VdDmNJ4AaABAg,True,@MHWib-v7x,@LukeyLuke77 thank you for your response 🙏,1,True
Ugy8805gUDxBsHzTlbh4AaABAg,comment,KLiiOeMU9JQ,,False,@rodsevler,"Very good review. Exterior design much better than M3. Interior very premium, very true. Build quality is great. Cameras are very clear",3,True
UgyEORnstPc49BJpRWB4AaABAg,comment,KLiiOeMU9JQ,,False,@mysgd02,Great looking product but EV no thankyou.,0,True
UgwvMdbe2N3XqRFzss14AaABAg,comment,KLiiOeMU9JQ,,False,@therealjeffg,Great review thanks Paul.  Can you get the entry level model to review and/or the mid level model that is about the same price as the entry level tesla model 3?,2,True
UgwvMdbe2N3XqRFzss14AaABAg.9yXurVpgDvK9yY0Ihgttt-,comment,KLiiOeMU9JQ,UgwvMdbe2N3XqRFzss14AaABAg,True,@CarExpertAus,Yep will try the base model next.,0,True
UgwvMdbe2N3XqRFzss14AaABAg.9yXurVpgDvK9yY4ist8hD1,comment,KLiiOeMU9JQ,UgwvMdbe2N3XqRFzss14AaABAg,True,@stevenleonards4843,"​@CarExpertAus next when?
Tomorrow?",0,True
UgwvMdbe2N3XqRFzss14AaABAg.9yXurVpgDvK9yYCJgY3Hvp,comment,KLiiOeMU9JQ,UgwvMdbe2N3XqRFzss14AaABAg,True,@CarExpertAus,@stevenleonards4843 In the next couple of months.,0,True
UgwvMdbe2N3XqRFzss14AaABAg.9yXurVpgDvK9ybiRRNdU99,comment,KLiiOeMU9JQ,UgwvMdbe2N3XqRFzss14AaABAg,True,@Paul-ow9dd,In Tassie the entry m3 Highland is ~4k more driveaway than the Seal Premium.,0,True
UgwANJst8tpheMgxI814AaABAg,comment,KLiiOeMU9JQ,,False,@paultyler7535,Looks like it comes with free interior insects 🦟 👍🏻,0,True
Ugy-Zif3_0eFYs2t6hl4AaABAg,comment,KLiiOeMU9JQ,,False,@patricksmith1626,Don't buy this car! Buying this car is supporting the Chinese Communist Party.,0,True
UgwxVg3hLdCWrlYA0Zx4AaABAg,comment,KLiiOeMU9JQ,,False,@buncha5651,Not much market for sedans in Australia. A big boys slot car they can keep their impractical EV crap.,0,True
Ugz-oJ4RHi7pe_02SkJ4AaABAg,comment,KLiiOeMU9JQ,,False,@daweigo6851,"Every time paul slams any car door,  i get a add😅😅😅",2,True
Ugz-oJ4RHi7pe_02SkJ4AaABAg.9yXubTn2r_N9yY0KVbu3fx,comment,KLiiOeMU9JQ,Ugz-oJ4RHi7pe_02SkJ4AaABAg,True,@CarExpertAus,😂,0,True
UgyhbGrH8rGfjtqXOwd4AaABAg,comment,KLiiOeMU9JQ,,False,@oooobbbb4541,"Congratulations on 400k subscribers. Great review, have one of these on order",15,True
UgyhbGrH8rGfjtqXOwd4AaABAg.9yXuT0AIsaV9yY0MAMizEW,comment,KLiiOeMU9JQ,UgyhbGrH8rGfjtqXOwd4AaABAg,True,@CarExpertAus,Thanks! Hope you enjoy it once it arrives 😁,2,True
UgxsScK486RVwHURIl14AaABAg,comment,KLiiOeMU9JQ,,False,@MM-mo9hn,correction is 7kw AC charging. 14:35,0,True
UgxsScK486RVwHURIl14AaABAg.9yXuFa_H9TF9yY004US3IZ,comment,KLiiOeMU9JQ,UgxsScK486RVwHURIl14AaABAg,True,@Oosh21,7kW is single phase limit. It'll do 11kW on a 3-phase.,1,True
UgxsScK486RVwHURIl14AaABAg.9yXuFa_H9TF9yYMbz7qR4J,comment,KLiiOeMU9JQ,UgxsScK486RVwHURIl14AaABAg,True,@MM-mo9hn,i don't believe it will. @Oosh21 only the euro models.,0,True
UgwgIaI5eJlucK244Yp4AaABAg,comment,KLiiOeMU9JQ,,False,@Universallife1213,Tesla sheeple unhappy.,3,True
Ugyn5Aume9wZaLQ9qod4AaABAg,comment,KLiiOeMU9JQ,,False,@gigaboat,Coal is used to build and power the fake green machine,0,True
UgyLhfudqPptoWJSbY14AaABAg,comment,KLiiOeMU9JQ,,False,@CobusDerrenberg,"Great review as always 👍👌✨
Just HATE EV's all round 😵
Looking forward to ""REAL car"" reviews 😎👌✨",1,True
UgzV6UEHcVQ66WqA-aJ4AaABAg,comment,KLiiOeMU9JQ,,False,@Mark_Young05,Just a question on the AC charging. Are you sure it’s 11 kW(14:47) the specs on their website say 7kW AC? Which lines up with a NZ review I recently watched,1,True
UgzV6UEHcVQ66WqA-aJ4AaABAg.9yXtgbQ37Zp9yXvM8HqhG-,comment,KLiiOeMU9JQ,UgzV6UEHcVQ66WqA-aJ4AaABAg,True,@snip3d,7kw AC.,0,True
UgzV6UEHcVQ66WqA-aJ4AaABAg.9yXtgbQ37Zp9yXwObgg22V,comment,KLiiOeMU9JQ,UgzV6UEHcVQ66WqA-aJ4AaABAg,True,@w757967591,single phase house 7KW  3 phase house can go 22KW charger,1,True
UgzV6UEHcVQ66WqA-aJ4AaABAg.9yXtgbQ37Zp9yY0YXw5aJp,comment,KLiiOeMU9JQ,UgzV6UEHcVQ66WqA-aJ4AaABAg,True,@CarExpertAus,EVDB quotes it as 11kW when using three-phase AC. I’ll triple check to see if Australia gets a lower output. https://ev-database.org/car/2002/BYD-SEAL-825-kWh-AWD-Excellence,3,True
UgzV6UEHcVQ66WqA-aJ4AaABAg.9yXtgbQ37Zp9yY471tPdE_,comment,KLiiOeMU9JQ,UgzV6UEHcVQ66WqA-aJ4AaABAg,True,@maverickau80,"@CarExpertAus Australia has a lower output, can confirm from own Seal. There's actually a lot of spec list oddities across international markets, more so than I've seen on almost any model lol.",1,True
UgzV6UEHcVQ66WqA-aJ4AaABAg.9yXtgbQ37Zp9yY9arDx5Kg,comment,KLiiOeMU9JQ,UgzV6UEHcVQ66WqA-aJ4AaABAg,True,@Mark_Young05,"@CarExpertAuscheers for checking, I couldn’t easily find anything on 3 phase except for your and a few others mentioning it.",0,True
UgwXQyOgsFYFv1aXRHx4AaABAg,comment,KLiiOeMU9JQ,,False,@YSA920,"I like Paul’s reviews. Watching them with various cars over 12 months, I respect his opinions and comparisons. Have a Seal Premium on order which I’ve driven. Keen to drive the Performance to see how it is. And have driven a demo XPower which will really gap traffic away from the lights. Finish and features on the Seal are premium, XPower interior more like a $40k car.",42,True
UgwXQyOgsFYFv1aXRHx4AaABAg.9yXtaiNfB1i9yY0cX8FGmL,comment,KLiiOeMU9JQ,UgwXQyOgsFYFv1aXRHx4AaABAg,True,@CarExpertAus,"I thought the same. MG4 is a nice vehicle at the entry level, but it lacks the polish at the top end of the range compared to the Seal.",7,True
UgwXQyOgsFYFv1aXRHx4AaABAg.9yXtaiNfB1i9yYFvFHmACz,comment,KLiiOeMU9JQ,UgwXQyOgsFYFv1aXRHx4AaABAg,True,@jakethomas806,Can you bring back the speed display on the back straight please,3,True
UgwXQyOgsFYFv1aXRHx4AaABAg.9yXtaiNfB1i9ybJ9LGegvz,comment,KLiiOeMU9JQ,UgwXQyOgsFYFv1aXRHx4AaABAg,True,@polar3553,澳大利亚人果然有钱,1,True
UgwXQyOgsFYFv1aXRHx4AaABAg.9yXtaiNfB1i9ybeOSXkElM,comment,KLiiOeMU9JQ,UgwXQyOgsFYFv1aXRHx4AaABAg,True,@Paul-ow9dd,"I also have a Premium on order. Actually, it has just arrived in Hobart, but I want to drive the Performance AND the Premium before committing. I've also driven the Tesla M3 Highland RWD which is ~4k more than the Premium and only around 5.5k less than the Performance AWD, so even though I was quite impressed with the M3, other than no stalks, no drivers display and no HUD, both of the BYD Seal version would have to be noticeably inferior to the M3 for me to choose the Tesla. Still, at this stage I haven't ruled out any of the 3 potentials YET! I really don't need the power of the Performance (who REALLY does?) but gee the Premium RWD will have to be noticeably inferior. But, not ruling out the Performance just yet. 🙂 Heart vs mind stuff as usual.",1,True
UgwXQyOgsFYFv1aXRHx4AaABAg.9yXtaiNfB1i9ye08ab3btn,comment,KLiiOeMU9JQ,UgwXQyOgsFYFv1aXRHx4AaABAg,True,@User-cb4jm,"@Paul-ow9ddas someone who just got delivery of the Premium, I will say that it is not as punchy off the line as I expected for 5.9s. Reviews mention it as well as an intentional choice to dull the initial take off, it is extremely smooth and you gain speed quickly - but you don’t get shoved into your seat on take off like you might in a Model 3 or idk how the Performance model might be as well. Perfect car other than the annoying speed sign alert and aggressive behaviour around lane marking - which of all attributes with the car should be easily resolved with software updates.",0,True
UgwXQyOgsFYFv1aXRHx4AaABAg.9yXtaiNfB1i9yeD58xaDBj,comment,KLiiOeMU9JQ,UgwXQyOgsFYFv1aXRHx4AaABAg,True,@Paul-ow9dd,"@User-cb4jm  Thanks for the info. We have an ATTO 3 (wife's daily driver). It isn't exactly a slouch off the mark, but the 150kw motor is reasonably small. I guess the Seal is noticeably heavier as well.",0,True
UgwXQyOgsFYFv1aXRHx4AaABAg.9yXtaiNfB1iA0bT0SzESaX,comment,KLiiOeMU9JQ,UgwXQyOgsFYFv1aXRHx4AaABAg,True,@MHWib-v7x,"​@Paul-ow9ddI am planning to buy BYD Seal. I read an article from UK saying that when the car is passing rough surface road the driver can feel quite strong vibration on the steering wheel. Is that really the case, please kindly share your experience on this matter.",0,True
UgwXQyOgsFYFv1aXRHx4AaABAg.9yXtaiNfB1iA0bwrkq6vqz,comment,KLiiOeMU9JQ,UgwXQyOgsFYFv1aXRHx4AaABAg,True,@Paul-ow9dd,"@MHWib-v7x I cancelled my Seal order due to the low ground clearance of this vehicle.
I've ordered a Tesla Model 3 LR AWD which sits a few centimeters higher in my steep driveway.
Make sure you are happy with the low(er) ground clearance in certain driveways, speed humps and those annoying (and variable height) wheel stops in parking spaces. The front bumper is pretty much guaranteed to scrape is certain situations. Not acceptable for my use.",1,True
UgwXQyOgsFYFv1aXRHx4AaABAg.9yXtaiNfB1iA0c5HPhfDNX,comment,KLiiOeMU9JQ,UgwXQyOgsFYFv1aXRHx4AaABAg,True,@MHWib-v7x,@Paul-ow9dd thank you for your response 🙏,2,True
UgwEEJXK1JRIG0g5SEh4AaABAg,comment,KLiiOeMU9JQ,,False,@mumbo_gaming,It reminds me of a Porsche taycan because of the headlights,1,True
UgwJP7fzrs1TmKbqCQ94AaABAg,comment,KLiiOeMU9JQ,,False,@Dadinthepit,Thanks Paul. Been waiting for this review. Will be picking up a Premium version next year once finances allow. Really impressed with this car and will be my venture into EV's.,96,True
UgwJP7fzrs1TmKbqCQ94AaABAg.9yXtV2T3udN9yYFSQg1YDc,comment,KLiiOeMU9JQ,UgwJP7fzrs1TmKbqCQ94AaABAg,True,@Dreamer10888,"It’s worth it, it’ll be a good choice",1,True
UgwJP7fzrs1TmKbqCQ94AaABAg.9yXtV2T3udN9y_GN91YvQx,comment,KLiiOeMU9JQ,UgwJP7fzrs1TmKbqCQ94AaABAg,True,@kindness-villain,chery exeed sterra es better,0,True
UgwJP7fzrs1TmKbqCQ94AaABAg.9yXtV2T3udN9ye0GdXKXZv,comment,KLiiOeMU9JQ,UgwJP7fzrs1TmKbqCQ94AaABAg,True,@User-cb4jm,"@kindness-villaindoesn’t exist in Australia, neither does any Chery seem to do well in Australia. In terms of quality and refinement it seems BYD > Haval > MG > Chery",4,True
UgxuxxmAeDV08L_1jXF4AaABAg,comment,KLiiOeMU9JQ,,False,@oooobbbb4541,Unfortunately AC charging in Australia is 7kw and not 11kw as outlined in the review,1,True
UgwNy_q5eYhzBx7Sq2p4AaABAg,comment,KLiiOeMU9JQ,,False,@Mac-65,3.92 to 100??? Paul! How much did you say this car will be retailing for in Australia again???,0,True
UgwNy_q5eYhzBx7Sq2p4AaABAg.9yXtBe4AKv99yY-RC5Ocdf,comment,KLiiOeMU9JQ,UgwNy_q5eYhzBx7Sq2p4AaABAg,True,@JBrezicPhotography,About 70k for the fast model.,2,True
UgwNy_q5eYhzBx7Sq2p4AaABAg.9yXtBe4AKv9A2HOPiv2hM2,comment,KLiiOeMU9JQ,UgwNy_q5eYhzBx7Sq2p4AaABAg,True,@Neilhoh3,"$70,873.95 Drive Away Price",1,True
UgzQQK5F7m8T9K5Y7X54AaABAg,comment,KLiiOeMU9JQ,,False,@snip3d,"Style is a corolla sedan with a porsche taycan front. One of the best looking 'normal' EVs so far. Love my model Y though.

7kw/150kw wont impact most people, but it is on the 'low' side.
Many EVs havent sorted brake feel or suspension, so this isnt alone. A new set of performance tyres after purchase solves traction issues.
AA/Car play is a huge win for this compared to Tesla.
AWD for 10k with other features, well worth it if its in your budget, but thats Tesla money...

Confusing Warranty terms, boot access, rear seat height, one pedal driving are common 'cons'for this vehicle. If it doesnt impact you, go ahead. Buy one.",1,True
UgzQQK5F7m8T9K5Y7X54AaABAg.9yXt-Ee7m0J9yXvWlyYsf3,comment,KLiiOeMU9JQ,UgzQQK5F7m8T9K5Y7X54AaABAg,True,@aljoubert8749,Tesla has got the worst ride of all. They are the ones that need to get it sorted,0,True
UgzQQK5F7m8T9K5Y7X54AaABAg.9yXt-Ee7m0J9yY-QMUmjtQ,comment,KLiiOeMU9JQ,UgzQQK5F7m8T9K5Y7X54AaABAg,True,@snip3d,@aljoubert8749 depends on car and wheel / tyre combo and when it was made.,1,True
UgzXprKF_pg1Kl2TeSB4AaABAg,comment,KLiiOeMU9JQ,,False,@grahammurphy4842,Do they give you a free fire extinguisher,0,True
UgzXprKF_pg1Kl2TeSB4AaABAg.9yXsmdz0nD_9yXuMLShK95,comment,KLiiOeMU9JQ,UgzXprKF_pg1Kl2TeSB4AaABAg,True,@dusty_giraffe2111,"Ice vehicles have a higher risk of fires. They run on gasoline. It's self-explanatory.

The problem with EVs is that if they *do* catch on fire, the fire would be more difficult to extinguish. 

If you're actually interested in learning more about EV vs ICE fires, I suggest you do some research on your own.",1,True
UgwztHrQujKCCmgK0cJ4AaABAg,comment,KLiiOeMU9JQ,,False,@reonbarrett5546,100k bmw  dont look like this,5,True
UgzLTdcKBv9RVR-iWaR4AaABAg,comment,KLiiOeMU9JQ,,False,@Invisiblefarter,"Thanks for this review, I’d been waiting for someone to do a really comprehensive video in Oz for a while.",4,True
Ugw9-1aKRfs2OZTNUTV4AaABAg,comment,KLiiOeMU9JQ,,False,@aussielamb87,"Pretty sure I saw this exact car around Berwick, Clyde road last week.",0,True
UgxzfGim3_IeLL0k53Z4AaABAg,comment,KLiiOeMU9JQ,,False,@Classic-nl4db,If the infrastructure can improve then these EVs will be a good deal 👌,0,True
UgyrqCrEAJWuSJ6tuZ54AaABAg,comment,KLiiOeMU9JQ,,False,@revrickbibletalks5546,"Paul, can you please do a review of the Seal Dynamic? Most average consumers who wish to switch to EV will start on the base model instead of the Performance. Thanks",7,True
UgyrqCrEAJWuSJ6tuZ54AaABAg.9yXrEVVBARh9yY0jNnTD3w,comment,KLiiOeMU9JQ,UgyrqCrEAJWuSJ6tuZ54AaABAg,True,@CarExpertAus,It’s next on our list.,7,True
UgyrqCrEAJWuSJ6tuZ54AaABAg.9yXrEVVBARh9yY3QJ4lYor,comment,KLiiOeMU9JQ,UgyrqCrEAJWuSJ6tuZ54AaABAg,True,@Angryrabbit7,Do a review on the premium too please!,1,True
UgyrqCrEAJWuSJ6tuZ54AaABAg.9yXrEVVBARh9yY93qCl6BS,comment,KLiiOeMU9JQ,UgyrqCrEAJWuSJ6tuZ54AaABAg,True,@amrindersingh3949,Please do premium is well,0,True
UgyrqCrEAJWuSJ6tuZ54AaABAg.9yXrEVVBARh9yYCPEvTJ_a,comment,KLiiOeMU9JQ,UgyrqCrEAJWuSJ6tuZ54AaABAg,True,@peterdoyle3463,"I’d also be interested on your view of the Dynamic and the Seal U when it arrives.  I was impressed with my test drive of the Dynamic.  But would prefer the higher seat position of suv and more boot space.  
So looking forward to the Seal U base model if it’s around the same money as a Dynamic.  
We test drove the model Y.  But prefer the driver screen and more conventional controls of the BYD over the minimalist approach by Tesla.",0,True
UgyrqCrEAJWuSJ6tuZ54AaABAg.9yXrEVVBARhA0EgS9FWA-M,comment,KLiiOeMU9JQ,UgyrqCrEAJWuSJ6tuZ54AaABAg,True,@CThienV,Another vote for the premium,0,True
UgwbyEbShNbcRi3NIGJ4AaABAg,comment,KLiiOeMU9JQ,,False,@oiboiii,China numba whan!!,2,True
UgwbyEbShNbcRi3NIGJ4AaABAg.9yXqx05FQq49yXuG764ijA,comment,KLiiOeMU9JQ,UgwbyEbShNbcRi3NIGJ4AaABAg,True,@daweigo6851,愚蠢的评论,1,True
UgzD5RGNZhnRFkCkVrR4AaABAg,comment,KLiiOeMU9JQ,,False,@kevinphillips9408,Great review as usual. Needs to upgrade the one pedal driving quickly,16,True
UgzD5RGNZhnRFkCkVrR4AaABAg.9yXqisEjQnYASpQTkcBDdC,comment,KLiiOeMU9JQ,UgzD5RGNZhnRFkCkVrR4AaABAg,True,@jimmyholster,Why?,0,True
UgzD5RGNZhnRFkCkVrR4AaABAg.9yXqisEjQnYASpRINL9R9h,comment,KLiiOeMU9JQ,UgzD5RGNZhnRFkCkVrR4AaABAg,True,@kevinphillips9408,@jimmyholsterThat comment was 2 years ago. I did by a seal in spite of that little complaint and it was a wonderful car. Ive just sold it for another Ev that I take possession of next week.,0,True
Ugx-aODN-cuoFyVS3fl4AaABAg,comment,KLiiOeMU9JQ,,False,@Cam-uo8ey,"Nice review...well done for mentioning the LFP battery (others haven't)...side note, the glass roof is brilliant at reflecting heat.  I was concerned initially until I collected my premium but won't even worry about the sunshade 👌",33,True
Ugx-aODN-cuoFyVS3fl4AaABAg.9yXqafa2c-s9yXthyzaG_G,comment,KLiiOeMU9JQ,Ugx-aODN-cuoFyVS3fl4AaABAg,True,@stevenleonards4843,What colour did you purchase,0,True
Ugx-aODN-cuoFyVS3fl4AaABAg.9yXqafa2c-s9yXuFohbTuA,comment,KLiiOeMU9JQ,Ugx-aODN-cuoFyVS3fl4AaABAg,True,@Cam-uo8ey,@stevenleonards4843 standard white which has a slight metallic sparkle to it 👌,0,True
Ugx-aODN-cuoFyVS3fl4AaABAg.9yXqafa2c-s9yXxP8ML17Q,comment,KLiiOeMU9JQ,Ugx-aODN-cuoFyVS3fl4AaABAg,True,@stevenleonards4843,"@Cam-uo8ey  did you see an Arctic blue in the metal? I saw an Atlantis grey,  white and black and changed from white to grey... but increasingly liking the blue.. the website order page doesn't look anything like the real life colour",0,True
Ugx-aODN-cuoFyVS3fl4AaABAg.9yXqafa2c-s9yXy9rn3Nk_,comment,KLiiOeMU9JQ,Ugx-aODN-cuoFyVS3fl4AaABAg,True,@Cam-uo8ey,@stevenleonards4843 I haven't seen any other colours yet but people in the Facebook group are loving the blue and Atlantis grey.  I think the white looks great 👍,0,True
Ugx-aODN-cuoFyVS3fl4AaABAg.9yXqafa2c-s9yZMd9c2A-F,comment,KLiiOeMU9JQ,Ugx-aODN-cuoFyVS3fl4AaABAg,True,@tooltalk,LFP is fine for daily -we just need to stop pretending that they are superior batteries.   Their major strength is cost.,0,True
Ugx-aODN-cuoFyVS3fl4AaABAg.9yXqafa2c-s9yZXz5aS6uH,comment,KLiiOeMU9JQ,Ugx-aODN-cuoFyVS3fl4AaABAg,True,@vasil7410,"​@tooltalkLFP batteries were a factor in deciding to go with the Seal Performance over the Model 3 LR. Other than cost, LFP is less sensitive to charging habits and there is no risk of ignition when penetrated. Personally, I am not really concerned about the fire risk of NMC or NCA batteries, but with all the negative press around there is a chance it will impact resale value.",2,True
Ugx-aODN-cuoFyVS3fl4AaABAg.9yXqafa2c-s9yZYM6qi6vM,comment,KLiiOeMU9JQ,Ugx-aODN-cuoFyVS3fl4AaABAg,True,@vasil7410,"​@Cam-uo8ey IMO, the Seal looks best in white. It accentuates the styling and trim the best. It's similar to the Tesla white but with a bit more depth to the pearlescence.",2,True
Ugx-aODN-cuoFyVS3fl4AaABAg.9yXqafa2c-s9yZvYKAFDuo,comment,KLiiOeMU9JQ,Ugx-aODN-cuoFyVS3fl4AaABAg,True,@sammaimas155,"My thoughts are that battery technology is still in the early years of development and who knows what the future holds. But I suspect there will be significant advances in safety and energy density going forward. In the mean time LiFePO4 or LFP is a great choice and most people who have investigated the differences would choose it. Just my humble opinion, but I do think it is superior.@tooltalk",0,True
Ugx-aODN-cuoFyVS3fl4AaABAg.9yXqafa2c-s9y_-sf-Xb47,comment,KLiiOeMU9JQ,Ugx-aODN-cuoFyVS3fl4AaABAg,True,@tooltalk,"@vasil7410 >> FP is less sensitive to charging habits and  <<
You mean you never considered the fact that 100% charging in LFP EV is going to destroy durability?  To quote Cleanerwatt's report on Oct 22, 2022:
  Tesla LFP Battery 10% RANGE LOSS PROBLEM? | Model 3 RWD 
  The brand new LFP batteries will degrade substantially quicker.  There's not long-term retention data for LFP batteries on the market yet, but the trend tends to be substantially faster degradation.  Trends show them stabilizing around that 10% degradation mark in about half the time as non-LFP batteries - around 50,000 miles instead of 100,000 miles.""

>>  there is no risk of ignition when penetrated. ...<<
hmm.. and I wonder why the Chinese gov't removed puncture test in their battery certification requirement in China

>> , but with all the negative press around there is a chance it will impact resale value. <<
Absolutely, it's all about perception..  so long as you could find other true believers of LFP, you would be fine.",0,True
Ugx-aODN-cuoFyVS3fl4AaABAg.9yXqafa2c-s9ylMwFxkM8d,comment,KLiiOeMU9JQ,Ugx-aODN-cuoFyVS3fl4AaABAg,True,@GeoffTosio,"Paul I loved your review, thanks for the details. Please note that this battery (lithium Iron phosphate or LFP for short) is also a Lithium Ion battery, it’s better to call the other batteries Lithium Nickel Manganese Cobalt or NMC.",2,True
Ugx-aODN-cuoFyVS3fl4AaABAg.9yXqafa2c-s9zv-26l3p1i,comment,KLiiOeMU9JQ,Ugx-aODN-cuoFyVS3fl4AaABAg,True,@agusedyanto3324,It is said that the sealed roof glass has a silver coating to repel heat,1,True
UgySO4Japy3IUMvbqZp4AaABAg,comment,KLiiOeMU9JQ,,False,@pbubalo,"As a Serbian who thinks 50k is supposedly ""affordable"" you seriously are out of touch with reality and live in an alternate world.",2,True
Ugz8IFdlt4XZqQiPtXN4AaABAg,comment,KLiiOeMU9JQ,,False,@BigEightiesNewWave,"Saw a long distance test vs Tesla, VW, Seal  Tesla mops the floor due to better miles/kWh by far, and lower charging cost.",1,True
Ugz8IFdlt4XZqQiPtXN4AaABAg.9yXpyWv0dSU9yZktU1bgvj,comment,KLiiOeMU9JQ,Ugz8IFdlt4XZqQiPtXN4AaABAg,True,@simonwile5110,$10000 buys a lot of charging.,3,True
Ugz8IFdlt4XZqQiPtXN4AaABAg.9yXpyWv0dSU9y_XzwiPK-g,comment,KLiiOeMU9JQ,Ugz8IFdlt4XZqQiPtXN4AaABAg,True,@YSA920,Uk road test?,0,True
UgxQUNFb78IvZiW_bAt4AaABAg,comment,KLiiOeMU9JQ,,False,@BigEightiesNewWave,"Over 80% of humans are right handed, why does OZ, etc. force you to shift left handed.",0,True
UgxQUNFb78IvZiW_bAt4AaABAg.9yXpWwDYfpH9yXuhDIFS2M,comment,KLiiOeMU9JQ,UgxQUNFb78IvZiW_bAt4AaABAg,True,@SS-yw7vo,Your logic makes sense except your dominant hand should be on the steering wheel or rhd,1,True
Ugyuuc-IkAaoI1JX_I14AaABAg,comment,KLiiOeMU9JQ,,False,@Clark-iey,"Straight to performance.... separates Carexpert from the imitators.
Ill stick to tesla....for now.",0,True
Ugzyppq0Qq4VmvkzAv14AaABAg,comment,KLiiOeMU9JQ,,False,@BigEightiesNewWave,Snobbery in BEVs is a thing. Tesla will cut you off and take your charge spot.,0,True
Ugzyppq0Qq4VmvkzAv14AaABAg.9yXpPrfKqv19yXwp_WwN3o,comment,KLiiOeMU9JQ,Ugzyppq0Qq4VmvkzAv14AaABAg,True,@carts4344,YES!!! This is exactly what happens even when all of the superchargers are free they still take the non-tesla chargers.... Ask me how I know 😃,0,True
Ugzyppq0Qq4VmvkzAv14AaABAg.9yXpPrfKqv19yY-kRJmhXw,comment,KLiiOeMU9JQ,Ugzyppq0Qq4VmvkzAv14AaABAg,True,@JBrezicPhotography,"And it's probably leased, too 😂",0,True
UgyB6Nex_3KcqV2ODpl4AaABAg,comment,KLiiOeMU9JQ,,False,@BigEightiesNewWave,Laptop screen size tacked onto the dash is the new snobbery yardstick.,4,True
UgxjOkf-QzsvbmJXsmB4AaABAg,comment,KLiiOeMU9JQ,,False,@kevinphillips9408,The lack of decent radio coverage is not a good thing,2,True
UgxjOkf-QzsvbmJXsmB4AaABAg.9yXokTaDDhQ9yXuQwYH1mh,comment,KLiiOeMU9JQ,UgxjOkf-QzsvbmJXsmB4AaABAg,True,@snip3d,...Cant remember the last time i used radio... (know im not talking for everyone),0,True
UgxjOkf-QzsvbmJXsmB4AaABAg.9yXokTaDDhQ9yZlT7wsumh,comment,KLiiOeMU9JQ,UgxjOkf-QzsvbmJXsmB4AaABAg,True,@kevinphillips9408,I love talk back and especially sport when I travel.,1,True
Ugx4of0B_qggVsNOS2R4AaABAg,comment,KLiiOeMU9JQ,,False,@ev0wat,"Fancy car for the dorks and uneducated peasants.
Google BYD catching fire in China 🤦‍♂️ these are the worst for catching fire overseas. China cars also are notorious for premature rusting.",3,True
Ugx4of0B_qggVsNOS2R4AaABAg.9yXokRpWIip9yXsNn7lPyX,comment,KLiiOeMU9JQ,Ugx4of0B_qggVsNOS2R4AaABAg,True,@jamo128,"Had a little google, and found most of the articles mention just one video from a guy that posts only hate videos about China using little facts and evidence to back up the claims. Hardly unbiased reporting.",0,True
Ugx4of0B_qggVsNOS2R4AaABAg.9yXokRpWIip9yXwr_p0Bu0,comment,KLiiOeMU9JQ,Ugx4of0B_qggVsNOS2R4AaABAg,True,@linustw,have you not seen enough tesla cars on fire or crashes while on auto pilot?,1,True
Ugx4of0B_qggVsNOS2R4AaABAg.9yXokRpWIip9yXxF3G4h0s,comment,KLiiOeMU9JQ,Ugx4of0B_qggVsNOS2R4AaABAg,True,@kennyobe,Garbage!,0,True
Ugx4of0B_qggVsNOS2R4AaABAg.9yXokRpWIip9yXxGUrXxUF,comment,KLiiOeMU9JQ,Ugx4of0B_qggVsNOS2R4AaABAg,True,@Maige2900,Drugs are strong with this one,0,True
Ugx4of0B_qggVsNOS2R4AaABAg.9yXokRpWIip9yXzuo4eY1P,comment,KLiiOeMU9JQ,Ugx4of0B_qggVsNOS2R4AaABAg,True,@ev0wat,@Maige2900 with which one? But yea you need to be on drugs thinking your cool in your china car lol coffin on wheels,0,True
Ugx4of0B_qggVsNOS2R4AaABAg.9yXokRpWIip9yY-4IRabTS,comment,KLiiOeMU9JQ,Ugx4of0B_qggVsNOS2R4AaABAg,True,@ev0wat,@linustw yea Tesla but BYD is the worst in China for it. One case a car was on fire whilst the person was driving and the electrics short circuited and locked the person in the car! They smashed the window luckily and jumped out,0,True
Ugx4of0B_qggVsNOS2R4AaABAg.9yXokRpWIip9yY-IpmcX01,comment,KLiiOeMU9JQ,Ugx4of0B_qggVsNOS2R4AaABAg,True,@ev0wat,"@linustw in regards to rust on a Tesla though I’m not sure, on BYD GWM etc it’s all cheap junk that rusts fast, this is all online and your stupid if you don’t know this info given it’s completely free and easily accessible",0,True
UgzzlWfQSNcuSQ4LOTN4AaABAg,comment,KLiiOeMU9JQ,,False,@Jack-lg6xz,"Mate really said 50k is affordable, come on Paul.",4,True
UgzzlWfQSNcuSQ4LOTN4AaABAg.9yXoiiPWSkF9yXvGOEkNgT,comment,KLiiOeMU9JQ,UgzzlWfQSNcuSQ4LOTN4AaABAg,True,@snip3d,In terms of new cars that are EVs. Yes.,4,True
UgzzlWfQSNcuSQ4LOTN4AaABAg.9yXoiiPWSkF9yY1-NK3BJZ,comment,KLiiOeMU9JQ,UgzzlWfQSNcuSQ4LOTN4AaABAg,True,@CarExpertAus,In the context of an EV it’s very affordable. It’s also worth considering some states still offer a rebate and an EV under the LCT is subject to an FBT exemption.,3,True
UgzzlWfQSNcuSQ4LOTN4AaABAg.9yXoiiPWSkF9yYD2TXARSk,comment,KLiiOeMU9JQ,UgzzlWfQSNcuSQ4LOTN4AaABAg,True,@peterdoyle3463,More affordable than ICE vehicle if going novated lease option which is FBT free.,0,True
UgyTCF0f3qayHzTHrpp4AaABAg,comment,KLiiOeMU9JQ,,False,@stevep9041,BYD (Burn Your Dwelling) 😂 Have you seen this in the back of these Chinese Thermal Runaway Kings? Imagine if BMW had to do this to sell cars! 😂😂,5,True
UgyTCF0f3qayHzTHrpp4AaABAg.9yXoYo3rdbF9yXsVXuCNf2,comment,KLiiOeMU9JQ,UgyTCF0f3qayHzTHrpp4AaABAg,True,@nostradamus2642,Aussies love BYD. Can't ship them quick enough. Try not to look around you when waiting at the traffic lights. You may pop a vein 😅,6,True
UgyTCF0f3qayHzTHrpp4AaABAg.9yXoYo3rdbF9yXsazo009_,comment,KLiiOeMU9JQ,UgyTCF0f3qayHzTHrpp4AaABAg,True,@SS-yw7vo,Your sentence doesn't make sense. Can you edit it please. Maybe provide a link as well,1,True
UgyTCF0f3qayHzTHrpp4AaABAg.9yXoYo3rdbF9yXteCUOe1w,comment,KLiiOeMU9JQ,UgyTCF0f3qayHzTHrpp4AaABAg,True,@dusty_giraffe2111,"This car uses a LiFePO4 (LFP) battery. 

If you don't know what that means, you are beyond hopeless.

Gotta love how the ignorant are always the most confident and vocal about their opinions. 

Your source is probably serpentza or something, I'd assume.",4,True
UgyTCF0f3qayHzTHrpp4AaABAg.9yXoYo3rdbF9yXuArUjwPT,comment,KLiiOeMU9JQ,UgyTCF0f3qayHzTHrpp4AaABAg,True,@nostradamus2642,@dusty_giraffe2111 The dude probably prefers a Mahindra. The poor English is a gjveaway I reckon.,2,True
UgyTCF0f3qayHzTHrpp4AaABAg.9yXoYo3rdbF9yXuNbq3emR,comment,KLiiOeMU9JQ,UgyTCF0f3qayHzTHrpp4AaABAg,True,@daweigo6851,​@nostradamus2642😂😂😊,1,True
UgyTCF0f3qayHzTHrpp4AaABAg.9yXoYo3rdbF9yY14i2f7-4,comment,KLiiOeMU9JQ,UgyTCF0f3qayHzTHrpp4AaABAg,True,@CarExpertAus,You might be confused. This uses an LFP battery.,3,True
UgyTCF0f3qayHzTHrpp4AaABAg.9yXoYo3rdbF9y_wjQUasTd,comment,KLiiOeMU9JQ,UgyTCF0f3qayHzTHrpp4AaABAg,True,@pleongv1,Another serpentza source😂,0,True
UgyTCF0f3qayHzTHrpp4AaABAg.9yXoYo3rdbF9ycLY1ftVrR,comment,KLiiOeMU9JQ,UgyTCF0f3qayHzTHrpp4AaABAg,True,@Paul-ow9dd,"Unlikely to Burn Your Dwelling because home charging is slow, and the battery is quite cool whilst charging. Much better for battery longevity to charge at home rather than using commercial fast chargers.",1,True
UgzRJcQ_v8UnEEKLdC94AaABAg,comment,KLiiOeMU9JQ,,False,@gammah,This car looks like a porsche on the outside well done to BYD for making a great car.,17,True
UgzRJcQ_v8UnEEKLdC94AaABAg.9yXoVhStsCA9yXr0wpBnZT,comment,KLiiOeMU9JQ,UgzRJcQ_v8UnEEKLdC94AaABAg,True,@lexman8678,Doesn't look anything like a porsche stay off drugs buddy 😂,2,True
UgzRJcQ_v8UnEEKLdC94AaABAg.9yXoVhStsCA9yxQIaSQcko,comment,KLiiOeMU9JQ,UgzRJcQ_v8UnEEKLdC94AaABAg,True,@jeremytine,Buy your disaster,0,True
UgzRJcQ_v8UnEEKLdC94AaABAg.9yXoVhStsCA9z98LJBRNG6,comment,KLiiOeMU9JQ,UgzRJcQ_v8UnEEKLdC94AaABAg,True,@RSCB,not porsche 100%,0,True
Ugylt7aQLUMIAX4P0d54AaABAg,comment,KLiiOeMU9JQ,,False,@j0eycar0,Nice review. BYD is on the right track.,23,True
Ugw2g4ybj22CouahgLN4AaABAg,comment,KLiiOeMU9JQ,,False,@Jason-Recliner,"Must be summer in Australia wave"" wave"" wave"" wave"" -  No EV is a good buy unless you're a home owner and can charge overnight, without that they lose all of their convenience.  EVs the battery tech is still rubbish, all they are good for is short distance commuting and school runs.",26,True
Ugw2g4ybj22CouahgLN4AaABAg.9yXo7kB6vqs9yXoGyoqIzq,comment,KLiiOeMU9JQ,Ugw2g4ybj22CouahgLN4AaABAg,True,@CarExpertAus,😂 it doesn’t help the proving ground is surrounded by farms!,11,True
Ugw2g4ybj22CouahgLN4AaABAg.9yXo7kB6vqs9yXpr7gpdcE,comment,KLiiOeMU9JQ,Ugw2g4ybj22CouahgLN4AaABAg,True,@gaurav170889,I agree that evs don't make sense unless you can charge at home. We'll never see 100% ev transition until a robust solution for apartment dwellers is figured out.,4,True
Ugw2g4ybj22CouahgLN4AaABAg.9yXo7kB6vqs9yXqk8d-Fg3,comment,KLiiOeMU9JQ,Ugw2g4ybj22CouahgLN4AaABAg,True,@TheYoyoma3,lol you have no idea what you’re talking about,12,True
Ugw2g4ybj22CouahgLN4AaABAg.9yXo7kB6vqs9yXqzYb6Onz,comment,KLiiOeMU9JQ,Ugw2g4ybj22CouahgLN4AaABAg,True,@gaurav170889,"But what is the basis for your comment about battery tech being rubbish? Most modern evs come with at least 350-400km (500 WLTP) realistic range, and much better energy efficiency and performance than ICE... 
Long distance roadtrips is no issue if you plan your breaks around charging, I think the highway charging infra is almost there",8,True
Ugw2g4ybj22CouahgLN4AaABAg.9yXo7kB6vqs9yXrAnSNKuO,comment,KLiiOeMU9JQ,Ugw2g4ybj22CouahgLN4AaABAg,True,@lexman8678,​@TheYoyoma3truth hurts you triggered gronk 😂,4,True
Ugw2g4ybj22CouahgLN4AaABAg.9yXo7kB6vqs9yXr_P3EqZi,comment,KLiiOeMU9JQ,Ugw2g4ybj22CouahgLN4AaABAg,True,@rsoul7282,⁠@gaurav170889apartment dwellers can catch public transport like the peons they are.,0,True
Ugw2g4ybj22CouahgLN4AaABAg.9yXo7kB6vqs9yXrhEFL9LC,comment,KLiiOeMU9JQ,Ugw2g4ybj22CouahgLN4AaABAg,True,@gaurav170889,"Maybe it's just me, but I hate the idea of any remotely fun-to-drive ICE vehicle chugging 10-15 liters per 100km around town where I do most of my driving. And I don't like the idea of PHEVs - cost almost as much as evs now with the added burden of high maintenance with 2 power and drivetrains",4,True
Ugw2g4ybj22CouahgLN4AaABAg.9yXo7kB6vqs9yXteOo-kH-,comment,KLiiOeMU9JQ,Ugw2g4ybj22CouahgLN4AaABAg,True,@8aitch8,"I live in the bush. It takes me 4 minutes to fuel my car. I do not have time to wait one or two hours to charge an EV, if the charging stands are busy, the technology is not there yet.  City usage only I think.",4,True
Ugw2g4ybj22CouahgLN4AaABAg.9yXo7kB6vqs9yXtlXfy-Y7,comment,KLiiOeMU9JQ,Ugw2g4ybj22CouahgLN4AaABAg,True,@daweigo6851,"​@gaurav170889agree, however in my apartment building,  we have 70 spots and are now upto 13 fully electric cars, no idea where they charge them,  but interesting to see how many,  they be low use cars?",0,True
Ugw2g4ybj22CouahgLN4AaABAg.9yXo7kB6vqs9yXtyO3ukT8,comment,KLiiOeMU9JQ,Ugw2g4ybj22CouahgLN4AaABAg,True,@daweigo6851,"100s of fully electric ubers running around,  these cars work 7 days and long shifts",6,True
Ugw2g4ybj22CouahgLN4AaABAg.9yXo7kB6vqs9yXuRtMD1hl,comment,KLiiOeMU9JQ,Ugw2g4ybj22CouahgLN4AaABAg,True,@rsoul7282,@8aitch8 it must be terrible not having any electricity out in the bush. Hopefully one day you get access to it.,12,True
Ugw2g4ybj22CouahgLN4AaABAg.9yXo7kB6vqs9yXujXQgkuk,comment,KLiiOeMU9JQ,Ugw2g4ybj22CouahgLN4AaABAg,True,@TheGillederais,"And guess what, when sydney reaches hottest day last week, energy minister advising sydney resident to be conservative when using AC because if everybody turn on their AC, the grid might be overloaded. Imagine if we are fully transitioned to EV's, blackouts everywhere. What a joke",4,True
Ugw2g4ybj22CouahgLN4AaABAg.9yXo7kB6vqs9yXvDtJjqFL,comment,KLiiOeMU9JQ,Ugw2g4ybj22CouahgLN4AaABAg,True,@aljoubert8749,Sure sport,0,True
Ugw2g4ybj22CouahgLN4AaABAg.9yXo7kB6vqs9yXwjwsIz9I,comment,KLiiOeMU9JQ,Ugw2g4ybj22CouahgLN4AaABAg,True,@brandonennis,You’ve obviously have never owned one,1,True
Ugw2g4ybj22CouahgLN4AaABAg.9yXo7kB6vqs9yXxNvuXZkg,comment,KLiiOeMU9JQ,Ugw2g4ybj22CouahgLN4AaABAg,True,@Clove_Parma,@lexman8678you clowns are the ones that are triggered. Can’t see a video without you whinging and moaning,0,True
Ugw2g4ybj22CouahgLN4AaABAg.9yXo7kB6vqs9yXxb1YQaIh,comment,KLiiOeMU9JQ,Ugw2g4ybj22CouahgLN4AaABAg,True,@Clove_Parma,@8aitch81) 99% of your charging happens while you sleep and it takes 30 minutes to get an extra 400+ k’s of range after 4+ hours of driving. Sounds like that’s about time to have a rest and coffee anyway,2,True
Ugw2g4ybj22CouahgLN4AaABAg.9yXo7kB6vqs9yXxfqlQphx,comment,KLiiOeMU9JQ,Ugw2g4ybj22CouahgLN4AaABAg,True,@Clove_Parma,@TheGillederaisthey’d charge overnight once the temperature drops champ,2,True
Ugw2g4ybj22CouahgLN4AaABAg.9yXo7kB6vqs9yXy2REeHwt,comment,KLiiOeMU9JQ,Ugw2g4ybj22CouahgLN4AaABAg,True,@SS-yw7vo,Complete nonsense,0,True
Ugw2g4ybj22CouahgLN4AaABAg.9yXo7kB6vqs9yXykuSQEHw,comment,KLiiOeMU9JQ,Ugw2g4ybj22CouahgLN4AaABAg,True,@danielwutfisho,yeah evs are rubbish bring back the v8 holdens 😂 🤦‍♂️,1,True
Ugw2g4ybj22CouahgLN4AaABAg.9yXo7kB6vqs9yXz1-sD2mT,comment,KLiiOeMU9JQ,Ugw2g4ybj22CouahgLN4AaABAg,True,@TheGillederais,"@Clove_Parma when fully transitooned to EV's, hundreds of thousand if not a million vehicle charging at night n buses included plus during summer most AC in household will be turned on. Makes EV as alternative not the only solution.",0,True
Ugw2g4ybj22CouahgLN4AaABAg.9yXo7kB6vqs9yXzmTc3D9x,comment,KLiiOeMU9JQ,Ugw2g4ybj22CouahgLN4AaABAg,True,@User-cb4jm,"Until an EV charger becomes a standard fitment in modern houses that get rented out just like AC did, then that’s moot. Either way a renter should be focussing on becoming a homeowner and not buying an expensive new car regardless of whatever it runs on.",2,True
Ugw2g4ybj22CouahgLN4AaABAg.9yXo7kB6vqs9yY-4MdUEv1,comment,KLiiOeMU9JQ,Ugw2g4ybj22CouahgLN4AaABAg,True,@User-cb4jm,"@8aitch8it charges overnight, if you can plug your phone in and wake up with it fully charged then this is the same. But yea for the 1% of the population that lives in some rural pisshole, probably better to stick to the LC 70 series",0,True
Ugw2g4ybj22CouahgLN4AaABAg.9yXo7kB6vqs9yY-6noxiBp,comment,KLiiOeMU9JQ,Ugw2g4ybj22CouahgLN4AaABAg,True,@davec110,@Clove_Parma The ICE tards always bring up random BS to keep their fully sik V8s moit. Just like horse riders back in the day complaining petrol cars don't give out that horse fart smell or p1ss in their face.,0,True
Ugw2g4ybj22CouahgLN4AaABAg.9yXo7kB6vqs9yY0s1UBQUt,comment,KLiiOeMU9JQ,Ugw2g4ybj22CouahgLN4AaABAg,True,@sickhcivc,​@8aitch8 yep only makes sense if you have a charger at home in your scenario,0,True
Ugw2g4ybj22CouahgLN4AaABAg.9yXo7kB6vqs9yY2n__ZCP6,comment,KLiiOeMU9JQ,Ugw2g4ybj22CouahgLN4AaABAg,True,@vasil7410,​@lexman8678Why don't you trolls stick to the well known anti-EV channels? There is a special kind of stupid reserved just for the anti-EV crowd.,0,True
Ugw2g4ybj22CouahgLN4AaABAg.9yXo7kB6vqs9yY5-pI7X6y,comment,KLiiOeMU9JQ,Ugw2g4ybj22CouahgLN4AaABAg,True,@Rabsallawah,"⁠​⁠​⁠​⁠​⁠​⁠@Clove_Parmayou’re not going to charge your car much in 30 minutes at home. You’re pretty much maxed out at a 10kwh charge rate at home. Do the math. So for this car, to charge it fully, and IF you can get a 10kwh charger, it’ll take 8 hours to charge. One hour at that rate gives you 50km of range. Also, roughly $24 to charge at home.",0,True
Ugw2g4ybj22CouahgLN4AaABAg.9yXo7kB6vqs9yY61Prs51j,comment,KLiiOeMU9JQ,Ugw2g4ybj22CouahgLN4AaABAg,True,@vasil7410,"Why do you need to be a home owner? Don't renters live in houses too? Although, even tent sites have power points 😁",0,True
Ugw2g4ybj22CouahgLN4AaABAg.9yXo7kB6vqs9yY6b5aD_Ri,comment,KLiiOeMU9JQ,Ugw2g4ybj22CouahgLN4AaABAg,True,@paxmaniac1,"Battery tech is pretty impressive in my book. The savings on fuel will be phenomenal. Sure, you need to have somewhere to charge it: a carport or garage, ideally. But many workplaces and apartment buildings are installing chargers. In five years, it won't be an issue at all.",0,True
Ugw2g4ybj22CouahgLN4AaABAg.9yXo7kB6vqs9yY7MnuMulU,comment,KLiiOeMU9JQ,Ugw2g4ybj22CouahgLN4AaABAg,True,@paxmaniac1,​@User-cb4jmit's perfectly possible to keep an EV charged using a normal 10 amp outlet if you aren't regularly driving hundreds of kilometres on consecutive days.,0,True
Ugw2g4ybj22CouahgLN4AaABAg.9yXo7kB6vqs9yY7Ve6-UNy,comment,KLiiOeMU9JQ,Ugw2g4ybj22CouahgLN4AaABAg,True,@paxmaniac1,​@Rabsallawah$24? Not on any decent off-peak plan.,0,True
Ugw2g4ybj22CouahgLN4AaABAg.9yXo7kB6vqs9yY8yJR2Fia,comment,KLiiOeMU9JQ,Ugw2g4ybj22CouahgLN4AaABAg,True,@omarkhalifa8776,"You charge off peak.  Some energy suppliers even have super cheap overnight rates.  Just schedule it, easy.",0,True
Ugw2g4ybj22CouahgLN4AaABAg.9yXo7kB6vqs9yYAq2_7Cao,comment,KLiiOeMU9JQ,Ugw2g4ybj22CouahgLN4AaABAg,True,@vasil7410,"@brandonennisIt's pretty much guaranteed the anti EV crowd haven't even driven one, let alone owned one.",1,True
Ugw2g4ybj22CouahgLN4AaABAg.9yXo7kB6vqs9yYB8P5uWKO,comment,KLiiOeMU9JQ,Ugw2g4ybj22CouahgLN4AaABAg,True,@vasil7410,"@User-cb4jm EVs charge off a normal power point. Unless you do high mileage every day, you don't need a higher charging rate at home.",0,True
Ugw2g4ybj22CouahgLN4AaABAg.9yXo7kB6vqs9yYERFqtzyq,comment,KLiiOeMU9JQ,Ugw2g4ybj22CouahgLN4AaABAg,True,@that_beetle_guy,"Check out China, Singapore, the Netherlands, Deutschland etc where the majority of population lives in apartments. EV is never an issue.",1,True
Ugw2g4ybj22CouahgLN4AaABAg.9yXo7kB6vqs9yYEu_DkwnI,comment,KLiiOeMU9JQ,Ugw2g4ybj22CouahgLN4AaABAg,True,@Dreamer10888,"@TheGillederaissolar….??? Sydney is sorted out, don’t worry about us. If you’re not move to another city , sydney is not for everyone",0,True
Ugw2g4ybj22CouahgLN4AaABAg.9yXo7kB6vqs9yYEy5n4-o7,comment,KLiiOeMU9JQ,Ugw2g4ybj22CouahgLN4AaABAg,True,@Dreamer10888,@danielwutfishoaren’t you Asian..?,0,True
Ugw2g4ybj22CouahgLN4AaABAg.9yXo7kB6vqs9yYF89vsqcE,comment,KLiiOeMU9JQ,Ugw2g4ybj22CouahgLN4AaABAg,True,@AnarchyEnsues,I charge with the umc cable...  You don't need fast charging unless you are doing mega kms each day.,0,True
Ugw2g4ybj22CouahgLN4AaABAg.9yXo7kB6vqs9yYFfNehXwc,comment,KLiiOeMU9JQ,Ugw2g4ybj22CouahgLN4AaABAg,True,@TheGillederais,@Dreamer10888 is there sun light during the night???,0,True
Ugw2g4ybj22CouahgLN4AaABAg.9yXo7kB6vqs9yYGA_jDi4v,comment,KLiiOeMU9JQ,Ugw2g4ybj22CouahgLN4AaABAg,True,@danielwutfisho,@Dreamer10888 yes your point being?,0,True
Ugw2g4ybj22CouahgLN4AaABAg.9yXo7kB6vqs9yYHCZHKVIV,comment,KLiiOeMU9JQ,Ugw2g4ybj22CouahgLN4AaABAg,True,@buncha5651,​@Clove_Parma  No way would I recharge in my garage overnight. I don't have a death wish.,0,True
Ugw2g4ybj22CouahgLN4AaABAg.9yXo7kB6vqs9yYHH2fj2Ed,comment,KLiiOeMU9JQ,Ugw2g4ybj22CouahgLN4AaABAg,True,@donalddong1505,"@8aitch8 simply charge it when you are home for a night or two, it gives you pleasure of luxurious performance car feeling all year around.",0,True
Ugw2g4ybj22CouahgLN4AaABAg.9yXo7kB6vqs9yYIG-k91Wd,comment,KLiiOeMU9JQ,Ugw2g4ybj22CouahgLN4AaABAg,True,@knight2425,I believe the electricity these fast chargers use is huge and when you realise  where that electric ones from and how much damage those power stations do to the environment not only when they are producing electricity but in their construction and upkeep you start to wonder how exactly are EVs better for the environment than ICE vehicles.,0,True
Ugw2g4ybj22CouahgLN4AaABAg.9yXo7kB6vqs9yYITZIG6sA,comment,KLiiOeMU9JQ,Ugw2g4ybj22CouahgLN4AaABAg,True,@birdyashiro1226,@lexman8678NIO：,0,True
Ugw2g4ybj22CouahgLN4AaABAg.9yXo7kB6vqs9yYJ2LfPkAP,comment,KLiiOeMU9JQ,Ugw2g4ybj22CouahgLN4AaABAg,True,@shuangshuang3837,Buy a 20-meter power strip.,0,True
Ugw2g4ybj22CouahgLN4AaABAg.9yXo7kB6vqs9yYKWLRCv3R,comment,KLiiOeMU9JQ,Ugw2g4ybj22CouahgLN4AaABAg,True,@arminius6506,Meanwhile Nio has successfully demonstrated their 1000KM battery,2,True
Ugw2g4ybj22CouahgLN4AaABAg.9yXo7kB6vqs9yYK_wWzIX5,comment,KLiiOeMU9JQ,Ugw2g4ybj22CouahgLN4AaABAg,True,@phoarey,So boil the planet?,0,True
Ugw2g4ybj22CouahgLN4AaABAg.9yXo7kB6vqs9yYMWzHIX0v,comment,KLiiOeMU9JQ,Ugw2g4ybj22CouahgLN4AaABAg,True,@shanea9613,"​@lexman8678anyone who says ""Gronk"" is a good bloke to me.",0,True
Ugw2g4ybj22CouahgLN4AaABAg.9yXo7kB6vqs9yYPo7Vc8qY,comment,KLiiOeMU9JQ,Ugw2g4ybj22CouahgLN4AaABAg,True,@PhallacEye,"​@TheGillederais let me introduce you to an amazing invention called ""battery storage"". 

Our solar captures and charges an 11kwh battery each day, then feeds into the grid. The car charges for free off the house battery each night.",0,True
Ugw2g4ybj22CouahgLN4AaABAg.9yXo7kB6vqs9ybp-eSe1PS,comment,KLiiOeMU9JQ,Ugw2g4ybj22CouahgLN4AaABAg,True,@Paul-ow9dd,@8aitch8 Charge while you sleep. Takes about 30 seconds to plug-in and a further 30 seconds to plug-out.,0,True
Ugw2g4ybj22CouahgLN4AaABAg.9yXo7kB6vqs9yddSsGA0FG,comment,KLiiOeMU9JQ,Ugw2g4ybj22CouahgLN4AaABAg,True,@jspanga,"""short distance commuting and school runs"" - you've just described 90% of city driving. most households will have a 2nd car for the 2x a year camping trip",0,True
UgzYyEgjmkLihyHOI8F4AaABAg,comment,KLiiOeMU9JQ,,False,@thabimokoena5034,Good review I like it,10,True
UgzsqcvKjt43PmXNVmd4AaABAg,comment,KLiiOeMU9JQ,,False,@TypeZA,First!,1,True
UgzsqcvKjt43PmXNVmd4AaABAg.9yXnh-Fw9f29yXoEEeo-as,comment,KLiiOeMU9JQ,UgzsqcvKjt43PmXNVmd4AaABAg,True,@CarExpertAus,The porn bots bet you to it!,0,True
UgzsqcvKjt43PmXNVmd4AaABAg.9yXnh-Fw9f29yXpTBFXNtH,comment,KLiiOeMU9JQ,UgzsqcvKjt43PmXNVmd4AaABAg,True,@TypeZA,"Ah damn! Nice car though, love your reviews mate. Keep up the good work, from Sunny South Africa!
@CarExpertAus",0,True
