source_id,source_type,video_id,parent_id,is_reply,author,text,like_count,public,clean_text,entities,sentiment_score,sentiment,keywords,chunk_index,start_time,noun_phrases
UgzjI6TjvTQiaNdFJDh4AaABAg,comment,Y8yTY_7w3KA,,False,@autogefuehl,"Note that contrary to the first info and contrary to how they sold the vehicle to customers, the BYD Seal does come with animal skin leather. Customers bought the vehicle expecting animal free leatherette while BYD did not offer consistent information.

00:00 BYD Seal comes to Germany
01:29 Outside EV horrer sound
01:57 Length, battery kWh and recharging
02:35 Sporty design, RWD vs AWD
03:00 Blade battery and frunk
03:29 Interior: key, doors, steering
04:19 Seats and comfort
05:06 Cockpit overview and interface
06:53 Storage
07:19 Rear seating
08:48 Trunk / boot
09:40 City driving and chime
11:11 Steering feel and recuperation
13:31 Suspension and comfort
14:15 Motorway and acceleration
17:56 Autobahn top speed
19:43 Needs to be fixed
20:17 Can it match the Model 3?
21:40 Economy and real-world range

#BYD #BYDSeal

►Subscribe here: https://www.youtube.com/user/autogefuehl?sub_confirmation=1
►Also subscribe to our YouTube shorts channel: https://www.youtube.com/channel/UCmKVmuPc9wUlLuuhnIeP7_w?sub_confirmation=1
►Follow us on Facebook / Instagram / TikTok @autogefuehl",57.0,True,"Note that contrary to the first info and contrary to how they sold the vehicle to customers, the BYD Seal does come with animal skin leather. Customers bought the vehicle expecting animal free leatherette while BYD did not offer consistent information. 00:00 BYD Seal comes to Germany 01:29 Outside EV horrer sound 01:57 Length, battery kWh and recharging 02:35 Sporty design, RWD vs AWD 03:00 Blade battery and frunk 03:29 Interior: key, doors, steering 04:19 Seats and comfort 05:06 Cockpit overview and interface 06:53 Storage 07:19 Rear seating 08:48 Trunk / boot 09:40 City driving and chime 11:11 Steering feel and recuperation 13:31 Suspension and comfort 14:15 Motorway and acceleration 17:56 Autobahn top speed 19:43 Needs to be fixed 20:17 Can it match the Model 3? 21:40 Economy and real-world range BYD BYDSeal ►Subscribe here: ►Also subscribe to our YouTube shorts channel: ►Follow us on Facebook / Instagram / TikTok","['BYD', 'Germany', '02:35 Sporty', 'RWD', 'AWD', '04:19 Seats', '09:40 City', '19:43 Needs', 'the Model 3', 'YouTube', 'Facebook / Instagram / TikTok']",0.8442,Positive,"['byd', 'comfort', 'contrary', '29', 'steering']",,,
UgzjI6TjvTQiaNdFJDh4AaABAg.9voUleYQpWB9vp-UsnhkGH,comment,Y8yTY_7w3KA,UgzjI6TjvTQiaNdFJDh4AaABAg,True,@Rokii92,"you mean ""horror sound""? :D",0.0,True,"you mean ""horror sound""? :D",[],0.0857,Positive,"['mean', 'sound']",,,
UgzjI6TjvTQiaNdFJDh4AaABAg.9voUleYQpWB9vpI9k1jApB,comment,Y8yTY_7w3KA,UgzjI6TjvTQiaNdFJDh4AaABAg,True,@Elaba_,Tammy AI is without a job now.,0.0,True,Tammy AI is without a job now.,['Tammy AI'],0.0,Neutral,[],,,
UgzjI6TjvTQiaNdFJDh4AaABAg.9voUleYQpWB9vytQZ977iX,comment,Y8yTY_7w3KA,UgzjI6TjvTQiaNdFJDh4AaABAg,True,@whatnow9653,"1:29    lolly pops,  cherry pies,  cream puffs,  ice cream,  treacle tarts and all free today.",0.0,True,"1:29 lolly pops, cherry pies, cream puffs, ice cream, treacle tarts and all free today.",[],0.5106,Positive,"['cream', '29', 'ice cream', 'ice', 'free']",,,
UgzjI6TjvTQiaNdFJDh4AaABAg.9voUleYQpWB9wBY-12Xroy,comment,Y8yTY_7w3KA,UgzjI6TjvTQiaNdFJDh4AaABAg,True,@rondhole,What separate a good and bad BEV is the heat management. Tesla Supermanifold cooling/ Octovalve systems is superior than any BEV available in the market. Nothing is even close.   The reliability is proven very long in all Tesla models compared to other brands.,0.0,True,What separate a good and bad BEV is the heat management. Tesla Supermanifold cooling/ Octovalve systems is superior than any BEV available in the market. Nothing is even close. The reliability is proven very long in all Tesla models compared to other brands.,"['Octovalve', 'Tesla']",0.4404,Positive,"['tesla', 'bad', 'market', 'compared', 'long']",,,
UgzjI6TjvTQiaNdFJDh4AaABAg.9voUleYQpWB9x4NCNpcFl3,comment,Y8yTY_7w3KA,UgzjI6TjvTQiaNdFJDh4AaABAg,True,@mjw25a1,I take it from your review that the Seal drives better on road.... Particularly on rougher surfaces than the Model 3 Tesla? I don't much care about auto driving/drive assist tech though rather which is better to drive.  :),1.0,True,I take it from your review that the Seal drives better on road.... Particularly on rougher surfaces than the Model 3 Tesla? I don't much care about auto driving/drive assist tech though rather which is better to drive. :),['Seal'],0.7329,Positive,"['drive', 'better', 'road', 'care', 'auto']",,,
Ugx3EZ7zGM03b-BUMz94AaABAg,comment,Y8yTY_7w3KA,,False,@ElectricAdventures-q1p,I could build cheap cars if I used slave labour,0.0,True,I could build cheap cars if I used slave labour,[],0.0,Neutral,"['used', 'build', 'cheap', 'cars']",,,
UgzIccENe5FDLiSz4od4AaABAg,comment,Y8yTY_7w3KA,,False,@ElectricAdventures-q1p,Do the internal cameras and mics constantly record? And does that data get sent back to the manufacturer,0.0,True,Do the internal cameras and mics constantly record? And does that data get sent back to the manufacturer,[],0.0,Neutral,"['constantly', 'does']",,,
UgzMJoPNaZIT3ogzwiB4AaABAg,comment,Y8yTY_7w3KA,,False,@JPSG3,"Europe also was a lot of money, but we prefer to subsidize  war.",0.0,True,"Europe also was a lot of money, but we prefer to subsidize war.",['Europe'],-0.7469,Negative,"['prefer', 'europe', 'money', 'lot']",,,
UgxfIDxJdGUsx8GV8_p4AaABAg,comment,Y8yTY_7w3KA,,False,@tonygeorge6654,BYD is like the Kia lmao..its not all that one I drove suvked,0.0,True,BYD is like the Kia lmao..its not all that one I drove suvked,"['BYD', 'Kia']",-0.4019,Negative,"['drove', 'kia', 'like', 'byd']",,,
UgyySGMqY0cmd-2mU2V4AaABAg,comment,Y8yTY_7w3KA,,False,@austintandoc8187,"1:29 that sounds so comforting & magical not scary. A unique choice for a pedestrian sound warning which I find beautiful 😊
Also the Seal (which I hope can come to Canada) is way better than the old & “refreshed” model 3.",0.0,True,1:29 that sounds so comforting & magical not scary. A unique choice for a pedestrian sound warning which I find beautiful 😊 Also the Seal (which I hope can come to Canada) is way better than the old & “refreshed” model 3.,['Canada'],0.9608,Positive,"['29', 'choice', 'sounds', 'old', 'way']",,,
UgywcNDKSwbJZsu9oyt4AaABAg,comment,Y8yTY_7w3KA,,False,@gustavoantoniocoloradoherr156,que lux ............,0.0,True,que lux ............,[],0.0,Neutral,[],,,
Ugw3l8pCOmI4SXjJgB54AaABAg,comment,Y8yTY_7w3KA,,False,@gustavoantoniocoloradoherr156,que lux .........,0.0,True,que lux .........,[],0.0,Neutral,[],,,
UgyGER-S3ksXJOE5g1V4AaABAg,comment,Y8yTY_7w3KA,,False,@jamesdawson3123,"Great car, terrible name😆",0.0,True,"Great car, terrible name😆",[],0.5423,Positive,"['great car', 'great', 'car']",,,
UgxKl5ImLGdhaTl6yGV4AaABAg,comment,Y8yTY_7w3KA,,False,@jamesdawson3123,Does that outside chime always play at low speed or can you switch it off? That would drive me crazy,0.0,True,Does that outside chime always play at low speed or can you switch it off? That would drive me crazy,[],-0.2732,Negative,"['outside', 'play', 'low speed', 'speed', 'drive']",,,
UgxKl5ImLGdhaTl6yGV4AaABAg.A9Pfk0bH-mEA9PfpUjShxk,comment,Y8yTY_7w3KA,UgxKl5ImLGdhaTl6yGV4AaABAg,True,@autogefuehl,"you can switch what the sound is, but it is mandatory by law to play something",0.0,True,"you can switch what the sound is, but it is mandatory by law to play something",[],0.5499,Positive,"['play', 'sound']",,,
UgyeG4uZ7LOLWmGX4yt4AaABAg,comment,Y8yTY_7w3KA,,False,@Jonse70,"So autogefühl...
I respect you guys a lot. Giving this open review knowing that the German automobile industry is being killed by this company. 😊",0.0,True,So autogefühl... I respect you guys a lot. Giving this open review knowing that the German automobile industry is being killed by this company. 😊,['German'],0.7402,Positive,"['industry', 'giving', 'german', 'company', 'lot']",,,
UgwSONPopez-I5JDkVl4AaABAg,comment,Y8yTY_7w3KA,,False,@BhupendraBabuItani,Wow that's amazing 😍🤩,0.0,True,Wow that's amazing 😍🤩,[],0.891,Positive,[],,,
UgyMNQns2ZsivPlpPpd4AaABAg,comment,Y8yTY_7w3KA,,False,@Rick9482,"Not for me!
The Seal looks nice and may be competitive with Tesla but my Tesla is the fastest, safest car in class. It gets regular software updates and has that fantastic supercharger network.
Bottom line for me, it works great and meets my needs.

BYD still has a lot to prove and I doubt it will be available in the US anyway.",0.0,True,"Not for me! The Seal looks nice and may be competitive with Tesla but my Tesla is the fastest, safest car in class. It gets regular software updates and has that fantastic supercharger network. Bottom line for me, it works great and meets my needs. BYD still has a lot to prove and I doubt it will be available in the US anyway.",['Tesla'],0.937,Positive,"['tesla', 'looks nice', 'gets', 'fantastic', 'competitive']",,,
Ugydd3xvC7bTsJMq8hl4AaABAg,comment,Y8yTY_7w3KA,,False,@vembrace,The interior puts the Model 3 to shame.,0.0,True,The interior puts the Model 3 to shame.,['the Model 3'],-0.4767,Negative,"['shame', 'interior', 'model']",,,
UgyTn725gaMgGQbiaft4AaABAg,comment,Y8yTY_7w3KA,,False,@Mailme81,"For me it came down to the Seal Performance or the Tesla Model 3 Performance. The Long range doesnt compare with its basic seats and lesser performance. 
The BYD simply is the nicer car to sit in, more features. I just dont think you can be honest with yourself and accept no indicator stalks, gear lever and not being able to see the speedometer without looking at the middle of the dash - this is just madness to have not included at least a HUD.",1.0,True,"For me it came down to the Seal Performance or the Tesla Model 3 Performance. The Long range doesnt compare with its basic seats and lesser performance. The BYD simply is the nicer car to sit in, more features. I just dont think you can be honest with yourself and accept no indicator stalks, gear lever and not being able to see the speedometer without looking at the middle of the dash - this is just madness to have not included at least a HUD.","['Model 3 Performance', 'BYD', 'HUD']",0.5719,Positive,"['performance', 'just', 'middle', 'long range', 'doesnt']",,,
UgxFE9yPoSq21TA-mWF4AaABAg,comment,Y8yTY_7w3KA,,False,@carlosorff,"Much better looking interior, seats, especially the doors and buttons, shift lever, and stalk. If they made one as a five-door hatch, it would be great as well. The Chinese are not trying to reinvent the wheel and are listening to the customers instead of teaching them new things. Different philosophies.I would expect the opposit from the Chinese...",0.0,True,"Much better looking interior, seats, especially the doors and buttons, shift lever, and stalk. If they made one as a five-door hatch, it would be great as well. The Chinese are not trying to reinvent the wheel and are listening to the customers instead of teaching them new things. Different philosophies.I would expect the opposit from the Chinese...",['Chinese'],0.8442,Positive,"['chinese', 'especially', 'different', 'wheel', 'better looking']",,,
UgxEWpnV5-novB8RBk14AaABAg,comment,Y8yTY_7w3KA,,False,@bananarepublic8951,"BYD comes with Android auto & apple car play, HUD, physical buttons, long range, much better quality build, better tech, Lidar system it is easy choice",0.0,True,"BYD comes with Android auto & apple car play, HUD, physical buttons, long range, much better quality build, better tech, Lidar system it is easy choice","['Android', 'HUD', 'Lidar']",0.8779,Positive,"['better', 'long range', 'play', 'choice', 'android auto']",,,
UgzzS13yfe3fdt1LbI14AaABAg,comment,Y8yTY_7w3KA,,False,@CThienV,Please review the rwd version,1.0,True,Please review the rwd version,[],0.3182,Positive,"['version', 'review']",,,
UgyPrqT2iT-unNtIv3N4AaABAg,comment,Y8yTY_7w3KA,,False,@Obizzy8,"Thanks for great review, will you make one for the BYD HAN as well?",0.0,True,"Thanks for great review, will you make one for the BYD HAN as well?",['the BYD HAN'],0.8442,Positive,"['thanks', 'make', 'great', 'review', 'byd']",,,
UgyPrqT2iT-unNtIv3N4AaABAg.A3H-_JPC4xuA3HiMRz3pRC,comment,Y8yTY_7w3KA,UgyPrqT2iT-unNtIv3N4AaABAg,True,@autogefuehl,Thanks! Feel free to share / recommend :-) We ll see what we ca do !,1.0,True,Thanks! Feel free to share / recommend :-) We ll see what we ca do !,[],0.915,Positive,"['share', 'feel', 'free', 'thanks']",,,
UgzVOgpRqdAKlbtX_qd4AaABAg,comment,Y8yTY_7w3KA,,False,@janverbanck,"In the back, a lot of EV's seem to lack proper leg support. They make you sit very low to create headroom but the leg angle gets too steep.",0.0,True,"In the back, a lot of EV's seem to lack proper leg support. They make you sit very low to create headroom but the leg angle gets too steep.",[],0.0478,Neutral,"['lack', 'proper', 'headroom', 'gets', 'support']",,,
UgznnxltUJJuNC6qNeF4AaABAg,comment,Y8yTY_7w3KA,,False,@PS-383,"Just saw this youtube video on BYD from an American living in China. Not a car review per se but thought this was interesting.
https://www.youtube.com/watch?v=QgmDiWfZJcI",0.0,True,Just saw this youtube video on BYD from an American living in China. Not a car review per se but thought this was interesting.,"['BYD', 'American', 'China']",0.5499,Positive,"['interesting', 'video', 'review', 'china', 'just']",,,
Ugw_phf4Q0h_CysDtad4AaABAg,comment,Y8yTY_7w3KA,,False,@diegosouza791,It's a shame that it's a shame that the car doesn't come with real leather seats,0.0,True,It's a shame that it's a shame that the car doesn't come with real leather seats,[],-0.7351,Negative,"['shame', 'come', 'real', 'doesn', 'leather']",,,
Ugw_phf4Q0h_CysDtad4AaABAg.A1mfuaFcO4vA1mip6VJs3N,comment,Y8yTY_7w3KA,Ugw_phf4Q0h_CysDtad4AaABAg,True,@autogefuehl,"Thank you very much for your interest in this topic. I also bought cars with animal skin leather seats before I did my research and got to know the industry. The most important thing is: With today's modern materials, you have nothing to lose, just to gain. You achieve the same kind of luxury and comfort or even better while having the same or better durability with less impact on humans, animals and the environment.

You can use fabric/cloth, microfibre or leatherette. The classic approach is using oil/plastic as source material. Overall, a vehicle contains about 300 kg plastic. A car seat needs about 5 kg plastic. So the overall plastic share for the seats is very low and it is at this moment the most efficient way to produce a car seat. A couple of litres of fuel equals a car seat basically. So if you want to save oil/plastic, rather look at consumption for energy, fuel and heating and to other car parts than the seat. Note that animal skin leather also always contains a plastic coating for durability. However, long-term we should of course find raw oil alternatives. So going further, seats can be made from recyclables (e.g. from PET-bottles or old fishing nets) or even increased share of plant-based materials (like pine oil, canola oil or start-up materials like Pinatex from pineapple leaves or Desertex from cactus fibre or the mixed-plant-based Mirum, so be seen at https://youtu.be/S1aNZeoatmE?t=525). On a calculation base, by ditching animal skin leather from car interiors, the amount of emissions (CO2e) is reduced by 85 (!) % (https://www.press.bmwgroup.com/africa-dom-easteurope/article/detail/T0403389EN/on-the-market-from-2023:-bmw-and-mini-models-with-vegan-interiors?language=en) - and that is a very conservative calculation. So it is at this moment the most important thing you can do to make car interiors more sustainable.

A good example for high-end luxury with ventilated animal free seats is the BMW X7 with Sensafin: https://youtu.be/1pRNkW9nrrw
And the Kia EV9 with plant-based oil share: https://youtu.be/6vXePQi_MAk
New leatherette materials can be superior in every aspect, even for cleaning: https://youtu.be/u94YXJ72UTA
More and more natural materials are rising: https://youtu.be/nRSsXEnwHDo

Also check out what the animal skin leather industry tried to with our channel: https://www.youtube.com/watch?v=nP_CvLlaFlI
For seeing how the animals are being treated and transported in the global leather industry, watch this footage: https://www.youtube.com/watch?v=tkjCAmq1_8E
Note that the footage is genuine and was recorded by a highly decorated investigative journalist in Germany I know myself personally.
Also a group of researchers and German journalists from public media could recent directly trace the connection between car animal leather production and illegal burning down Amazon rain forest: 
https://www.daserste.de/information/reportage-dokumentation/ard-story/videos/illegales-leder-video-100.html

In a high animal skin grade, the animals are specifically raised for this matter. However even if meat is the ""first"" misuse case, the hide remains a profitable body part. That means: If manufacturers put animal leather in a car and you demand it as a customer, you give your money to an industry that earns money by oppressing humans, animals and harms the environment, you make them more profitable. Alternatively, you could support industries with your wallet which try to improve the sustainability of materials. Also, if you turn the argument around to ""meat is the waste of the leather industry"" you realize that it doesn't make sense (and is ethically doubtful) to discuss the primary use of individual body parts of mammals. Mind experiment: You are getting slain down on the street; would it matter to you if it was for your smartphone or for your purse? Remember that animal skin leather is no different to fur, fur is just leather where the hair is still on. And fur is widely not accepted for clothing anymore, and of course not for cars.

We cannot change what we have bought in the past, but with more information and compassion we can change how we decide in the future.

For a great insight into sustainability in the automotive industry, you can also check out our extensive documentary:
https://youtu.be/-8gNXlRGngA",3.0,True,"Thank you very much for your interest in this topic. I also bought cars with animal skin leather seats before I did my research and got to know the industry. The most important thing is: With today's modern materials, you have nothing to lose, just to gain. You achieve the same kind of luxury and comfort or even better while having the same or better durability with less impact on humans, animals and the environment. You can use fabric/cloth, microfibre or leatherette. The classic approach is using oil/plastic as source material. Overall, a vehicle contains about 300 kg plastic. A car seat needs about 5 kg plastic. So the overall plastic share for the seats is very low and it is at this moment the most efficient way to produce a car seat. A couple of litres of fuel equals a car seat basically. So if you want to save oil/plastic, rather look at consumption for energy, fuel and heating and to other car parts than the seat. Note that animal skin leather also always contains a plastic coating for durability. However, long-term we should of course find raw oil alternatives. So going further, seats can be made from recyclables (e.g. from PET-bottles or old fishing nets) or even increased share of plant-based materials (like pine oil, canola oil or start-up materials like Pinatex from pineapple leaves or Desertex from cactus fibre or the mixed-plant-based Mirum, so be seen at On a calculation base, by ditching animal skin leather from car interiors, the amount of emissions (CO2e) is reduced by 85 (!) % ( - and that is a very conservative calculation. So it is at this moment the most important thing you can do to make car interiors more sustainable. A good example for high-end luxury with ventilated animal free seats is the BMW X7 with Sensafin: And the Kia EV9 with plant-based oil share: New leatherette materials can be superior in every aspect, even for cleaning: More and more natural materials are rising: Also check out what the animal skin leather industry tried to with our channel: For seeing how the animals are being treated and transported in the global leather industry, watch this footage: Note that the footage is genuine and was recorded by a highly decorated investigative journalist in Germany I know myself personally. Also a group of researchers and German journalists from public media could recent directly trace the connection between car animal leather production and illegal burning down Amazon rain forest: In a high animal skin grade, the animals are specifically raised for this matter. However even if meat is the ""first"" misuse case, the hide remains a profitable body part. That means: If manufacturers put animal leather in a car and you demand it as a customer, you give your money to an industry that earns money by oppressing humans, animals and harms the environment, you make them more profitable. Alternatively, you could support industries with your wallet which try to improve the sustainability of materials. Also, if you turn the argument around to ""meat is the waste of the leather industry"" you realize that it doesn't make sense (and is ethically doubtful) to discuss the primary use of individual body parts of mammals. Mind experiment: You are getting slain down on the street; would it matter to you if it was for your smartphone or for your purse? Remember that animal skin leather is no different to fur, fur is just leather where the hair is still on. And fur is widely not accepted for clothing anymore, and of course not for cars. We cannot change what we have bought in the past, but with more information and compassion we can change how we decide in the future. For a great insight into sustainability in the automotive industry, you can also check out our extensive documentary:","['PET', 'Pinatex', 'Desertex', 'Mirum', 'the BMW X7 with Sensafin', 'Germany', 'German', 'Amazon']",0.9857,Positive,"['animal', 'leather', 'materials', 'industry', 'animal skin']",,,
Ugw_phf4Q0h_CysDtad4AaABAg.A1mfuaFcO4vA1mn-1D536j,comment,Y8yTY_7w3KA,Ugw_phf4Q0h_CysDtad4AaABAg,True,@diegosouza791,"Thanks for your lecture.
I just don't like fake leather, the real deal is much nicer.
It could have as an option.",0.0,True,"Thanks for your lecture. I just don't like fake leather, the real deal is much nicer. It could have as an option.",[],0.7387,Positive,"['nicer', 'real', 'thanks', 'leather', 'don']",,,
UgyK10-D7z9CPDlfagN4AaABAg,comment,Y8yTY_7w3KA,,False,@shellyu1442,"Honestly the car is growing on me but that name, Seal is just the dumbest Fkni name. Chinese car companies really need to hire some marketing teams to come up with english branding names.

I mean they are already a fairly new company to come onto their perspective markets so that gives them little heritage… and giving nonsensical names like that just doesnt help their branding… just my IMO",0.0,True,"Honestly the car is growing on me but that name, Seal is just the dumbest Fkni name. Chinese car companies really need to hire some marketing teams to come up with english branding names. I mean they are already a fairly new company to come onto their perspective markets so that gives them little heritage… and giving nonsensical names like that just doesnt help their branding… just my IMO","['Seal', 'Fkni', 'Chinese', 'english', 'IMO']",-0.0084,Neutral,"['just', 'come', 'car', 'markets', 'giving']",,,
UgymsZK5SonBJMfSeIp4AaABAg,comment,Y8yTY_7w3KA,,False,@mrboogang,"Still 10 years behind Tesla.  Too many buttons, clunky interior and substandard software.  Pass.  Tesla is the standard in EVs.",1.0,True,"Still 10 years behind Tesla. Too many buttons, clunky interior and substandard software. Pass. Tesla is the standard in EVs.",['Tesla'],0.0,Neutral,"['tesla', 'software', 'years', 'buttons', 'interior']",,,
UgwHuYUm5IhvQi4eMyd4AaABAg,comment,Y8yTY_7w3KA,,False,@janvandevelde7947,Will you also review BYD Han?,0.0,True,Will you also review BYD Han?,['Han'],0.0,Neutral,"['review', 'byd']",,,
UgwHuYUm5IhvQi4eMyd4AaABAg.A1RyYLqPMLAA1SDVhQlHm7,comment,Y8yTY_7w3KA,UgwHuYUm5IhvQi4eMyd4AaABAg,True,@autogefuehl,lets see if we can organise that,0.0,True,lets see if we can organise that,[],0.0,Neutral,[],,,
UgyWBlSHo1JOHG-su3d4AaABAg,comment,Y8yTY_7w3KA,,False,@LLLLLLEON216,It’s just better in almost every single way.,0.0,True,It’s just better in almost every single way.,[],0.4404,Positive,"['way', 'better', 'just']",,,
Ugw4ep7Ss5qYo-vV-a14AaABAg,comment,Y8yTY_7w3KA,,False,@noah4088,"Great review my mate. I never know how excellent until I jump inside. I have to say that you probably dont trust this review coz some kind of discrimination, but go to your local dealer and give it go.",0.0,True,"Great review my mate. I never know how excellent until I jump inside. I have to say that you probably dont trust this review coz some kind of discrimination, but go to your local dealer and give it go.",[],-0.0772,Negative,"['review', 'kind', 'trust', 'say', 'know']",,,
UgxZ27M0QtUT-DSXdlV4AaABAg,comment,Y8yTY_7w3KA,,False,@Samer-sm6nf,BYD: Hold my Seal 🦭,1.0,True,BYD: Hold my Seal 🦭,[],0.0,Neutral,"['hold', 'seal', 'byd']",,,
UgyonDA0fSz3K4AWiB14AaABAg,comment,Y8yTY_7w3KA,,False,@MHWib-v7x,"I am planning to buy BYD Seal. I read an article from UK saying that when the car is passing rough surface road the driver can feel quite strong vibration on the steering wheel. Is that really the case, please kindly share your experience on this matter.",0.0,True,"I am planning to buy BYD Seal. I read an article from UK saying that when the car is passing rough surface road the driver can feel quite strong vibration on the steering wheel. Is that really the case, please kindly share your experience on this matter.",['BYD Seal'],0.8929,Positive,"['planning', 'road', 'quite', 'wheel', 'driver']",,,
Ugw0KlkZ_Y1-HpWTb1Z4AaABAg,comment,Y8yTY_7w3KA,,False,@albertwidiantoify,"which color the best for byd seal,  Aurora White or Atlantis Grey ?",0.0,True,"which color the best for byd seal, Aurora White or Atlantis Grey ?","['Aurora White', 'Atlantis Grey']",0.6597,Positive,"['best', 'byd seal', 'seal', 'byd']",,,
Ugwk3hG-cD92vrSAGs54AaABAg,comment,Y8yTY_7w3KA,,False,@joebrito2066,"Great video Thomas! Really ugly car. It really looks like a cheap Chinese product, well suited for Latin America, and emerging markets.",0.0,True,"Great video Thomas! Really ugly car. It really looks like a cheap Chinese product, well suited for Latin America, and emerging markets.","['Thomas', 'Chinese', 'Latin America']",0.6886,Positive,"['really', 'markets', 'america', 'video', 'product']",,,
UgxsELpVLjkuy4L1bqV4AaABAg,comment,Y8yTY_7w3KA,,False,@dexong1959,Interior color combination looks better than the grey and black option,0.0,True,Interior color combination looks better than the grey and black option,[],0.4767,Positive,"['black', 'looks better', 'interior', 'looks', 'better']",,,
UgwfsLphnpiIjwTzDWx4AaABAg,comment,Y8yTY_7w3KA,,False,@cez8017,"Piano-black everywhere. Seriously, is there anyone who thinks that this a good finish for a dashboard??? Scratches, fingerprints, visible dust.",0.0,True,"Piano-black everywhere. Seriously, is there anyone who thinks that this a good finish for a dashboard??? Scratches, fingerprints, visible dust.",[],0.4098,Positive,"['black', 'seriously', 'good']",,,
Ugxj7D98u-JxlodFTwx4AaABAg,comment,Y8yTY_7w3KA,,False,@Crawfish411-Vlog,I would buy this if sold in the U.S.,0.0,True,I would buy this if sold in the U.S.,['U.S.'],0.0,Neutral,"['sold', 'buy']",,,
UgzATp_H4Ml0W_f5-9x4AaABAg,comment,Y8yTY_7w3KA,,False,@datadps9142,It just entered Indonesia yesterday and I'm really considering to get one. But I still have some doubts on long term reliability because I an planning to keep it for at least 5 years.. Any experience with owning a BYD?,0.0,True,It just entered Indonesia yesterday and I'm really considering to get one. But I still have some doubts on long term reliability because I an planning to keep it for at least 5 years.. Any experience with owning a BYD?,"['Indonesia', 'BYD']",-0.4215,Negative,"['planning', 'experience', 'years', 'long term', 'term']",,,
UgxnlVlWB809qozkqal4AaABAg,comment,Y8yTY_7w3KA,,False,@Mav86asian,"If you hate cars, you hate the environment, but you love deforestation, uncontrolled mining, and mainland China…then this is the car for you.",0.0,True,"If you hate cars, you hate the environment, but you love deforestation, uncontrolled mining, and mainland China…then this is the car for you.",['China'],0.1531,Positive,"['love', 'cars', 'china', 'car']",,,
UgwQ8KsFzHRSUEMy6VF4AaABAg,comment,Y8yTY_7w3KA,,False,@januszciechowskiphotograph7297,"I doubt this it will succeed I think using Tesla super charge you can save a lot of money I watch one video recently where they compare Volkswagen, BYD and new model 3 and the difference was huge about 50% cheaper to charge Tesla",0.0,True,"I doubt this it will succeed I think using Tesla super charge you can save a lot of money I watch one video recently where they compare Volkswagen, BYD and new model 3 and the difference was huge about 50% cheaper to charge Tesla","['Tesla', 'Volkswagen', 'BYD']",0.8779,Positive,"['charge', 'tesla', 'super', 'video', 'cheaper']",,,
Ugzt-bd9LCXtLBeLanV4AaABAg,comment,Y8yTY_7w3KA,,False,@zanesmith666,i wanna see who the legs belong next to you,0.0,True,i wanna see who the legs belong next to you,[],0.0,Neutral,['legs'],,,
Ugx_J7F6ShJyrBE6EhR4AaABAg,comment,Y8yTY_7w3KA,,False,@georgetyy,"Absolutely love Thomas' review on cars!
Thomas, please review the Atto 3! :D",2.0,True,"Absolutely love Thomas' review on cars! Thomas, please review the Atto 3! :D","['Thomas', 'the Atto 3']",0.9083,Positive,"['thomas', 'review', 'love', 'cars']",,,
Ugx_J7F6ShJyrBE6EhR4AaABAg.9zVyEiX6N6l9zWnvYZwaAU,comment,Y8yTY_7w3KA,Ugx_J7F6ShJyrBE6EhR4AaABAg,True,@autogefuehl,Thanks 🙏 Seal U review soon!,0.0,True,Thanks 🙏 Seal U review soon!,[],0.4926,Positive,"['thanks', 'review', 'seal']",,,
Ugy-tm7zIPjGxobny0J4AaABAg,comment,Y8yTY_7w3KA,,False,@Lucas-vd2gx,Only a crazy person would pick a BYD instead of a Tesla. All other EV companies are still behind Tesla,0.0,True,Only a crazy person would pick a BYD instead of a Tesla. All other EV companies are still behind Tesla,"['BYD', 'Tesla']",-0.34,Negative,"['tesla', 'instead', 'companies', 'ev', 'byd']",,,
UgzA642ekwUv2GKAxIN4AaABAg,comment,Y8yTY_7w3KA,,False,@obi-wankenobi5332,garbage in garbage out  🤣😂😅😆😁😄😃😀,0.0,True,garbage in garbage out 🤣😂😅😆😁😄😃😀,[],0.9705,Positive,[],,,
UgwJt5VOyFPUqfcTwYV4AaABAg,comment,Y8yTY_7w3KA,,False,@SuperMario1111,Hold my Beer .. ohh my Gosh you are funny .,0.0,True,Hold my Beer .. ohh my Gosh you are funny .,[],0.4404,Positive,['hold'],,,
Ugw8eI0g7sPJha21b5t4AaABAg,comment,Y8yTY_7w3KA,,False,@VickersDoorter,So much nicer-looking than Tesla's very boring inverted jelly-mould design.,0.0,True,So much nicer-looking than Tesla's very boring inverted jelly-mould design.,['Tesla'],-0.3804,Negative,"['looking tesla', 'nicer', 'boring', 'design', 'looking']",,,
Ugx0oocsKkkQRccm_r54AaABAg,comment,Y8yTY_7w3KA,,False,@handleit,"If you had to pick between this and volvo ex30 dual motor ultra, which one would you pick and why. Also what would your ultimate EV be in this price range. thanks.",0.0,True,"If you had to pick between this and volvo ex30 dual motor ultra, which one would you pick and why. Also what would your ultimate EV be in this price range. thanks.",['ex30'],0.4404,Positive,"['price', 'range', 'thanks', 'ev']",,,
UgyjU67bs7QwaMPdVEV4AaABAg,comment,Y8yTY_7w3KA,,False,@JARMAK-MUSIC,"They removed the full self driving cameras and processors to give us a more equipped car instead, but then it's a question of whether fsd is important for you",0.0,True,"They removed the full self driving cameras and processors to give us a more equipped car instead, but then it's a question of whether fsd is important for you",[],0.296,Positive,"['question', 'instead', 'important', 'driving', 'car']",,,
Ugxs9pH8LLln_wgnhz14AaABAg,comment,Y8yTY_7w3KA,,False,@sylwestermajewski5373,"UK ..Before thinking of buying it, check insurance quote (insurance group 48D) maybe getting second mortgage to insure it if not careful",1.0,True,"UK ..Before thinking of buying it, check insurance quote (insurance group 48D) maybe getting second mortgage to insure it if not careful",[],-0.1139,Negative,"['check', 'buying', 'maybe', 'getting']",,,
UgyDjf30tU8wc3FzjP54AaABAg,comment,Y8yTY_7w3KA,,False,@kuramarosetta8193,"8:03 Yea, there is some headroom because the seat is too low. Look at the angle of the legs. 📐 And you can’t even stretch your feet underneath the front seat.",0.0,True,"8:03 Yea, there is some headroom because the seat is too low. Look at the angle of the legs. 📐 And you can’t even stretch your feet underneath the front seat.",['8:03 Yea'],-0.2732,Negative,"['seat', 'legs', 'headroom', 'low', 'look']",,,
UgwftzbP5_BChsZInbF4AaABAg,comment,Y8yTY_7w3KA,,False,@edmc_eu,"Hi Thomas, thank you for the review. I had the impression that it sounded quite noisy inside while you were driving on the Autobahn or was it a mic issue?",0.0,True,"Hi Thomas, thank you for the review. I had the impression that it sounded quite noisy inside while you were driving on the Autobahn or was it a mic issue?","['Thomas', 'Autobahn']",0.3415,Positive,"['thank', 'quite', 'inside', 'thomas', 'driving']",,,
Ugy_vM_O17xsMAJHN_54AaABAg,comment,Y8yTY_7w3KA,,False,@ShenzhouChina-pv8eg,"I was going to buy a model Y but was surprised by how crappy the interior was. This cheaper Chinese EV seems to have much more luxury and tech feel interior than the Tesla. I wish these would be allowed to enter North America market.  Even if the government tax the crap out of it, it’s still worth it.",0.0,True,"I was going to buy a model Y but was surprised by how crappy the interior was. This cheaper Chinese EV seems to have much more luxury and tech feel interior than the Tesla. I wish these would be allowed to enter North America market. Even if the government tax the crap out of it, it’s still worth it.","['Chinese', 'Tesla', 'North America']",-0.2617,Negative,"['interior', 'surprised', 'tax', 'america', 'luxury']",,,
Ugy-5p96SSwRAnZYb_h4AaABAg,comment,Y8yTY_7w3KA,,False,@kaideng8355,"Blaming low prices on Chinese government subsidies is unprofessional. There is no evidence that the Chinese government still has subsidies for Chinese car companies at this stage, China's subsidies at this stage are exempt from purchase tax and are for all electric cars including Tesla and VW. The low prices of many Chinese manufacturers are due to low prices in the supply chain from materials to labor, and byd also integrates and produces its own electric drives, batteries, and chips.",1.0,True,"Blaming low prices on Chinese government subsidies is unprofessional. There is no evidence that the Chinese government still has subsidies for Chinese car companies at this stage, China's subsidies at this stage are exempt from purchase tax and are for all electric cars including Tesla and VW. The low prices of many Chinese manufacturers are due to low prices in the supply chain from materials to labor, and byd also integrates and produces its own electric drives, batteries, and chips.","['Chinese', 'China', 'Tesla']",-0.9118,Negative,"['subsidies', 'prices', 'low', 'chinese', 'chinese government']",,,
UgztTagi5zznGfTrsvl4AaABAg,comment,Y8yTY_7w3KA,,False,@Paul_Rich,Your wife dressed for the occasion. Her latex/leather pants look like seal skin. 🤣,0.0,True,Your wife dressed for the occasion. Her latex/leather pants look like seal skin. 🤣,[],0.6908,Positive,"['skin', 'leather', 'look', 'seal', 'like']",,,
Ugyto_5S9jnPVB9MjH94AaABAg,comment,Y8yTY_7w3KA,,False,@thecerfew,plays minecraft music，great car,0.0,True,plays minecraft music，great car,[],0.25,Positive,"['great car', 'great', 'car']",,,
Ugz6pYe62PS9R_Oy9Kl4AaABAg,comment,Y8yTY_7w3KA,,False,@concrete_finisher,Don't park it inside because they might get on fire and your whole house will burn down!,0.0,True,Don't park it inside because they might get on fire and your whole house will burn down!,[],-0.4003,Negative,"['inside', 'don']",,,
UgyZ-iBfR0Fa6pEw6NZ4AaABAg,comment,Y8yTY_7w3KA,,False,@ivanmalta74,Model 3 is smoother in my opinion,0.0,True,Model 3 is smoother in my opinion,['Model 3'],0.0,Neutral,['model'],,,
UgyZ-iBfR0Fa6pEw6NZ4AaABAg.9yk0oxRhK7o9yurDrbrRnF,comment,Y8yTY_7w3KA,UgyZ-iBfR0Fa6pEw6NZ4AaABAg,True,@clearviewwm8837,What does that even mean? Model 3 is a boring car in total.,0.0,True,What does that even mean? Model 3 is a boring car in total.,['Model 3'],-0.3182,Negative,"['mean', 'boring', 'does', 'model', 'car']",,,
UgwQAbrTNey5swXhgeF4AaABAg,comment,Y8yTY_7w3KA,,False,@AntLeung457,What do you think Zeekr 001 compare to the Seal ?,0.0,True,What do you think Zeekr 001 compare to the Seal ?,['Zeekr 001'],0.0,Neutral,"['compare', 'think', 'seal']",,,
UgzJSjSblC-A5vEErhV4AaABAg,comment,Y8yTY_7w3KA,,False,@darksantacruz,Clearly a premium product cannot be compared with the tesla model 3 in my opinion. For when a byd tang review?,0.0,True,Clearly a premium product cannot be compared with the tesla model 3 in my opinion. For when a byd tang review?,[],0.4019,Positive,"['tang', 'byd tang', 'product', 'compared', 'tesla model']",,,
Ugx32rFKgxJERbMBV_94AaABAg,comment,Y8yTY_7w3KA,,False,@ateiviz,This is still the best review even with the flood of the more recent ones. Very concise and factual.,3.0,True,This is still the best review even with the flood of the more recent ones. Very concise and factual.,[],0.6369,Positive,"['best', 'review']",,,
Ugww8E_9y6m_QvZSEr94AaABAg,comment,Y8yTY_7w3KA,,False,@alf2633,"Fantastic looking car. Shame its Chinese. No matter how compelling a product, I won't be putting such a substantial amount of money towards their economy.

Fuck the Chinese government.",0.0,True,"Fantastic looking car. Shame its Chinese. No matter how compelling a product, I won't be putting such a substantial amount of money towards their economy. Fuck the Chinese government.",['Chinese'],-0.0961,Negative,"['chinese', 'fantastic', 'matter', 'product', 'shame']",,,
Ugww8E_9y6m_QvZSEr94AaABAg.9yZRR96y0Mu9zuQyfRBIfH,comment,Y8yTY_7w3KA,Ugww8E_9y6m_QvZSEr94AaABAg,True,@russelfang7434,Nobody cares really. That doesn't make you cool.,0.0,True,Nobody cares really. That doesn't make you cool.,[],0.2589,Positive,"['doesn', 'make', 'really']",,,
Ugww8E_9y6m_QvZSEr94AaABAg.9yZRR96y0Mu9zwoaRqTRv3,comment,Y8yTY_7w3KA,Ugww8E_9y6m_QvZSEr94AaABAg,True,@alf2633,@russelfang7434 I don't care that you think no one cares. People do care. People know that the Chinese government commits crimes against humanity all the time. They know there is no true democracy and they know that China constantly spews out trash.,0.0,True,I don't care that you think no one cares. People do care. People know that the Chinese government commits crimes against humanity all the time. They know there is no true democracy and they know that China constantly spews out trash.,"['Chinese', 'China']",-0.6531,Negative,"['know', 'care', 'people', 'constantly', 'chinese government']",,,
Ugww8E_9y6m_QvZSEr94AaABAg.9yZRR96y0MuA-3ZiJ1mh-1,comment,Y8yTY_7w3KA,Ugww8E_9y6m_QvZSEr94AaABAg,True,@furikuri23,"@alf2633Wow they did you wrong didn’t they? 😂 I mean, did you care to check if your device used to type the comment is made in china?",0.0,True,"they did you wrong didn’t they? 😂 I mean, did you care to check if your device used to type the comment is made in china?",['china'],0.5204,Positive,"['did', 'wrong', 'check', 'used', 'mean']",,,
Ugww8E_9y6m_QvZSEr94AaABAg.9yZRR96y0MuA-86ZzA4rmK,comment,Y8yTY_7w3KA,Ugww8E_9y6m_QvZSEr94AaABAg,True,@alf2633,@furikuri23 it's made in Japan.,0.0,True,it's made in Japan.,['Japan'],0.0,Neutral,[],,,
UgzJvjzxXaqOgTXQbgR4AaABAg,comment,Y8yTY_7w3KA,,False,@TheNotoriousT,The most cheapest BYD Seal in Finland costs 4k€ more than the base model Model 3 (facelift). I can't understand who would buy this over cheaper Tesla?,0.0,True,The most cheapest BYD Seal in Finland costs 4k€ more than the base model Model 3 (facelift). I can't understand who would buy this over cheaper Tesla?,"['BYD Seal', 'Finland', 'Model 3', 'Tesla']",0.0,Neutral,"['model', 'understand', 'cheaper', 'byd seal', 'buy']",,,
Ugx1AHQkYJzX7_ZGKlp4AaABAg,comment,Y8yTY_7w3KA,,False,@ronaldmurray7746,"Seriously,  I'm falling asleep  with this review. So boring",0.0,True,"Seriously, I'm falling asleep with this review. So boring",[],-0.6476,Negative,"['seriously', 'boring', 'review']",,,
UgypW3t644tDy7Sm7wl4AaABAg,comment,Y8yTY_7w3KA,,False,@hellowill,"This blows the tesla way out. Looks better, and I can't take the tesla when they deleted the stalks, buttons, and refuse to add a HUD.",0.0,True,"This blows the tesla way out. Looks better, and I can't take the tesla when they deleted the stalks, buttons, and refuse to add a HUD.",['HUD'],0.1779,Positive,"['tesla', 'stalks', 'better tesla', 'looks better', 'hud']",,,
UgxolQekXb6WmOaGeON4AaABAg,comment,Y8yTY_7w3KA,,False,@anniecameron6794,Must agree its a lovely car that seems to deliver on quality and bigtime on performance  for a everyday car make a few super cars blush,0.0,True,Must agree its a lovely car that seems to deliver on quality and bigtime on performance for a everyday car make a few super cars blush,[],0.8807,Positive,"['car', 'super', 'performance', 'agree', 'quality']",,,
UgwlOhCG7A34nr2syg14AaABAg,comment,Y8yTY_7w3KA,,False,@dzl888,Which lighter colour would look good on the car? White or arctic blue?,0.0,True,Which lighter colour would look good on the car? White or arctic blue?,[],0.504,Positive,"['look', 'good', 'car']",,,
Ugxys1xYAOSTTBctARd4AaABAg,comment,Y8yTY_7w3KA,,False,@tomedwards1841,"How many have been killed when the BYD very flawed battery system explodes, shooting out jigantic sparks - bolts of lightning - in every direction? Clever packaging but very poor quality control and safety research. Just like everything else China does. And it's over a second slower in a zero-60 drag race.",0.0,True,"How many have been killed when the BYD very flawed battery system explodes, shooting out jigantic sparks - bolts of lightning - in every direction? Clever packaging but very poor quality control and safety research. Just like everything else China does. And it's over a second slower in a zero-60 drag race.","['BYD', 'China']",-0.4471,Negative,"['poor', 'explodes', 'safety', 'race', 'research']",,,
UgwUiXv81tZ5efBNHY14AaABAg,comment,Y8yTY_7w3KA,,False,@acjtwo,"I drove one in Mexico, it was the AWD, sadly I guess didn't have the dynamic suspension because the drive was not good at all, not sporty at all.. everything else is better than Tesla",1.0,True,"I drove one in Mexico, it was the AWD, sadly I guess didn't have the dynamic suspension because the drive was not good at all, not sporty at all.. everything else is better than Tesla","['Mexico', 'AWD', 'Tesla']",-0.5408,Negative,"['suspension', 'drove', 'awd', 'better tesla', 'drive']",,,
UgzR6hTcNAKJ1gl51594AaABAg,comment,Y8yTY_7w3KA,,False,@wynos0,"BYD is an easy choice:
- instrument panel
- HUD
- Apple CarPlay
- Android Auto
- proper indicator stalks
- parking sensors
- more thigh support in every seat
- cheaper
- more space in the back
- more stylish
- longer warranty (at least here in Finland
- can charge it to 100% without any problems
- V2L",95.0,True,BYD is an easy choice: - instrument panel - HUD - Apple CarPlay - Android Auto - proper indicator stalks - parking sensors - more thigh support in every seat - cheaper - more space in the back - more stylish - longer warranty (at least here in Finland - can charge it to 100% without any problems - V2L,"['BYD', 'HUD - Apple CarPlay - Android Auto', 'Finland']",0.7985,Positive,"['proper', 'parking', 'choice', 'carplay', 'apple carplay']",,,
UgzR6hTcNAKJ1gl51594AaABAg.9y5JynhrrtAA6jrZ-_XM_W,comment,Y8yTY_7w3KA,UgzR6hTcNAKJ1gl51594AaABAg,True,@Jonse70,And the battery works better in the freezing cold.,5.0,True,And the battery works better in the freezing cold.,[],0.3612,Positive,"['battery', 'better']",,,
UgzR6hTcNAKJ1gl51594AaABAg.9y5JynhrrtAAL6Iea1gHcx,comment,Y8yTY_7w3KA,UgzR6hTcNAKJ1gl51594AaABAg,True,@barbuclaudiurobert5830,The seats compared with the Tesla Model 3 are on another level. Test drove both of them and BYD is above Tesla.,5.0,True,The seats compared with the Tesla Model 3 are on another level. Test drove both of them and BYD is above Tesla.,"['Model 3', 'BYD', 'Tesla']",0.0,Neutral,"['tesla', 'drove', 'byd tesla', 'level', 'test']",,,
UgzR6hTcNAKJ1gl51594AaABAg.9y5JynhrrtAAVNbQhgFDvI,comment,Y8yTY_7w3KA,UgzR6hTcNAKJ1gl51594AaABAg,True,@SwiftHDX,"@barbuclaudiurobert5830 I like the Tesla seats, I'd say especially the ventilation is on another planet compared to the BYD, but the BYD had that plushness that is missing from the Tesla seats. Also, the non-adjustable super high seatbelt is annoying as hell on the Tesla, unless you drive like a bus driver with the seat all the way up, it's constantly on your neck. BYD has better ergonomics as well in terms of pure driving, better judged armrests and a nicer steering wheel to hold. However, the infotainment is nowhere near as intuitive and simple to use & understand as the Tesla. On the other hand, it has Android Auto/Apple Carplay, so most of the time it just doesn't matter.",1.0,True,"I like the Tesla seats, I'd say especially the ventilation is on another planet compared to the BYD, but the BYD had that plushness that is missing from the Tesla seats. Also, the non-adjustable super high seatbelt is annoying as hell on the Tesla, unless you drive like a bus driver with the seat all the way up, it's constantly on your neck. BYD has better ergonomics as well in terms of pure driving, better judged armrests and a nicer steering wheel to hold. However, the infotainment is nowhere near as intuitive and simple to use & understand as the Tesla. On the other hand, it has Android Auto/Apple Carplay, so most of the time it just doesn't matter.","['Tesla', 'BYD', 'Android Auto/Apple Carplay']",0.9431,Positive,"['tesla', 'byd', 'seats', 'better', 'like']",,,
Ugys4kvwANtYQAhD-dB4AaABAg,comment,Y8yTY_7w3KA,,False,@GaiaMother7,"Your headroom in a Model 3, as you can see at 4:51, is every bit as good as the headroom in the Seal.",0.0,True,"Your headroom in a Model 3, as you can see at 4:51, is every bit as good as the headroom in the Seal.",[],0.4404,Positive,"['headroom', 'bit', 'good', 'seal', 'model']",,,
Ugys4kvwANtYQAhD-dB4AaABAg.9y3V6L3mmYy9y4Bdu8Xbhq,comment,Y8yTY_7w3KA,Ugys4kvwANtYQAhD-dB4AaABAg,True,@autogefuehl,new seats in the M3 highland help,0.0,True,new seats in the M3 highland help,[],0.4019,Positive,"['m3', 'highland', 'help', 'new', 'seats']",,,
Ugw5h-oiUNZyrGXRy294AaABAg,comment,Y8yTY_7w3KA,,False,@jr800w,I think they’ve over done it with the exterior design.  How can the next generation look better when this one already looks really good.,0.0,True,I think they’ve over done it with the exterior design. How can the next generation look better when this one already looks really good.,[],0.7264,Positive,"['exterior', 've', 'design', 'look', 'think']",,,
UgxIexnkVK1Ne9v2pxd4AaABAg,comment,Y8yTY_7w3KA,,False,@MegaLouLuo,"Seal charge faster than Tesla M3 on most public non Tesla specialized charging ports. It also outperforms in extreme cold weather.
At least that is the case in China.",0.0,True,Seal charge faster than Tesla M3 on most public non Tesla specialized charging ports. It also outperforms in extreme cold weather. At least that is the case in China.,"['Tesla M3', 'Tesla', 'China']",0.0,Neutral,"['tesla', 'm3', 'case', 'charge', 'charging']",,,
UgwApzI_mU3qmqtezpd4AaABAg,comment,Y8yTY_7w3KA,,False,@Brandon-ob9rg,I still prefer the simplicity of a tesla.,0.0,True,I still prefer the simplicity of a tesla.,[],0.0,Neutral,"['simplicity', 'prefer', 'tesla']",,,
UgwSFcMO3zcHU_EhCAZ4AaABAg,comment,Y8yTY_7w3KA,,False,@BigEightiesNewWave,When will be in USA?,0.0,True,When will be in USA?,['USA'],0.0,Neutral,[],,,
Ugzlr1iFAWOO7g-FG-R4AaABAg,comment,Y8yTY_7w3KA,,False,@jameschan2171,great fire car....BBQ for the whole family...,0.0,True,great fire car....BBQ for the whole family...,['BBQ'],0.4019,Positive,"['great car', 'great', 'car']",,,
Ugzlr1iFAWOO7g-FG-R4AaABAg.9xqf99vkDPX9xwD78cEigQ,comment,Y8yTY_7w3KA,Ugzlr1iFAWOO7g-FG-R4AaABAg,True,@lifeliver9000,Burn less than petrols diesels and hybrids so if burning or exploding is your fear by a EV much safer. Research the facts online not the petroleum company spin,1.0,True,Burn less than petrols diesels and hybrids so if burning or exploding is your fear by a EV much safer. Research the facts online not the petroleum company spin,[],-0.1027,Negative,"['research', 'company', 'ev']",,,
UgxIJHl51YL0Pg53tDp4AaABAg,comment,Y8yTY_7w3KA,,False,@Uni12355,"But the level 2 autopilot is sucks , No summon parking , no auto steer city driving .",0.0,True,"But the level 2 autopilot is sucks , No summon parking , no auto steer city driving .",[],-0.8338,Negative,"['parking', 'level', 'city', 'auto', 'driving']",,,
Ugz6LLv573yD5H_1fxt4AaABAg,comment,Y8yTY_7w3KA,,False,@autogefuehl,"Note that contrary to the first info and contrary to how they sold the vehicle to customers, the BYD Seal does come with animal skin leather. Customers bought the vehicle expecting animal free leatherette while BYD did not offer consistent information.",2.0,True,"Note that contrary to the first info and contrary to how they sold the vehicle to customers, the BYD Seal does come with animal skin leather. Customers bought the vehicle expecting animal free leatherette while BYD did not offer consistent information.",['BYD'],0.5106,Positive,"['contrary', 'animal', 'customers', 'vehicle', 'byd']",,,
Ugz6LLv573yD5H_1fxt4AaABAg.9xq4WQfMFdRAIp3zkmy68d,comment,Y8yTY_7w3KA,Ugz6LLv573yD5H_1fxt4AaABAg,True,@meelanche,"this means that the leather in Seal is real, ie. isn't a vegan or a PU one?",0.0,True,"this means that the leather in Seal is real, ie. isn't a vegan or a PU one?",['Seal'],-0.4278,Negative,"['vegan', 'real', 'leather', 'seal']",,,
Ugwh_3gugWFGsGZlc5F4AaABAg,comment,Y8yTY_7w3KA,,False,@Kloppin4H0rses,"I don't understand why electric cars are required to have chimes for pedestrians. My current ICE Kia is so quiet that you literally cannot hear it running while standing right next to it.  

Modern cars are remarkably quiet. Electric or not.",0.0,True,I don't understand why electric cars are required to have chimes for pedestrians. My current ICE Kia is so quiet that you literally cannot hear it running while standing right next to it. Modern cars are remarkably quiet. Electric or not.,['Kia'],-0.6369,Negative,"['cars', 'understand', 'ice', 'kia', 'don']",,,
UgwUIaM6YDghNBiO4Ul4AaABAg,comment,Y8yTY_7w3KA,,False,@Liquid_Cooled,Built and designed in China. Buyer beware.,0.0,True,Built and designed in China. Buyer beware.,['China'],0.0,Neutral,['china'],,,
UgyJ16UGYz1Rh55FLsh4AaABAg,comment,Y8yTY_7w3KA,,False,@jianwen5760321,Byd overseas prices are close to doubling their Chinese prices. So to me the subsidy/dumping argument is pure BS to cover up protectionism.,0.0,True,Byd overseas prices are close to doubling their Chinese prices. So to me the subsidy/dumping argument is pure BS to cover up protectionism.,['Chinese'],-0.3612,Negative,"['prices', 'chinese', 'byd']",,,
UgzgSvsFrxx1iiabY_94AaABAg,comment,Y8yTY_7w3KA,,False,@rgkgamedogs5345,Teslas are so ugly,1.0,True,Teslas are so ugly,['Teslas'],-0.6418,Negative,['ugly'],,,
Ugwj4EmlCST0V0Y0X794AaABAg,comment,Y8yTY_7w3KA,,False,@leegoodman7760,"Here is the fact. BYD makes around $700（650 EURO) profit on each car sold while tesla makes average $10000(9000 EURO) on there cars.  Do a simple calculation, then there is no brainer to choose which one to go for even if they are same priced.",0.0,True,"Here is the fact. BYD makes around $700（650 EURO) profit on each car sold while tesla makes average $10000(9000 EURO) on there cars. Do a simple calculation, then there is no brainer to choose which one to go for even if they are same priced.",['BYD'],0.1779,Positive,"['fact', 'sold', 'cars', 'car', 'byd']",,,
UgzTBJ8TGaKcHGvFF4h4AaABAg,comment,Y8yTY_7w3KA,,False,@doctorstheory,Much better looking than Tesla !,0.0,True,Much better looking than Tesla !,['Tesla'],0.4926,Positive,"['better looking', 'looking tesla', 'looking', 'better', 'tesla']",,,
UgxZvs3pbc0nSAlN18x4AaABAg,comment,Y8yTY_7w3KA,,False,@paulbentley7815,Are there any videos of ‘roll over’ test? I am not convinced that the glass roof without a central bar would be safe. Lower selling price must equate to lower quality somewhere even though the car is massively subsidized by the Chinese government,0.0,True,Are there any videos of ‘roll over’ test? I am not convinced that the glass roof without a central bar would be safe. Lower selling price must equate to lower quality somewhere even though the car is massively subsidized by the Chinese government,['Chinese'],-0.4133,Negative,"['lower', 'test', 'price', 'chinese government', 'government']",,,
Ugw_m-yWgIfobX8-cMt4AaABAg,comment,Y8yTY_7w3KA,,False,@jackhastings9800,LOL. Luv the ice cream truck sound!  The microfiber insert looks like two layers of foam. Vegan interior = plastic. Seen many BYD cars on fire in China. I would wait 5 to 10 years before I would  buy one. Not very Fahrvergnugen.,0.0,True,LOL. Luv the ice cream truck sound! The microfiber insert looks like two layers of foam. Vegan interior = plastic. Seen many BYD cars on fire in China. I would wait 5 to 10 years before I would buy one. Not very Fahrvergnugen.,"['BYD', 'China', 'Fahrvergnugen']",0.6027,Positive,"['lol', 'ice cream', 'cream', 'vegan', 'plastic']",,,
Ugwcu0b9ZjyBkB0Hw554AaABAg,comment,Y8yTY_7w3KA,,False,@pagophilus,ACC in 5km/h increments - perfect. Just like my Subaru. Doesn't need fixing according to me.,0.0,True,ACC in 5km/h increments - perfect. Just like my Subaru. Doesn't need fixing according to me.,"['ACC', 'km/h', 'Subaru']",0.7351,Positive,"['need', 'doesn', 'just', 'like']",,,
UgycalzoAowPs2gowax4AaABAg,comment,Y8yTY_7w3KA,,False,@fxrisxmxli,Can't wait for EV cars to use solid state batteries.,0.0,True,Can't wait for EV cars to use solid state batteries.,[],0.1531,Positive,"['use', 'ev', 'cars']",,,
Ugzvoho6NgEd97Xba_p4AaABAg,comment,Y8yTY_7w3KA,,False,@stormbroke,Where did you perform the test (in which city). I love Germany!,0.0,True,Where did you perform the test (in which city). I love Germany!,['Germany'],0.6696,Positive,"['germany', 'city', 'test', 'love', 'did']",,,
Ugzvoho6NgEd97Xba_p4AaABAg.9xXZjL7C_zD9x_DPLMig9v,comment,Y8yTY_7w3KA,Ugzvoho6NgEd97Xba_p4AaABAg,True,@stormbroke,@autogefuehl oh cool. I used to live in Forsbach (just on the outskirts of the Konigsforst. We’ll be back in Koln for the Xmas markets in a few weeks. My favourite place in Germany although I also really like Freiburg.,0.0,True,oh cool. I used to live in Forsbach (just on the outskirts of the Konigsforst. We’ll be back in Koln for the Xmas markets in a few weeks. My favourite place in Germany although I also really like Freiburg.,"['Forsbach', 'Konigsforst', 'Koln', 'Xmas', 'Germany', 'Freiburg']",0.624,Positive,"['live', 'markets', 'used', 'germany', 'really']",,,
UgxDmlihsrdF9Ivxf-N4AaABAg,comment,Y8yTY_7w3KA,,False,@CalmLikeABomb76,"I would love if revievers of e-cars would have a bit of focus on the software in the cars. Like for example: If i want to do a long drive, like a vacation in my car as us europeans tend to do al lot, how is it to plan charging stations with the software? Does it do it by itself, or is it gonna be a lot of planning for the driver? And how well is the car at estimating its state of charge - the amount of range left, when you arrive at the chosen charging station? Is it over-estimating it's own range, or can you rely on the numbers?",0.0,True,"I would love if revievers of e-cars would have a bit of focus on the software in the cars. Like for example: If i want to do a long drive, like a vacation in my car as us europeans tend to do al lot, how is it to plan charging stations with the software? Does it do it by itself, or is it gonna be a lot of planning for the driver? And how well is the car at estimating its state of charge - the amount of range left, when you arrive at the chosen charging station? Is it over-estimating it's own range, or can you rely on the numbers?",['europeans'],0.9111,Positive,"['software', 'range', 'charging', 'lot', 'cars']",,,
UgybGzRSob4CQ5Vv2tp4AaABAg,comment,Y8yTY_7w3KA,,False,@Universallife1213,Tesla and apple. Most over hyped products.,0.0,True,Tesla and apple. Most over hyped products.,[],0.0,Neutral,"['products', 'apple', 'tesla']",,,
Ugw1uRLKolYNCykhEVx4AaABAg,comment,Y8yTY_7w3KA,,False,@mateofernando5066,The long term TCO of the BYD Seal and Tesla Model 3 is the most important.  The long run picture will determine if I would trust buying anything made by a chinese company,0.0,True,The long term TCO of the BYD Seal and Tesla Model 3 is the most important. The long run picture will determine if I would trust buying anything made by a chinese company,"['Tesla Model 3', 'chinese']",0.659,Positive,"['long', 'buying', 'trust', 'important', 'term']",,,
Ugx_nx9oq_mL6X9ZSdZ4AaABAg,comment,Y8yTY_7w3KA,,False,@karlInSanDiego,"Thomas, your reviews are the best. Keep up the great work.",0.0,True,"Thomas, your reviews are the best. Keep up the great work.",['Thomas'],0.8519,Positive,"['reviews', 'best', 'thomas', 'great']",,,
UgxBtzm3M4eK0YKLObd4AaABAg,comment,Y8yTY_7w3KA,,False,@karlInSanDiego,No not horror movie sound. It sounds like a beautiful Chinese melody. I like it.,0.0,True,No not horror movie sound. It sounds like a beautiful Chinese melody. I like it.,['Chinese'],0.6395,Positive,"['like', 'sounds', 'sound', 'chinese']",,,
UgwalEnOfDwT1uAVjX54AaABAg,comment,Y8yTY_7w3KA,,False,@davidtolson7680,Is Apple CarPlay wireless ?,0.0,True,Is Apple CarPlay wireless ?,['Apple CarPlay'],0.0,Neutral,"['carplay', 'apple carplay', 'apple']",,,
Ugz5prJg8fpPw5CKhjd4AaABAg,comment,Y8yTY_7w3KA,,False,@nhqbill,"Nah, still not as sleek looking as Tesla. It's like android vs iphone....android may have better things but it looks like it's trying too hard.",0.0,True,"Nah, still not as sleek looking as Tesla. It's like android vs iphone....android may have better things but it looks like it's trying too hard.","['Nah', 'Tesla']",0.631,Positive,"['android', 'like', 'vs', 'iphone', 'things']",,,
UgymHvC-z4gmnCwE7ut4AaABAg,comment,Y8yTY_7w3KA,,False,@Peter-c2v,I would have liked an introduction of the parking. Like the 360° camera and the USS as well. They seem from other videos i've seen very advanced. And specially against tesla this is a big PLUS.,0.0,True,I would have liked an introduction of the parking. Like the 360° camera and the USS as well. They seem from other videos i've seen very advanced. And specially against tesla this is a big PLUS.,['the USS'],0.8268,Positive,"['parking', 've seen', 'seen', 've', 'like']",,,
UgzdUkrDs_j3P5ZHwcV4AaABAg,comment,Y8yTY_7w3KA,,False,@henriqueoliveira2840,One of the best car reviews I've ever seen. Very well done.,7.0,True,One of the best car reviews I've ever seen. Very well done.,[],0.7645,Positive,"['reviews', 've seen', 'seen', 'best', 've']",,,
UgydC6gu4uNGmwk19WZ4AaABAg,comment,Y8yTY_7w3KA,,False,@iamthemedici,"The subsidies about Chinese cars are such BS, the only thing you dont pay is tax when buying an ev, where in Europe you actually get subsidies.",0.0,True,"The subsidies about Chinese cars are such BS, the only thing you dont pay is tax when buying an ev, where in Europe you actually get subsidies.","['Chinese', 'Europe']",0.0762,Positive,"['subsidies', 'tax', 'buying', 'thing', 'chinese cars']",,,
UgydC6gu4uNGmwk19WZ4AaABAg.9xGXr7qN77K9xGYWMicFr2,comment,Y8yTY_7w3KA,UgydC6gu4uNGmwk19WZ4AaABAg,True,@autogefuehl,"The chinese government heavily subsidizes EV manufacturers, I even let my Chinese friends organize the official publications about it, it’s nothing secret. And they re free to do it",0.0,True,"The chinese government heavily subsidizes EV manufacturers, I even let my Chinese friends organize the official publications about it, it’s nothing secret. And they re free to do it","['chinese', 'Chinese']",0.7506,Positive,"['chinese', 'manufacturers', 'chinese government', 'free', 'government']",,,
UgzNOaedlGrvWcyRL554AaABAg,comment,Y8yTY_7w3KA,,False,@mahjonglivestreaming4535,proud of china,0.0,True,proud of china,['china'],0.4767,Positive,['china'],,,
UgwhYP8fHF3m65ikzfx4AaABAg,comment,Y8yTY_7w3KA,,False,@kenny9168,Tesla model 3– never like it. It feels like drive car with Ipad. Doesn’t feel like driving,0.0,True,Tesla model 3– never like it. It feels like drive car with Ipad. Doesn’t feel like driving,['Ipad'],0.4386,Positive,"['like', 'feel', 'tesla model', 'drive', 'doesn']",,,
UgyBrbB2nEkw-BTwT_J4AaABAg,comment,Y8yTY_7w3KA,,False,@jontsang7334,The car's safety is my major concern.  News about BYD's fire has been censored in China.,0.0,True,The car's safety is my major concern. News about BYD's fire has been censored in China.,"['BYD', 'China']",-0.0516,Negative,"['safety', 'china', 'car', 'byd']",,,
UgyBrbB2nEkw-BTwT_J4AaABAg.9xDFuz_Y22o9xLMSRvuT3k,comment,Y8yTY_7w3KA,UgyBrbB2nEkw-BTwT_J4AaABAg,True,@cocoaiscool2709,it’s literally floating around weibo and ByD got 5 stars rating in euro ncap,1.0,True,it’s literally floating around weibo and ByD got 5 stars rating in euro ncap,['ByD'],0.0,Neutral,"['got', 'byd']",,,
UgwmQdO2sXkACHM5zHp4AaABAg,comment,Y8yTY_7w3KA,,False,@druzain,LOVE THIS CAR...,0.0,True,LOVE THIS CAR...,[],0.6369,Positive,"['love', 'car']",,,
UgyBJTeQZjSdBd9XPHl4AaABAg,comment,Y8yTY_7w3KA,,False,@FrenchWithStories,I am a Tesla fan but this looks way nicer than a Model 3.,1.0,True,I am a Tesla fan but this looks way nicer than a Model 3.,['Tesla'],0.6705,Positive,"['nicer', 'way', 'looks', 'model', 'tesla']",,,
Ugy2PYbS3g9an9HbbZt4AaABAg,comment,Y8yTY_7w3KA,,False,@macbrush,"I can’t say for this particular model, but Chinese products in general have very good design and functions, but QC is absolutely crap, things start to break after a very short time, you see a lot of Chinese made cars look and feel like 20 years Toyota while the fact that they are just a few years old.",0.0,True,"I can’t say for this particular model, but Chinese products in general have very good design and functions, but QC is absolutely crap, things start to break after a very short time, you see a lot of Chinese made cars look and feel like 20 years Toyota while the fact that they are just a few years old.","['Chinese', 'Toyota']",0.5719,Positive,"['years', 'chinese', 'products', 'things', 'chinese cars']",,,
UgyFBvjS9SHmNex0yYB4AaABAg,comment,Y8yTY_7w3KA,,False,@BHARGAV_GAJJAR,Its not all about the car its about the entire product system and Tesla offers a supercharging network which in America is really a system far into future already.,0.0,True,Its not all about the car its about the entire product system and Tesla offers a supercharging network which in America is really a system far into future already.,"['Tesla', 'America']",0.0,Neutral,"['network', 'america', 'product', 'really', 'car']",,,
UgzafaRJT5FuYGxQpkh4AaABAg,comment,Y8yTY_7w3KA,,False,@karl-johanv.jensen3659,How is the beeping/warnings from the ADAS system. Did you do a test drive without disabling them ?,0.0,True,How is the beeping/warnings from the ADAS system. Did you do a test drive without disabling them ?,['ADAS'],0.3724,Positive,"['adas', 'test', 'drive', 'did']",,,
Ugzif-6xlvCxQZTf1Dh4AaABAg,comment,Y8yTY_7w3KA,,False,@michaelqi5202,"Regarding the interior, I'd prefer Model 3's simplicity.",2.0,True,"Regarding the interior, I'd prefer Model 3's simplicity.","[""Model 3's""]",0.0,Neutral,"['simplicity', 'prefer', 'interior', 'model']",,,
UgxZqHLWDgOb7ZMs-cl4AaABAg,comment,Y8yTY_7w3KA,,False,@Dadinthepit,"Thanks Thomas! This review has sold me, I'm ordering one early 2024!",0.0,True,"Thanks Thomas! This review has sold me, I'm ordering one early 2024!",['Thomas'],0.5399,Positive,"['thanks', 'sold', 'thomas', 'review']",,,
UgyRzXZYe1mi0r4RgUB4AaABAg,comment,Y8yTY_7w3KA,,False,@Victoria-yj6ji,"The Chinese government don't subsidise the car manufacturers, they subsidise buyers. And the buyer subsidies are getting lower now. The reason why the Chinese cars are competitive at price is because they have full supply chains in China.",0.0,True,"The Chinese government don't subsidise the car manufacturers, they subsidise buyers. And the buyer subsidies are getting lower now. The reason why the Chinese cars are competitive at price is because they have full supply chains in China.","['Chinese', 'China']",-0.128,Negative,"['chinese', 'lower', 'subsidies', 'competitive', 'chinese cars']",,,
Ugzfq2OG_bdw7wS9-7x4AaABAg,comment,Y8yTY_7w3KA,,False,@PJ21212,A matchbox toy car would  be better than the downmarket pile of junk Tesla produces.,0.0,True,A matchbox toy car would be better than the downmarket pile of junk Tesla produces.,['Tesla'],0.4404,Positive,"['better', 'car', 'tesla']",,,
UgxPZYVRrVXXpb7LnMp4AaABAg.9x-8jWuYh_O9x-sX64fHur,comment,Y8yTY_7w3KA,UgxPZYVRrVXXpb7LnMp4AaABAg,True,@autogefuehl,U have to do that every time at startup again. Thats EU law,0.0,True,U have to do that every time at startup again. Thats EU law,[],0.0,Neutral,"['eu', 'time']",,,
UgxlVkyn8NfUqwgLfMd4AaABAg,comment,Y8yTY_7w3KA,,False,@R1S0.,"6:45 - 6:53 very nice feature. i wish every car brand would adapt that..... i dont like inside, too much gloss black, exterior looks decent. pretty dreadful UI design/graphic.... no sunroof shade is a very bad trend they follow.",0.0,True,"6:45 - 6:53 very nice feature. i wish every car brand would adapt that..... i dont like inside, too much gloss black, exterior looks decent. pretty dreadful UI design/graphic.... no sunroof shade is a very bad trend they follow.",[],-0.2523,Negative,"['follow', 'exterior', 'bad', 'black', 'inside']",,,
Ugy5NtK4ext15USaJEB4AaABAg,comment,Y8yTY_7w3KA,,False,@TonyTenToes1,Sounds like an ice cream van when moving slowly.,0.0,True,Sounds like an ice cream van when moving slowly.,[],0.3612,Positive,"['ice cream', 'cream', 'sounds', 'ice', 'like']",,,
UgwStREyX1qRjgjYnFt4AaABAg,comment,Y8yTY_7w3KA,,False,@fiyuk_yuu,BYD explodes in a ball of flames in China--good luck... You should buy cars from a proper car manufacturer with years of experience.,0.0,True,BYD explodes in a ball of flames in China--good luck... You should buy cars from a proper car manufacturer with years of experience.,"['BYD', 'China']",0.4588,Positive,"['proper', 'explodes', 'experience', 'years', 'buy']",,,
UgxLhK2tITCUSNywScd4AaABAg,comment,Y8yTY_7w3KA,,False,@eurekarx2048,I still prefer the tesla model 3 design and man the seats are so functional and high quality but damn BYD have really caught up to be as good with a lower price tag.Ill surely be getting a BYD for my next car if this keeps up,0.0,True,I still prefer the tesla model 3 design and man the seats are so functional and high quality but damn BYD have really caught up to be as good with a lower price tag.Ill surely be getting a BYD for my next car if this keeps up,['BYD'],0.3291,Positive,"['byd', 'lower', 'high', 'prefer', 'price']",,,
UgxLhK2tITCUSNywScd4AaABAg.9wohfV9xMS29zNvtt2mggV,comment,Y8yTY_7w3KA,UgxLhK2tITCUSNywScd4AaABAg,True,@ragehate,Only lights in tesla is bad and boring. The rest: is another level. Byd is ugly inside.,0.0,True,Only lights in tesla is bad and boring. The rest: is another level. Byd is ugly inside.,[],-0.8442,Negative,"['bad', 'level', 'inside', 'ugly', 'boring']",,,
UgxLhK2tITCUSNywScd4AaABAg.9wohfV9xMS29zVt2zs87Am,comment,Y8yTY_7w3KA,UgxLhK2tITCUSNywScd4AaABAg,True,@eurekarx2048,"@ragehate Don't really agree, BYD interior looks better and futuristic.Im not sure about the practical side cause I do not own one yet.",0.0,True,"Don't really agree, BYD interior looks better and futuristic.Im not sure about the practical side cause I do not own one yet.",['BYD'],-0.0999,Negative,"['sure', 'looks better', 'agree', 'don', 'really']",,,
UgxLhK2tITCUSNywScd4AaABAg.9wohfV9xMS29z_ix2oz24W,comment,Y8yTY_7w3KA,UgxLhK2tITCUSNywScd4AaABAg,True,@harryji3201,real buttons are always more practical@eurekarx2048,0.0,True,real buttons are always more,[],0.0,Neutral,"['real', 'buttons']",,,
UgxiF0zzAV70vs_NtXd4AaABAg,comment,Y8yTY_7w3KA,,False,@Its-me..,Indicator sound can be changed to a different sound in the menu.,2.0,True,Indicator sound can be changed to a different sound in the menu.,[],0.0,Neutral,"['sound', 'different', 'indicator']",,,
UgymQDcsK8OQf3yK7YR4AaABAg,comment,Y8yTY_7w3KA,,False,@jermainec2462,Bring that shit to the US we need some variety already LOL... And if they was ever able to bring it over here please let it stay a sedan and not another boring crossover we in the states got enough of them as it is😅,0.0,True,Bring that shit to the US we need some variety already LOL... And if they was ever able to bring it over here please let it stay a sedan and not another boring crossover we in the states got enough of them as it is😅,[],0.6903,Positive,"['bring', 'lol', 'got', 'able', 'need']",,,
UgyMsVehO8YAM7fOmcZ4AaABAg,comment,Y8yTY_7w3KA,,False,@Vinsensus,chinese expansion in action - welcome new world order!,0.0,True,chinese expansion in action - welcome new world order!,['chinese'],0.5093,Positive,"['new', 'chinese']",,,
UgzMUn0NkFUcbUAchT94AaABAg,comment,Y8yTY_7w3KA,,False,@blade9297,Shame it is not a hatchback/fastback.  Looks very nice though,1.0,True,Shame it is not a hatchback/fastback. Looks very nice though,[],-0.0018,Neutral,"['looks nice', 'shame', 'nice', 'looks']",,,
UgzePi7NlWss1DAjZ9l4AaABAg,comment,Y8yTY_7w3KA,,False,@АлександърПетров-ц6й,Your girlfriend looks very attractive. You must show her also it will be good for your channel 😊,1.0,True,Your girlfriend looks very attractive. You must show her also it will be good for your channel 😊,[],0.902,Positive,"['channel', 'good', 'looks']",,,
Ugy34vUlQpjy2ekCQXF4AaABAg,comment,Y8yTY_7w3KA,,False,@bowman4275,"It doesn't matter. EV's are piling up in overflow lots everywhere because the dealers just can't sell enough of them. Hardly surprising as they are just too expensive for most people, and even if the prices were reduced both the manufacturers and the dealers would lose money. Then there is the risk of the battery just bursting into flames. It's hardly surprising that EV's are not being sold in sufficient quantities for it to be a sustainable solution. Ford and GM have just shutdown their entire EV production. I expect more will follow.",0.0,True,"It doesn't matter. EV's are piling up in overflow lots everywhere because the dealers just can't sell enough of them. Hardly surprising as they are just too expensive for most people, and even if the prices were reduced both the manufacturers and the dealers would lose money. Then there is the risk of the battery just bursting into flames. It's hardly surprising that EV's are not being sold in sufficient quantities for it to be a sustainable solution. Ford and GM have just shutdown their entire EV production. I expect more will follow.",['Ford'],0.0103,Neutral,"['just', 'ev', 'follow', 'prices', 'expensive']",,,
Ugy34vUlQpjy2ekCQXF4AaABAg.9weydiD2Ps19woR1WwhLae,comment,Y8yTY_7w3KA,Ugy34vUlQpjy2ekCQXF4AaABAg,True,@vitolu6727,BYD and Tesla make huge profits every quarter. Ford and GM are just losers in the EV race.,1.0,True,BYD and Tesla make huge profits every quarter. Ford and GM are just losers in the EV race.,"['BYD', 'Tesla', 'Ford']",0.2023,Positive,"['race', 'byd tesla', 'make', 'ev', 'just']",,,
UgylshttXh_rzPjE-i94AaABAg,comment,Y8yTY_7w3KA,,False,@karimc8379,"Hi Thomas and thanks for the video. I currently have a 2022 propulsion Model 3. I'd like something quicker like the AWD Highland Model 3 but this AWD BYD Seals is nice too.
Over the Model 3, I like the fact it's a performance version but with the convenience of the LFP battery. I also like the more conventionnal approach with stalks, HUD, blind spot indicator in the mirror etc. The suspension and overall comfort seems better too. I don't like the fact that there's an on/off button for the car (I constantly forgot to turn it off in my wife's Kona). Overall, coming from a Tesla, it looks like a clusterf**k of buttons BTW. Boot space is ridiculous compared to the Model 3 but I might not need too much either. Charging port is on the wrong side for current superchargers too.
I don't know, could you help me make up my mind please?
What's the sound system like BTW?",9.0,True,"Hi Thomas and thanks for the video. I currently have a 2022 propulsion Model 3. I'd like something quicker like the AWD Highland Model 3 but this AWD BYD Seals is nice too. Over the Model 3, I like the fact it's a performance version but with the convenience of the LFP battery. I also like the more conventionnal approach with stalks, HUD, blind spot indicator in the mirror etc. The suspension and overall comfort seems better too. I don't like the fact that there's an on/off button for the car (I constantly forgot to turn it off in my wife's Kona). Overall, coming from a Tesla, it looks like a clusterf**k of buttons BTW. Boot space is ridiculous compared to the Model 3 but I might not need too much either. Charging port is on the wrong side for current superchargers too. I don't know, could you help me make up my mind please? What's the sound system like BTW?","['Thomas', 'Model 3', 'LFP', 'HUD', 'Kona', 'Tesla', 'clusterf**k']",0.9661,Positive,"['like', 'model', 'awd', 'fact', 'don']",,,
UgylshttXh_rzPjE-i94AaABAg.9we8RAY2C0l9xq4_aM4Db1,comment,Y8yTY_7w3KA,UgylshttXh_rzPjE-i94AaABAg,True,@autogefuehl,"Note that contrary to the first info and contrary to how they sold the vehicle to customers, the BYD Seal does come with animal skin leather. Customers bought the vehicle expecting animal free leatherette while BYD did not offer consistent information. In that case, Model 3 it is.",1.0,True,"Note that contrary to the first info and contrary to how they sold the vehicle to customers, the BYD Seal does come with animal skin leather. Customers bought the vehicle expecting animal free leatherette while BYD did not offer consistent information. In that case, Model 3 it is.","['BYD', 'Model 3']",0.5106,Positive,"['contrary', 'animal', 'customers', 'vehicle', 'byd']",,,
UgylshttXh_rzPjE-i94AaABAg.9we8RAY2C0l9xr8Gvlj5kI,comment,Y8yTY_7w3KA,UgylshttXh_rzPjE-i94AaABAg,True,@karimc8379,@autogefuehl Nice! I like the smell of leather in my cars (I had a 2013 Civic whose leather interior smelled fantastic) My Model 3 smells nothing and it's a bit weird.,1.0,True,Nice! I like the smell of leather in my cars (I had a 2013 Civic whose leather interior smelled fantastic) My Model 3 smells nothing and it's a bit weird.,"['Civic', 'Model 3']",0.8172,Positive,"['leather', 'bit', 'fantastic', 'nice', 'interior']",,,
UgxoXM3OQ_Mf8qoppFd4AaABAg,comment,Y8yTY_7w3KA,,False,@Archer-hg9rw,It took me so long to realize that the black thing was actually legs💀,1.0,True,It took me so long to realize that the black thing was actually legs💀,[],0.0,Neutral,"['legs', 'black', 'thing', 'actually', 'long']",,,
Ugwql8cu3vz6qEf84xF4AaABAg,comment,Y8yTY_7w3KA,,False,@dickschuurman4684,"Thomas, maybe soon a review of the BYD Dolphin...?",0.0,True,"Thomas, maybe soon a review of the BYD Dolphin...?",['Thomas'],0.0,Neutral,"['maybe', 'thomas', 'review', 'byd']",,,
UgxRBi6DiqYLKnm4v614AaABAg,comment,Y8yTY_7w3KA,,False,@DiamondMind949,I just hope they don't blow up when parked indoors. I'm very wary of Chinese made vehicles for fear of battery explosions lol. I hope I'm wrong though,0.0,True,I just hope they don't blow up when parked indoors. I'm very wary of Chinese made vehicles for fear of battery explosions lol. I hope I'm wrong though,['Chinese'],0.3182,Positive,"['wrong', 'lol', 'battery', 'don', 'just']",,,
UgxRBi6DiqYLKnm4v614AaABAg.9wb7CxwAWmL9woRAfIXzJa,comment,Y8yTY_7w3KA,UgxRBi6DiqYLKnm4v614AaABAg,True,@vitolu6727,search for NCAP test of seal,0.0,True,search for NCAP test of seal,['NCAP'],0.0,Neutral,"['test', 'seal']",,,
Ugz1Ie5dERcJ6MxWlDN4AaABAg,comment,Y8yTY_7w3KA,,False,@Ianmundo,"awful branding, ugly big emblem on the front, and “Seal”? 😂 no, just no",0.0,True,"awful branding, ugly big emblem on the front, and “Seal”? 😂 no, just no",[],-0.6808,Negative,"['ugly', 'seal', 'just']",,,
UgyOG_pK7S70fGDKp6t4AaABAg,comment,Y8yTY_7w3KA,,False,@Nickbaldeagle02,If this was a hatchback I'd be seriously considering this car. Such a shame.,1.0,True,If this was a hatchback I'd be seriously considering this car. Such a shame.,[],-0.5859,Negative,"['seriously', 'shame', 'car']",,,
UgxhHpHYRrXN3l9ZqOB4AaABAg,comment,Y8yTY_7w3KA,,False,@stevemcgowen,No. It’s Chinese shi-. You must be getting paid by BYD…,1.0,True,No. It’s Chinese shi-. You must be getting paid by BYD…,"['Chinese', 'BYD']",0.0,Neutral,"['getting', 'chinese', 'byd']",,,
Ugy2HdqoB6y78PQlNfR4AaABAg,comment,Y8yTY_7w3KA,,False,@jonnieinbangkok,Bye-bye German car industry 😂 😂 😂,0.0,True,Bye-bye German car industry 😂 😂 😂,['German'],0.8271,Positive,"['industry', 'german', 'car']",,,
UgxpKDTya9xixbKRpFN4AaABAg,comment,Y8yTY_7w3KA,,False,@rayfinkle9369,"This is much uglier than the Tesla. In fact, many of these premium Chinese cars I've seen are uglier copies of someone else's car. They only win on price most of the time, and I'm certain the quality and ongoing support isn't going to be as good - at least not in the early development of these cars. BYD stock long term? Yes. Buy a BYD? No.",0.0,True,"This is much uglier than the Tesla. In fact, many of these premium Chinese cars I've seen are uglier copies of someone else's car. They only win on price most of the time, and I'm certain the quality and ongoing support isn't going to be as good - at least not in the early development of these cars. BYD stock long term? Yes. Buy a BYD? No.","['Tesla', 'Chinese', 'BYD']",0.7998,Positive,"['cars', 'byd', 've seen', 'support', 'yes']",,,
UgxpKDTya9xixbKRpFN4AaABAg.9wTWv-f5RAy9woRZd7y5QF,comment,Y8yTY_7w3KA,UgxpKDTya9xixbKRpFN4AaABAg,True,@vitolu6727,Are you against yourself? How can it be justified to believe in the long-term value of a company's stock but denigrate its products?,0.0,True,Are you against yourself? How can it be justified to believe in the long-term value of a company's stock but denigrate its products?,[],0.4423,Positive,"['products', 'term', 'long term', 'company', 'long']",,,
UgxpKDTya9xixbKRpFN4AaABAg.9wTWv-f5RAy9wpVe8l69PG,comment,Y8yTY_7w3KA,UgxpKDTya9xixbKRpFN4AaABAg,True,@rayfinkle9369,"@vitolu6727 Because their market is China. And when it eventually breaks out in Europe and America, the massive potential can be realized. And there's still growth in China as the middle class grows. I just think it's ugly and wouldn't buy it, like a Toyota - who are massively successful w/out me having to like them.",0.0,True,"Because their market is China. And when it eventually breaks out in Europe and America, the massive potential can be realized. And there's still growth in China as the middle class grows. I just think it's ugly and wouldn't buy it, like a Toyota - who are massively successful w/out me having to like them.","['China', 'Europe', 'America', 'Toyota']",0.5408,Positive,"['china', 'like', 'class', 'middle', 'wouldn']",,,
UgxPqnA63WSxKIbMkIR4AaABAg,comment,Y8yTY_7w3KA,,False,@RG-xi7bc,And spies you all the time. Oh those Europeans! 😂,0.0,True,And spies you all the time. Oh those Europeans! 😂,['Europeans'],0.4926,Positive,['time'],,,
UgzeXDiyeyQVOD_Hy4d4AaABAg,comment,Y8yTY_7w3KA,,False,@yiyoink,There really is a race to the bottom here. Europe's Model 3 gets the refresh before US does really shows how competitive its becoming.,0.0,True,There really is a race to the bottom here. Europe's Model 3 gets the refresh before US does really shows how competitive its becoming.,"['Europe', 'Model 3']",0.2415,Positive,"['really', 'race', 'gets', 'competitive', 'europe']",,,
UgxCkeyv41vKQDNCoOl4AaABAg,comment,Y8yTY_7w3KA,,False,@Seriouspatt,"The Seal seems to be the real Tesla killer we've been waiting for. Better build quality, better on the road, better looks, a central display, better haptics, better battery technology, good prices... 

And since Musk himself is an autocrat supporting liar why not just buy directly from a Chinese company.",3.0,True,"The Seal seems to be the real Tesla killer we've been waiting for. Better build quality, better on the road, better looks, a central display, better haptics, better battery technology, good prices... And since Musk himself is an autocrat supporting liar why not just buy directly from a Chinese company.","['Tesla', 'Musk', 'Chinese']",0.8934,Positive,"['better', 'road', 'build', 'prices', 'company']",,,
UgzTPRvvO4T6uEuzCFF4AaABAg,comment,Y8yTY_7w3KA,,False,@MT-ys6ju,This style of car is not the kind of car i would go far.  I find them to be very unattractive.  This however is a lot nicer than the Teslas.  Especially the interior.  Teslas look too minimal and cheap compared to this.  This is lush!,0.0,True,This style of car is not the kind of car i would go far. I find them to be very unattractive. This however is a lot nicer than the Teslas. Especially the interior. Teslas look too minimal and cheap compared to this. This is lush!,['Teslas'],-0.1494,Negative,"['car', 'kind', 'especially', 'nicer', 'compared']",,,
Ugx3ypB__MIDp3ou-J54AaABAg,comment,Y8yTY_7w3KA,,False,@AlvinBul,"I wouldn't be able to live with this low speed whine.. I know it's mandatory, but it's too loud in the cabin.. Every time you cross the speed threshold it's in/off.. So in a city it would be madning..
Chinese like many pointless whistles and bells.. Dings and songs.. I actually orever the clean design of the TM3.",0.0,True,"I wouldn't be able to live with this low speed whine.. I know it's mandatory, but it's too loud in the cabin.. Every time you cross the speed threshold it's in/off.. So in a city it would be madning.. Chinese like many pointless whistles and bells.. Dings and songs.. I actually orever the clean design of the TM3.",['Chinese'],0.6718,Positive,"['speed', 'live', 'wouldn', 'able', 'low speed']",,,
UgxW8hCm5m5N33JA7ud4AaABAg,comment,Y8yTY_7w3KA,,False,@klauscata225,so much promo for the byd. I'm curious on long term and repair how it will be... tesla failed miserable 😅,0.0,True,so much promo for the byd. I'm curious on long term and repair how it will be... tesla failed miserable 😅,[],-0.4019,Negative,"['term', 'long term', 'long', 'byd', 'tesla']",,,
UgxKdsK-knwkxD2i5wh4AaABAg,comment,Y8yTY_7w3KA,,False,@minnguyen4872,Dont said competitor if US can bring that car to US,0.0,True,Dont said competitor if US can bring that car to US,[],0.0,Neutral,"['bring', 'dont', 'car']",,,
Ugw8Ftgz2DR_uVs_c0V4AaABAg,comment,Y8yTY_7w3KA,,False,@spelare2,"How good is the navigation, stereo, OTA, fsd preparation??!!",0.0,True,"How good is the navigation, stereo, OTA, fsd preparation??!!",['OTA'],0.5919,Positive,['good'],,,
Ugw-HA4JCYwsizW2MwN4AaABAg,comment,Y8yTY_7w3KA,,False,@spelare2,How large is the frunk???!!!,0.0,True,How large is the frunk???!!!,[],0.0,Neutral,['frunk'],,,
UgzCepCT5ztQoc9GQ2R4AaABAg,comment,Y8yTY_7w3KA,,False,@spelare2,"Are you comparing to the old m3?? And what version…P, LR, SR or m3+ or what???!!!",0.0,True,"Are you comparing to the old m3?? And what version…P, LR, SR or m3+ or what???!!!",[],0.0,Neutral,"['m3', 'version', 'old']",,,
UgycUCruElK-eDY5fOV4AaABAg,comment,Y8yTY_7w3KA,,False,@spelare2,Tall people?? Be more specific!!! You miss this all the time!,0.0,True,Tall people?? Be more specific!!! You miss this all the time!,[],-0.5254,Negative,"['people', 'time']",,,
Ugw4wXI5nUI0xcLtEut4AaABAg,comment,Y8yTY_7w3KA,,False,@spelare2,"How deep was the rear sub trunk, important!!",0.0,True,"How deep was the rear sub trunk, important!!",[],0.3365,Positive,"['rear', 'important']",,,
UgzNvrVZD3M80NKRp2N4AaABAg,comment,Y8yTY_7w3KA,,False,@MdRiyaz-i9g,Better than any Tesla,0.0,True,Better than any Tesla,['Tesla'],0.4404,Positive,"['better tesla', 'better', 'tesla']",,,
UgzBFBdEIAOQ0wZT4sV4AaABAg,comment,Y8yTY_7w3KA,,False,@quadplay2591,"The 'low speed' noise is really really annoying, they definitely have some issues to fix for the European market",6.0,True,"The 'low speed' noise is really really annoying, they definitely have some issues to fix for the European market",['European'],-0.3416,Negative,"['really', 'low speed', 'speed', 'market', 'low']",,,
UgwoKXZz_vAUylec-7Z4AaABAg,comment,Y8yTY_7w3KA,,False,@ber3al53,"Thomas, 1 question: does this car also have it integrated that it says where you can charge and if so, if it also says something about fast charging locations? I imagine it's not as advanced as Tesla, but can you please answer this? Many thanks :)",0.0,True,"Thomas, 1 question: does this car also have it integrated that it says where you can charge and if so, if it also says something about fast charging locations? I imagine it's not as advanced as Tesla, but can you please answer this? Many thanks :)","['Thomas', 'Tesla']",0.8954,Positive,"['question', 'charge', 'thanks', 'charging', 'thomas']",,,
UgyDauiMr7z_jwypsNB4AaABAg,comment,Y8yTY_7w3KA,,False,@herryfang6963,"The price only 36k in China, 650km 4WD.   and is the top one.....",0.0,True,"The price only 36k in China, 650km 4WD. and is the top one.....",['China'],0.2023,Positive,"['price', 'china']",,,
UgzUL6FEj4tsuRoW8ql4AaABAg,comment,Y8yTY_7w3KA,,False,@erikvinnes,Dont buy chinese brands.,0.0,True,Dont buy chinese brands.,['chinese'],0.0,Neutral,"['dont', 'buy', 'chinese']",,,
Ugw7dImXJLKZxFBCrMB4AaABAg,comment,Y8yTY_7w3KA,,False,@V_Dubya,China beating Tesla again in nearly every area.. The audible low speed sounds need some work but it looks like a comprehensive win for BYD over Tesla,1.0,True,China beating Tesla again in nearly every area.. The audible low speed sounds need some work but it looks like a comprehensive win for BYD over Tesla,"['China', 'BYD', 'Tesla']",0.8555,Positive,"['tesla', 'byd tesla', 'sounds', 'low speed', 'speed']",,,
UgwpFcomKJEpsbU7EAp4AaABAg,comment,Y8yTY_7w3KA,,False,@seevousplaytech5685,Much better looking than a Tesla...,2.0,True,Much better looking than a Tesla...,['Tesla'],0.4404,Positive,"['better looking', 'looking tesla', 'looking', 'better', 'tesla']",,,
UgzmjwSMig4HMulULwl4AaABAg,comment,Y8yTY_7w3KA,,False,@nrp9840,BYD = Bring Your Dollars 😂,0.0,True,BYD = Bring Your Dollars 😂,[],0.4404,Positive,"['bring', 'byd']",,,
Ugw0xofS2LmLe406uKB4AaABAg,comment,Y8yTY_7w3KA,,False,@Gorbrunela,"He lost all credibility with me when he said the frunk was "" quite substantial""... no it's not!! 
Clearly being overly generous.",0.0,True,"He lost all credibility with me when he said the frunk was "" quite substantial""... no it's not!! Clearly being overly generous.",[],-0.3021,Negative,"['quite', 'frunk']",,,
UgwJ2GMkyNpqCOcyd6Z4AaABAg,comment,Y8yTY_7w3KA,,False,@Berretotube,I prefer the Model 3 - best car I’ve ever owned. Simply phenomenal.,6.0,True,I prefer the Model 3 - best car I’ve ever owned. Simply phenomenal.,['Model 3'],0.6369,Positive,"['prefer', 'best', 've', 'model', 'car']",,,
UgwKTarF2BomNd3UprV4AaABAg,comment,Y8yTY_7w3KA,,False,@Berretotube,Is this a Chinese EV?,0.0,True,Is this a Chinese EV?,['Chinese'],0.0,Neutral,"['ev', 'chinese']",,,
UgyxkaEYeMpSzsNgz5F4AaABAg,comment,Y8yTY_7w3KA,,False,@I_dont_want_an_at,"actually,  the toughest expectations are in China.",0.0,True,"actually, the toughest expectations are in China.",['China'],-0.0772,Negative,"['actually', 'china']",,,
Ugz-o7WOVyODD8DBgQp4AaABAg,comment,Y8yTY_7w3KA,,False,@arcabuz,Chinese crap financed by a party that deals with an egomaniac dictator,0.0,True,Chinese crap financed by a party that deals with an egomaniac dictator,['Chinese'],0.0258,Neutral,"['crap', 'chinese']",,,
Ugz-o7WOVyODD8DBgQp4AaABAg.9wHJg8Phksw9wbq28QBn0F,comment,Y8yTY_7w3KA,Ugz-o7WOVyODD8DBgQp4AaABAg,True,@Lucas-wp2ph,Yes and the funny thing is that they do more for their own people than our leaders here in west.  Here we just blame all our problems on China and Russia😄,0.0,True,Yes and the funny thing is that they do more for their own people than our leaders here in west. Here we just blame all our problems on China and Russia😄,"['China', 'Russia']",0.7184,Positive,"['thing', 'yes', 'people', 'china', 'just']",,,
Ugxndmif0HyJCLH4nUJ4AaABAg,comment,Y8yTY_7w3KA,,False,@whitemerlin5737,Not gonna lie. This car looks more expensive than Tesla 3,2.0,True,Not gonna lie. This car looks more expensive than Tesla 3,[],0.0,Neutral,"['expensive', 'looks', 'car', 'tesla']",,,
Ugx3rdvR_xva_eTQn2Z4AaABAg,comment,Y8yTY_7w3KA,,False,@aliquandoinsanireiucundumest,"Still wouldn't change my Model 3 to this in any circumstances. Very cheap looking materials, too many buttons and one too many screens. Love the Tesla's minimalistic interior and iPhone-like simplicity ❤️",1.0,True,"Still wouldn't change my Model 3 to this in any circumstances. Very cheap looking materials, too many buttons and one too many screens. Love the Tesla's minimalistic interior and iPhone-like simplicity ❤️","['Model 3', 'Tesla']",0.6369,Positive,"['materials', 'simplicity', 'wouldn', 'iphone', 'cheap']",,,
UgxRM8RNWj4Wxa-TtPJ4AaABAg,comment,Y8yTY_7w3KA,,False,@multiks2200,This look like a better and more practical car than model 3,2.0,True,This look like a better and more practical car than model 3,[],0.6597,Positive,"['look', 'better', 'like', 'model', 'car']",,,
Ugzfx4x_0tY-hPSOM5l4AaABAg,comment,Y8yTY_7w3KA,,False,@id104335409,"When you tilted that screen!!!!
I drew my wallet out!",1.0,True,When you tilted that screen!!!! I drew my wallet out!,[],0.0,Neutral,[],,,
Ugy13aDNUL9xJjofIQt4AaABAg,comment,Y8yTY_7w3KA,,False,@lifeofmichaely3556,"Great Video thank you.  Would love see reviews of Avatr 11 and Avatr 12 as I plan to buy the Avatr12 in Shenzhen when I move there end of next yr, currently have BMW i4 M50, good car but very boring / $$ and seems very lack of tech compare to Avatr 12.",1.0,True,"Great Video thank you. Would love see reviews of Avatr 11 and Avatr 12 as I plan to buy the Avatr12 in Shenzhen when I move there end of next yr, currently have BMW i4 M50, good car but very boring / $$ and seems very lack of tech compare to Avatr 12.","['Great Video', 'Shenzhen', 'BMW', 'M50']",0.0183,Neutral,"['bmw', 'lack', 'thank', 'reviews', 'video']",,,
UgzURPgilPNR0QznlBx4AaABAg,comment,Y8yTY_7w3KA,,False,@Scotts_feed,"doesnt have the Tech Tesla does. Not as fast, no supercharging network. Just no.",0.0,True,"doesnt have the Tech Tesla does. Not as fast, no supercharging network. Just no.",['Tech'],0.2235,Positive,"['doesnt', 'network', 'tech', 'does', 'just']",,,
UgyHBBamGarOjsn8ZcJ4AaABAg,comment,Y8yTY_7w3KA,,False,@shaheryarnaqvi8,Yes looks much better than the model 3 and cheaper,2.0,True,Yes looks much better than the model 3 and cheaper,[],0.6808,Positive,"['yes', 'better model', 'looks better', 'cheaper', 'looks']",,,
Ugxy7h6H9AqDVXHH0-94AaABAg,comment,Y8yTY_7w3KA,,False,@Flanker-L,Better than Tesla,2.0,True,Better than Tesla,['Tesla'],0.4404,Positive,"['better tesla', 'better', 'tesla']",,,
Ugzx4Gmt90YM71rYKIp4AaABAg,comment,Y8yTY_7w3KA,,False,@zadockkipchumba9397,"not a chance, anything that comes out of china is a joke",1.0,True,"not a chance, anything that comes out of china is a joke",['china'],0.1179,Positive,"['comes', 'china']",,,
Ugzx4Gmt90YM71rYKIp4AaABAg.9wCcvkGpycm9wOJrkHK0mH,comment,Y8yTY_7w3KA,Ugzx4Gmt90YM71rYKIp4AaABAg,True,@gantenbeinable,Anything which comes out of your mouth is a joke.,1.0,True,Anything which comes out of your mouth is a joke.,[],0.296,Positive,['comes'],,,
UgwQtHBNPD8dF9FNO4J4AaABAg,comment,Y8yTY_7w3KA,,False,@nexus888,nice looking guy but my God those Android interfaces always look horrible and ruins things... :),0.0,True,nice looking guy but my God those Android interfaces always look horrible and ruins things... :),['Android'],-0.2617,Negative,"['things', 'android', 'nice', 'looking', 'look']",,,
Ugy2-x5Fo2BqcgNzUMh4AaABAg,comment,Y8yTY_7w3KA,,False,@trongnhangoaipho1090,BYD? Bring Your own Driving vehicle?,0.0,True,BYD? Bring Your own Driving vehicle?,[],0.0,Neutral,"['bring', 'vehicle', 'driving', 'byd']",,,
UgyxDI9fjB3Gsl-ARh54AaABAg,comment,Y8yTY_7w3KA,,False,@harrywissink842,Topspeed 180 ? Geee,0.0,True,Topspeed 180 ? Geee,[],0.0,Neutral,[],,,
UgxElY2IFLc8oPespZh4AaABAg,comment,Y8yTY_7w3KA,,False,@peteroffpist1621,Don’t buy from Chinese owned companies. China is a dictatorship with no democracy or human rights. Giving them our money will backfire. Just as EU discovered by trusting Putin.,1.0,True,Don’t buy from Chinese owned companies. China is a dictatorship with no democracy or human rights. Giving them our money will backfire. Just as EU discovered by trusting Putin.,"['Chinese', 'China', 'Putin']",0.4404,Positive,"['giving', 'eu', 'companies', 'money', 'don']",,,
UgxElY2IFLc8oPespZh4AaABAg.9wC4A3nUgkj9wbqHpY9EYA,comment,Y8yTY_7w3KA,UgxElY2IFLc8oPespZh4AaABAg,True,@Lucas-wp2ph,Still China is the only country rebuilding Africa while we pump out their resources and give them some rice. But of course you do not care about those poor people.😄,0.0,True,Still China is the only country rebuilding Africa while we pump out their resources and give them some rice. But of course you do not care about those poor people.😄,"['China', 'Africa']",-0.088,Negative,"['poor', 'care', 'people', 'china']",,,
UgyPDDatM3Mz-gt06iJ4AaABAg,comment,Y8yTY_7w3KA,,False,@ambessashield9360,They finally removed the corny “Build Your Dreams” text on the back,2.0,True,They finally removed the corny “Build Your Dreams” text on the back,[],0.0,Neutral,['build'],,,
UgystvjWcZ39-NrJd894AaABAg,comment,Y8yTY_7w3KA,,False,@cristianspiridon,They need to find how China is spying us with the help of this car and ban it from EU and US :))))))))))))))))))  Or maybe its a transformers car that in a war time transforms and explodes.... quick before they destroy Tesla!,0.0,True,They need to find how China is spying us with the help of this car and ban it from EU and US :)))))))))))))))))) Or maybe its a transformers car that in a war time transforms and explodes.... quick before they destroy Tesla!,['China'],-0.8622,Negative,"['car', 'explodes', 'maybe', 'help', 'eu']",,,
Ugw_22HaBP5g-gRzsRx4AaABAg,comment,Y8yTY_7w3KA,,False,@RISINTECH,"Exterior look decent but once they introduce the interior … looks like shit … esp the steering, my 2017 Kia steering look 10x better then that crap",0.0,True,"Exterior look decent but once they introduce the interior … looks like shit … esp the steering, my 2017 Kia steering look 10x better then that crap",['Kia'],-0.8402,Negative,"['steering', 'look', 'exterior', 'kia', 'crap']",,,
UgzNYBje8PSzkxjACiN4AaABAg,comment,Y8yTY_7w3KA,,False,@ChicagoBob123,"Looks nice,  adas not as good.  Charging slower,  acceleration slower.",0.0,True,"Looks nice, adas not as good. Charging slower, acceleration slower.",['adas'],0.1012,Positive,"['looks nice', 'adas', 'nice', 'charging', 'good']",,,
UgwZNY-_MHjqcHfLlGV4AaABAg,comment,Y8yTY_7w3KA,,False,@ChicagoBob123,"Vegan seats,  they can that vynyl or plastic.",0.0,True,"Vegan seats, they can that vynyl or plastic.",['Vegan'],0.0,Neutral,"['vegan', 'plastic', 'seats']",,,
Ugx8FiMtv6zuurh0KxZ4AaABAg,comment,Y8yTY_7w3KA,,False,@Koenth12,I wonder how it will compare to the Model 3 Highland driving wise. Maybe it would be interesting to do a comparison.,3.0,True,I wonder how it will compare to the Model 3 Highland driving wise. Maybe it would be interesting to do a comparison.,['the Model 3 Highland'],0.7003,Positive,"['interesting', 'highland', 'maybe', 'compare', 'driving']",,,
Ugx8FiMtv6zuurh0KxZ4AaABAg.9wA6Mg9lUDP9zpcoIxRWe0,comment,Y8yTY_7w3KA,Ugx8FiMtv6zuurh0KxZ4AaABAg,True,@lks3537,"Compare it to Ioniq, Mercedes, BMW, MG, Nio, VW, KiA as well.",0.0,True,"Compare it to Ioniq, Mercedes, BMW, MG, Nio, VW, KiA as well.","['Ioniq', 'Mercedes', 'BMW', 'KiA']",-0.4767,Negative,"['bmw', 'kia', 'compare']",,,
UgwW6GwwoeJARHDGcv54AaABAg,comment,Y8yTY_7w3KA,,False,@alikindome,Definitely better than model 3,15.0,True,Definitely better than model 3,[],0.6808,Positive,"['better model', 'better', 'model']",,,
UgwW6GwwoeJARHDGcv54AaABAg.9wA4gJtV1nu9wHsJ-Dh4NW,comment,Y8yTY_7w3KA,UgwW6GwwoeJARHDGcv54AaABAg,True,@Berretotube,Is it Chinese?,0.0,True,Is it Chinese?,['Chinese'],0.0,Neutral,['chinese'],,,
UgwW6GwwoeJARHDGcv54AaABAg.9wA4gJtV1nu9wJ5INqNPec,comment,Y8yTY_7w3KA,UgwW6GwwoeJARHDGcv54AaABAg,True,@boostav,"If you have extremely poor taste, sure.",0.0,True,"If you have extremely poor taste, sure.",[],-0.2094,Negative,"['sure', 'poor']",,,
UgwW6GwwoeJARHDGcv54AaABAg.9wA4gJtV1nu9wL6syohrjQ,comment,Y8yTY_7w3KA,UgwW6GwwoeJARHDGcv54AaABAg,True,@alikindome,@boostav I agree👍 Model 3 sucks💯💯,7.0,True,I agree👍 Model 3 sucks💯💯,['Model 3'],0.0,Neutral,"['agree', 'model']",,,
UgwW6GwwoeJARHDGcv54AaABAg.9wA4gJtV1nu9wLILfbn3xe,comment,Y8yTY_7w3KA,UgwW6GwwoeJARHDGcv54AaABAg,True,@boostav,"@alikindome True, Model 3 is not a vehicle for the poors that have just become middle class who think tacky shiny plastic trim is luxury.",0.0,True,"True, Model 3 is not a vehicle for the poors that have just become middle class who think tacky shiny plastic trim is luxury.",['Model 3'],0.4215,Positive,"['middle', 'class', 'plastic', 'luxury', 'vehicle']",,,
UgwW6GwwoeJARHDGcv54AaABAg.9wA4gJtV1nu9wLuhVPL7FC,comment,Y8yTY_7w3KA,UgwW6GwwoeJARHDGcv54AaABAg,True,@alikindome,@boostavI agree 👍👍. Byd seal is value for money.,4.0,True,agree 👍👍. Byd seal is value for money.,[],0.5994,Positive,"['agree', 'money', 'byd seal', 'seal', 'byd']",,,
UgwW6GwwoeJARHDGcv54AaABAg.9wA4gJtV1nu9wMvua8wd7d,comment,Y8yTY_7w3KA,UgwW6GwwoeJARHDGcv54AaABAg,True,@boostav,@alikindome You lack reading comprehension skills. It's cheap crap that ignorant people think is 'luxury' just because of some flashy trim.,0.0,True,You lack reading comprehension skills. It's cheap crap that ignorant people think is 'luxury' just because of some flashy trim.,[],-0.7184,Negative,"['lack', 'luxury', 'crap', 'cheap', 'people']",,,
UgwW6GwwoeJARHDGcv54AaABAg.9wA4gJtV1nuAGXGdTMMzZw,comment,Y8yTY_7w3KA,UgwW6GwwoeJARHDGcv54AaABAg,True,@ferro706,"Dude everything in market now is chinese even your underwear,all of apple-gucci-you name it made in china.",0.0,True,"Dude everything in market now is chinese even your underwear,all of apple-gucci-you name it made in china.","['chinese', 'china']",0.0,Neutral,"['market', 'apple', 'china', 'chinese']",,,
UgwW6GwwoeJARHDGcv54AaABAg.9wA4gJtV1nuAL_2y0aPI-U,comment,Y8yTY_7w3KA,UgwW6GwwoeJARHDGcv54AaABAg,True,@belinhobeli9569,"@alikindome So you hate tesla and now is running your mouth, huh? Embarassing. We could have an open, honest discussion, but no....",0.0,True,"So you hate tesla and now is running your mouth, huh? Embarassing. We could have an open, honest discussion, but no....",[],-0.0872,Negative,['tesla'],,,
Ugyyne6D2RkpBki7WKp4AaABAg,comment,Y8yTY_7w3KA,,False,@alfredkcwong5008,Chinese car is not CHEAP BUT AFFORDABLE. Do not have a cheap n old metality instead.😂😂,0.0,True,Chinese car is not CHEAP BUT AFFORDABLE. Do not have a cheap n old metality instead.😂😂,['Chinese'],0.8271,Positive,"['cheap', 'chinese car', 'instead', 'old', 'chinese']",,,
UgyBjo5C6pJqDOut_fR4AaABAg,comment,Y8yTY_7w3KA,,False,@HenHavenEggs,"Umm, its chinese right?  So dumb question!",0.0,True,"Umm, its chinese right? So dumb question!",['chinese'],-0.674,Negative,"['question', 'chinese']",,,
UgyerMwgxp0omoPJT0x4AaABAg,comment,Y8yTY_7w3KA,,False,@user-hz3eu5in,"Great car. But, nobody buys sedans anymore. Mis size SUVs are king. What BYD needs is to bring just slightly bigger version of Atto 3 to the international market. Atto 3 is very good, just a tad too small for some people, and needs dual motor version. Also, pity BYD felt they had to copy the idiotic, useless full glass roof from Tesla. All it does is make car heavier, make insurance cost more(yes, they do crack and are very expensive to replace), make the car cost more, allow a lot more heat into the cabin and ZERO actual use. Nobody looks up to the sky, nothing to see there.",0.0,True,"Great car. But, nobody buys sedans anymore. Mis size SUVs are king. What BYD needs is to bring just slightly bigger version of Atto 3 to the international market. Atto 3 is very good, just a tad too small for some people, and needs dual motor version. Also, pity BYD felt they had to copy the idiotic, useless full glass roof from Tesla. All it does is make car heavier, make insurance cost more(yes, they do crack and are very expensive to replace), make the car cost more, allow a lot more heat into the cabin and ZERO actual use. Nobody looks up to the sky, nothing to see there.","['BYD', 'Atto 3', 'Tesla', 'ZERO']",-0.4159,Negative,"['make', 'needs', 'version', 'car', 'just']",,,
Ugzq59IVkzbCtU-a6pF4AaABAg,comment,Y8yTY_7w3KA,,False,@chgwwh,Try out the ADAS features if it has these and charging the experience in a long trip.,0.0,True,Try out the ADAS features if it has these and charging the experience in a long trip.,['ADAS'],0.0,Neutral,"['adas', 'try', 'experience', 'charging', 'long']",,,
Ugw2Up62eUJg08VnOUN4AaABAg,comment,Y8yTY_7w3KA,,False,@greaterbayareahero1401,"If China makes their logo more discrete or use just smaller icons, they will sell even more. It’s about quiet luxury now. Strong Design is key. Made in China 2025",0.0,True,"If China makes their logo more discrete or use just smaller icons, they will sell even more. It’s about quiet luxury now. Strong Design is key. Made in China 2025","['China', 'Strong Design']",0.5106,Positive,"['china', 'luxury', 'use', 'design', 'just']",,,
UgwlG82e95cb4kYbvqF4AaABAg,comment,Y8yTY_7w3KA,,False,@michaels1808,Would be interesting to hear your take on this vs the Zeekr 001 and the updated Polestar 2.,3.0,True,Would be interesting to hear your take on this vs the Zeekr 001 and the updated Polestar 2.,['Polestar 2'],0.4019,Positive,"['vs', 'interesting']",,,
UgwMiMhSMaj6zdbn_Dl4AaABAg,comment,Y8yTY_7w3KA,,False,@mauricemaffeo8080,The rear seats are soo low!,0.0,True,The rear seats are soo low!,[],-0.3382,Negative,"['rear', 'low', 'seats']",,,
UgxcRf9sL0kohpDRIRN4AaABAg,comment,Y8yTY_7w3KA,,False,@rebellion6331,Yucky Chinese product,0.0,True,Yucky Chinese product,['Yucky Chinese'],-0.4215,Negative,"['product', 'chinese']",,,
UgwrF-MIvAca4Jv-OeV4AaABAg,comment,Y8yTY_7w3KA,,False,@jeremphi6826,We want to see Liyaaa !!!!,1.0,True,We want to see Liyaaa !!!!,[],0.3544,Positive,['want'],,,
UgzEwZCcbfNOfor9ILN4AaABAg,comment,Y8yTY_7w3KA,,False,@smithwesson.500,"BYD is for sure going to ruffle some Tesla ""feathers"" with introduction of the Seal which looks like a worthy competitor! Also, to see the BYD Tang landing in Europe will most probably result in many Cybertruck orders being cancelled. in fact, I'd be surprised if we ever get to see the Cybertruck in Europe!",14.0,True,"BYD is for sure going to ruffle some Tesla ""feathers"" with introduction of the Seal which looks like a worthy competitor! Also, to see the BYD Tang landing in Europe will most probably result in many Cybertruck orders being cancelled. in fact, I'd be surprised if we ever get to see the Cybertruck in Europe!","['BYD', 'Tesla', 'Seal', 'Europe', 'Cybertruck']",0.8011,Positive,"['europe', 'byd', 'tang', 'surprised', 'sure']",,,
UgzEwZCcbfNOfor9ILN4AaABAg.9w7rfSFeg_z9wcRFk1Ub0B,comment,Y8yTY_7w3KA,UgzEwZCcbfNOfor9ILN4AaABAg,True,@hotwind95,Did you just assume that Cybertruck and BYD Tang share the same audience? 🤦,0.0,True,Did you just assume that Cybertruck and BYD Tang share the same audience? 🤦,['Cybertruck'],0.296,Positive,"['tang', 'byd tang', 'share', 'did', 'just']",,,
UgzEwZCcbfNOfor9ILN4AaABAg.9w7rfSFeg_z9zr4PYDzzn5,comment,Y8yTY_7w3KA,UgzEwZCcbfNOfor9ILN4AaABAg,True,@2ar2betrY,"If the cyber truck was sold in the eu. It would be classified as a heavy truck. And most likely, it won't pass the safety regulations",0.0,True,"If the cyber truck was sold in the eu. It would be classified as a heavy truck. And most likely, it won't pass the safety regulations",[],-0.3252,Negative,"['safety', 'eu', 'sold']",,,
Ugzoc5j6rtUPRJrW5lh4AaABAg,comment,Y8yTY_7w3KA,,False,@lagrangewei,14:37 Leah meter approve...,0.0,True,14:37 Leah meter approve...,[],0.0,Neutral,[],,,
UgxRr-H2_eewt3gkYJR4AaABAg,comment,Y8yTY_7w3KA,,False,@AKA001,That interior… so much potential. But it just hurts my eyes…,0.0,True,That interior… so much potential. But it just hurts my eyes…,[],-0.631,Negative,"['interior', 'just']",,,
Ugzc_0WoDWhSRdJxAnJ4AaABAg,comment,Y8yTY_7w3KA,,False,@WrathChild-NZ,Surprised they managed to cram 82kwh into an LFP pack! I wonder if tesla will use lfp in their long range models too.,0.0,True,Surprised they managed to cram 82kwh into an LFP pack! I wonder if tesla will use lfp in their long range models too.,['LFP'],0.2942,Positive,"['surprised', 'long range', 'use', 'range', 'long']",,,
UgxVenzbSFza_w-Mqvh4AaABAg,comment,Y8yTY_7w3KA,,False,@luckystr1ker,I live in Thailand and just bought a Tesla Model 3. 3 weeks later BYD launched the Seal 😂😂😂 This is a car i wouldve seriously considered.,12.0,True,I live in Thailand and just bought a Tesla Model 3. 3 weeks later BYD launched the Seal 😂😂😂 This is a car i wouldve seriously considered.,"['Thailand', 'Model 3', 'BYD', 'Seal']",0.8176,Positive,"['live', 'seriously', 'bought', 'tesla model', 'seal']",,,
UgxVenzbSFza_w-Mqvh4AaABAg.9w6W7u1QtvO9wY4lbXx-Bw,comment,Y8yTY_7w3KA,UgxVenzbSFza_w-Mqvh4AaABAg,True,@삼디다스-s3f,Do you think seal is the best for you?,1.0,True,Do you think seal is the best for you?,[],0.6369,Positive,"['best', 'think', 'seal']",,,
UgyZJ01psDdLZblcB014AaABAg,comment,Y8yTY_7w3KA,,False,@bricheun,"Very impressive and beautifully designed, but I think governments are going to try and stop sells due to political reasons, which is a pity. Wow the seats looks amazing, much better than the model 3.",2.0,True,"Very impressive and beautifully designed, but I think governments are going to try and stop sells due to political reasons, which is a pity. Wow the seats looks amazing, much better than the model 3.",[],0.9374,Positive,"['try', 'better model', 'going', 'think', 'seats']",,,
Ugwa7MdCPNIiQvyMfw54AaABAg,comment,Y8yTY_7w3KA,,False,@willielarsson9651,"After this week's long trip outside of Scotland's charging network, with chargers not working, getting soaked in the process, gettjng moaned at from the missus who now officially hates EVs, im looking to swap to a low BIK rax rate plug in hybrid. The thought of doing a journey in a single run is very attractive. Service stations are horrible, expensive places and the EV charging rates are more expensive than fossil fuel. So unless there's a 400-500 range ev out there,  im done.",0.0,True,"After this week's long trip outside of Scotland's charging network, with chargers not working, getting soaked in the process, gettjng moaned at from the missus who now officially hates EVs, im looking to swap to a low BIK rax rate plug in hybrid. The thought of doing a journey in a single run is very attractive. Service stations are horrible, expensive places and the EV charging rates are more expensive than fossil fuel. So unless there's a 400-500 range ev out there, im done.","['Scotland', 'BIK']",-0.6915,Negative,"['expensive', 'charging', 'ev', 'outside', 'network']",,,
UgzQtObW9zlAGRdPyJJ4AaABAg,comment,Y8yTY_7w3KA,,False,@taomahNEGEV,Never trust the Chinese Quality Control.,0.0,True,Never trust the Chinese Quality Control.,['the Chinese Quality Control'],-0.4023,Negative,"['trust', 'quality', 'chinese']",,,
UgyBFhnxG7zdRiqtqKJ4AaABAg,comment,Y8yTY_7w3KA,,False,@isurudushmanthawarnakulasu3310,What type of idiot would say it's better than the model 3,0.0,True,What type of idiot would say it's better than the model 3,[],-0.1027,Negative,"['say', 'better model', 'better', 'model']",,,
Ugy_besxAD5lBscPCml4AaABAg,comment,Y8yTY_7w3KA,,False,@Spring_on_Jupiter_and_Mars,"Obviously, the software, charging, and self driving tech is not to Tesla's level. Real buttons on an EV is like a real keyboard on an iphone.",0.0,True,"Obviously, the software, charging, and self driving tech is not to Tesla's level. Real buttons on an EV is like a real keyboard on an iphone.",['Tesla'],0.3612,Positive,"['real', 'iphone', 'software', 'level', 'tech']",,,
UgyEF1U2INCc0EZxf_t4AaABAg,comment,V0wtNI-rzSg,,False,@geoffwalker7530,"Note the crap door handles, sale killer straight away",0.0,True,"Note the crap door handles, sale killer straight away",[],-0.7184,Negative,['crap'],,,
Ugz5s0PKBupBXK4Ugld4AaABAg,comment,V0wtNI-rzSg,,False,@marceln3107,"*In the MY2026, BYD dismissed this feature.",0.0,True,"*In the MY2026, BYD dismissed this feature.","['MY2026', 'BYD']",0.0,Neutral,"['feature', 'byd']",,,
UgyqNGNLVqXddAdC5Wx4AaABAg,comment,V0wtNI-rzSg,,False,@carlkirk3467,Even better if there were no touchscreens to distract the driver?,0.0,True,Even better if there were no touchscreens to distract the driver?,[],-0.128,Negative,"['driver', 'better']",,,
Ugx9DGiRIsGm3DsEPgt4AaABAg,comment,V0wtNI-rzSg,,False,@nobodyshero200,So interesting you chose an EV as a daily. That really is a statement to how bad ICE cars are.,0.0,True,So interesting you chose an EV as a daily. That really is a statement to how bad ICE cars are.,[],-0.1298,Negative,"['interesting', 'daily', 'ev', 'really', 'cars']",,,
UgyaUiiMq4imxJQceZB4AaABAg,comment,V0wtNI-rzSg,,False,@williamwildcat,I don’t care how nice it is it’s a stupid ev,0.0,True,I don’t care how nice it is it’s a stupid ev,[],0.3818,Positive,"['nice', 'stupid', 'ev', 'don']",,,
Ugw4nOmrl9ZF0ZrrB1V4AaABAg,comment,V0wtNI-rzSg,,False,@JohnSmith-y6i3p,I’d rather walk,0.0,True,I’d rather walk,[],0.0,Neutral,[],,,
UgzA4KE3uUo16goXgB94AaABAg,comment,V0wtNI-rzSg,,False,@itskirkby,They’ve removed this feature from the latest model.,0.0,True,They’ve removed this feature from the latest model.,[],0.0,Neutral,"['latest', 've', 'model', 'removed', 'feature']",,,
Ugwxl8MeOvKQ8SWCsWd4AaABAg,comment,V0wtNI-rzSg,,False,@Hasan-g2g2u,Every byd has that.,0.0,True,Every byd has that.,[],0.0,Neutral,['byd'],,,
UgzpSRt3U-ZoE7oPwhF4AaABAg,comment,V0wtNI-rzSg,,False,@MLAGGIONE,All I see there is electric junk on wheels that tries to mimic being a car.,0.0,True,All I see there is electric junk on wheels that tries to mimic being a car.,[],0.0,Neutral,"['wheels', 'electric', 'car']",,,
UgzyRu0ZOrkaoxNjq894AaABAg,comment,V0wtNI-rzSg,,False,@Shirley-hr8tx,Yes Tesla interiors are pathetic,1.0,True,Yes Tesla interiors are pathetic,['Tesla'],-0.25,Negative,['tesla'],,,
Ugz85bTxIYrQXYTuOy14AaABAg,comment,V0wtNI-rzSg,,False,@minesy72,"Well WoW, sure everyone is rushing to buy one now...well those who like pointless crap",0.0,True,"Well WoW, sure everyone is rushing to buy one now...well those who like pointless crap",['WoW'],0.7964,Positive,"['sure', 'pointless', 'wow', 'crap', 'buy']",,,
UgxQz5mamvHFd74mSLx4AaABAg,comment,V0wtNI-rzSg,,False,@sparkyUK,That feature has been removed in the updated model.,0.0,True,That feature has been removed in the updated model.,[],0.0,Neutral,"['removed', 'model', 'feature']",,,
Ugw7sGVzvoSEdU6qocF4AaABAg,comment,V0wtNI-rzSg,,False,@DMT267,Old news. Every car reviewer  does the same.....yawn !!!!,0.0,True,Old news. Every car reviewer does the same.....yawn !!!!,[],0.0,Neutral,"['does', 'car']",,,
UgzgXuHgg4a69VjSYAR4AaABAg,comment,V0wtNI-rzSg,,False,@GeorgeHafiz,Complete gimmick. I’ve used it twice in a year. Main reason being it doesn’t work with CarPlay,0.0,True,Complete gimmick. I’ve used it twice in a year. Main reason being it doesn’t work with CarPlay,['CarPlay'],0.0,Neutral,"['reason', 'work', 've', 'doesn', 'gimmick']",,,
UgxoI1sJAmw0WRJrp2R4AaABAg,comment,V0wtNI-rzSg,,False,@Jfjs58-g,It’s ugly and it’s stupid and on top of that it’s a Chinese shit,0.0,True,It’s ugly and it’s stupid and on top of that it’s a Chinese shit,['Chinese'],-0.8591,Negative,"['ugly', 'shit', 'stupid', 'chinese']",,,
UgyEcICK0OTf96VPfMV4AaABAg,comment,V0wtNI-rzSg,,False,@burnerog,"Interesting how car enthusiasts (like Shmee, and me too for that matter.!) have started to warm on the concept of EV’s.! But the indisputable truth still remains that DEPRECIATION will eventually destroy the ownership experience. At trade in time…. But the technology of EV’s is amazing 😻 all the same…",0.0,True,"Interesting how car enthusiasts (like Shmee, and me too for that matter.!) have started to warm on the concept of EV’s.! But the indisputable truth still remains that DEPRECIATION will eventually destroy the ownership experience. At trade in time…. But the technology of EV’s is amazing 😻 all the same…","['Shmee', 'DEPRECIATION']",0.915,Positive,"['ev', 'interesting', 'time', 'like', 'car']",,,
Ugx11VVmMduQMsohr_N4AaABAg,comment,V0wtNI-rzSg,,False,@chrisc2252,Crazy that this car is £18000 overseas and under £50000 in the UK 😂😂😂😂,0.0,True,Crazy that this car is £18000 overseas and under £50000 in the UK 😂😂😂😂,[],0.8481,Positive,"['uk', 'car']",,,
Ugw6bA-y5JjOyT204xp4AaABAg,comment,V0wtNI-rzSg,,False,@Edwina-ka-Tharki-Lehru,That’s the only thing in BYD😂😂 other than that there nothing but garbage,0.0,True,That’s the only thing in BYD😂😂 other than that there nothing but garbage,['BYD'],0.4404,Positive,"['thing', 'byd']",,,
Ugxuu6vUXx4sKGK3CB54AaABAg,comment,V0wtNI-rzSg,,False,@TenSixFour,I thought it was going to be a feature that appealed to adults.,0.0,True,I thought it was going to be a feature that appealed to adults.,[],0.0,Neutral,"['going', 'thought', 'feature']",,,
Ugzlkg4UFDYlz01ZNtp4AaABAg,comment,V0wtNI-rzSg,,False,@FiRem002,except they removed the swivel screen from the latest year model,0.0,True,except they removed the swivel screen from the latest year model,[],0.0,Neutral,"['latest', 'removed', 'model', 'screen']",,,
Ugx2auuYIeu5L0lx8RB4AaABAg,comment,V0wtNI-rzSg,,False,@dcs34colin,"brakes grab and very un real, aircon and heater is utter CRAP, the speaker/radio sound is shit and lots more bad on it.",0.0,True,"brakes grab and very un real, aircon and heater is utter CRAP, the speaker/radio sound is shit and lots more bad on it.",['CRAP'],-0.9005,Negative,"['shit', 'crap']",,,
Ugxf-AgCLK-RbPfYtxd4AaABAg,comment,V0wtNI-rzSg,,False,@dcs34colin,"just un plugged from charging ...hey ...REALY as the screen shows NOT.......... 350 miles is BS,  If 30% of something is 96 miles, the total (100%) is 320 miles (\(96 \div 0.30\)).",0.0,True,"just un plugged from charging ...hey ...REALY as the screen shows NOT.......... 350 miles is BS, If 30% of something is 96 miles, the total (100%) is 320 miles (\(96 \div 0.30\)).",[],0.0,Neutral,"['350', 'just', 'screen']",,,
Ugx62Y7U9Q0SiPzviLR4AaABAg,comment,V0wtNI-rzSg,,False,@VictorFuentes-q9j,Todos los byd lo hacen,0.0,True,Todos los byd lo hacen,['lo hacen'],0.0,Neutral,['byd'],,,
UgwP5mFBhi4C62qn1LN4AaABAg,comment,V0wtNI-rzSg,,False,@drgabrielmereg3271,Oh wow! 😂😂😂😂 so boring ! Wow!,0.0,True,Oh wow! 😂😂😂😂 so boring ! Wow!,[],0.9542,Positive,"['wow', 'oh']",,,
Ugwti_q3FShcGTurESR4AaABAg,comment,V0wtNI-rzSg,,False,@PainfullyTruthfully,That shit is stupid...,0.0,True,That shit is stupid...,[],-0.7906,Negative,"['shit', 'stupid']",,,
UgxbhkpsUdjDXbX5lw94AaABAg,comment,V0wtNI-rzSg,,False,@tabotabster1770,Suspension could be better,0.0,True,Suspension could be better,[],0.4404,Positive,['better'],,,
UgzoIxO1cqD3xRPsxwN4AaABAg,comment,V0wtNI-rzSg,,False,@kenfroment1943,Android werkt niet als je het scherm draait wat ben je er dan mee😂,0.0,True,Android werkt niet als je het scherm draait wat ben je er dan mee😂,"['Android', 'ben je er dan mee']",0.4404,Positive,['android'],,,
Ugx5Xd-OEvVQw-Du1PZ4AaABAg,comment,V0wtNI-rzSg,,False,@stephencowell3823,My Granny has a BYD Dolphin Surf that has a screen that spins in the exact same way,0.0,True,My Granny has a BYD Dolphin Surf that has a screen that spins in the exact same way,['Granny'],0.0,Neutral,"['way', 'screen', 'byd']",,,
Ugxl_TU79F91XUTdPp94AaABAg,comment,V0wtNI-rzSg,,False,@letsgetsomebacon,"If you think that interior is great, wait til you see the BYD Sealion 7",0.0,True,"If you think that interior is great, wait til you see the BYD Sealion 7",[],0.6249,Positive,"['sealion', 'interior', 'think', 'wait', 'great']",,,
UgwFLfE7qLEViMLtg6d4AaABAg,comment,V0wtNI-rzSg,,False,@UKbiker73,Such a gimmick they canned it on the latest models as everyone did it once and then left it in landscape. Lots of apps didn’t function in portrait mode. Also….did you just pronounce innovative as three separate words….‘in OV ative 🫤 bit weird.,0.0,True,Such a gimmick they canned it on the latest models as everyone did it once and then left it in landscape. Lots of apps didn’t function in portrait mode. Also….did you just pronounce innovative as three separate words….‘in OV ative 🫤 bit weird.,[],0.296,Positive,"['did', 'function', 'latest', 'apps', 'innovative']",,,
Ugwtqu8O6uF_izzuVm14AaABAg,comment,V0wtNI-rzSg,,False,@rob7xiv,Update News: Rotating Screen in 2026 Model get/got removed😅,0.0,True,Update News: Rotating Screen in 2026 Model get/got removed😅,['Update News: Rotating Screen'],0.3612,Positive,"['rotating screen', 'got', '2026', 'rotating', 'removed']",,,
UgzzoI_1SHZNBFCgZp54AaABAg,comment,V0wtNI-rzSg,,False,@danielburges8176,The facelift 2026 version has removed this feature 😆,0.0,True,The facelift 2026 version has removed this feature 😆,[],0.3612,Positive,"['2026', 'removed', 'feature']",,,
Ugz2ZHZnFM5VTe1ec_x4AaABAg,comment,V0wtNI-rzSg,,False,@Belarus2012,Aaaaaand yuo not gonna use it ever. That's why they stopped doing it,0.0,True,Aaaaaand yuo not gonna use it ever. That's why they stopped doing it,[],-0.2263,Negative,['use'],,,
UgzXnuLNbFmORFKzwFp4AaABAg,comment,V0wtNI-rzSg,,False,@xrenaudon,"Useless stuff : just made for your kind of video, but absolutely useless in daily life",0.0,True,"Useless stuff : just made for your kind of video, but absolutely useless in daily life",[],-0.7218,Negative,"['useless', 'daily', 'just']",,,
UgwltV_FD_XH2cj1ol94AaABAg,comment,V0wtNI-rzSg,,False,@CheeseyCrumpet,They have removed the rotating screen in the updated 26 model,0.0,True,They have removed the rotating screen in the updated 26 model,[],0.0,Neutral,"['rotating screen', 'rotating', 'removed', 'model', 'screen']",,,
UgzeBrKzzfpS0cSfLiN4AaABAg,comment,V0wtNI-rzSg,,False,@ASvanRandwijck,Rotating screens are ok but first I'd like to see the first Seal pass the 700.000km  treshold without any major issues. There are tons of Teslas out there that did this and for me that is more relevant than a rotating screen.,0.0,True,Rotating screens are ok but first I'd like to see the first Seal pass the 700.000km treshold without any major issues. There are tons of Teslas out there that did this and for me that is more relevant than a rotating screen.,['Teslas'],0.5927,Positive,"['rotating', 'rotating screen', 'rotating screens', 'screens', 'did']",,,
UgwLqsRl1DXerLjWklV4AaABAg,comment,V0wtNI-rzSg,,False,@faustolopez180,Every BYD does that.,0.0,True,Every BYD does that.,['BYD'],0.0,Neutral,"['does', 'byd']",,,
Ugwlj4a_bIsMFKsueg14AaABAg,comment,V0wtNI-rzSg,,False,@PORRRIDGE_GUN,"Build Your Dreams. I think one day soon, I will own one of these.",0.0,True,"Build Your Dreams. I think one day soon, I will own one of these.",[],0.4019,Positive,"['build', 'think']",,,
UgyoV2OuztWRrNjiQY94AaABAg,comment,V0wtNI-rzSg,,False,@espressocoffeeman,"There is an additional safety camera visible, the passenger side, for reverse parking. I use portrait mode slso when using the sat nav.",0.0,True,"There is an additional safety camera visible, the passenger side, for reverse parking. I use portrait mode slso when using the sat nav.",[],0.4215,Positive,"['using', 'use', 'portrait mode', 'mode', 'portrait']",,,
Ugx7UgyORe-vetxY_hR4AaABAg,comment,V0wtNI-rzSg,,False,@snake08081991,I'm an owner of that BYD Seal AWD in Mexico. I purchased 2 years ago and I still love it. And as here in Mexico the gasoline is very expensive and the light is very cheap 29MXN per liter vs 4MXN per Kw is insane. After my 2 years is still same as new with a couple of software updates but is still drives and looks fantastic.,0.0,True,I'm an owner of that BYD Seal AWD in Mexico. I purchased 2 years ago and I still love it. And as here in Mexico the gasoline is very expensive and the light is very cheap 29MXN per liter vs 4MXN per Kw is insane. After my 2 years is still same as new with a couple of software updates but is still drives and looks fantastic.,"['BYD', 'AWD', 'Mexico', 'liter vs 4MXN']",0.7684,Positive,"['years', 'light', 'byd seal', 'ago', 'new']",,,
UgyN12qDN9GF3qj2-H14AaABAg,comment,V0wtNI-rzSg,,False,@steveinoz8188,Available everywhere. Except America.,0.0,True,Available everywhere. Except America.,['America'],0.0,Neutral,[],,,
Ugx4hzDPpSuDoOZdgrN4AaABAg,comment,V0wtNI-rzSg,,False,@sakimavec,Under $50k and in Kenya it's double the price just tax alone 😢..to add insurance and not to mention scars scarce spare pads....but I would definitely choose it...💯,0.0,True,Under $50k and in Kenya it's double the price just tax alone 😢..to add insurance and not to mention scars scarce spare pads....but I would definitely choose it...💯,['Kenya'],-0.34,Negative,"['50k', 'just']",,,
UgwOHqKpprMyCPSQBh54AaABAg,comment,V0wtNI-rzSg,,False,@Pickle_rick91,The way you pronounced innovative completely threw me. I thought you where choking 😂,0.0,True,The way you pronounced innovative completely threw me. I thought you where choking 😂,[],0.4215,Positive,"['completely', 'thought', 'innovative', 'way']",,,
UgyNpUnSR4oXWLP6q3N4AaABAg,comment,V0wtNI-rzSg,,False,@OfficialSapphirePhoenix,If prefer landscape because it doesn't obstruct my view,0.0,True,If prefer landscape because it doesn't obstruct my view,[],0.0,Neutral,"['doesn', 'landscape']",,,
UgzDrbZSxbXGUGZhU-p4AaABAg,comment,V0wtNI-rzSg,,False,@1964TJK,Just come up on my feed from Nov 2024 !,0.0,True,Just come up on my feed from Nov 2024 !,[],0.0,Neutral,"['come', 'just']",,,
UgyOARmCufLeBUYWaeZ4AaABAg,comment,V0wtNI-rzSg,,False,@themusicalscout1,I thought a Ford could already do this?,0.0,True,I thought a Ford could already do this?,['Ford'],0.0,Neutral,['thought'],,,
Ugw0-wr-dD7YAA3kdQF4AaABAg,comment,V0wtNI-rzSg,,False,@TraveLovers,"most useless feature, next generations removed it",0.0,True,"most useless feature, next generations removed it",[],-0.4754,Negative,"['removed', 'useless', 'feature']",,,
UgwnyBLWw8h_YABmvN14AaABAg,comment,V0wtNI-rzSg,,False,@barrypickles6546,But does it charge at 1MW ? If not throw it in the bin.,0.0,True,But does it charge at 1MW ? If not throw it in the bin.,['bin'],0.0,Neutral,['does'],,,
UgwgtTvoAD19AYVTzv14AaABAg,comment,V0wtNI-rzSg,,False,@gregsayer7218,BYD have dropped it from MY26,0.0,True,BYD have dropped it from MY26,['BYD'],0.0,Neutral,['byd'],,,
Ugxg8R0bEVyyujLzK714AaABAg,comment,V0wtNI-rzSg,,False,@peterrear2864,"Its either quite unusual or unique,it cant be both.
Still junk,give it five years max and it will be scrap",0.0,True,"Its either quite unusual or unique,it cant be both. Still junk,give it five years max and it will be scrap",['max'],0.0,Neutral,['years'],,,
UgwQ0qYvdnrcwSaJ6z94AaABAg,comment,V0wtNI-rzSg,,False,@johnfaw,One more thing to break...,0.0,True,One more thing to break...,[],0.0,Neutral,['thing'],,,
UgywA8XdN3OSG_sfvyx4AaABAg,comment,V0wtNI-rzSg,,False,@dpfghela,Not for the 2026 version…,0.0,True,Not for the 2026 version…,[],0.0,Neutral,['2026'],,,
UgzA8G6qkaV7z1_nCj94AaABAg,comment,V0wtNI-rzSg,,False,@LasinduManumith,You have to buy that Yangwang U9 ❤,0.0,True,You have to buy that Yangwang U9 ❤,['Yangwang U9 ❤'],0.6369,Positive,['buy'],,,
UgwjzPu1sdqTG9Mg6ix4AaABAg,comment,V0wtNI-rzSg,,False,@TTedWado7871,Volvo drivers discovered it landscape mode all the way,0.0,True,Volvo drivers discovered it landscape mode all the way,['Volvo'],0.0,Neutral,"['way', 'mode', 'landscape']",,,
UgzHjiwtKb9hqAB4thR4AaABAg,comment,V0wtNI-rzSg,,False,@Jay-uz4kv,I’ve got one and I can confirm that I never switch it from landscape. Primarily because Apple car play wont support it so it disables the functionality. It’s just a gimmick,0.0,True,I’ve got one and I can confirm that I never switch it from landscape. Primarily because Apple car play wont support it so it disables the functionality. It’s just a gimmick,['Apple'],0.0366,Neutral,"['support', 'got', 'apple', 've', 'gimmick']",,,
UgypjaUOZk5tRQV91QB4AaABAg,comment,V0wtNI-rzSg,,False,@THG_101,Pointless gimmick. Give me buttons for the aircon instead,0.0,True,Pointless gimmick. Give me buttons for the aircon instead,['Pointless'],0.0,Neutral,"['pointless', 'gimmick']",,,
UgyXxZ293YmqyJ9lYAx4AaABAg,comment,V0wtNI-rzSg,,False,@phward74,Build in Chinese Secret Service....go for it!,0.0,True,Build in Chinese Secret Service....go for it!,['Chinese Secret Service'],0.0,Neutral,"['build', 'service', 'chinese']",,,
Ugzf8iy8EgcjkFU5e694AaABAg,comment,V0wtNI-rzSg,,False,@kluhsrgt9041,"Super, ça sert à quoi ?",0.0,True,"Super, ça sert à quoi ?",[],0.5994,Positive,[],,,
Ugzzit-wF3JZcfdPZsB4AaABAg,comment,V0wtNI-rzSg,,False,@summersale429,This is not the only car 😄 search for zeekr 9x,0.0,True,This is not the only car 😄 search for zeekr 9x,[],0.6705,Positive,['car'],,,
Ugw0GUvHqANfl0oouoR4AaABAg,comment,V0wtNI-rzSg,,False,@theschwiftyman8840,A car made by a fraudulent company.,0.0,True,A car made by a fraudulent company.,[],-0.4939,Negative,['car'],,,
Ugyi9mELAxDea1cF9mV4AaABAg,comment,V0wtNI-rzSg,,False,@EdQ-c8n,I heard after sales service is difficult especially road assistance after 12 months,0.0,True,I heard after sales service is difficult especially road assistance after 12 months,[],-0.3612,Negative,['service'],,,
UgzBjzPLaR00VgnLhiB4AaABAg,comment,V0wtNI-rzSg,,False,@magnetmannenbannanen,"im a tall guy, will that screen break if i bump into it with my knee getting in and out of the car?",0.0,True,"im a tall guy, will that screen break if i bump into it with my knee getting in and out of the car?",[],0.0,Neutral,"['im', 'screen', 'car']",,,
Ugz5KLkf3imzmTlsB-54AaABAg,comment,V0wtNI-rzSg,,False,@kimdennisjensen7863,fisker did the same long time ago lol,0.0,True,fisker did the same long time ago lol,[],0.4215,Positive,"['lol', 'fisker', 'ago', 'long', 'time']",,,
UgzbrU5EFj1TdrfhFnp4AaABAg,comment,V0wtNI-rzSg,,False,@neml5755,A spinny tablet is all the reason you need to buy a car. Really,0.0,True,A spinny tablet is all the reason you need to buy a car. Really,[],0.0,Neutral,"['tablet', 'reason', 'really', 'buy', 'car']",,,
UgxG5-t2egBRxQ7cEId4AaABAg,comment,V0wtNI-rzSg,,False,@liquidflow6541,"Once the manufacturer's warranty expires, you're left with a bunch of electronics that you probably can't resell! Typical leased car, nothing more!",0.0,True,"Once the manufacturer's warranty expires, you're left with a bunch of electronics that you probably can't resell! Typical leased car, nothing more!",[],0.0,Neutral,"['left', 'car']",,,
UgyAZmVkauVg5XgtShd4AaABAg,comment,V0wtNI-rzSg,,False,@DrShimaRoblox,we getting sealion 6,0.0,True,we getting sealion 6,[],0.0,Neutral,['sealion'],,,
UgzD0sUPdAtDG2_unAt4AaABAg,comment,V0wtNI-rzSg,,False,@Phaedra808,"Must be the last person on planet earth to see this irrelevant feature, but hey that’s what idiots are impressed by today.",1.0,True,"Must be the last person on planet earth to see this irrelevant feature, but hey that’s what idiots are impressed by today.",[],0.631,Positive,['feature'],,,
Ugy_kOg0_Ei7YAZAnyV4AaABAg,comment,V0wtNI-rzSg,,False,@paulwilliammonks1,"Well thats an ""interesting"" way to pronounce innovative lol",1.0,True,"Well thats an ""interesting"" way to pronounce innovative lol",[],0.8591,Positive,"['interesting', 'lol', 'innovative', 'way']",,,
UgzGAS5QQQf_kMA0VkJ4AaABAg,comment,V0wtNI-rzSg,,False,@randy7068,I think I've read somewhere where they've disabled this feature,1.0,True,I think I've read somewhere where they've disabled this feature,[],0.0,Neutral,"['ve', 'think', 'feature']",,,
UgyIfEQuS3uY4IcTUGp4AaABAg,comment,V0wtNI-rzSg,,False,@NikhilRamchandani-v7q,The only shitty part is you cannot use Waze/ Google Maps on the vertical layout,0.0,True,The only shitty part is you cannot use Waze/ Google Maps on the vertical layout,['Waze/ Google Maps'],-0.5574,Negative,['use'],,,
Ugzx6QTfeURP6ui7g494AaABAg,comment,V0wtNI-rzSg,,False,@estrada-11gc,Meu Astra 2011 roda até hoje. Será que um BYD Seal rodaria?,1.0,True,Meu Astra 2011 roda até hoje. Será que um BYD Seal rodaria?,['Meu Astra 2011'],0.0,Neutral,"['byd seal', 'seal', 'byd']",,,
Ugz5jkLNPa8DjuIf0Pt4AaABAg,comment,V0wtNI-rzSg,,False,@tutunci,350 kilometers maybe. that is the cheapest ev u can have in china.,1.0,True,350 kilometers maybe. that is the cheapest ev u can have in china.,['china'],0.0,Neutral,"['china', '350', 'ev']",,,
Ugyl1xwP-YNgXRS8APd4AaABAg,comment,V0wtNI-rzSg,,False,@JürgHölzle,BYD starts to abandon this feature because just nobody uses it.,1.0,True,BYD starts to abandon this feature because just nobody uses it.,['BYD'],-0.4404,Negative,"['feature', 'just', 'byd']",,,
UgxzetJriH6EeJpwMcF4AaABAg,comment,V0wtNI-rzSg,,False,@henryharmse4003,portrait mode perfect to watch Chinese soulsucking dramas😁,0.0,True,portrait mode perfect to watch Chinese soulsucking dramas😁,['Chinese'],0.7717,Positive,"['portrait mode', 'mode', 'chinese', 'portrait']",,,
UgwuyNytun9OrHUPG5p4AaABAg,comment,V0wtNI-rzSg,,False,@sargfowler9603,"Yeah, you won't get 350 miles out of that...",1.0,True,"Yeah, you won't get 350 miles out of that...",[],0.296,Positive,['350'],,,
UgyxjKkzL-JNixDI8814AaABAg,comment,V0wtNI-rzSg,,False,@majstermsi,"Winter, summer , winter , summer broken 😂",1.0,True,"Winter, summer , winter , summer broken 😂",[],-0.0516,Negative,[],,,
UgyixmqGq-kvFNjkogN4AaABAg,comment,V0wtNI-rzSg,,False,@Gamechanger55018,"Chinese crap !! Why buy and support the Commies, in doing so shafting the British car industry 😑",1.0,True,"Chinese crap !! Why buy and support the Commies, in doing so shafting the British car industry 😑","['Chinese', 'Commies', 'British']",0.1739,Positive,"['support', 'crap', 'chinese', 'buy', 'car']",,,
Ugy62MVOXTGe-LgGy554AaABAg,comment,V0wtNI-rzSg,,False,@ankitsrivastava9101,Its quite useless. Lot of apps dont work in portrait mode.,1.0,True,Its quite useless. Lot of apps dont work in portrait mode.,[],-0.4754,Negative,"['apps', 'work', 'portrait mode', 'mode', 'useless']",,,
UgwvWpglhDMafdBgELl4AaABAg,comment,V0wtNI-rzSg,,False,@overcomeego3893,America afraid of having byd. Tesla would go down. 😅,0.0,True,America afraid of having byd. Tesla would go down. 😅,['America'],0.3612,Positive,"['tesla', 'byd']",,,
Ugx8FOC9dfT2vfsFjel4AaABAg,comment,V0wtNI-rzSg,,False,@minigrande1939,The world has gone mad when it comes to wether you like your tablet landscape or portrait is really of any relevance,0.0,True,The world has gone mad when it comes to wether you like your tablet landscape or portrait is really of any relevance,[],-0.1779,Negative,"['tablet', 'really', 'like', 'landscape', 'portrait']",,,
UgzLxPTjMNQmf5PbuZF4AaABAg,comment,V0wtNI-rzSg,,False,@1984kron,Ford Mustang does the same thing years before,0.0,True,Ford Mustang does the same thing years before,['Ford Mustang'],0.0,Neutral,"['years', 'thing', 'does']",,,
UgxU-1PhSFvb6PQ-kaV4AaABAg,comment,V0wtNI-rzSg,,False,@bootz0409,"The EV public infrastructure here in Australia is woeful! Over this past Easter long-weekend, EV owners were queued up for +5 hours awaiting to charge their cars. No range anxiety in fossil fuel cars. Won't be buying an EV until this country properly supports practical charging infrastructure. Oh.. and the battery charging units are all powered by coal! 😑",1.0,True,"The EV public infrastructure here in Australia is woeful! Over this past Easter long-weekend, EV owners were queued up for +5 hours awaiting to charge their cars. No range anxiety in fossil fuel cars. Won't be buying an EV until this country properly supports practical charging infrastructure. Oh.. and the battery charging units are all powered by coal! 😑",['Australia'],-0.3952,Negative,"['ev', 'cars', 'oh', 'long']",,,
Ugyc5ZYkfoxK01XY6zp4AaABAg,comment,V0wtNI-rzSg,,False,@g1hau,"And what's hilarious - ""Android auto doesn't support portrait layout"" ... the one use portrait would help with (seeing further ahead when using Google Maps) doesn't work.",1.0,True,"And what's hilarious - ""Android auto doesn't support portrait layout"" ... the one use portrait would help with (seeing further ahead when using Google Maps) doesn't work.","['Android', 'Google Maps']",0.484,Positive,"['doesn', 'portrait', 'support', 'android auto', 'auto']",,,
UgxozUr6KOPICs3Wzsh4AaABAg,comment,V0wtNI-rzSg,,False,@MatsushimaLighting,That’s a pretty ugly user interface,1.0,True,That’s a pretty ugly user interface,[],-0.0258,Neutral,"['ugly', 'pretty']",,,
UgxunK4fgd6xgTPdDCd4AaABAg,comment,V0wtNI-rzSg,,False,@nasirsaleem4016,"We're paying double the price in uk, rip off britain.",1.0,True,"We're paying double the price in uk, rip off britain.",['britain'],0.0,Neutral,['uk'],,,
UgxLPCv0IKXQWxEZI2d4AaABAg,comment,V0wtNI-rzSg,,False,@ProductionJunction1,Nobody uses it. It’s being discontinued.,1.0,True,Nobody uses it. It’s being discontinued.,[],0.0,Neutral,[],,,
UgzyJ-Q5nlQmRBP8hwZ4AaABAg,comment,V0wtNI-rzSg,,False,@DIRRTY_K19,The proportions on my Omitren 1:1 are right and that was literally the first thing i checked,0.0,True,The proportions on my Omitren 1:1 are right and that was literally the first thing i checked,[],0.0,Neutral,"['right', 'omitren', 'thing']",,,
UgwlrCZe4G-9IUvHRb14AaABAg,comment,V0wtNI-rzSg,,False,@peterrichard9114,omitren had mine in transit before i even finished watching this,0.0,True,omitren had mine in transit before i even finished watching this,[],0.0,Neutral,['omitren'],,,
Ugw6bMGRU4l1wrXBE214AaABAg,comment,V0wtNI-rzSg,,False,@LORDGAMER_H,Omitren genuinely changed what i thought was possible for 1:1 quality and i cannot unlearn that,0.0,True,Omitren genuinely changed what i thought was possible for 1:1 quality and i cannot unlearn that,['Omitren'],0.0,Neutral,"['thought', 'omitren']",,,
Ugzq6VJDTxgoNwuWNU94AaABAg,comment,V0wtNI-rzSg,,False,@ukk630,Omitren is the only source i trust completely and that trust was built order by order,0.0,True,Omitren is the only source i trust completely and that trust was built order by order,['Omitren'],0.7823,Positive,"['completely', 'omitren']",,,
Ugw9ime3yavMq1SLH4l4AaABAg,comment,V0wtNI-rzSg,,False,@bozhan,that's so useless :D,1.0,True,that's so useless :D,[],0.3001,Positive,['useless'],,,
UgzQBNglMC3hINteRRt4AaABAg,comment,V0wtNI-rzSg,,False,@CharlesKohu,Byd shark does aswell,0.0,True,Byd shark does aswell,[],0.0,Neutral,"['does', 'byd']",,,
Ugzjd67pOyCNLKlIx8Z4AaABAg,comment,V0wtNI-rzSg,,False,@leafulchermasterunner,Never used the rotation once on my car! Pointless,0.0,True,Never used the rotation once on my car! Pointless,[],0.0,Neutral,"['pointless', 'car']",,,
UgxECPLPuLSLYEkp2EZ4AaABAg,comment,V0wtNI-rzSg,,False,@seveglider8406,"Hopefully, someday, BYD will be available in. the USA!",0.0,True,"Hopefully, someday, BYD will be available in. the USA!","['BYD', 'USA']",0.4574,Positive,['byd'],,,
UgxQ0u_oHDBgHV8LlVJ4AaABAg,comment,V0wtNI-rzSg,,False,@minigrande1939,"There is a video of Elon musk being asked about a BUD in there early days showing him an ugly model and he laughed at it now he has nightmares about them ,the great thing about BYD is they are premerily a Battery company ,China are turning the whole motor industry on it's head",0.0,True,"There is a video of Elon musk being asked about a BUD in there early days showing him an ugly model and he laughed at it now he has nightmares about them ,the great thing about BYD is they are premerily a Battery company ,China are turning the whole motor industry on it's head","['BUD', 'BYD', 'Battery', 'China']",0.5859,Positive,"['ugly', 'china', 'great', 'model', 'thing']",,,
UgyCH3o2l5mpu86lSXB4AaABAg,comment,V0wtNI-rzSg,,False,@JohnnyH1992,Got this on my BYD Atto 3… never use it. Just leave it in landscape as CarPlay only works in landscape.,0.0,True,Got this on my BYD Atto 3… never use it. Just leave it in landscape as CarPlay only works in landscape.,['CarPlay'],-0.0516,Negative,"['landscape', 'got', 'carplay', 'use', 'just']",,,
Ugwkmu1nGaiRyfvRM9t4AaABAg,comment,V0wtNI-rzSg,,False,@waldibar4096,"Oh you poor US guys, you cannot buy BYD in US. So you have to live with the TESLA shit.",0.0,True,"Oh you poor US guys, you cannot buy BYD in US. So you have to live with the TESLA shit.",['BYD'],-0.7717,Negative,"['shit', 'oh', 'tesla', 'buy', 'byd']",,,
UgwOwTMI8beYmw_jcrl4AaABAg,comment,V0wtNI-rzSg,,False,@carlohakens3333,Not the only car that does it.,0.0,True,Not the only car that does it.,[],0.0,Neutral,"['does', 'car']",,,
Ugw78a0xIfbhHDWxjuF4AaABAg,comment,V0wtNI-rzSg,,False,@dzhiurgis,Is there dark UI theme? Light ones suck so badly.,0.0,True,Is there dark UI theme? Light ones suck so badly.,[],-0.784,Negative,['light'],,,
Ugy51njKlySS1fNGrp14AaABAg,comment,V0wtNI-rzSg,,False,@bestofalllife,Already appeared Seal 07😅,0.0,True,Already appeared Seal 07😅,[],0.3612,Positive,['seal'],,,
Ugyem5yLoHqCSCQAGel4AaABAg,comment,V0wtNI-rzSg,,False,@crox3544,Btw this car is only about 8k euro in China lmao,0.0,True,Btw this car is only about 8k euro in China lmao,['China'],0.5994,Positive,"['china', 'car']",,,
UgyzrH9pAG7cIfNglfF4AaABAg,comment,V0wtNI-rzSg,,False,@leccy9901,"Nice interior, im going electric next, stepping foot into that world and handing my m3 back. Ill never buy Chinese though.",0.0,True,"Nice interior, im going electric next, stepping foot into that world and handing my m3 back. Ill never buy Chinese though.",['Chinese'],0.0,Neutral,"['going', 'im', 'electric', 'interior', 'nice']",,,
UgztQm4bP6KvmSmQAoF4AaABAg,comment,V0wtNI-rzSg,,False,@raizorr5746,This car is a good Daily Driver,0.0,True,This car is a good Daily Driver,[],0.4404,Positive,"['driver', 'daily', 'car']",,,
UgyN0mOU_Pr5ZFtHr-94AaABAg,comment,V0wtNI-rzSg,,False,@sb-wp3wp,Shark 6 does this,0.0,True,Shark 6 does this,[],0.0,Neutral,['does'],,,
UgyMT3rgggXJmpyrOoB4AaABAg,comment,V0wtNI-rzSg,,False,@zibusisomatht4471,"Screens are too big
Car looks great otherwise",0.0,True,Screens are too big Car looks great otherwise,['Screens'],0.6249,Positive,"['great', 'looks', 'screens', 'car']",,,
UgyQZTTYLAdtapbOBSV4AaABAg,comment,V0wtNI-rzSg,,False,@colinstickland845,That screen would have to.be turned off for me ...  What do I want that for in a car .my daily 1997 Escort doesn't have one. Dangerous distraction,0.0,True,That screen would have to.be turned off for me ... What do I want that for in a car .my daily 1997 Escort doesn't have one. Dangerous distraction,"['to.be', 'Escort']",0.0654,Positive,"['doesn', 'daily', 'screen', 'car']",,,
UgwpQX9ZweQXDcTP4wd4AaABAg,comment,V0wtNI-rzSg,,False,@christopherdwyer9496,Pretty much everyone I know that owns one plus the reviews I have seen come up with the same conclusion. It's a novelty you use once and then leave it in landscape.,0.0,True,Pretty much everyone I know that owns one plus the reviews I have seen come up with the same conclusion. It's a novelty you use once and then leave it in landscape.,[],0.4588,Positive,"['come', 'pretty', 'use', 'landscape']",,,
UgxAkYcoKiVNnF2hSsd4AaABAg,comment,V0wtNI-rzSg,,False,@carlovers-c2k,The silly stuff,0.0,True,The silly stuff,[],0.0258,Neutral,[],,,
UgxfbdCpIqv5wtNfTWd4AaABAg,comment,V0wtNI-rzSg,,False,@amandawethered2872,My BYD Sealion 7 does this,0.0,True,My BYD Sealion 7 does this,[],0.0,Neutral,"['sealion', 'does', 'byd']",,,
UgxmIxzYkf9FcVV9qqd4AaABAg,comment,V0wtNI-rzSg,,False,@julesonalaja,Can you make rotate non stop whilst driving ?,0.0,True,Can you make rotate non stop whilst driving ?,[],-0.296,Negative,['driving'],,,
UgwTMjAyY1wBKFN3gQd4AaABAg,comment,V0wtNI-rzSg,,False,@NeilHuband-p8q,"oh schmee 😔

how much did byd pay you for your nice words.

don't be a sellout, you will lose all respect",0.0,True,"oh schmee 😔 how much did byd pay you for your nice words. don't be a sellout, you will lose all respect",[],0.4767,Positive,"['nice', 'oh', 'don', 'did', 'byd']",,,
UgzUnkClQYRSBOGw6xh4AaABAg,comment,V0wtNI-rzSg,,False,@IsaacLoven,They are removing the rotating screens in future models/updates,0.0,True,They are removing the rotating screens in future models/updates,[],0.0,Neutral,"['rotating screens', 'rotating', 'screens']",,,
UgxsGyvOAU6d6YmNHc94AaABAg,comment,V0wtNI-rzSg,,False,@DonOchetti,I test drove both this and the model 3 performance. The Tesla is by far the better car,0.0,True,I test drove both this and the model 3 performance. The Tesla is by far the better car,['Tesla'],0.4404,Positive,"['better', 'tesla', 'model', 'car']",,,
Ugy7me1UJct5VOX0Zht4AaABAg,comment,V0wtNI-rzSg,,False,@TheWeddingSloka,come to indisa tata di\o it,0.0,True,come to indisa tata di\o it,[],0.0,Neutral,['come'],,,
UgwxoWek2yxVnAqgdVt4AaABAg,comment,V0wtNI-rzSg,,False,@peters9032,"Can we talk about the ridiculous service schedule? Everyone seems to be ignoring that. 


Here in Australia, every second service costs nearly 1k and they don’t do anything…. For high mileage users your better off in Tesla long term",0.0,True,"Can we talk about the ridiculous service schedule? Everyone seems to be ignoring that. Here in Australia, every second service costs nearly 1k and they don’t do anything…. For high mileage users your better off in Tesla long term","['Australia', 'Tesla']",-0.3182,Negative,"['service', 'better', 'long', 'tesla', 'don']",,,
UgxycP72Oavmpsc18Z94AaABAg,comment,V0wtNI-rzSg,,False,@MrCha3232,I have a BYD and this screen rotation is dumb (everything else is great tho),0.0,True,I have a BYD and this screen rotation is dumb (everything else is great tho),['BYD'],0.2023,Positive,"['great', 'screen', 'byd']",,,
UgwHRbxTD87IqfXtH6h4AaABAg,comment,V0wtNI-rzSg,,False,@gilsontopfstedt3554,Bildschirm dreht sich in 2026 nicht mehr,0.0,True,Bildschirm dreht sich in 2026 nicht mehr,['Bildschirm'],0.0,Neutral,['2026'],,,
UgxsY9nqV3UU34do1vp4AaABAg,comment,V0wtNI-rzSg,,False,@ShaoBa-md9ob,I think it lacks lsd screen,0.0,True,I think it lacks lsd screen,[],0.0,Neutral,"['think', 'screen']",,,
UgzLI_i-tC_1O3plrOd4AaABAg,comment,V0wtNI-rzSg,,False,@DorianJaskulski-c6r,wow the byd looks so cool im gonna get one soon and try it out to see what it actually feels like when using one for the first time,1.0,True,wow the byd looks so cool im gonna get one soon and try it out to see what it actually feels like when using one for the first time,[],0.8516,Positive,"['im', 'wow', 'time', 'using', 'looks']",,,
UgyH9r-tfrtVC0txuX94AaABAg,comment,V0wtNI-rzSg,,False,@brianoreilly8393,That is such a useless gimmick of a feature!,0.0,True,That is such a useless gimmick of a feature!,[],-0.4753,Negative,"['gimmick', 'useless', 'feature']",,,
UgxGmATdzfWdbgmju4N4AaABAg,comment,V0wtNI-rzSg,,False,@rbvl30,Finally my sister has a Tesla and I always knock my knee on the screen this should have been on every car with large screens,0.0,True,Finally my sister has a Tesla and I always knock my knee on the screen this should have been on every car with large screens,['Tesla'],0.0,Neutral,"['screens', 'tesla', 'screen', 'car']",,,
UgxiFGHsfuYswfVqV4Z4AaABAg,comment,V0wtNI-rzSg,,False,@LYLAemir07Ramon,J'aime beaucoup ❤,0.0,True,J'aime beaucoup ❤,[],0.6369,Positive,[],,,
UgwRhWW3LMMSGdUFyWx4AaABAg,comment,V0wtNI-rzSg,,False,@BugMagnet,Really posh piano black hellscape. Looks nice from the outside though. Still would not get one with how mediocre the ADAS is at best and the consumption is worse than some SUVs.,0.0,True,Really posh piano black hellscape. Looks nice from the outside though. Still would not get one with how mediocre the ADAS is at best and the consumption is worse than some SUVs.,['ADAS'],0.5994,Positive,"['nice', 'looks', 'really']",,,
UgxFt_eFbaP90baV0P54AaABAg,comment,V0wtNI-rzSg,,False,@xiaozhang9883,You have been living in the cave my friend,0.0,True,You have been living in the cave my friend,[],0.4939,Positive,[],,,
Ugy6Omaho-acmP1QgFh4AaABAg,comment,V0wtNI-rzSg,,False,@zackfair711,So....how do you turn up the heat during winter?,0.0,True,So....how do you turn up the heat during winter?,[],0.0,Neutral,['turn'],,,
UgxKRt_pVXRRY_Ex4EF4AaABAg,comment,V0wtNI-rzSg,,False,@kodfish1985,All byd do it... Evs are dirt. No1 wants them,0.0,True,All byd do it... Evs are dirt. No1 wants them,[],-0.34,Negative,['byd'],,,
Ugwk21VyOMgxf6Gm6IR4AaABAg,comment,V0wtNI-rzSg,,False,@seanoreilly9722,amzing car just had my byd seal excellence delivered. it is amazing and the speed wow,2.0,True,amzing car just had my byd seal excellence delivered. it is amazing and the speed wow,[],0.9136,Positive,"['byd seal', 'wow', 'seal', 'just', 'car']",,,
UgyScoL1Wfa-3oZjN0h4AaABAg,comment,V0wtNI-rzSg,,False,@thearousedeunuch,"The Fisker Ocean also did this, as do a variety of Chinese cars, if memory serves me right.",0.0,True,"The Fisker Ocean also did this, as do a variety of Chinese cars, if memory serves me right.","['The Fisker Ocean', 'Chinese']",0.0,Neutral,"['fisker ocean', 'right', 'ocean', 'fisker', 'cars']",,,
Ugxh5sW6YFk_CN_8gUB4AaABAg,comment,V0wtNI-rzSg,,False,@eire-81,Don't stay in portrait when using apple play when driving do pointless,0.0,True,Don't stay in portrait when using apple play when driving do pointless,[],0.34,Positive,"['driving', 'pointless', 'apple', 'using', 'don']",,,
UgxbvE38WD8MOko4ENZ4AaABAg,comment,V0wtNI-rzSg,,False,@timandre7451,Chinese landfill crap,0.0,True,Chinese landfill crap,['Chinese'],-0.3818,Negative,"['crap', 'chinese']",,,
UgzFq0AJkZkVoPuQChl4AaABAg,comment,V0wtNI-rzSg,,False,@walterpoiss7854,A useless function,0.0,True,A useless function,[],-0.4215,Negative,"['function', 'useless']",,,
UgznMb0CtC0KPBrDzkp4AaABAg,comment,V0wtNI-rzSg,,False,@davidcampbell5168,The dolphin does it as well,0.0,True,The dolphin does it as well,[],0.2732,Positive,['does'],,,
UgyeY1n5sr618VkqDsN4AaABAg,comment,V0wtNI-rzSg,,False,@nikothesealbomber,ngl I might prefer byd over tesla,0.0,True,ngl I might prefer byd over tesla,[],0.0,Neutral,"['tesla', 'byd']",,,
Ugxue5fIdDdhkK_Uakp4AaABAg,comment,V0wtNI-rzSg,,False,@Viking8888,Just wait until everything starts breaking down with this thing. 50k is just the tip of the iceberg.,0.0,True,Just wait until everything starts breaking down with this thing. 50k is just the tip of the iceberg.,[],0.0,Neutral,"['just', '50k', 'wait', 'thing']",,,
UgzMMqaD9lD6Ymq5cHp4AaABAg,comment,V0wtNI-rzSg,,False,@30characterhandlemaximumlength,"No way, id press that 7 times during a red light",0.0,True,"No way, id press that 7 times during a red light",[],-0.296,Negative,"['light', 'way']",,,
Ugxiyj_PVEP0fK76PZB4AaABAg,comment,V0wtNI-rzSg,,False,@SirHackaL0t.,"Absolutely useless feature.
Connect your phone and it reverts to landscape as neither CarPlay or auto supports portrait mode",0.0,True,Absolutely useless feature. Connect your phone and it reverts to landscape as neither CarPlay or auto supports portrait mode,['CarPlay'],-0.1513,Negative,"['auto', 'carplay', 'portrait mode', 'mode', 'useless']",,,
UgxbFcsVyuIXbl5iaf14AaABAg,comment,V0wtNI-rzSg,,False,@tidosuk5117,"I'd turn that screen twice, to portrait then back to landscape and never move it again 😂",1.0,True,"I'd turn that screen twice, to portrait then back to landscape and never move it again 😂",[],0.4404,Positive,"['turn', 'landscape', 'portrait', 'screen']",,,
UgyOIes7UoxR3hEoXf14AaABAg,comment,V0wtNI-rzSg,,False,@jadenjohnson2247,Coming yo Canada. I can't wait.,0.0,True,Coming yo Canada. I can't wait.,['Coming yo Canada'],0.0,Neutral,['wait'],,,
UgyJ2HxGnJPosiqOK2R4AaABAg,comment,V0wtNI-rzSg,,False,@goracks69,"I just watched a long term review of this car by Electrifyingcom. After living with this car as her dd for 6 months she said of this screen that you’ll probably turn the screen to portrait, say ‘wow, that’s really cool,” turn it back to landscape, and never touch it again, like the reviewer did herself.",0.0,True,"I just watched a long term review of this car by Electrifyingcom. After living with this car as her dd for 6 months she said of this screen that you’ll probably turn the screen to portrait, say ‘wow, that’s really cool,” turn it back to landscape, and never touch it again, like the reviewer did herself.",['Electrifyingcom'],0.3612,Positive,"['turn', 'screen', 'car', 'wow', 'long']",,,
UgwzYEJkC3zzHhYjw_l4AaABAg,comment,V0wtNI-rzSg,,False,@yaminemokhtari9188,"be careful, you could end up upside down on the highway !",0.0,True,"be careful, you could end up upside down on the highway !",[],0.2244,Positive,[],,,
UgwSFHd3kMvnqzvuHiN4AaABAg,comment,V0wtNI-rzSg,,False,@shhs6127,FISKER OCEAN ! Have same thing..   long time ago..         I like it..  👍,0.0,True,FISKER OCEAN ! Have same thing.. long time ago.. I like it.. 👍,[],0.4199,Positive,"['fisker ocean', 'ocean', 'ago', 'fisker', 'time']",,,
UgxgQFt_WJ4-ehiKNrd4AaABAg,comment,V0wtNI-rzSg,,False,@pauloliveira1976,"This is one of my must haves when puchasing a new car 🙄 
Rubbish!",0.0,True,This is one of my must haves when puchasing a new car 🙄 Rubbish!,[],0.0,Neutral,"['new', 'car']",,,
UgzzT13x_e5AmVxtwb54AaABAg,comment,V0wtNI-rzSg,,False,@mark902,don't park it next to the focus! what about when it explodes? because of how it's a tofu dreg electric car? protect the focus!,0.0,True,don't park it next to the focus! what about when it explodes? because of how it's a tofu dreg electric car? protect the focus!,[],0.549,Positive,"['electric', 'don', 'car']",,,
UgzukvXTthJ3KRwHkpF4AaABAg,comment,V0wtNI-rzSg,,False,@Col-Heem,Theses are everywhere in Thailand,0.0,True,Theses are everywhere in Thailand,['Thailand'],0.0,Neutral,[],,,
UgxX3CbAuAgfiKKi8Ap4AaABAg,comment,V0wtNI-rzSg,,False,@voongnz,"I wish teslas had Apple CarPlay and android auto, and also wish they had V2L. It’s so handy.",0.0,True,"I wish teslas had Apple CarPlay and android auto, and also wish they had V2L. It’s so handy.",['Apple CarPlay'],0.6597,Positive,"['android auto', 'apple', 'auto', 'android', 'carplay']",,,
UgwZoxG52WzOttejikh4AaABAg,comment,V0wtNI-rzSg,,False,@riccaregio,I am pretty sure I have seen many Chinese EVs with this function,0.0,True,I am pretty sure I have seen many Chinese EVs with this function,['Chinese'],0.6705,Positive,"['sure', 'pretty', 'function', 'chinese']",,,
UgwA81Z10z6a-TH2gwR4AaABAg,comment,V0wtNI-rzSg,,False,@peterko8871,Are you left-handed or why do you touch the tablet on the left side :D,0.0,True,Are you left-handed or why do you touch the tablet on the left side :D,[],0.6166,Positive,"['left', 'tablet']",,,
UgyTS0S-J18kAMr47eR4AaABAg,comment,V0wtNI-rzSg,,False,@richardmartinez4950,We have that in Mexico a while ago but you wanna keep supporting tromp 😂😂😂😂😂😂😂😂😂,0.0,True,We have that in Mexico a while ago but you wanna keep supporting tromp 😂😂😂😂😂😂😂😂😂,['Mexico'],0.9909,Positive,['ago'],,,
UgzfCcipLTQioTBF-t54AaABAg,comment,V0wtNI-rzSg,,False,@aranu157,did shmee buy the seal?,0.0,True,did shmee buy the seal?,[],0.0,Neutral,"['did', 'buy', 'seal']",,,
Ugw95VVyclFxfOx2vN54AaABAg,comment,V0wtNI-rzSg,,False,@90sDiesels,Yes but the fact that you’re forgetting is they are still sh💩t,0.0,True,Yes but the fact that you’re forgetting is they are still sh💩t,[],0.2144,Positive,[],,,
Ugw95VVyclFxfOx2vN54AaABAg.AS7UFd9FOyeAS8BjwL2zVX,comment,V0wtNI-rzSg,Ugw95VVyclFxfOx2vN54AaABAg,True,@benxie5624,why? you own one?,0.0,True,why? you own one?,[],0.0,Neutral,[],,,
Ugw95VVyclFxfOx2vN54AaABAg.AS7UFd9FOyeAS8Csa0xq_1,comment,V0wtNI-rzSg,Ugw95VVyclFxfOx2vN54AaABAg,True,@90sDiesels,"@benxie5624no I know the service manager at the local dealership and the other side of said dealership does byd and even he says the build quality is horrendous and they are always coming back, so if they are like that when they are new what are they going to be like when they get some age about them",1.0,True,"I know the service manager at the local dealership and the other side of said dealership does byd and even he says the build quality is horrendous and they are always coming back, so if they are like that when they are new what are they going to be like when they get some age about them",[],0.0516,Positive,"['like', 'going', 'build', 'new', 'service']",,,
UgwUBymK7qbmJoktx894AaABAg,comment,V0wtNI-rzSg,,False,@ronburgandy1475,Wait UK pays $50k pounds for a seal?,0.0,True,Wait UK pays $50k pounds for a seal?,[],0.0,Neutral,"['50k', 'uk', 'wait', 'seal']",,,
Ugy3ZJpjHFwmfONbyRF4AaABAg,comment,V0wtNI-rzSg,,False,@drippyyello7413,Damn they allow have dat car in London but not in USA 😭,0.0,True,Damn they allow have dat car in London but not in USA 😭,"['London', 'USA']",-0.6757,Negative,['car'],,,
UgyPQdfDkurGvhyL0rV4AaABAg,comment,V0wtNI-rzSg,,False,@burnzey1785,Had the seal for 2 years. The rotating screens only purpose is portrait GPS which isnt even that big of a deal and doesnt work with any other apps.,0.0,True,Had the seal for 2 years. The rotating screens only purpose is portrait GPS which isnt even that big of a deal and doesnt work with any other apps.,[],0.0,Neutral,"['rotating screens', 'apps', 'work', 'rotating', 'screens']",,,
UgwyOoxqIe6_joHaCN94AaABAg,comment,V0wtNI-rzSg,,False,@evoiiiwest4290,The interior looks like something you buy from TEMU 😂,0.0,True,The interior looks like something you buy from TEMU 😂,['TEMU'],0.6597,Positive,"['interior', 'looks', 'buy', 'like']",,,
UgzLw50h_K16iIHOQip4AaABAg,comment,V0wtNI-rzSg,,False,@mijbril8330,"Every time someone new gets into my Seal for the first time, i show them this party trick, then I put it back to landscape & forget that it can go portrait. I also show them the acceleration of the Performance, that is more than just a party trick....",0.0,True,"Every time someone new gets into my Seal for the first time, i show them this party trick, then I put it back to landscape & forget that it can go portrait. I also show them the acceleration of the Performance, that is more than just a party trick....",[],0.5461,Positive,"['time', 'new', 'seal', 'landscape', 'portrait']",,,
UgxoFPUGgpGVH45qk994AaABAg,comment,V0wtNI-rzSg,,False,@raoullaskin9083,nothing innovative about this. this is just stupid rage bait.,0.0,True,nothing innovative about this. this is just stupid rage bait.,[],-0.8558,Negative,"['innovative', 'stupid', 'just']",,,
UgwR8a1mEdYnwTDhSrV4AaABAg,comment,V0wtNI-rzSg,,False,@arronklein2122,What they don't tell you is if your using android auto / apple carplay you can't have it in portrait mode it reverts back to landscape automatically . . .,0.0,True,What they don't tell you is if your using android auto / apple carplay you can't have it in portrait mode it reverts back to landscape automatically . . .,[],0.0,Neutral,"['android auto', 'apple', 'auto', 'android', 'using']",,,
UgwFER-gf8yYqrE-fXh4AaABAg,comment,V0wtNI-rzSg,,False,@notcooll,In uh va tive,0.0,True,In uh va tive,[],0.0,Neutral,[],,,
Ugyl22VBoEbUTRY5UWZ4AaABAg,comment,V0wtNI-rzSg,,False,@Philg-z5r,Shame that they don't do a screen that disappears completely.  They are so intrusive and distract from the driving experience.,0.0,True,Shame that they don't do a screen that disappears completely. They are so intrusive and distract from the driving experience.,[],-0.7884,Negative,"['driving', 'completely', 'don', 'screen']",,,
UgyQixLzZqkG2rXexF54AaABAg,comment,V0wtNI-rzSg,,False,@paul28177,i was expecting something really exciting except this is something on virtually all the BYD cars and has been around for several years now.,0.0,True,i was expecting something really exciting except this is something on virtually all the BYD cars and has been around for several years now.,['BYD'],0.5413,Positive,"['years', 'really', 'cars', 'byd']",,,
Ugy7ynplsTrVy3seOrR4AaABAg,comment,V0wtNI-rzSg,,False,@Atkins84,"Here’s an idea, don’t buy one, don’t fund an enemy state anymore",0.0,True,"Here’s an idea, don’t buy one, don’t fund an enemy state anymore",[],-0.5423,Negative,"['don', 'buy']",,,
Ugx0bUNalPwBUtXlpUp4AaABAg,comment,V0wtNI-rzSg,,False,@WayneTulip-r2x,Beautiful car! 🚗,0.0,True,Beautiful car! 🚗,[],0.636,Positive,['car'],,,
UgyLWvLZC7DXhbyiDMF4AaABAg,comment,V0wtNI-rzSg,,False,@aficio698,"Nonsense!
This has been a feature for years.",0.0,True,Nonsense! This has been a feature for years.,[],-0.4574,Negative,"['years', 'feature']",,,
Ugz74eRhD6fN8A7vS9t4AaABAg,comment,V0wtNI-rzSg,,False,@RogueBrit,Fisker Ocean did it....,0.0,True,Fisker Ocean did it....,['Fisker Ocean'],0.0,Neutral,"['fisker ocean', 'ocean', 'fisker', 'did']",,,
UgygjFXo6z_gwOve4_t4AaABAg,comment,V0wtNI-rzSg,,False,@RogerKnight5,"I have Seal in UK - It's like a DRUNK DRIVER - on cruise control, it goes too far left then corrects too much left then goes too much right - NOT SAFE. Phantom Braking - almost stopped in the middle of a motorway - 60mph - 20mphn for no reason - no obstruction.",0.0,True,"I have Seal in UK - It's like a DRUNK DRIVER - on cruise control, it goes too far left then corrects too much left then goes too much right - NOT SAFE. Phantom Braking - almost stopped in the middle of a motorway - 60mph - 20mphn for no reason - no obstruction.","['DRUNK', 'DRIVER', 'Phantom Braking']",-0.8219,Negative,"['left', 'reason', 'driver', 'uk', 'right']",,,
Ugw6iJRQpJbLoJKN1fx4AaABAg,comment,V0wtNI-rzSg,,False,@RobertLund-d7d,""" under 50 k "" he throws away. For a glorified hairdryer on wheels ! 😂😂😂.no thanks.",0.0,True,""" under 50 k "" he throws away. For a glorified hairdryer on wheels ! 😂😂😂.no thanks.",[],0.8858,Positive,['wheels'],,,
UgzgqSnTHt60xzhTX2R4AaABAg,comment,V0wtNI-rzSg,,False,@marklola12,All their cars have this even their cheap cars lol,0.0,True,All their cars have this even their cheap cars lol,[],0.4215,Positive,"['cars', 'lol']",,,
UgyTItiI1A6Jxlcdie54AaABAg,comment,V0wtNI-rzSg,,False,@xusiaxod6255,Milk float ipad on wheels crap. Good luck when it goes nuclear..,0.0,True,Milk float ipad on wheels crap. Good luck when it goes nuclear..,[],0.5106,Positive,"['wheels', 'crap']",,,
Ugy0U-2hki2gKSJMzbJ4AaABAg,comment,V0wtNI-rzSg,,False,@devikaray8668,That legend bmw m3gtr ut there right,1.0,True,That legend bmw m3gtr ut there right,['bmw m3gtr'],0.0,Neutral,['right'],,,
Ugxz0NM9l6e_w4UagFV4AaABAg,comment,V0wtNI-rzSg,,False,@devikaray8668,Bro anyone noticed that sf90,0.0,True,Bro anyone noticed that sf90,['sf90'],0.0,Neutral,[],,,
UgyI4Ee_2m3zhZJN10t4AaABAg,comment,V0wtNI-rzSg,,False,@Aliquam620,what about fisher ocean?,0.0,True,what about fisher ocean?,[],0.0,Neutral,['ocean'],,,
UgyxZ43Te1xET3-HpnV4AaABAg,comment,V0wtNI-rzSg,,False,@DoubleHitRugby,Those screens are so fucking stupid,0.0,True,Those screens are so fucking stupid,[],-0.6087,Negative,"['stupid', 'screens']",,,
Ugxi3VHuqurADCeCQWx4AaABAg,comment,V0wtNI-rzSg,,False,@BobBenz55,😂😂😂😂 sure you can’t get a bigger screen in that 😂😂😂😂,0.0,True,😂😂😂😂 sure you can’t get a bigger screen in that 😂😂😂😂,[],0.9735,Positive,"['sure', 'screen']",,,
UgxwCyrQWeHCqHxEh7R4AaABAg,comment,V0wtNI-rzSg,,False,@peanuts-n2e,"just bought one, but in my country we drive on the left, it's strange seeing my seal mirrored 😂",0.0,True,"just bought one, but in my country we drive on the left, it's strange seeing my seal mirrored 😂",[],0.3919,Positive,"['left', 'seal', 'just']",,,
UgyffwGiaOkiKj02WMp4AaABAg,comment,V0wtNI-rzSg,,False,@theohim9155,Wonder when this screen crap will fade out from cars ...,0.0,True,Wonder when this screen crap will fade out from cars ...,[],-0.3818,Negative,"['cars', 'crap', 'screen']",,,
Y8yTY_7w3KA_t_0,transcript,Y8yTY_7w3KA,,,,"Tesla is the biggest EV manufacturer, BYD says, hold my beer, we're taking over, and they're also coming here to Europe, to Germany, for example, also with the BYD Seal. This is a competitor to the Tesla Model 3, and we're going to find out, can it succeed on the toughest automotive market in the world with the highest expectation of the customers? We'll tell you all about it here with Thomas at Autogefühl in 4K, full screen, full length. Let's go with the full review of the BYD Seal. In the front, we see a very fluent look and, indeed, the CD value is also really low, 0.219, so comparable also to the Tesla Model 3, indeed. Very beautiful, by the way in the lower part here with the lights. You can even better see it in the shadow in our basement garage here. That's pretty cool. So, overall, a very, very sneak look. Towards the side, 19-inch wheels, and the good thing is, also similar to Tesla, you do not have to configure this car a lot. There's a base version with rear-wheel drive, and there's an optional all-wheel",,,,"['Tesla', 'BYD', 'Europe', 'Germany', 'Model 3', 'Thomas']",,,,0.0,0.1,"['Tesla', 'EV manufacturer', 'BYD', 'beer', 'Europe', 'Germany', 'example', 'the BYD Seal', 'a competitor', 'the Tesla Model', 'automotive market', 'the world', 'expectation', 'the customers', 'Thomas', 'Autogefühl', 'full screen', 'full length', 'the full review', 'the front', 'fluent look', 'the CD value', 'the way', 'part', 'the lights', 'the shadow', 'basement garage', 'pretty cool', 'sneak look', 'the side', '19-inch wheels', 'the good thing', 'this car', 'a lot', 'a base version', 'rear-wheel drive', 'an optional all-wheel']"
Y8yTY_7w3KA_t_1,transcript,Y8yTY_7w3KA,,,,"drive version called Excellence, there's also one we can see here, that also adds variable frequency damping, so it acts accordingly to what it finds on the ground, basically, so the suspension is a little bit more sophisticated. Yeah, and that's it. And then you can maybe just choose the color and you're done. Turning indicators here in the front replace this part here and when it's a little bit darker here we can even better see this lower part which is really beautiful. Do you want to play? This one definitely sounds like a horror movie, right? This standard BYD sound. Hello there. 4 meters 80 or 189 inches is the length here of the BYD Seal, and the interesting thing is that the",,,,"['Excellence', 'BYD']",,,,1.0,62.7,"['drive version', 'Excellence', 'variable frequency damping', 'the ground', 'the suspension', 'a little bit', 'the color', 'indicators', 'this part', 'a little bit darker', 'see', 'part', 'a horror movie', 'This standard BYD sound', 'Hello', 'meters', 'inches', 'the length', 'the BYD Seal', 'the interesting thing']"
Y8yTY_7w3KA_t_2,transcript,Y8yTY_7w3KA,,,,"battery, 82.5 kilowatt hours net, and it's an LFP battery that is also cobalt free, for example. So, the pros is they use less of these rare materials and so on, and it's also better in the durability. However, the one disadvantage is that the fast charging is a little bit slower, so we can expect, although it has a 150 kilowatt DC peak, it does take most of the time more than 40 minutes. There, for example, the Tesla Model 3 is quicker in fast charging. They indeed have a very sporty design and also this very cool light signature all the way around and then also these individual dots inside. The rear-wheel drive version is at 5.9 seconds in the acceleration figure, all-wheel drive here, so one electric motor per axle at 3.8, that's why it also says here at the exterior. And the turning indicators here in the rear have this cascading effect. Of course, they use a purpose-built EV platform, so one of the special things here is that the lower part of the vehicle is being also stabilized by the battery",,,,"['LFP', 'Model 3']",,,,2.0,125.5,"['battery', 'kilowatt hours', 'an LFP battery', 'example', 'the pros', 'these rare materials', 'the durability', 'disadvantage', 'the fast charging', 'a little bit', 'kilowatt DC peak', 'the time', 'minutes', 'the Tesla Model', 'fast charging', 'sporty design', 'cool light signature', 'the way', 'these individual dots', 'The rear-wheel drive version', 'seconds', 'the acceleration figure', 'all-wheel drive', 'electric motor', 'axle', 'the exterior', 'the turning indicators', 'the rear', 'this cascading effect', 'course', 'a purpose-built EV platform', 'the special things', 'part', 'the vehicle', 'the battery']"
Y8yTY_7w3KA_t_3,transcript,Y8yTY_7w3KA,,,,"housing itself, and that is actually something that is really interesting and adds to the stability of the whole vehicle, to the torsional rigidity, as we say. Then, under the hood here, is there a frunk? Yes, there is here, and actually quite substantial. And, for example, house a charging cable. This is the key fob. That one doesn't look that good, but you can also use a key card or your smartphone, but it's still good to have one, definitely. Then, the flush door handles come out, door closing sound. This one is actually very solid indeed. And also solid as for the materials here, soft touch leatherette, microfiber insert, it also looks quite fancy how they integrated the door opener, window lever controls for also classic controlling so to speak and also really soft for your elbows, hard pack just at the lower part. And then, this interior here looks indeed quite sporty already from that steering wheel and real buttons at the steering wheel here, for example, the cruise control, right side for the volume, but also some multifunctional controls,",,,,[],,,,3.0,190.7,"['housing', 'something', 'the stability', 'the whole vehicle', 'the torsional rigidity', 'the hood', 'a frunk', 'example', 'house', 'cable', 'the key fob', 'That one', 'a key card', 'smartphone', 'the flush door handles', 'door closing sound', 'the materials', 'soft touch leatherette', 'microfiber insert', 'the door opener', 'window lever controls', 'elbows', 'hard pack', 'part', 'this interior', 'quite sporty', 'wheel', 'real buttons', 'the cruise control', 'right side', 'the volume', 'some multifunctional controls']"
Y8yTY_7w3KA_t_4,transcript,Y8yTY_7w3KA,,,,"and we can see it has digital instruments, yes, here more microfiber inserts. And then, these seats here, so BYD in Europe and Germany has assured me that all the seats here, in Europe at least, they're all vegan, so all animal-free (WRONG! It's animal skin) No matter which trim you pick, and the steering wheel itself, and, well, it looks cool with this quilting here, and the quality of the materials also makes a very good first impression. Interestingly, as well, this integrated head restraint and also has this sporty hold. And headroom here, still a lot of left with 1.89 or 6'2"", and especially in comparison to the Tesla Model 3 or the NIO ET5, where my head is kind of like here and the front ceiling almost begins, you know, like here, here's a lot more room over my head, so definitely better suitable for tall drivers. Interior cockpit overview, first of all, steering wheel, manual, it goes in and out, up and down, smooth process. Then you can see these 10.25 digital instruments, I'm really glad we",,,,"['BYD', 'Europe', 'Germany']",,,,4.0,253.4,"['digital instruments', 'microfiber inserts', 'these seats', 'BYD', 'Europe', 'Germany', 'the seats', 'animal skin', 'No matter', 'the steering wheel', 'the quality', 'the materials', 'good first impression', 'head restraint', 'this sporty hold', 'headroom', 'a lot', 'comparison', 'the Tesla Model', 'the NIO ET5', 'head', 'kind', 'the front ceiling', 'room', 'tall drivers', 'Interior cockpit overview', 'wheel', 'smooth process']"
Y8yTY_7w3KA_t_5,transcript,Y8yTY_7w3KA,,,,"have them, that's a pro in comparison to the Tesla Model 3. Then 15.6-inch screen, you either have it here horizontally for, you know, charging stop and watch a movie or something, or, you can also tilt it like this, go down here with this button right there. And this is, for example, more helpful than for the navigation, you know, because when you're navigating, you're always looking kind of like, you know, where you're going upward. Of course, it also works with navigation in a horizontal way, but that's a pretty fancy feature, isn't it? And, you also get a proper head-up display. Digital instruments, speed on the left side, right side, recuperation, and so on. And then, when you switch the driving modes, it's also displayed then right here. Infotainment system, first of all, it's super quick, so the hardware behind it is really good. Then, these are then the vehicle settings, where you can individualize everything, also from the driving settings, like how you want your speed back there from the steering wheel, for example.",,,,"['Model 3', 'Digital']",,,,5.0,316.2,"['comparison', 'the Tesla Model', '15.6-inch screen', 'stop', 'a movie', 'something', 'this button', 'example', 'the navigation', 'kind', 'course', 'navigation', 'a horizontal way', 'a pretty fancy feature', 'a proper head-up display', 'Digital instruments', 'speed', 'the left side', 'right side', 'recuperation', 'the driving modes', 'Infotainment system', 'super quick', 'the hardware', 'the vehicle settings', 'everything', 'the driving settings', 'wheel']"
Y8yTY_7w3KA_t_6,transcript,Y8yTY_7w3KA,,,,"And, also important, they do offer Apple CarPlay and Android Auto, and that is a really large integration right there. So, kind of impressed by that. And, once again, in the close-up, how we can turn the screen, and, I mean, that also goes decently quickly. I'm not sure. In that way, of course, it fits better to the cockpit. Climate controls here in the lower part, but you can also control it, actually, at the steering wheel. I can select here the vent strength with rolling the jog wheel or go to the temperature. And do the same. It's a good solution. Two inductive charging pads, however, they are not cooled in the center console with the shifting lever or start-stop button. Here, you can still manually control the volume, and this is where you put in the different driving modes. This is where you put your NFC card when you start the vehicle just with a key card. You don't have to lay it down here. You can put it away then again. Well, solidly built, armrest, and more space underneath.",,,,"['Apple CarPlay', 'Android Auto', 'NFC']",,,,6.0,378.1,"['Apple CarPlay', 'Android Auto', 'large integration', 'kind', 'the close-up', 'the screen', 'that way', 'course', 'the cockpit', 'Climate', 'part', 'wheel', 'the vent strength', 'the jog wheel', 'the temperature', 'a good solution', 'pads', 'the center console', 'lever', 'start-stop button', 'the volume', 'the different driving modes', 'NFC card', 'the vehicle', 'a key card', 'space underneath']"
Y8yTY_7w3KA_t_7,transcript,Y8yTY_7w3KA,,,,"Inside of the rear doors, also the nice microfiber insert, high-grade leatherette, soft touch on the top part, also built quality-wise, just hard pack here in the lower part, looks actually quite nice, and also these floor mats here with some colored stripes, and it goes all the way through. There's, of course, no middle tunnel here, and then we have some more charging possibilities in the lower part. Well, in the seating here, first of all, as for the legroom, I mean, it's not the shortest vehicle, still have some legroom left here as a tall adult, as the seat could be actually going a little bit higher, then it would be better to put my shoes also under the seat, so when it's a little bit higher, it would be better. Headroom with this fixed glass roof, so here, I have some space over my head here still with 1.89 or 6'2"". So, overall, decent offering of space, but not the best package, I would say, and it's also very comfortable here with the high-grade leatherette and soft touch on also these quilting on the rear seats, so really attention to detail also on the head restraints and so on.",,,,[],,,,7.0,439.4,"['the rear doors', 'the nice microfiber insert', 'high-grade leatherette', 'soft touch', 'the top part', 'quality-wise', 'hard pack', 'part', 'these floor mats', 'some colored stripes', 'the way', 'course', 'no middle tunnel', 'charging possibilities', 'Well', 'the seating', 'the legroom', 'vehicle', 'some legroom', 'a tall adult', 'the seat', 'a little bit', 'shoes', 'Headroom', 'this fixed glass roof', 'some space', 'head', 'decent offering', 'space', 'package', 'the high-grade leatherette', 'the rear seats', 'attention', 'the head restraints']"
Y8yTY_7w3KA_t_8,transcript,Y8yTY_7w3KA,,,,"This one you can fold down. Adaptive cup holders, so everything feels really nice and solid. By the way, if you wonder, what about a shade? So, there's no automatic shade available, but you can have these manual shades. You can fold them out, and then you can basically squeeze them in there to have an additional shade on this glass roof if you're constantly living somewhere where it's really hot. That would be good for you, right? After seeing this interior, you might even consider it as compared to the Mercedes EQE. Size-wise, it also more or less fits, and also trunk, Model 3 and the Mercedes EQE, and also here the BYD Seal, they also have this separate trunk opening, so no fastback at all. 400 liters it is, and the width is a meter or 40 inches, the length is a meter or 40 inches, and the height here is about a little bit more than 40 centimeters or 17 inches. And then, let's get out the luggage, and we have more storage here underneath. There we go, and underneath there, there's then, you",,,,"['Mercedes', 'Model 3']",,,,8.0,501.6,"['Adaptive cup holders', 'everything feels', 'the way', 'a shade', 'no automatic shade', 'these manual shades', 'an additional shade', 'this glass roof', 'this interior', 'the Mercedes EQE', 'Size-wise', 'fits', 'trunk', 'Model', 'the BYD Seal', 'this separate trunk opening', 'no fastback', 'liters', 'the width', 'a meter', 'inches', 'the length', 'the height', 'a little bit', 'centimeters', 'the luggage', 'storage', 'underneath']"
Y8yTY_7w3KA_t_9,transcript,Y8yTY_7w3KA,,,,"know, like this emergency kit and so on, and from here, we cannot fold anything, have to go around them to the rear seats, and then it folds here in two-third, one-third split. We start with some city driving here in Thomas' Driving Lounge with a BYD Seal. Sorry about that. Let's get back to the driving. So, what I found very curious here, this sound or this chime the vehicle is doing while being really slow, it is, of course, mandatory by law, but I found it here, I think you can even hear it on camera, extremely loud, and even now when you're like in the basement garage or something. So, I feel they could just be a little bit more silent there, but then here, you know, when you're driving a little bit faster, then, of course, it's gone. So, it's really just for the very, very slow speeds.",,,,['Thomas'],,,,9.0,566.1,"['this emergency kit', 'anything', 'the rear seats', 'one-third split', 'some city driving', 'Thomas', 'Driving Lounge', 'a BYD Seal', 'Sorry', 'the driving', 'this sound', 'the vehicle', 'course', 'law', 'camera', 'the basement garage', 'something', 'a little bit', 'slow speeds']"
Y8yTY_7w3KA_t_10,transcript,Y8yTY_7w3KA,,,,"It's actually for pedestrians, but you hear it so much already on the inside. However, you can adjust it a little bit here at the moment. Dynamic sound, maybe you hear that? Standard is a little bit more drawn back, so that's already better, and then, here, there's the standard mode and you can switch to brand and then... it's also more sounds like, you know, like you put the baby to sleep or something. So, I think when you leave it here in brand and standard, then it's most drawn back and it's definitely less annoying than if it's here on standard. And dynamic... That would be the most annoying chime you hear also on the interior. The steering feel here is actually light, but likable. Let's see here, compare here. In sport, you have a little bit more feedback. I also like that, but the steering feel is really nice in a way that, there it goes with the chime again. I'm not sure if you can pick it up on the camera, but",,,,[],,,,10.0,626.5,"['pedestrians', 'the inside', 'a little bit', 'the moment', 'Dynamic sound', 'Standard', 'drawn', 'the standard mode', 'brand', 'sounds', 'the baby', 'something', 'standard', 'annoying chime', 'the interior', 'feel', 'compare', 'sport', 'feedback', 'the steering feel', 'a way', 'the chime', 'the camera']"
Y8yTY_7w3KA_t_11,transcript,Y8yTY_7w3KA,,,,"here, the steering feel, you don't have any dead zone area. It directly reacts and so on, and also the outside, it's really smooth. It's a very good process. I'm really happy with the steering feeling. There it goes with the chime. The throttle is also very good to control. Just when you're, like, parking in and out, you have to learn to be very gentle with it because, especially in the all-wheel drive version, it just has so much power, and then, of course, you have to reduce the G-forces on your passengers. Always be gentle with that. And here about recuperation at the moment. Kind of rolling, and then recuperation goes via the brakes. You have some settings here, actually, and then new energy, energy manager, and then you can have energy feedback intensity standard or high. So, accelerating, then, yeah, there we go. So, now, when I'm going off the throttle now, there's more recuperation.",,,,[],,,,11.0,688.4,"['feel', 'any dead zone area', 'the outside', 'good process', 'feeling', 'the chime', 'The throttle', 'the all-wheel drive version', 'much power', 'course', 'the G-forces', 'passengers', 'Always', 'recuperation', 'the moment', 'Kind', 'rolling', 'the brakes', 'some settings', 'new energy', 'energy manager', 'energy feedback intensity standard', 'the throttle']"
Y8yTY_7w3KA_t_12,transcript,Y8yTY_7w3KA,,,,"I wouldn't say it's a one-pedal driving feeling, no. I'm also really happy to see digital instruments Because by that, I don't always have to look over to the right side here, to the main display, like you have to do in the Tesla Model 3. So, and then you have the head-up display, so you have both, so you can also have it in your line of sight. Accelerating out of the corner, just slightly. Yeah, super powerful, extremely effortless. Also here, going some left and right. The car feels really light and agile here in the city, although these cars with the large batteries, they're never light in a sense of total weight or something, but it just feels like that. Turning indicator sound, by the way, that one sounds a little bit weird also, a little bit cheap. However, everything else, what you see and feel, experience here in the driving, also from the seats and everything, definitely feels like a premium vehicle.",,,,['Model 3'],,,,12.0,750.0,"['a one-pedal driving feeling', 'digital instruments', 'the right side', 'the main display', 'the Tesla Model', 'the head-up display', 'line', 'sight', 'the corner', 'some left', 'right', 'The car feels', 'agile', 'the city', 'these cars', 'the large batteries', 'a sense', 'total weight', 'something', 'feels', 'indicator sound', 'the way', 'a little bit', 'everything', 'experience', 'the driving', 'the seats', 'a premium vehicle']"
Y8yTY_7w3KA_t_13,transcript,Y8yTY_7w3KA,,,,"Then, here, the road gets a little bit rougher. 19-inch wheels and we have here in the all-wheel drive version these adaptive frequency dampers. So they're semi-active so that means they react with these hydraulic cushions. And so far, I'm actually quite happy with that. It is rather a sporty ride. Yes, but I would feel is not as stiff or harsh as you sometimes feel with the Model 3 or Model Y. Let's do one more lane change here in the city. Nice job. So, it's really nice and smooth. So, looking forward how the suspension reacts when we have higher speeds on the German Autobahn. That's where we're heading right now. Now, we head to the motorway and let's go to the sport mode. Then, we also have indeed more power output. Yeah, it's preparing. Yeah, I mean, less than four seconds in the acceleration figure is like...",,,,"['the Model 3', ""Model Y. Let's"", 'the German Autobahn']",,,,13.0,812.3,"['the road', 'a little bit', '19-inch wheels', 'the all-wheel drive version', 'these adaptive frequency dampers', 'these hydraulic cushions', 'a sporty ride', 'stiff', 'harsh', 'the Model', 'Model Y', 'Let', 'lane change', 'the city', 'Nice job', 'the suspension', 'speeds', 'the German Autobahn', 'the motorway', 'the sport mode', 'power output', 'seconds', 'the acceleration figure']"
Y8yTY_7w3KA_t_14,transcript,Y8yTY_7w3KA,,,,"Something. And here we are at about 50 kilometers an hour. Let's go! Plop! 120! So that was 50 to 120 and yeah, you can't see the speedometer because the camera can't catch it because of the steering wheel, but you heard the Leah speedometer. So yeah, she definitely indicated the acceleration and yeah, it's really quick. But still feels really balanced and controlled. Wow, this is amazing! Also, here, that lane change, 120 kilometers an hour, like 70 miles an hour, feels super controlled, and it's a lot of fun. It is a great, sporty, fun vehicle, and, I mean, this acceleration figure and this driving dynamics, it's really a sports car, you know, in that way, like you bought maybe like a C63 or something or an M3, something and if you think about you pay like maybe like a third of the price for that. So in Germany",,,,"['Leah', 'C63', 'Germany']",,,,14.0,873.9,"['kilometers', 'an hour', 'Plop', 'the speedometer', 'the camera', 'wheel', 'the Leah speedometer', 'the acceleration', 'yeah', 'feels', 'Wow', 'lane change', 'miles', 'a lot', 'fun', 'fun vehicle', 'this acceleration figure', 'this driving dynamics', 'a sports car', 'that way', 'a C63', 'something', 'an M3', 'the price', 'Germany']"
Y8yTY_7w3KA_t_15,transcript,Y8yTY_7w3KA,,,,"this one here is a couple of thousand euros more expensive than the Tesla Model 3... In the you know in the versions each. And I think is actually in this case even justified we have to say that. Yes there is the charging that's definitely better with Tesla Model 3 and the Supercharging Network. But driving-wise, this easily drives better than the Tesla, and you also have to think about the Mercedes EQE. Well, that one feels a little bit bigger, although there's not much length difference. It feels bigger in the sense of segment, but as for the quality in the driving feel, yeah, I mean, they can also compete with that. The seats are super comfortable, also here in the motorway. Suspension is also totally fine. Yes, it is a sporty one, so it's not like a soft carpet ride or something. That's not good steering feel.... Overall. This vehicle, also here in driving,",,,,"['Model 3', 'Tesla Model 3', 'Tesla', 'Mercedes']",,,,15.0,938.3,"['a couple', 'thousand euros', 'the Tesla Model', 'the versions', 'this case', 'Tesla Model', 'the Supercharging Network', 'the Tesla', 'the Mercedes EQE', 'Well', 'a little bit', 'much length difference', 'the sense', 'segment', 'the quality', 'the driving feel', 'The seats', 'the motorway', 'Suspension', 'a soft carpet ride', 'something', 'feel', 'Overall', 'This vehicle', 'driving']"
Y8yTY_7w3KA_t_16,transcript,Y8yTY_7w3KA,,,,"ticks all the boxes, you know, in that corner, really smooth, good feeling over the vehicle, and I can directly see everything. Assistance systems wise, this is not elaborated yet for the European market. So they need to do that. We've seen it with a lot of other Chinese manufacturers. They need more time to implement all the assistance systems that are working quite well on the Chinese market, but they don't do that right here. So I have deactivated them all. So this is one thing that is still missing definitely, but at least when you deactivate them, then you don't have any annoying beepings and so on. However, you always have to do that at each startup of the vehicle, and, for example, when we had earlier smartphones in the inductive charging pad, the message that it was charging came up, and it was just laying there again, and at some point, it came up again, and that was also a little bit annoying. And you maybe saw it here.",,,,"['European', 'Chinese']",,,,16.0,1000.4,"['ticks', 'the boxes', 'that corner', 'good feeling', 'the vehicle', 'everything', 'Assistance systems wise', 'the European market', 'a lot', 'other Chinese manufacturers', 'time', 'the assistance systems', 'the Chinese market', 'that right', 'thing', 'any annoying beepings', 'each startup', 'example', 'smartphones', 'the inductive charging pad', 'the message', 'some point', 'a little bit']"
Y8yTY_7w3KA_t_17,transcript,Y8yTY_7w3KA,,,,"We are in this dark mode here now for the screens. You can have it in the auto mode, and it acts according to the light. However, when in the dark mode, it's a little bit more, you know, drawn back. It was too bright. And also, this screen here was often flickering on camera when it was in the bright display. Here, when someone can enter the Autobahn, there's no speed sign. That means it's also unlimited speeds. So, let's go! Plop! 150. That was 100 to 150, so even in the higher speed regions. And, noise insulation-wise, let's go faster. 160, 170, 180. That one goes 190. It's not supposed to be that fast. Interesting. So, the official top speed is 180 kilometers an hour or 112 miles per hour, but that one was 190 and there was still a little bit left.",,,,['Autobahn'],,,,17.0,1060.8,"['this dark mode', 'the screens', 'the auto mode', 'the light', 'the dark mode', 'a little bit', 'this screen', 'camera', 'the bright display', 'someone', 'the Autobahn', 'no speed sign', 'unlimited speeds', 'Plop', 'speed regions', 'insulation-wise', 'Interesting', 'the official top speed', 'kilometers', 'an hour', 'miles', 'hour']"
Y8yTY_7w3KA_t_18,transcript,Y8yTY_7w3KA,,,,"So, hmm. Did I find out something here? Well, good to know for the German Autobahn, and it was there so quickly, and noise insulation-wise, great job. So, it was really silent, that once again speaks for the build quality, and even at the higher speeds, very much in control. Oh, that was maybe, like, detect... I was, you know, testing the steering here once again, but maybe the car was detecting, like, hey, you're running off the road or something. And now we're getting off the motorway. It's always a nice test as well. Let's do one more lane change here. Yeah, that's a lot of fun and it's really super smooth. Here now I've set the recuperation to the brake pedal. To me it's always, you know, a better feeling and I can reduce the G-forces and so on. Also good motorway performance, but now the question is, when we drive a little bit further, what about the real-world range and the energy economy?",,,,['the German Autobahn'],,,,18.0,1123.1,"['hmm', 'Did', 'something', 'Well', 'the German Autobahn', 'insulation-wise', 'great job', 'speaks', 'the build quality', 'speeds', 'control', 'the steering', 'the car', 'hey', 'the road', 'the motorway', 'a nice test', 'lane change', 'a lot', 'fun', 'super smooth', 'the recuperation', 'the brake pedal', 'feeling', 'the G-forces', 'good motorway performance', 'the question', 'a little bit', 'the real-world range', 'the energy economy']"
Y8yTY_7w3KA_t_19,transcript,Y8yTY_7w3KA,,,,"So, what else did I realize while driving? The ACC only goes in five-kilometer steps up and down. This, I think, needs to be fixed alongside, of course, with fixing all of the assistance systems, but we had that similar, for example, with Zeeks or Xpeng, and, for example, when I had the airflow set on you know, on the top and on the feet, there was still a lot of very cold air coming from the middle part, even if they set the temperature a little bit higher, and, therefore, when I had my hands here at the steering wheel, the left hand was always very cold. So, yeah, this maybe also needs to be addressed. This here, by the way, is their large SUV, the Tang. But, what about the BYD Seal here in our drive today? Exterior-wise I think it works very well also on the European market. Interior, a high-built quality, so nothing to criticize there. Of course, while driving, some of the assistance systems and so on, they're still working on the final software tweaks here and so on to make it all suitable for the German market and so on.",,,,"['ACC', 'Zeeks', 'Xpeng', 'Tang', 'European', 'Interior', 'German']",,,,19.0,1184.3,"['The ACC', 'five-kilometer steps', 'course', 'the assistance systems', 'example', 'Zeeks', 'Xpeng', 'the airflow set', 'the feet', 'a lot', 'cold air', 'the middle part', 'the temperature', 'a little bit', 'hands', 'wheel', 'the left hand', 'the way', 'large SUV', 'the Tang', 'the BYD Seal', 'drive today', 'Exterior-wise', 'the European market', 'Interior', 'a high-built quality', 'nothing', 'the final software tweaks', 'the German market']"
Y8yTY_7w3KA_t_20,transcript,Y8yTY_7w3KA,,,,"Does it drive better than the Tesla Model 3? Yes, it does. However, in charging, quick charging and also, of course, a charging network, there again, the Model 3 is still better. Also, the front driving position, for example, is better suitable for tall people than in the Model 3 as for the headroom and so on. Big difference also, for example, to NIO which sell at really high premium prices, they here at BYD sell at pretty decent prices. Yes, there has been a big discussion also lately about the subsidies by the Chinese government and a lot of governments worldwide do subsidize their car industry, just the difference is that the Chinese government has a lot of money and definitely... Oh, we can see more ambient lighting there. They, of course, have a lot of money also to subsidize their car brands there, and that's also one of the reasons why they can offer them here at so decent prices. And about economy and real-world range, we could score some 17 kilowatt hours on 100",,,,"['Model 3', 'the Model 3', 'NIO', 'BYD', 'Chinese']",,,,20.0,1245.2,"['the Tesla Model', 'quick charging', 'course', 'a charging network', 'the Model', 'the front', 'position', 'example', 'tall people', 'the headroom', 'Big difference', 'NIO', 'high premium prices', 'BYD', 'pretty decent prices', 'a big discussion', 'the subsidies', 'the Chinese government', 'a lot', 'governments', 'car industry', 'the difference', 'money', 'ambient lighting', 'car brands', 'the reasons', 'decent prices', 'economy', 'real-world range', 'kilowatt hours']"
Y8yTY_7w3KA_t_21,transcript,Y8yTY_7w3KA,,,,"kilometers, including some accelerations, so that could even be a little bit more efficient. However, good temperatures, very mild temperatures outside also today, so that means some 3.6 kilowatt hours per... 3.6 miles per kilowatt hour, that's what I wanted to say. So, the overall realistic real range then today would be 480 kilometers or 300 miles, and that is once again very competitive overall. The car is definitely very competitive, and if they do some more tweaking, yes, a serious competitor for the Model 3 and even for the German EVs as well, of course, because it competes also with the premium products. If you want to check them out, see the competitor reviews on Autogefühl right now.",,,,"['the Model 3', 'German']",,,,21.0,1306.0,"['kilometers', 'some accelerations', 'a little bit', 'good temperatures', 'mild temperatures', 'today', 'kilowatt hours', 'miles', 'hour', 'the overall realistic real range', 'competitive overall', 'The car', 'a serious competitor', 'the Model', 'the German EVs', 'course', 'the premium products', 'the competitor', 'Autogefühl']"
V0wtNI-rzSg_t_0,transcript,V0wtNI-rzSg,,,,I've just got the key to this the byd seal so for the time being all of the silly stuff can be left behind the seal is my new daily Runabout and I want to show you something in here which is quite unusual and unique now this car for under 50K has a really really top-notch interior we've got wireless charging pads fill on the brake press the button right here your selector for reverse neutral Drive multiple digital screens I've just unplugged it from charging we get 350 Mi of range when it's fully charged now this tablet is enormous I'm normally fan of smaller displays but what they've done in this is innovative and hasn't been done before via the button right there or pressing here on the steering wheel check this out the whole screen rotates if you prefer portrait to landscape that's how simply you can do it you got different tiles and apps and things press it again spins back round of course you've got Android auto and apple carplay it's kind of fun there are some unique things about this byd,,,,"['Drive', 'Android']",,,,0.0,0.2,"['the key', 'the byd seal', 'the time', 'the silly stuff', 'the seal', 'new daily Runabout', 'something', 'this car', 'top-notch interior', 'pads', 'the brake press', 'the button', 'selector', 'reverse neutral Drive multiple', 'digital screens', 'Mi', 'range', 'this tablet', 'fan', 'displays', 'the button right', 'wheel', 'the whole screen', 'different tiles', 'apps', 'things press', 'round', 'course', 'Android auto', 'apple', 'kind', 'fun', 'some unique things', 'this byd']"
