source_id,source_type,video_id,parent_id,is_reply,author,text,like_count,public
UgyQ3EY0Lj98H73J38B4AaABAg,comment,V0wtNI-rzSg,,False,@paulb2092,"Chinese makers are well known for competing by piling on features which work until you drive it off the lot, and ignoring things like rust proofing, not to mention record high depreciation and insurance costs.",0,True
Ugzqkv3Y2ojish0sOi14AaABAg,comment,V0wtNI-rzSg,,False,@camf7522,CLICK BAIT,0,True
UgyEF1U2INCc0EZxf_t4AaABAg,comment,V0wtNI-rzSg,,False,@geoffwalker7530,"Note the crap door handles, sale killer straight away",0,True
Ugz5s0PKBupBXK4Ugld4AaABAg,comment,V0wtNI-rzSg,,False,@marceln3107,"*In the MY2026, BYD dismissed this feature.",0,True
UgyqNGNLVqXddAdC5Wx4AaABAg,comment,V0wtNI-rzSg,,False,@carlkirk3467,Even better if there were no touchscreens to distract the driver?,0,True
Ugx9DGiRIsGm3DsEPgt4AaABAg,comment,V0wtNI-rzSg,,False,@nobodyshero200,So interesting you chose an EV as a daily. That really is a statement to how bad ICE cars are.,0,True
UgyaUiiMq4imxJQceZB4AaABAg,comment,V0wtNI-rzSg,,False,@williamwildcat,I don’t care how nice it is it’s a stupid ev,0,True
Ugw4nOmrl9ZF0ZrrB1V4AaABAg,comment,V0wtNI-rzSg,,False,@JohnSmith-y6i3p,I’d rather walk,0,True
UgzA4KE3uUo16goXgB94AaABAg,comment,V0wtNI-rzSg,,False,@itskirkby,They’ve removed this feature from the latest model.,0,True
Ugwxl8MeOvKQ8SWCsWd4AaABAg,comment,V0wtNI-rzSg,,False,@Hasan-g2g2u,Every byd has that.,0,True
UgzpSRt3U-ZoE7oPwhF4AaABAg,comment,V0wtNI-rzSg,,False,@MLAGGIONE,All I see there is electric junk on wheels that tries to mimic being a car.,0,True
UgypStmtZzC12KxMLzF4AaABAg,comment,V0wtNI-rzSg,,False,@julianguffogg,Gimmick,0,True
UgzyRu0ZOrkaoxNjq894AaABAg,comment,V0wtNI-rzSg,,False,@Shirley-hr8tx,Yes Tesla interiors are pathetic,1,True
Ugz85bTxIYrQXYTuOy14AaABAg,comment,V0wtNI-rzSg,,False,@minesy72,"Well WoW, sure everyone is rushing to buy one now...well those who like pointless crap",0,True
UgxQz5mamvHFd74mSLx4AaABAg,comment,V0wtNI-rzSg,,False,@sparkyUK,That feature has been removed in the updated model.,0,True
Ugw7sGVzvoSEdU6qocF4AaABAg,comment,V0wtNI-rzSg,,False,@DMT267,Old news. Every car reviewer  does the same.....yawn !!!!,0,True
UgzgXuHgg4a69VjSYAR4AaABAg,comment,V0wtNI-rzSg,,False,@GeorgeHafiz,Complete gimmick. I’ve used it twice in a year. Main reason being it doesn’t work with CarPlay,0,True
UgxoI1sJAmw0WRJrp2R4AaABAg,comment,V0wtNI-rzSg,,False,@Jfjs58-g,It’s ugly and it’s stupid and on top of that it’s a Chinese shit,0,True
UgyEcICK0OTf96VPfMV4AaABAg,comment,V0wtNI-rzSg,,False,@burnerog,"Interesting how car enthusiasts (like Shmee, and me too for that matter.!) have started to warm on the concept of EV’s.! But the indisputable truth still remains that DEPRECIATION will eventually destroy the ownership experience. At trade in time…. But the technology of EV’s is amazing 😻 all the same…",0,True
Ugx11VVmMduQMsohr_N4AaABAg,comment,V0wtNI-rzSg,,False,@chrisc2252,Crazy that this car is £18000 overseas and under £50000 in the UK 😂😂😂😂,0,True
Ugw6bA-y5JjOyT204xp4AaABAg,comment,V0wtNI-rzSg,,False,@Edwina-ka-Tharki-Lehru,That’s the only thing in BYD😂😂 other than that there nothing but garbage,0,True
Ugxuu6vUXx4sKGK3CB54AaABAg,comment,V0wtNI-rzSg,,False,@TenSixFour,I thought it was going to be a feature that appealed to adults.,0,True
Ugzlkg4UFDYlz01ZNtp4AaABAg,comment,V0wtNI-rzSg,,False,@FiRem002,except they removed the swivel screen from the latest year model,0,True
Ugx2auuYIeu5L0lx8RB4AaABAg,comment,V0wtNI-rzSg,,False,@dcs34colin,"brakes grab and very un real, aircon and heater is utter CRAP, the speaker/radio sound is shit and lots more bad on it.",0,True
Ugxf-AgCLK-RbPfYtxd4AaABAg,comment,V0wtNI-rzSg,,False,@dcs34colin,"just un plugged from charging ...hey ...REALY as the screen shows NOT.......... 350 miles is BS,  If 30% of something is 96 miles, the total (100%) is 320 miles (\(96 \div 0.30\)).",0,True
Ugx62Y7U9Q0SiPzviLR4AaABAg,comment,V0wtNI-rzSg,,False,@VictorFuentes-q9j,Todos los byd lo hacen,0,True
UgwP5mFBhi4C62qn1LN4AaABAg,comment,V0wtNI-rzSg,,False,@drgabrielmereg3271,Oh wow! 😂😂😂😂 so boring ! Wow!,0,True
Ugwti_q3FShcGTurESR4AaABAg,comment,V0wtNI-rzSg,,False,@PainfullyTruthfully,That shit is stupid...,0,True
UgxbhkpsUdjDXbX5lw94AaABAg,comment,V0wtNI-rzSg,,False,@tabotabster1770,Suspension could be better,0,True
UgzoIxO1cqD3xRPsxwN4AaABAg,comment,V0wtNI-rzSg,,False,@kenfroment1943,Android werkt niet als je het scherm draait wat ben je er dan mee😂,0,True
Ugx5Xd-OEvVQw-Du1PZ4AaABAg,comment,V0wtNI-rzSg,,False,@stephencowell3823,My Granny has a BYD Dolphin Surf that has a screen that spins in the exact same way,0,True
Ugxl_TU79F91XUTdPp94AaABAg,comment,V0wtNI-rzSg,,False,@letsgetsomebacon,"If you think that interior is great, wait til you see the BYD Sealion 7",0,True
UgwFLfE7qLEViMLtg6d4AaABAg,comment,V0wtNI-rzSg,,False,@UKbiker73,Such a gimmick they canned it on the latest models as everyone did it once and then left it in landscape. Lots of apps didn’t function in portrait mode. Also….did you just pronounce innovative as three separate words….‘in OV ative 🫤 bit weird.,0,True
Ugwtqu8O6uF_izzuVm14AaABAg,comment,V0wtNI-rzSg,,False,@rob7xiv,Update News: Rotating Screen in 2026 Model get/got removed😅,0,True
UgzzoI_1SHZNBFCgZp54AaABAg,comment,V0wtNI-rzSg,,False,@danielburges8176,The facelift 2026 version has removed this feature 😆,0,True
Ugz2ZHZnFM5VTe1ec_x4AaABAg,comment,V0wtNI-rzSg,,False,@Belarus2012,Aaaaaand yuo not gonna use it ever. That's why they stopped doing it,0,True
UgzXnuLNbFmORFKzwFp4AaABAg,comment,V0wtNI-rzSg,,False,@xrenaudon,"Useless stuff : just made for your kind of video, but absolutely useless in daily life",0,True
Ugxd4YXPTTONnDBpej14AaABAg,comment,V0wtNI-rzSg,,False,@RichardJones73,But why?,0,True
UgwltV_FD_XH2cj1ol94AaABAg,comment,V0wtNI-rzSg,,False,@CheeseyCrumpet,They have removed the rotating screen in the updated 26 model,0,True
UgxF5I29VD7S96SZOdJ4AaABAg,comment,V0wtNI-rzSg,,False,@tettoproject,Traitor,0,True
UgzeBrKzzfpS0cSfLiN4AaABAg,comment,V0wtNI-rzSg,,False,@ASvanRandwijck,Rotating screens are ok but first I'd like to see the first Seal pass the 700.000km  treshold without any major issues. There are tons of Teslas out there that did this and for me that is more relevant than a rotating screen.,0,True
UgwLqsRl1DXerLjWklV4AaABAg,comment,V0wtNI-rzSg,,False,@faustolopez180,Every BYD does that.,0,True
Ugwlj4a_bIsMFKsueg14AaABAg,comment,V0wtNI-rzSg,,False,@PORRRIDGE_GUN,"Build Your Dreams. I think one day soon, I will own one of these.",0,True
UgyoV2OuztWRrNjiQY94AaABAg,comment,V0wtNI-rzSg,,False,@espressocoffeeman,"There is an additional safety camera visible, the passenger side, for reverse parking. I use portrait mode slso when using the sat nav.",0,True
Ugx7UgyORe-vetxY_hR4AaABAg,comment,V0wtNI-rzSg,,False,@snake08081991,I'm an owner of that BYD Seal AWD in Mexico. I purchased 2 years ago and I still love it. And as here in Mexico the gasoline is very expensive and the light is very cheap 29MXN per liter vs 4MXN per Kw is insane. After my 2 years is still same as new with a couple of software updates but is still drives and looks fantastic.,0,True
UgyN12qDN9GF3qj2-H14AaABAg,comment,V0wtNI-rzSg,,False,@steveinoz8188,Available everywhere. Except America.,0,True
Ugx4hzDPpSuDoOZdgrN4AaABAg,comment,V0wtNI-rzSg,,False,@sakimavec,Under $50k and in Kenya it's double the price just tax alone 😢..to add insurance and not to mention scars scarce spare pads....but I would definitely choose it...💯,0,True
UgwOHqKpprMyCPSQBh54AaABAg,comment,V0wtNI-rzSg,,False,@Pickle_rick91,The way you pronounced innovative completely threw me. I thought you where choking 😂,0,True
UgyNpUnSR4oXWLP6q3N4AaABAg,comment,V0wtNI-rzSg,,False,@OfficialSapphirePhoenix,If prefer landscape because it doesn't obstruct my view,0,True
UgxpUKc-p4xukyFtVZN4AaABAg,comment,V0wtNI-rzSg,,False,@spip72,But why!!!!,0,True
UgzDrbZSxbXGUGZhU-p4AaABAg,comment,V0wtNI-rzSg,,False,@1964TJK,Just come up on my feed from Nov 2024 !,0,True
UgyOARmCufLeBUYWaeZ4AaABAg,comment,V0wtNI-rzSg,,False,@themusicalscout1,I thought a Ford could already do this?,0,True
Ugw0-wr-dD7YAA3kdQF4AaABAg,comment,V0wtNI-rzSg,,False,@TraveLovers,"most useless feature, next generations removed it",0,True
UgwnyBLWw8h_YABmvN14AaABAg,comment,V0wtNI-rzSg,,False,@barrypickles6546,But does it charge at 1MW ? If not throw it in the bin.,0,True
UgwgtTvoAD19AYVTzv14AaABAg,comment,V0wtNI-rzSg,,False,@gregsayer7218,BYD have dropped it from MY26,0,True
Ugxg8R0bEVyyujLzK714AaABAg,comment,V0wtNI-rzSg,,False,@peterrear2864,"Its either quite unusual or unique,it cant be both.
Still junk,give it five years max and it will be scrap",0,True
UgwQ0qYvdnrcwSaJ6z94AaABAg,comment,V0wtNI-rzSg,,False,@johnfaw,One more thing to break...,0,True
UgywA8XdN3OSG_sfvyx4AaABAg,comment,V0wtNI-rzSg,,False,@dpfghela,Not for the 2026 version…,0,True
UgzA8G6qkaV7z1_nCj94AaABAg,comment,V0wtNI-rzSg,,False,@LasinduManumith,You have to buy that Yangwang U9 ❤,0,True
UgwjzPu1sdqTG9Mg6ix4AaABAg,comment,V0wtNI-rzSg,,False,@TTedWado7871,Volvo drivers discovered it landscape mode all the way,0,True
UgzHjiwtKb9hqAB4thR4AaABAg,comment,V0wtNI-rzSg,,False,@Jay-uz4kv,I’ve got one and I can confirm that I never switch it from landscape. Primarily because Apple car play wont support it so it disables the functionality. It’s just a gimmick,0,True
UgxBIUfrf4tWOuaJvG94AaABAg,comment,V0wtNI-rzSg,,False,@tettoproject,Traitor,0,True
UgypjaUOZk5tRQV91QB4AaABAg,comment,V0wtNI-rzSg,,False,@THG_101,Pointless gimmick. Give me buttons for the aircon instead,0,True
UgyXxZ293YmqyJ9lYAx4AaABAg,comment,V0wtNI-rzSg,,False,@phward74,Build in Chinese Secret Service....go for it!,0,True
Ugzf8iy8EgcjkFU5e694AaABAg,comment,V0wtNI-rzSg,,False,@kluhsrgt9041,"Super, ça sert à quoi ?",0,True
Ugzzit-wF3JZcfdPZsB4AaABAg,comment,V0wtNI-rzSg,,False,@summersale429,This is not the only car 😄 search for zeekr 9x,0,True
Ugw0GUvHqANfl0oouoR4AaABAg,comment,V0wtNI-rzSg,,False,@theschwiftyman8840,A car made by a fraudulent company.,0,True
Ugyi9mELAxDea1cF9mV4AaABAg,comment,V0wtNI-rzSg,,False,@EdQ-c8n,I heard after sales service is difficult especially road assistance after 12 months,0,True
UgwNR6TAGbUKbOC7A8l4AaABAg,comment,V0wtNI-rzSg,,False,@hellion1770,Good luck,0,True
UgzBjzPLaR00VgnLhiB4AaABAg,comment,V0wtNI-rzSg,,False,@magnetmannenbannanen,"im a tall guy, will that screen break if i bump into it with my knee getting in and out of the car?",0,True
Ugz5KLkf3imzmTlsB-54AaABAg,comment,V0wtNI-rzSg,,False,@kimdennisjensen7863,fisker did the same long time ago lol,0,True
UgzbrU5EFj1TdrfhFnp4AaABAg,comment,V0wtNI-rzSg,,False,@neml5755,A spinny tablet is all the reason you need to buy a car. Really,0,True
UgxG5-t2egBRxQ7cEId4AaABAg,comment,V0wtNI-rzSg,,False,@liquidflow6541,"Once the manufacturer's warranty expires, you're left with a bunch of electronics that you probably can't resell! Typical leased car, nothing more!",0,True
UgyAZmVkauVg5XgtShd4AaABAg,comment,V0wtNI-rzSg,,False,@DrShimaRoblox,we getting sealion 6,0,True
UgzD0sUPdAtDG2_unAt4AaABAg,comment,V0wtNI-rzSg,,False,@Phaedra808,"Must be the last person on planet earth to see this irrelevant feature, but hey that’s what idiots are impressed by today.",1,True
Ugy_kOg0_Ei7YAZAnyV4AaABAg,comment,V0wtNI-rzSg,,False,@paulwilliammonks1,"Well thats an ""interesting"" way to pronounce innovative lol",1,True
UgzGAS5QQQf_kMA0VkJ4AaABAg,comment,V0wtNI-rzSg,,False,@randy7068,I think I've read somewhere where they've disabled this feature,1,True
UgwFhhL2-UPpeFPZF4N4AaABAg,comment,V0wtNI-rzSg,,False,@ashtonlueng7295,iPhone會爆炸，我已經不相信美國產品了,0,True
UgyIpJ0JIycnGwP3Lgl4AaABAg,comment,V0wtNI-rzSg,,False,@servasnana3837,😂,0,True
UgyIfEQuS3uY4IcTUGp4AaABAg,comment,V0wtNI-rzSg,,False,@NikhilRamchandani-v7q,The only shitty part is you cannot use Waze/ Google Maps on the vertical layout,0,True
Ugzx6QTfeURP6ui7g494AaABAg,comment,V0wtNI-rzSg,,False,@estrada-11gc,Meu Astra 2011 roda até hoje. Será que um BYD Seal rodaria?,1,True
Ugz5jkLNPa8DjuIf0Pt4AaABAg,comment,V0wtNI-rzSg,,False,@tutunci,350 kilometers maybe. that is the cheapest ev u can have in china.,1,True
Ugyl1xwP-YNgXRS8APd4AaABAg,comment,V0wtNI-rzSg,,False,@JürgHölzle,BYD starts to abandon this feature because just nobody uses it.,1,True
UgxzetJriH6EeJpwMcF4AaABAg,comment,V0wtNI-rzSg,,False,@henryharmse4003,portrait mode perfect to watch Chinese soulsucking dramas😁,0,True
UgwuyNytun9OrHUPG5p4AaABAg,comment,V0wtNI-rzSg,,False,@sargfowler9603,"Yeah, you won't get 350 miles out of that...",1,True
UgyxjKkzL-JNixDI8814AaABAg,comment,V0wtNI-rzSg,,False,@majstermsi,"Winter, summer , winter , summer broken 😂",1,True
UgyixmqGq-kvFNjkogN4AaABAg,comment,V0wtNI-rzSg,,False,@Gamechanger55018,"Chinese crap !! Why buy and support the Commies, in doing so shafting the British car industry 😑",1,True
Ugy62MVOXTGe-LgGy554AaABAg,comment,V0wtNI-rzSg,,False,@ankitsrivastava9101,Its quite useless. Lot of apps dont work in portrait mode.,1,True
UgzTc6dUXF2iYBGyRhd4AaABAg,comment,V0wtNI-rzSg,,False,@djsly25,its shite,1,True
UgwvWpglhDMafdBgELl4AaABAg,comment,V0wtNI-rzSg,,False,@overcomeego3893,America afraid of having byd. Tesla would go down. 😅,0,True
Ugx8FOC9dfT2vfsFjel4AaABAg,comment,V0wtNI-rzSg,,False,@minigrande1939,The world has gone mad when it comes to wether you like your tablet landscape or portrait is really of any relevance,0,True
UgzLxPTjMNQmf5PbuZF4AaABAg,comment,V0wtNI-rzSg,,False,@1984kron,Ford Mustang does the same thing years before,0,True
UgxU-1PhSFvb6PQ-kaV4AaABAg,comment,V0wtNI-rzSg,,False,@bootz0409,"The EV public infrastructure here in Australia is woeful! Over this past Easter long-weekend, EV owners were queued up for +5 hours awaiting to charge their cars. No range anxiety in fossil fuel cars. Won't be buying an EV until this country properly supports practical charging infrastructure. Oh.. and the battery charging units are all powered by coal! 😑",1,True
Ugyc5ZYkfoxK01XY6zp4AaABAg,comment,V0wtNI-rzSg,,False,@g1hau,"And what's hilarious - ""Android auto doesn't support portrait layout"" ... the one use portrait would help with (seeing further ahead when using Google Maps) doesn't work.",1,True
UgxozUr6KOPICs3Wzsh4AaABAg,comment,V0wtNI-rzSg,,False,@MatsushimaLighting,That’s a pretty ugly user interface,1,True
UgxWUaHKZmd8zE9glgJ4AaABAg,comment,V0wtNI-rzSg,,False,@colinkay6599,Beyond ridiculous,1,True
UgxunK4fgd6xgTPdDCd4AaABAg,comment,V0wtNI-rzSg,,False,@nasirsaleem4016,"We're paying double the price in uk, rip off britain.",1,True
Ugwxjdr0y84dd5H5X5N4AaABAg,comment,V0wtNI-rzSg,,False,@Kliippo,Quiet useless,1,True
UgxLPCv0IKXQWxEZI2d4AaABAg,comment,V0wtNI-rzSg,,False,@ProductionJunction1,Nobody uses it. It’s being discontinued.,1,True
UgzyJ-Q5nlQmRBP8hwZ4AaABAg,comment,V0wtNI-rzSg,,False,@DIRRTY_K19,The proportions on my Omitren 1:1 are right and that was literally the first thing i checked,0,True
UgwlrCZe4G-9IUvHRb14AaABAg,comment,V0wtNI-rzSg,,False,@peterrichard9114,omitren had mine in transit before i even finished watching this,0,True
Ugw6bMGRU4l1wrXBE214AaABAg,comment,V0wtNI-rzSg,,False,@LORDGAMER_H,Omitren genuinely changed what i thought was possible for 1:1 quality and i cannot unlearn that,0,True
Ugzq6VJDTxgoNwuWNU94AaABAg,comment,V0wtNI-rzSg,,False,@ukk630,Omitren is the only source i trust completely and that trust was built order by order,0,True
UgwuEK9_KElQDJ-dmHR4AaABAg,comment,V0wtNI-rzSg,,False,@VK6AB-,complete twot,0,True
Ugw9ime3yavMq1SLH4l4AaABAg,comment,V0wtNI-rzSg,,False,@bozhan,that's so useless :D,1,True
UgzQBNglMC3hINteRRt4AaABAg,comment,V0wtNI-rzSg,,False,@CharlesKohu,Byd shark does aswell,0,True
Ugzjd67pOyCNLKlIx8Z4AaABAg,comment,V0wtNI-rzSg,,False,@leafulchermasterunner,Never used the rotation once on my car! Pointless,0,True
UgxECPLPuLSLYEkp2EZ4AaABAg,comment,V0wtNI-rzSg,,False,@seveglider8406,"Hopefully, someday, BYD will be available in. the USA!",0,True
UgxQ0u_oHDBgHV8LlVJ4AaABAg,comment,V0wtNI-rzSg,,False,@minigrande1939,"There is a video of Elon musk being asked about a BUD in there early days showing him an ugly model and he laughed at it now he has nightmares about them ,the great thing about BYD is they are premerily a Battery company ,China are turning the whole motor industry on it's head",0,True
UgyCH3o2l5mpu86lSXB4AaABAg,comment,V0wtNI-rzSg,,False,@JohnnyH1992,Got this on my BYD Atto 3… never use it. Just leave it in landscape as CarPlay only works in landscape.,0,True
Ugwkmu1nGaiRyfvRM9t4AaABAg,comment,V0wtNI-rzSg,,False,@waldibar4096,"Oh you poor US guys, you cannot buy BYD in US. So you have to live with the TESLA shit.",0,True
UgygAVLp4bIAhRGcnph4AaABAg,comment,V0wtNI-rzSg,,False,@McAmber,Nice,0,True
UgwOwTMI8beYmw_jcrl4AaABAg,comment,V0wtNI-rzSg,,False,@carlohakens3333,Not the only car that does it.,0,True
Ugw78a0xIfbhHDWxjuF4AaABAg,comment,V0wtNI-rzSg,,False,@dzhiurgis,Is there dark UI theme? Light ones suck so badly.,0,True
Ugy51njKlySS1fNGrp14AaABAg,comment,V0wtNI-rzSg,,False,@bestofalllife,Already appeared Seal 07😅,0,True
Ugyem5yLoHqCSCQAGel4AaABAg,comment,V0wtNI-rzSg,,False,@crox3544,Btw this car is only about 8k euro in China lmao,0,True
UgyzrH9pAG7cIfNglfF4AaABAg,comment,V0wtNI-rzSg,,False,@leccy9901,"Nice interior, im going electric next, stepping foot into that world and handing my m3 back. Ill never buy Chinese though.",0,True
UgxV0xMhwTMyfZPr16Z4AaABAg,comment,V0wtNI-rzSg,,False,@aircooledpoly2194,completely pointless,0,True
UgztQm4bP6KvmSmQAoF4AaABAg,comment,V0wtNI-rzSg,,False,@raizorr5746,This car is a good Daily Driver,0,True
UgwWzhAn3E55dNLX6L14AaABAg,comment,V0wtNI-rzSg,,False,@wayneskiv4r987,Jelly mould,0,True
UgyN0mOU_Pr5ZFtHr-94AaABAg,comment,V0wtNI-rzSg,,False,@sb-wp3wp,Shark 6 does this,0,True
UgyMT3rgggXJmpyrOoB4AaABAg,comment,V0wtNI-rzSg,,False,@zibusisomatht4471,"Screens are too big
Car looks great otherwise",0,True
UgyQZTTYLAdtapbOBSV4AaABAg,comment,V0wtNI-rzSg,,False,@colinstickland845,That screen would have to.be turned off for me ...  What do I want that for in a car .my daily 1997 Escort doesn't have one. Dangerous distraction,0,True
Ugz8RHxxKeH1GlvRK6F4AaABAg,comment,V0wtNI-rzSg,,False,@cixxkiller,It's useless,0,True
UgwpQX9ZweQXDcTP4wd4AaABAg,comment,V0wtNI-rzSg,,False,@christopherdwyer9496,Pretty much everyone I know that owns one plus the reviews I have seen come up with the same conclusion. It's a novelty you use once and then leave it in landscape.,0,True
UgxAkYcoKiVNnF2hSsd4AaABAg,comment,V0wtNI-rzSg,,False,@carlovers-c2k,The silly stuff,0,True
UgxfbdCpIqv5wtNfTWd4AaABAg,comment,V0wtNI-rzSg,,False,@amandawethered2872,My BYD Sealion 7 does this,0,True
UgxmIxzYkf9FcVV9qqd4AaABAg,comment,V0wtNI-rzSg,,False,@julesonalaja,Can you make rotate non stop whilst driving ?,0,True
UgwTMjAyY1wBKFN3gQd4AaABAg,comment,V0wtNI-rzSg,,False,@NeilHuband-p8q,"oh schmee 😔

how much did byd pay you for your nice words.

don't be a sellout, you will lose all respect",0,True
UgzUnkClQYRSBOGw6xh4AaABAg,comment,V0wtNI-rzSg,,False,@IsaacLoven,They are removing the rotating screens in future models/updates,0,True
UgxsGyvOAU6d6YmNHc94AaABAg,comment,V0wtNI-rzSg,,False,@DonOchetti,I test drove both this and the model 3 performance. The Tesla is by far the better car,0,True
Ugy7me1UJct5VOX0Zht4AaABAg,comment,V0wtNI-rzSg,,False,@TheWeddingSloka,come to indisa tata di\o it,0,True
UgwxoWek2yxVnAqgdVt4AaABAg,comment,V0wtNI-rzSg,,False,@peters9032,"Can we talk about the ridiculous service schedule? Everyone seems to be ignoring that. 


Here in Australia, every second service costs nearly 1k and they don’t do anything…. For high mileage users your better off in Tesla long term",0,True
UgxycP72Oavmpsc18Z94AaABAg,comment,V0wtNI-rzSg,,False,@MrCha3232,I have a BYD and this screen rotation is dumb (everything else is great tho),0,True
UgwHRbxTD87IqfXtH6h4AaABAg,comment,V0wtNI-rzSg,,False,@gilsontopfstedt3554,Bildschirm dreht sich in 2026 nicht mehr,0,True
UgxsY9nqV3UU34do1vp4AaABAg,comment,V0wtNI-rzSg,,False,@ShaoBa-md9ob,I think it lacks lsd screen,0,True
UgzLI_i-tC_1O3plrOd4AaABAg,comment,V0wtNI-rzSg,,False,@DorianJaskulski-c6r,wow the byd looks so cool im gonna get one soon and try it out to see what it actually feels like when using one for the first time,1,True
UgyH9r-tfrtVC0txuX94AaABAg,comment,V0wtNI-rzSg,,False,@brianoreilly8393,That is such a useless gimmick of a feature!,0,True
UgxGmATdzfWdbgmju4N4AaABAg,comment,V0wtNI-rzSg,,False,@rbvl30,Finally my sister has a Tesla and I always knock my knee on the screen this should have been on every car with large screens,0,True
UgxiFGHsfuYswfVqV4Z4AaABAg,comment,V0wtNI-rzSg,,False,@LYLAemir07Ramon,J'aime beaucoup ❤,0,True
Ugw7vHHY1Lg1XtkNCYN4AaABAg,comment,V0wtNI-rzSg,,False,@wbonney411,Great option,0,True
UgwRhWW3LMMSGdUFyWx4AaABAg,comment,V0wtNI-rzSg,,False,@BugMagnet,Really posh piano black hellscape. Looks nice from the outside though. Still would not get one with how mediocre the ADAS is at best and the consumption is worse than some SUVs.,0,True
UgxFt_eFbaP90baV0P54AaABAg,comment,V0wtNI-rzSg,,False,@xiaozhang9883,You have been living in the cave my friend,0,True
Ugy6Omaho-acmP1QgFh4AaABAg,comment,V0wtNI-rzSg,,False,@zackfair711,So....how do you turn up the heat during winter?,0,True
UgxKRt_pVXRRY_Ex4EF4AaABAg,comment,V0wtNI-rzSg,,False,@kodfish1985,All byd do it... Evs are dirt. No1 wants them,0,True
UgzGXZ_kUoAg5M4-zFN4AaABAg,comment,V0wtNI-rzSg,,False,@yanfang6609,作为BYD车主，我觉得旋转屏幕没啥用😃,0,True
Ugwk21VyOMgxf6Gm6IR4AaABAg,comment,V0wtNI-rzSg,,False,@seanoreilly9722,amzing car just had my byd seal excellence delivered. it is amazing and the speed wow,2,True
UgyScoL1Wfa-3oZjN0h4AaABAg,comment,V0wtNI-rzSg,,False,@thearousedeunuch,"The Fisker Ocean also did this, as do a variety of Chinese cars, if memory serves me right.",0,True
Ugxh5sW6YFk_CN_8gUB4AaABAg,comment,V0wtNI-rzSg,,False,@eire-81,Don't stay in portrait when using apple play when driving do pointless,0,True
UgxbvE38WD8MOko4ENZ4AaABAg,comment,V0wtNI-rzSg,,False,@timandre7451,Chinese landfill crap,0,True
UgzFq0AJkZkVoPuQChl4AaABAg,comment,V0wtNI-rzSg,,False,@walterpoiss7854,A useless function,0,True
UgznMb0CtC0KPBrDzkp4AaABAg,comment,V0wtNI-rzSg,,False,@davidcampbell5168,The dolphin does it as well,0,True
UgyqERuEold8hFPMVkZ4AaABAg,comment,V0wtNI-rzSg,,False,@ammar270,Impressive,0,True
UgyeY1n5sr618VkqDsN4AaABAg,comment,V0wtNI-rzSg,,False,@nikothesealbomber,ngl I might prefer byd over tesla,0,True
Ugxue5fIdDdhkK_Uakp4AaABAg,comment,V0wtNI-rzSg,,False,@Viking8888,Just wait until everything starts breaking down with this thing. 50k is just the tip of the iceberg.,0,True
UgzMMqaD9lD6Ymq5cHp4AaABAg,comment,V0wtNI-rzSg,,False,@30characterhandlemaximumlength,"No way, id press that 7 times during a red light",0,True
UgyeVUmFHUfVcko45LB4AaABAg,comment,V0wtNI-rzSg,,False,@NGWAKONKGAPELE-q9q,JAC does,0,True
Ugxiyj_PVEP0fK76PZB4AaABAg,comment,V0wtNI-rzSg,,False,@SirHackaL0t.,"Absolutely useless feature.
Connect your phone and it reverts to landscape as neither CarPlay or auto supports portrait mode",0,True
UgxbFcsVyuIXbl5iaf14AaABAg,comment,V0wtNI-rzSg,,False,@tidosuk5117,"I'd turn that screen twice, to portrait then back to landscape and never move it again 😂",1,True
UgyOIes7UoxR3hEoXf14AaABAg,comment,V0wtNI-rzSg,,False,@jadenjohnson2247,Coming yo Canada. I can't wait.,0,True
UgyJ2HxGnJPosiqOK2R4AaABAg,comment,V0wtNI-rzSg,,False,@goracks69,"I just watched a long term review of this car by Electrifyingcom. After living with this car as her dd for 6 months she said of this screen that you’ll probably turn the screen to portrait, say ‘wow, that’s really cool,” turn it back to landscape, and never touch it again, like the reviewer did herself.",0,True
UgwzYEJkC3zzHhYjw_l4AaABAg,comment,V0wtNI-rzSg,,False,@yaminemokhtari9188,"be careful, you could end up upside down on the highway !",0,True
UgwSFHd3kMvnqzvuHiN4AaABAg,comment,V0wtNI-rzSg,,False,@shhs6127,FISKER OCEAN ! Have same thing..   long time ago..         I like it..  👍,0,True
UgxgQFt_WJ4-ehiKNrd4AaABAg,comment,V0wtNI-rzSg,,False,@pauloliveira1976,"This is one of my must haves when puchasing a new car 🙄 
Rubbish!",0,True
UgzzT13x_e5AmVxtwb54AaABAg,comment,V0wtNI-rzSg,,False,@mark902,don't park it next to the focus! what about when it explodes? because of how it's a tofu dreg electric car? protect the focus!,0,True
UgzukvXTthJ3KRwHkpF4AaABAg,comment,V0wtNI-rzSg,,False,@Col-Heem,Theses are everywhere in Thailand,0,True
UgxX3CbAuAgfiKKi8Ap4AaABAg,comment,V0wtNI-rzSg,,False,@voongnz,"I wish teslas had Apple CarPlay and android auto, and also wish they had V2L. It’s so handy.",0,True
UgwZoxG52WzOttejikh4AaABAg,comment,V0wtNI-rzSg,,False,@riccaregio,I am pretty sure I have seen many Chinese EVs with this function,0,True
UgwA81Z10z6a-TH2gwR4AaABAg,comment,V0wtNI-rzSg,,False,@peterko8871,Are you left-handed or why do you touch the tablet on the left side :D,0,True
UgyTS0S-J18kAMr47eR4AaABAg,comment,V0wtNI-rzSg,,False,@richardmartinez4950,We have that in Mexico a while ago but you wanna keep supporting tromp 😂😂😂😂😂😂😂😂😂,0,True
UgzfCcipLTQioTBF-t54AaABAg,comment,V0wtNI-rzSg,,False,@aranu157,did shmee buy the seal?,0,True
Ugw95VVyclFxfOx2vN54AaABAg,comment,V0wtNI-rzSg,,False,@90sDiesels,Yes but the fact that you’re forgetting is they are still sh💩t,0,True
Ugw95VVyclFxfOx2vN54AaABAg.AS7UFd9FOyeAS8BjwL2zVX,comment,V0wtNI-rzSg,Ugw95VVyclFxfOx2vN54AaABAg,True,@benxie5624,why? you own one?,0,True
Ugw95VVyclFxfOx2vN54AaABAg.AS7UFd9FOyeAS8Csa0xq_1,comment,V0wtNI-rzSg,Ugw95VVyclFxfOx2vN54AaABAg,True,@90sDiesels,"@benxie5624no I know the service manager at the local dealership and the other side of said dealership does byd and even he says the build quality is horrendous and they are always coming back, so if they are like that when they are new what are they going to be like when they get some age about them",1,True
UgwUBymK7qbmJoktx894AaABAg,comment,V0wtNI-rzSg,,False,@ronburgandy1475,Wait UK pays $50k pounds for a seal?,0,True
Ugy3ZJpjHFwmfONbyRF4AaABAg,comment,V0wtNI-rzSg,,False,@drippyyello7413,Damn they allow have dat car in London but not in USA 😭,0,True
UgxnP7CrE3ufWepZwOV4AaABAg,comment,V0wtNI-rzSg,,False,@stanleycasey8876,nah,0,True
UgyPQdfDkurGvhyL0rV4AaABAg,comment,V0wtNI-rzSg,,False,@burnzey1785,Had the seal for 2 years. The rotating screens only purpose is portrait GPS which isnt even that big of a deal and doesnt work with any other apps.,0,True
UgwyOoxqIe6_joHaCN94AaABAg,comment,V0wtNI-rzSg,,False,@evoiiiwest4290,The interior looks like something you buy from TEMU 😂,0,True
UgzLw50h_K16iIHOQip4AaABAg,comment,V0wtNI-rzSg,,False,@mijbril8330,"Every time someone new gets into my Seal for the first time, i show them this party trick, then I put it back to landscape & forget that it can go portrait. I also show them the acceleration of the Performance, that is more than just a party trick....",0,True
UgxoFPUGgpGVH45qk994AaABAg,comment,V0wtNI-rzSg,,False,@raoullaskin9083,nothing innovative about this. this is just stupid rage bait.,0,True
UgwR8a1mEdYnwTDhSrV4AaABAg,comment,V0wtNI-rzSg,,False,@arronklein2122,What they don't tell you is if your using android auto / apple carplay you can't have it in portrait mode it reverts back to landscape automatically . . .,0,True
UgwFER-gf8yYqrE-fXh4AaABAg,comment,V0wtNI-rzSg,,False,@notcooll,In uh va tive,0,True
Ugyl22VBoEbUTRY5UWZ4AaABAg,comment,V0wtNI-rzSg,,False,@Philg-z5r,Shame that they don't do a screen that disappears completely.  They are so intrusive and distract from the driving experience.,0,True
UgyQixLzZqkG2rXexF54AaABAg,comment,V0wtNI-rzSg,,False,@paul28177,i was expecting something really exciting except this is something on virtually all the BYD cars and has been around for several years now.,0,True
Ugy7ynplsTrVy3seOrR4AaABAg,comment,V0wtNI-rzSg,,False,@Atkins84,"Here’s an idea, don’t buy one, don’t fund an enemy state anymore",0,True
Ugx0bUNalPwBUtXlpUp4AaABAg,comment,V0wtNI-rzSg,,False,@WayneTulip-r2x,Beautiful car! 🚗,0,True
UgyLWvLZC7DXhbyiDMF4AaABAg,comment,V0wtNI-rzSg,,False,@aficio698,"Nonsense!
This has been a feature for years.",0,True
Ugwul3MfwXyQ1r2VqRN4AaABAg,comment,V0wtNI-rzSg,,False,@sosososobadatbeingkid,Ferrari,0,True
Ugy7PUF7EhdDOn7PiEl4AaABAg,comment,V0wtNI-rzSg,,False,@toptekkmx,❤,0,True
Ugz74eRhD6fN8A7vS9t4AaABAg,comment,V0wtNI-rzSg,,False,@RogueBrit,Fisker Ocean did it....,0,True
UgygjFXo6z_gwOve4_t4AaABAg,comment,V0wtNI-rzSg,,False,@RogerKnight5,"I have Seal in UK - It's like a DRUNK DRIVER - on cruise control, it goes too far left then corrects too much left then goes too much right - NOT SAFE. Phantom Braking - almost stopped in the middle of a motorway - 60mph - 20mphn for no reason - no obstruction.",0,True
Ugw6iJRQpJbLoJKN1fx4AaABAg,comment,V0wtNI-rzSg,,False,@RobertLund-d7d,""" under 50 k "" he throws away. For a glorified hairdryer on wheels ! 😂😂😂.no thanks.",0,True
UgzgqSnTHt60xzhTX2R4AaABAg,comment,V0wtNI-rzSg,,False,@marklola12,All their cars have this even their cheap cars lol,0,True
UgyTItiI1A6Jxlcdie54AaABAg,comment,V0wtNI-rzSg,,False,@xusiaxod6255,Milk float ipad on wheels crap. Good luck when it goes nuclear..,0,True
UgzxcweY-dJbfj3_RAp4AaABAg,comment,V0wtNI-rzSg,,False,@paulturner9958,pointless toy,0,True
Ugy0U-2hki2gKSJMzbJ4AaABAg,comment,V0wtNI-rzSg,,False,@devikaray8668,That legend bmw m3gtr ut there right,1,True
Ugxz0NM9l6e_w4UagFV4AaABAg,comment,V0wtNI-rzSg,,False,@devikaray8668,Bro anyone noticed that sf90,0,True
UgyI4Ee_2m3zhZJN10t4AaABAg,comment,V0wtNI-rzSg,,False,@Aliquam620,what about fisher ocean?,0,True
UgyxZ43Te1xET3-HpnV4AaABAg,comment,V0wtNI-rzSg,,False,@DoubleHitRugby,Those screens are so fucking stupid,0,True
Ugxi3VHuqurADCeCQWx4AaABAg,comment,V0wtNI-rzSg,,False,@BobBenz55,😂😂😂😂 sure you can’t get a bigger screen in that 😂😂😂😂,0,True
UgxwCyrQWeHCqHxEh7R4AaABAg,comment,V0wtNI-rzSg,,False,@peanuts-n2e,"just bought one, but in my country we drive on the left, it's strange seeing my seal mirrored 😂",0,True
UgyffwGiaOkiKj02WMp4AaABAg,comment,V0wtNI-rzSg,,False,@theohim9155,Wonder when this screen crap will fade out from cars ...,0,True
Ugw7WI0qLEro3QtNWfh4AaABAg,comment,V0wtNI-rzSg,,False,@paularora4325,They are stopping the rotating screen now.,0,True
Ugy2AmIZ5HWD1wfATSF4AaABAg,comment,V0wtNI-rzSg,,False,@Stuart-mf8ns,Enemy of the state,0,True
UgyRFiLr4IBBM-2Mj1V4AaABAg,comment,V0wtNI-rzSg,,False,@taslad5157,They are great cars until something goes wrong and you have to wait for spare parts,0,True
Ugwk4Ms4P2UnHyrQBZl4AaABAg,comment,V0wtNI-rzSg,,False,@RBH1945,Wow. A big screen that blocks off even more forward visibility.,0,True
UgyrtQmFIQrorYAfpON4AaABAg,comment,V0wtNI-rzSg,,False,@NINJA-Love14,Is it hybrid,0,True
UgyB3433Kpjxqc9Xx0R4AaABAg,comment,V0wtNI-rzSg,,False,@petersimms4982,Not sure I can give up my Chinese 🇨🇳 POLESTAR 2 though ❤❤❤😀,0,True
UgygyOCpGxcvzPPxV7F4AaABAg,comment,V0wtNI-rzSg,,False,@petersimms4982,LUXURY AUTOMATED SOCIALISM 🇨🇳 LUXURY FOR EVERYONE 😅😅😅,0,True
UgykI-ZproY7SL5ygzB4AaABAg,comment,V0wtNI-rzSg,,False,@marinostb,"you can also say ""hey BYD, rotate the screen""",10,True
Ugxw3KjMPvQSKeBkpcN4AaABAg,comment,V0wtNI-rzSg,,False,@pascaleduprez9908,Nice feature but the steering wheel is on wrong side.,0,True
UgyTVaIS-oTHZByzCvV4AaABAg,comment,V0wtNI-rzSg,,False,@markone4767,Burn your drive😂,0,True
Ugyr2FXFB9AY8J8tuaJ4AaABAg,comment,V0wtNI-rzSg,,False,@Mclem2k24,Tesla's lucky these BYD's are not imported to the US otherwise muskfukk would be toast,0,True
UgyIWBRmp4CTjk-Bwxt4AaABAg,comment,V0wtNI-rzSg,,False,@萧萧76,"The portrait angle is awkwardly high on the dashboard isn't it? The China carmakers, what makes them think sticking an LCD screen blatantly on the dashboard is considered premium? I'm an staying in an Asian country, and have been to major China Motorshows of late... Some premium high end SUV, they have two 15.6"" LCD screen blatantly just stuck on to the dashboard... I much prefer those that is inserted into the dash design rather... this BYD Seal also, the smaller screen behind the steering wheel looks like a screen just stick on to there, I don't like that so much.",0,True
Ugwfeeu4Ss1Olrijyld4AaABAg,comment,V0wtNI-rzSg,,False,@kevinholdaway7919,"Good luck mate, after 8 years it's scrapped.",0,True
UgxxkMo6Md8Of7BOw8R4AaABAg,comment,V0wtNI-rzSg,,False,@antonijojuricezaknov9119,Butt can i play cod on that😅,1,True
Ugyfe5S33RVdEY1GZ2N4AaABAg,comment,V0wtNI-rzSg,,False,@wtfatc4556,When TF 50k became the new 15k?,1,True
Ugz89fiBhoTXI80mk394AaABAg,comment,V0wtNI-rzSg,,False,@bomberaustychunksbruv4119,How does it handle in the twisties?,0,True
UgxZQ67qlxEWWItc8th4AaABAg,comment,V0wtNI-rzSg,,False,@MrTurboRotary,"I think here in the USA, we don't really care for that feature 👎🏼
Useless point",0,True
Ugzh51wCfqhCY2hpyCB4AaABAg,comment,V0wtNI-rzSg,,False,@gamgurung5774,How much price,1,True
UgxGOXrWsIZ_gEhTAqp4AaABAg,comment,V0wtNI-rzSg,,False,@richharper8159,And they are going to get rid of that.,0,True
Ugyiqe0awyH-7VuotS94AaABAg,comment,V0wtNI-rzSg,,False,@stijn324,too bad the quality of the car is shockingly bad,0,True
UgziFBezvB01JSDI6Nx4AaABAg,comment,V0wtNI-rzSg,,False,@Jab7581,"Why are you promoting these dangerous awful car's that are well known for catching fire for no reason and BYD not doing anything for customers who's car's have caught fire. 
BUY YOUR OWN DEATH",0,True
UgwyeVHMjaB9EBMergR4AaABAg,comment,V0wtNI-rzSg,,False,@Colski333,I turned mine around once then forgot about it 😂,2,True
Ugx8dv0akVUSb1aOLuN4AaABAg,comment,V0wtNI-rzSg,,False,@Grant-e3s,the worst thing about a BYD is it's a BYD,0,True
Ugw4G_FEDFXnv6JteVd4AaABAg,comment,V0wtNI-rzSg,,False,@pelepele6691,"New cars are great for people who cant drive. Lane assist, parking assist, and upcomming brain  assist. 70% of new tech is rubbish",0,True
UgxhAsOxMabkte7tLCd4AaABAg,comment,V0wtNI-rzSg,,False,@fiadev4503,"What kind of way is that to pronounce ""innovative"" 😂",0,True
UgzWsQxdMlCbEySyQzx4AaABAg,comment,V0wtNI-rzSg,,False,@casperhansen9955,"Im sorry but the BMW i4 M50 is better, cost the same.. Well almost",0,True
UgzfWnSGz1zGR19qLnt4AaABAg,comment,V0wtNI-rzSg,,False,@derekr1113,In-of-it-ive a new word from squilly schoolboy,0,True
UgysoTC83dXu7_y1eM14AaABAg,comment,V0wtNI-rzSg,,False,@louisdelzenne,"I’d never bought a BYD before the Chinese industry (as a whole) start to implement quality standards (like ISO).
When you see buildings crumbling and tofu dregs… you don’t want to ride one of their cars…

Well, the fact that in the past two weeks I did see 3 BYD in 3 different occasions on the side of the road with obvious mechanical or electrical issues and waiting for a tow truck is probably also a reason for that 🤣",0,True
UgwU-dk-NhpJjZ8gZMN4AaABAg,comment,V0wtNI-rzSg,,False,@MaheshaDissanayake-w5k,Byd atto 3 does that too,0,True
UgznrN0WaqdGKrX0dLN4AaABAg,comment,V0wtNI-rzSg,,False,@blue_mountains28,"I think it’s such a disservice to this car that’s this screen rotating pointless trick is the #1 thing car reviewers choose to talk about. Really what use is it? Sorry for my frustrated comment, no dis to this channel, just researching this car and find that having to watch the screen rotating is like a right of passage before you can get to the useful info😅",0,True
UgwhdEDxOVASvvHtiT14AaABAg,comment,V0wtNI-rzSg,,False,@mrkanarya1907,I don't like the interior on this car but looks great on the outside. I prefer jaecoo interior,0,True
UgwHy7wTSqDrvGe_T9R4AaABAg,comment,V0wtNI-rzSg,,False,@stephenmccoy2820,"50K, has the world gone absolutely mad, how much is this car in China ???",3,True
UgzAevHecj006stDRNJ4AaABAg,comment,V0wtNI-rzSg,,False,@tonyr683,Well big whoop...,0,True
Ugx4r6j8bSne9vBtDvV4AaABAg,comment,V0wtNI-rzSg,,False,@Dodgingbodies,I hate cars. They used to be so awesome.,0,True
UgwoBVGDTfT_vtOm37l4AaABAg,comment,V0wtNI-rzSg,,False,@jackzvid,Only somebody who hates themselves would drive a call called Build your dreams,0,True
UgyOnqVwwK-IhQFZNFZ4AaABAg,comment,V0wtNI-rzSg,,False,@jackzvid,"How do you turn the heat up/down and change radio stations without being distracted from the road like i don't know, using a mobile phone?",1,True
UgwCGlD6Na-0ByE-ia14AaABAg,comment,V0wtNI-rzSg,,False,@rvdpt,yeah i got the byd seal u dmi ... you wont use it.. dont hype it.  Cause on android and apple carplay you wont be able to turn.,0,True
Ugwpx53YB28UnOYPaJB4AaABAg,comment,V0wtNI-rzSg,,False,@spiropolitis7262,The BYD shark does this to,0,True
UgxaNwtYD2bnaH-rjM54AaABAg,comment,V0wtNI-rzSg,,False,@Phelixdegreat,"Uncle said the rotating screen has never been done before, is Fisker a joke to you?",0,True
UgwvRX2EDlzUpRVjsCt4AaABAg,comment,V0wtNI-rzSg,,False,@stuart923,I really dislike how he said innovative.,0,True
Ugyt2GuTRVunNmNz6zd4AaABAg,comment,V0wtNI-rzSg,,False,@Hiper74,"I hate this giant screens inside these new cars. Hate it. Too big, too distracting, looks terrible, will look even worse in a few years. Big no for me.",0,True
Ugy44YqIuIIQ7TN74YZ4AaABAg,comment,V0wtNI-rzSg,,False,@samhillegass7546,fisker ocean,0,True
UgySLiYeA0p-0v_FFG14AaABAg,comment,V0wtNI-rzSg,,False,@davycorky,Brilliant I wonder how many Chinese citizens are touching the byd Eva because there crap this week,0,True
UgyetPT4TlPhJwaMFp54AaABAg,comment,V0wtNI-rzSg,,False,@jameshuk77,More shit to go wrong look forward to seeing your expensive repair bill.,0,True
UgzuPD5StgWwvVu9gWd4AaABAg,comment,V0wtNI-rzSg,,False,@johnsimpson1574,"Really how pathetic. It is a great car but a moving screen. So what.
I understand they are stopping this nonsense. Buy it cause it's fantastic.",0,True
Ugy38_dQFQ5MYY07IQd4AaABAg,comment,V0wtNI-rzSg,,False,@tommyjakobsen5504,"This screen turning was also in Fisker OCean before BYD Seal come. but this is a brilliant car, but i wait to next gen with God eye. and FREE selfdrivng , tesla could learn something here.",2,True
Ugxzze89_I1hWB6yZdJ4AaABAg,comment,V0wtNI-rzSg,,False,@xxxleamgxxx9656,Every BYD screen does that,0,True
UgyauQ7_8T6-nuSkTZV4AaABAg,comment,V0wtNI-rzSg,,False,@stefansmecheschema,All the hype for 2$ electric motor that rotates a screen🤣,0,True
UgyVtrfY2bvKfB-faMN4AaABAg,comment,V0wtNI-rzSg,,False,@Ghfttv2466,Sold your soul to the destruction of our car industry. Sorry but I’ll no longer be watching you. Hope your payment was worth it!!,0,True
UgxiWKe95vRyxrQmFcZ4AaABAg,comment,V0wtNI-rzSg,,False,@princejamil87,"Its not innoVAYtive,its iNNOvative lol",0,True
Ugxavzk2v9Axlxp6zIt4AaABAg,comment,V0wtNI-rzSg,,False,@Gruetzo1,"Andere Hersteller bauen gleich richtige Bildschirme ein, dann braucht man den nicht drehen. Was für eine blöde Funktion.",0,True
Ugyo1WbcLpl1sOpplnJ4AaABAg,comment,V0wtNI-rzSg,,False,@MrG_Arc,The cars amazing,3,True
UgyNdZMEi3dZxZkMbLB4AaABAg,comment,V0wtNI-rzSg,,False,@hoo1107,Same in other top BYD models like Song L and Han,0,True
UgygOKsbiCxar2oJiWh4AaABAg,comment,V0wtNI-rzSg,,False,@JimPickens-g9k,That interior puts my Tesal Model Y to shame. Tesla's interior and quality of seats is very cheap.,0,True
Ugxd7w3us6TMMYFNi5F4AaABAg,comment,V0wtNI-rzSg,,False,@amalaugustine2183,Aint this what tesla do since ever?😂,0,True
UgyWiMJVGkbozqy5C0l4AaABAg,comment,V0wtNI-rzSg,,False,@psychotron9,yippee do,0,True
Ugzsuq-lgP8XNfiSDYN4AaABAg,comment,V0wtNI-rzSg,,False,@hondakeuh1,"Drove the BYD Sealion 7 yesterday. Wind noise at medium speed. Handling was very poor! The interface was complicated and slow. Too bad, because it's a very nice car inside and out!",0,True
UgzzchKtjtq4ap4Nyj54AaABAg,comment,V0wtNI-rzSg,,False,@vma-ef2zl,This car will light up like a Christmas tree 😅,0,True
UgxEFwOVeYqaQ5ZzGK54AaABAg,comment,V0wtNI-rzSg,,False,@leightonrawlings3971,Until it MALFUCTIONS!!!!!!!!,0,True
UgwoL6qJfKLkxIWYq1x4AaABAg,comment,V0wtNI-rzSg,,False,@andyjames2870,Shame you have to run landscape for phone apps,0,True
Ugzn4QEI4GK1WoynCR14AaABAg,comment,V0wtNI-rzSg,,False,@nomadicmochi,it breaks in 2 years,0,True
UgxHxyrHlrpbqP0hgBF4AaABAg,comment,V0wtNI-rzSg,,False,@ovidiumoro5470,Laptop with wheels! No thanks,0,True
Ugwlb6gDq2Hq8EtaiH54AaABAg,comment,V0wtNI-rzSg,,False,@dean152011,Love my new dolphin surf byd for the money is very impressive 😅,2,True
Ugwlb6gDq2Hq8EtaiH54AaABAg.AO6S-8J5LVVAVDcCteedS3,comment,V0wtNI-rzSg,Ugwlb6gDq2Hq8EtaiH54AaABAg,True,@shingoshojieg6,"Horrendous car,the seal IS good but that car IS soooo horrible,sorry to say that man",0,True
Ugzw4ayB5TyRcznQA_B4AaABAg,comment,V0wtNI-rzSg,,False,@MatrixTrades25,innovawhat?,0,True
Ugz4YlRCBOnP5EAPvYh4AaABAg,comment,V0wtNI-rzSg,,False,@100salmon,is it ok to put remote key on magnetic charge😮,0,True
UgzInwdP5XJkMFITcih4AaABAg,comment,V0wtNI-rzSg,,False,@geriskater2657,Fisker had this before,0,True
Ugzu9J0GWOjrtcaBF754AaABAg,comment,V0wtNI-rzSg,,False,@JARED_ACARGUY,"the dolphin surf, the cheapest one , has it too
all of them have it",0,True
UgwMP7hAD-85fmPjm9t4AaABAg,comment,V0wtNI-rzSg,,False,@Sean.-.,"I got a BYD and keep the screen in landscape, you can press and hold the button to assign it to a different command.",1,True
Ugyld4yvtBhtBViGhdp4AaABAg,comment,V0wtNI-rzSg,,False,@cryptomike590,you get all this in the BYD Seal U DMi plus sunroof and it's just £33-35k,0,True
Ugx6uZYCQQTt1guv4vJ4AaABAg,comment,V0wtNI-rzSg,,False,@Akeyman957,"Stick to super car, exotic car, hyper car thats what gets you here and thats what im interested in you for, unless they paying you enough i’ll understand",0,True
UgyqR1frkFm7P-p3GsN4AaABAg,comment,V0wtNI-rzSg,,False,@tonybroc94,It would be cool if their software engineers could make the UI turn as the screen is rotating,1,True
UgyYlVmyhDiV6taRWT14AaABAg,comment,V0wtNI-rzSg,,False,@Tharindu43,InNovativ,0,True
UgwmV1T4yHGbFBOLeI54AaABAg,comment,V0wtNI-rzSg,,False,@blackcub3s,Tesla model S before 2018 screen was vertical. Model 3 had it horizontal. So BYD wanted both! 😂,0,True
UgwsThacXX043McMAgR4AaABAg,comment,V0wtNI-rzSg,,False,@logicpro8-k2d,"Your missing the point, BYD in general has very very very bad car deprasation, by all means buy one on lease/PCP.. DO NOT pay real money for this, your gonna lose on the very first day. in 4 years no one will want them. No parts, their like cheap Android phones, once its done, its for the bin.",0,True
Ugyp7T3PusDRaqds8Ph4AaABAg,comment,V0wtNI-rzSg,,False,@daliborpuchta1952,The Fisker Ocean had this rotating screen like 2-3 years ago.... and went bankrupt...,0,True
UgyPqZrWOGMyRLVBtyx4AaABAg,comment,V0wtNI-rzSg,,False,@G1001.,"The irony, ""all the silly stuff can be left behind"".",0,True
UgwWmQt3TPpII9j-pjt4AaABAg,comment,V0wtNI-rzSg,,False,@WorldTravelerCA,3.8 sec 0-100 km/h,0,True
Ugz8aHlbJz21mgMhltp4AaABAg,comment,V0wtNI-rzSg,,False,@SS-yw7vo,Cutting edge info right there,1,True
Ugy3tYnxWzbSUSejHyh4AaABAg,comment,V0wtNI-rzSg,,False,@mark-broomfield,inovotive!,0,True
UgyDuFbyhcJNyse_uQV4AaABAg,comment,V0wtNI-rzSg,,False,@FinchStreams,800 on amazon,0,True
UgyLdtel3pYu6XO1iuV4AaABAg,comment,V0wtNI-rzSg,,False,@FinchStreams,They are also the only car company that buys their own cars and reports the government grants received as profits.,0,True
Ugx6sQTZl2vLtk7sbaV4AaABAg,comment,V0wtNI-rzSg,,False,@DLRX123,Every byd does this,0,True
UgxZMFoRsbh3dDqzPNd4AaABAg,comment,V0wtNI-rzSg,,False,@VinceDae,Ehhh Fisker Ocean also does that? …. Many cars have done it?,0,True
Ugxcw3wSpwbeYxMNRKh4AaABAg,comment,V0wtNI-rzSg,,False,@captain_sly-d5186,Let cars be cars. Nobody needs that.,0,True
UgzimT_zMNSc5UGJRa14AaABAg,comment,V0wtNI-rzSg,,False,@gzoechi,Quite useless. Next he gets excited about some useless color LED light somewhere,0,True
UgxAuiMzzWKcNeocO_B4AaABAg,comment,V0wtNI-rzSg,,False,@olifilipe,"WOW... that made me not wanting this at all... ups, I lied, I never wanted it 
in the 1st place.",0,True
UgzWMPhXlHIm7LoDF5l4AaABAg,comment,V0wtNI-rzSg,,False,@thepotatoofheaven,the only thing i hate about decent ev is the a/c buttoj location,0,True
UgzEIlSidNV9urDdtl14AaABAg,comment,V0wtNI-rzSg,,False,@N000-reply,Be better if you press the bottom and it folds away,0,True
UgxiMKQuHmjr30ZAf2R4AaABAg,comment,V0wtNI-rzSg,,False,@shem44,Talk so much in the end it's a feature everyone knows.,0,True
UgxtKUY8HeOabzPILyZ4AaABAg,comment,V0wtNI-rzSg,,False,@naughtynightlifeasia857,Great cars - half the UK price in Thailand and made in the same factory in Rayong!,0,True
UgzjihSZvXb5iUedo2p4AaABAg,comment,V0wtNI-rzSg,,False,@JKey,"Not true, the Fisker Ocean has this.",0,True
UgyhtC5OraBSIPZDWNV4AaABAg,comment,V0wtNI-rzSg,,False,@patrykb8962,Aliexpress on wheels,0,True
Ugx_6IjrxRtvtT8uj5h4AaABAg,comment,V0wtNI-rzSg,,False,@lukasbetz925,They put your steering wheel on the wrong side mate.,0,True
UgwzKVhWTLkFKvq_LOt4AaABAg,comment,V0wtNI-rzSg,,False,@shanessy888,"I would love to get this but wifey want a family car so we end up getting Sealion 6, which has rotating screen too.
Happy Wife = Happy Life.",3,True
UgwzKVhWTLkFKvq_LOt4AaABAg.AMML7fcRf3CARIjaj3wls9,comment,V0wtNI-rzSg,UgwzKVhWTLkFKvq_LOt4AaABAg,True,@toptekkmx,😂,0,True
UgzmdLe2oNRoIcdzy4p4AaABAg,comment,V0wtNI-rzSg,,False,@Johnno1979,BYS Shark owner here. The rotating screen is totally pointless. I wish i could disable it. I'm just glad they didn't waste a button on the steering wheel for it.,0,True
Ugydt0uu3n4u9Wk3oLZ4AaABAg,comment,V0wtNI-rzSg,,False,@stefos007,That rotation is the most useless thing i have in my car... (DOLPHIN). Never used it.,0,True
Ugx9FfrUrL8A9G1fn2F4AaABAg,comment,V0wtNI-rzSg,,False,@stevemitchinson-n3z,byd cars are rust mobiles very quickly,0,True
UgzpuAC6tP3CdYf4Tdx4AaABAg,comment,V0wtNI-rzSg,,False,@alexdeliperi4814,Anyway of making the screen disappear?,0,True
UgxL19WHldGZxKUy4S54AaABAg,comment,V0wtNI-rzSg,,False,@sahanoodugama9824,Do you do cash giveaways for your subscribers who would like to repair their car? 😅,2,True
Ugzuf-CRaasze80qK2p4AaABAg,comment,V0wtNI-rzSg,,False,@talhamurs3279,What's it worth after 2 years?,0,True
Ugz383AoQf0kPSYz0m54AaABAg,comment,V0wtNI-rzSg,,False,@Dvoglavi_Arapin,"You know how a baby cries and you take a rattle and you distract it, and it stops crying? Yeah... This car is 50000...50000....BUT THE SCREEN ROTATES! Idiocracy at its best...",0,True
UgxFjvrHOHTvZCGIgkd4AaABAg,comment,V0wtNI-rzSg,,False,@DB-bv7hq,"Until you drive with polarized sunglasses, then you don't see shit on it...",0,True
UgwjoIUIx8Vqt9CMDah4AaABAg,comment,V0wtNI-rzSg,,False,@dario-henrique-83,For that price the car should wipe your ass also!,0,True
Ugx1P2e3HoDcM94U_WR4AaABAg,comment,V0wtNI-rzSg,,False,@michh9879,Please don’t support the Chinese Communist Party by buying this car.😢😢,0,True
UgzBoXRpttloRLX68Kx4AaABAg,comment,V0wtNI-rzSg,,False,@jamieokane989,"It’s either unusual or unique, it can’t be both!",1,True
UgzYKtpHvxXIjZeDqzN4AaABAg,comment,V0wtNI-rzSg,,False,@got2bbe,ew driving on the right side,0,True
UgwARinV194i9dVd5H54AaABAg,comment,V0wtNI-rzSg,,False,@richgl31,When screens are the “kind of fun” thing and “I NOV- A-TIVE” (odd pronunciation) that people are willing to pay a premium for.,1,True
Ugz70i1wKwkQxyQ5Inp4AaABAg,comment,V0wtNI-rzSg,,False,@GhostxPhantom11,I have this car it’s so worth it ❤,18,True
Ugx4cVR7hZKOw-mebqd4AaABAg,comment,V0wtNI-rzSg,,False,@yammybolo222,BYD been doing this for like a decade dude…lol,0,True
UgwK_mNOv_IO7CMv1514AaABAg,comment,V0wtNI-rzSg,,False,@kona744,50000 for a rotating tablet is expensive imho. Shalom. 😂,0,True
UgyMugCpby7hQaw71-t4AaABAg,comment,V0wtNI-rzSg,,False,@georgebuhai7850,"For a city car, great, but if you need to go 500-1000km in comfort on roads with bends, maybe water and/or snow/ice, I would never in my life go for a non-european… because i want to live. Thank you, xie xie!!",0,True
UgwKlwlEZOZdESoB9394AaABAg,comment,V0wtNI-rzSg,,False,@KendrickTillman,"Sorry, the only EV Car, I trust and I will only buy will be an NIO..",0,True
UgxyyKWWjTwPmW6CPER4AaABAg,comment,V0wtNI-rzSg,,False,@Inyokuchi,The poster discovered this 2 years too late. A lot of ppl say this is a party trick but its really useful and practical. I go landscape for youtube and portrait for navigation and split screen youtube music. its amazing,0,True
Ugwa3Wd4FubAexGDF7V4AaABAg,comment,V0wtNI-rzSg,,False,@beavisroadhog9629,Looks really durable and robust-  NOT!,0,True
UgxAViEBcUnTLpxjS9V4AaABAg,comment,V0wtNI-rzSg,,False,@PNdoi34,Whatever. Nobody is gonna buy expensive Chinese products. Because you Chinrese are cheap AF.,0,True
UgwIR7mP-ELqEgFUaE94AaABAg,comment,V0wtNI-rzSg,,False,@bestofall5168,Is they a dark mode? Don’t like the look of the whole UI tbf. Everything else looks cool,0,True
UgyN0D0ROpdTS-82Ir94AaABAg,comment,V0wtNI-rzSg,,False,@odgie5228,The way he said innovate is triggering.,0,True
UgyirfbcykDZHWgbuG94AaABAg,comment,V0wtNI-rzSg,,False,@alinschannel1517,"BYD Atto 1,2,3, sealion 7, m6 can do the exact same trick",0,True
UgyPQhTxOuxvAyWP0Y14AaABAg,comment,V0wtNI-rzSg,,False,@osamamasri9108,A month later and that thing will be in flames,0,True
Ugzie6KSdp82snLbYy94AaABAg,comment,V0wtNI-rzSg,,False,@stingray9225,Becareful it's radiating ur balls as you drive...,0,True
UgxnmHDdj8oThnuCroN4AaABAg,comment,V0wtNI-rzSg,,False,@UNBIASEDCOMMENT,he have'nt seen the byd sportscar that can do tank turns and dance. a measly upgrade is just a basic tech in china.,0,True
UgwBtgSRVHABYbWLX294AaABAg,comment,V0wtNI-rzSg,,False,@ilromero23,Stop buying  this Chinese shit,0,True
UgwLzQnJIsMS8ae4Vmd4AaABAg,comment,V0wtNI-rzSg,,False,@Eric_L456,It’s a milk float and it’s Chinese: it’s totally crap and I wouldn’t touch it with a barge pole.,0,True
Ugzgdh-eKG3-e2M2XDR4AaABAg,comment,V0wtNI-rzSg,,False,@nrw34260,Let's see how many things we can put in a car that can go wrong!,0,True
UgwMi3C1gEGoUnPutS14AaABAg,comment,V0wtNI-rzSg,,False,@peter138,Pile of poo 💩,0,True
UgwS60p2SfaMxTPLweB4AaABAg,comment,V0wtNI-rzSg,,False,@rafaeladamovic330,i can just think of fisker that does that the same,0,True
UgwMhYL-HPGILitwuqd4AaABAg,comment,V0wtNI-rzSg,,False,@grisondia_español,It's unique for exploding at random moments,0,True
Ugw5HtxNui4enDfE4-d4AaABAg,comment,V0wtNI-rzSg,,False,@mrwylie6722,There are no parts for repair if you crash,0,True
UgzXaE6gsFcZrRHf0EN4AaABAg,comment,V0wtNI-rzSg,,False,@peterstubbs5934,https://youtu.be/FS-c1ydOs0o?t=27,0,True
UgzXaE6gsFcZrRHf0EN4AaABAg.AL2yYhseJQKAL2ybI7i4qd,comment,V0wtNI-rzSg,UgzXaE6gsFcZrRHf0EN4AaABAg,True,@peterstubbs5934,If you want to see how SHITE BYD is.,0,True
Ugyv-TfC2BMI5674MHZ4AaABAg,comment,V0wtNI-rzSg,,False,@Foofrarf23,"Chinese cars, euro cars, they're all ugly and all the same.",1,True
Ugw_eU08BfhBGkDM1lt4AaABAg,comment,V0wtNI-rzSg,,False,@jimliu2560,"Why steering wheel on right side?
What country is this?",0,True
UgyQZfma2dWj0_bZIdd4AaABAg,comment,V0wtNI-rzSg,,False,@CNYCNY1,Lol key... sad,0,True
Ugx5qFkWyzRJNOeCmDV4AaABAg,comment,V0wtNI-rzSg,,False,@sat7755,"Only useless gimmicks, try a Tesla.",0,True
UgxRLoA1suNIcb5OtlV4AaABAg,comment,V0wtNI-rzSg,,False,@DawieSchoeman,Cool feature in a great vehicle. But pls STOP normalising having a sh1tload of money. I reckon more than 90% of people on earth will probably never be able to afford that.,0,True
UgzynhcDU8H3NRHqnmR4AaABAg,comment,V0wtNI-rzSg,,False,@losthighway4840,Hideous display,0,True
Ugzy_tMR9w52vHCaanZ4AaABAg,comment,V0wtNI-rzSg,,False,@6r3aT6oNz0,Heads to the silliest of the lot 😅,0,True
UgxK955gHAJvin2pkHR4AaABAg,comment,V0wtNI-rzSg,,False,@LaLaLaBumbaa,"the most unique thing wont work if you F-up the key , putting it on the charging pad .. then you wont open the car how unique is that",0,True
Ugw10mv9CasmJTbgyfV4AaABAg,comment,V0wtNI-rzSg,,False,@JohnnyR1.2,Just be cautious that your build your dream car doesn’t burn down your shed and car collection with it. Ok bro??,0,True
UgxJjv7Ip5SOVqDSi-V4AaABAg,comment,V0wtNI-rzSg,,False,@aeronYTco,Is that a reliable screen?,0,True
Ugxbar6-crNs7qvJ_bN4AaABAg,comment,V0wtNI-rzSg,,False,@josepeixoto3715,"oh man, just what i needed... a --rotating-- screen... while i drive, like watching TV....nice....what is the inflight movie today?",1,True
UgwCp2KYDcP7fEdLU7R4AaABAg,comment,V0wtNI-rzSg,,False,@mmva.mark17,how about the engine and the build?,0,True
UgwJV_RP5cfWCE7K3dF4AaABAg,comment,V0wtNI-rzSg,,False,@donconte6895,"wow, tom holland doing a car review ;)",0,True
Ugx2gY1NF_UJsw3Tmm14AaABAg,comment,V0wtNI-rzSg,,False,@BagasPutraMenara,💀☠️,0,True
UgxJ2FMseKzImFTXJS14AaABAg,comment,V0wtNI-rzSg,,False,@BagasPutraMenara,Bro discoverd this two years late as the BYD sealion 7 is a different car bat has the same feature had just released. Wow,1,True
UgxPJx9r5ijVtAi6Agt4AaABAg,comment,V0wtNI-rzSg,,False,@pigeondave123,"screen looks pretty f'ing ridiculous, can't think why anyone needs that in their car",0,True
UgxuUXoZvLgbr2mPn5l4AaABAg,comment,V0wtNI-rzSg,,False,@pouleichel2760,"and by buying a car from china, you are supporting Russias war in Ukriane. .... not cool",0,True
UgxWDvDHIZYVVc8cq8B4AaABAg,comment,V0wtNI-rzSg,,False,@jerbyted,wow what a major invention... the screen rotates.,0,True
UgzpZKBHYQv_QSo6imt4AaABAg,comment,V0wtNI-rzSg,,False,@StellarJones,Slow news,0,True
Ugw7vfcYevIxW20TeKB4AaABAg,comment,V0wtNI-rzSg,,False,@DashDriver-z1r,BYD paid him to say that,1,True
Ugw7vfcYevIxW20TeKB4AaABAg.AK5T-yxUVATAK5Xmqkw8Bi,comment,V0wtNI-rzSg,Ugw7vfcYevIxW20TeKB4AaABAg,True,@Shmeebites,Nope,0,True
Ugz6YzlHIy3L9kxIjCR4AaABAg,comment,V0wtNI-rzSg,,False,@AndrewInThaPlace2B,I'm sorry but I would never in my life buy a Chinese car,1,True
UgxkZa_3FhogdpC1t494AaABAg,comment,V0wtNI-rzSg,,False,@g2024_,Rotating screen was on that car that Fisker had when they went bust for the 2nd time,0,True
UgxuFHmBmSvTSy4RtPp4AaABAg,comment,V0wtNI-rzSg,,False,@g2024_,Does it have tv or games whilst you’re sat at a public charger ?,0,True
UgzjNke43OHJdPQ_ebN4AaABAg,comment,V0wtNI-rzSg,,False,@michaelcorcoran1964,"The only issue is BYD is a RUST bucket, too low to the ground and the suspension is lousy !!.",0,True
UgxXdBtmeNXYCoRjHq14AaABAg,comment,V0wtNI-rzSg,,False,@alexs5535,The worst E.V. on Market.,0,True
UgwGFcdwJUSJL9Vg2Jt4AaABAg,comment,V0wtNI-rzSg,,False,@sanmanFS2K,This advert brought to you by the CCP. Negative or truthful comments will put you on a list.,1,True
Ugzi3moxvw9rVhsGYP94AaABAg,comment,V0wtNI-rzSg,,False,@urglegurgle5807,"Yay! A rotating screen. Unique to this and other BYDs, and the Fiskar Ocean. So not all that unique to the Seal.",0,True
Ugykgm3yL2zZPWn8qWJ4AaABAg,comment,V0wtNI-rzSg,,False,@redgoblin2842,😮,0,True
UgyTZskb8rpVKcqB8R14AaABAg,comment,V0wtNI-rzSg,,False,@thisisnumber0,I hear BYD is fishing for favourable reviews.  How much do they pay?,2,True
UgyTZskb8rpVKcqB8R14AaABAg.AJss2FQhbB8AK-2NsLRRQl,comment,V0wtNI-rzSg,UgyTZskb8rpVKcqB8R14AaABAg,True,@Shmeebites,Nothing. This is just a PR loaner,0,True
Ugyd38P0UnzTkkW7Mvp4AaABAg,comment,V0wtNI-rzSg,,False,@salman2070,Gimmick,0,True
Ugw2MMQpG78HhSWSf214AaABAg,comment,V0wtNI-rzSg,,False,@DayOfTheLord6thseal,They put the steering wheel on the wrong side🤦🏼‍♂️,0,True
Ugw2MMQpG78HhSWSf214AaABAg.AJq8pbrkU20AJqF_XVLo7S,comment,V0wtNI-rzSg,Ugw2MMQpG78HhSWSf214AaABAg,True,@FL24edits,its in the uk,0,True
UgzTO-ujYIBZrrSXjKp4AaABAg,comment,V0wtNI-rzSg,,False,@battlecat4995,"No one is touching BYD, man. Go back to bed.",0,True
UgzTO-ujYIBZrrSXjKp4AaABAg.AJq50SLwXtSAJqFZxMYVs_,comment,V0wtNI-rzSg,UgzTO-ujYIBZrrSXjKp4AaABAg,True,@FL24edits,still in 2005 america eh?,0,True
UgzDrsmpZBYFxDV6vIx4AaABAg,comment,V0wtNI-rzSg,,False,@Jonathan2x6,All of the silly stuff can be left behind… including the rotating screen.,0,True
Ugybfb_T45IoJbX5Sqd4AaABAg,comment,V0wtNI-rzSg,,False,@GBspicer90,Garbage you definitely got paid for this 😒,1,True
Ugybfb_T45IoJbX5Sqd4AaABAg.AJneMhFDfK4AJqFdqUJ5DX,comment,V0wtNI-rzSg,Ugybfb_T45IoJbX5Sqd4AaABAg,True,@FL24edits,"buy one yourself and see, my grandparents bought a 30k byd that comes with auto parking, auto drive and 7 seats",0,True
Ugybfb_T45IoJbX5Sqd4AaABAg.AJneMhFDfK4AJs47LQyFf2,comment,V0wtNI-rzSg,Ugybfb_T45IoJbX5Sqd4AaABAg,True,@GBspicer90,​@FL24edits I know 2 people who had them and they both started showing signs of faults also dealer would have nothing to do with it,0,True
Ugybfb_T45IoJbX5Sqd4AaABAg.AJneMhFDfK4AJsxcVR3P0V,comment,V0wtNI-rzSg,Ugybfb_T45IoJbX5Sqd4AaABAg,True,@FL24edits,​@GBspicer90so when people review a ferarri or a ford or whatever its all cool but when its a byd its propaganda,0,True
UgwE80ct5PDrXFuEZKF4AaABAg,comment,V0wtNI-rzSg,,False,@mikeolly67,"Oh dear, shmee sold his soul, wonder how much money he received to say nice things about BYD",1,True
UgwiOSxIS3SRxIX-CVp4AaABAg,comment,V0wtNI-rzSg,,False,@g.w.customcreations3534,You took the money from the CCP then schmee? BYD have horrific records and you should never get in bed with them.,0,True
UgyUx71bEF1jjC0VWF14AaABAg,comment,V0wtNI-rzSg,,False,@ochibella9562,No FSD,1,True
UgwqgnzyRQKqaG0uCBV4AaABAg,comment,V0wtNI-rzSg,,False,@michaelklingenberg6565,Most indifferent feature made in a car,1,True
UgwqdrXUNRHpz9UX5g54AaABAg,comment,V0wtNI-rzSg,,False,@gtpete6363,What a dumb video. Ask any owner ....They NEVER use this feature.,0,True
Ugzf-xI2OlAJUAz0Ks14AaABAg,comment,V0wtNI-rzSg,,False,@joebloggs4191,"I hope it doesn't catch fire and don't have an accident, the airbags might not go off!",0,True
Ugyv0qIRfcNedfOZ-xF4AaABAg,comment,V0wtNI-rzSg,,False,@PRCOutdoor,All these dudes will downplay Tesla FSD and hype up a rotating screen in a BYD 😂 to each their own.,0,True
Ugy_9dFWip6ZVzrZPgx4AaABAg,comment,V0wtNI-rzSg,,False,@matbarr361,Screen’s been rotating since the Atto 3…,0,True
UgzZ7TRQPUWecR4HTRd4AaABAg,comment,V0wtNI-rzSg,,False,@Low.Level.Fugazi,"They say its a gimmick, but its not as pottait mode adds extra functionality in certain options like the camera mode.",0,True
UgxMF1od7pkomc8qaZd4AaABAg,comment,V0wtNI-rzSg,,False,@Mostopinionatedmanofalltime,"It’s okay, but the steering wheel is on the wrong side.😅",0,True
Ugwk3PbCsATW6uyablp4AaABAg,comment,V0wtNI-rzSg,,False,@robertjamesmendoza1635,Annoying voice,0,True
Ugxnjyiy4GGgOTLgnWd4AaABAg,comment,V0wtNI-rzSg,,False,@Jordan.M23,Only people that hates byd are Americans 😂 BYD quality and performance are far ahead of tesla,0,True
UgzuIojJfe6yOlRPAix4AaABAg,comment,V0wtNI-rzSg,,False,@jbm9576,If you’re putting down 50k on a car you’re not gonna be building any dreams except for the shareholders and Chinese government…,0,True
UgxEQmNpe5YqSqF5JHd4AaABAg,comment,V0wtNI-rzSg,,False,@wilsonbriggs1614,"I test drove the seal last weekend, I really liked it.  I'm still not ready for a full electric car though.",3,True
UgxNgidg15Outruv8cZ4AaABAg,comment,V0wtNI-rzSg,,False,@saadrabia,Gimmick crap. 🤦🏻‍♂️,0,True
UgzVLcBZtSGfoGz1uc94AaABAg,comment,V0wtNI-rzSg,,False,@jimmywan2184,The ability to rotate the screen into portrait mode and block your view when driving 😂,0,True
UgxSUj9CC8pPTS4AcT54AaABAg,comment,V0wtNI-rzSg,,False,@kekzoet7487,Why?,0,True
UgyVLozs0XcVgfqj_sd4AaABAg,comment,V0wtNI-rzSg,,False,@Foxcalledneo-n9v,Man. Literally watched an amazing video on a guy that lived in a cart. This guys got a warehouse of performance cars. Wtaf is going on,1,True
Ugx6vMwQtS2gfVUzfnZ4AaABAg,comment,V0wtNI-rzSg,,False,@vcr210,It's Chinese!  It will break in 2 weeks!,0,True
UgzfbiBdW2r4Exc6T4V4AaABAg,comment,V0wtNI-rzSg,,False,@colinwiseman,"Doesn't the Dolphin do this already and others in the BYD range?
Fisker Ocean too...albeit they've gone.",0,True
Ugz73zkcxAyeXqO00k54AaABAg,comment,V0wtNI-rzSg,,False,@tettoproject,Traitor,0,True
Ugx1y2fKdCBISiF1snF4AaABAg,comment,V0wtNI-rzSg,,False,@mysteryjet2007,I think you mean innovative,0,True
UgzHAI7QeHhRBkJvBPl4AaABAg,comment,V0wtNI-rzSg,,False,@CyberJedi1,"Any BYD car does this, the Atto 3 or even the cheap Dolphin for example have this rotating screen, you don't need to buy the expensive Seal for that.",0,True
UgyqrBm19NWKiDlj0Rh4AaABAg,comment,V0wtNI-rzSg,,False,@AuntieWokery,Rotates too slow and is nothing but a pointless gimmick.,1,True
Ugz7JVpPeK6zfbV_euJ4AaABAg,comment,V0wtNI-rzSg,,False,@theadelect22,"""inn-OVA-tive""",0,True
Ugzl421KCoPb7jDA-rF4AaABAg,comment,V0wtNI-rzSg,,False,@fidorfsmf6349,Fisker can do it before,0,True
UgyaLdU0vQH6bfBDrVJ4AaABAg,comment,V0wtNI-rzSg,,False,@gingmo1,You made such a fuss for a roating screen??,0,True
Ugz7Ty7VXWU1TI6aeN54AaABAg,comment,V0wtNI-rzSg,,False,@miloaudus,how do you pronounce innovative? lol,0,True
Ugw-Ov6OAXNaIiJ-4sZ4AaABAg,comment,V0wtNI-rzSg,,False,@May-D97,I've never understood the fascination with the car interior these guys have. When I'm driving I'm mainly looking out the front window 🤣,1,True
Ugz_SYuaNMbVtmguv_54AaABAg,comment,V0wtNI-rzSg,,False,@mohammedkhan4183,Apple CarPlay doesn’t let you use it in portrait mode but it is nice,0,True
UgyizRCxkX9_qF0N6Yt4AaABAg,comment,V0wtNI-rzSg,,False,@danshillabeer9523,Unusual. And unique... That's very unusual. There's a lad with nothing to say.,0,True
UgxK2PQCcwt__dvdebx4AaABAg,comment,V0wtNI-rzSg,,False,@swolemountain5346,An expensive consumable,0,True
UgysFgc2gVEwJikHXN94AaABAg,comment,V0wtNI-rzSg,,False,@Allschmoi,350 miles of range in a dream world maybe,0,True
UgyyMlijtznL5BLfSOF4AaABAg,comment,V0wtNI-rzSg,,False,@rookjuko415,Diamond shaped stitch on the seat is not top notch,0,True
UgxrktSccpJAzH0hKi94AaABAg,comment,V0wtNI-rzSg,,False,@Fatfat6,I just love 2000 nits of brightness shining into my face at night.,12,True
UgxrktSccpJAzH0hKi94AaABAg.AIwhbSWdsbJANFZy-kePAF,comment,V0wtNI-rzSg,UgxrktSccpJAzH0hKi94AaABAg,True,@WorldTravelerCA,It has dark mode for night driving,2,True
UgybbQ6Dc52ZvmzdQFl4AaABAg,comment,V0wtNI-rzSg,,False,@s.y_0123,My friend hates the 0.5sec lag when you press on the accelerator each time. Its like a turbo lag but no turbo,0,True
UgybzTxAF3GZSL3O4XV4AaABAg,comment,V0wtNI-rzSg,,False,@Billy_Bull_Sheeter,I want one,0,True
Ugyfd0otQwiVG-eDw1R4AaABAg,comment,V0wtNI-rzSg,,False,@PorPor.T,tesla doesn't have a start botton... that is more cool,0,True
UgzEKWEA1AedMhlH7k54AaABAg,comment,V0wtNI-rzSg,,False,@GeorgeN-mx1hq,How's the driving? Gadgets are plenty...,0,True
UgyDrinqDEWjkx_Jn3J4AaABAg,comment,V0wtNI-rzSg,,False,@IE_455,I would hate to live in Europe as I'm not left handed,0,True
UgwEeBTdQypuWf-_pVJ4AaABAg,comment,V0wtNI-rzSg,,False,@aspiringgit,But it’s still a shitty Electric car,0,True
Ugz8H8keXmBPi6rufjN4AaABAg,comment,V0wtNI-rzSg,,False,@shabirparwaz,and you’ll never use it cause the native car app sucks and rotation isn’t supported on CarPlay or Android auto. We have the BYD Atto 3.,0,True
UgwLflaumlIzTxI7Eo14AaABAg,comment,V0wtNI-rzSg,,False,@ZeroCrystal,Enjoy it while you last.,2,True
UgxYCmM1zaGYXxZ2dld4AaABAg,comment,V0wtNI-rzSg,,False,@danielburke9980,The portrait mode restricts your view so much though. This is garbage.,0,True
UgyHmOd0jC3AniOXK294AaABAg,comment,V0wtNI-rzSg,,False,@TheBClark88,That pronunciation of “innovative” is certainly a choice,0,True
UgwBRnxlaTWgY4tZvNh4AaABAg,comment,V0wtNI-rzSg,,False,@backgammonbacon,20K cars have similar interiors. Screen has constant glare you will never change the screen orientation.,0,True
Ugwu6gCgqDa2kCdklQB4AaABAg,comment,V0wtNI-rzSg,,False,@mjudec,Cars do not need tablets on the dashboard to distract the driver.,0,True
Ugyg5FcESVp-pOoeYwR4AaABAg,comment,V0wtNI-rzSg,,False,@Angelchildxx,innovative???,0,True
UgwAEHAQ78CkiSkTH8l4AaABAg,comment,V0wtNI-rzSg,,False,@shdd3001,The large screen filled with AC Air flow image does not give more information than small screens. It just blows the images up which is also annoying. It would be great if it provides more information etc. bit it does not.  If you are using it to watch movies then it is great. Or to watch YouTube videos.,2,True
UgwJdg6VSnia2TGtyrl4AaABAg,comment,V0wtNI-rzSg,,False,@shdd3001,"I have a BYD, and the rotating screen is a completely useless function. I don't understand all the hype about it.",1,True
Ugx5t2DyyXmjbiaf-pF4AaABAg,comment,V0wtNI-rzSg,,False,@BenSuzi1980,But its electric........,0,True
UgxnYCAqFepC7zbBZwt4AaABAg,comment,V0wtNI-rzSg,,False,@bennoschoenholzer9796,"Ich kann autofahren, brauche das alles nicht!!! Wenn das Display nicht mehr aufhoert zu drehen, was ist dann??  Hebt er dann ab???",0,True
UgzVern2a_JZoxheyOJ4AaABAg,comment,V0wtNI-rzSg,,False,@martinlewis1015,Most of that is TAX,0,True
UgyIUxBa8RmiFo8Zo1V4AaABAg,comment,V0wtNI-rzSg,,False,@janjanssen3136,Everything very cheap chinese plastic. Even the steeringwheel looks cheap chinese low quality JUNK,0,True
Ugx-P99mnhJ3BXHIMbR4AaABAg,comment,V0wtNI-rzSg,,False,@LightTech-o3n,"Not a big deal 
..",0,True
Ugx-P99mnhJ3BXHIMbR4AaABAg.AI_KSeYr0fcAI_g83OLnoA,comment,V0wtNI-rzSg,Ugx-P99mnhJ3BXHIMbR4AaABAg,True,@TheNXTbros013,ikr,0,True
UgxU-NYoJSTQZPGE8SR4AaABAg,comment,V0wtNI-rzSg,,False,@ConradMurkitt,Interesting pronunciation of “innovative”,0,True
UgxsgLEa3ne7gMorydZ4AaABAg,comment,V0wtNI-rzSg,,False,@HHHPedigrees,Made in China. Guarantee to break within 2 years,1,True
Ugwo1i1Lfn6614WlzxF4AaABAg,comment,V0wtNI-rzSg,,False,@marquisdemoo1792,"At last, after over a year, they have put the driver seat memory on the home screen of the MMI, which now opens on unlock and door open, saving you from getting crushed and having to open the MMI and go down 3 menu options to put the seat to your position.",0,True
UgzyUEDSEOGZprbVDYB4AaABAg,comment,V0wtNI-rzSg,,False,@Hagg-o-tron,Innovative~ en ova teiv....😂,0,True
UgwFREPXqi4IKd-cTJx4AaABAg,comment,V0wtNI-rzSg,,False,@LILRICKYTEEVEE,Bring your device,0,True
Ugw0L22ggX2Vhs_x6uZ4AaABAg,comment,V0wtNI-rzSg,,False,@ryanlovelock3024,Portrait orientation extend waaaay to high.,0,True
Ugza1jgeQrwp7RhfbLh4AaABAg,comment,V0wtNI-rzSg,,False,@ljonathan991,Moving parts….,0,True
UgxLIG-XwkLz7crWi-V4AaABAg,comment,V0wtNI-rzSg,,False,@jordanthedoge535,If you could not eat food made in china then you cant drive one.,0,True
UgwE6MR9uR_0OOj5KRx4AaABAg,comment,V0wtNI-rzSg,,False,@kbaldeo,Absolute trash. Checked out one in Milan and rotating the screen to landscape mode caused the entire infotainment system to spaz out flashing random buttons all over the screen. A simple thing like that kinda proudly screams “Chinese made”.,0,True
Ugy_DkJcxShKo-rPO_x4AaABAg,comment,V0wtNI-rzSg,,False,@NoodleZA,What a waste of a steering button,0,True
UgxuOsfFHG8OJD-09gF4AaABAg,comment,V0wtNI-rzSg,,False,@olimerle,Interior looks like Temu,0,True
UgwU9kmngq87faeFiEh4AaABAg,comment,V0wtNI-rzSg,,False,@VinceCheong,it's faster than a tycan... and it's fun.,0,True
UgyymVMsYPKVh1SHaoN4AaABAg,comment,V0wtNI-rzSg,,False,@Ju5hin,"How did he just pronounce ""innovative"". 😂😂",0,True
UgwRDC0QQCnwpz7x5ZN4AaABAg,comment,V0wtNI-rzSg,,False,@dakluitgaming,"""i want to show you something that is quite unusual and unique"" first thing i see is the sterring wheel on the right and got me thinking is this a funny joke😅",1,True
UgwNLD81hxtzQmpGeg94AaABAg,comment,V0wtNI-rzSg,,False,@Reptilesexist,"a unique thing for 50K a spinning tablet , my god what kind of marketing is this",0,True
Ugz7XlUzq9wjkEN4_794AaABAg,comment,V0wtNI-rzSg,,False,@badboi6332,"The next step would be : 1. Having a foldable screen -if you need it big -please,  if not - fold so it doesn't take sight and attention from road. 
2. The steering wheel is still on the wrong side😅",0,True
UgziMEyotZxqcXEQ4it4AaABAg,comment,V0wtNI-rzSg,,False,@rasfordlukuta8091,Your late 😂😂😂😂😂😂😂mate,0,True
UgyVgavaByAyTRMzVX94AaABAg,comment,V0wtNI-rzSg,,False,@marcs5117,Driving the Han,0,True
UgzCpXw7RpYj6Gl80aF4AaABAg,comment,V0wtNI-rzSg,,False,@jwalton1915,InNOVative!,0,True
UgwPNwjeq0qrLmn_oQZ4AaABAg,comment,V0wtNI-rzSg,,False,@vladmex,So you guys get excited for an iphone with tires...,0,True
UgxzIO0GvIAva1ZcLnN4AaABAg,comment,V0wtNI-rzSg,,False,@PetrolHeadBrasil,"Is a peace of JUNK! It was launched in Brazil as the car that would ""end"" the Corolla. It doesn't sell even 10% of what the Corolla sells...",3,True
UgxzIO0GvIAva1ZcLnN4AaABAg.AHvPOBhf_xXAM3Dv0OXr46,comment,V0wtNI-rzSg,UgxzIO0GvIAva1ZcLnN4AaABAg,True,@hounamao7140,are you comparing an electric 50k car to a usual old school 20k car that people can fuel in any station ?,1,True
UgzbjITuw5imtTZBLdF4AaABAg,comment,V0wtNI-rzSg,,False,@Alex-ee4gm,This guy's got the most ridiculous pronunciation stack.,0,True
UgzbjITuw5imtTZBLdF4AaABAg.AHugOGDQ1jiAHv2J2t3JI5,comment,V0wtNI-rzSg,UgzbjITuw5imtTZBLdF4AaABAg,True,@Shmeebites,💪🏼,0,True
UgzPJHDqS31KeINjRB54AaABAg,comment,V0wtNI-rzSg,,False,@chanho7228,the user interface is super ugly.,0,True
UgxYUC2EI-uRaV098kt4AaABAg,comment,V0wtNI-rzSg,,False,@bluEyeRonin,If Streaming was a car,0,True
UgyZu2Gxkcnz2v0J3iJ4AaABAg,comment,V0wtNI-rzSg,,False,@eliasatalah86,Fisker did this. RIP,0,True
UgxljvAmIKrzNyDerip4AaABAg,comment,V0wtNI-rzSg,,False,@mikethacker6742,Fiskers had the rotating screen,0,True
Ugxtcm3kGUlU101jU914AaABAg,comment,V0wtNI-rzSg,,False,@navboi12,God that voice is still so unbearable.,0,True
UgyNosJbPPGN386eytN4AaABAg,comment,V0wtNI-rzSg,,False,@Lip-po,Seriously??,0,True
UgzrdpOMifgY9fVKp1J4AaABAg,comment,V0wtNI-rzSg,,False,@Darkraid,All byd cars have this...,0,True
UgwHQZs5ll365xr86jp4AaABAg,comment,V0wtNI-rzSg,,False,@Hypertony155,🤦🏻‍♂️🤦🏻‍♂️🤦🏻‍♂️🤦🏻‍♂️🤦🏻‍♂️🤦🏻‍♂️🤦🏻‍♂️🤦🏻‍♂️🤦🏻‍♂️,0,True
Ugy8X3vUdgjXDeY4QR94AaABAg,comment,V0wtNI-rzSg,,False,@silvioaldrigo2097,Una cagata pazzesca!!!,0,True
UgxQEO9fTVww9G4BaNN4AaABAg,comment,V0wtNI-rzSg,,False,@regislutter,"No, it’s not the only one, all BYD are doing that, and… it’s useless !",0,True
Ugz3pcu2KD0_O21kump4AaABAg,comment,V0wtNI-rzSg,,False,@UFCCASUAL87,Damn my man never seen any other cars before,0,True
Ugwpky9taTa2rM74_J54AaABAg,comment,V0wtNI-rzSg,,False,@TanjiroKoto,"and after a few months u starting hear noises, dont know where its coming from.
then u ask the CS, they dont know either. then after months, they finally found the source of the noises, but u have to wait another month to get i repaired.
heard that a lot from that brand's users here
😁",0,True
UgxtgW7DT09kVwmOiuF4AaABAg,comment,V0wtNI-rzSg,,False,@madebyut,Fisker Ocean has that feature. It's nothing new.,0,True
UgyiempFZtmPfc8jH5F4AaABAg,comment,V0wtNI-rzSg,,False,@davidgao3153,"Idk if they have significantly better quality control for the cars that they export but so many streamers in Mainland China reported that the rest of the car was absolute trash. From fast deterioration of the battery to corroded and rusted chassis within a year or two to frequent instances of the car blowing up from charging or simple collisions to navigation / auto pilot causing crashes... mind you, most of these streams and complaints were taken down almost as soon as they were posted and the streamers got hit with lawsuits so byd must have some serious pulls in the government on top of a huge legal team. But yeah based on the streams there there's 0 chance I'd ever be interested in these EVs regardless of price.",0,True
Ugwy_OiI4j20_A26BlB4AaABAg,comment,V0wtNI-rzSg,,False,@wings9925,In-ov-a-tiv?????,0,True
Ugzcx5Hl7R0meWnOQ9N4AaABAg,comment,V0wtNI-rzSg,,False,@melindaalinajjar,"Bad quality, its China like disposable... buy only Tesla...",0,True
UgwOwU0S2z1_w5h6Jqp4AaABAg,comment,V0wtNI-rzSg,,False,@mcherry8010,"wrong, the Tesla Model S is also able to do this",0,True
Ugzyj5VOS4f-4bIy9894AaABAg,comment,V0wtNI-rzSg,,False,@raylinton390,So not rate this guy stop views,0,True
UgxaBRT13xfDYkPLiNl4AaABAg,comment,V0wtNI-rzSg,,False,@raylinton390,Find a woman shmee  are you real,0,True
UgwyKjIrHq_cFmXu_Cp4AaABAg,comment,V0wtNI-rzSg,,False,@stevecool7096,In OV A Tiv? Not innovative then. 😮,0,True
UgxaRZwcX6cSLF3aGxZ4AaABAg,comment,V0wtNI-rzSg,,False,@PapaButchaa,Can you say ‘Innovative’ again 😈😈,0,True
UgxA3_VDfG-7WbRVifV4AaABAg,comment,V0wtNI-rzSg,,False,@Fred7043-c2t,Car from Temu,0,True
UgzHOY7xOeWmdZhD2dp4AaABAg,comment,V0wtNI-rzSg,,False,@georgeturner301,Can a tesla rotate the display?,0,True
UgzVBWT0sPOZWTddYUB4AaABAg,comment,V0wtNI-rzSg,,False,@georgeturner301,We are SO!  in TROUBLE!!!!,0,True
UgxsB97xGzKHgdNzdUJ4AaABAg,comment,V0wtNI-rzSg,,False,@grandiora,Not interesting anymore. BYD had this feature like 3 years ago.,0,True
Ugxelki6mseFzov72qR4AaABAg,comment,V0wtNI-rzSg,,False,@tomwalker389,"50,000 quid for a Chinese car?",0,True
UgwpqAr2e2KLkLq0lJN4AaABAg,comment,V0wtNI-rzSg,,False,@Harimau_Satu,Di Malaysia saya lihat BYD di mana-mana.. Terbaik. Kami bangga jadi orang Asia ❤,9,True
UgwpqAr2e2KLkLq0lJN4AaABAg.AHlhqKGKZjrAJ91xjn7H5Y,comment,V0wtNI-rzSg,UgwpqAr2e2KLkLq0lJN4AaABAg,True,@isvinsingh9846,Betul,0,True
UgxlUOg1zuPFHDbLZkx4AaABAg,comment,V0wtNI-rzSg,,False,@BASSstarlet,@Shmeebites where you live?In a cave?,0,True
UgyAzMGvxrwtxbBsstR4AaABAg,comment,V0wtNI-rzSg,,False,@Pjd16469,"Chinese shitbox, they add gimicky things to distract you from the fact it’s a piece of crap that will probably explode the second it leaves the showroom",1,True
Ugx1U0sIeD1EWgxziOV4AaABAg,comment,V0wtNI-rzSg,,False,@MaxTWua,Shit car,0,True
UgyZwA4DK4Fizo_TvkZ4AaABAg,comment,V0wtNI-rzSg,,False,@lemanlie4921,🎉🎉🎉🎉🎉🎉,0,True
Ugy_oE2cFCVQ82-KTBJ4AaABAg,comment,V0wtNI-rzSg,,False,@coolinmac,In-non-otive ?,0,True
Ugz-4xhku3g5Rskwvd14AaABAg,comment,V0wtNI-rzSg,,False,@derekdartes3573,I've never heard anyone pronounce 'innovative' like that.,0,True
Ugw6NgZpxklOAY_UMC94AaABAg,comment,V0wtNI-rzSg,,False,@simaancheno,Top notch interiors... 😂😂😂,0,True
UgzQ4e2GvtJ3V5F6Ol54AaABAg,comment,V0wtNI-rzSg,,False,@MarcoPolo-YogurtSlinger,Wow this content is so desperate,0,True
UgyCe6yarSGAuLu7Sj14AaABAg,comment,V0wtNI-rzSg,,False,@drwodka99,Das Lenkrad ist auf der falschen Seite.,0,True
Ugzzjl1Nk9TWGREP1UF4AaABAg,comment,V0wtNI-rzSg,,False,@An-Umbrella,"Under 50K Alternatives

Sport Cars ,

400Z, GR Supra, MX5 ND, Ford Mustangs

Broke Kei Cars, 

Copen GR Sport (Under 30 k that is), Or any Suzukis

Hot Hatches,

The Yaris, Corolla, I20, I30 N's

Sedans, 

Redsport Q50, Q60, Audi A5

SUV,

Audi Q3, BMW X3, Genesis G770",0,True
Ugxy7oS3AXFcrSut1_d4AaABAg,comment,V0wtNI-rzSg,,False,@mortifinkenbein9559,Car or useless toy for GenZ?,0,True
UgxGJRkfFC3kD8z1ZL94AaABAg,comment,V0wtNI-rzSg,,False,@tjmfs1981,Oh wow it rotates and blocks my view of the front left corner. 🤦‍♂️,0,True
UgzYezr_bKjku7zUw7l4AaABAg,comment,V0wtNI-rzSg,,False,@andre7864,Wheel on the right site looks soooo wrong...,0,True
Ugwb244riiTtsbAYRsV4AaABAg,comment,V0wtNI-rzSg,,False,@w1s3kracker,the screen rotate to look like a tesla screen…hahahaha,0,True
UgwgwoO1RiypQHz2Cw94AaABAg,comment,V0wtNI-rzSg,,False,@DM-pw3pl,Nokia N90 😂,0,True
Ugy4m4CAfii3kBzsLJp4AaABAg,comment,V0wtNI-rzSg,,False,@GeorgeKarayannis,50K times NO. Am sticking with my 96 Mercs,0,True
Ugwg2vIcycpPL4Fu5rp4AaABAg,comment,V0wtNI-rzSg,,False,@some______guy,I can't express how much I dislike this dude,0,True
Ugzigv-SfGUQ1MP36VF4AaABAg,comment,V0wtNI-rzSg,,False,@mukminlah4439,Hiii guy i shameeeee,0,True
Ugwh1iGhT68QcEeemPx4AaABAg,comment,V0wtNI-rzSg,,False,@seguirsueños,Did you just innovate a new word? 😅,0,True
Ugx8UGUqmSMASp0pJzF4AaABAg,comment,V0wtNI-rzSg,,False,@Camoranesi74,Don’t support China,0,True
UgxtFPXVxka-SiOUFWF4AaABAg,comment,V0wtNI-rzSg,,False,@andersekstrand2028,That function will never break,1,True
Ugy2uUwR26Y07uz4R7p4AaABAg,comment,V0wtNI-rzSg,,False,@munafahmed6535,"Impressive car, he forgot to mention the car has four wheels",0,True
UgxfTVY2AgnnFG2qXaJ4AaABAg,comment,V0wtNI-rzSg,,False,@user-fed-yum,Y A W N,0,True
UgzRLiAxGJWX9v8qDJt4AaABAg,comment,V0wtNI-rzSg,,False,@langist100,I have a byd dolphin.The only time I've ever turned the screen was to show other people that it turns.,1,True
UgwxWC9qr1kouUiZEO54AaABAg,comment,V0wtNI-rzSg,,False,@Sir_Daniel,how long does it take to break?,0,True
UgyryW0o3OjkM4-8GIB4AaABAg,comment,V0wtNI-rzSg,,False,@stealthhydra8298,Cheap Chinese Junk!,1,True
UgwQUBPm7w3WysHe3Rh4AaABAg,comment,V0wtNI-rzSg,,False,@MalteFS,At.least the screen rotates in a car subsidized by the chinese communist party,0,True
UgwQUBPm7w3WysHe3Rh4AaABAg.AHcLLbDjSnAAHqF2zLCf0U,comment,V0wtNI-rzSg,UgwQUBPm7w3WysHe3Rh4AaABAg,True,@logitech4873,Pretty sure they stopped car subsidies in 2022,0,True
UgzSIDIi7Z6-3rsiRKV4AaABAg,comment,V0wtNI-rzSg,,False,@cosminu90,Who cares! A car should have other qualities! They’re turning them in to phones on wheels.,0,True
Ugzp1Cm_LZPx5NnFbsV4AaABAg,comment,V0wtNI-rzSg,,False,@mccharliec4989,Cheap Chinese crap,1,True
UgyVkyWnqO9UbwTc_Ld4AaABAg,comment,V0wtNI-rzSg,,False,@jamsey22nd,Is it available in the US?,0,True
UgwNGmYXkK9iJT7B9LN4AaABAg,comment,V0wtNI-rzSg,,False,@brianrussell4717,Dash screen is garbage and a rotating screen is dumb. Why would you want to block your vision? Wide screen is better anyways.,0,True
UgxhtAZSv9Nr_pl8LU14AaABAg,comment,V0wtNI-rzSg,,False,@AzumiRM,Great. Now you can play shooter games while driving over the 10 billion potholes.,0,True
Ugz9fyZ6URg7qx3LDMR4AaABAg,comment,V0wtNI-rzSg,,False,@453cjauiwbdb,i m chinese and byd seal is just 15000usd in china ..,0,True
UgyerXdT845GTV1GYNV4AaABAg,comment,V0wtNI-rzSg,,False,@DonnyCar-mt3qc,China is pulling out all the stops with social media pimps.,0,True
UgwlHhtvliq2FuiXa1V4AaABAg,comment,V0wtNI-rzSg,,False,@Tobias-k5p,I hate his ugly voice with this high sound and britsh acent!,0,True
UgwIWJhvC3XVRSZ6qEB4AaABAg,comment,V0wtNI-rzSg,,False,@nickdoughty518,I prefer actual knobs that you can operate without being distracted from the road.,0,True
UgyBGM3HLKPMgJMUEfd4AaABAg,comment,V0wtNI-rzSg,,False,@uwuhehe6900,Byd is so much better than tesla,0,True
Ugw9RSEuXec8IP6tx014AaABAg,comment,V0wtNI-rzSg,,False,@horsethi3f,Nice car. But hate giant screens....,0,True
Ugxds50SYYo1EcKaoEN4AaABAg,comment,V0wtNI-rzSg,,False,@cesarhernandez3407,BTW the magnetic shock absorber was 1st used by Cadillac 2002 ago.,0,True
UgyFmYUKJREu_ei2xa94AaABAg,comment,V0wtNI-rzSg,,False,@cesarhernandez3407,Tesla has that already 2 to 3 yrs ago.,0,True
UgzaZAcALAG3Ya0ku1d4AaABAg,comment,V0wtNI-rzSg,,False,@wahidwahidwahid1867,Fisker Ocean can do it.. it did it before BYD.,0,True
UgzuagUW3bq5OkXdltl4AaABAg,comment,V0wtNI-rzSg,,False,@stevenhearnden6103,Electric shite. 😂,0,True
UgyecGil0erm8ydix9B4AaABAg,comment,V0wtNI-rzSg,,False,@SomitMyBlades,inn-ov-ative?,0,True
UgwRcmNnRkn31mcl7dN4AaABAg,comment,V0wtNI-rzSg,,False,@JamesTheobald-lh6wd,The BYD Atto3 had this before the Seal.... not a new thing and the Seal is not the only one that does it...,0,True
UgwRcmNnRkn31mcl7dN4AaABAg.AHTbEOcTMxQAKszHAXtI-9,comment,V0wtNI-rzSg,UgwRcmNnRkn31mcl7dN4AaABAg,True,@Mark_Young05,The first BYD I saw with the rotating screen was in the 2018 BYD Tang.,0,True
UgxCa8x99t4W6eZe1Yl4AaABAg,comment,V0wtNI-rzSg,,False,@yannick1987,an iPad that turns isn't going to sell me a BYD,0,True
Ugy0ASZlopu1agQH2PR4AaABAg,comment,V0wtNI-rzSg,,False,@mrvatikaki,Oooh look at all the pretty lights and buttons. How many fools will fall for the chink crap? I'm sure it can vacuum the floors and make coffee too!,0,True
UgxtamVu2i-lzNeHgGN4AaABAg,comment,V0wtNI-rzSg,,False,@Art-d8n,"It’s a f@cking car, it’s not meant to be a glorified game console, it’s electric, nuff said",0,True
UgzLMEVOumjF0KEjtt54AaABAg,comment,V0wtNI-rzSg,,False,@Eskoxo,too bad those cars rust in 2 years from all the cheap materials they use.,0,True
Ugxwjg3tjepr7yJdH_94AaABAg,comment,V0wtNI-rzSg,,False,@Karembou,Nice but the portrait mode seems to be at a position where it can impede driving vision,1,True
UgzT-va8D3DtCOWm2RR4AaABAg,comment,V0wtNI-rzSg,,False,@mabdullah7,meanwhile american still used dinosour technolgy.,0,True
Ugzg79_GzvBi_I-gS-l4AaABAg,comment,V0wtNI-rzSg,,False,@asensibleyoungman2978,"My old petrol car has a radio with push buttons, levers to operate the heater and that's about it. It's perfect. It's a car not a Playstation.",0,True
UgyaZJTXwpFIVuLVUWR4AaABAg,comment,V0wtNI-rzSg,,False,@ezBlu.,Rhd,0,True
UgzXrtnE64GVWeez0j54AaABAg,comment,V0wtNI-rzSg,,False,@ashleydinho,Fisk Ocean?,0,True
UgyCsAsLPGCB0GbeZxt4AaABAg,comment,V0wtNI-rzSg,,False,@kevinmorgan2818,#British peasants need not apply for a People's Republic car. Incomes are too low.,0,True
UgyMiXcIzaKAze62Nl94AaABAg,comment,V0wtNI-rzSg,,False,@kevinmorgan2818,"Not so long ago my ex's father bought some farmland in Thailand and built a gated farm house and Traktor shed for 25k. Little over a decade ago I think. A decade before that our youth and parents generations paid that or much less for houses in Britain. Now a Chinese car is near half the value of a house and some laces you can buy for about that money. Incomes haven't risen to match though so cars like this price are quite doomed, as are motorists impoverished so much a neccesity of life for the majority of people is unaffordable despite being so inexpensive to manufacture and import.
All cars should probably be half the price to remain viable, or incomes of those who can't afford them multiplied as they should be yo counter debt trap wages and 'welfare' incomes. In the days of satnav a decade or two ago, we used to have swivel balls to adjust the screens wherever wanted, a bit like wingmirrors and rear view mirrors. We used to install flip screens aswell that folded down into the dashboard as they were a bit blindingly glaring driving in the dark sometimes in the eye and in windows. If you tilt a drinks glass with a phone screen a bit in front of you and below the glass, you can see the screen inn the bottom of the glass. Could be a way of making a hologram display scaled down and displayed on a touch sensor pad/screen to use the hologram instead or aswell. 🤔",0,True
Ugw1QjBYcDREPX1432V4AaABAg,comment,V0wtNI-rzSg,,False,@safwankavil7790,Whos gonna tell him?,1,True
Ugy4_U1xl52eqzMGQMN4AaABAg,comment,V0wtNI-rzSg,,False,@OmarBenjumea,"The whole car does this, not just the screen.",1,True
UgxNrtJexfV7ODJir3p4AaABAg,comment,V0wtNI-rzSg,,False,@karinkooij2976,Way too much stuff in there. It looks like you are driving a ‘PlayStation unit’….,0,True
UgzR1eXrzbwRx_6fM8F4AaABAg,comment,V0wtNI-rzSg,,False,@jjacob25101,"I live in Hawai'i, USA. Never heard of this car. Nice, but I don't like full electrics or plug in hybrids. Plus, steering wheel is on the wrong side.  Only ones we have here are the postal delivery trucks and the Japanese mini Kei cars/trucks/vans.",0,True
UgxSVJapYfVBiUgxX9J4AaABAg,comment,V0wtNI-rzSg,,False,@shafhussain2378,"Correct me if I'm wrong. But didn't the fisker ocean have a rotating screen as well? That effect isn't original, I'm sure I've seen it somewhere before.",0,True
UgxSVJapYfVBiUgxX9J4AaABAg.AHMPZJBITKrAKszmDsWKmo,comment,V0wtNI-rzSg,UgxSVJapYfVBiUgxX9J4AaABAg,True,@Mark_Young05,I know Fisker announced the rotating screen as a feature when they launched the production intent in 2021 however I know BYD had a rotating screen and a model back in 2018. I think it was the BYD Tang. I’ve definitely seen aftermarket rotating screens earlier than that.,0,True
Ugw-E-zFaurVt94JglN4AaABAg,comment,V0wtNI-rzSg,,False,@aviationmonkey,That’s cool. It’ll break in 6 months. In fact I think I did see a Carwow review where it suddenly started rotating on its own,0,True
Ugw-E-zFaurVt94JglN4AaABAg.AHMJvPBnOeQAHqF7PTxk-n,comment,V0wtNI-rzSg,Ugw-E-zFaurVt94JglN4AaABAg,True,@logitech4873,Why would it?,0,True
Ugw-E-zFaurVt94JglN4AaABAg.AHMJvPBnOeQAHqFTlTR4lv,comment,V0wtNI-rzSg,Ugw-E-zFaurVt94JglN4AaABAg,True,@aviationmonkey,@ what kind of question is that? In my comment I literally cite a source of that exact thing happening lol. Are you mentally challenged?,0,True
Ugw-E-zFaurVt94JglN4AaABAg.AHMJvPBnOeQAHqG5NoP7tW,comment,V0wtNI-rzSg,Ugw-E-zFaurVt94JglN4AaABAg,True,@logitech4873,"@aviationmonkey ""i think i did see"" is a source?",0,True
Ugw-E-zFaurVt94JglN4AaABAg.AHMJvPBnOeQAHqGnhrQm6t,comment,V0wtNI-rzSg,Ugw-E-zFaurVt94JglN4AaABAg,True,@aviationmonkey,"@ wouldn’t have been very hard to find if you had just a smidge over half a brain, would it? 
But since you sadly don’t I’ll help you out in the name of equity - https://youtu.be/bEH5gDiESRg?si=Idy7MkkChJSYTesT @ 23:12",0,True
UgwP6cjKZHnoiMkqpPB4AaABAg,comment,V0wtNI-rzSg,,False,@cbaloi,CRAP !,0,True
UgwGO2vly8GVi3yUxYZ4AaABAg,comment,V0wtNI-rzSg,,False,@peterpringle01,"""quite unusual and unique"", right",0,True
UgxU4l6A6cXJSh2BQOp4AaABAg,comment,V0wtNI-rzSg,,False,@BabaVossss,might also be the only car burns for no reason.....,0,True
Ugz0Zq-Z99aZHUZk68p4AaABAg,comment,V0wtNI-rzSg,,False,@yvainsamuel4078,"Oooooh, a tablet that rotates.",0,True
UgySMTtIwM-dEi5LrEl4AaABAg,comment,V0wtNI-rzSg,,False,@MohammedSaliu-w4m,Jolie,0,True
UgwL72W-uCeEJTCBLMx4AaABAg,comment,V0wtNI-rzSg,,False,@paddy1451,And the battery explodes after 100 miles.,0,True
UgwL72W-uCeEJTCBLMx4AaABAg.AHLGC7vv7uGAHqFAwcThAH,comment,V0wtNI-rzSg,UgwL72W-uCeEJTCBLMx4AaABAg,True,@logitech4873,"It's a BYD. They know batteries, and it's LFP.",0,True
UgyzdCIFQm6S7eAk6th4AaABAg,comment,V0wtNI-rzSg,,False,@emptybucket1988,So it's not a car but an iPad,0,True
UgwxyuXYyZjMALj4N1Z4AaABAg,comment,V0wtNI-rzSg,,False,@GozLynn,In-of-a-tive? Am I having a stroke?,0,True
UgyncYoaZjdXAX6C5LF4AaABAg,comment,V0wtNI-rzSg,,False,@trevorwilson2966,"Been out for ages.You forgot to mention the main feature,60% depreciation in a year.",0,True
Ugy9QBJVxyxjMRgkBXt4AaABAg,comment,V0wtNI-rzSg,,False,@SoreHead11,"How did you just pronounce ""innovative""?",0,True
Ugx3wL4hYtIbOk9XBuF4AaABAg,comment,V0wtNI-rzSg,,False,@GregoryBoros-Gyevi,It’s not a car it’s a shit box on wheels.,0,True
UgxTZYlfnugf0MEP-Id4AaABAg,comment,V0wtNI-rzSg,,False,@robertlincoln7312,"Under £50K, another moron.",0,True
Ugy_ACsfgtkTkMQCNQR4AaABAg,comment,V0wtNI-rzSg,,False,@rhodaborrecks,50 grand for chinese junk?,0,True
UgyyfnQXeYsnLVlzEox4AaABAg,comment,V0wtNI-rzSg,,False,@HerveMaas,Does it have dark mode?,0,True
UgxmmfR9mKOA8JsoxBV4AaABAg,comment,V0wtNI-rzSg,,False,@Crayma800,That  sucks. The whole car is trash. The sad truth is that si many idiots will buy this thinkin its great,0,True
UgwigoniUhqv25c6L654AaABAg,comment,V0wtNI-rzSg,,False,@3gaibishi,It also comes with self inflaming function,0,True
Ugz_P4iQPyYd0XiwZ654AaABAg,comment,V0wtNI-rzSg,,False,@Murikann,Tesla is cooked 😂,0,True
UgyYyudtOvdYQfkB5kR4AaABAg,comment,V0wtNI-rzSg,,False,@colinerusselle7490,Why are those huge screens not banned as dangerous!?,0,True
UgzeylFXOAdQnFcQWxV4AaABAg,comment,V0wtNI-rzSg,,False,@tianatun5261,Yeah the European and the American lost this round they just dont admit it,0,True
UgwoKw6rhYIzuUtRuDR4AaABAg,comment,V0wtNI-rzSg,,False,@stevenlu0ng,Fiskar ocean…,0,True
UgxsEGABByxk_NgW5Nt4AaABAg,comment,V0wtNI-rzSg,,False,@sherlockgnomes8971,InNOVative  😂😂😂,0,True
UgzLjkdL_oZ_ou6WGCx4AaABAg,comment,V0wtNI-rzSg,,False,@bassoskat,IN NO VA TIV GOV-NAH.,0,True
UgwmkmQwT9sZleOz7HB4AaABAg,comment,V0wtNI-rzSg,,False,@daweller,"I use to scoff at BYD because I thought "" all those moving parts and gadgets just mean too many repairs "" ... but then again I think China is a master at manufacturing, and the stuff probably lasts at least 5 years, and most people keep stuff about 5 years then get a new one. Will be interesting.",1,True
UgwmkmQwT9sZleOz7HB4AaABAg.AHFCYCWvKPYAHrfWf8Tr3B,comment,V0wtNI-rzSg,UgwmkmQwT9sZleOz7HB4AaABAg,True,@Beachtrader0007,master of manufacturing cheap goods of poor quality. They arent the japanese,0,True
UgwmkmQwT9sZleOz7HB4AaABAg.AHFCYCWvKPYAHtIuo-_iFe,comment,V0wtNI-rzSg,UgwmkmQwT9sZleOz7HB4AaABAg,True,@daweller,"@Beachtrader0007 I know what you mean, but I think things are different. That being said, the cheap hammer from China I bought 5 years ago is bent",0,True
UgwmkmQwT9sZleOz7HB4AaABAg.AHFCYCWvKPYAL7VlhwQznm,comment,V0wtNI-rzSg,UgwmkmQwT9sZleOz7HB4AaABAg,True,@wanderingstar-II,"​@Beachtrader0007 sorry to burst your propaganda bubbles, but China built a better High-speed train than Japan now. Even better Maglev.",0,True
Ugxngh9MxyT7gL4t3NN4AaABAg,comment,V0wtNI-rzSg,,False,@rhyljones5051,people pismronouncing their worms again,0,True
UgzE6-ILpFBLq8bvN3F4AaABAg,comment,V0wtNI-rzSg,,False,@kevinlee2039,It has great tech but BYD is known to malfunction and catch fire.,0,True
Ugxv9xrF0SSazAP3aRB4AaABAg,comment,V0wtNI-rzSg,,False,@improvingme2day,Lucky if you get 300 Miles bruv,0,True
Ugw1mNFeR-evgFZ3XQh4AaABAg,comment,V0wtNI-rzSg,,False,@crismurdj5647,The mustang mach e makes the same i think,0,True
UgxkvpH0CDeorwT0dDt4AaABAg,comment,V0wtNI-rzSg,,False,@Silk-Lotus,You should not park any EV car in the same garage with other cars man. Bad idea,0,True
UgysA2XGk_U1-9DggJN4AaABAg,comment,V0wtNI-rzSg,,False,@Foltzyyy_YT,Yeah but does it drive itself across the country from point A to B without having to touch the wheel or pedals?,0,True
UgzLJwdqPE9dElVJdq14AaABAg,comment,V0wtNI-rzSg,,False,@fattedalex761,Uuh amazing… my mobile does this since 15 years. Is a CAR !! It is not suppose to act like an Ipad 😢,0,True
Ugx3TtJlSPbGbShoEzp4AaABAg,comment,V0wtNI-rzSg,,False,@PauloMelo89,"Another thing to break down and mega expensive. Plus, once you select an orientation you are likely to never change again",0,True
UgyFtr_aW7-86iQkLlR4AaABAg,comment,V0wtNI-rzSg,,False,@SurfLincs,In of a tiv lol,0,True
Ugw8gOc9rUJpMlpTLyx4AaABAg,comment,V0wtNI-rzSg,,False,@vladanfilipovic,Every Chines E-car is better then any  E-car from Europe... That is fact!!,0,True
UgyqPxVkHjG16YpCtiV4AaABAg,comment,V0wtNI-rzSg,,False,@moisescalzo136,Yeah a nice screen with an orrible software and user interface,0,True
UgyeX-T7bTyzbIxctTx4AaABAg,comment,V0wtNI-rzSg,,False,@BenRedhouse,"Cool for when you want to continue watching that film after you overturned your vehicle, being distracted whilst watching that film.",0,True
UgxsJ8weaBJPUfBoLMZ4AaABAg,comment,V0wtNI-rzSg,,False,@NotMe-cx3qv,Stupid shill,0,True
Ugw4S05pXDvGXUtfJGp4AaABAg,comment,V0wtNI-rzSg,,False,@69429boss,Burn Your Dreams 🔥 🚗,0,True
UgwcRe3o8cNrHHD_S5N4AaABAg,comment,V0wtNI-rzSg,,False,@sbomorse,"He can't pronounce ""innovative"" 😅",0,True
UgzevDlRMEnO_AqlGbB4AaABAg,comment,V0wtNI-rzSg,,False,@sbomorse,Unique... to every single BYD...,3,True
UgzYYd7kMlS1YQk9SjN4AaABAg,comment,V0wtNI-rzSg,,False,@Clodaghoffical,Handles won't open on a frozen morning 🫣🤣😕,0,True
Ugx03FG7kmEdjCVg9OV4AaABAg,comment,V0wtNI-rzSg,,False,@noofynumbskull,Gimmicky,0,True
Ugzgz6kcKW0wWZ8MFUt4AaABAg,comment,V0wtNI-rzSg,,False,@crypto4207,dead,0,True
UgzhfDtxHmtX3qWJnL54AaABAg,comment,V0wtNI-rzSg,,False,@evolution4ward,"Ahh, yes, the giant rotating tablet....... a wonderful distraction for the driver !😮",0,True
Ugw6qUL_jCakLTI4-dZ4AaABAg,comment,V0wtNI-rzSg,,False,@Judith-c6r,Too expensive. Don’t lease vehicles buy what one can afford and have a happier life.,0,True
UgxmdxEYPdH-nlxXcrV4AaABAg,comment,V0wtNI-rzSg,,False,@Southernstar-RHINO,How’s the build quality? I hear owners are disappointed with the build quality.,0,True
UgxNGALgTsPWvqKpRsp4AaABAg,comment,V0wtNI-rzSg,,False,@JelleHanssens,Being able to change the orientation great but why anyone needs a fast-access button to swivel is beyond me. I can't see someone do this more than once an hour at which point you might as well have a more useful button on the steering wheel ;x,0,True
Ugw_GkjrhfBhSagQ2Wt4AaABAg,comment,V0wtNI-rzSg,,False,@omnihuman7515,"Nope, just try to discover more..
There's plenty cars can do this..",1,True
UgyTLsaYwqsplMXiSmB4AaABAg,comment,V0wtNI-rzSg,,False,@z87m,"This battery cars will not complete 
It will come time and the people will through it
1- its not normal charge car around 10 hours and the fast 30 minute toooooo much 
2- easy to be fire and if its start fire say bye bye to the car 
3- you buy it after 1 year use do you have idea  how much money  you will lose ?? 
3- its not cool what is car without real voice lol",0,True
UgwH0JFLrH5JW0i2nCJ4AaABAg,comment,V0wtNI-rzSg,,False,@HAWXLEADER,"I had a BYD Atto 3, i Always used it in landscape, you know, like my eyes are...",0,True
UgzX_qZcS4UuxEzA-Nx4AaABAg,comment,V0wtNI-rzSg,,False,@LeoMumford,Really? Ffs y did i watch this video,0,True
UgwgyDLnKnskh4Y_qOx4AaABAg,comment,V0wtNI-rzSg,,False,@Sergioolivasback,"I don't know if I've got the stones to spend car money on something from China, it's okay buying cheap crap because it's cheap but 20, 30 grand and up I just don't have confidence in the company's infrastructure",0,True
UgwfI5RMrUmQVvFQa5Z4AaABAg,comment,V0wtNI-rzSg,,False,@Xorthis,"The only car? Except all BYD cars with a larger screen. And it's a useless feature anyway, except in the atto where the AC vents are blocked in landscape.",0,True
UgxiRDfXeUSjj3Rai414AaABAg,comment,V0wtNI-rzSg,,False,@TheChikenWorld,Inno what??,0,True
UgyS3vFHCCcWJZNLhjx4AaABAg,comment,V0wtNI-rzSg,,False,@DanTheGamerMan-12,Not supporting the Chinese sorry,0,True
UgziAJcVD0to1dg7d6N4AaABAg,comment,V0wtNI-rzSg,,False,@Ivecoshop,Touch screen are ugly,0,True
Ugy6ww8_G7aR4yr-fBZ4AaABAg,comment,V0wtNI-rzSg,,False,@ianlamb9606,How long will it last?,0,True
UgwTvXRv-d5-OwCjczN4AaABAg,comment,V0wtNI-rzSg,,False,@pchris6662,My truck just turned 20 years old because I don’t buy things just to throw them away in a couple years.  I bet my bank account that BYD junk will not be on the road 20 years from now.,0,True
UgwJeZ0FSWn3v82hsRR4AaABAg,comment,V0wtNI-rzSg,,False,@He1s3nberg,A rotating tablet? Wow,0,True
Ugy-uepeoMWGsfNHGbZ4AaABAg,comment,V0wtNI-rzSg,,False,@tianshuchu5416,It's 25k $ in china,0,True
UgwpZhGyuurkOQVB9SN4AaABAg,comment,V0wtNI-rzSg,,False,@jason618,Byd cars are subsidized by Chinese tax dollars,0,True
UgylynlbxYggS03i74p4AaABAg,comment,V0wtNI-rzSg,,False,@KallouWhatElse,"Fisker Ocean did that before Byd Seal. But, they are junk now :(",0,True
UgxrSjzO9DWOk5o1qnp4AaABAg,comment,V0wtNI-rzSg,,False,@BigP1903,Innov ative?😂,0,True
UgxGRd7ZcDq3-zD9OSV4AaABAg,comment,V0wtNI-rzSg,,False,@gwrdriver16,I always switch the screens off,0,True
UgyKE02kogL2BOGXfCV4AaABAg,comment,V0wtNI-rzSg,,False,@nigelpierre4900,There is another vehicle that can do that,0,True
UgziXBijYEsW736QR1R4AaABAg,comment,V0wtNI-rzSg,,False,@wchrisg0528,Weirdly I find the name Seal really compelling,0,True
UgzgilEue_Uui6c9DIp4AaABAg,comment,V0wtNI-rzSg,,False,@dotamaze,Chinese crap !,0,True
UgzI3wnric1j_TcN3i54AaABAg,comment,V0wtNI-rzSg,,False,@wanzacharywanisa5762,A useless feature,0,True
UgwkpoTKzyY2Eqi2eRp4AaABAg,comment,V0wtNI-rzSg,,False,@thecaptain69,Dolphin and the Atto 3 also do it not just the seal lol,0,True
UgwR3Vz_-7YNNl9T95N4AaABAg,comment,V0wtNI-rzSg,,False,@poison-9r,Beast Tesla when it comes to interior quality and detail.,0,True
Ugz_lJmud-PPkVrpbgB4AaABAg,comment,V0wtNI-rzSg,,False,@waverleyrocker,Inn-ov-ative,0,True
UgyBCTpqvfsjonovqLN4AaABAg,comment,V0wtNI-rzSg,,False,@Rinzir,Fisker did this,0,True
Ugzxe2WDAhfVIQTM8Qt4AaABAg,comment,V0wtNI-rzSg,,False,@rikilshah,But why? A car is not a mobile phone. 😂,0,True
UgwH7f3-JuAQ26EIfAF4AaABAg,comment,V0wtNI-rzSg,,False,@thedekoygaming,Just had a stroke hearing how you said “innovative”,1,True
UgyafiNeUE-dbrCMprV4AaABAg,comment,V0wtNI-rzSg,,False,@ANDREWSAMY562,Looks like a Tesla and a Toyota fucked,0,True
UgxkWF9cWqVzl8rJ7dN4AaABAg,comment,V0wtNI-rzSg,,False,@MatthewCyUK,"ih-NOVER-tive ? It's ""innovative"". FFS.",0,True
UgzkOX6hKcypvWkxsr94AaABAg,comment,V0wtNI-rzSg,,False,@kleddit6400,BYD 🦭,0,True
UgxuEkQpue1Cg6Yy1qN4AaABAg,comment,V0wtNI-rzSg,,False,@pierluigit2307,and you can't use your cellphone while driving. ridiculous.,0,True
UgykEuD8PCLnrfLDDWd4AaABAg,comment,V0wtNI-rzSg,,False,@a55tech,don’t the Polestar do that too,0,True
Ugxm3CCwiyvCEIixI0F4AaABAg,comment,V0wtNI-rzSg,,False,@Minto107,"Thing is, this OS is unusable and ugly",0,True
Ugxm3CCwiyvCEIixI0F4AaABAg.AGzyGQDr_oMAH23LVI8gtq,comment,V0wtNI-rzSg,Ugxm3CCwiyvCEIixI0F4AaABAg,True,@cancerousnut7767,"That’s my fear with all of these pop up EV brands. China has so many of these “cutting edge” EV’s, but they all just look so… off brand?",0,True
UgzfwX3X4EYaK1kmLgV4AaABAg,comment,V0wtNI-rzSg,,False,@antoniozerkhfaoui1918,50f..k are your of your f… mind I don't give a toss what it does in 6 months it will be worth half that 1 years not even 15k and I let you guess the rest now where the f.. Are you going to take it when the shitbwill hit the fan with the car yeah I tought so no where in Britain so yeah keep that f… well infflated over priced car to yourself mate,0,True
UgwXLYTc_foOsR1wvch4AaABAg,comment,V0wtNI-rzSg,,False,@kyriakos_ioannou,"All superflous and distracting, a small screen for navigation is all that's needed, everything else is better as physical.",0,True
Ugx9JcJ1rNyJBjoXRyd4AaABAg,comment,V0wtNI-rzSg,,False,@CSA2063,Aucun intérêt !,0,True
UgwOe3BzNZTc8LcQ72Z4AaABAg,comment,V0wtNI-rzSg,,False,@thekenneth8232,Pointless gimmick 🫡,0,True
UgymZGhG6b0rVisj8oF4AaABAg,comment,V0wtNI-rzSg,,False,@toddmcclure6354,Fisker did it first,0,True
Ugw2gLHE-utVqPFQ8xl4AaABAg,comment,V0wtNI-rzSg,,False,@BattleCorgiTV,Does it come with a glovebox copy of the Communist Manifesto?,0,True
Ugxj_nYAArcNS3KGwu94AaABAg,comment,V0wtNI-rzSg,,False,@adamcampbell8794,See if it lasts as long as the loan,0,True
Ugx6cnpabQL2RAf724t4AaABAg,comment,V0wtNI-rzSg,,False,@tommyfernandez4557,Gayyyy,0,True
UgzD3Nun9R4BLWHfOfN4AaABAg,comment,V0wtNI-rzSg,,False,@XX-tz6di,What a gimmick. That will break at some point. They are a decent car but there is a lot better out there for the money with smarter style and nicer interiors. Check the Mach e for instance,0,True
UgxdIl0c1AZrfyFyXNt4AaABAg,comment,V0wtNI-rzSg,,False,@Utsabzz,Congratulations your data successfully sent to ccp,0,True
UgxO9QDr8sLBm0VwSY14AaABAg,comment,V0wtNI-rzSg,,False,@Brazzylicious,"Inn-ovvativ lmfao, In-o-vaytiv.  Spend your money on pronunciation classes.",0,True
UgzzbDPgnKNffNEJv954AaABAg,comment,V0wtNI-rzSg,,False,@richgl31,Why do you need to keep turning screen?. It’s big… so not like there is any screen area advantage surely?,1,True
Ugz6-VdinDDpFQaoTIZ4AaABAg,comment,V0wtNI-rzSg,,False,@jerzykiler4386,"Oh man, you must have been deceived. The steering wheel is on the wrong side of the car.",0,True
Ugya5v3GSi6ACiSTIN94AaABAg,comment,V0wtNI-rzSg,,False,@gheslop3440,"I cannot get over the pronunciation of ""innovative"" 😂",0,True
UgzKjAGLT7tBRNS2orp4AaABAg,comment,V0wtNI-rzSg,,False,@michealsmithfood,The way you say innovative 😂,0,True
UgzuWSDoYH9MsJiAR4V4AaABAg,comment,V0wtNI-rzSg,,False,@Dean-ci4yq,WTF we know about this years ago disgusting Chinese car!!!!!!!!!!!!!!!!,0,True
UgxN8UjJkBo2aou0BAp4AaABAg,comment,V0wtNI-rzSg,,False,@ernmoran,Nice BYD ad. Do they pay you or just give you the car?,0,True
UgxgK-kTfa8L4U1MM0B4AaABAg,comment,V0wtNI-rzSg,,False,@galactichazaritos8306,My dude theres 12 other cars that have that screen gimmick.... And have been around for a few years before this car came along. Are you even a car guy?.... 😂😂,0,True
UgxItuN1ipKq81qwHWR4AaABAg,comment,V0wtNI-rzSg,,False,@k.bhanukrishnateja1086,Not the only car. Fisker ocean does it too and they did it first,0,True
UgykMZllLaMF2GiMYip4AaABAg,comment,V0wtNI-rzSg,,False,@FearLordGod,lol 😂 display spins is a big deal to buy BYD? It’s electric cars and remotely China is going to detonate the car one day,0,True
UgwYB3vasFutSkZcjB14AaABAg,comment,V0wtNI-rzSg,,False,@GeForce7,How is that Chinese consumers call it shyt and this dude is all gaga for it…,1,True
UgxKAURvLrvWPxqKf814AaABAg,comment,V0wtNI-rzSg,,False,@nakkadu,Pointless feature,0,True
UgxOVGZ4B84Hm9RksVN4AaABAg,comment,V0wtNI-rzSg,,False,@theelephant5974,The only thing it's missing is an engine,0,True
UgwxgkJidWKeEnrhhZV4AaABAg,comment,V0wtNI-rzSg,,False,@beneva5674,Never heard anyone say innovative like that before.,0,True
UgxEfdKJml8MQSZfX2x4AaABAg,comment,V0wtNI-rzSg,,False,@leanderstrahl5521,Why would you need a rotating display? Like what’s the point of having one??? And in reality isn’t some stuff that you put somewhere around the display in the way?,0,True
UgwRPOP4Je6FHS8CaYV4AaABAg,comment,V0wtNI-rzSg,,False,@MaximilianoBlaires,"Mierdón de función, mi auto favorito",0,True
UgwXppXOPdDsF52mR2J4AaABAg,comment,V0wtNI-rzSg,,False,@StephenButlerOne,Android auto and carplay only works in landscape.,0,True
UgxRAdoGgGXZsLurz014AaABAg,comment,V0wtNI-rzSg,,False,@antonreprovos6251,Untill screen fails and needs replacing the you spend a fortune for genuine part (and no .....aftermarket will be not available at parts like this) and after 10-15 years they are gonna tell you this part is no longer produced,0,True
Ugw8VFoRTLbSa2lELSl4AaABAg,comment,V0wtNI-rzSg,,False,@4parabandit,You know why? Nobody needs or wants it 😂,0,True
UgxXF8DZmXNHFeySctJ4AaABAg,comment,V0wtNI-rzSg,,False,@huahinservice,"However, a BYD does not disintegrate into its individual parts as quickly as a TESLA. And the interior of the BYD doesn't look as primitive as a TESLA",0,True
UgxpItiOhfEPPnCd6mJ4AaABAg,comment,V0wtNI-rzSg,,False,@huahinservice,"Wow, what a feature - a rotating screen😂",0,True
UgwPLX5Kq-F9mICrgJZ4AaABAg,comment,V0wtNI-rzSg,,False,@gideonalex7174,Ahh have u ever seen a Bentley,0,True
Ugwm7brw9dz7Ht1nzTd4AaABAg,comment,V0wtNI-rzSg,,False,@lordduck8235,Is it Uyghur-dead-free?,1,True
Ugxqr7buwurIwogwD954AaABAg,comment,V0wtNI-rzSg,,False,@flikcof7910,does it add value to what you do to get to your destination? No. This shows how stupid some people are. lol,0,True
UgwnFBEHVfUULq7Gmrh4AaABAg,comment,V0wtNI-rzSg,,False,@Glitchfloob,I can’t wait to see the reviews after a people own them and use them start posting reviews. It’s not going to be good,0,True
UgwgJmDE8XmBeMYjaDl4AaABAg,comment,V0wtNI-rzSg,,False,@bahe1969,But here in America we can destroy entire cities with our aircraft carrier battle groups. Kind of like being proud of a Death Star.,0,True
UgyGI-NUDHueEOKe9WF4AaABAg,comment,V0wtNI-rzSg,,False,@kalle904,LOL. Everyone need this. Totally senseless.,0,True
Ugx0XLCche58Go5xyMR4AaABAg,comment,V0wtNI-rzSg,,False,@sumbejackson1257,"https://youtube.com/shorts/4KdKQ6i6Gco?si=VLtk9yVnOgy8LmQu

That’s unique!!!",0,True
Ugx8pR7K_8wk-RTr-Gd4AaABAg,comment,V0wtNI-rzSg,,False,@sumbejackson1257,“Rotating screens” is that something to talk about?  I was expecting something more technological advanced!🙄,0,True
UgyPfmiHvMz0qsH5pIB4AaABAg,comment,V0wtNI-rzSg,,False,@encostablanca,Not the only car that does it lol..,0,True
Ugyy89koReGJTx-EH0l4AaABAg,comment,V0wtNI-rzSg,,False,@Fabodroidgaming,"Drivers seat on the wrong side, car is rubbish.",0,True
UgzC03HxKh5Vpqv_Pnx4AaABAg,comment,V0wtNI-rzSg,,False,@albrightonthenight,Just have to say the Fisker ocean also does this.,0,True
UgyKbwvZ5jkBKEbteTt4AaABAg,comment,V0wtNI-rzSg,,False,@ArmadilloNinja360,It's still ugly as it gets. It looks like a cheap Chinese toy. They have decades to go before their designs look anything like Audi or BMW or even Honda.,0,True
UgxLJeuQgbUHzIsbf2V4AaABAg,comment,V0wtNI-rzSg,,False,@uaua10293,Che merda di macchine,0,True
UgzRTS005X3YmDDHS_J4AaABAg,comment,V0wtNI-rzSg,,False,@Thor-f3c,"Beautiful machine, very well built as my friend has one in glossy black. 3yr free service and free interest finance.",5,True
UgzRTS005X3YmDDHS_J4AaABAg.AGrX0pPWIP4ANAV0j413gl,comment,V0wtNI-rzSg,UgzRTS005X3YmDDHS_J4AaABAg,True,@navarrouk3487,"No free lunch, he had already paid for services included on the price of the car!.",0,True
UgzRTS005X3YmDDHS_J4AaABAg.AGrX0pPWIP4ANAnsWhPG5D,comment,V0wtNI-rzSg,UgzRTS005X3YmDDHS_J4AaABAg,True,@Thor-f3c,"@navarrouk3487nah, still cheaper than western cars even though your greedy government already put a heavy tax on it to get a slice of the cake. The western world of capitalism where only the rich benefits. 😂😂😂",1,True
UgxjTFyL9RzYvUyFHpx4AaABAg,comment,V0wtNI-rzSg,,False,@bobgorman9481,A collection of Chinese/ plastic/ electronic crap moving in close formation,1,True
Ugw8y8X-LhxZj2DefYZ4AaABAg,comment,V0wtNI-rzSg,,False,@shooterrick1,"I don't need my car to have a helicopter iPad. I need my car to be reliable, comfortable, and fun to drive.",0,True
UgwvpccA8YdihKt94N94AaABAg,comment,V0wtNI-rzSg,,False,@Fortune2188,The Fisker Ocean does the same thing.,0,True
Ugxtd1QsWZKGPVEMmth4AaABAg,comment,V0wtNI-rzSg,,False,@rexxxva,BYD problems are mainly software... see the abnourmous number of car accident in Cina in this period,0,True
UgxerOyrWdY9TuByQ8F4AaABAg,comment,V0wtNI-rzSg,,False,@rosky6377,Rotate the screen and you can't see through the windshield anymore... Great idea.,0,True
UgyPWswqfgnta8UBmT14AaABAg,comment,V0wtNI-rzSg,,False,@Le_Gentlemen,wow magic 😮 my phone does that 12 years ago 🤔,0,True
UgxLeXszJyQXFvr9c7t4AaABAg,comment,V0wtNI-rzSg,,False,@richpaul3624,"Not having seen one ov these in uk 🇬🇧 I think it looks ok ,,  i knew screen rotated on rm ,,",0,True
Ugw36jypED-8jCixDht4AaABAg,comment,V0wtNI-rzSg,,False,@tonyriemann4827,🤮🤮🤮🤮🤮🤮🤮🤮🤮🤮🤮🤮🤮🤮🤮🤮🤮🤮🤮🤮🤮🤮🤮,1,True
Ugw1faFiRCu2W8re_rJ4AaABAg,comment,V0wtNI-rzSg,,False,@tonyriemann4827,"Jaaa,,,, ein Hoch auf den Elektro Schrott!!!🫡🫡🫡Das rettet unsere Wirtschaft!!!",0,True
UgwHlbYVa5rFbcCwS2V4AaABAg,comment,V0wtNI-rzSg,,False,@intothebackground3053,"useless gimmick, even he on video says -  its kinda fun. nothing more",0,True
UgzU0pTtz86anBz0ekd4AaABAg,comment,V0wtNI-rzSg,,False,@martinthegooner,"I thought you liked real cars not toys, why are we bringing this crap into the UK,
Be worthless in 3 years",0,True
Ugym82f1qDFL3ycKorB4AaABAg,comment,V0wtNI-rzSg,,False,@patrick3136,I don't want a tv screen. I want it built in. These all just look like bolt ons. Lazy design.,0,True
UgwwX6IrHkmNESN8MeB4AaABAg,comment,V0wtNI-rzSg,,False,@wanderingman8147,Got there in the end ffs,0,True
UgzC5viu57vqm6moPlJ4AaABAg,comment,V0wtNI-rzSg,,False,@JP-cr1jq,Charging is jus a waste of time....,0,True
UgxnBXvUj7pjjp2IDxt4AaABAg,comment,V0wtNI-rzSg,,False,@Ayumiabella,Value for money,0,True
Ugy323uRDROGTf_itZN4AaABAg,comment,V0wtNI-rzSg,,False,@vangazon,Can you play ps5/xbox on taht screen?,0,True
Ugwy8d-8zKxftDYqnKt4AaABAg,comment,V0wtNI-rzSg,,False,@Classiccrazyuk,And still a pile of crap 👎,0,True
UgxfVFKufJn05aVAf5l4AaABAg,comment,V0wtNI-rzSg,,False,@aliasgur3342,I prefer real buttons,0,True
UgzOsb01qHwrH_tEX7B4AaABAg,comment,V0wtNI-rzSg,,False,@himynameisryan,"The interior irl feels soooooo cheap for 50kAUD tho, would much rather a 2025 Camry for that money",0,True
UgyR4N9VOXXCHFT_UnF4AaABAg,comment,V0wtNI-rzSg,,False,@piranhaofserengheti4151,"Chinesium quality, so it looks alright but breaks in 3 weeks and there's absolutely no parts anywhere in the world because they already changed mount design, display size and all connectors.",0,True
UgyKYZs-393ktUrxmSV4AaABAg,comment,V0wtNI-rzSg,,False,@smanzoli,You are YEARS late,0,True
UgxeKKoOmYLKL_nyU994AaABAg,comment,V0wtNI-rzSg,,False,@brelaxed13,You can keep your communist cars.,1,True
UgxeKKoOmYLKL_nyU994AaABAg.AGn_g_gBLp6AGuPodejTCs,comment,V0wtNI-rzSg,UgxeKKoOmYLKL_nyU994AaABAg,True,@YeahThanksForThat,👍 well said.,0,True
Ugwz1DgmZ855a_doVsB4AaABAg,comment,V0wtNI-rzSg,,False,@judsonchristudas,"There should have an option to raise it, so that people could watch tv without any issues.",0,True
UgyShgMUviJVKs1UThF4AaABAg,comment,V0wtNI-rzSg,,False,@exgtt2061,Oooooh a twirly screen,0,True
UgxcILiWBI8HKQDT3St4AaABAg,comment,V0wtNI-rzSg,,False,@raymasek4127,Just more stuff to go wrong...,0,True
UgzL7VKQLJVcYMlE7aB4AaABAg,comment,V0wtNI-rzSg,,False,@BugManRides,"First off typical China crap, they put the steering wheel on the wrong side… good lord 😊",0,True
Ugz0wPn1Zk7ZaNf5IK54AaABAg,comment,V0wtNI-rzSg,,False,@cloudchaser2125,"The amount of money that you need for car tax and the extra cost for anything over 40,000 . Its not worth buying.",0,True
UgykThVe2sgHdCKp9Fx4AaABAg,comment,V0wtNI-rzSg,,False,@adamsaunders9876,And screen blocks 3rd of your windscreen.....,0,True
UgxR2o667JRyoOkSh1x4AaABAg,comment,V0wtNI-rzSg,,False,@octymocty132,This is the typical ev jockey. Wait til the bettery cels stat dripping 💦💦,0,True
Ugyq99Z4bvcECr2x2_Z4AaABAg,comment,V0wtNI-rzSg,,False,@draganignjatov7291,I remember video when Musk said “Did you see this car”this car is spaceship for every Tesla model 😂😂,0,True
UgwqzAo_FUCmmjN3yVN4AaABAg,comment,V0wtNI-rzSg,,False,@zecdd,$50k for rotation display 😂,0,True
UgzPSHegAU0z8EOlZiB4AaABAg,comment,V0wtNI-rzSg,,False,@nam-pi4fu,Why cant they elliminate stupid tablets and instead put buttons?,0,True
UgycLXOda_Ks78X0FZ14AaABAg,comment,V0wtNI-rzSg,,False,@hoojchoons2258,Can't use a mobile while driving yet a tablet that size with all those apps is fine......,0,True
UgwWnWhHJBcmxhGZryh4AaABAg,comment,V0wtNI-rzSg,,False,@pablopavon7523,"Amazing car but the suspension is horrible, imposible to drive at high speed",0,True
UgxRHoWX88lj2hRU9s94AaABAg,comment,V0wtNI-rzSg,,False,@AlexTheGreatish,"Why do you pronounce ""innovative"" like that",0,True
UgysnI3E4luppEw0V3F4AaABAg,comment,V0wtNI-rzSg,,False,@styfleurstrontium5284,"Une fois de plus le seule argument de vente c'est des gros écrans qui ne servent a rien, aux lieu d'une voiture avec de l'autonomie digne de ce nom et une charge à 5min, les écrans géants et les options qui ne servent a rien mise à part augmenter le prix des voitures nous ne voulons pas, et les ventes en chute libre son la preuve que ça ne marche pas",0,True
UgyhVwfxqGeYKukAgdt4AaABAg,comment,V0wtNI-rzSg,,False,@djguidopolese,Having the computer on your left hand is so uncomfortable... england with his right steering wheel... so awful,0,True
Ugy7_lqKx-nZeF5xISV4AaABAg,comment,V0wtNI-rzSg,,False,@leifashley,Nope,0,True
UgwFQqP7q1OwL4zXvmF4AaABAg,comment,V0wtNI-rzSg,,False,@sandrianjoseph6175,How this is called Fully loaded,0,True
Ugx7FfuxYuX44t8P9dp4AaABAg,comment,V0wtNI-rzSg,,False,@mika_jurvanen,Our BYD Atto 3 has this screen function aswell,0,True
UgxT0A30wLYvOrCKWf94AaABAg,comment,V0wtNI-rzSg,,False,@chrisboruch,"Hey buddy I don't wanna ruin your moment here but, I'm pretty sure that I've seen this few years ago when BYD wasn't even planned yet😅",0,True
UgwEx_IRZyf0C0lUAcZ4AaABAg,comment,V0wtNI-rzSg,,False,@andrewwalker9778,"""paid promotion""",3,True
UgxwrUnQOU5hE2whOex4AaABAg,comment,V0wtNI-rzSg,,False,@the_aurora,This has been done before and the company that did it went bankrupt,0,True
Ugz23N9t9fad_yCvOnx4AaABAg,comment,V0wtNI-rzSg,,False,@ericseader414,Fisker Ocean does this as well.,0,True
Ugyt0uPgkBupzupL0-p4AaABAg,comment,V0wtNI-rzSg,,False,@Britking1,Drive the car then I want to see if it falls apart 😂😂,2,True
UgxP9pX8QpAsYEHi6CV4AaABAg,comment,V0wtNI-rzSg,,False,@ChrisOConnorWookie,Inn-OV-ative ??    Did he mean “innovative” ??    “INNO-vay-tiv”,0,True
Ugxri1RBjRXUVVpYc2Z4AaABAg,comment,V0wtNI-rzSg,,False,@SGIQ7,You should buy a British made car to help the economy 😂,0,True
Ugw9DLzSlo7z6HG0Uj14AaABAg,comment,V0wtNI-rzSg,,False,@jackthurgood9614,I’ll be honest I’d sooner have scurvy,0,True
UgxS7NFvlPZjEAkTZcB4AaABAg,comment,V0wtNI-rzSg,,False,@NigelHatcherN,Isn't that screen illegal?,0,True
UgyeXCZCcVdamMFKmnh4AaABAg,comment,V0wtNI-rzSg,,False,@shafiennoorsham6798,Bye bye Tesla 😅,0,True
UgyFr90kBL3jldePpg54AaABAg,comment,V0wtNI-rzSg,,False,@richlee5578,I’m English and have never heard it pronounced innovative like that never,0,True
UgzzNv1lRgSwy9A87E54AaABAg,comment,V0wtNI-rzSg,,False,@borzshimaev8008,Electric.  No thanks,0,True
Ugz7knGDc5SayavWe2B4AaABAg,comment,V0wtNI-rzSg,,False,@Mizzraim,"Yes, I would like it to take even.more space..",0,True
UgwC0fFrGp1ZZp6l0VZ4AaABAg,comment,V0wtNI-rzSg,,False,@_Just_Some1,Can’t use phones but can use massive tablets 😅 oh and this one in portrait mode seems to block the view of the road as well. Sweet.,0,True
UgztBeQtSAL-rpx0U1R4AaABAg,comment,V0wtNI-rzSg,,False,@ighani2mr,I see a lot of tariffs.,0,True
Ugz0R68ES0IJVd36Tyt4AaABAg,comment,V0wtNI-rzSg,,False,@AsterixX-jn6rx,Diese scheiß dumme KI Stimme 🤮,0,True
UgzVEovfhTPKRxjKWWN4AaABAg,comment,V0wtNI-rzSg,,False,@zeesu619,Damn i need this i will bought this thanks for the videos,0,True
UgxeMxtQHjRjSPEXJGZ4AaABAg,comment,V0wtNI-rzSg,,False,@Ximirajane,Wow. Im just floored at that garage,1,True
Ugzy6yuij0dPdSZ6P2Z4AaABAg,comment,V0wtNI-rzSg,,False,@Nigel5uk,The most innovative thing in this video is the way you pronounce innovative,1,True
UgwVeAySB9HtKeLSRs94AaABAg,comment,V0wtNI-rzSg,,False,@rawjapan6808,"Passionless cars for passionless ppl, chinese that is 🇨🇳 💩 

Stick to the good stuff dude, leave that china crap out of ur channel",0,True
UgzKyBM_waxnh2I9kOd4AaABAg,comment,V0wtNI-rzSg,,False,@BenRichards7,"I just want to drive, without any distractions.",0,True
Ugx20J3pj0_xpICZ6RJ4AaABAg,comment,V0wtNI-rzSg,,False,@ahmedshahab4105,The Chinese can spy on me whenever they like. In exchange for cheap Seagull EV,0,True
Ugx_rQwBumuwdi2rqYd4AaABAg,comment,V0wtNI-rzSg,,False,@Hickspm,Screens in chicago,0,True
UgyvDIIayAXyPX-95I14AaABAg,comment,V0wtNI-rzSg,,False,@keithmichael112,TATE MODE,0,True
Ugx652fEQ0B270DqH9Z4AaABAg,comment,V0wtNI-rzSg,,False,@embroad4357,"Omg, he's bought a car for a screen that rotates...  Why does anyone care, I'd like to see it rotate or the cars range in 20 years... 😂🎉🎉🎉🎉🎉",2,True
UgxyzngsdvCujY2Q3td4AaABAg,comment,V0wtNI-rzSg,,False,@1miskin1,Sounds like a school boy with far too much money. What world does he live in 50k for Christ sake. Cars with out physical buttons should be banned,0,True
UgwvBYy9vDEEbcNjMK54AaABAg,comment,V0wtNI-rzSg,,False,@tonyfisher1365,"So f**king what?
You shouldn't be looking at the screen, you should be concentrating on the road.",0,True
Ugxy5o8zytIPVSRif8V4AaABAg,comment,V0wtNI-rzSg,,False,@toninocars,This place looks like the playboy mansion but instead of girls there are cars 🤩,0,True
Ugz4kxaVUtKgBpTZpzx4AaABAg,comment,V0wtNI-rzSg,,False,@Miag_vip,Nice milk float.,0,True
Ugy9fEyMsusd9DjrxKF4AaABAg,comment,V0wtNI-rzSg,,False,@jason3064,Does android auto work with the screen in portrait?,0,True
UgytPyRotJLMfEKB2eN4AaABAg,comment,V0wtNI-rzSg,,False,@arturkoriakin1766,crap!💩,0,True
UgyW3dCp84rHy5Tqd5N4AaABAg,comment,V0wtNI-rzSg,,False,@ReidaSót,"And the best thing: it's built by happy, well paid workers. No genocide or slave labor was used to make this car. Oh, and of course the manufacturing of those vehicles is obviously perfectly climate neutral! And your 50K aren't supporting a criminal dictatorship who is about to invade Taiwan.",12,True
UgyW3dCp84rHy5Tqd5N4AaABAg.AGhOapUyILHAGp_a5UwKuZ,comment,V0wtNI-rzSg,UgyW3dCp84rHy5Tqd5N4AaABAg,True,@erkkemal,I daily a drive a 1933 model ww beetle that has rust as a weight reduction modification If I don't have moral repercussions over the driving that I definitely won't have any driving this,0,True
UgyW3dCp84rHy5Tqd5N4AaABAg.AGhOapUyILHAH0cvA3My9V,comment,V0wtNI-rzSg,UgyW3dCp84rHy5Tqd5N4AaABAg,True,@choonhawtan,"Dude, it’s highly automated in manufacturing in China nowadays. Please come back to 2025",0,True
UgyW3dCp84rHy5Tqd5N4AaABAg.AGhOapUyILHAH0eDUpKHwk,comment,V0wtNI-rzSg,UgyW3dCp84rHy5Tqd5N4AaABAg,True,@ReidaSót,@ lol be quiet mouthpiece,0,True
UgyQeq5zVEw7X06xfvp4AaABAg,comment,V0wtNI-rzSg,,False,@rivialigeralt,"That’s what I look for in a car, it’s the most important feature. A display that turns from landscape to portrait. Good god.",128,True
UgyQeq5zVEw7X06xfvp4AaABAg.AGhNNEqHSw-AMrXMYshde4,comment,V0wtNI-rzSg,UgyQeq5zVEw7X06xfvp4AaABAg,True,@philips170t,I thought the most important feature is Safety.,1,True
UgyQeq5zVEw7X06xfvp4AaABAg.AGhNNEqHSw-APZdr923h4t,comment,V0wtNI-rzSg,UgyQeq5zVEw7X06xfvp4AaABAg,True,@gerrybailey447,Way to modern for me. If I want entertainment as I'm driving I would much prefer a tap dancing duck on the dashboard.,0,True
UgyQeq5zVEw7X06xfvp4AaABAg.AGhNNEqHSw-ASExk-wChbL,comment,V0wtNI-rzSg,UgyQeq5zVEw7X06xfvp4AaABAg,True,@MaximaToluene,its funny because you cant even use most of the apps in portrait because theyre not supported (yet) lmao,1,True
UgyQeq5zVEw7X06xfvp4AaABAg.AGhNNEqHSw-ATG7RWePU96,comment,V0wtNI-rzSg,UgyQeq5zVEw7X06xfvp4AaABAg,True,@slayergut,For navigation it's amazing,0,True
UgyQeq5zVEw7X06xfvp4AaABAg.AGhNNEqHSw-AUMoMTLhoYU,comment,V0wtNI-rzSg,UgyQeq5zVEw7X06xfvp4AaABAg,True,@anonymousfootbl,"A car from the same brand recently survived an indirect Iranian missile strike in Tel Aviv, with its windows all blown off but the 4 passengers are only slightly injured and probably got out by themselves , so probably it is already safe enough",2,True
UgyQeq5zVEw7X06xfvp4AaABAg.AGhNNEqHSw-AVSNarzqNSH,comment,V0wtNI-rzSg,UgyQeq5zVEw7X06xfvp4AaABAg,True,@mk1912,竖起来的屏幕是可以分开2个屏幕的，显示2个内容，比如导航和音乐可以同时显示。我们反正觉得很实用 ，,0,True
UgyQeq5zVEw7X06xfvp4AaABAg.AGhNNEqHSw-AVzNfOURDui,comment,V0wtNI-rzSg,UgyQeq5zVEw7X06xfvp4AaABAg,True,@donmolina-q2f,"its the generation , of the couch tech and into the car tech.",0,True
UgyQeq5zVEw7X06xfvp4AaABAg.AGhNNEqHSw-AWdmThKVwwq,comment,V0wtNI-rzSg,UgyQeq5zVEw7X06xfvp4AaABAg,True,@HaydenLau.,"You can't please anyone. It's a cool feature, that's all they're saying it is. Why can't you just be happy about that",0,True
Ugwi33YAcCn8LMOmDOR4AaABAg,comment,V0wtNI-rzSg,,False,@nibblernibbles3205,For your US viewers: Under 50k... no wait it's under 80k.. no wait it's under 120k...,0,True
UgwUVM968Z8lgSSv4914AaABAg,comment,V0wtNI-rzSg,,False,@tvtower,Just a load of tacky gimmicks you don’t need.,0,True
UgxXYVRl9aj3riYJnzN4AaABAg,comment,V0wtNI-rzSg,,False,@grumpygrumpygrump,Fiskar Ocean screen did that,0,True
UgzJr0RC2kIvV1zlcfJ4AaABAg,comment,V0wtNI-rzSg,,False,@asilver50,"Cool car, stupid name. Also, just another component that will break in a couple of years .",0,True
UgyOWQGo7Ezhdq6dKIp4AaABAg,comment,V0wtNI-rzSg,,False,@anandfitness,Byd is cooking all brands,1,True
UgzsJ4IjKcMIpLIW3dV4AaABAg,comment,V0wtNI-rzSg,,False,@antonioamado8351,"BYD And the big majority os electric cars not to say all of them are a scam 😅🤣
A car is made to drive ! 
Not to watch movies, text, or search the internet, I see brands focusing on everything except the driving aspect of a car, which I think it should be the most important aspect of the car……in 10/20 years people will have the driving skill of a dog, and will be completely depending on gadgets to drive for them 😅🤦🏻‍♂️",0,True
Ugxe62fbO12FKkM2ajd4AaABAg,comment,V0wtNI-rzSg,,False,@lidna82,The rotating screen is the most useless feature in the whole car.,0,True
UgznOamyM14Ac3iMAFV4AaABAg,comment,V0wtNI-rzSg,,False,@indianrhetoric,stupid,0,True
UgxFVDsKL-oY-Pf5Mo14AaABAg,comment,V0wtNI-rzSg,,False,@crimsonbear22,I’d buy this if they sold it in the USA.,0,True
UgwS368REvk5LbCehSF4AaABAg,comment,V0wtNI-rzSg,,False,@america_is_a_myth,Waaaay better than Tesla!!,0,True
UgwBPPoBo7oIAL_9jp94AaABAg,comment,V0wtNI-rzSg,,False,@MrDottorzeta,Wow!! Che tecnologia!!!! Uno schermo che ruota!!!!,0,True
UgyMUn8sHeSDyY2laf94AaABAg,comment,V0wtNI-rzSg,,False,@ab-15188,Mind giving me this cheap car of yours?,0,True
UgwXg3G087Byur8Acad4AaABAg,comment,V0wtNI-rzSg,,False,@umarkhalilov9986,"It's so sad that European and American people are meeting Chinese cars this late... In Central Asian countries (which are considered poor and uncivilized by the West, and which is not true) we have these cars for 5-6 years already. These cars are so regular to us... I don't mean anything bad about the West's auto industry. I just want to prevent western people from making up bad stereotypes about Eastern people, especially Arabs and Turks.",0,True
Ugy-ruuA-y8iqjMN7O14AaABAg,comment,V0wtNI-rzSg,,False,@petegmail299,And tell the truth u don't get 350 miles of range bud must be paying u well there china scrap,0,True
UgwYrdvE8nfTCxHgiIt4AaABAg,comment,V0wtNI-rzSg,,False,@mortalyoda1758,If the government didn’t charge tariffs on car imports we would have such cheap cars such a shame for us,0,True
UgzHRy9_d8rNLBa0oZV4AaABAg,comment,V0wtNI-rzSg,,False,@wolverine1981pl,so many things that will go wrong statring with door handles,0,True
UgwUT1mKbrmqMXG6SNl4AaABAg,comment,V0wtNI-rzSg,,False,@FR-Patriots,Well they def copied the Tesla with the screen and then took it to next level with the turn and all. Not sure if you’d ever care or turn it but hey it’s there.,0,True
Ugxk5FIpt6mYBe2TetV4AaABAg,comment,V0wtNI-rzSg,,False,@bigfuturepreschool,I just read they loose 75% of value first year! Don’t push this crap.,0,True
Ugxk5FIpt6mYBe2TetV4AaABAg.AGfxIJ9ZoQVAGgHw3xNl29,comment,V0wtNI-rzSg,Ugxk5FIpt6mYBe2TetV4AaABAg,True,@krzysztofpilarski9713,Why ? The battery is worth 60% of value. I use my BYD as the power bank too in my PV installation.,0,True
UgxXsZmfn28ORNmA_Op4AaABAg,comment,V0wtNI-rzSg,,False,@belubuckscompany8482,This car will run smoothly for for a year and then it's battery will combust and burn the car in the middle of the road,0,True
Ugy7XBwAJC1cY0VSsNR4AaABAg,comment,V0wtNI-rzSg,,False,@aarondavis1284,Portrate to Landscape,0,True
UgwOJnEmgZs95Ga3fzx4AaABAg,comment,V0wtNI-rzSg,,False,@jensleck547,"I can't believe in which direction the car-development is going🙈
I want Minimalism for the purpose(!) and then i see this Children's p💩💩p.",0,True
UgxypHrbhu55p2Ls1AR4AaABAg,comment,V0wtNI-rzSg,,False,@ML-xx5mj,"Oooh, a spinning screen. I must have it 🥸🥸🥸",0,True
UgxAgKluwvH_5gHbz1h4AaABAg,comment,V0wtNI-rzSg,,False,@MiToAndy01,"Cars are becoming more and more just like gadget demos, with fancy lights and screens to wow you, but little substance on the back end. And though the fancy things seem great in these videos, they become very tedious to live with after a while. Also, that place where he keeps his cars will end up turning to ashes sooner or later now he’s added a ‘Burn Your Driveway’ to the inventory.",0,True
UgxAgKluwvH_5gHbz1h4AaABAg.AGfSBxJNUXoAGgIMsojw_u,comment,V0wtNI-rzSg,UgxAgKluwvH_5gHbz1h4AaABAg,True,@krzysztofpilarski9713,"Believe or not but most of modern drivers ask for screen size, voice command, traffic assist and wireless operating of the phone.",0,True
UgyHzksfDLNivghuv8l4AaABAg,comment,V0wtNI-rzSg,,False,@TristanL585,I’ll take my challenger with a real gauge cluster and engine noises,0,True
UgxAJm3L7x_TurHpXbh4AaABAg,comment,V0wtNI-rzSg,,False,@bobbyreports,Chinese junk,0,True
UgzBcwxsHhqQwCkjCoR4AaABAg,comment,V0wtNI-rzSg,,False,@nimeni86,Wow tablets. Does it have LEDs?,1,True
Ugyk8_FK87vcn-S7r594AaABAg,comment,V0wtNI-rzSg,,False,@nibblebytes,Chinese. Totally not stealing your data.,0,True
UgyzwB_O7WAFbCH2g5V4AaABAg,comment,V0wtNI-rzSg,,False,@atakansongul,So what?,0,True
UgwsDN5CEM23OBc1SbN4AaABAg,comment,V0wtNI-rzSg,,False,@mrnk7911,To much money for a car with the stearing wheel on the wrong side 😂,0,True
Ugxh0BlPreaWtpyPGLR4AaABAg,comment,V0wtNI-rzSg,,False,@utterlybonkersdaddy5299,We appreciate your coming out.,0,True
Ugx8OyPb1EOetwukSMt4AaABAg,comment,V0wtNI-rzSg,,False,@Swindondrive,The Chinese are taking over the U.K car market.  Just been to see the Jaecoo J7 and it's very impressive.  Then you see the price and realise the european companys are taking the piss with there pricing.,0,True
Ugwa2ZZvZlcIlkc2QJd4AaABAg,comment,V0wtNI-rzSg,,False,@willpaddack2798,Byd is a garbage brand,0,True
Ugyomz1-4bLPn5SVxGh4AaABAg,comment,V0wtNI-rzSg,,False,@neilkay159,"Missing ONE vital thing!!!
A engine you numpty because they like the Tttt .nope can't say other idiots will be have a lump of junk on their drive that nobody but MAYBE a stupid scrap car dealer would have to be paid to take away",0,True
Ugw_2Hd-GP-pbkE8Fl14AaABAg,comment,V0wtNI-rzSg,,False,@ezequielnazario6544,Another useless brakable electronic gadget. Not for me but thanks,0,True
UgyMcOFzg2vB1jl3wwB4AaABAg,comment,V0wtNI-rzSg,,False,@crossfire2045,"Way too many computers in one car right there, too many screens",0,True
UgwHhH9BydWG2FyxMD94AaABAg,comment,V0wtNI-rzSg,,False,@Lucas-vd2gx,"Looks like an ad. BTW, terrible UX in this car, interface looks like is from the early 2000s",0,True
UgxnR8fy_e7Su3288Th4AaABAg,comment,V0wtNI-rzSg,,False,@KingSDott,They aren’t the first car to do that. Fisker ocean did that as well. Before they went bankrupt of course 😂,0,True
UgzdPnUAUvs_GLYEDSx4AaABAg,comment,V0wtNI-rzSg,,False,@PeteJohnDEO,The answer is that it sends all of your conversations and data back to China.,0,True
UgygHjwZc_fiNUbPCEt4AaABAg,comment,V0wtNI-rzSg,,False,@leosheppard8517,Pronounce innovative better,0,True
UgxhxYQUC4WSzC-_yvp4AaABAg,comment,V0wtNI-rzSg,,False,@tweekrseekr8816,That thing is going to last 1000 kilometers and then fall apart. BYD is Chinese garbage.,1,True
UgyoALYIvOSc2HR2Ged4AaABAg,comment,V0wtNI-rzSg,,False,@Mohdsyamil-x8d,"Urgh what a sight thats is... 
Its like charging phone too much cabel",0,True
UgzCAMjlMPL8qf7AYL94AaABAg,comment,V0wtNI-rzSg,,False,@xkimopye,How much is schmee getting paid to drive that trash?,0,True
UgwQbWcDvqTeK0QiRT94AaABAg,comment,V0wtNI-rzSg,,False,@Chisato_Strafe,The industry wants to push consumers into EVs and yet EVs are still so bloody expensive.,0,True
UgxiTD3_F82KjuyMOOZ4AaABAg,comment,V0wtNI-rzSg,,False,@Thomas5792,Ugly,0,True
UgyVFiBYRjzcp9iRMed4AaABAg,comment,V0wtNI-rzSg,,False,@KMeiyo,Nice but let’s head over to china and see how far away they are compared to the other car companies,0,True
UgyXeodKZfd8j5giNd14AaABAg,comment,V0wtNI-rzSg,,False,@Banterbox-uk,Every BYD Electric vehicle does that. and it does not do it when you are in android auto or apple carplay.,0,True
UgwOeEOgwV_hU0uMgQF4AaABAg,comment,V0wtNI-rzSg,,False,@jimboro7,They could at least have thought of a better brand name than BYD...,0,True
Ugzk7BPIGOdmp78oPXp4AaABAg,comment,V0wtNI-rzSg,,False,@hobgoblin4614,Seems like China is taking the car king position from Japan.,0,True
UgySTD3lhUS0OYmnaRF4AaABAg,comment,V0wtNI-rzSg,,False,@9OClockRant,Jealous!,0,True
UgzoH4cBETtdUjDk1e94AaABAg,comment,V0wtNI-rzSg,,False,@DeAtHaToMiC88,Still too expensive imo.,0,True
UgzCWBY5gLFmyHtvJQF4AaABAg,comment,V0wtNI-rzSg,,False,@VijayVerma-pt3cf,chinese covid virus has made me hate chinese products,0,True
UgyLzZUJpdfkCFP6viR4AaABAg,comment,V0wtNI-rzSg,,False,@norbertperka9231,"What the hell, is it a Tesla copy?
By the way all screens are shit, distracting devices from driving and paying attention. 
Accidents and chaos on roads.",0,True
UgwG9g8D4v0axjX0rYR4AaABAg,comment,V0wtNI-rzSg,,False,@zakpike4582,Can i toss the hideous screens out the window?,0,True
UgxwOI_MRuQeA5xesJB4AaABAg,comment,V0wtNI-rzSg,,False,@steventonkz,"50k for a screen that spins, count me in I’ll have 10",0,True
UgyOxh2hWv_6oMH4-Bt4AaABAg,comment,V0wtNI-rzSg,,False,@agdnetto,I hate screens in cars,0,True
Ugz7NaB97XKXw2_U4wR4AaABAg,comment,V0wtNI-rzSg,,False,@robertopiedimonte2078,"How much?

🤯🤯🤯

Nah, not the car.
How much you got?

I'm with you man!
I'm not with them, but if they gift me with one 
... I'll change my opinion 
🤣🤣🤣",0,True
Ugz0TEU_WNhNXDo7woZ4AaABAg,comment,V0wtNI-rzSg,,False,@ali3lia,"Bro, I have a feeling that there’ll still be a place for human made things. As a 40yo, my advice to you would be to find a job doing X just to make ends meet but your main goal should be to build your own brand doing Y. Sorry for being vague but my point is that you will need a two pronged approach.",0,True
Ugzet_SBprgAYOgt-Hx4AaABAg,comment,V0wtNI-rzSg,,False,@InitialRelic593,Why does he talk like this?? I’ve seen him talk and it doesn’t like this!! What am I missing here???,0,True
UgyHgoU5yvseZCq7f554AaABAg,comment,V0wtNI-rzSg,,False,@AFmarkss,Sim ok mas qual a utilidade disso mesmo? Lol enfim! Mais um cromo!,0,True
UgwNJE085dwtqww1MxR4AaABAg,comment,V0wtNI-rzSg,,False,@SevensoonS,Great shit!,1,True
UgxD5FjneesEzQQ6SWd4AaABAg,comment,V0wtNI-rzSg,,False,@andreasecco3346,Also my Dolphin,0,True
UgyGYZ72pIbnxAq4IgV4AaABAg,comment,V0wtNI-rzSg,,False,@Jupiter8Boy64,"And you call this innovative? 😅😅😅. This is an idea, not innovation!",0,True
Ugzq1-CQAZPVYhBg6_t4AaABAg,comment,V0wtNI-rzSg,,False,@nicolaiacona6844,"Di solito l'auto la guido. Non la compro per girare uno schermo! Tanto hanno la stessa durata di uno smartphone e quando si romperà non potrai usarla più . Un volante,un cambio manuale e 3 pedali sono quello che mi serve su un auto Stop.",0,True
UgzcoY6tOH8UNOkX1bB4AaABAg,comment,V0wtNI-rzSg,,False,@Advert85,"I'm from Brazil, I see BYDs everywhere now, they've quite literally taken us over lol, they're such great looking cars",129,True
UgzcoY6tOH8UNOkX1bB4AaABAg.AGcc1RxSxpXAGqGCuQvzGP,comment,V0wtNI-rzSg,UgzcoY6tOH8UNOkX1bB4AaABAg,True,@Cheese-Head,There’s not a single one in the U.S. and thank god for that,10,True
UgzcoY6tOH8UNOkX1bB4AaABAg.AGcc1RxSxpXAGqYg37XiwN,comment,V0wtNI-rzSg,UgzcoY6tOH8UNOkX1bB4AaABAg,True,@notpillow6759,"​@Cheese-Headyou are missing out, Chinese EVs are years ahead of whatever the latest crap Tesla makes",0,True
UgzcoY6tOH8UNOkX1bB4AaABAg.AGcc1RxSxpXAGt-gvtuO2y,comment,V0wtNI-rzSg,UgzcoY6tOH8UNOkX1bB4AaABAg,True,@camchen4203,@Cheese-Head cope harder lmao,36,True
UgzcoY6tOH8UNOkX1bB4AaABAg.AGcc1RxSxpXAHLhvOJFMto,comment,V0wtNI-rzSg,UgzcoY6tOH8UNOkX1bB4AaABAg,True,@AdrianoJolivesi,"Yeah, I was just in Brazil on hollies and I couldn’t believe the amount of BYDs I saw there. 
Everything is more expensive in Brazil, I was always wondering what kind of job you’d have to have, in order to afford a BYD.",9,True
UgzcoY6tOH8UNOkX1bB4AaABAg.AGcc1RxSxpXAHOk9yLlX3c,comment,V0wtNI-rzSg,UgzcoY6tOH8UNOkX1bB4AaABAg,True,@cryptomike590,​@AdrianoJolivesi  just lower tariffs on Chinese products. US only way to maintain profitability with their inferior products is make the chinese ones more expensive for their population 😅,12,True
UgzcoY6tOH8UNOkX1bB4AaABAg.AGcc1RxSxpXAHOuKmQkRyO,comment,V0wtNI-rzSg,UgzcoY6tOH8UNOkX1bB4AaABAg,True,@AdrianoJolivesi,@cryptomike590 yikes! Thanks to their smart leader. 😰,1,True
UgzcoY6tOH8UNOkX1bB4AaABAg.AGcc1RxSxpXAI1lsxpP_Ck,comment,V0wtNI-rzSg,UgzcoY6tOH8UNOkX1bB4AaABAg,True,@victorchen9170,@Cheese-Head Feel bad for you guys.,9,True
UgzcoY6tOH8UNOkX1bB4AaABAg.AGcc1RxSxpXAI1pRzsNk_w,comment,V0wtNI-rzSg,UgzcoY6tOH8UNOkX1bB4AaABAg,True,@Cheese-Head,"@cryptomike590 “their inferior products”? lol Chinese shit is just that - shit. Cheap, plastic, zero quality shit. I’d buy American made any day if the week over the CCP junk.",0,True
UgzcoY6tOH8UNOkX1bB4AaABAg.AGcc1RxSxpXAIEki3Pj3mb,comment,V0wtNI-rzSg,UgzcoY6tOH8UNOkX1bB4AaABAg,True,@marcelocc6087,"Thank God yes. You buy a BYD, and it turns you into a godless Communist in like a day or two. Scary@Cheese-Head",0,True
UgzcoY6tOH8UNOkX1bB4AaABAg.AGcc1RxSxpXAIt6BReCaYU,comment,V0wtNI-rzSg,UgzcoY6tOH8UNOkX1bB4AaABAg,True,@len801,​@Cheese-HeadGod?  Is that what Trump wants to be called now?,6,True
UgzcoY6tOH8UNOkX1bB4AaABAg.AGcc1RxSxpXAIt6IiSs_CG,comment,V0wtNI-rzSg,UgzcoY6tOH8UNOkX1bB4AaABAg,True,@len801,@AdrianoJolivesi Why didn't you ask someone? You were there.,0,True
UgzcoY6tOH8UNOkX1bB4AaABAg.AGcc1RxSxpXAIt6hDe4vwu,comment,V0wtNI-rzSg,UgzcoY6tOH8UNOkX1bB4AaABAg,True,@Cheese-Head,"@len801nah, it’s “daddy” for you 😂",1,True
UgzcoY6tOH8UNOkX1bB4AaABAg.AGcc1RxSxpXAJm4x6w1rwI,comment,V0wtNI-rzSg,UgzcoY6tOH8UNOkX1bB4AaABAg,True,@janetlewis7145,"They might look good but the question is over time is how dependable, quality and reliable will they be? Mr Bill",0,True
UgzcoY6tOH8UNOkX1bB4AaABAg.AGcc1RxSxpXAKu9fK8EGNe,comment,V0wtNI-rzSg,UgzcoY6tOH8UNOkX1bB4AaABAg,True,@SZlegend-loll,"@Cheese-HeadI know you are just being sarcastic😢 as a Chinese, I feel sorry for the Americans, as most people need to work 2/3 shifts to just survive😂 and have to pay ridiculous amount trash product like iPhone and Tesla…the capitalist would enjoy it though lol",8,True
UgzcoY6tOH8UNOkX1bB4AaABAg.AGcc1RxSxpXANuyFTCHxFO,comment,V0wtNI-rzSg,UgzcoY6tOH8UNOkX1bB4AaABAg,True,@friedrichmatthies6065,​@Cheese-Headwhy?   I have been in many BYDs in Thailand.  They are amazing cars!!,2,True
UgzcoY6tOH8UNOkX1bB4AaABAg.AGcc1RxSxpXAP3U5DxhMfr,comment,V0wtNI-rzSg,UgzcoY6tOH8UNOkX1bB4AaABAg,True,@chemohdridwanchejaafar813,Byd beat Tesla already,4,True
UgzcoY6tOH8UNOkX1bB4AaABAg.AGcc1RxSxpXAQsrYTa3Mu4,comment,V0wtNI-rzSg,UgzcoY6tOH8UNOkX1bB4AaABAg,True,@pueraet,@Cheese-Head sucks for you 🤭,0,True
UgzcoY6tOH8UNOkX1bB4AaABAg.AGcc1RxSxpXAVI73_JyNfB,comment,V0wtNI-rzSg,UgzcoY6tOH8UNOkX1bB4AaABAg,True,@Tjadej,​@janetlewis7145在我们中国这些车已经跑20万公里了 质量毫无疑问,0,True
UgzdABxhJ_mYKvCuKkl4AaABAg,comment,V0wtNI-rzSg,,False,@guppy8182,"And when you stop at a traffic lights, it catches on fire.",0,True
UgwM2nWa69eEUHJ_k9h4AaABAg,comment,V0wtNI-rzSg,,False,@Different_sensations,Chinese are on top of tech decades ahead,0,True
Ugxs9txZkYj_Dp0rtDZ4AaABAg,comment,V0wtNI-rzSg,,False,@eingrobernerzustand3741,"I mean, i would like a electric car 
But like, it seems like they dont build them without nonsense features noone normal asked for

Plus, Carello or Zilli tuktuks are probably more useful anyways",0,True
UgwNN6I8-TNu2O_2-KR4AaABAg,comment,V0wtNI-rzSg,,False,@TheMigMan47,useless feature,0,True
UgwS3p1BsDu0CHAoLeZ4AaABAg,comment,V0wtNI-rzSg,,False,@pa1668,Wonder how much he was paid for this,0,True
UgzAk0vDiHWqd6ZXOc54AaABAg,comment,V0wtNI-rzSg,,False,@pa1668,Give me knobs and buttons any day..imagine having to pull over to figure out how to turn the radio on,3,True
UgzAk0vDiHWqd6ZXOc54AaABAg.AGcZfWS73znASjqEKVyrmz,comment,V0wtNI-rzSg,UgzAk0vDiHWqd6ZXOc54AaABAg,True,@claytonhayball4718,"Its does have buttons also, very easy to use",0,True
UgzAk0vDiHWqd6ZXOc54AaABAg.AGcZfWS73znAVSNlRNv_4o,comment,V0wtNI-rzSg,UgzAk0vDiHWqd6ZXOc54AaABAg,True,@mk1912,"。。。你知道，可以语音唤起吗？hi,byd, i want to ..open radio...",0,True
UgzvIovzOFMu4GEX0Ph4AaABAg,comment,V0wtNI-rzSg,,False,@deadstreet1675,Errrr that's not a new feature... your a bit late on this..,0,True
UgwPYEn29VhGydsmgwN4AaABAg,comment,V0wtNI-rzSg,,False,@DogFriend-h9w,"At least there is a lever for drive, and not via screen. Tesla screen breaks and you can not select drive - your done!!",0,True
Ugwvd0PuySKG0hJZ9Xd4AaABAg,comment,V0wtNI-rzSg,,False,@pic101,"As a 911 owner, it all looks ridiculous. Gen One design. A giant mobile iPad. God help us. No thanks.",0,True
UgySVwpJtS-BxDsq7vt4AaABAg,comment,V0wtNI-rzSg,,False,@vitovito6870,Bella minchiata!,0,True
UgyMlQ5VZRhlfLe_9Y94AaABAg,comment,V0wtNI-rzSg,,False,@THEDTSMAN,In Nov Ative ???,0,True
UgynVk6oB3Grzn9HZOZ4AaABAg,comment,V0wtNI-rzSg,,False,@dru4135,Shit,0,True
UgwktRQNwALnmLTwibN4AaABAg,comment,V0wtNI-rzSg,,False,@terryteoh4517,CCP rubbish product,1,True
UgyedxxIay_zt-3PrxZ4AaABAg,comment,V0wtNI-rzSg,,False,@addicted2musictoo,Absolute distracting and useless.,0,True
UgyBYzFg5NzlR1G_3Rt4AaABAg,comment,V0wtNI-rzSg,,False,@therealemday,199€ Samsung tablet wasn't cheaper than 50k????😂😂,0,True
UgxCP3X-7LcvyJcEW1t4AaABAg,comment,V0wtNI-rzSg,,False,@schraubbar6515,this new world sucks so much....,0,True
UgwMr1GakYT4MHri5bl4AaABAg,comment,V0wtNI-rzSg,,False,@TimzOfficial,"All cool and games until it starts updates while you’re in the middle of the road and locks the doors, starts chipping, bruising in the first week, and the frame is smaller than…small things. 
Byd is even getting shat on by the Chinese citizens on their apps alone, and it’s not easy to j shat on national brands like that",0,True
Ugx1vLseElE25nA4mPx4AaABAg,comment,V0wtNI-rzSg,,False,@mohamaddarwish3765,Other country already know this feature about 2 years ago. How far did United States left behind?,0,True
Ugz-_NuRhdy--4JaDlN4AaABAg,comment,V0wtNI-rzSg,,False,@digitalemon,Tremenda información falopa,0,True
UgypWBLSExFKuw_Or1R4AaABAg,comment,V0wtNI-rzSg,,False,@platinfaust3720,Spielerei! Kann alles Kaputt gehen.,0,True
Ugzpjf5FnnBGZkvzsah4AaABAg,comment,V0wtNI-rzSg,,False,@EmmanuelEchevarria-m3p,"I saw one of those in a bad accident.Two
 young girls got killed to couldn't get out 
The doors could not be open electrical problems 😢",0,True
UgwO1zvz3QUzTUKzDJ14AaABAg,comment,V0wtNI-rzSg,,False,@mofo02,Half the video is AI talking about this trailer and then blabbing on some other company promotion - thanks AI 😳😑😂,0,True
UgyLUKUTQ9haF6R_aHp4AaABAg,comment,V0wtNI-rzSg,,False,@Joekonda11,So people can't be on their phones in car but they can be on their computers!! This world is a modern shit hole.,0,True
Ugyp6wXUDZowxhhg4b14AaABAg,comment,V0wtNI-rzSg,,False,@sigfriedschrader3874,Was für eine schreckliche Stimme. Soviel Daumen kann ich nicht nach unten vergeben wie ich müsste. 🤮,1,True
UgyLkOPEQb5hvJ_2EzZ4AaABAg,comment,V0wtNI-rzSg,,False,@Maximmaxi-gk2bp,BYD isn’t bad.,0,True
UgxcirqRPUxS0LBJhyx4AaABAg,comment,V0wtNI-rzSg,,False,@goodyKoeln,Now there is another way to crash your car. 🎉,0,True
UgzpkqWDyJfx6N-zfMB4AaABAg,comment,V0wtNI-rzSg,,False,@theodor.koerne,"I rather go by foot, than sit in a EV",0,True
UgxuUfSw0BpFPGwc2yB4AaABAg,comment,V0wtNI-rzSg,,False,@D1SStRoY,"Wow an Android display for 50,000 dollars wow oh wow wow",0,True
UgzRYZ_lF3gX_Nt3w114AaABAg,comment,V0wtNI-rzSg,,False,@ATIBOI10,Test out.the Mahindra XUV700,0,True
UgyY4INnkk-xSEbZ0AF4AaABAg,comment,V0wtNI-rzSg,,False,@BAKI_Speaks,"You are such a shill, I really hope u don’t get trapped in there when it spontaneously combusts",0,True
UgzyNNcS3pbm9GqKFv14AaABAg,comment,V0wtNI-rzSg,,False,@asyrafrasid4090,paid reviews guarantee 😂,0,True
Ugxw9vaJpqusS5hk8_F4AaABAg,comment,V0wtNI-rzSg,,False,@sharadmudgal4832,This is also available in market they will install it in your car just 1000 $,0,True
UgzISU_8QVdpmSrmIbZ4AaABAg,comment,V0wtNI-rzSg,,False,@HZ_86,Just one more car which shows how ugly and bad the interior of tesla is,0,True
UgwotaRAkMpoLDkiNux4AaABAg,comment,V0wtNI-rzSg,,False,@chrisrolland,Bro idgaf. It’s still trash,0,True
UgxoRMv16Jz2sHNnATV4AaABAg,comment,V0wtNI-rzSg,,False,@mko-ai,He said the screen is inn-AH-vah-tiv,0,True
UgyAXEL-lRRuNOlwVHx4AaABAg,comment,V0wtNI-rzSg,,False,@michaelmarchei8539,How the hell did you just pronounce INNOVATIVE 🥴🥴🥴,0,True
UgwcE61P141o8s3DyuR4AaABAg,comment,V0wtNI-rzSg,,False,@ozygote,its...NOT the only car that does this....,0,True
UgwvXLD0UyewuWtdlVp4AaABAg,comment,V0wtNI-rzSg,,False,@CAPRICELOVER,Chinese shit,0,True
UgwUbO2ahcJIv2vYu6V4AaABAg,comment,V0wtNI-rzSg,,False,@sermecanicmoura,💩💩💩💩car💩💩💩💩,0,True
UgzfiipUIeAmgbY80Tt4AaABAg,comment,V0wtNI-rzSg,,False,@patheticprepper4496,I suspect you would sell your mother,0,True
Ugwh8HovN7xU48z1X5J4AaABAg,comment,V0wtNI-rzSg,,False,@3lgonView,"Sorry mate, Fisker did this 2yrs ago.",0,True
Ugw-XPKKz98X8qJYoLB4AaABAg,comment,V0wtNI-rzSg,,False,@AB-yx7ip,Take Tesla any day !,0,True
UgzRwmQITt2GCyCSwMN4AaABAg,comment,V0wtNI-rzSg,,False,@vanguardsr368,Can you put that screen in dark Mode ?,1,True
UgxoO-LP7DaHTuMF8LV4AaABAg,comment,V0wtNI-rzSg,,False,@bikesandstufff,The interior is mid and the displays look out of place.,0,True
UgyfkmgDKtWaz3muqzh4AaABAg,comment,V0wtNI-rzSg,,False,@Spinlayer,So now vertical rotations on LCD worth 50k? We are doomed.,0,True
UgwNbu4YqHrLDFRj1QF4AaABAg,comment,V0wtNI-rzSg,,False,@mozartsbumbumsrus7750,Cheapest and best electric car in the world  - nothing comes near!,0,True
UgwMscaMORt-3kMUn-F4AaABAg,comment,V0wtNI-rzSg,,False,@ProfitableStockTrader,errr r v meant to drive the cars from A to B or r v to sit there forever and admire the interiors?? Chinese are eating into global markets. Find something affordable and buy your own nation's products.,0,True
UgzeTpVJ1IAfYkyZ2Wp4AaABAg,comment,V0wtNI-rzSg,,False,@CK-ec8kz,Nice 👍,0,True
UgyWZWseuWS9-sOy_Tx4AaABAg,comment,V0wtNI-rzSg,,False,@kizzpizz_skate1856,BYD suck,1,True
UgxDP1vE_MEwbPW4vsB4AaABAg,comment,V0wtNI-rzSg,,False,@quick2mack74,🚮,0,True
Ugw6_A7pC0QqPhBSEBh4AaABAg,comment,V0wtNI-rzSg,,False,@sandrosantos3622,Welcome to the times where screens are the feature that sells cars...,0,True
UgxbdHV-CZhw2lYg-wF4AaABAg,comment,V0wtNI-rzSg,,False,@gomezz8531,It's a great car because I can rotate a huge screen... WTF seriously ??,0,True
UgzCgXbQYU4a3KBJH7V4AaABAg,comment,V0wtNI-rzSg,,False,@DomDiCerto,Daily driver parked in the corner of the garage,0,True
UgzpYY4qj0bMxujaUKt4AaABAg,comment,V0wtNI-rzSg,,False,@rz4745,Its still a shill for the price tag,0,True
Ugykas4RKAKGijW0I094AaABAg,comment,V0wtNI-rzSg,,False,@rz4745,Under 50k for.a.chinese😂,0,True
Ugx0ScKuXJrDGXCDt4t4AaABAg,comment,V0wtNI-rzSg,,False,@sakispsinakis,Am i the only one enhoying my Stelvio more than any electric car and prefer traditional clusters? Am I old school owning a Celica 94?,0,True
Ugx0EzwOZTzj3-Q_Jil4AaABAg,comment,V0wtNI-rzSg,,False,@pierce.ireland,What a load,0,True
Ugwv9l0fwYVbN7Oxsx94AaABAg,comment,V0wtNI-rzSg,,False,@alltaguaesc,De uma hora pra outra ter uma televisão no carro se tornou legal...,0,True
UgxTcEgEWO346c0TpJV4AaABAg,comment,V0wtNI-rzSg,,False,@JohnFisher-v3j,"£50k, forget it.",0,True
UgzvGdYwMmrz5PLBWYB4AaABAg,comment,V0wtNI-rzSg,,False,@TheAlatriste1,Would be really useful for when I roll it,0,True
UgwZcGknuNCNPPmVGdx4AaABAg,comment,V0wtNI-rzSg,,False,@themagicboy6548,That's because it's literally an android tablet slapped in to car.,0,True
UgyrJMd69RnxH5iK-bJ4AaABAg,comment,V0wtNI-rzSg,,False,@rickymcdonald2669,Stolen technology the Chinese playbook. Steal your technology and sell it back to you by undercutting you.,0,True
UgyKHSo5cKYYKWZNw5J4AaABAg,comment,V0wtNI-rzSg,,False,@harrygore1855,"Comment section with bunch of Americans doing American things Lol. They bring that distinct arrogance, stupidity and nastiness with them all around.",0,True
UgwIZc52M38nKoBzjUp4AaABAg,comment,V0wtNI-rzSg,,False,@Mister_Morise,BYD E2 screen also rotates.,0,True
UgysI6U0BbW4RE4eRP94AaABAg,comment,V0wtNI-rzSg,,False,@chadmaximum6659,this looks like a kia interior and theres no way that i will ever support the ccp or any of its companies,0,True
Ugx_TZVgiq--3zYPF7d4AaABAg,comment,V0wtNI-rzSg,,False,@Nubian_King_RNM,I still don't like a whole TV stuck in the middle of my dashboard man.,0,True
Ugwpv_FEZNdDRROS7ad4AaABAg,comment,V0wtNI-rzSg,,False,@marilynbiootchh,Did that man say In-nov-a-tiv ? 🤔🫢😂,0,True
UgxxmgylF8Wsot40ZbN4AaABAg,comment,V0wtNI-rzSg,,False,@booplesschpooples6027,China is a shit hole and saying any praise for a direct ripoff of other car companies is atrocious.,0,True
UgzGJHOxiCyymWS_3-p4AaABAg,comment,V0wtNI-rzSg,,False,@Jam28915,🚽🧻🚽🧻🚽🧻🚽🧻🚽🧻😂 from Italy ❤,0,True
UgwGU8reAPyz_mu9rF94AaABAg,comment,V0wtNI-rzSg,,False,@UncleEddy420,Fisker Ocean does the same…,0,True
UgyCKwoPRLlbHpOLCvx4AaABAg,comment,V0wtNI-rzSg,,False,@1sinister80,Garbage,0,True
UgzTrtVI0U1u8RxTa_B4AaABAg,comment,V0wtNI-rzSg,,False,@audcolores,You’ll do anything for money ah ? 😏,0,True
UgxMt4JDhtVoJwo7EtV4AaABAg,comment,V0wtNI-rzSg,,False,@audcolores,Your channel is featuring kitchen appliances now ??? 🤨,0,True
UgyMQTqNETekDkynz5B4AaABAg,comment,V0wtNI-rzSg,,False,@NESSUN-0,Good shit,0,True
UgzP1d-30ehXzu8KocR4AaABAg,comment,V0wtNI-rzSg,,False,@anthonypetercoleman339,"""My daily runabout"" is now the new term for my car.",1,True
Ugyvoj_yHMPZmOZ0Hud4AaABAg,comment,V0wtNI-rzSg,,False,@trevorgough2286,How much of that tech' will be working in three years time ? And what range will the battery have then ?,1,True
Ugyvoj_yHMPZmOZ0Hud4AaABAg.AG_zqpj8PmiAInQzvq8bYJ,comment,V0wtNI-rzSg,Ugyvoj_yHMPZmOZ0Hud4AaABAg,True,@haoruchen4216,every thing works like new,0,True
Ugxl7bnoGvGMZIu7scZ4AaABAg,comment,V0wtNI-rzSg,,False,@BrianKedersha,And providing money to Red China to invade Taiwan,0,True
UgxfLiK9q0jW3hgeulx4AaABAg,comment,V0wtNI-rzSg,,False,@BrianKedersha,After the battery starts dying in 2 years and all your information goes to the CCP,0,True
Ugxce5pPDsqcNcP219N4AaABAg,comment,V0wtNI-rzSg,,False,@Error-cdiv,Una nota anche per kelly che in attesa del figlio se la chilla sul nuovo yacht che ha comprato Max a Monaco 😂,0,True
UgyIc4_3xAVItBEM4bh4AaABAg,comment,V0wtNI-rzSg,,False,@Fightrec,Tablet with wheels,0,True
UgyAu12b4TAcR1K7TsJ4AaABAg,comment,V0wtNI-rzSg,,False,@summit7051,"It's not as unique as the way you say ""innovative"".....",0,True
UgyKyA4NP9XFCTIlmNt4AaABAg,comment,V0wtNI-rzSg,,False,@JL-yg8gl,"'All the silly stuff left behind'. 'Wow! The screen turns round'.
Very silly me thinks.😆",0,True
UgyR4mDaACVjDdDl8154AaABAg,comment,V0wtNI-rzSg,,False,@eveelliot2109,Beats Telsa,0,True
UgxhzIY09wD8wyxPvJ54AaABAg,comment,V0wtNI-rzSg,,False,@RAYTHEBULL,All I heard was gay gay gay gay gay gay gay gay gay gay gay gay gay gay gay gay,0,True
UgwSmgSto0XzjYyOwah4AaABAg,comment,V0wtNI-rzSg,,False,@masoodjaffer8584,I wish they had more of the BYD models on sale in UK. The BYD han is even nicer inside. Uber drivers in Dubai love them too it appears,0,True
Ugx_q2YD_5qexeEy_-x4AaABAg,comment,V0wtNI-rzSg,,False,@SO_DIGITAL,oh dear Lord <barf>,0,True
UgznpTVpnv_K1DBPSHN4AaABAg,comment,V0wtNI-rzSg,,False,@hectorrolon3289,BYD made tesler silly ass tesler buyers,0,True
UgzVAmKhEuE04ox0aoV4AaABAg,comment,V0wtNI-rzSg,,False,@MeNanWazaHowitzer,Prefer internal combustion tbh,0,True
UgwPvBx9slohNwWR7Cp4AaABAg,comment,V0wtNI-rzSg,,False,@subjectc7505,"Ah, it's gonna be fun when something goes wrong and the whole car blue screen itself",0,True
Ugx1d1tsfCi9s2WWwrJ4AaABAg,comment,V0wtNI-rzSg,,False,@ThePjw1991,Thata nothing new. Fisker Karma had this.,0,True
UgxmpWS0tdw4mDFmQUt4AaABAg,comment,V0wtNI-rzSg,,False,@ACarGuy915,"So 49,999?",0,True
UgyiKpIwhyxFQ9X3vxt4AaABAg,comment,V0wtNI-rzSg,,False,@lucaantonelli1511,Is it a videogame? Shame of a “car”,0,True
Ugx4KcRHJchmQGbrhgx4AaABAg,comment,V0wtNI-rzSg,,False,@BransonandBeyond,Backwards E Y backwards C makes great cars,1,True
UgwSkupUMtuvSAxOTsl4AaABAg,comment,V0wtNI-rzSg,,False,@micocruz5092,you will see how this brand really perform  & if still reliable after 3years.,0,True
UgxPbUDESrpZtd0bf0p4AaABAg,comment,V0wtNI-rzSg,,False,@SanManoloLibros,Tariffs 😅,0,True
Ugzt8-O-OMJhveT19X94AaABAg,comment,V0wtNI-rzSg,,False,@legelf,"thats not innovative, other brands been doing this for years now 😭the real innovation is the price of this thing, amazing cost management",0,True
Ugy7PZW0OAEZQRwzwEV4AaABAg,comment,V0wtNI-rzSg,,False,@weishen5938,SUCKS,0,True
UgyJm8lBmb-ghXnZLwt4AaABAg,comment,V0wtNI-rzSg,,False,@ciscosebanes,Too much boredom.,0,True
UgyHtoyY6E4badsRu4x4AaABAg,comment,V0wtNI-rzSg,,False,@AtomicCheesegod,Enjoy or car spying on you,0,True
UgyNIVJp0FIcng1BpcZ4AaABAg,comment,V0wtNI-rzSg,,False,@daniilkolesnyk4553,Still a comies pile of crap,0,True
Ugwbfjnch8JD12bNYLl4AaABAg,comment,V0wtNI-rzSg,,False,@paulpaillet5399,nothing chinese here Technology Design Materials and Everything else was exclusively developed by western Engineers and Designers. Never forget it and thank you 👋,1,True
UgwOrNUePwzr6zDG9bd4AaABAg,comment,V0wtNI-rzSg,,False,@Manford60,Seems a better value than a you know what..they probably use a better glue too...,0,True
UgzGjQXQaUYPP6tHuh14AaABAg,comment,V0wtNI-rzSg,,False,@michaelsauer9530,"Well if the greatest innovation in a new car is a remote Controlled spinning display.
I would not be scared. Since chinese Cars have some nice tech regarding engine and battery. 
It might the author just did Not know much about cars.",0,True
Ugw5XZ35dE7kJ4_OivV4AaABAg,comment,V0wtNI-rzSg,,False,@CandiceBouchillon,It’s totally stupid an electric vehicle that travels hardly anywhere dumb dumb dumb but it has a cool screen,0,True
UgxJXTMvd_n0oyVsDBN4AaABAg,comment,V0wtNI-rzSg,,False,@Ironpancakemoose,Can’t wait to see the repair costs lmao,0,True
UgycTCcj7KBhLFoxDJl4AaABAg,comment,V0wtNI-rzSg,,False,@rewind1960,Terrible build quality.  Plastic used on some suspension components.  Battery fires.  No thanks.,0,True
Ugw4FJ_UnWTuwx8iIi94AaABAg,comment,V0wtNI-rzSg,,False,@SamKelly13,"all cars that look like this with tablet screens inside are ugly and I ain't driving that shit. Old-school only, real dash, not a gaming console, I buy the car to drive it not play NFS on it.",0,True
Ugw-hcecQyem1aG_bmx4AaABAg,comment,V0wtNI-rzSg,,False,@DB-qz7se,"if they gave you the key, it is not your daily!",0,True
UgyMZIW5vIpJbI6uaYZ4AaABAg,comment,V0wtNI-rzSg,,False,@phaserfull,What's up?,0,True
Ugwm_ykutezFv5ZsV_t4AaABAg,comment,V0wtNI-rzSg,,False,@JerryDey,"This car is the embodiment of ""silly stuff"".",0,True
Ugz7JXbxPqKC5i-MrSx4AaABAg,comment,V0wtNI-rzSg,,False,@Internettoughguy547,Sales people love the ones that get impressed by shinny things,1,True
UgzjfN8rgoh0AH8D7Tx4AaABAg,comment,V0wtNI-rzSg,,False,@johnathanwroe2148,All of this tech in modern cars is useless. Bring back mechanical shift linkage at least,0,True
UgxbrgYHO0eDX_Zl59F4AaABAg,comment,V0wtNI-rzSg,,False,@MrConnect54,"Another load of useless gimmicks that’s if u can see the road over ridiculous oversized garbage screen under 50,000 wow what a bargain 😮😂",0,True
UgyDol6us3iM_i6vIzt4AaABAg,comment,V0wtNI-rzSg,,False,@Smllc22318,Porsche 911 shifter. Wow,0,True
UgwJkDg2GHnO0OzXVB14AaABAg,comment,V0wtNI-rzSg,,False,@bDz416,"So it basically just accomplished what you can manually do with your📱⁉️
Gotchya👍",0,True
Ugzk8paNYdDPaJeYVUN4AaABAg,comment,V0wtNI-rzSg,,False,@pkerry12,Does it have level 2 or level 3 autonomy?,0,True
UgyzHdmVXw-lCJY9tON4AaABAg,comment,V0wtNI-rzSg,,False,@MintJoker9578,Heh? That thing is just android tablet with electric motor that spins it,0,True
UgyposbHRYc-TYc1clJ4AaABAg,comment,V0wtNI-rzSg,,False,@BoRerunn,Most Chinese cars blow up in simple crashes,0,True
UgzgBpy_qe_F6aZl7QN4AaABAg,comment,V0wtNI-rzSg,,False,@pgr3290,CHINANAAAA,0,True
UgxFt6_sN7FK32jYutB4AaABAg,comment,V0wtNI-rzSg,,False,@oOoDANI88oOo,Fisker Ocean also spin the Display 😂,0,True
Ugz4ILlHPCHg6f4rUOp4AaABAg,comment,V0wtNI-rzSg,,False,@FokkerBoombass,I wanna see what it does in a rollover.,0,True
UgwP8UwmSmQNLJrxmrN4AaABAg,comment,V0wtNI-rzSg,,False,@TheLukas12364,Great.. Seeing Shmee promoting a chinese car… The world is lost,0,True
UgyF5CkCezjA2E4dmfJ4AaABAg,comment,V0wtNI-rzSg,,False,@STITCHWA,You missed something about the car that's very obvious......ITS GAY,0,True
UgyeEtfnNHa-PHn2Ckp4AaABAg,comment,V0wtNI-rzSg,,False,@nimishachowdhury4577,Tesla interior is shit compared to byd,0,True
UgyjWYJVVuOodzWu4xF4AaABAg,comment,V0wtNI-rzSg,,False,@mattehalsti,"Sure, you love this car since it has large and rotating screen 🤦",0,True
UgzJlobeM4gEZVE9VUN4AaABAg,comment,V0wtNI-rzSg,,False,@Barney_Hunters,Wait.... Say innovative again 😂😂,0,True
Ugz7_TMxraKg5cM6T0d4AaABAg,comment,V0wtNI-rzSg,,False,@Lowdo1549,Yeah but the bad thing is that when someone asks you what you drive you have to say “a seal”.,0,True
Ugw_nBjU5UN4eEAWZz94AaABAg,comment,V0wtNI-rzSg,,False,@Xoltius,A rotating screen... Wow... And for under 50k 😅,0,True
Ugz-J-q3bNWvTksIS1Z4AaABAg,comment,V0wtNI-rzSg,,False,@ramiromelara9073,Tesla way nicer.,0,True
UgzWhEp6xS7zFNXnFaB4AaABAg,comment,V0wtNI-rzSg,,False,@alexandrumacedon291,"ofcourse we know it's unusual, look at the steering wheel placement. it's on the right fkin side lol",0,True
UgzbaAH8BNn1uBbNrEB4AaABAg,comment,V0wtNI-rzSg,,False,@not-AI,for an extra 25K they will make it left side drive,0,True
UgySTU2ujlAs2Di77BN4AaABAg,comment,V0wtNI-rzSg,,False,@robertolandini179,Utile per distrarsi mentre si guida...,0,True
Ugx3BXg9uTk7OMpEeC94AaABAg,comment,V0wtNI-rzSg,,False,@Johnno48,I was hoping the screen just continued to spin.,1,True
UgzC_cu8_D3G1fZSZaN4AaABAg,comment,V0wtNI-rzSg,,False,@fishingfamilyuk,"Went to look at one of these and the panel gaps were all over the shop, still an upgrade on a Tesla though. Ended up going with a Renault 5 at least that looks cool and doesn’t feel like someone glued an ipad to the centre console",0,True
Ugz1GtEZ6Ck-NDNlrwF4AaABAg,comment,V0wtNI-rzSg,,False,@SalomonJose-h9x,Under 50k?,0,True
UgyUa7jkqcQoyLZ7YYZ4AaABAg,comment,V0wtNI-rzSg,,False,@BigDamo_454,Nice enjoy sending all ya private info to the CCP in your BYD,0,True
UgwBoRuZMe_hNqXdlKZ4AaABAg,comment,V0wtNI-rzSg,,False,@bowtielionssafezone,"Ok, but can you tilt the screen any way you want?",0,True
Ugwcy_Np15APKab0o2x4AaABAg,comment,V0wtNI-rzSg,,False,@ludwig4223,So einen Blödsinn brauchen nur verblödete Elektro Fahrer,0,True
UgyIj-8EaZHqXgpPfB94AaABAg,comment,V0wtNI-rzSg,,False,@kristiancaleta,Really ugly car and interior.,0,True
Ugw-7JNQoAQYoShO8Kd4AaABAg,comment,V0wtNI-rzSg,,False,@carlospineda4013,In Mexico we called them: bonito y desechable 😂😂😂 this means pretty and dispensable,0,True
UgyYp75ohk4XTVgrnpN4AaABAg,comment,V0wtNI-rzSg,,False,@ismaeliribe2947,"Screens on cars are dumb, for driver anyways.",0,True
UgxTG2hu8A-X-cxztD54AaABAg,comment,V0wtNI-rzSg,,False,@Supersony88,How much did China pay you to do this? 😂😂😂😂😂😂,0,True
UgxzWrsnORMAHEHvtvx4AaABAg,comment,V0wtNI-rzSg,,False,@screenfixer1936,"What stupid ,cold,useless era we live,,,these ""cars' are  empty ,,,just a stupid touch screen &  tons of rechargeable batteries 🔋 🔋 🔋 🔋 🔋",0,True
Ugx0k-tB85y70_yEsO54AaABAg,comment,V0wtNI-rzSg,,False,@Mickel311,I'll tell you exactly what's unusual The steering wheels in the wrong side,0,True
Ugz4Fvu_2fsuTJrBCbp4AaABAg,comment,V0wtNI-rzSg,,False,@mattcoops9744,"But why, i go shopping and work n back.... I look out the bloody window",0,True
Ugzcfss9w9Pis1gb4Cl4AaABAg,comment,V0wtNI-rzSg,,False,@ilfanta777,Il garage delle lavatrici,0,True
Ugz0yohkh9E-MhpsuK14AaABAg,comment,V0wtNI-rzSg,,False,@smokescreenFromThe6ix,If the Canadian Gov was smart they would let the US automakers leave and turn those factories into Chinese EV ones.,0,True
UgzXeV3AMUgZZ5m1pQh4AaABAg,comment,V0wtNI-rzSg,,False,@rickkarrer8370,"I can’t stand bright screens in a car. I have night vision problems, and I literally can’t drive with those at night.",0,True
Ugw10Vjt0QO-34t_auB4AaABAg,comment,V0wtNI-rzSg,,False,@prowlTV,"Inn-nov-a-tiv????

It’s in-ov-a-tiv chump.",0,True
UgyKGU0dmmhXEHEzFm54AaABAg,comment,V0wtNI-rzSg,,False,@GurkiratXSingh,One more thing that's better than a Tesla... it looks better.,0,True
Ugy0HHHSzjbRg1zwaU54AaABAg,comment,V0wtNI-rzSg,,False,@prasadmankar7650,But can it run crysis?,0,True
UgyN8CII0wqz-96oXvd4AaABAg,comment,V0wtNI-rzSg,,False,@Bartholomaeus-z2s,No option to save the big horrible screen such a terrible taste.,0,True
Ugx6P21-rUx9px_z-0p4AaABAg,comment,V0wtNI-rzSg,,False,@nazart7830,Chinese junk,1,True
UgzVXNPI7pOPw3uFsVx4AaABAg,comment,V0wtNI-rzSg,,False,@a2zautoworksgarage664,I like to see the faces who paid 50k for this car after 3 years. I wish to see them still happy but I don't think so.,2,True
Ugxvp_PKXNCYAKhaqHp4AaABAg,comment,V0wtNI-rzSg,,False,@juanrendon5720,BYD is not sold in the USA for one reason only substandard metal.,1,True
UgzcvLLLcAackTsxZJ94AaABAg,comment,V0wtNI-rzSg,,False,@josava,No to Chinese cars,1,True
UgzK-vLm7JaecZk-l7B4AaABAg,comment,V0wtNI-rzSg,,False,@gigilaroux762,I would not a Chinese car downloading all my information.,1,True
UgygX2UYpui5UZS1h-B4AaABAg,comment,V0wtNI-rzSg,,False,@AKAfuriousstyles,Can't wait till the display is detachable,0,True
UgzbcEQ_9wd4rO-ZGiJ4AaABAg,comment,V0wtNI-rzSg,,False,@chappie6985,kia is getting out of hand,0,True
UgyPEkMxWy2d-e9k_MF4AaABAg,comment,V0wtNI-rzSg,,False,@jjohnston326,Drive it for 2 months and get back to me.,1,True
UgwES2KJuR73YccDIWx4AaABAg,comment,V0wtNI-rzSg,,False,@extrememotorsports474,"If it's electric,that's one EV to die for",1,True
UgyHghHN0nIiE73U7PR4AaABAg,comment,V0wtNI-rzSg,,False,@clarencesmith467,Turned what used to be the most nostalgic part about a car into what ai would do we are are already adopting ai consciousness lol so lame just two screens no artistic engineering here 😮😅,0,True
UgyUOZ6E6Z_ho3Au6oB4AaABAg,comment,V0wtNI-rzSg,,False,@LlinksAssociates,"That screen is screaming ""INVASIVE"", it's not suitable HOWEVER the interior overall seems top notch 👍",0,True
UgyzrXF2J-eGIUXcu694AaABAg,comment,V0wtNI-rzSg,,False,@angelparis2071,I don’t like anything made in china but I would buy this over a Tesla. The color and design is slick inside out. 🙂,0,True
UgxHwfB78LXaB9gULQd4AaABAg,comment,V0wtNI-rzSg,,False,@flxSydl,Impoooooortant Feature🙄,0,True
Ugwab_pTwNQ1JWvmdNh4AaABAg,comment,V0wtNI-rzSg,,False,@domastaujanskis673,Pretty sure that Bentley make a turning infotainment system before BYD,2,True
UgzFpX3Xo3svKwwDNjZ4AaABAg,comment,V0wtNI-rzSg,,False,@miyahollands6136,gimmick!,0,True
UgzDjx2ohx2V8GLLRY54AaABAg,comment,V0wtNI-rzSg,,False,@SuperChrisDub,"With an incoming recession about to hit, I think it's high time that auto manufacturers went back to basics. They should make largely mechanical vehicles with limited reliance on electronics and software. Cars that would be cheaper to make, cheap to fix and with a low price tag. I think any car maker that does that would absolutely clean up. People are already struggling to feed their families.  I doubt they will buy expensive new cars. 
However, I am aware of the rampant greed of corporations so I doubt they can even think in terms like this. Making and selling cheap cars in bulk is going to be more profitable than making and selling a few top-of-the-line models to the obscenely rich.",0,True
UgxFvPZOEtZgc3lihLl4AaABAg,comment,V0wtNI-rzSg,,False,@chad85100,"I believe the Fisker ocean does that as well, if not all the Fisker cars",0,True
Ugx-Pno0X1yMIjpeUo14AaABAg,comment,V0wtNI-rzSg,,False,@eddiebruv,Burns Your Driveway. 😂,1,True
UgyaKe6KxNPtXroi4254AaABAg,comment,V0wtNI-rzSg,,False,@BrotherBrandon-e1f,Ridiculous,1,True
Ugx-YVvFeImip14YOgt4AaABAg,comment,V0wtNI-rzSg,,False,@RS-Amsterdam,Nobody saw the elephant in the room...the steering wheel is on the wrong side 😂,1,True
Ugyq24cjmcOPZMjurgt4AaABAg,comment,V0wtNI-rzSg,,False,@foehammer2003,Er... who's gonna tell him that feature first appeared in the Fisker Ocean?,0,True
Ugy56YKFaeHpfTawUFN4AaABAg,comment,V0wtNI-rzSg,,False,@HcCh-sm8kk,"Byd has alot of pros but it also comes with alot of cons, one main problem i heard is rust, make sure u prepare before buying byd.",12,True
Ugy56YKFaeHpfTawUFN4AaABAg.AGYY3xTV7umAGfvFdns7EI,comment,V0wtNI-rzSg,Ugy56YKFaeHpfTawUFN4AaABAg,True,@RedSphericalUFO,"I am hearing a lot of talk that being a problem with the atto 3. Shame because it wasn't that bad a car (although the build quality of my old leaf was better, I suspect the byds will improve). Would like to take one of these for a spin, seeing a few on New Zealand roads now",0,True
Ugy56YKFaeHpfTawUFN4AaABAg.AGYY3xTV7umAHrfQRXtmvs,comment,V0wtNI-rzSg,Ugy56YKFaeHpfTawUFN4AaABAg,True,@Beachtrader0007,I think people are confusing asians. Japanese make great cars. Chinese are not known for high quality products of any kind,2,True
Ugy56YKFaeHpfTawUFN4AaABAg.AGYY3xTV7umAHscbsC1GVA,comment,V0wtNI-rzSg,Ugy56YKFaeHpfTawUFN4AaABAg,True,@licencetoswill,"@Beachtrader0007 like iphones or teslas, both of which are made in china",0,True
Ugy56YKFaeHpfTawUFN4AaABAg.AGYY3xTV7umAL7UnILMEWx,comment,V0wtNI-rzSg,Ugy56YKFaeHpfTawUFN4AaABAg,True,@wanderingstar-II,"​@Beachtrader0007 the majority of your electronic products are made in China, that is how you can afford them.",0,True
Ugy56YKFaeHpfTawUFN4AaABAg.AGYY3xTV7umAMb1WKcC5DT,comment,V0wtNI-rzSg,Ugy56YKFaeHpfTawUFN4AaABAg,True,@ARTosya-1,"@Beachtrader0007 Drones, Laptops, Phones, Teslas, EV batteries,machinery, Shipbuilding, Everyday appliances...
You cheap out and then complain, There's plenty of great chinese products, what do you think people use everday in china then?",0,True
UgyUGAPzLNRYRF7N0zd4AaABAg,comment,V0wtNI-rzSg,,False,@ProphetJuneAmpofo,Kindly upload part 2 briefly.,0,True
UgwssSsOcpWB60WFcOV4AaABAg,comment,V0wtNI-rzSg,,False,@jackdonekings,More value for money than a Tesla,0,True
UgyLaTkXOn_y_1bBOYl4AaABAg,comment,V0wtNI-rzSg,,False,@Juliosaintseiya,Buen podcast pero no deja hablar al invitado,0,True
UgymnIMJoA4FFPHOrbh4AaABAg,comment,V0wtNI-rzSg,,False,@beezzarro,Why does it need to be motorized? Why wouldn't they just save on resources altogether and have you just reach over and flip it?,0,True
UgyB3bIUhE1yKWYjHX54AaABAg,comment,V0wtNI-rzSg,,False,@marcstein2510,"Why would you buy a car from our greatest enemy that eants to destroy our democracy?
China wants to destroy our industry and then conquer us. And china is a communist concentration camp running country.",1,True
UgxF2hBqmXtPHV1YtnR4AaABAg,comment,V0wtNI-rzSg,,False,@badzullu,"Garbage. Who makes cars like in the '90, so I can go and buy one ?",0,True
Ugw--GE7nqmVKO22ZqF4AaABAg,comment,V0wtNI-rzSg,,False,@DriversExperience,Why does every single video this company appears in seem like an ad ? Feels like everyone is bought,0,True
UgzC4uNQI5sPyvLN6J14AaABAg,comment,V0wtNI-rzSg,,False,@cbrooen,He is Bought by BYD for promoting,1,True
Ugwy6RZIOtXJqMhzXlV4AaABAg,comment,V0wtNI-rzSg,,False,@Niko-xz5lk,"It's like someone's nightmare. I got in a new car recently and it wasn't even electric and there were no buttons almost anywhere, all touch screen and you have to scroll through 2 pages of BS just to put the heaters on and clear the windshield. It's absolutely awful and the end of real motoring in my opinion.",0,True
Ugy9F17VP6MjJhstjpt4AaABAg,comment,V0wtNI-rzSg,,False,@mares81,stop killing our economy. Don't buy from the asians,0,True
UgyPCa-mfMOmKExzxl94AaABAg,comment,V0wtNI-rzSg,,False,@RaczBela1993,Dreckskarre.....,0,True
Ugwk0Gfs9N5RD1joUrh4AaABAg,comment,V0wtNI-rzSg,,False,@Stein_TV,It's Chinese,0,True
UgzX_urnF53EAAjtfRh4AaABAg,comment,V0wtNI-rzSg,,False,@mattenencio,Vertical screen for playing Space Invaders. THE FUTURE IS HERE,0,True
UgxlTndeyYQg-fiICHh4AaABAg,comment,V0wtNI-rzSg,,False,@mugen898,Vaya gilipollez de funcion,0,True
Ugy4SsPpcqdcHAt8t8Z4AaABAg,comment,V0wtNI-rzSg,,False,@shuddeye-,"""in-NOV-a-TIV"" 💀",1,True
UgxhQSNKEJ_C7gPFKk14AaABAg,comment,V0wtNI-rzSg,,False,@ajith8739,Guy just woke up from a coma! Wireless charging pad 😂 Even cheaper cars get it.,0,True
UgxktW2iavo704k7YjR4AaABAg,comment,V0wtNI-rzSg,,False,@trancemasterstig,Move this one outside so when it 🔥 it wont wreck the rest of your silly wee cars,0,True
UgzzKV3KDtbLppp21Ex4AaABAg,comment,V0wtNI-rzSg,,False,@PTGOE,Woooooooooooww! So useless! Amazing! 😅😅,0,True
Ugw1oMzT_sBDwb1GQil4AaABAg,comment,V0wtNI-rzSg,,False,@I.C.U-c7l,They named it right Ater you are seald in a fire trap,0,True
UgzHsgqVBnt-rj38ntV4AaABAg,comment,V0wtNI-rzSg,,False,@Agostinho86,honestly this is not interesting at all but everything else about this car looks great,0,True
Ugw24_qHjQwVCXwQvu54AaABAg,comment,V0wtNI-rzSg,,False,@quinby123,Big deal.  Another communist junk.,0,True
UgymyQMc_QXVy_Y0NHp4AaABAg,comment,V0wtNI-rzSg,,False,@mikehall3074,"Why not just put a 70"" flat screen and some disco lighting in. Surely that would be enough to win the Big Dick award 😏😓",0,True
UgwXMDLNfKtCzuZMe2l4AaABAg,comment,V0wtNI-rzSg,,False,@bluecollar58,It should be illegal to install that many distractions in the car.,0,True
UgzytNJP9zgn54kS5n54AaABAg,comment,V0wtNI-rzSg,,False,@Schinderhannes69,Chinese death trap,0,True
UgwWCTSHw_Lp7WVDtYl4AaABAg,comment,V0wtNI-rzSg,,False,@Dark_Dungeon,Too techy not suitable for those who want an immersive driving experience. No physical buttons evsn for essential functions of a car is a bit safety concernin.,0,True
UgzWFsj_mXRpESt1cLB4AaABAg,comment,V0wtNI-rzSg,,False,@wils35,G hey boys car,0,True
Ugyundqa0AbcuvGThBJ4AaABAg,comment,V0wtNI-rzSg,,False,@AlexDerhuan,"Bro they have fooled you, the steering wheel is on the wrong side.",0,True
UgwoUm3NSwimnUDwfO54AaABAg,comment,V0wtNI-rzSg,,False,@megaboss69,"wow, give me two, just because of display",0,True
Ugzzo5YkG9E867KZsJF4AaABAg,comment,V0wtNI-rzSg,,False,@lautrecc333,"It's a piece of junk, my brother got one 6 months ago and it's falling a part ; buttons don't work, cheap tires, took to dealers at least 3 times in 6 months.  He will replace it for a Toyota RAV4",0,True
Ugy7Cx9xr-TtAg_BTAV4AaABAg,comment,V0wtNI-rzSg,,False,@11oakdene,Fisker Ocean?,0,True
UgwwdCC5KJ_kdDJGpGp4AaABAg,comment,V0wtNI-rzSg,,False,@karlkoskie2891,"Oh cool! Thatll be fun when it breaks. Prolly be pretty cheap to fix too.

Remember: if it moves, it can break.",0,True
UgwCS69tVR1nBl0pzod4AaABAg,comment,V0wtNI-rzSg,,False,@nickthebubble4060,EV? Not interested.,0,True
UgzaGkqFP1e9xi7zbSl4AaABAg,comment,V0wtNI-rzSg,,False,@Muffinshaker,It’s cheaper than a set of wheels on any of his other cars in the livery. 😊😊😊😊,0,True
UgwZnSK9BylmGxm0jvp4AaABAg,comment,V0wtNI-rzSg,,False,@coffeeguy2-n1o,Only con that makes it not purchasable: it's Chinese,0,True
UgyjHbN25eUK6UygDCN4AaABAg,comment,V0wtNI-rzSg,,False,@leonver952,Wow ! Just a big screen 🤦🏽‍♂️,0,True
UgzqYvdfh1pP9sWlhl94AaABAg,comment,V0wtNI-rzSg,,False,@rikkid7308,Tesla owner here.  I don’t care for the rotating screen but that interior is waaay better than any Tesla.,833,True
UgzqYvdfh1pP9sWlhl94AaABAg.AGXlQ1W4cm1AGhp_k-I8Bw,comment,V0wtNI-rzSg,UgzqYvdfh1pP9sWlhl94AaABAg,True,@tonyfisher1365,Anything is better than a Tesla.,83,True
UgzqYvdfh1pP9sWlhl94AaABAg.AGXlQ1W4cm1AGj1ED6oqbH,comment,V0wtNI-rzSg,UgzqYvdfh1pP9sWlhl94AaABAg,True,@westerlywind1035,Thank you for your input,7,True
UgzqYvdfh1pP9sWlhl94AaABAg.AGXlQ1W4cm1AGjmTuGGBez,comment,V0wtNI-rzSg,UgzqYvdfh1pP9sWlhl94AaABAg,True,@baltimore1300,"You’ll see in the following years how this BYD is going to age in terms of software, value and costumer care….
Interiors are way better than Tesla..??!!
Seriously??
Are seats in real leather…???!!!
Don’t think so, so they aren’t really;)
It’s like competition for Apple, it’s never good to copy the opponent success.
Because normally who comes in the first place does it better over the years",12,True
UgzqYvdfh1pP9sWlhl94AaABAg.AGXlQ1W4cm1AGrhTD6gBrJ,comment,V0wtNI-rzSg,UgzqYvdfh1pP9sWlhl94AaABAg,True,@Matchupeechu87,Tesla owner here. No it isn’t a better interior. The quality is poor and the smell is noxious. I’m glad I chose my model 3 over the seal.,22,True
UgzqYvdfh1pP9sWlhl94AaABAg.AGXlQ1W4cm1AGsXQ_Em13X,comment,V0wtNI-rzSg,UgzqYvdfh1pP9sWlhl94AaABAg,True,@friedrichmatthies6065,I would not drive a Tesla if you gave it to me free!,20,True
UgzqYvdfh1pP9sWlhl94AaABAg.AGXlQ1W4cm1AGuil7ZmFBe,comment,V0wtNI-rzSg,UgzqYvdfh1pP9sWlhl94AaABAg,True,@nakkadu,​@friedrichmatthies6065 Don't worry nobody will give you one.,0,True
UgzqYvdfh1pP9sWlhl94AaABAg.AGXlQ1W4cm1AGzua-IZUJi,comment,V0wtNI-rzSg,UgzqYvdfh1pP9sWlhl94AaABAg,True,@P1zemek,Tesla is crap ​@Matchupeechu87,0,True
UgzqYvdfh1pP9sWlhl94AaABAg.AGXlQ1W4cm1AH0p96Nr62C,comment,V0wtNI-rzSg,UgzqYvdfh1pP9sWlhl94AaABAg,True,@mata224,hahaha nice one,0,True
UgzqYvdfh1pP9sWlhl94AaABAg.AGXlQ1W4cm1AH6SvXOfwO2,comment,V0wtNI-rzSg,UgzqYvdfh1pP9sWlhl94AaABAg,True,@Sergioolivasback,"​@friedrichmatthies6065 lol OK, but you would though wouldn't you, unless you're a multi millionaire. I'm not arsed about tesla particularly but I would 100 percent have one for free",4,True
UgzqYvdfh1pP9sWlhl94AaABAg.AGXlQ1W4cm1AHBlIp-yGae,comment,V0wtNI-rzSg,UgzqYvdfh1pP9sWlhl94AaABAg,True,@TheComputec,"@baltimore1300 Tesla seats are not real leather. They are synthetic

also, early pioneers SELDOM remain dominant once a market matures. either the market shifts or newcomers innovate better... you mentioned apple... do you you use an apple newton?  apple ipod?",17,True
UgzqYvdfh1pP9sWlhl94AaABAg.AGXlQ1W4cm1AHBlX9Ed9At,comment,V0wtNI-rzSg,UgzqYvdfh1pP9sWlhl94AaABAg,True,@TheComputec,"@Matchupeechu87 

Model 3 has plastic seats and no display in front of the driver
The tesla model 3 is turd

Everyone else has caught up and is overtaking the tesla range

All tesla has now is infrastructure and a few gadgets and novelty features",13,True
UgzqYvdfh1pP9sWlhl94AaABAg.AGXlQ1W4cm1AHBmulquVnR,comment,V0wtNI-rzSg,UgzqYvdfh1pP9sWlhl94AaABAg,True,@baltimore1300,"@TheComputec of course they’re synthetic as 98% of other brand’s cars interiors…;)
As a matter of fact if you want real leather and not synthetic one even at BMW and Co they charge some extra money even if you are already paying some 70000€",0,True
UgzqYvdfh1pP9sWlhl94AaABAg.AGXlQ1W4cm1AHDFTDfcXhR,comment,V0wtNI-rzSg,UgzqYvdfh1pP9sWlhl94AaABAg,True,@davesthrowawayacc1162,"@baltimore1300 Tesla interiors look like cheap office furniture. In fact, American cars interiors look like crap in general. Even the Ford Mustang, for its price, still has an interior clad in crappy cheap plastic",7,True
UgzqYvdfh1pP9sWlhl94AaABAg.AGXlQ1W4cm1AHFi_8z1yjT,comment,V0wtNI-rzSg,UgzqYvdfh1pP9sWlhl94AaABAg,True,@baltimore1300,"@ some people may think that just because they are minimalist but I rather think they are amazingly good looking and again, most of the cars have fake leather seats so….the only thing that really matters is look, comfort and how well or bad they are going to age…",0,True
UgzqYvdfh1pP9sWlhl94AaABAg.AGXlQ1W4cm1AHG1kqSbyR0,comment,V0wtNI-rzSg,UgzqYvdfh1pP9sWlhl94AaABAg,True,@TheComputec,@ not having an actual speed display in front of the driver is a no from me,1,True
UgzqYvdfh1pP9sWlhl94AaABAg.AGXlQ1W4cm1AHIb90NUS_x,comment,V0wtNI-rzSg,UgzqYvdfh1pP9sWlhl94AaABAg,True,@MaticTheProto,My a class is better interior wise than a tesla 😅,2,True
UgzqYvdfh1pP9sWlhl94AaABAg.AGXlQ1W4cm1AHJB-8HXhae,comment,V0wtNI-rzSg,UgzqYvdfh1pP9sWlhl94AaABAg,True,@baltimore1300,@ still it’s not real leather man…;),2,True
UgzqYvdfh1pP9sWlhl94AaABAg.AGXlQ1W4cm1AHJPFVcRG3W,comment,V0wtNI-rzSg,UgzqYvdfh1pP9sWlhl94AaABAg,True,@MaticTheProto,@baltimore1300 good bc faux leather is less polluting,0,True
UgzqYvdfh1pP9sWlhl94AaABAg.AGXlQ1W4cm1AHJZfSgcnox,comment,V0wtNI-rzSg,UgzqYvdfh1pP9sWlhl94AaABAg,True,@orwellianyoutube8978,tesla interior looks like a cheap hospital room,46,True
UgzqYvdfh1pP9sWlhl94AaABAg.AGXlQ1W4cm1AHKhYyIPs2X,comment,V0wtNI-rzSg,UgzqYvdfh1pP9sWlhl94AaABAg,True,@baltimore1300,@ so I don’t get all these critics about tesla interiors…,1,True
UgzqYvdfh1pP9sWlhl94AaABAg.AGXlQ1W4cm1AHKtoFJ3m-z,comment,V0wtNI-rzSg,UgzqYvdfh1pP9sWlhl94AaABAg,True,@MaticTheProto,@ cultist,0,True
UgzqYvdfh1pP9sWlhl94AaABAg.AGXlQ1W4cm1AHP795ToWH7,comment,V0wtNI-rzSg,UgzqYvdfh1pP9sWlhl94AaABAg,True,@MandM_IMO,"Anything in BYD, LI, Expeg, Nio etc. is better than Tesla.",2,True
UgzqYvdfh1pP9sWlhl94AaABAg.AGXlQ1W4cm1AHTOaBmQRDe,comment,V0wtNI-rzSg,UgzqYvdfh1pP9sWlhl94AaABAg,True,@MylesAD,​@MaticTheProto my Tesla has a way better sound system than your dressed up Renault though.,4,True
UgzqYvdfh1pP9sWlhl94AaABAg.AGXlQ1W4cm1AHTQz82Gp5q,comment,V0wtNI-rzSg,UgzqYvdfh1pP9sWlhl94AaABAg,True,@MaticTheProto,"@MylesAD not really. Louder maybe. As loud and annoying as tesla owners perhaps.

Also only up to the 200 are renault engines used. 

So L bozo, come back when Dacia doesn’t surpass your cars quality",1,True
UgzqYvdfh1pP9sWlhl94AaABAg.AGXlQ1W4cm1AHTRV_xae2R,comment,V0wtNI-rzSg,UgzqYvdfh1pP9sWlhl94AaABAg,True,@MandM_IMO,@MylesAD  😄,0,True
UgzqYvdfh1pP9sWlhl94AaABAg.AGXlQ1W4cm1AHZeH-ST9Ul,comment,V0wtNI-rzSg,UgzqYvdfh1pP9sWlhl94AaABAg,True,@archangel7052,​​@baltimore1300 You saying BYD cannot afford leather upholstery??😅😅?😅?,0,True
UgzqYvdfh1pP9sWlhl94AaABAg.AGXlQ1W4cm1AH_5GqDAof0,comment,V0wtNI-rzSg,UgzqYvdfh1pP9sWlhl94AaABAg,True,@kaharuddinkolleng4927,actually testla pioneer in ev.. but byd and others completed what missing,0,True
UgzqYvdfh1pP9sWlhl94AaABAg.AGXlQ1W4cm1AHbnl2q0Lrg,comment,V0wtNI-rzSg,UgzqYvdfh1pP9sWlhl94AaABAg,True,@dawiser1,@baltimore1300hard cope 😂,0,True
UgzqYvdfh1pP9sWlhl94AaABAg.AGXlQ1W4cm1AHeNmGZWrqz,comment,V0wtNI-rzSg,UgzqYvdfh1pP9sWlhl94AaABAg,True,@Liteion,@baltimore1300just accept it that the chinese cars are better than the shitty tesla’s,1,True
UgzqYvdfh1pP9sWlhl94AaABAg.AGXlQ1W4cm1AHhuQhecZab,comment,V0wtNI-rzSg,UgzqYvdfh1pP9sWlhl94AaABAg,True,@rudybertazzo,It's like 10000x worse than a Tesla dude 😂,1,True
UgzqYvdfh1pP9sWlhl94AaABAg.AGXlQ1W4cm1AHhy_mFEgnr,comment,V0wtNI-rzSg,UgzqYvdfh1pP9sWlhl94AaABAg,True,@rsxteufel,your tesla is a piece of trash.  only stupid people buy tesla. oh BTW byd is the one supplies batteries to your tesla batteries.  when Warren buffet own 10% of byd he knows what company is better when come to ev.,0,True
UgzqYvdfh1pP9sWlhl94AaABAg.AGXlQ1W4cm1AHp4LI-9HZr,comment,V0wtNI-rzSg,UgzqYvdfh1pP9sWlhl94AaABAg,True,@kenzog5428,"Rubbish, much better then a tesla, what smell you on about?? ​@Matchupeechu87",0,True
UgzqYvdfh1pP9sWlhl94AaABAg.AGXlQ1W4cm1AHp8VMkpQxb,comment,V0wtNI-rzSg,UgzqYvdfh1pP9sWlhl94AaABAg,True,@mcherry8010,"​​​@tonyfisher1365wrong, Volkswagen EVs and somebothers aren't better than Teslas , but the Chinese ones are going to get better in some parts.
But Teslas system and software is top notch",0,True
UgzqYvdfh1pP9sWlhl94AaABAg.AGXlQ1W4cm1AHrxdev_nWn,comment,V0wtNI-rzSg,UgzqYvdfh1pP9sWlhl94AaABAg,True,@mazyata9958,This is what Tesla should've been. But the overpaid American labor and politic garbage would put this at least double in cost.,2,True
UgzqYvdfh1pP9sWlhl94AaABAg.AGXlQ1W4cm1AHxIjbTNtiJ,comment,V0wtNI-rzSg,UgzqYvdfh1pP9sWlhl94AaABAg,True,@happyjohn1656,​@baltimore1300who wants real leather though lol,0,True
UgzqYvdfh1pP9sWlhl94AaABAg.AGXlQ1W4cm1AHzcGemSCoo,comment,V0wtNI-rzSg,UgzqYvdfh1pP9sWlhl94AaABAg,True,@trancendedmindpalace,How?,1,True
UgzqYvdfh1pP9sWlhl94AaABAg.AGXlQ1W4cm1AI_t_aUTwNT,comment,V0wtNI-rzSg,UgzqYvdfh1pP9sWlhl94AaABAg,True,@sleepyearth,"Yea for this price range, tesla's interior seems cheap.",1,True
UgzqYvdfh1pP9sWlhl94AaABAg.AGXlQ1W4cm1AI_vfp_oFo7,comment,V0wtNI-rzSg,UgzqYvdfh1pP9sWlhl94AaABAg,True,@sleepyearth,"The problem is BYD is improving while tesla is still trying to sell it's worsening sw update to the public.
Tesla has dropped from Apple to Oppa status.
Normally isn't the norm here. Tesla is regressing and lagging behind the chinese car makers.
Byd makes its own battery, not tesla. Byd has created the world's fastest charging battery in a car. If it is adopted worldwide then tesla's super charge will slowly be left behind.",15,True
UgzqYvdfh1pP9sWlhl94AaABAg.AGXlQ1W4cm1AI_viv83g4g,comment,V0wtNI-rzSg,UgzqYvdfh1pP9sWlhl94AaABAg,True,@sleepyearth,​@Matchupeechu87tesla interior is cheap and smells too,0,True
UgzqYvdfh1pP9sWlhl94AaABAg.AGXlQ1W4cm1AI_vsRyOMbN,comment,V0wtNI-rzSg,UgzqYvdfh1pP9sWlhl94AaABAg,True,@sleepyearth,​@baltimore1300because it is real. I test drove model 3 and the cheap interior really turns me off.,0,True
UgzqYvdfh1pP9sWlhl94AaABAg.AGXlQ1W4cm1AIaJL2kzcJd,comment,V0wtNI-rzSg,UgzqYvdfh1pP9sWlhl94AaABAg,True,@baltimore1300,@sleepyearthso if you really think BYD has better interiors you are far away from the truth…you mistake minimalism with leak of quality,1,True
UgzqYvdfh1pP9sWlhl94AaABAg.AGXlQ1W4cm1AIciKSK13y1,comment,V0wtNI-rzSg,UgzqYvdfh1pP9sWlhl94AaABAg,True,@BenSuzi1980,Cuz Tesla is like the cheapest shit^^,1,True
UgzqYvdfh1pP9sWlhl94AaABAg.AGXlQ1W4cm1AIcnEbUuA8n,comment,V0wtNI-rzSg,UgzqYvdfh1pP9sWlhl94AaABAg,True,@baltimore1300,@BenSuzi1980as you like,0,True
UgzqYvdfh1pP9sWlhl94AaABAg.AGXlQ1W4cm1AIdH1E3olow,comment,V0wtNI-rzSg,UgzqYvdfh1pP9sWlhl94AaABAg,True,@marcolregina,"Tesla owner here. I'm so done with Tesla being shit at everything, except for the supercharger network and dog mode.",1,True
UgzqYvdfh1pP9sWlhl94AaABAg.AGXlQ1W4cm1AJ9XiuQWRPk,comment,V0wtNI-rzSg,UgzqYvdfh1pP9sWlhl94AaABAg,True,@ThatNorma,"@baltimore1300 mate shut the hell up seriously. As someone who has driven plenty of teslas and BYDs , yes the interiors are quite better than teslas. QUITE BETTER!",0,True
UgzqYvdfh1pP9sWlhl94AaABAg.AGXlQ1W4cm1AJMch9GTLgt,comment,V0wtNI-rzSg,UgzqYvdfh1pP9sWlhl94AaABAg,True,@freakgib,"Well, I recently had the option to choose a new lease car. I currently drive a 2020 Tesla Model 3 and I also test drove the BYD Seal. Honestly, I went a bit crazy with all the buttons in the BYD — way too much going on for my taste.

But the real deal-breaker? It doesn’t have one-pedal driving like the Tesla, and that’s something I really love. So... back to Tesla for me!

The updated Model 3 is great — looks nice, drives smooth, and it’s almost €10K cheaper here in the Netherlands compared to the BYD Seal. I can’t wait to get mine at the end of this month!

That said, I have to admit the BYD’s interior was pretty nice, and the big glass roof was impressive — almost like the one in the Model Y. But the Model 3 still wins it for me with more trunk space and a frunk. I’m not even sure if the BYD Seal has a frunk, but I often need all the storage space I can get.",3,True
UgzqYvdfh1pP9sWlhl94AaABAg.AGXlQ1W4cm1AJNqhW4EkHs,comment,V0wtNI-rzSg,UgzqYvdfh1pP9sWlhl94AaABAg,True,@Craig13321,"​I just got my M3 , you're going to love it! @freakgib",0,True
UgzqYvdfh1pP9sWlhl94AaABAg.AGXlQ1W4cm1AJR6s66Oeyd,comment,V0wtNI-rzSg,UgzqYvdfh1pP9sWlhl94AaABAg,True,@germanfisch,@Matchupeechu87 as if the sterile clinic you call a car is any better,1,True
UgzqYvdfh1pP9sWlhl94AaABAg.AGXlQ1W4cm1AJWO5Gcikm6,comment,V0wtNI-rzSg,UgzqYvdfh1pP9sWlhl94AaABAg,True,@wilsonbriggs1614,It's better for when you need to use the map.,1,True
UgzqYvdfh1pP9sWlhl94AaABAg.AGXlQ1W4cm1AK-DS1KjkQY,comment,V0wtNI-rzSg,UgzqYvdfh1pP9sWlhl94AaABAg,True,@LiesTerminator4,I won't buy a tesla..looks ugly and cheap,1,True
UgzqYvdfh1pP9sWlhl94AaABAg.AGXlQ1W4cm1AKDCGC8n61X,comment,V0wtNI-rzSg,UgzqYvdfh1pP9sWlhl94AaABAg,True,@Testpilotpirate,Just tried byd and tesla model y. Tesla is better.,3,True
UgzqYvdfh1pP9sWlhl94AaABAg.AGXlQ1W4cm1AKUq1mYy8iC,comment,V0wtNI-rzSg,UgzqYvdfh1pP9sWlhl94AaABAg,True,@darrenrodd.,"Tesla are shit full stop , it's all slowing down now at tesla numbers well down pmsl",0,True
UgzqYvdfh1pP9sWlhl94AaABAg.AGXlQ1W4cm1AK_8ZpP0Y_1,comment,V0wtNI-rzSg,UgzqYvdfh1pP9sWlhl94AaABAg,True,@bobrodriguez3651,And you are damn right sir.,0,True
UgzqYvdfh1pP9sWlhl94AaABAg.AGXlQ1W4cm1AL23xizb6i7,comment,V0wtNI-rzSg,UgzqYvdfh1pP9sWlhl94AaABAg,True,@Medhansh-x6c,"​@TheComputecIt does not have plastic seats,maybe see where you get your info next time",0,True
UgzqYvdfh1pP9sWlhl94AaABAg.AGXlQ1W4cm1AL26pnpRGtC,comment,V0wtNI-rzSg,UgzqYvdfh1pP9sWlhl94AaABAg,True,@TheComputec,"@Medhansh-x6cyou think Tesla’s have real leather seats?  Let me just reaffirm this to you…

TESLA CARS… EVERY MODEL INCLUDING THE MODEL S HAVE PLASTIC SEATS

They call it vegan leather… it is synthetic it did not come from a cow

How do you NOT know this. It really isn’t a secret. You have made a fool of yourself",0,True
UgzqYvdfh1pP9sWlhl94AaABAg.AGXlQ1W4cm1ALCSnV8eYFy,comment,V0wtNI-rzSg,UgzqYvdfh1pP9sWlhl94AaABAg,True,@TM3PnrbringRecord,"Car tester here: I tested both the Tesla Model 3 and Y (I own a M3P myself) compared to the BYD Seal and Sealion and the interior feels much cheaper and prone to break in the BYDs. Tesla's interiors last ages before they show any damage. Despite all that, Teslas are cheaper, have better autonomy, better quality of exterior, better design, YOU CAN'T SEE THE PIXELS ON THEIR SCREENS, yes it doesn't have android auto or carplay but it has its own data network system which is much better and should be implemented in all other cars.
You don't know how many people were hating on my car until I took em on a ride and showed them that Teslas/EVs have an actual purpose and they are GOOD. Whoever keeps saying otherwise are sheep and have never been in one to tell you the truth.",6,True
UgzqYvdfh1pP9sWlhl94AaABAg.AGXlQ1W4cm1ALCklIEawO3,comment,V0wtNI-rzSg,UgzqYvdfh1pP9sWlhl94AaABAg,True,@TheComputec,@MaticTheProtoyou think plastic made out of oil is less polluting than natural animal skin. Do they not have an education system in your country?,0,True
UgzqYvdfh1pP9sWlhl94AaABAg.AGXlQ1W4cm1ALCuOlOSIan,comment,V0wtNI-rzSg,UgzqYvdfh1pP9sWlhl94AaABAg,True,@MaticTheProto,"@TheComputecyes, which is why I look at actual studies unlike you 😊

But hey, it’s never too late to stop being a wannabe smartass caveman 😘",0,True
UgzqYvdfh1pP9sWlhl94AaABAg.AGXlQ1W4cm1ALHF56qFw6Q,comment,V0wtNI-rzSg,UgzqYvdfh1pP9sWlhl94AaABAg,True,@belinhobeli9569,Better in that? Looking better? Maybe. But quality? Tesla has good quality inside now.,0,True
UgzqYvdfh1pP9sWlhl94AaABAg.AGXlQ1W4cm1ALHQLmQ3a3I,comment,V0wtNI-rzSg,UgzqYvdfh1pP9sWlhl94AaABAg,True,@MaticTheProto,@belinhobeli9569haha no. Stop lickkng elons boots,0,True
UgzqYvdfh1pP9sWlhl94AaABAg.AGXlQ1W4cm1ALZ4XSYcN27,comment,V0wtNI-rzSg,UgzqYvdfh1pP9sWlhl94AaABAg,True,@thehiatusprt,Tesla is supouse to be minimalist style on interior. So it does that very well,0,True
UgzqYvdfh1pP9sWlhl94AaABAg.AGXlQ1W4cm1ALZNEu1MDB4,comment,V0wtNI-rzSg,UgzqYvdfh1pP9sWlhl94AaABAg,True,@MaticTheProto,"@thehiatusprtno, tesla convinced sheep like you that maximum budget cuts are desirable",1,True
UgzqYvdfh1pP9sWlhl94AaABAg.AGXlQ1W4cm1ALpR2lEStni,comment,V0wtNI-rzSg,UgzqYvdfh1pP9sWlhl94AaABAg,True,@KwanRay-g3r,"Agree, driven both. Seal Performance (feels like a German car if not better) handles better and is powerfully smoother than the Model 3 which handles like a go kart in comparison",0,True
UgzqYvdfh1pP9sWlhl94AaABAg.AGXlQ1W4cm1AM0MZQisJuV,comment,V0wtNI-rzSg,UgzqYvdfh1pP9sWlhl94AaABAg,True,@bilboriches7216,"You are not a Tesla owner or you have a budget Tesla wannabe like model 3 or Y. 
After model S this BYD feels cheap.",0,True
UgzqYvdfh1pP9sWlhl94AaABAg.AGXlQ1W4cm1AM0qRMzQg6W,comment,V0wtNI-rzSg,UgzqYvdfh1pP9sWlhl94AaABAg,True,@MaticTheProto,"@bilboriches7216lmaoooo maybe bc the seal is half the price? 

The model s is so good that nobody buys it 😂

Literally id rather have the EQS AMG",0,True
UgzqYvdfh1pP9sWlhl94AaABAg.AGXlQ1W4cm1AM0vCn_vxGU,comment,V0wtNI-rzSg,UgzqYvdfh1pP9sWlhl94AaABAg,True,@bilboriches7216,​​@MaticTheProtoNobody buys model S is like nonody buys BMW 7 series,0,True
UgzqYvdfh1pP9sWlhl94AaABAg.AGXlQ1W4cm1AM0w6Y9nN4v,comment,V0wtNI-rzSg,UgzqYvdfh1pP9sWlhl94AaABAg,True,@MaticTheProto,@bilboriches7216nah i saw plenty 7s around,0,True
UgzqYvdfh1pP9sWlhl94AaABAg.AGXlQ1W4cm1AM3DO7YkE6E,comment,V0wtNI-rzSg,UgzqYvdfh1pP9sWlhl94AaABAg,True,@hounamao7140,"@Matchupeechu87 While I love tesla, let's not lie to ourselves. Tesla interior is like a fisherprice. You clearly never tried byd if you think it looks cheap.",1,True
UgzqYvdfh1pP9sWlhl94AaABAg.AGXlQ1W4cm1AM3DX2QNBNJ,comment,V0wtNI-rzSg,UgzqYvdfh1pP9sWlhl94AaABAg,True,@hounamao7140,@davesthrowawayacc1162 Americans usually put everything into horsepower and nothing in the interior. Which is why we stick to European cars in europe. Interior matters.,0,True
UgzqYvdfh1pP9sWlhl94AaABAg.AGXlQ1W4cm1AMBE6qwthoj,comment,V0wtNI-rzSg,UgzqYvdfh1pP9sWlhl94AaABAg,True,@AwangAwe,"Most will buy on the price. Like most products from China, they make it cheaper first than their rival. When the  conquer the market, they will increase the price",0,True
UgzqYvdfh1pP9sWlhl94AaABAg.AGXlQ1W4cm1AMDHqhGqXr_,comment,V0wtNI-rzSg,UgzqYvdfh1pP9sWlhl94AaABAg,True,@hounamao7140,"@AwangAweits more expensive than tesla, i bought because its better, not cheaper",1,True
UgzqYvdfh1pP9sWlhl94AaABAg.AGXlQ1W4cm1AMDX8wTmdTX,comment,V0wtNI-rzSg,UgzqYvdfh1pP9sWlhl94AaABAg,True,@AwangAwe,"​@hounamao7140Not in Asia, BYD is more cheaper than Tesla",0,True
UgzqYvdfh1pP9sWlhl94AaABAg.AGXlQ1W4cm1AMYKkLdvtjN,comment,V0wtNI-rzSg,UgzqYvdfh1pP9sWlhl94AaABAg,True,@jothamsingh4109,"I get byd’s interiors are not the best, but comparing to ur tesla?? Bit much ehh?.",0,True
UgzqYvdfh1pP9sWlhl94AaABAg.AGXlQ1W4cm1AMoqBw8Ygbo,comment,V0wtNI-rzSg,UgzqYvdfh1pP9sWlhl94AaABAg,True,@sithasl,Fr,0,True
UgzqYvdfh1pP9sWlhl94AaABAg.AGXlQ1W4cm1AMrWx1ra_26,comment,V0wtNI-rzSg,UgzqYvdfh1pP9sWlhl94AaABAg,True,@philips170t,"Tesla minimalist design language comes with a foresight. Which is to remove bell and whistle in common car as much as possible, Tesla goal is to remove the driver, they will remove the steering wheel if they can. To get you comfortable for this era, they give you a yoke for a start. :)",1,True
UgzqYvdfh1pP9sWlhl94AaABAg.AGXlQ1W4cm1ANumga37qp7,comment,V0wtNI-rzSg,UgzqYvdfh1pP9sWlhl94AaABAg,True,@JRussellxx,Paint is better too xD,0,True
UgzqYvdfh1pP9sWlhl94AaABAg.AGXlQ1W4cm1ANumn4pkrYp,comment,V0wtNI-rzSg,UgzqYvdfh1pP9sWlhl94AaABAg,True,@JRussellxx,​@friedrichmatthies6065what abou the paint? Is it better?,0,True
UgzqYvdfh1pP9sWlhl94AaABAg.AGXlQ1W4cm1ANuxIHdOUPT,comment,V0wtNI-rzSg,UgzqYvdfh1pP9sWlhl94AaABAg,True,@friedrichmatthies6065,"​@Matchupeechu87i have been in many Teslas bith test driving and in Ubers.  And i have been in many BYDs in Thailand with Grab (their Uber).  Exterior is much nicer in BYD and interior is INFINITELY BETTER with BYD.  Tesla is just low quality body & interior, although some technology is amazing. I test drove model s  Plaid and taycan turbo s.....no comparison.  Plaid iss over powered car on crappy suspension and steering...OBVIOUSLY  bought the tsycan!!",0,True
UgzqYvdfh1pP9sWlhl94AaABAg.AGXlQ1W4cm1ANuxk3M0V55,comment,V0wtNI-rzSg,UgzqYvdfh1pP9sWlhl94AaABAg,True,@friedrichmatthies6065,"​@philips170ttesla has all the bells and whistles in the iPad you use to drive the car.  But the interior SCREAMS CHEAP CHEAP CHEAP.   I am not against minimalism, but maybe i am against cheapness....i mean cheap material than a chinese made byd??,   come on!.... Maybe I am against minimalism.... I hate the fact that on my porsche Taycan I have to control air conditioning on a touchpad rather than just grabbing a knob quickly... its plain stupid and impractical!!!",1,True
UgzqYvdfh1pP9sWlhl94AaABAg.AGXlQ1W4cm1ANxgaqHe7w5,comment,V0wtNI-rzSg,UgzqYvdfh1pP9sWlhl94AaABAg,True,@philips170t,@friedrichmatthies6065cheap interior? Agreed.,2,True
UgzqYvdfh1pP9sWlhl94AaABAg.AGXlQ1W4cm1AO12WZsZYuS,comment,V0wtNI-rzSg,UgzqYvdfh1pP9sWlhl94AaABAg,True,@someguycalledcerberus9805,"And has a HUD!

...It's also more expensive (than a Model 3) and has worse software. Which is a shame.",0,True
UgzqYvdfh1pP9sWlhl94AaABAg.AGXlQ1W4cm1AOBsaPK4Sbq,comment,V0wtNI-rzSg,UgzqYvdfh1pP9sWlhl94AaABAg,True,@NobroNo-j7v,Tesla’s rule,1,True
UgzqYvdfh1pP9sWlhl94AaABAg.AGXlQ1W4cm1AOBu-Jh_s4s,comment,V0wtNI-rzSg,UgzqYvdfh1pP9sWlhl94AaABAg,True,@friedrichmatthies6065,"​@NobroNo-j7vyeah....in Germany tesla sales fell by 55% in 2025 compared to 2024...😂😂😂😂😂
Thanks to elon Nazi salute and support of AfD in Germany.  How does Tesla rule  by collapsing...😂😂😂😂",0,True
UgzqYvdfh1pP9sWlhl94AaABAg.AGXlQ1W4cm1AORKcyORf6U,comment,V0wtNI-rzSg,UgzqYvdfh1pP9sWlhl94AaABAg,True,@dimiberberu,@baltimore1300 Apple is best for marketing hype & worst for vaue per features ;) Same for Tesla,0,True
UgzqYvdfh1pP9sWlhl94AaABAg.AGXlQ1W4cm1AOTYUL6aTlI,comment,V0wtNI-rzSg,UgzqYvdfh1pP9sWlhl94AaABAg,True,@hondakeuh1,Yes interior very nice ! But the byd sealion 7 droves like shit compared to a tesla model y.. so I order the model y performance.,0,True
UgzqYvdfh1pP9sWlhl94AaABAg.AGXlQ1W4cm1AQUOlAR67Zi,comment,V0wtNI-rzSg,UgzqYvdfh1pP9sWlhl94AaABAg,True,@Jjeveretrose52,@tonyfisher1365 what about a citroen?,0,True
UgzqYvdfh1pP9sWlhl94AaABAg.AGXlQ1W4cm1AQlFN2tV66K,comment,V0wtNI-rzSg,UgzqYvdfh1pP9sWlhl94AaABAg,True,@bombatvllve,"Interior and quality of everything is better in BYD, and in particular the fit of parts and attention to detail, Tesla fills like cheap crap I have drive one",1,True
UgzqYvdfh1pP9sWlhl94AaABAg.AGXlQ1W4cm1AR_csDO7Any,comment,V0wtNI-rzSg,UgzqYvdfh1pP9sWlhl94AaABAg,True,@JClap,@MaticTheProtodamn bro you definitely thought you cooked with this one.,0,True
UgzqYvdfh1pP9sWlhl94AaABAg.AGXlQ1W4cm1ARanHFyue_n,comment,V0wtNI-rzSg,UgzqYvdfh1pP9sWlhl94AaABAg,True,@MaticTheProto,@JClapI did.,0,True
UgzqYvdfh1pP9sWlhl94AaABAg.AGXlQ1W4cm1ASJxWFKQFAw,comment,V0wtNI-rzSg,UgzqYvdfh1pP9sWlhl94AaABAg,True,@Panardo777,"I’ve been driving a BYD Seal AWD for two years (70,000 km), and my brother owns an older Model Y. The BYD still feels brand new, with outstanding build and material quality, while the Tesla clearly shows its age.",0,True
UgzqYvdfh1pP9sWlhl94AaABAg.AGXlQ1W4cm1ATpRS-RrdCT,comment,V0wtNI-rzSg,UgzqYvdfh1pP9sWlhl94AaABAg,True,@DonOchetti,"What do you not like about Tesla? I doubt you do own one, you wouldn't say that otherwise. Nothing else really comes close in my opinion. The BYD looks nice, but Teslas pack a punch and are still going strong years later, unlike all the Byd's in scrap yards falling to bits.",2,True
UgzqYvdfh1pP9sWlhl94AaABAg.AGXlQ1W4cm1ATpRj78_F5j,comment,V0wtNI-rzSg,UgzqYvdfh1pP9sWlhl94AaABAg,True,@DonOchetti,"​@friedrichmatthies6065Oh no you got played into a taycan, I feel for you bud.",0,True
UgzqYvdfh1pP9sWlhl94AaABAg.AGXlQ1W4cm1ATpRuh5GLey,comment,V0wtNI-rzSg,UgzqYvdfh1pP9sWlhl94AaABAg,True,@DonOchetti,​@hounamao7140BYD is a cheaper car than Tesla and Tesla is still the superior car by quite a long way as of now.,0,True
UgzqYvdfh1pP9sWlhl94AaABAg.AGXlQ1W4cm1ATpS9sYDYTU,comment,V0wtNI-rzSg,UgzqYvdfh1pP9sWlhl94AaABAg,True,@DonOchetti,"​@TM3PnrbringRecordSpot on my friend. It's called the Tesla effect, people who have never driven one follow politics like sheep. Once they drive one, especially the performance model that all changes very quickly. Amazing cars.",1,True
UgzqYvdfh1pP9sWlhl94AaABAg.AGXlQ1W4cm1ATpSFM2eZM1,comment,V0wtNI-rzSg,UgzqYvdfh1pP9sWlhl94AaABAg,True,@DonOchetti,​@mcherry8010VW EV better than Tesla? Pwahahaha please,0,True
UgzqYvdfh1pP9sWlhl94AaABAg.AGXlQ1W4cm1ATpSZ6lttZv,comment,V0wtNI-rzSg,UgzqYvdfh1pP9sWlhl94AaABAg,True,@DonOchetti,​@friedrichmatthies6065And you follow what you hear like a sheep. Yes we gathered that 😅,0,True
UgzqYvdfh1pP9sWlhl94AaABAg.AGXlQ1W4cm1ATp_QaQ9DZG,comment,V0wtNI-rzSg,UgzqYvdfh1pP9sWlhl94AaABAg,True,@friedrichmatthies6065,"​@DonOchettithe one running like sheep are the MAGAts of America....😂😂😂😂😂😂
Whatever theie dear leaders says....😂😂😂",0,True
UgzqYvdfh1pP9sWlhl94AaABAg.AGXlQ1W4cm1ATphYJ8tN52,comment,V0wtNI-rzSg,UgzqYvdfh1pP9sWlhl94AaABAg,True,@mcherry8010,"​@DonOchettino, they aren't, of course.
Type correction incoming",0,True
UgzqYvdfh1pP9sWlhl94AaABAg.AGXlQ1W4cm1ATrH6OM_4K6,comment,V0wtNI-rzSg,UgzqYvdfh1pP9sWlhl94AaABAg,True,@hounamao7140,"@DonOchettiwell well, go and drive both, you’ll see for yourself. I saw. And I bought byd.",2,True
UgzqYvdfh1pP9sWlhl94AaABAg.AGXlQ1W4cm1ATrTzIHaSXM,comment,V0wtNI-rzSg,UgzqYvdfh1pP9sWlhl94AaABAg,True,@DonOchetti,"​@hounamao7140I did, I found Tesla the much superior car. The software and build is way beyond BYD, BYD feels like those cheap Chinese cell phones, buggy and laggy. If you're going for the performance models you would have gone Tesla too, the BYD is soft and limp.",0,True
UgzqYvdfh1pP9sWlhl94AaABAg.AGXlQ1W4cm1ATrkZypAi6l,comment,V0wtNI-rzSg,UgzqYvdfh1pP9sWlhl94AaABAg,True,@hounamao7140,"@DonOchetti don't know what you are talking about, also most people use applecar, which you cannot do in a Tesla. The fact that you stop at this detail rather than the car itself, the luxurious interior, the much better battery, the much nicer colors, cameras on both back and front wheels, cooling seats, overall comfort on top of the fact that the performance is on par with a tesla engine.
On the other hand tesla interior are breaking apart, plastic is cheap, the steerwheel ""leather"" peels off after a few uses, the battery isnt supposed to be charged more than 80% etc.",1,True
UgzqYvdfh1pP9sWlhl94AaABAg.AGXlQ1W4cm1ATssnR0ry-1,comment,V0wtNI-rzSg,UgzqYvdfh1pP9sWlhl94AaABAg,True,@miharijavec4605,@hondakeuh1lol,0,True
UgzqYvdfh1pP9sWlhl94AaABAg.AGXlQ1W4cm1AUclsJ8T3SN,comment,V0wtNI-rzSg,UgzqYvdfh1pP9sWlhl94AaABAg,True,@waldibar4096,"Certainly, Tesla ist just 4 wheels and an IPad. Nearly every car is better equipped internally compared to a Tesla .",0,True
UgzqYvdfh1pP9sWlhl94AaABAg.AGXlQ1W4cm1AUcmWgt0fqp,comment,V0wtNI-rzSg,UgzqYvdfh1pP9sWlhl94AaABAg,True,@DonOchetti,"​@waldibar4096how, explain please",0,True
UgzqYvdfh1pP9sWlhl94AaABAg.AGXlQ1W4cm1AV5A3DPoJsW,comment,V0wtNI-rzSg,UgzqYvdfh1pP9sWlhl94AaABAg,True,@mike5243-p6p,​@hounamao7140me too,0,True
UgzqYvdfh1pP9sWlhl94AaABAg.AGXlQ1W4cm1AVLhXGEt4F-,comment,V0wtNI-rzSg,UgzqYvdfh1pP9sWlhl94AaABAg,True,@robertlynas3753,​@orwellianyoutube8978you nailed it  lol,3,True
UgzqYvdfh1pP9sWlhl94AaABAg.AGXlQ1W4cm1AVLhcMffPJi,comment,V0wtNI-rzSg,UgzqYvdfh1pP9sWlhl94AaABAg,True,@robertlynas3753,Is byd chinese version of tesla ?,0,True
UgzqYvdfh1pP9sWlhl94AaABAg.AGXlQ1W4cm1AVP9r0xBnux,comment,V0wtNI-rzSg,UgzqYvdfh1pP9sWlhl94AaABAg,True,@MyNameIsPetch,really? it looks tacky,0,True
UgzqYvdfh1pP9sWlhl94AaABAg.AGXlQ1W4cm1AVuO-mULI8A,comment,V0wtNI-rzSg,UgzqYvdfh1pP9sWlhl94AaABAg,True,@tiziu300,Tesla is an old school EV,0,True
UgzqYvdfh1pP9sWlhl94AaABAg.AGXlQ1W4cm1AWt9FcvvS-J,comment,V0wtNI-rzSg,UgzqYvdfh1pP9sWlhl94AaABAg,True,@ASvanRandwijck,Rotating screens are ok but first I'd like to see the first Seal pass the 700.000km  limit without any major issues. There are tons of Teslas out there that did this and for me that is more relevant than a rotating screen.,0,True
UgzqYvdfh1pP9sWlhl94AaABAg.AGXlQ1W4cm1AXfackY5jzY,comment,V0wtNI-rzSg,UgzqYvdfh1pP9sWlhl94AaABAg,True,@nicolasreyrolle2938,"very subjective. Tried one Dolphin, and that looked very plastic to me, much more than my highland. However, I have been in one (no idea which trim it was) in the shop, and the seats were amazingly comfy.",1,True
UgzqYvdfh1pP9sWlhl94AaABAg.AGXlQ1W4cm1AY71jHXKSyC,comment,V0wtNI-rzSg,UgzqYvdfh1pP9sWlhl94AaABAg,True,@sparkyUK,Sitting in front of a load of bricks is more interesting than being in a Tesla.,0,True
UgzqYvdfh1pP9sWlhl94AaABAg.AGXlQ1W4cm1AY99V8UlYgB,comment,V0wtNI-rzSg,UgzqYvdfh1pP9sWlhl94AaABAg,True,@nicolasreyrolle2938,@sparkyUK If you think being in any car is interesting... you should try books one day,0,True
UgzqYvdfh1pP9sWlhl94AaABAg.AGXlQ1W4cm1AY9czq2xJo0,comment,V0wtNI-rzSg,UgzqYvdfh1pP9sWlhl94AaABAg,True,@sparkyUK,@nicolasreyrolle2938 Books are dull.,0,True
UgzqYvdfh1pP9sWlhl94AaABAg.AGXlQ1W4cm1AY9hTYWMA-4,comment,V0wtNI-rzSg,UgzqYvdfh1pP9sWlhl94AaABAg,True,@nicolasreyrolle2938,@sparkyUK That explains a lot,0,True
UgzqYvdfh1pP9sWlhl94AaABAg.AGXlQ1W4cm1AYAWNDa1VV6,comment,V0wtNI-rzSg,UgzqYvdfh1pP9sWlhl94AaABAg,True,@sparkyUK,"@nicolasreyrolle2938 it explains nothing, you're attempting to appear more intellectual but it's failing.",0,True
UgzqYvdfh1pP9sWlhl94AaABAg.AGXlQ1W4cm1AYDg5IpdaOx,comment,V0wtNI-rzSg,UgzqYvdfh1pP9sWlhl94AaABAg,True,@litesp,@mazyata9958  Many Teslas are made in China.  Elon just gets to keep more profit.,0,True
UgwpEXc695-0FzIoFax4AaABAg,comment,V0wtNI-rzSg,,False,@direcway2002,Looks very Chinese 😥,0,True
UgwvplFXAzQfpryaPhN4AaABAg,comment,V0wtNI-rzSg,,False,@sypoth,"It also has a few other super secret features not listed here. But you have to hit a speed bump or try and drive it a little to discover them. Who knows, you might get lucky and unlock one at the charging station.",0,True
UgxAjFCHgFPmesPX_Pp4AaABAg,comment,V0wtNI-rzSg,,False,@christophermo13,Multimedia still looks like outdated Chinese smartphone.,0,True
UgzE2C6hR77ZaSrTAEx4AaABAg,comment,V0wtNI-rzSg,,False,@SirRommy,👍 just for NOT using annoying subtitles!,0,True
Ugx2WAfKy_SBYMzn0td4AaABAg,comment,V0wtNI-rzSg,,False,@andresvaldevit3692,How many things can go wrong…,0,True
UgzYWPv-pgCZZ1t1Cqd4AaABAg,comment,V0wtNI-rzSg,,False,@Shimeih,Almost thought bro was in a GTA garage 😮😂,2,True
UgxsBh02LLnw9wzbjy94AaABAg,comment,V0wtNI-rzSg,,False,@plauze82,It is forbidden to use a mobile while driving. But i am allowed to scroll around on that big ass screen!?,0,True
UgxAnCCO_oAVcMJx7ZZ4AaABAg,comment,V0wtNI-rzSg,,False,@keinlieb3818,"BYD has come under fire from safety testers after its Atto 3 was given one of the lowest scores in the latest round of Euro NCAP driver-assistance tests.

Good luck with your Chinese car. Especially after seeing that building in Thailand fall. Chinese love cutting corners.",13,True
UgxAnCCO_oAVcMJx7ZZ4AaABAg.AGXV-Kcpar5AGh_kI_ICvL,comment,V0wtNI-rzSg,UgxAnCCO_oAVcMJx7ZZ4AaABAg,True,@randompseudonym4519,"Okay, Elon. 😂",5,True
UgxAnCCO_oAVcMJx7ZZ4AaABAg.AGXV-Kcpar5AGt_t-JCa1Q,comment,V0wtNI-rzSg,UgxAnCCO_oAVcMJx7ZZ4AaABAg,True,@huahinservice,as good as all other manufacturers of laptops on wheels.,1,True
UgxAnCCO_oAVcMJx7ZZ4AaABAg.AGXV-Kcpar5AI9sP6JHFKH,comment,V0wtNI-rzSg,UgxAnCCO_oAVcMJx7ZZ4AaABAg,True,@wz8647,"Continue to maintain your awareness, and for your own safety I hope you will not use any products related to China for the rest of your life.",1,True
UgxAnCCO_oAVcMJx7ZZ4AaABAg.AGXV-Kcpar5AIGnG4lE9-N,comment,V0wtNI-rzSg,UgxAnCCO_oAVcMJx7ZZ4AaABAg,True,@mingc4698,Driver assistance test meaning? self driving mode?,0,True
UgxAnCCO_oAVcMJx7ZZ4AaABAg.AGXV-Kcpar5AIQOEFhQRHW,comment,V0wtNI-rzSg,UgxAnCCO_oAVcMJx7ZZ4AaABAg,True,@miki-wong836,🤣👉💔,0,True
UgxAnCCO_oAVcMJx7ZZ4AaABAg.AGXV-Kcpar5AIQOpkj6_g9,comment,V0wtNI-rzSg,UgxAnCCO_oAVcMJx7ZZ4AaABAg,True,@miki-wong836,"Yes, I like to cut corners, but I still sell them to so many countries, and now I surpass Tesla, and the new energy vehicles sell the most. There are so many fools who will buy it.😅",3,True
UgxAnCCO_oAVcMJx7ZZ4AaABAg.AGXV-Kcpar5AL7VwUy00PQ,comment,V0wtNI-rzSg,UgxAnCCO_oAVcMJx7ZZ4AaABAg,True,@wanderingstar-II,"​@wz8647 you can't. Even your phone is probably made in China, your microwave, etc. Even iPhone are built in China.",2,True
UgxTDd3YsHHMw3sRSzJ4AaABAg,comment,V0wtNI-rzSg,,False,@gopalkalimuthu1984,The screen rotates will stop work within an year,0,True
UgxRM_y7UNaVVnGJRZZ4AaABAg,comment,V0wtNI-rzSg,,False,@jaydenyeoh3054,I love to see BYD dancing on the road,1,True
UgxjLfSHOq-ZC2y2BsB4AaABAg,comment,V0wtNI-rzSg,,False,@royster3345,"Great, rotate and block part of your view forward.",0,True
UgzqdiCT1OrpbiZEbOZ4AaABAg,comment,V0wtNI-rzSg,,False,@beezus3051,"This has been done before 😂 
Stick to supercars, you’re out of touch for the normal everyday guy.",1,True
UgxLTJaWPqD_YSr76_J4AaABAg,comment,V0wtNI-rzSg,,False,@stevendavies3563,Why,0,True
UgwzBdgx3ytxS8xeCht4AaABAg,comment,V0wtNI-rzSg,,False,@emi-qf8sq,"If I’m dropping 50k, I want a driver’s car— an experience, not a glorified tablet on wheels. A rotating screen is okay, but I’d take a beat-up $3k manual over a rolling robot any day.",0,True
UgyfhLt1Ki0n9QJ-o3t4AaABAg,comment,V0wtNI-rzSg,,False,@dantuck6551,"How is that not a distraction to the driver...you get punished for using your mobile phone yet can have a massive rotating fucking screen to play with 😂 hate all this digital crap, give me dials and switches all day long",0,True
UgyyRvG2KIwojR7n8pp4AaABAg,comment,V0wtNI-rzSg,,False,@Yernie369,Child rape car,0,True
Ugw4pI60fTpjdxgIUJF4AaABAg,comment,V0wtNI-rzSg,,False,@Mundaneinthemembrane-uf1jq,In ovva tive???,0,True
UgzLPD8Cp-NvfRvzlrl4AaABAg,comment,V0wtNI-rzSg,,False,@nanookmoose,Rather not have a screen at all. And a V8.,0,True
UgyqPB-xdpsXCUX5Lv14AaABAg,comment,V0wtNI-rzSg,,False,@Xarnos1,You’re easily impressed lol,0,True
UgxcJJtRICFtFFjhx0d4AaABAg,comment,V0wtNI-rzSg,,False,@scbond,That pronunciation of “innovative” is fucking atrocious 😂,0,True
Ugz1gKr1BLNsBb_aj5d4AaABAg,comment,V0wtNI-rzSg,,False,@MikasK-r1e,Les chinois savent innover 🎉,0,True
Ugz7EZror_5-CvuWfil4AaABAg,comment,V0wtNI-rzSg,,False,@chrismatorium8993,"He is lucky it was you who confronted him instead of Mark Streigl, though I believe both of you can f*ck Vitaly up.",0,True
UgwccpNDb6wA48Eh9yx4AaABAg,comment,V0wtNI-rzSg,,False,@mick2d2,"Spin it round so it blocks your view. Yes, that’s really innovative! Duh!",0,True
UgxymF507WDdOgt1Qs14AaABAg,comment,V0wtNI-rzSg,,False,@VictorFernandes-q9o,Why do you needs a table on your car? Do you even enjoy driving at all?,0,True
UgzvlEMOBj3Vd8TfCMt4AaABAg,comment,V0wtNI-rzSg,,False,@lassmirandadennsiewillja3943,remember to not watch the road while driving,0,True
Ugy7jjtK1Tp8zSdcibt4AaABAg,comment,V0wtNI-rzSg,,False,@stevefitchett6193,Except the fisker does this as well.,0,True
Ugx9AvVCLIh2t4MpOL14AaABAg,comment,V0wtNI-rzSg,,False,@sotacek,Most important to have in car 😂😂😂,0,True
Ugx53xhtJm6O5nZ-PMp4AaABAg,comment,V0wtNI-rzSg,,False,@crynomancer,Another untrustworthy Chinese EV,0,True
UgzsUVR4s92n46OcaNx4AaABAg,comment,V0wtNI-rzSg,,False,@aidanflood7979,Gets excited by a screen rotating ffs,0,True
UgwP_yD9_8lQm_hsXp94AaABAg,comment,V0wtNI-rzSg,,False,@sebulbathx,"The car cockpit goes more towards airplane cockpits and especially if it continues this way it will def look like an airplane cockpit. It's funny how many functions and gadgets cars have nowadays yet they are assumed ""easier"" to manage and handle. Doesn't make any sense.",0,True
UgzYtXob2rA-WZsgRY14AaABAg,comment,V0wtNI-rzSg,,False,@fujowpaiyingjowpai2885,Where can I get one. No way in hell I am buying a Tesla,0,True
UgzuPPm5Q9nRw7CLVLZ4AaABAg,comment,V0wtNI-rzSg,,False,@iancadwallender9779,"Just under £50,000...wow thanks..I will 2 please.Not all of us are loaded",0,True
UgwGdQhe2UJbjriSiDN4AaABAg,comment,V0wtNI-rzSg,,False,@konmoe121,What about data security?,0,True
UgyPi8CmIqhM1lbDEsh4AaABAg,comment,V0wtNI-rzSg,,False,@ItsGerriJ,"So predictable. I think it's kind of lame. My tablet is bigger, and I could put it in my 15 year old car. 🤷🏻‍♂️",0,True
Ugxo9FmtM4jToz1burp4AaABAg,comment,V0wtNI-rzSg,,False,@DDbbkyujb,They catch fire to also company is almost bankrupt so sure mate,0,True
Ugx-kotwSqMnt63fjcB4AaABAg,comment,V0wtNI-rzSg,,False,@lemmetellyousomething679,I can pop in all of these features in my ranger for 200 bux,0,True
Ugyaz1CfR157awsPj0t4AaABAg,comment,V0wtNI-rzSg,,False,@paocastillo7529,Americans still in dark ages of car tech,0,True
UgwXp2ZrUcI7e8JVOax4AaABAg,comment,V0wtNI-rzSg,,False,@thatboiithando7054,Trash,0,True
Ugz9vc54qpowB8PY02p4AaABAg,comment,V0wtNI-rzSg,,False,@ItsJonesTheCat,💩 car,0,True
UgxnLoE5cRp2jR_g-st4AaABAg,comment,V0wtNI-rzSg,,False,@Factsfun-kg4xc,BYD needs to stop putting that ugly Logo on the steering wheel!,0,True
UgwiSCS04KyzjAm3U8p4AaABAg,comment,V0wtNI-rzSg,,False,@sumptingfrickedd,"*Presses button*:
(Tablet screen rotates)

This guy:
This is inn-OVA-tive!

Me:
WTF did he just say?",0,True
Ugy0DzpLK3AyGjcDpn14AaABAg,comment,V0wtNI-rzSg,,False,@ashCKM,"still bullshit, tablets should be banned. Not only everyone who has any brain knows it is inconvinient but also been proven dangerous",0,True
UgxN488-4Jc1EuO3VWt4AaABAg,comment,V0wtNI-rzSg,,False,@youwantsumfuk,It’s going to catch on fire randomly,0,True
UgxV1ufV6anlJoKBKSt4AaABAg,comment,V0wtNI-rzSg,,False,@billybirdy9507,"Tesla was great 5-10 years ago, but BYD has totally taken over. They are great cars the Shark is an amazing ute.",0,True
Ugy7qnPmo3NVKEBZ2rF4AaABAg,comment,V0wtNI-rzSg,,False,@laughitout1331,I have this car and my 4yrs old son just pull this screen off. The screen is cheap the appearance of the software design is like what you get on those cheap tablet or phone that is made in china. And the most funny thing is the customer service doesn't care. 😂😂😂,0,True
UgyiCDouXdReQsOLpaB4AaABAg,comment,V0wtNI-rzSg,,False,@BeatNoctryx,"What's the suspension like?, because I'm I'm. Selling. My Tesla model 3, I thought it was a good idea, and it is very fast, But the ride is very harsh to say the least I'm not particularly comfortable, especially if you're a dude like me? Any advice would be greatly appreciated. I'm just looking for comfortability as well as performance",6,True
UgyiCDouXdReQsOLpaB4AaABAg.AGWUhTcmR9cAGZlW05gtcc,comment,V0wtNI-rzSg,UgyiCDouXdReQsOLpaB4AaABAg,True,@Udon74,"its stiff but comfortable, its limited at 180km/h so less worry abt safety",0,True
UgxaljiVmkXbfMiqTUZ4AaABAg,comment,V0wtNI-rzSg,,False,@AzDazRaz,"The first time I've heard anyone pronounce ""innovative"" like that",0,True
UgwnV6y2u_hP9ozoILx4AaABAg,comment,V0wtNI-rzSg,,False,@elxero2189,Let us know when it starts to rust,0,True
UgzmI5jhrRo298Qv_H14AaABAg,comment,V0wtNI-rzSg,,False,@davidstevens3934,Your pronounciation of the word innovative is...innovative,0,True
UgzKfrLh0NaB1WzY7DJ4AaABAg,comment,V0wtNI-rzSg,,False,@rightsdontcomewithpermits7073,😂😂 it is crap. Cheap electronics. Plastic cheap interior.,0,True
UgyEEF9lQGqxwJ3xo_54AaABAg,comment,V0wtNI-rzSg,,False,@smokiemcgoo8569,Boy You Dumb!,0,True
UgzuDSViTZv5bZXWZWF4AaABAg,comment,V0wtNI-rzSg,,False,@coflyer2949,Me flipping my screen as my Chinese brazen bull does its thing,0,True
UgyhcwOw8H5TuyLDuuZ4AaABAg,comment,V0wtNI-rzSg,,False,@charlesgair8608,"Wow ,You Can Watch A Movie While You Drive.Sounds Really Fun. Lol.",0,True
UgyWyPfZCzMDsvsU6pZ4AaABAg,comment,V0wtNI-rzSg,,False,@sketos_d,"How is the build quality for BYD and other Chinese brands?
Are they reliable?",13,True
UgyWyPfZCzMDsvsU6pZ4AaABAg.AGWDNlpXylxAGYZh7SlQo7,comment,V0wtNI-rzSg,UgyWyPfZCzMDsvsU6pZ4AaABAg,True,@ksavage681,Yes.,4,True
UgyWyPfZCzMDsvsU6pZ4AaABAg.AGWDNlpXylxAGZe-fn1bz3,comment,V0wtNI-rzSg,UgyWyPfZCzMDsvsU6pZ4AaABAg,True,@fishingfamilyuk,Build quality on the one i looked at was 💩but still levels above a Tesla 😂,2,True
UgyWyPfZCzMDsvsU6pZ4AaABAg.AGWDNlpXylxAG_O5Rsjec_,comment,V0wtNI-rzSg,UgyWyPfZCzMDsvsU6pZ4AaABAg,True,@robertwillis4061,Still reliable in 2yrs?    3yrs?   5yrs?    Can the battery be replaced and or rebuilt easily ( by qualified people ).,1,True
UgyWyPfZCzMDsvsU6pZ4AaABAg.AGWDNlpXylxAG_aEg4U-ia,comment,V0wtNI-rzSg,UgyWyPfZCzMDsvsU6pZ4AaABAg,True,@Kristleiv,"​@robertwillis4061
I don't know why people still bother buying stupid electric cars. It's only to save a few $ in gas, but they won't last as long and give all sorts of expensive problems in the long run. It only makes sense for people living in cities too. If you need to travel a lot, charging can become a real inconvenience",0,True
UgyWyPfZCzMDsvsU6pZ4AaABAg.AGWDNlpXylxAGa9-N7T2tQ,comment,V0wtNI-rzSg,UgyWyPfZCzMDsvsU6pZ4AaABAg,True,@hankbizzle5282,"I'm a BYD technician, but we only became a BYD dealer about 2 weeks ago and we haven't even done any BYD training yet. So I'll let you know in a few years how reliable they are and how easy they are to work on 😅",6,True
UgyWyPfZCzMDsvsU6pZ4AaABAg.AGWDNlpXylxAGbuIzB6Z6-,comment,V0wtNI-rzSg,UgyWyPfZCzMDsvsU6pZ4AaABAg,True,@theodor.koerne,​@hankbizzle5282 do you have life insurance? 😅,1,True
UgyWyPfZCzMDsvsU6pZ4AaABAg.AGWDNlpXylxAGbuKpCEfTc,comment,V0wtNI-rzSg,UgyWyPfZCzMDsvsU6pZ4AaABAg,True,@theodor.koerne,​@hankbizzle5282 do you have life insurance? 😅,0,True
UgyWyPfZCzMDsvsU6pZ4AaABAg.AGWDNlpXylxAGgSSLM6IYF,comment,V0wtNI-rzSg,UgyWyPfZCzMDsvsU6pZ4AaABAg,True,@RossiaIsNoMore,They are reliable. For the first 10k kilometers. So if you change your car every 1-2 years you will (probably) not have any troubles with it.,1,True
UgyWyPfZCzMDsvsU6pZ4AaABAg.AGWDNlpXylxAGgpHEa6P5F,comment,V0wtNI-rzSg,UgyWyPfZCzMDsvsU6pZ4AaABAg,True,@benaantje9365,"I've had a BYD Han for the past 2.5 years, and the build quality and reliability have been excellent so far. I haven't had a single problem with it.",3,True
UgyWyPfZCzMDsvsU6pZ4AaABAg.AGWDNlpXylxAGjmWwUBsOt,comment,V0wtNI-rzSg,UgyWyPfZCzMDsvsU6pZ4AaABAg,True,@baltimore1300,@fishingfamilyuklol,0,True
UgyWyPfZCzMDsvsU6pZ4AaABAg.AGWDNlpXylxAGqTs2S3j_V,comment,V0wtNI-rzSg,UgyWyPfZCzMDsvsU6pZ4AaABAg,True,@Mike604,Teslas have panel gap issues and exploding batteries,0,True
UgyWyPfZCzMDsvsU6pZ4AaABAg.AGWDNlpXylxAGsNPOHPPaG,comment,V0wtNI-rzSg,UgyWyPfZCzMDsvsU6pZ4AaABAg,True,@baltimore1300,@ Lol,0,True
UgyWyPfZCzMDsvsU6pZ4AaABAg.AGWDNlpXylxAHTrhEJ5uLO,comment,V0wtNI-rzSg,UgyWyPfZCzMDsvsU6pZ4AaABAg,True,@sketos_d,@Mike604 I heard Chinese EVs are more likely to go up in flames. That's one reason I asked,1,True
UgyWyPfZCzMDsvsU6pZ4AaABAg.AGWDNlpXylxAHTrk-4-zNs,comment,V0wtNI-rzSg,UgyWyPfZCzMDsvsU6pZ4AaABAg,True,@sketos_d,@RossiaIsNoMore who gets a new car every 2 or even 3 years?😅,0,True
UgyWyPfZCzMDsvsU6pZ4AaABAg.AGWDNlpXylxAHZs9BeZd5u,comment,V0wtNI-rzSg,UgyWyPfZCzMDsvsU6pZ4AaABAg,True,@deragoth4250,@sketos_d so after the recent accident with xiaomi su7 which hit a concrete barrier at 114km/hr and burned down the Chinese govt is mandating changes for batteries to be safer in terms of fire and release of gas,0,True
UgyWyPfZCzMDsvsU6pZ4AaABAg.AGWDNlpXylxAHZsb2kmdGI,comment,V0wtNI-rzSg,UgyWyPfZCzMDsvsU6pZ4AaABAg,True,@deragoth4250,There is a German mechanic who did a vid on repair works on a Byd  channel is hamid suri. A retired mechanic did comment on the good build quality and that you wouldn’t find the same on some European cars,0,True
UgyWyPfZCzMDsvsU6pZ4AaABAg.AGWDNlpXylxAI1mkkRDhQo,comment,V0wtNI-rzSg,UgyWyPfZCzMDsvsU6pZ4AaABAg,True,@victorchen9170,"Build quality on my uncle's Song+ (think it's called a Sealion in overseas markets) feels about the same or ahead of my friend's 2021 GLE. Miles better than my Lincoln that's for sure. Only thing I can really compare it too, since I haven't been in other SUVs much, but it's a pretty solid machine. Feels very Benz/Porsche like on the inside.

He's driven it for about 2 years (2023 face lift version) and no repairs so far.",0,True
UgyWyPfZCzMDsvsU6pZ4AaABAg.AGWDNlpXylxAI46avD9Qf-,comment,V0wtNI-rzSg,UgyWyPfZCzMDsvsU6pZ4AaABAg,True,@Hoddlers,"As for ride comfort, you can feel the Heft while turning, as if the body shell of the car might dislodge itself due to it being 2.300 tonnes.",0,True
UgyWyPfZCzMDsvsU6pZ4AaABAg.AGWDNlpXylxAIJ_Z_rLtPI,comment,V0wtNI-rzSg,UgyWyPfZCzMDsvsU6pZ4AaABAg,True,@andrewsmith5451,Absolute dog shit,0,True
UgyWyPfZCzMDsvsU6pZ4AaABAg.AGWDNlpXylxAIQQLeM6g5F,comment,V0wtNI-rzSg,UgyWyPfZCzMDsvsU6pZ4AaABAg,True,@miki-wong836,"@RossiaIsNoMore Those Netease cars drove 100,000 ~ 200,000 km, little brother. ′😅",0,True
UgyWyPfZCzMDsvsU6pZ4AaABAg.AGWDNlpXylxAIQQ_f0QLSC,comment,V0wtNI-rzSg,UgyWyPfZCzMDsvsU6pZ4AaABAg,True,@miki-wong836,The problem of @sketos_d is basically that the technology of battery is becoming more and more mature. There are very few. It's just that those people have no choice but to slander them.,0,True
UgyWyPfZCzMDsvsU6pZ4AaABAg.AGWDNlpXylxAInD9Z1rVoL,comment,V0wtNI-rzSg,UgyWyPfZCzMDsvsU6pZ4AaABAg,True,@dartskipper3170,"A friend bought herself a Tesla 3. After a spell of rain, she found the trunk soaking wet. The rubber seal hadn't been installed correctly. Doesn't inspire confidence.",0,True
UgwXMmLgzjX-ZfzXgel4AaABAg,comment,V0wtNI-rzSg,,False,@Tucker2001,"Made in China, where batteries explode. That's ok, you can have it.",0,True
Ugxtky9LYct5d55OsYd4AaABAg,comment,V0wtNI-rzSg,,False,@frankie5739,The exterior style looks better than the Tesla.,0,True
UgxmAEUzMIqM86Uwm2p4AaABAg,comment,V0wtNI-rzSg,,False,@mmm91911,Lots of crappy gimmicks in this vehicle. Yet i hear nothing of the reliability.,0,True
UgzZs-P0jDmSX1Yumfx4AaABAg,comment,V0wtNI-rzSg,,False,@Btl_Grp_Dakota,Lol See see pee t r a s h,0,True
UgwNj2MIZNCR0OzZPRF4AaABAg,comment,V0wtNI-rzSg,,False,@badassdahn654,Another Chinese tracking device allowed for sale in our country smh,0,True
UgxYkD0BAoaBHXq_Odt4AaABAg,comment,V0wtNI-rzSg,,False,@nicusorcosneanu447,Farths*,0,True
Ugz0J-iFZqO6ZAWeQhB4AaABAg,comment,V0wtNI-rzSg,,False,@stephx9759,Tesla has had that for ages,0,True
UgzIOm5J0wvCmIz4dyt4AaABAg,comment,V0wtNI-rzSg,,False,@MrAkaprimetime,Have y'all seen ishow speed in one of thess byd cars & the car can do a 180 or 360 / it can hop / & dance which is pretty crazy,0,True
UgwJef1Wb574ION3r3F4AaABAg,comment,V0wtNI-rzSg,,False,@murokar24,Why thew steering wheel is on the wrong side?,0,True
UgwIGQ_vXsAplo07bal4AaABAg,comment,V0wtNI-rzSg,,False,@poormajesty,The Tesla killer,0,True
Ugz4Sa0knE4M2s6X6lh4AaABAg,comment,V0wtNI-rzSg,,False,@ZyamCh,Bro love spreading misinformation,0,True
Ugw4WBNU_9E6fxdUu-N4AaABAg,comment,V0wtNI-rzSg,,False,@Avoletta-qs6nf,Wow a revolution! Useful when you will rollover with that garbage car…😂,0,True
Ugxuh-a_rS7Rk8CJdBR4AaABAg,comment,V0wtNI-rzSg,,False,@ryshow9118,Of all of the cool stuff about BYD it's the rotating screen for you? 😅,0,True
Ugz4KefKUHEj5Ml6oEJ4AaABAg,comment,V0wtNI-rzSg,,False,@grzegorzzieba6390,Incredible - really 🤣🤣🤣,0,True
Ugx0RD0ysRndXr6xbL14AaABAg,comment,V0wtNI-rzSg,,False,@VicodinElmo,"Sorry, what the hell did he just say about “innovative”?",19,True
Ugx0RD0ysRndXr6xbL14AaABAg.AGVr8wNzL1HARhD7CVmSBW,comment,V0wtNI-rzSg,Ugx0RD0ysRndXr6xbL14AaABAg,True,@kimballhutchinson2351,In of ative I believe. No idea what an ative is but he sounds excited about it.,0,True
UgxFI8JJJlAvpgocsXJ4AaABAg,comment,V0wtNI-rzSg,,False,@Riskbane,Sponsored by CCP,2,True
UgxFI8JJJlAvpgocsXJ4AaABAg.AGVmri2bopaAGYZzSmXwUj,comment,V0wtNI-rzSg,UgxFI8JJJlAvpgocsXJ4AaABAg,True,@ksavage681,at least their gov helps out.,0,True
UgwNmqLMo_TxelyPwUp4AaABAg,comment,V0wtNI-rzSg,,False,@My_momma_said,Interior childish design,1,True
UgzbJAhVDF1-2LTmJLJ4AaABAg,comment,V0wtNI-rzSg,,False,@scottharvey9686,Fisker Ocean did it too.,0,True
UgzCm7PqhsWkOnwFjo94AaABAg,comment,V0wtNI-rzSg,,False,@fromandtounknown6575,"has been done before, see fisker Ocean. sad, that this company went bankrupt.",0,True
UgwVVKe7mcMk2ZDI_254AaABAg,comment,V0wtNI-rzSg,,False,@tokenboybandmember,Surely the car would have greater range than f it didn’t have to power massive screens and loads of external lights 🤷🏻‍♂️,0,True
UgyxiG1hsYhS1A6b8eB4AaABAg,comment,V0wtNI-rzSg,,False,@andrep9827,"3 years we have seen this, thks bro",1,True
Ugz6DXim6m6IkOlffxx4AaABAg,comment,V0wtNI-rzSg,,False,@ravitejakEM,Atto also,0,True
Ugw3zpvkK-D9BAu_fzV4AaABAg,comment,V0wtNI-rzSg,,False,@Stallion7206,Mtherfker copy cats,0,True
Ugzg7Pa1HYTDjxmE2Bt4AaABAg,comment,V0wtNI-rzSg,,False,@Kelyra-G,Fyi its not smaller,0,True
Ugy8R18-5xAGQ_3qL4N4AaABAg,comment,V0wtNI-rzSg,,False,@neothaka,Ok then. And this groundbreaking how?,4,True
UgxHg984DbH2HmR4kXZ4AaABAg,comment,V0wtNI-rzSg,,False,@patrickradcliffe3837,"Who cares, the real question about this car is how does a replacement battery cost?",0,True
UgwFC_2Li2KOOriP1bN4AaABAg,comment,V0wtNI-rzSg,,False,@PitTalkAsia,Why would you want a car called Seal?,0,True
Ugx_cKYBXH4DAh0yrdB4AaABAg,comment,V0wtNI-rzSg,,False,@Irascor,Did you know that the camp fire seat heating is included free of charge?,0,True
Ugw3yvuIw3_gf89shil4AaABAg,comment,V0wtNI-rzSg,,False,@frankn.rodriguez681,Why would Anyone pay 50K for car with a rotating screen when the steering wheel is on the wrong side??? 😂😂😂😂😂😂😂,0,True
UgyJFn4LQA3q_4PWgbV4AaABAg,comment,V0wtNI-rzSg,,False,@imfirinmilazar,Fucking lucky sons of bitches im suck in the usa the best we got here is the nazimobile.,0,True
Ugyj38QwBavH3rtb9OJ4AaABAg,comment,V0wtNI-rzSg,,False,@oldoakcloud,Oh great multiple screens because that's what we need,1,True
Ugyj3FgYVv0XP8kb_qB4AaABAg,comment,V0wtNI-rzSg,,False,@jons4534,Kind of odd that the most noteworthy part of the car is that the screen can be turned. 🫤,0,True
UgyNeqMGS-SEz7anLs14AaABAg,comment,V0wtNI-rzSg,,False,@Jon77777,Looks disgusting! Bring back proper cars with dials and buttons.,0,True
UgwrdSkx23n-5WY212p4AaABAg,comment,V0wtNI-rzSg,,False,@toloc4067,Look like an android phone,0,True
UgySyKyzbHQ070cym2B4AaABAg,comment,V0wtNI-rzSg,,False,@diethylamide25,Ok. Not worth it. The car or the video.,0,True
Ugxoz8yaf89iO3TnF5l4AaABAg,comment,V0wtNI-rzSg,,False,@j1nMatt,"No, thanks! Give me the Ford vibes!",0,True
UgyHN0Qe0BS_tBfvE614AaABAg,comment,V0wtNI-rzSg,,False,@ceb1970,"Personally, I don’t want any giant screen, whether it is vertical or horizontal. Just get rid of it.",0,True
UgwuEL1rjcRsoY-nfeB4AaABAg,comment,V0wtNI-rzSg,,False,@investcoa2442,"Goodness this gimmick , and creator thinks great, so naive. Can’t rely on quality reviews from him haha",0,True
UgybuoYG9_rJWWoJo9V4AaABAg,comment,V0wtNI-rzSg,,False,@Alein771,Wow another car with big screen 🙄,0,True
Ugw_bG3JXrJ-iUJbBp14AaABAg,comment,V0wtNI-rzSg,,False,@nikki5399,"It’s a good buy the price because BYD loses $60k for every vehicle they sell and they’re completely subsidized by the CCP. Also, it’s made of non-corrosion treated chinesium so cars that experience winter conditions last about 5 years before the floor pan literally rots completely through. There’s also the whole 600+ battery related explosions that burned the occupants to death thing.",1,True
Ugw_bG3JXrJ-iUJbBp14AaABAg.AGVDJDx2howAOGDcHspCTX,comment,V0wtNI-rzSg,Ugw_bG3JXrJ-iUJbBp14AaABAg,True,@robinsonshawqx,The copium is reallllllllllly heavily in this one...,0,True
UgyOp6-VETrX18GZC8d4AaABAg,comment,V0wtNI-rzSg,,False,@Longshanks1956,Under 50k that's great . I'll have two and breed off them.,0,True
UgxP9Rk5jS70v20smMt4AaABAg,comment,V0wtNI-rzSg,,False,@Mr3121996,In-ovva- tive? 🤔,0,True
Ugw44ugruheZ6uQz_Jx4AaABAg,comment,V0wtNI-rzSg,,False,@BobbySteelanus,I hate it,0,True
UgxYtkMX9jVB5vyjdJF4AaABAg,comment,V0wtNI-rzSg,,False,@RSI24,Warren Buffet chose to invest in this company instead of Tesla...that should tell you something,0,True
UgyQwRdb99IqfmOKlbF4AaABAg,comment,V0wtNI-rzSg,,False,@daniel-zt9qu,Absolute dog shit,0,True
UgyKGhnvFjerJ988nnJ4AaABAg,comment,V0wtNI-rzSg,,False,@Alpha-Daddy,"These cars are complete trash, you see the videos over in china of people getting locked inside and it burning down? Trash cars",1,True
UgwqtElzgF9cD99VzK94AaABAg,comment,V0wtNI-rzSg,,False,@MrFlat02,Real shit.,0,True
UgwELrggFIA17qwcNbt4AaABAg,comment,V0wtNI-rzSg,,False,@mathe868,BYD Buy Your Disaster.,1,True
UgwyjV4Ufhm5DDVe3Rd4AaABAg,comment,V0wtNI-rzSg,,False,@kartikkailas9123,Is that a feature worth a video 😢,0,True
UgzdDv87hgQfPjwjxbx4AaABAg,comment,V0wtNI-rzSg,,False,@RoughWalkers,Not allowed to use phones at the wheel 😂,0,True
UgzCkQ-R3usZCv5T24F4AaABAg,comment,V0wtNI-rzSg,,False,@NathanMalnaa,Lost me at ev 🤮,0,True
UgzinOpkOR6Z_s4Tf8V4AaABAg,comment,V0wtNI-rzSg,,False,@ochukocash,"BYD is out to send Tesla to the morgue, to think Elon Musk was mocking them some years back. Guess he can't laugh anymore now",0,True
UgwVr9yRnWuwfyK9qL14AaABAg,comment,V0wtNI-rzSg,,False,@kalpeshdarade8177,What an era this is. We are surprised by these things. Great,1,True
UgzTDbtFgiYlka8MQGB4AaABAg,comment,V0wtNI-rzSg,,False,@dangerZization,What pointless over engineering! One more motor to go wrong,0,True
UgzLDkaBI8WzZmwvUf94AaABAg,comment,V0wtNI-rzSg,,False,@handyjayes1,How many hundreds of little motorsv are in these cars just waiting to go wrong.  Give me old school basics everyday of the week...,0,True
UgwAU3WqanPLRBQ9fdN4AaABAg,comment,V0wtNI-rzSg,,False,@otrebor1261,I bet ts will break down in under 50k miles,0,True
UgznFVRv31g8lkUZj1Z4AaABAg,comment,V0wtNI-rzSg,,False,@xXbaker115Xx,All the byd do this,0,True
UgwxoQxNsnWzm8m8I4N4AaABAg,comment,V0wtNI-rzSg,,False,@davidkorinek8666,lol. Start button. 😂😂😂,0,True
Ugxp9jhT1JolPwKnaXl4AaABAg,comment,V0wtNI-rzSg,,False,@camneilsen8234,And if its the performance its probably as quick as half his garage 😅,0,True
UgwJvEQPlXPkelf1W114AaABAg,comment,V0wtNI-rzSg,,False,@84yung,Wonder what the longevity of these cars chinese cars. We had a few donated to our gov't and it has been like 5yrs and their almost all useless now.,0,True
UgzFWIKhLvt0pkqZgRN4AaABAg,comment,V0wtNI-rzSg,,False,@user-ic7mv6bj4w,Electric cars are not the future.,0,True
Ugw4Hn5JQGE_BD86mbF4AaABAg,comment,V0wtNI-rzSg,,False,@cristemarian8784,This thing was done first OF FISKAR OCEAN ..they took it from FISKAR 😊😊,0,True
UgxrhyoyKfx-NPXN6Jx4AaABAg,comment,V0wtNI-rzSg,,False,@Frank-McN,"Byd is gonna make fail Tesla! 
Mark my words! Especially after what trump is doing! Good luck Americans!",0,True
Ugx9sJhYwpMZFSxt4sB4AaABAg,comment,V0wtNI-rzSg,,False,@hassanaslam8487,"Never heard someone say ""innovative"" so incorrectly",0,True
UgyjAt5wzmH_EATHnWx4AaABAg,comment,V0wtNI-rzSg,,False,@CryptocurrencyInsider,Boycott CCP products,0,True
Ugy7AMmHpFJIK_kTHw14AaABAg,comment,V0wtNI-rzSg,,False,@KeithMarvK,😒,0,True
UgzCl943XKYMxPSmCv14AaABAg,comment,V0wtNI-rzSg,,False,@CollectRocket98,The fisker karma also did that 😂,0,True
UgxVuRy4o952CcYCbTF4AaABAg,comment,V0wtNI-rzSg,,False,@SchmerzUndFeuer,"BYD is garbage, fire starting death traps. Tofu dreg projects on wheels.",0,True
UgwBKl9nr3g3z2cjtXh4AaABAg,comment,V0wtNI-rzSg,,False,@AlTimateZedLogistics3314,Is it already on market ❤,0,True
UgxMiwoqwxfYua7lvfd4AaABAg,comment,V0wtNI-rzSg,,False,@poizonfreak,Most useless feature ever. Plus it blocks a good amount of view in portrait mode.,0,True
UgwlpOmsa6gBD-GAHll4AaABAg,comment,V0wtNI-rzSg,,False,@Maynefrm225,And here we go us Americans stuck with tesla 😫😫😩😔😔🤦🏾‍♂️🤦🏾‍♂️🤦🏾‍♂️😁,19,True
UgwlpOmsa6gBD-GAHll4AaABAg.AGUSQV9IsOwAGaLd42AkyN,comment,V0wtNI-rzSg,UgwlpOmsa6gBD-GAHll4AaABAg,True,@_______________00,"Looks pretty similar as a Tesla, big screen, no physical buttons. I mean there is a rotating mechanism but if that really makes you buy a car I don't know what to tell you",1,True
UgwlpOmsa6gBD-GAHll4AaABAg.AGUSQV9IsOwAGarK0-GBRS,comment,V0wtNI-rzSg,UgwlpOmsa6gBD-GAHll4AaABAg,True,@Maynefrm225,@_______________00  says the tesla owner 💀☠️💀💤💤💤😭😂😁foh✌🏾,4,True
UgwlpOmsa6gBD-GAHll4AaABAg.AGUSQV9IsOwAGbE7-Y7sHV,comment,V0wtNI-rzSg,UgwlpOmsa6gBD-GAHll4AaABAg,True,@_______________00,"@ Nah I don't even like Tesla cars. I just said they are very similar, it's very clear that Tesla was the inspiration for Byd.",0,True
UgwlpOmsa6gBD-GAHll4AaABAg.AGUSQV9IsOwANAV3vyWolp,comment,V0wtNI-rzSg,UgwlpOmsa6gBD-GAHll4AaABAg,True,@navarrouk3487,Just import one!.,0,True
UgwvWsWfAKPb3kc3LVF4AaABAg,comment,V0wtNI-rzSg,,False,@IvarMeijer,"It's still butt ugly if you stick two rectangular screens on a fine shaped dash, whichever way you turn it.",0,True
UgytQ6gADZVDoOVHnld4AaABAg,comment,V0wtNI-rzSg,,False,@Angus_Marx,A great feature if you didn't have to decide at the time of purchase whether the screen or the steering wheel should be rotatable.,0,True
UgxUqIwxsloXJ81xdYN4AaABAg,comment,V0wtNI-rzSg,,False,@himadima5240,Gotta say ty ishowspeed,0,True
Ugzhgi--Y1-7fnY1RSl4AaABAg,comment,V0wtNI-rzSg,,False,@sbumkhwanazi1679,Byd over tesla any day,0,True
UgyooVmO9fPqLVGa-Nt4AaABAg,comment,V0wtNI-rzSg,,False,@pipandsammie,But can it rotate fast like a fan?,0,True
Ugwg8kDTDs2gwXRtqnR4AaABAg,comment,V0wtNI-rzSg,,False,@forric23,Sounds like a lot of expensive things to go wrong,0,True
UgwsARjrZCvnpdApAVd4AaABAg,comment,V0wtNI-rzSg,,False,@lakorai2,CCPcar,0,True
Ugz-Hhq7JAg-liteY014AaABAg,comment,V0wtNI-rzSg,,False,@gabrielshensky348,"Fisker Ocean did it first, but the brand is gone now",0,True
UgwmEuUH7zy1OOyl1Ul4AaABAg,comment,V0wtNI-rzSg,,False,@Lasergun74,A totally useless tech gimmick on a Chinese toaster? Wow,0,True
Ugzv8oDX0W7oJIFnuwl4AaABAg,comment,V0wtNI-rzSg,,False,@santifan89,How do you say innovative?,0,True
UgyEmdtQGWYrXsEWL-14AaABAg,comment,V0wtNI-rzSg,,False,@NihokSan,electric cars are terrible,0,True
Ugyd7urAbnaT9ATSsjF4AaABAg,comment,V0wtNI-rzSg,,False,@2125south,omg it has a button to turn around the tablet!!!  I gotta buy not one but 2 of those just for the button... or maybe 4 because is not done before.... advertising is getting more stupid by the day,0,True
UgyW-_zYiiwxjKutxbJ4AaABAg,comment,V0wtNI-rzSg,,False,@peetabrown5813,"Seems incredibly stupid to have the spin display on the steering wheel, as seems like the most unlikely thing you need to operate whilst you hands as engage with steering",0,True
UgyqZMFuHwZYeW2z1mN4AaABAg,comment,V0wtNI-rzSg,,False,@eymennuhozturk,"OMG Wow, what a TEKNOLOGIAAAAAA!
 The screen rotates instantly, I must buy it.

I have a small screen in my car, and it does everything.. This screen business has gotten out of hand!!",0,True
UgxHWBX1c3tgZaqR20N4AaABAg,comment,V0wtNI-rzSg,,False,@derryckmacaulay8754,I don’t want eye burning digital screens in my face.,1,True
UgwJ2SehLQxK0zODV1p4AaABAg,comment,V0wtNI-rzSg,,False,@user-it6bx9tt5h,"thats probably the simplest and cheapest mechanism on the vehicle, and it sounds like you'd buy the car because of it 😐",0,True
UgxE9n0HcS4SC6OMji94AaABAg,comment,V0wtNI-rzSg,,False,@jamesbrown-ps9vo,"Y elon hates china, better product faster charging. And cost about half the price ya thers gonna do everytho g they can to keep them out of america",0,True
Ugy-G-yboZvjhMAssaR4AaABAg,comment,V0wtNI-rzSg,,False,@jamdoodles,Just let people rotate it by hand and have one less thing to break. Also frees up a button you can use for something that would otherwise require poking at the screen at speed on the highway.,0,True
UgxcTM4g-rKSF0jPn-l4AaABAg,comment,V0wtNI-rzSg,,False,@sherrysharad,To have your AC controls on a screen and having to adjust it while driving on a highway by taking your eyes off the road ain't innovative. It's dancing with death.,0,True
UgyiIqPTTnnWjZ-LJRd4AaABAg,comment,V0wtNI-rzSg,,False,@llpBR,TATE Mode.,0,True
UgwjTGWV4pKfPpDRWSt4AaABAg,comment,V0wtNI-rzSg,,False,@everythingyousayiscorrect,I was Like why is he getting in the passenger seat? I always forget y’all drive on the wrong side.😂,0,True
UgzH5qfgsWDvK2yYXBZ4AaABAg,comment,V0wtNI-rzSg,,False,@elijahjohnson4510,That is so stupid,0,True
Ugzbk6E3bbz23IARJkt4AaABAg,comment,V0wtNI-rzSg,,False,@PurplePerinaise,'Innovative' gimmicks,0,True
UgyZjoN5dYA-CqlTqgJ4AaABAg,comment,V0wtNI-rzSg,,False,@falazarte,Fisker Ocean had this type of screen.,0,True
UgzGrM4AS_v5YfWbxHt4AaABAg,comment,V0wtNI-rzSg,,False,@carsinruin6102,"Yeah, but Chinas evil 🤷‍♂️",0,True
UgzvSLJmeyxpe-QFshR4AaABAg,comment,V0wtNI-rzSg,,False,@robertdoback4553,Electric cars are void and boring. Not sure why people drive them.,0,True
Ugz18NbipdAqkm-W4LB4AaABAg,comment,V0wtNI-rzSg,,False,@menarenotwomen,Look at all those expensive and cheap chinese electrics that will break and cost thousands and thousands to replace. Awesome,0,True
UgxUDDQjEL-16z5kAuZ4AaABAg,comment,V0wtNI-rzSg,,False,@javajava8856,In-OV-ative? Working that algorithm...😂,0,True
Ugz2OmuhdMlEPWs8nQF4AaABAg,comment,V0wtNI-rzSg,,False,@DirectedVerdict,Hopefully it doesn’t catch fire😂,0,True
UgwcBnccfiwcp-zay8d4AaABAg,comment,V0wtNI-rzSg,,False,@Armchair_Sociologist,Looks like a bunch of shit I don’t need,0,True
UgwmsWsOdp6dWQvP1Qh4AaABAg,comment,V0wtNI-rzSg,,False,@dimitrylanez,"Yall got to let this in the states 
Take my data china
The price and what u get is insane",0,True
Ugyn3-M0-Z_DQcjZbqd4AaABAg,comment,V0wtNI-rzSg,,False,@danielelkin995,"It’s also one of those cars that will blow up while your driving or worse yet, in your garage. 
Have seen a video from China where one of these goes 30 feet in the air after it explodes.",0,True
UgwCy5pd6NdK131GsLF4AaABAg,comment,V0wtNI-rzSg,,False,@clarknicolas2831,I kinda like it,0,True
Ugzg3u_Rmlb5vbyYTfh4AaABAg,comment,V0wtNI-rzSg,,False,@ryanlongley5052,Its like sticking 4 wheels on an ipad and putting it onto a washing machine….absolutely shite,0,True
Ugzb8xjy-vXV7E_SXCN4AaABAg,comment,V0wtNI-rzSg,,False,@KingMas1983,The definition of Chinese spyware,1,True
Ugyd5_cn9PCDezkt0Q54AaABAg,comment,V0wtNI-rzSg,,False,@YTDopeFPS,Why would americans hate? This fearure isnt new lol,0,True
UgzhPd2rL4wOZpFd_Oh4AaABAg,comment,V0wtNI-rzSg,,False,@happyki11zmore,🐕 💩,0,True
UgzO7kzSDbOeL9bjLvd4AaABAg,comment,V0wtNI-rzSg,,False,@beulediekeule,Your Voice Sucks dude,1,True
UgznaO4_Em7giihPbEB4AaABAg,comment,V0wtNI-rzSg,,False,@mikewidget7610,Yeah and it’ll be broken in two weeks. Absolute trash,1,True
UgwNU7ojOQR-NRBd_G14AaABAg,comment,V0wtNI-rzSg,,False,@UHaulShorts,Move 2 chiner then,0,True
UgylwM41XQdFqiT_ni54AaABAg,comment,V0wtNI-rzSg,,False,@JordansElevatedExperiances,"Really can't understand our uk laws of not being able to use phone whilst driving and I totally support it 

But let's put 10 inch tablets in centre of dash with way more distractions than a phone and there's no laws or anything on that 🤔",0,True
UgzkylxWRALcQpi42gJ4AaABAg,comment,V0wtNI-rzSg,,False,@itsrichyxyz,Chinese EVs are levels above anything else,0,True
UgyslHTtOSyUXSj3K8J4AaABAg,comment,V0wtNI-rzSg,,False,@Maybachh,Fisker Ocean lmao,0,True
Ugwc8Jt-mfCdddOVn-d4AaABAg,comment,V0wtNI-rzSg,,False,@ms9240,Wow- I recommend this car because it rotates my ipad screen. Are you in touch with your viewers. 😅😢,2,True
Ugyupx8D0o76GCHzCjp4AaABAg,comment,V0wtNI-rzSg,,False,@Mash333,Looks like a 1990s boombox,0,True
UgynjBfGYYaMatTglNR4AaABAg,comment,V0wtNI-rzSg,,False,@paso7943,Ohhhh NO..... The screen turns? wow..... no one knew that..... thank God you made this video.... who said people under rocks can´t make youtube video.,0,True
UgwYCHN2pl8b9Pe4ObF4AaABAg,comment,V0wtNI-rzSg,,False,@FCKleit,Communist car,1,True
Ugx8JLLxn0NtvFwDt4J4AaABAg,comment,V0wtNI-rzSg,,False,@khang2122,will be under 20k in a year,0,True
UgxOUbwWn33OHAyey3B4AaABAg,comment,V0wtNI-rzSg,,False,@TheRealSlimeTv,Mmm yeah rather buy an electric bmw over this for 50k this shit is just a Tesla with a different size screen.,0,True
UgxxscOYjWApuU-pnA94AaABAg,comment,V0wtNI-rzSg,,False,@BrunodeSouzaLino,You can almost hear the slave labor through that turning screen...,7,True
UgxxscOYjWApuU-pnA94AaABAg.AGTVMCTab0yAGUPYDiglNJ,comment,V0wtNI-rzSg,UgxxscOYjWApuU-pnA94AaABAg,True,@sanyk-t6c,"You're need a medical doctor, as soon as possible.",3,True
UgwFwEY9MZFiK5-KM2d4AaABAg,comment,V0wtNI-rzSg,,False,@WokeDetection,Shmee are you not the same guy always drives around with cars we can't afford? Why would you be messing around with this now... Is this sponsored,0,True
UgwkrViN0PP9pJTXwQl4AaABAg,comment,V0wtNI-rzSg,,False,@highlander3706,"Do you guys in the UK, India, Japan, Australia, have some special skills to operate shiftstick, radio, A/C and nowadays these tablets - using left hand?
Or are you all left-handed? ;)
I cant wrap my head around it...",0,True
Ugx95vcJ5yW_ZFL2A6l4AaABAg,comment,V0wtNI-rzSg,,False,@magical8013,"BYD are badass. If I was to ever get an electric car it would be one of these, I would actually get a hybrid though",6,True
UgyJlkyOHDdcxZzvYAR4AaABAg,comment,V0wtNI-rzSg,,False,@BMH1965,The ride quality is the worst of any modern car I have driven.,0,True
UgyYajb5_FO6uQwiEmp4AaABAg,comment,V0wtNI-rzSg,,False,@finestructureconstant3921,"I am more concerned about reported Software Bugs: Some users reported buggy software.

Plus I have read that some users find theit reliance on control screens to perform frequently used taks is distracting from watching the road.

P.S. Flashy controls and embellishments in a car do not usually age well.",0,True
Ugz9q4j0HutPlB83ZEd4AaABAg,comment,V0wtNI-rzSg,,False,@punishthewicked5845,Tesla is caput,1,True
Ugyh5A0hAszd4QjlMIR4AaABAg,comment,V0wtNI-rzSg,,False,@Lupinobambino,The most expensive tablet of the world?,0,True
UgzGCfk-Xbt8dtoM3zZ4AaABAg,comment,V0wtNI-rzSg,,False,@user-rz6xb5mp2w,"They have done this before, it was on a crappy EV SUV, forgot the name but company now bankrupt however they did this.",0,True
UgyZ7OOoQe2EnXFS6FR4AaABAg,comment,V0wtNI-rzSg,,False,@friedpicklezzz,Bit late to the party aren’t ya?,0,True
UgzvXb6kjm8bUa4VC3l4AaABAg,comment,V0wtNI-rzSg,,False,@patrickoconnor5494,what rock have you been living under,0,True
UgzA0VnuGmokUlS7-Zd4AaABAg,comment,V0wtNI-rzSg,,False,@andrewcairo6299,The fisker ocean did that way before BYD.,0,True
UgxzxpNoeDkelyE8vv94AaABAg,comment,V0wtNI-rzSg,,False,@frezmorti,they didnt even put the steering wheel on the correct side... does not seem like a competent car manufacturer,0,True
UgyWm4LSi0Kuis7uVkB4AaABAg,comment,V0wtNI-rzSg,,False,@fiors73,and ?,0,True
Ugxw4niYYXxG85xPm-54AaABAg,comment,V0wtNI-rzSg,,False,@MariDuru21,discovering hot water much? :),0,True
Ugwm-h7MvPY3zy-Bfsp4AaABAg,comment,V0wtNI-rzSg,,False,@hao6097,na pass,0,True
Ugw0JDk92ZvC63_iQGZ4AaABAg,comment,V0wtNI-rzSg,,False,@nargaroth-BMIK,What BS. Who needs this. Waiting for a 5 year old car where the 50 cent motor dies with the display at 45 degrees,0,True
UgztL2sowbNg85j34Pd4AaABAg,comment,V0wtNI-rzSg,,False,@carvoloco4229,"Is there any button to remove it in favour of used-to-be-standard controls that can be acted upon by muscle memory, rather than looking away from the road?",1,True
Ugxftn9aAe7Oq7x-oJ94AaABAg,comment,V0wtNI-rzSg,,False,@inspiration2284,"I hate the United States. 50k buys you a base model POS with dealer markups. and now with tariffs, even less.",0,True
UgzwRD4v18XJrC_eXeZ4AaABAg,comment,V0wtNI-rzSg,,False,@vicelore,Chinese crap. That software looks terrible just like the exterior,0,True
UgzPTQS038ErQOHJ8SN4AaABAg,comment,V0wtNI-rzSg,,False,@James_T_Kirk_1701,Wooooooowwwwwwwww. Not,0,True
UgwnTWLHUOaZP8PsNx14AaABAg,comment,V0wtNI-rzSg,,False,@cobravids,"Wow, a screen that rotates. What about the steering wheel? Can it move to the correct side of the car? Now that would be impressive.",0,True
UgxqWUtrQ_Cn3Dc_YTR4AaABAg,comment,V0wtNI-rzSg,,False,@sleepinginnyc200,Really… a whole video for that-c’mon??,0,True
Ugy2ih_tcn8nJqSd0Xp4AaABAg,comment,V0wtNI-rzSg,,False,@v3n0mb0y,Couldn’t care less,0,True
Ugzo3ZdW49LmpzMQPU94AaABAg,comment,V0wtNI-rzSg,,False,@SkinPeeleR,Great! More to break down.,0,True
UgwUSl4c2sQsbS9ELJV4AaABAg,comment,V0wtNI-rzSg,,False,@kohliabhi,What a waste of time.,0,True
UgzTQaaLM5B0CtQvVZ14AaABAg,comment,V0wtNI-rzSg,,False,@memoherdezQ50,"Maybe that's the only part in the car, that actually work... 😂",0,True
UgzuzD9H0xAr5IxhW9R4AaABAg,comment,V0wtNI-rzSg,,False,@johnz4860,"All that emphasis on digital touchscreens can't hide the fact that not a single word is said about its handling in corners, under acceleration or braking, its power to weight ratio or it's ability to deliver driver engagement and driving pleasure.😭😭😭",0,True
Ugw-ZEccmFVcFAqfnZ54AaABAg,comment,V0wtNI-rzSg,,False,@holaco5697,"I don’t understand why those people were amazed by something just because it has a ""Made in China"" tag!",0,True
UgxxNfaPm6OZgI0oZiR4AaABAg,comment,V0wtNI-rzSg,,False,@danielgreensides8463,The best thing about this car is a tablet? 😂 that says everything i need to know. Chinese products are trash and BYD sure hasn't changed my mind about that.,0,True
UgwURg_VNTlEfs7tFqZ4AaABAg,comment,V0wtNI-rzSg,,False,@RB01138,"The proliferation of touchscreen infotainment and HVAC controls during the past fifteen years are the greatest failure of automotive safety after the explosion of oversized personal vehicles. Touch screens are extremely useful for simplifying menus, particularly if they are menus that are rarely used, as older cars normally required some arcane knowledge of that particular brand in order to navigate certain backend settings. Using them for basic or routine controls serves no purpose beyond saving the manufacturer a small amount of money in R&D. They CANNOT be used purely from muscle memory, you have to take your eyes off the road in order to use them. Any control that must be used during driving becomes objectively more dangerous if a touch screen is needed, as it forces you to not only look, but to look long enough to confirm you have pressed the right button and that it registered it. This is why dials are better, but hey, who gives a shit about crashes and deaths due to distracted driving, look at the pretty screen!",0,True
UgziZuZss_ADlIn4cGJ4AaABAg,comment,V0wtNI-rzSg,,False,@Muhammadsaeed-se2ti,The UI feels a cheap android,0,True
Ugx1smm0uyV7BAmXtqd4AaABAg,comment,V0wtNI-rzSg,,False,@mickalinjezerx7104,He says yeah. Look at this interior yet. Says nothing about the interior. Oh yeah I take that back. He said something about an object that was inside the vehicle. Assembly you should that does not need to be that big. You can accidentally break.,0,True
Ugwc4JgLyfREkWOhg4F4AaABAg,comment,V0wtNI-rzSg,,False,@Garett-y1j,BYD is so cheap that it probably hacks everything you own while giving you cancer,0,True
UgwpFq-zGkbze-O-iKJ4AaABAg,comment,V0wtNI-rzSg,,False,@PUTCHADOWN,Chinese car 😂😂😂,0,True
UgxVhPDos_COXsMDq-N4AaABAg,comment,V0wtNI-rzSg,,False,@DAWADAhBanYahawadah,Can that be had in America?,0,True
UgzqR_UhcrfVtQSdRut4AaABAg,comment,V0wtNI-rzSg,,False,@rangerjones5531,Dumbest reason to get a hardon over a car…,0,True
UgzqR_UhcrfVtQSdRut4AaABAg.AGSsf-c2o6oAGT95qY84U5,comment,V0wtNI-rzSg,UgzqR_UhcrfVtQSdRut4AaABAg,True,@4linesav,@rangerjones5531 You’re like 30-40 something years old & you’re still trolling. Grow up,0,True
UgzqR_UhcrfVtQSdRut4AaABAg.AGSsf-c2o6oAGctOHvgtY6,comment,V0wtNI-rzSg,UgzqR_UhcrfVtQSdRut4AaABAg,True,@rangerjones5531,@ hit a nerve?,0,True
UgzqR_UhcrfVtQSdRut4AaABAg.AGSsf-c2o6oAGd_3W1KfGx,comment,V0wtNI-rzSg,UgzqR_UhcrfVtQSdRut4AaABAg,True,@4linesav,@rangerjones5531 Discourse on the internet doesn’t affect me in real life. Im sure you’d like that though.,0,True
UgzqR_UhcrfVtQSdRut4AaABAg.AGSsf-c2o6oAHW_uAA0uLe,comment,V0wtNI-rzSg,UgzqR_UhcrfVtQSdRut4AaABAg,True,@rangerjones5531,@ 😆,0,True
UgzqR_UhcrfVtQSdRut4AaABAg.AGSsf-c2o6oAHWbEs2iLPy,comment,V0wtNI-rzSg,UgzqR_UhcrfVtQSdRut4AaABAg,True,@4linesav,@rangerjones5531 No. Thanks for further proving my point that you haven’t mentally matured past the age of 15. Only a child partakes in these kind of activities,0,True
UgwLCb6D3OlgtZuTwq14AaABAg,comment,V0wtNI-rzSg,,False,@archiestats6087,Very….. In Of A Tiv,0,True
Ugy5ybZEq9-ggOcTU4J4AaABAg,comment,V0wtNI-rzSg,,False,@martiangod,Fisker oceon also does that,0,True
UgxMhPBm9Jk5tqcmbm54AaABAg,comment,V0wtNI-rzSg,,False,@MhmdMhmdy-d2j,Chinese cars? Really? 😂😂,0,True
UgwzIIWw3UiWnpbmELF4AaABAg,comment,V0wtNI-rzSg,,False,@najthesavior4286,"Ahhhh, Fisker does this, so can you use the media section. They advertise this for years. Lml 

This ain't brand new",0,True
UgzgNbi9vIEYtw_M-yJ4AaABAg,comment,V0wtNI-rzSg,,False,@bbvv8004,who tf wants this in a car. Screens are worst thing to happen to auto industry.,0,True
Ugxnw4u2liBOnb98xx94AaABAg,comment,V0wtNI-rzSg,,False,@fus149hammer5,Yeah great. Spend most of your driving fiddling with computer screens and apps but whatever you do don't for a second touch your phone.,0,True
UgwSlOwX27rN76mpRLF4AaABAg,comment,V0wtNI-rzSg,,False,@superfreak303,Screens suck,0,True
UgzIorf0Q2b_QShk3CZ4AaABAg,comment,V0wtNI-rzSg,,False,@johnr1038,"That rotating screen, surely has a 34% tariff on it.",0,True
UgxpvqYOaYuKNA6oQWN4AaABAg,comment,V0wtNI-rzSg,,False,@amarghumraable,Yes very inotive,0,True
UgxNXnxYXxyYaGvsyEZ4AaABAg,comment,V0wtNI-rzSg,,False,@vangxiong6535,"everyone talks a good game about all it's features inside the car, but no one seems to talk about it's reliability, longevity, and manufacture support. All these technology today don't help any of us but the company locking itself behind a paywall/subscription services.",0,True
UgzH8fHLGRbyMR2x1ch4AaABAg,comment,V0wtNI-rzSg,,False,@moguro1985,Sempre più cazzate su ste schifo di “auto”.,0,True
Ugz-P7mS05z3HhQ453B4AaABAg,comment,V0wtNI-rzSg,,False,@hulk4eto,"Man, more and more I want a car that just has red/orange backlit analog gauges and nothing else! Quick fact - BMW picked that colour specifically, as they did their homework and turns out it’s the best light wavelength to help your eyes adapt better at night when looking up the road and back at the dashboard, google it. What sorta bullshit gimmick are these rotating plasma tvs doing in new cars, I’m not even that old (32) and still cannot believe the amount of nonsense going on.",0,True
UgzH5wYMVtYD9BohPeB4AaABAg,comment,V0wtNI-rzSg,,False,@Tjalie-j6i,Like the BYD 👍.,0,True
UgyvZ6I4obFND68PQ5V4AaABAg,comment,V0wtNI-rzSg,,False,@MioLee-qh8fq,I don’t like the “ screen aesthetics “ of both the screen. It’s like they bought two screens from a local shop and just put it there. It doesn’t look proper.,0,True
UgyzQq_-GNW05Xyv72J4AaABAg,comment,V0wtNI-rzSg,,False,@peterjohnson9438,"Piece of **** with a cheap phone and a cheap tablet attached to it.
Please, please, please, car makers, take a look at the cockpit of the Mk4 Toyota Supra or the 1989 Toyota Celica or the 1996 Chevy Camaro cockpit and DO THAT.
Driver-centric wrap-around design with physical knobs and dials for all necessary functions and data. Keep a display for GPS and infotainment if you must, but keep the controls PHYSICAL.",0,True
UgwoLLVEdhVLrRy3mPZ4AaABAg,comment,V0wtNI-rzSg,,False,@PARA.CETAMOLO,"i really dont like that GUI, seems the os of huaweii tablet coming from 2015",0,True
UgxsT0F6aaLGiQZN_Tp4AaABAg,comment,V0wtNI-rzSg,,False,@juricarmichael2534,Hm? But i'm not living in a mirror world. How should i drive it? My feet and arms are not that long to reach the steering wheel when sitting in the driver's seat...🤷,0,True
Ugzxg3QDly7Uxf0n1514AaABAg,comment,V0wtNI-rzSg,,False,@JK-sf3vg,Tofu dreg,1,True
UgzIn0Lmk-d_vYNShcp4AaABAg,comment,V0wtNI-rzSg,,False,@grantyentis5507,They put the drivers seat in the passengers seat,0,True
Ugw_6V-jCjKf8ha8ocl4AaABAg,comment,V0wtNI-rzSg,,False,@mrkring1526,My condolences,0,True
Ugxqks0HZ-47L8p27F94AaABAg,comment,V0wtNI-rzSg,,False,@MrTom-kl7hy,I just don't understand why car insurance rates keep going up. These cars are so indestructible!,0,True
UgzReShbnzHoChowAgB4AaABAg,comment,V0wtNI-rzSg,,False,@berenscott8999,"Looks like a lot of unnecessary distractions. China really gets it wrong with cars, nobody needs these features. Reduce the cars price by $2k and get rid of it.",0,True
Ugyh8pd_m_MOC81RxYN4AaABAg,comment,V0wtNI-rzSg,,False,@michaelkillin8575,"Beautiful looking car, hope they come to Canada!!",5,True
Ugyh8pd_m_MOC81RxYN4AaABAg.AGSUCh4UafkAIQPy8dZ-VB,comment,V0wtNI-rzSg,Ugyh8pd_m_MOC81RxYN4AaABAg,True,@miki-wong836,"In order to please America's big brother, how can Canada get in if it wants to impose a 100% tariff?😢",0,True
UgycHdgnKUsexZDGdIN4AaABAg,comment,V0wtNI-rzSg,,False,@mrq6270,Tesla screens also rotate. You just have to turn the whole car with it,0,True
Ugwc38WlssDeb32juWF4AaABAg,comment,V0wtNI-rzSg,,False,@Benjamin1683-e3w,"""China is the enemy""? But has Apple tech in their vehicles?",0,True
UgxaTTO-pU7pIpt2vLx4AaABAg,comment,V0wtNI-rzSg,,False,@iurinarotam8135,That infotainment looks chinese as fuk 😅,0,True
Ugxcv3Ybwj-j2da97op4AaABAg,comment,V0wtNI-rzSg,,False,@50shadesmixrace,The frisker ocean does this. Clearly another click bait video,0,True
UgwSuyNBBaXPGWXy7NR4AaABAg,comment,V0wtNI-rzSg,,False,@Buttercookiesssss,Who still uses a key?,0,True
UgxvaHCXTflqcTyXg4B4AaABAg,comment,V0wtNI-rzSg,,False,@lilth501,"In America, tick tock is the threat to its national security. Imagine what this car would be?",0,True
UgxyQhrobgxd3mmbvQF4AaABAg,comment,V0wtNI-rzSg,,False,@jameschapman7452,"These are actually really nice, feel more premium than a Tesla, interior and seating design are up there with best everyday vehicle, drives and feel planted. Genuinely surprised and price for value is very generous.",1,True
UgxyQhrobgxd3mmbvQF4AaABAg.AGSHYqUPK6uANHgd7ayRvA,comment,V0wtNI-rzSg,UgxyQhrobgxd3mmbvQF4AaABAg,True,@NASA2officials,You haven't drove a Tesla then,0,True
UgyarkbOpEKeCg7AceV4AaABAg,comment,V0wtNI-rzSg,,False,@Skyrocketwebdesign,"Remember, that fancy screen is powered by a Chinese motor. So try to imagine the weird angle it will be stuck at!",0,True
UgwlNvVkRi2I3Gs307N4AaABAg,comment,V0wtNI-rzSg,,False,@nsh9051,All byd cars does this tho…,0,True
UgzM8F_GRunReWBNW6x4AaABAg,comment,V0wtNI-rzSg,,False,@nbjoernstad,"Wrong. I bought the BYD Tang late in 2021, and that also has this feature 😂",0,True
UgygjByV8Rl7BYm4PQJ4AaABAg,comment,V0wtNI-rzSg,,False,@rossanderson7553,"350 miles when fully charged?
Now,what about 80% charge only.then never drop bellow 20%.cold weather, oh don't use the heater, under £50.000 for a Chinese slave labour built milk float 😂😂😂😂😂",0,True
UgyNFEjg2Uzqhvsd5bV4AaABAg,comment,V0wtNI-rzSg,,False,@WalkingPaceWP,In ovv it ive,1,True
Ugy_qJ6pzoHFnB4OM9N4AaABAg,comment,V0wtNI-rzSg,,False,@ericvillari8100,So bloody what? What’s a rotating screen got to do with any aspect of satisfying driving? Imagine how much more innovative it could have been in real world driving terms if all that  engineering energy had been used in finessing the dynamics of the powertrain rather than providing drivers with a bit of SuperCheap Auto Bling-O-Rama!,0,True
UgypxSSGYXCP7eRQDX14AaABAg,comment,V0wtNI-rzSg,,False,@israelgoodluck2464,"Keep that for women and kids, not for masculinity.",0,True
UgxM-zI6p8R3lidV6Xx4AaABAg,comment,V0wtNI-rzSg,,False,@metrickx1804,Shit sucks and is ugly,0,True
UgyjP0X3heN4Ge-XfeR4AaABAg,comment,V0wtNI-rzSg,,False,@RationalCreed,The key advantage over Model3 is a dash display in front of you. It’s the main reason I didn’t get a Model3,100,True
UgyjP0X3heN4Ge-XfeR4AaABAg.AGS84_dEvv1AGdFyc6P1SH,comment,V0wtNI-rzSg,UgyjP0X3heN4Ge-XfeR4AaABAg,True,@PeteR-sy2ud,Understandable but I can tell you that you it is something you don’t miss after getting used to the center screen.,8,True
UgyjP0X3heN4Ge-XfeR4AaABAg.AGS84_dEvv1AGdpr_HXz_w,comment,V0wtNI-rzSg,UgyjP0X3heN4Ge-XfeR4AaABAg,True,@henkkaj73,"This. No speedo display in front of the driver, no buttons, not even a turn signal lever, no radar. The motors and batteries in a Tesla are top notch but I'm not paying for missing functions and non-functioning FSD so buying a VW ID series where everything is where it's supposed to and it just fits you like an old glove.
If you have to educate your passengers into how a bloody door handle works then the engineers have really got it very badly wrong.",8,True
UgyjP0X3heN4Ge-XfeR4AaABAg.AGS84_dEvv1AGfJUWVe5Vc,comment,V0wtNI-rzSg,UgyjP0X3heN4Ge-XfeR4AaABAg,True,@bobbyreports,"Opposite for me, I love the no front display. Feels so sleek.",3,True
UgyjP0X3heN4Ge-XfeR4AaABAg.AGS84_dEvv1AGfKKQpKhsc,comment,V0wtNI-rzSg,UgyjP0X3heN4Ge-XfeR4AaABAg,True,@bobbyreports,"@henkkaj73first off, I LOVE the FSD. Works beautifully for me, takes me to work every morning and home every night. Second, if your passengers are having that much trouble pushing a button to open their door, you should consider more intelligent passengers.",1,True
UgyjP0X3heN4Ge-XfeR4AaABAg.AGS84_dEvv1AGxZYDpRD27,comment,V0wtNI-rzSg,UgyjP0X3heN4Ge-XfeR4AaABAg,True,@GeneralFuct,And it looks like a melted chocolate bar that has been put back in the fridge...,0,True
UgyjP0X3heN4Ge-XfeR4AaABAg.AGS84_dEvv1AHCS7qzxMWo,comment,V0wtNI-rzSg,UgyjP0X3heN4Ge-XfeR4AaABAg,True,@ngxgunzz2680,​@bobbyreportsstupid take,0,True
UgyjP0X3heN4Ge-XfeR4AaABAg.AGS84_dEvv1AHihqmao45G,comment,V0wtNI-rzSg,UgyjP0X3heN4Ge-XfeR4AaABAg,True,@ErikHalaska,@henkkaj73FSD works perfectly lol tf you talking about,0,True
UgyjP0X3heN4Ge-XfeR4AaABAg.AGS84_dEvv1AI0Y_OaoLhL,comment,V0wtNI-rzSg,UgyjP0X3heN4Ge-XfeR4AaABAg,True,@buravan1512,SEAL is bigger inside than the Model 3,0,True
UgyjP0X3heN4Ge-XfeR4AaABAg.AGS84_dEvv1AKdKQSg7XyL,comment,V0wtNI-rzSg,UgyjP0X3heN4Ge-XfeR4AaABAg,True,@huh4tofpv384,So for 200 bucks you can add one to the model 3 or Y.. but all in all.  I don't miss it.. I love my 1 screen that worked EVERYTHING.. no buttons.. no chinesse bs...,1,True
UgyjP0X3heN4Ge-XfeR4AaABAg.AGS84_dEvv1AM2SMBlCehC,comment,V0wtNI-rzSg,UgyjP0X3heN4Ge-XfeR4AaABAg,True,@hugolizard,"@PeteR-sy2udwhy force yourself to adjust to such inconvenience? No stalk get used to it, no dash screen get used to it. Next they’ll remove your steering wheel and make you drive on the screen and you’ll also be ok with it.",2,True
UgyjP0X3heN4Ge-XfeR4AaABAg.AGS84_dEvv1AMOkuwHbxxC,comment,V0wtNI-rzSg,UgyjP0X3heN4Ge-XfeR4AaABAg,True,@PeteR-sy2ud,@hugolizardI didn’t need to force myself.  It quickly becomes as normal as looking at a screen behind the wheel.  It’s pretty silly to mock something you’ve never tried.,0,True
UgyjP0X3heN4Ge-XfeR4AaABAg.AGS84_dEvv1AVTIXATDB_w,comment,V0wtNI-rzSg,UgyjP0X3heN4Ge-XfeR4AaABAg,True,@TheDoakes1,@PeteR-sy2udme too. In fact didn’t the older minis have speedo in the centre. Oh how did we cope. Lol,0,True
UgyjP0X3heN4Ge-XfeR4AaABAg.AGS84_dEvv1AWtAPVehC1x,comment,V0wtNI-rzSg,UgyjP0X3heN4Ge-XfeR4AaABAg,True,@ASvanRandwijck,"For me Tesla reflects a new era in automitive. And that comes with changes some people look forward to getting used to. Others however rather stick with traditional lay-outs. For me the tesla screen is doing what it should do, namely clearly showing what I want to see. By the way, we went through some changes since the first T-Ford was launched, didn't we? Or do people still miss to have to double clutch before being able to shift gears..?
Anyway, to my opinion within 10 years from now, having a 'traditional' screen behind the steering wheel will be ancient anyway",0,True
UgzBE6Ua3gnnWP5VUvR4AaABAg,comment,V0wtNI-rzSg,,False,@kingcarter9975,Say innovative again but next time don’t try and sound like an obnoxious wanker,0,True
Ugwyww4rwqGAD7u8heV4AaABAg,comment,V0wtNI-rzSg,,False,@tom186i,"In, of-a-tiv?",0,True
Ugy5lD4tqDm-1sYYEap4AaABAg,comment,V0wtNI-rzSg,,False,@mgd9151,Rather have a gear shifter,0,True
UgwD5NXGoCgg_XqCAoN4AaABAg,comment,V0wtNI-rzSg,,False,@allfornothing4116,"I’m with the Americans on this one, much better off without this crap flooding the market, Europe needs to wake up. We’ll have zero car manufacturing at this rate. 
100% tariffs on these cars isn’t enough, wait and see in 5 years time when they have corroded because they can’t cope with our climate and fail their MOT’s and then we’ll be stuck with tonnes and tonnes of scrap, fools. 
🇺🇸🇬🇧",0,True
UgzyXB4NktlLESwaglB4AaABAg,comment,V0wtNI-rzSg,,False,@johanea,"China car, nope……",0,True
UgzB6AiXI0rVNjP6cVB4AaABAg,comment,V0wtNI-rzSg,,False,@muralisandrakasan3707,"This is what's important in your car?

What a fool",0,True
UgxfCRcmZx8oINngJl54AaABAg,comment,V0wtNI-rzSg,,False,@Amboss39,"It doesn’t matter how it drives, where you have to go if something is defective, how the loss of value is etc. but it has a rotating screen. Then you can forget the rest 😂🤦🏼‍♂️",0,True
UgyWr4zhQxQvhtqROjh4AaABAg,comment,V0wtNI-rzSg,,False,@kubadojakuba,Cool but why on the steereng wheel ?,0,True
UgwDPMGWoDOMDq3-_1l4AaABAg,comment,V0wtNI-rzSg,,False,@naniasbr,Knockoff,0,True
UgwAPO9nmN5YexiRLMR4AaABAg,comment,V0wtNI-rzSg,,False,@franpakemas,Y no sirve para nada,0,True
UgxuyZgMOdHvzv0rFIJ4AaABAg,comment,V0wtNI-rzSg,,False,@andreworlando7374,Couldn't pay me to drive it,0,True
UgwYV5qrMnmI6cDpbQN4AaABAg,comment,V0wtNI-rzSg,,False,@Pramix,Very unusual... The steering wheel is on the wrong side...,0,True
UgyWvUd9ZNh6l1ynNTx4AaABAg,comment,V0wtNI-rzSg,,False,@c56777,BYD HAVE TAKEN OVER😮,0,True
UgyMDTPlZkhLl3tbzJV4AaABAg,comment,V0wtNI-rzSg,,False,@Featherface01,Shilling for the CCP now are we? 😂,0,True
UgyJ9aoA9izr7FkAoRB4AaABAg,comment,V0wtNI-rzSg,,False,@Everydayrobreviews,Didn’t fisker do this in the ocean,0,True
UgxehfV9IpsxHj_esT94AaABAg,comment,V0wtNI-rzSg,,False,@paulreza5354,Catches 🔥,0,True
UgzzsmZJEgYxd-Xn0ax4AaABAg,comment,V0wtNI-rzSg,,False,@FreekToTakex,Fisker had this like 5 years ago,0,True
UgxBMr2-sRFMrSen1eJ4AaABAg,comment,V0wtNI-rzSg,,False,@Kojtxiv5555,This will put tesla to shame... wait it already has,0,True
UgxSYxPNeWvMJNA1-HF4AaABAg,comment,V0wtNI-rzSg,,False,@hackerino9707,Why is a frontcam,0,True
Ugz9VBtHZnTq-zpM2Rt4AaABAg,comment,V0wtNI-rzSg,,False,@lolbots,free Chinese malware too so you can infect your fellow smooth-brained friends and family,0,True
Ugw2acAXUr-2_4awNLR4AaABAg,comment,V0wtNI-rzSg,,False,@alankirby1472,Fisker ocean does this as well.  If you count that as a car.,0,True
UgwyhouZ1ibrpzQMLoZ4AaABAg,comment,V0wtNI-rzSg,,False,@shaftomite007,50k?  I thought BYDs were supposed to be significantly cheaper,0,True
UgzeZDilGALUlCdZSEp4AaABAg,comment,V0wtNI-rzSg,,False,@awychadanczuk,Fisker Ocean can do it as well.,0,True
Ugwrcm2TfuwZKa5P_6x4AaABAg,comment,V0wtNI-rzSg,,False,@tdlaustralia7791,China cars are taking over,0,True
UgwctIYZE2mGJ6qSxOd4AaABAg,comment,V0wtNI-rzSg,,False,@AG-en5y,Tra🗑️sh,0,True
Ugy80jl1vELvjhNGpO54AaABAg,comment,V0wtNI-rzSg,,False,@andgate2000,Not buying a car that requires a smart phone to make it move.,0,True
Ugx1t3iIpsSGw7oZ_7h4AaABAg,comment,V0wtNI-rzSg,,False,@mikailulum2540,"Well, all(kinda) latest BYD can do that",0,True
UgzPqXAuzFjDPgGPuZF4AaABAg,comment,V0wtNI-rzSg,,False,@user-xf5dj1up8g,I have NEVER heard the word “innovative” be pronounced that way omg,0,True
UgxzMwyqDEQUt7l3wtF4AaABAg,comment,V0wtNI-rzSg,,False,@gund89123,"More features means higher probability of failures.
I don’t need that screen rotating",0,True
UgyYn0LA2x9Tc6Q4Eox4AaABAg,comment,V0wtNI-rzSg,,False,@markobakovic627,How high is the electromagnetic radiation (Battery???),0,True
Ugylnti5GaTJ9eWiNMx4AaABAg,comment,V0wtNI-rzSg,,False,@Leubh2,In-oh-tive,0,True
Ugzt3glkpEALmNWjBk94AaABAg,comment,V0wtNI-rzSg,,False,@arthur.reifengerst,"The BYD Atto 3 can do that, too",0,True
UgwQbNygFhCbZyRM2XB4AaABAg,comment,V0wtNI-rzSg,,False,@MisterStrood,I was always told using a phone/smartphone is illegal how can you legally allow using those shayty screens.,0,True
UgxwYykOT6jBA56YVMh4AaABAg,comment,V0wtNI-rzSg,,False,@Gr8Passion4Music,I think in landscape mode the screen covers driver's left front a/c vent.,0,True
UgwZAwR6sIovLd5tK7l4AaABAg,comment,V0wtNI-rzSg,,False,@pps900,Love seeing the Chinese bot accounts in the comment section 😂,0,True
UgxN1HP5VlxkD2VmgAV4AaABAg,comment,V0wtNI-rzSg,,False,@elmoo88,"Most BYDs do this, not only the Seal....",0,True
Ugx6gVM8csUwTdSZWUl4AaABAg,comment,V0wtNI-rzSg,,False,@Jimthehumanoid,The interior looks awful.,0,True
UgxLC8l7fSOMIKG0H1x4AaABAg,comment,V0wtNI-rzSg,,False,@Enrico_Palazzo82,Wow… Nobody has missed it…,0,True
UgydQzQWf8OpIzaTSX54AaABAg,comment,V0wtNI-rzSg,,False,@TheNodyme,wish the screen would also move slightly lower in portait. sits a bit to high for my liking. but cool feature nonetheless,0,True
UgxS3F4ji94nH0iiPy14AaABAg,comment,V0wtNI-rzSg,,False,@Donkeyflup,Shame on you richkid,0,True
UgxLOvwkyxFeN0fyQLR4AaABAg,comment,V0wtNI-rzSg,,False,@f333lfaith,Elon left the Chatroom 😂😂,0,True
UgxAFWu91ixRyZkrY9p4AaABAg,comment,V0wtNI-rzSg,,False,@jruk1981,In novative? That is a unique and innovative pronunciation,0,True
UgxsOOaBEn_2BGg3H_l4AaABAg,comment,V0wtNI-rzSg,,False,@jimclement8492,Chinese shite,0,True
Ugz8BAa2Qis-OLKU8S94AaABAg,comment,V0wtNI-rzSg,,False,@obione7022,This is perfect to compete with  Tesla shit cars !,0,True
UgxD1gqVV2ysZYMRvAx4AaABAg,comment,V0wtNI-rzSg,,False,@Steve-gc5nt,"Sorry, did he say £50 grand?
😂",0,True
UgxzJFrG8rhnecefqlR4AaABAg,comment,V0wtNI-rzSg,,False,@cedhome7945,So busy messing around with the screen he is going to crash ( if the garage doesn't burn down first),0,True
Ugy0yqQc7IfnFNJhb-F4AaABAg,comment,V0wtNI-rzSg,,False,@djexclusive215,Tru Tesla killer,0,True
UgzuAFVHMGgigTQqSuR4AaABAg,comment,V0wtNI-rzSg,,False,@yasielromero8236,"I wish we could buy BYD cars int he US, truly affordable EVs",1,True
UgxQYPh7_hHRvA31Mhd4AaABAg,comment,V0wtNI-rzSg,,False,@louisds5509,Really beautiful car.,0,True
Ugw_x6-8USnDN1PnHdV4AaABAg,comment,V0wtNI-rzSg,,False,@heyhey3887,In-nov-a-tiv? You mean innovative you melt,0,True
UgxmC3ebqcdEXaLp3RV4AaABAg,comment,V0wtNI-rzSg,,False,@renebezdek3084,Yes that is perfect. So I don‘t have to see the road anymore. I wonder what for. It’s so much more fun to star at a big screen than to watch the road. 😂,0,True
Ugz7ytdBedqulDRjitp4AaABAg,comment,V0wtNI-rzSg,,False,@Feuerbasis,And not on garage to fix it,0,True
UgyIvuQcWCqB6GfUIOx4AaABAg,comment,V0wtNI-rzSg,,False,@TheMoskeman,"What people see in these EV toys.. This is not a car, it's android/apple phone on wheels..",0,True
UgwweAvUCzo6RS4gzt54AaABAg,comment,V0wtNI-rzSg,,False,@Noum77,I really don't like those tablets that look glued to the dashboards. The main reason thee Geely Manjaro is still my fav car,0,True
UgwZT1DzOOeSqna5Cxl4AaABAg,comment,V0wtNI-rzSg,,False,@TheJamonLance,"oh great, another thing that will break",0,True
UgwAUGrB0-EJljmDYu54AaABAg,comment,V0wtNI-rzSg,,False,@faki84,Vauuuu incredible a rotating screen 😂 ma va cagher,0,True
UgyvcvwjfPe0B2I9dz14AaABAg,comment,V0wtNI-rzSg,,False,@micmos99,I thought UK does have km/h?,0,True
UgylYN5pOENyfx-ktsl4AaABAg,comment,V0wtNI-rzSg,,False,@michalbroz3429,Are we driving the car or wathing movies?,0,True
UgwyVY1YcIe8Z0DRbFx4AaABAg,comment,V0wtNI-rzSg,,False,@peterfodor5058,"Why do you need a screen in a car whatsoever? I don't need all of this bullshit in a car. I'm not american,  just don't need all unnecessary shit in a car simply.",0,True
UgyUKX6hnd9mlZQYXpZ4AaABAg,comment,V0wtNI-rzSg,,False,@xlogikx,Now look at what slave labour was used in the production of this car and its components. That side would be innovative before the transatlantic slave trade.,0,True
UgytS8M_wRt8oQ6IH9l4AaABAg,comment,V0wtNI-rzSg,,False,@ferdinandpulian5796,"Realizing that all of the technology are stolen from Western technology….😂😂😂
From Tesla and BMW",0,True
UgwD_vznDwDd8D73OAZ4AaABAg,comment,V0wtNI-rzSg,,False,@sinachrevhiram4214,Good luck 😂😅😂,0,True
Ugxzl8-x1RiXnH6B9Ph4AaABAg,comment,V0wtNI-rzSg,,False,@mortenfrosthansen84,Bad thing then.. it is made in CCP China,0,True
Ugz8NPPK9qZFSWUXdR54AaABAg,comment,V0wtNI-rzSg,,False,@danmurad8080,Watch all of this won't last past 50km,0,True
UgwvXXGq1NHE6zL25Wx4AaABAg,comment,V0wtNI-rzSg,,False,@auliaabidharma904,Crazy rich schmee drove byd for daily drive !! We're not so different you and i 😂😂,0,True
UgwvXXGq1NHE6zL25Wx4AaABAg.AGPrmY_rJiTAGPrpr5PK00,comment,V0wtNI-rzSg,UgwvXXGq1NHE6zL25Wx4AaABAg,True,@auliaabidharma904,Except the crazy rich part,0,True
UgzpM5j5_W-6jIojjo94AaABAg,comment,V0wtNI-rzSg,,False,@stevenn4020,I think they stole that from the Fiskar Ocean,0,True
Ugzxnj7a7yhX6Yrk0_x4AaABAg,comment,V0wtNI-rzSg,,False,@michbushi,"Just bout the only relevant bit of information I got from that shit for brains is the range.
Fuck me, we do live in the Idiocracy",0,True
Ugy5PTxFRbguFTWbE5p4AaABAg,comment,V0wtNI-rzSg,,False,@deejooo8213,Wait until he finds out they can almost drive themselves 😊,0,True
UgxaXLviVuFWCI8Jeql4AaABAg,comment,V0wtNI-rzSg,,False,@gismo130,"they look like cheap plastic garbage up close , like most chinese junk it wont last long",0,True
Ugxe8LmOL9ZAiFWJt1p4AaABAg,comment,V0wtNI-rzSg,,False,@MrD3000,Still a piece of trash.,0,True
UgwtoY0zlhWMA-IDgEl4AaABAg,comment,V0wtNI-rzSg,,False,@Damzyboi,Those massive displays in cars look like shit. Why would anyone want that? Its more than enough to have a smaller one,0,True
UgyPrsdX3Ic7dqMWI-R4AaABAg,comment,V0wtNI-rzSg,,False,@avgpiece,"Its a chinese product regardless of performance, chinese products always break for no reason",0,True
UgzgNYADUrBMjmrMLHp4AaABAg,comment,V0wtNI-rzSg,,False,@f.kieranfinney457,It’s heinous inside,0,True
UgyDWYtol91TzW7bPxB4AaABAg,comment,V0wtNI-rzSg,,False,@priyadarshidravid6929,I only wish I was born in China. Top-notch Chinese technology and affordable.,0,True
UgxyRK5PRIHTTAOKNMB4AaABAg,comment,V0wtNI-rzSg,,False,@globalist1990,Overengineered to the hilt. It's a car.,0,True
UgzsqR_oCT1Sj3MdvkN4AaABAg,comment,V0wtNI-rzSg,,False,@TheDragonaf1,"""in-ov-ative""??",0,True
UgwNHbEHHjyOTue14sF4AaABAg,comment,V0wtNI-rzSg,,False,@gerardmcmanus,In-ov-ative? Do you not mean ino-vat-ive? 😂,0,True
UgzD5fIdQdSMBM_zGGN4AaABAg,comment,V0wtNI-rzSg,,False,@saintdadmnd8477,Huh!? Isn’t a rotating screen old news?,0,True
UgxjOintuD6d9LsEauh4AaABAg,comment,V0wtNI-rzSg,,False,@nobody3634,Wow! A special button that you'll press at most once. What's the point of changing the orientation once you've chosen the one you prefer?,0,True
UgzOjLzb03zuxd5ZcR54AaABAg,comment,V0wtNI-rzSg,,False,@killakoala1305,"Why would Americans hate?   i don't understand, i guees I'm not in the loop",0,True
UgwVCXyYnirCFrxpNCp4AaABAg,comment,V0wtNI-rzSg,,False,@panpeter8234,useless review,0,True
Ugwq4dhDi1X-V8LElaR4AaABAg,comment,V0wtNI-rzSg,,False,@leps75,Thats the most important feature anybody looks for when buying a car...,7,True
Ugwq4dhDi1X-V8LElaR4AaABAg.AGP2WE6mF-gAGUgBTv7hY9,comment,V0wtNI-rzSg,Ugwq4dhDi1X-V8LElaR4AaABAg,True,@TinySly,"Not most important. But for some it can be a deal breaker if the screen is in landscape or portrait.
Some find it distracting to have half a screen in their view, some like to have some information in view from the screen.

If Tesla did have the option to change the screen from portrait  to landscape, I know a fair few who would concider Tesla again.",0,True
Ugwq4dhDi1X-V8LElaR4AaABAg.AGP2WE6mF-gAGVd0LcjA5z,comment,V0wtNI-rzSg,Ugwq4dhDi1X-V8LElaR4AaABAg,True,@leps75,"@rickardsvensson7097  i believe what you're saying Is true , but I' m actually not looking for a big screen on a car. I know that's whats going fornthe most , but not me.",0,True
Ugwq4dhDi1X-V8LElaR4AaABAg.AGP2WE6mF-gAGVvafsDSq8,comment,V0wtNI-rzSg,Ugwq4dhDi1X-V8LElaR4AaABAg,True,@TinySly,@leps75 and that makes absolute sense too. Some just want ordinary dials and feeling of viability.,0,True
Ugwq4dhDi1X-V8LElaR4AaABAg.AGP2WE6mF-gAGWJWcd_szm,comment,V0wtNI-rzSg,Ugwq4dhDi1X-V8LElaR4AaABAg,True,@stevenbeall9637,And yet cupholders aren't just as silly? My 68 Eldorado didn't have em. Don't know how we ever survived.,0,True
UgxM9FEMLfpzhRzzOVd4AaABAg,comment,V0wtNI-rzSg,,False,@Samanthaxo08,didnt the fisker ocean have a rotating display,0,True
UgxP23v8roIMLzBDlpp4AaABAg,comment,V0wtNI-rzSg,,False,@RedSquirreLx,bots,0,True
UgwPiWH9xlIGoy7UrA54AaABAg,comment,V0wtNI-rzSg,,False,@harish_narayan,It's there in MG also,0,True
UgyQHZXSwQtiXM66HlN4AaABAg,comment,V0wtNI-rzSg,,False,@dmvpat,American auto makers would charge you $30 a month subscription fee to use that feature 10 times in a month. $50 a month unlimited.,0,True
UgynVFZgmGhyCgfftAJ4AaABAg,comment,V0wtNI-rzSg,,False,@realrustscientist,"don’t get me wrong the car is cool, but what a useless gimmick😭 how often are you rotating your screen of ever to where it needs to take up space on the wheel or as a quick function button it’s just extra weight and moving parts that are completely unnecessary and an excuse to add $5k to the price",0,True
UgydRKYpbIwlsUB4DYt4AaABAg,comment,V0wtNI-rzSg,,False,@collectibleknicknacks,BYD 🦭🦭🦭🦭🦭🦭😎😎😎😎,0,True
Ugxvg1ZL7ZfJ0tbo2tJ4AaABAg,comment,V0wtNI-rzSg,,False,@meero3479,Getting mine feb 2026. Cannot wait,0,True
UgwNcq5ArpE348QquJh4AaABAg,comment,V0wtNI-rzSg,,False,@Kelapamuda126,How much BYD pay you?,0,True
Ugw-ulmu2xOPQx2upYR4AaABAg,comment,V0wtNI-rzSg,,False,@benjibatch,The most interesting thing is the way you pronounce innovative… 🤔🤔,0,True
UgyOhzi64vxd_47nmDJ4AaABAg,comment,V0wtNI-rzSg,,False,@Player-pj9kt,Better than a Tesla,0,True
UgyKYJ5o1cwKjSY8oRZ4AaABAg,comment,V0wtNI-rzSg,,False,@Trus7ed.7,😂 Chinese crap.,0,True
UgzAerC2C1UjzFbs3QZ4AaABAg,comment,V0wtNI-rzSg,,False,@adrianthoroughgood1191,Thats insanely unnecessary. Just have it on a rotating mount with 2 lock points. Most people will just pick an orientation and then never change it again. Having a motor and a dedicated button on the steering wheel is crazy.,0,True
Ugw3hgB79sT4F84J-uR4AaABAg,comment,V0wtNI-rzSg,,False,@kirkjohnson6638,"Well, the BYD cars only last four years, so the rotating tablet might last that long.",0,True
Ugx1GLQ_l8mCVWdxjTl4AaABAg,comment,V0wtNI-rzSg,,False,@andyyinni7451,"Sold it in the Mexico, can’t believe Mexican are driving this Chinese car and American still afraid this Chinese made car 😂😂😂😂",0,True
Ugy7EH8ZOgXpwnhGmMF4AaABAg,comment,V0wtNI-rzSg,,False,@andyyinni7451,"Sold it in the Mexico, can’t believe Mexican are driving this Chinese car and American still afraid this Chinese made car 😂😂😂😂",0,True
UgxTePVcvkS-ltCicaN4AaABAg,comment,V0wtNI-rzSg,,False,@tonywyli,This is standard in all Chinese cars,0,True
Ugw1iooN7PGrfwJB8CR4AaABAg,comment,V0wtNI-rzSg,,False,@JohnSmith-rt5yq,Didnt the fiskar ocean rotate the screen? And was done before?,0,True
UgzOJtAqB1oT-kkGPYl4AaABAg,comment,V0wtNI-rzSg,,False,@danielchoritz1903,"there are flexible oled screens, full transparent screens..and it is novel to flip the screen -.-",0,True
Ugxzhu6hh4elKDNaJA14AaABAg,comment,V0wtNI-rzSg,,False,@Lukey-jy4ez,Wow 😂,0,True
UgzXGw2hEBt_eXWOUuN4AaABAg,comment,V0wtNI-rzSg,,False,@derekg2132,Way too much stuff in these cars that can break imagine the speedo screen breaking and the price to fix these things,0,True
UgxNkod4cWQeT2XYvK54AaABAg,comment,V0wtNI-rzSg,,False,@Bigshrexy,To bad the steering wheel is on the wrong side 🦅🦅🦅🦅,0,True
Ugw5alYDUZXn8sSDwYt4AaABAg,comment,V0wtNI-rzSg,,False,@mleko23,"Saw that before, it is not first car to do it",0,True
UgzUgoD3K5cinHkfYcZ4AaABAg,comment,V0wtNI-rzSg,,False,@chrishanson3964,"That novelty soon wears off, had my atto for 18 months and literally the only time I put it into portrait mode is when showing someone it can go into portrait mode, it doesnt work with android auto and the only other time I'd use it would be for navigation, but the BYD native navigation isnt great, I prefer to use Waze via Android auto",0,True
Ugz-wpZNkleoKex9GJx4AaABAg,comment,V0wtNI-rzSg,,False,@bernardoribeiro3076,Infotainment design is horrible,0,True
UgzDPZo0Wj53L4hWyb54AaABAg,comment,V0wtNI-rzSg,,False,@Huwadwink,Would have been perfect if the display is telescopic too.,0,True
UgwJgBbnoo4V8Qy-DoF4AaABAg,comment,V0wtNI-rzSg,,False,@reggieongoogle3583,"Trump, UAW, and GM are so damn afraid of BYD and other Chinese cars that they are literally changing the laws so that you can never own them here in America.",0,True
UgxqIt1Yu7-hEgMQZHZ4AaABAg,comment,V0wtNI-rzSg,,False,@kestertroy,"Dude is definitely being paid to say ""to left all the silly stuff behind"" AND ""This is my daily driver"".",0,True
UgzpWAozKDYPuZRjkL54AaABAg,comment,V0wtNI-rzSg,,False,@kestertroy,"When you see someone being paid to say he daily drives a non-trophy car, while his entire YouTube content is about chasing and daily-driving unattainable cars like money has never been an issue, with the insufferable Schmee Schmick Schmuck smile. That rotating screen has never been more convincing.",0,True
UgxbUPE91Iy_yqXiS6N4AaABAg,comment,V0wtNI-rzSg,,False,@drivingmylife1984,And?,0,True
UgxZIQEc0PYPsi2-TiJ4AaABAg,comment,V0wtNI-rzSg,,False,@michele_,I hope there's dark theme for that screen and that it's oled,0,True
UgxEOiRiAgribUphx4R4AaABAg,comment,V0wtNI-rzSg,,False,@TheMartman1971,Chinese shite it'll last a few years at the most then start falling apart if it don't lock you in first and rotisserie your arse like a chicken when it goes up in flames,0,True
Ugz8Btv88ogvtLwSbld4AaABAg,comment,V0wtNI-rzSg,,False,@urgaynknowit,"Absolutely hate tablet screens that hide the climate controls , please bring back normal knobs 😂",0,True
UgwnH6LR1oT1_QyU8vB4AaABAg,comment,V0wtNI-rzSg,,False,@pangtsr,"Not the first car to do that, mate",0,True
UgzwZCAOLEPOpZCxw0Z4AaABAg,comment,V0wtNI-rzSg,,False,@davidecasarin4953,"That's amazing.
It's the same thing I do with my phone.",0,True
Ugz2lZnXZxxFiUhlDD54AaABAg,comment,V0wtNI-rzSg,,False,@cmoggy,Ino v a tive.  Moron,0,True
Ugyo2pmTnrHEmaamAgl4AaABAg,comment,V0wtNI-rzSg,,False,@BahMah-z9b,This britains their country muslimshithole now and their cars from the communist,0,True
UgyQQ9IE5Gd1Dhsn6v54AaABAg,comment,V0wtNI-rzSg,,False,@WiththegraceofgodHJ,Say innovative again?,1,True
Ugxgk6p672hk32AX1v54AaABAg,comment,V0wtNI-rzSg,,False,@WiththegraceofgodHJ,Cheap things no good good thing no cheap.,2,True
UgygVAVXCTLcUDZH70l4AaABAg,comment,V0wtNI-rzSg,,False,@illbeback2YT,everybody knows this already.,0,True
Ugw0owiQSyW-_Bal1dZ4AaABAg,comment,V0wtNI-rzSg,,False,@fernandoalegria4240,"Made by slaves. They work 9am to 9pm, 6 days a week. Enjoy your car .",0,True
Ugw0owiQSyW-_Bal1dZ4AaABAg.AGO5VBtt9GSAGP92pwu5ce,comment,V0wtNI-rzSg,Ugw0owiQSyW-_Bal1dZ4AaABAg,True,@opensprings,"Here is a car factory in China:   youtube.com/watch?v=kYkgXkoEBzg  
Tell me what I'm missing?",0,True
Ugw0owiQSyW-_Bal1dZ4AaABAg.AGO5VBtt9GSAGPDd64kVWn,comment,V0wtNI-rzSg,Ugw0owiQSyW-_Bal1dZ4AaABAg,True,@fernandoalegria4240,"@opensprings  996 seems appropriate for workers? Please say yes, that you would gladly work 996.",0,True
Ugw0owiQSyW-_Bal1dZ4AaABAg.AGO5VBtt9GSAGPYgySVD4O,comment,V0wtNI-rzSg,Ugw0owiQSyW-_Bal1dZ4AaABAg,True,@fernandoalegria4240,"@opensprings A product of slaves. 996, 9am to 9pm, six days a.week. slaves.",0,True
UgzeMDcU1CtEzV7RQ4h4AaABAg,comment,V0wtNI-rzSg,,False,@GT51984,The other cars in the garage are so sexi!,0,True
Ugz7Oj-sZJIIitgoD8Z4AaABAg,comment,V0wtNI-rzSg,,False,@dutchy213,We’ll never see one in the us. And dodge painting out garbage 🗑️,0,True
UgycP9flWmi_6o189Fd4AaABAg,comment,V0wtNI-rzSg,,False,@ChPeRo,"I hate all these appliances on wheels, but it’s fun watching BYD eat Elon’s lunch",0,True
Ugyt-FrF7k_VOHPm8K94AaABAg,comment,V0wtNI-rzSg,,False,@torbenjacob5459,Who cares if the screen can rotate 🤦‍♂️😂,0,True
Ugz6m26a4a6S23rr2zJ4AaABAg,comment,V0wtNI-rzSg,,False,@allanmould2633,Who cares,0,True
UgzjMEdSeUlNepw6sox4AaABAg,comment,V0wtNI-rzSg,,False,@brianng9765,"dafuq, doesn't the Fisker Ocean have that as well？And other BYD models have that too",0,True
Ugz-GrOay8_Osay6q3J4AaABAg,comment,V0wtNI-rzSg,,False,@kromus1,Stupid gimmick,0,True
UgxANKEDaQhLocxGefJ4AaABAg,comment,V0wtNI-rzSg,,False,@King_Ears,How much are they paying you to shill this crap shmee?,0,True
UgyFVNRqayhE97wlPB54AaABAg,comment,V0wtNI-rzSg,,False,@DanielFinsternis,Chinese quality and reliability. I wouldn't like to test the air bags in an accident.,0,True
UgyFVNRqayhE97wlPB54AaABAg.AGNONcYTX48AGNOdcj6YtE,comment,V0wtNI-rzSg,UgyFVNRqayhE97wlPB54AaABAg,True,@Cheezer3089,😂😂😂,0,True
UgxUFObLK8Auz1UTgeJ4AaABAg,comment,V0wtNI-rzSg,,False,@you_mad,"This isnt a car. No engine, not a car, it's a chinese laptop",0,True
Ugzs5Zda0tOChlyuuwd4AaABAg,comment,V0wtNI-rzSg,,False,@tallyrc,Let me know when it's 25000,0,True
UgzvNrKmEq48myxW4YV4AaABAg,comment,V0wtNI-rzSg,,False,@kermit32dll,We need more screens,0,True
UgwRN1HV6P-cdbRav-V4AaABAg,comment,V0wtNI-rzSg,,False,@AJITH1,In - ov- o - tiv ???😂😂😂,0,True
UgyzKvLN-JxNC2pXQyh4AaABAg,comment,V0wtNI-rzSg,,False,@enelle5380,"""multiple digital screens"" isn't a plus.",0,True
UgyAlwncdxaUZur4jR94AaABAg,comment,V0wtNI-rzSg,,False,@nnn-pr3vr,I wonder which innovations (or useless gimmicks) from chinese cars actually become adopted as industry standard,0,True
UgxX8HFcNjKoVSrNPyd4AaABAg,comment,V0wtNI-rzSg,,False,@ninaaniston1717,"Yeah, just another reason not to ever get one of those ipads. I have enough disposable junk as it is.",0,True
Ugz_djTyP7FNJuH_W4J4AaABAg,comment,V0wtNI-rzSg,,False,@edvoon,"Meh, thought it was something new - just the screen rotating parlour trick that BYD had always put in their cars.",0,True
UgzUwO2Bs2RW1SeN2Ed4AaABAg,comment,V0wtNI-rzSg,,False,@DeEmperor1,Americans are not allowed to have nice things 😢😢😢,0,True
UgyvV9GqPwCWMAmfukB4AaABAg,comment,V0wtNI-rzSg,,False,@immers2410,I’m not buying another Tesla until and unless Elon is removed from the board,0,True
UgzG0PIu8d4YMjCZsZF4AaABAg,comment,V0wtNI-rzSg,,False,@_zoinks2554,Looks like crqp to me,0,True
UgxvFExEYUSWrWTjURV4AaABAg,comment,V0wtNI-rzSg,,False,@LainOTN,"That is not the only car than can do that, all BYD cars including the small and cheap Dolphin do this.",0,True
UgxL4lh7FSEa5G2iabp4AaABAg,comment,V0wtNI-rzSg,,False,@AlexanderAddams,That a Fisker Ocean trick. They came up with it first.,0,True
Ugxf-D1XOXJKxfjzrPh4AaABAg,comment,V0wtNI-rzSg,,False,@anakaoka,More to break,0,True
UgwFanmS59WoDCvit754AaABAg,comment,V0wtNI-rzSg,,False,@anakaoka,China paid him??,0,True
UgwVGngoY5sKps0Xa2Z4AaABAg,comment,V0wtNI-rzSg,,False,@yoincredaniel,As soon as byd comes to USA I’m ditching my Tesla bc fuck fElon,0,True
UgxYtk5705sYQwtnurF4AaABAg,comment,V0wtNI-rzSg,,False,@stingerBTW,Fisker Ocean anyone ? 😂,0,True
UgzGFOPR43UZAsPCMlF4AaABAg,comment,V0wtNI-rzSg,,False,@daveretash9153,"Thank you, this is beautiful and reminds to appreciate China's work. Some how we must start to feel better about ourselves and other humans in this world.",0,True
UgwUP2QCgQ2LZIi9Nfd4AaABAg,comment,V0wtNI-rzSg,,False,@367Stories,"That is not a tablet, thats a TV",0,True
UgyfCEajds9kIzYPZAN4AaABAg,comment,V0wtNI-rzSg,,False,@michaellowe3665,"The mechanic said i had blown a seal.  I said, ""Fix the damn thing and leave my private life out of it.""",0,True
UgyaqlsqJaNN3ij2z3x4AaABAg,comment,V0wtNI-rzSg,,False,@ShafinMH,You need to do some research to be a car 🚘 reviewer. Fisker Ocean had the same feature long ago.,0,True
UgyhY75T8DKi5xDBDk54AaABAg,comment,V0wtNI-rzSg,,False,@LiDARs,Shill much?,0,True
UgwWG_muv8NX_iOEcg54AaABAg,comment,V0wtNI-rzSg,,False,@jackblackwhiterice,Thanks god!,0,True
UgzEbRRs8z0Zpg1gdq54AaABAg,comment,V0wtNI-rzSg,,False,@jorad4887,"3 things that go into a budget and expensive vehicles, 1. behemoth infotainment screen, 2.leather seats and upholstry and 3. huge sun/moon panoramic sunroof",0,True
Ugxvsg-wcRrXSwWWxKd4AaABAg,comment,V0wtNI-rzSg,,False,@DAM89,Still prefer a Model Y anyday,0,True
Ugwj0lfGTYw4GyY1Ax94AaABAg,comment,V0wtNI-rzSg,,False,@the_fifth_wheel,More reason too take your eyes off the road whilst driving 😳,0,True
UgyPfJDMvJ_OrZpFvGl4AaABAg,comment,V0wtNI-rzSg,,False,@mjb47pappy,BYD cars are garbage,0,True
UgyyCawlL3CNmnvh9-d4AaABAg,comment,V0wtNI-rzSg,,False,@robertcooper7157,"See it and weep Musk. You reign is over as the Chinese are kicking your ass and now, they are going to tap in the race for space and I think they will surpass you here also.",0,True
Ugy31Uo3y_Q8UdjQlzF4AaABAg,comment,V0wtNI-rzSg,,False,@jswim201,I wish i could buy this car in the states,0,True
Ugx8XbcDiOsS5xvI5eh4AaABAg,comment,V0wtNI-rzSg,,False,@jeanclaudegouesse,"TESLA brings the display to the car, BYD makes it spin around 🎉,  how creative and genius!  😊",1,True
Ugxa2sv2eLSnHDDr0rl4AaABAg,comment,V0wtNI-rzSg,,False,@jeanclaudegouesse,What exactly  does the turning screen add to the car? Lots of useless features .,0,True
UgyqbuLXa8m4ybkv9Lp4AaABAg,comment,V0wtNI-rzSg,,False,@DesiJugaarDIY,"Elon makes Trump to ban China so Tesla has no competition , what the hell happened to US which was known for Quality and competition, since when US started acting like 3rd world style corrupt practices , monopolies and nepotism ?",0,True
UgyLLWXgD_2IU4jDhTN4AaABAg,comment,V0wtNI-rzSg,,False,@ManSheikaliam,"I've never heard someone pronounce ""innovative"" like that",0,True
UgwcbS_14TbrY4AWVl54AaABAg,comment,V0wtNI-rzSg,,False,@person749,That UI looks attrocious.,0,True
Ugy1_FYyPKWcqJksb_x4AaABAg,comment,V0wtNI-rzSg,,False,@lemonbounce57,So it looks glued on or it looks glued on.,0,True
UgybTFrPOp3x2t0Zkkt4AaABAg,comment,V0wtNI-rzSg,,False,@Tyr_kllr-Official,Screen rotation was on the fisker ocean.,0,True
Ugz1bPCqi2MJZ4zoT5t4AaABAg,comment,V0wtNI-rzSg,,False,@ddjacksonmusic,Yaen,0,True
UgzTSiTE0yXBhLKgzwl4AaABAg,comment,V0wtNI-rzSg,,False,@carllyons4903,"However it creates a blind spot, so just a gimmick 😂",0,True
Ugx1zqOY10H7Yr1vVpl4AaABAg,comment,V0wtNI-rzSg,,False,@josearias2671,Cool feature. But unfortunately it’s a crappy EV not worth looking at,0,True
UgwgM7XHiXBoO0pHD294AaABAg,comment,V0wtNI-rzSg,,False,@KoZeroSM,Why is their software ui/UX design so lame compared to other Chinese companies?,0,True
UgwP7H-vp1unFW70D4V4AaABAg,comment,V0wtNI-rzSg,,False,@scottcain3068,"Just dont hot a pothole. Dont have a fender bender and dont look at the suspension and running gear components made out of cheap chinese alloys.. Don't worry about the cheap af paintjob, the non-existent rustproofing or airbags that fail to deploy..
And dont worry about your money going directly into ccp coffers, so they can continue to oppress, subjugate and depress over a billion people..
Shills for the ccp are the lowest form of life on the planet. They literally make money from the misery of countless locals being told to eat bitter.. If this was the 30's these scum would be taking money of hitler and stalin",0,True
Ugxi-D7Re7gLcs-IA7d4AaABAg,comment,V0wtNI-rzSg,,False,@HristovRumen,Innovative!? I call this lack of any kind of design. In other words - shit.,0,True
UgxZGnjHtWTOoFvIc-J4AaABAg,comment,V0wtNI-rzSg,,False,@NNN261,So where's the button to hide that screen completely? Because THAT would be luxury,0,True
UgxZGnjHtWTOoFvIc-J4AaABAg.AGLubEXprwbAGPN2zaVU18,comment,V0wtNI-rzSg,UgxZGnjHtWTOoFvIc-J4AaABAg,True,@darkdaxter5190,Just grab the screen and pull it really hard,1,True
UgxN9TgMj6j4BLa08RR4AaABAg,comment,V0wtNI-rzSg,,False,@MrFluorescentify,My Nokia 3110 have more resolution than that screen.,0,True
Ugym10jp1GW0iyZQ6lx4AaABAg,comment,V0wtNI-rzSg,,False,@mnyez101,"All this tech becomes old, like a computer in a year or two.",0,True
UgyG8QjQu31sTcEkHJ14AaABAg,comment,V0wtNI-rzSg,,False,@jacklav1,I fucking hate touch screens. I can’t understand why they are legal. Putting defrost on requires you to look away from the road for several seconds. Worse than using a mobile phone.,0,True
UgyJd2rzZT5IqkDE-eN4AaABAg,comment,V0wtNI-rzSg,,False,@clearasabell,Plenty of distractions there then,0,True
UgxilBPujue9HCyx5wx4AaABAg,comment,V0wtNI-rzSg,,False,@porschecarreras992cabriole8,The gear selector is copied from Porsche!,0,True
Ugz1xZ_Tb3KFiAahkDh4AaABAg,comment,V0wtNI-rzSg,,False,@TheGuyWhoAsked72,Make sure to not spontaneously explode,1,True
Ugz1xZ_Tb3KFiAahkDh4AaABAg.AGLplpwZfzZAGMKCszYqA-,comment,V0wtNI-rzSg,Ugz1xZ_Tb3KFiAahkDh4AaABAg,True,@m0j072,"There we go, the standard response from the clueless idiot.  Gotta say that in my years of driving, I've personally seen probably 6-7 ICE vehicles on the side of the road, fully engulfed in flames.  In fact, the melted remains of one such vehicle can still be seen on the side of the freeway not far from my place (it was a Jeep Cherokee, btw).  I've not seen a single EV on fire.",3,True
Ugz1xZ_Tb3KFiAahkDh4AaABAg.AGLplpwZfzZAGOH2XmzH6l,comment,V0wtNI-rzSg,Ugz1xZ_Tb3KFiAahkDh4AaABAg,True,@chrishanson3964,"Also, EVs don't ""spontaneously explode"" that would be ICE cars (the C being for combustion if you didn't know) if an EV does catch fire, it's a lot slower, giving time for people to get out. Petrol cars go up in seconds",0,True
Ugz1xZ_Tb3KFiAahkDh4AaABAg.AGLplpwZfzZAGiDuYcqD_B,comment,V0wtNI-rzSg,Ugz1xZ_Tb3KFiAahkDh4AaABAg,True,@TheGuyWhoAsked72,"@m0j072about 1% of cars are electric, and electric cars are at their highest popularity right now. so to see a proportional amount of gas car fires to electric car fires you would need to see 99 gas cars on fire for every one electric car on fire. You haven’t seen nearly enough cars on fire to have any statistically significant data.",0,True
Ugz1xZ_Tb3KFiAahkDh4AaABAg.AGLplpwZfzZAGiE5THTJYT,comment,V0wtNI-rzSg,Ugz1xZ_Tb3KFiAahkDh4AaABAg,True,@TheGuyWhoAsked72,@chrishanson3964the “I” stands for internal if you didn’t know,0,True
Ugz1xZ_Tb3KFiAahkDh4AaABAg.AGLplpwZfzZAGiEjpYG4EN,comment,V0wtNI-rzSg,Ugz1xZ_Tb3KFiAahkDh4AaABAg,True,@TheGuyWhoAsked72,@chrishanson3964some people obviously can’t escape in time because Tesla alone had 28 deaths in 2023 which is about 5% of all fire deaths. (us fire administration),0,True
Ugz1xZ_Tb3KFiAahkDh4AaABAg.AGLplpwZfzZAGj-lnFB5l6,comment,V0wtNI-rzSg,Ugz1xZ_Tb3KFiAahkDh4AaABAg,True,@m0j072,"@TheGuyWhoAsked72  I've seen 6 ICE car fires and zero EV fires. Since we're doing statistics, six divided by zero is undefined. Or, as some would express it, it's near enough to infinity. So, by your reckoning, I've seen infinitely more ICE fires than EV fires.",0,True
Ugz1xZ_Tb3KFiAahkDh4AaABAg.AGLplpwZfzZAGj09kJR-UY,comment,V0wtNI-rzSg,Ugz1xZ_Tb3KFiAahkDh4AaABAg,True,@m0j072,"@TheGuyWhoAsked72 While we're on the topic, in the early days of petrol cars, vehicle explosions/fires were far more common than they are nowadays.  If everyone reacted with outright fear and believing the extremist propaganda as people like you are doing today with EVs, you'd still be riding around in a horse and cart.",0,True
Ugz1xZ_Tb3KFiAahkDh4AaABAg.AGLplpwZfzZAGkfL8HpAKy,comment,V0wtNI-rzSg,Ugz1xZ_Tb3KFiAahkDh4AaABAg,True,@TheGuyWhoAsked72,@m0j072I’ve seen one woman have a heart attack but I’ve never a woman giving birth so I guess it’s infinitely more likely for woman to have a heart attack than to give birth. Obviously I don’t have enough experiences or data to have statistically significant results.,0,True
Ugz1xZ_Tb3KFiAahkDh4AaABAg.AGLplpwZfzZAGkffK_zNmc,comment,V0wtNI-rzSg,Ugz1xZ_Tb3KFiAahkDh4AaABAg,True,@TheGuyWhoAsked72,⁠@m0j072sure innovation is great and necessary but don’t act like electric cars don’t have way more issues with fires.,0,True
Ugz1xZ_Tb3KFiAahkDh4AaABAg.AGLplpwZfzZAGkncafXYSY,comment,V0wtNI-rzSg,Ugz1xZ_Tb3KFiAahkDh4AaABAg,True,@m0j072,"@TheGuyWhoAsked72 And back in the early days of ICE vehicles, they were (and still are) way more susceptible to catch fire than a horse.  Yet, they persisted with development and improving safety and thankfully didn't pay attention to all the horse loving anti-car naysayers.  Much the same development is taking place with EVs - for instance, LFPs are less prone to thermal runaway.
I assume that since you're so scared of exploding vehicles, you don't actually own an internal combustion engine vehicle but instead, you ride a horse/bicycle as your sole means of transport because after all, there's much less chance of them catching fire.",0,True
Ugz1xZ_Tb3KFiAahkDh4AaABAg.AGLplpwZfzZAGl-8Q9v8vs,comment,V0wtNI-rzSg,Ugz1xZ_Tb3KFiAahkDh4AaABAg,True,@TheGuyWhoAsked72,"@m0j072​​⁠naysayers are needed because without pressuring companies to make safer cars we would still have unsafe ICE cars. Now teslas are less than 1% of all cars on the road but are responsible for 5% of car fire deaths. (Us fire administration)

I think electric cars are the future but they currently have several problems one being they catch fire more often than modern cars as seen in the statistic above.",0,True
UgwdTVxyikRRDLsrlLx4AaABAg,comment,V0wtNI-rzSg,,False,@LLuka68398,"And when it breaks,god help you",0,True
UgyR3E6NdbU3hyvsyXh4AaABAg,comment,V0wtNI-rzSg,,False,@tube.bossmc,Really…that’s so old news 🗞️ now,0,True
UgyIFkWTZurnEtmNdgt4AaABAg,comment,V0wtNI-rzSg,,False,@impinas,"I remember when new golfs, focuses etc were sold for 15k. I ain't paying 40k for a toy...",0,True
UgzLClOHlRBGIBTmYPJ4AaABAg,comment,V0wtNI-rzSg,,False,@upactive1365,Who cares about a rotating screen 😂,0,True
UgwrjOlRW7X5mbz-PgV4AaABAg,comment,V0wtNI-rzSg,,False,@suad01,Atto 3 does this too,0,True
UgzcB-6LZvGhkuDlR6p4AaABAg,comment,V0wtNI-rzSg,,False,@Ironicallymason,Fisker and lucid have turning screens way before this Chinese price of garbage,0,True
Ugy5X9Cc6EIvEufUkSt4AaABAg,comment,V0wtNI-rzSg,,False,@solar.planet-earth,Useless feature.,0,True
UgxPubn2dRSGba3kA014AaABAg,comment,V0wtNI-rzSg,,False,@Sparky_D,"Why does a purely electric car have a massive ""transmission tunnel""....",0,True
Ugw_tba9l472ANaeERd4AaABAg,comment,V0wtNI-rzSg,,False,@slowanddeliberate6893,Tesla sucks,0,True
UgwLipedfnsxJ55I-K14AaABAg,comment,V0wtNI-rzSg,,False,@alliancebg,Free crematorium!,0,True
UgyE0U6scY2wcJ1UcuB4AaABAg,comment,V0wtNI-rzSg,,False,@alliancebg,Does it come with a life insurance?,0,True
UgxB8cR6ff5a4R0xcj94AaABAg,comment,V0wtNI-rzSg,,False,@alliancebg,"So hot, it burns for days!",0,True
UgwoqAivAO1bPU4JSZJ4AaABAg,comment,V0wtNI-rzSg,,False,@alliancebg,That's hot!,0,True
UgxCL7lYYeuiZKHuzhx4AaABAg,comment,V0wtNI-rzSg,,False,@alliancebg,Don't get burned!,0,True
UgyXog2zWFl9imaX_Ux4AaABAg,comment,V0wtNI-rzSg,,False,@alliancebg,Fire!,0,True
Ugy3L5Te4E7-xnqtOCN4AaABAg,comment,V0wtNI-rzSg,,False,@llIIIllIIllIlI,ppl acting like the fisker ocean never existed is so fun,0,True
UgzeiyadiTGwFOF28vZ4AaABAg,comment,V0wtNI-rzSg,,False,@houseofthehuntinghorn1433,Ew cheap crap. As i just finished watching one of these cars wheels Falling of while driving,0,True
UgwV6QlQJpEJFv54gwR4AaABAg,comment,V0wtNI-rzSg,,False,@robertbox5399,A gimmick that is considered more important than that it is a milkfloat. A phone on wheels.,0,True
UgzEJNWn1DSVlkyLwF14AaABAg,comment,V0wtNI-rzSg,,False,@ronnywe378,Useless function. I drive my Seal for 3/4 year now and I used it 3x. Just for showing. But I love my Seal anyway ❤,0,True
UgyKoUDbpV9f22M3I1N4AaABAg,comment,V0wtNI-rzSg,,False,@zbuiz-cu7lv,"F### this buy American , instead of this commi 🇨🇳,  product",0,True
UgxLXb5aw0yaQKO6LJF4AaABAg,comment,V0wtNI-rzSg,,False,@FunTravel-jm9ss,Does the ability to rotate make it easier to replace when it fails ?,0,True
UgwBWC0F3PQ95dIgN5t4AaABAg,comment,V0wtNI-rzSg,,False,@rickylovesyou,Shits all over the ugly ass Teslas.,1,True
UgypDIV8UxWqHm2VU-14AaABAg,comment,V0wtNI-rzSg,,False,@bdabroad,Looks cheap,0,True
Ugzn8iNraauV3h2vBG14AaABAg,comment,V0wtNI-rzSg,,False,@kiah1899,FOR FIFTY THOUSAND DOLLARS THE TABLET SPINS WOOOOOOOOO,0,True
UgwtchT5GEpMfYivDOt4AaABAg,comment,V0wtNI-rzSg,,False,@philiplindley7384,"Imagine having such a tedious life that you get excited about switching from landscape to portrait mode in your car, yawn.",0,True
Ugzem6-lnTydzDmz5Jp4AaABAg,comment,V0wtNI-rzSg,,False,@ferentcristian6455,Trash car 💩💩,0,True
UgwWhVN1EXgOvyt8nb14AaABAg,comment,V0wtNI-rzSg,,False,@drivelaughing7905,"It should have a nice interior for 50 thousand pounds!!! It's 50 bloody thousand pounds!!! And I still don't want a giant TV screen on my dashboard, especially one that spins round.",0,True
UgyjpSm8TSZE3tGdeDt4AaABAg,comment,V0wtNI-rzSg,,False,@juliejakob1,Well Fisker Ocean had it.,0,True
Ugzgt0nejl42ST3w4G94AaABAg,comment,V0wtNI-rzSg,,False,@GQPshow,Hopefully we can purchase a byd in Canada soon!!,0,True
UgyriygGERBGClVCicJ4AaABAg,comment,V0wtNI-rzSg,,False,@jan-pcro,no,0,True
UgzCezMC9rSRfuHsFxV4AaABAg,comment,V0wtNI-rzSg,,False,@LHJSVT,"Seriously?, you being so late mate.",0,True
UgwzjhyCiXF8joIN8cd4AaABAg,comment,V0wtNI-rzSg,,False,@TheBlondins,"The Fisker Ocean did this, but they collapsed at launch so oh well 😂",0,True
UgxhloKo46RVxr1VBeR4AaABAg,comment,V0wtNI-rzSg,,False,@orderofmagnitude-TPATP,.....and?,0,True
UgwIvtj-EeUMTTqsSzh4AaABAg,comment,V0wtNI-rzSg,,False,@gianpietroprevitali7103,Perfect for reading log error while troubleshooting..😉,0,True
UgyoSP_o3QfB7qBopx14AaABAg,comment,V0wtNI-rzSg,,False,@panagiotisnikoloudakis4949,Really!?!?,0,True
UgwQqgRijrIxVTPbDm14AaABAg,comment,V0wtNI-rzSg,,False,@SolarPoweredFlashLight,These cars completely crumble from rusting in 3 years,0,True
UgzjXVgNRuj92_oeaf54AaABAg,comment,V0wtNI-rzSg,,False,@bullet_tooth_tony,What happened to cars? Why do they install gigantic TVs in them? It looks so awkward.,0,True
UgzAnXZyeXfkSuXG9o94AaABAg,comment,V0wtNI-rzSg,,False,@Mark-wx1ho,"I like this car a lot, but with the screen in landscape mode, the steering wheel obstructs it. This is the only thing I don't like about it.",0,True
UgxJc8P_hFG1NXN01WN4AaABAg,comment,V0wtNI-rzSg,,False,@paulbrodie6085,His voice does my head in,0,True
Ugwf0fz8e6qOQnPptS14AaABAg,comment,V0wtNI-rzSg,,False,@erickmoralvocal8586,Yeah… no thanks,0,True
UgyGNq0vGRq2jHfcMtZ4AaABAg,comment,V0wtNI-rzSg,,False,@swagger0im0lachskost,The Seal isn't the first Byd to do this. Heck it's not even the first manifacturer to do this... The fisker ocean did this aswell. Somebody did not do their homework hahah,0,True
UgxdOrzWLH1xTGN6a6J4AaABAg,comment,V0wtNI-rzSg,,False,@scottykonovalov4518,"Yes, it's just too fancy for me.I'm a little traditional.I want things that don't break on my vehicles and something about my screen.Spinning seems like that is gonna break sooner than it should",0,True
UgyErrQ0x7G--yqmdcB4AaABAg,comment,V0wtNI-rzSg,,False,@gohanreacher,Don't want to praise but these Mfo Chinese have made some insane shit 😅,0,True
Ugx2KSRFjXcVjH0Sz3l4AaABAg,comment,V0wtNI-rzSg,,False,@CEREBRAL.ASSASSIN,I see why Tesla is in trouble,0,True
UgzBOkh8s5TSZ2615ZR4AaABAg,comment,V0wtNI-rzSg,,False,@mariolosberg4257,Back Yard Dumpster...😂,0,True
UgwmBWwUVN09DMAMVs54AaABAg,comment,V0wtNI-rzSg,,False,@biz1boom,Wasn't Fisker the first car to do this?,0,True
UgzEUvmwfyUJgchs92N4AaABAg,comment,V0wtNI-rzSg,,False,@infi44,"Sorry, I like less and less tech-y stuff in my car.",0,True
Ugxw1KeVJDor4XxYtCx4AaABAg,comment,V0wtNI-rzSg,,False,@squabbbb,EENOTHERTIVE???????,0,True
UgwaSbB0Z6GdnNQhB7Z4AaABAg,comment,V0wtNI-rzSg,,False,@MexSocialist,Might move to mexico so i can have affordable cars/ affordable living,0,True
UgwaSbB0Z6GdnNQhB7Z4AaABAg.AGL3zpEcU1zAGL41NVikNQ,comment,V0wtNI-rzSg,UgwaSbB0Z6GdnNQhB7Z4AaABAg,True,@MexSocialist,"and no, not all areas are bad just like not all areas in the US are bad",0,True
UgyHrvKIGd0f7_FXb-B4AaABAg,comment,V0wtNI-rzSg,,False,@MexSocialist,Might move to mexico so i can have affordable cars/ affordable living,0,True
UgyP9a8Kaid404EXSuF4AaABAg,comment,V0wtNI-rzSg,,False,@edwardr9130,That dash tablet looks so cheap,0,True
UgyqLFO2ntzwFVYJzKV4AaABAg,comment,V0wtNI-rzSg,,False,@MadmanDS,"For under 50k top notch interior yes... they saved where you don't see it, which could be even dangerous.",0,True
Ugw8U1TCEJMnnxVRUvh4AaABAg,comment,V0wtNI-rzSg,,False,@pedrito77,I prefer no screen and more regular buttons.,0,True
UgxPv2nhoo9RZSm7mI14AaABAg,comment,V0wtNI-rzSg,,False,@VuqarIE,"Be honest, how much they paid you?",0,True
Ugyhbz0uQbg8FUwIi0R4AaABAg,comment,V0wtNI-rzSg,,False,@ShanesPOV,Junk Chinese garbage,0,True
UgwDpwPoVv4cOhSYCA94AaABAg,comment,V0wtNI-rzSg,,False,@graemetonks7825,It's Chinese. It's made using coal fired electricity and possible slave labour in a Communist country. Quite innovative 💡,0,True
UgyH1KAskcwPTLWG0l54AaABAg,comment,V0wtNI-rzSg,,False,@lkpxml8124,Instrumental display is 60 dollars on AliExpress... pathetic,0,True
UgwZO74XWM7HE5cSLAh4AaABAg,comment,V0wtNI-rzSg,,False,@melone8833,If only their batteries were safe,0,True
UgwqLdlkVOAkPB3zXYd4AaABAg,comment,V0wtNI-rzSg,,False,@PETERJOHN101,"The bells and whistles are there to distract you from the shoddy workmanship of poorly secured battery packs, undersized torsion bars, and many other cost-cutting measures.  Chinese cars are just not safe.",0,True
UgwKqNDNV7eWBFcrUbN4AaABAg,comment,V0wtNI-rzSg,,False,@dianaessex326,"Another electric ""car""....👎🏻",0,True
Ugz9hkvAeK6C0COIn0N4AaABAg,comment,V0wtNI-rzSg,,False,@RobManser77,"I’ve never heard that pronunciation of innovative before. That’s not a criticism, but it interests me. 😊 Is that American maybe? Or UK regional?",3,True
Ugz9hkvAeK6C0COIn0N4AaABAg.AGKWGs_Af8BAGM8un4iRO4,comment,V0wtNI-rzSg,Ugz9hkvAeK6C0COIn0N4AaABAg,True,@Argus-m1s,"It looks like the steering wheel is on the right, so it wouldn't be in the US. Because BYDs are banned in the US",0,True
Ugz9hkvAeK6C0COIn0N4AaABAg.AGKWGs_Af8BAGOP7vtgnyp,comment,V0wtNI-rzSg,Ugz9hkvAeK6C0COIn0N4AaABAg,True,@inserthere44,"He just mispronounced it. Never heard a Brit say it like that, and this is coming from a Brit",5,True
UgysVj4TZCMnGQRd-yV4AaABAg,comment,V0wtNI-rzSg,,False,@jamieford9391,How are you saying inovative again????,0,True
UgwaynuPSsaUaAoI8eJ4AaABAg,comment,V0wtNI-rzSg,,False,@LittleBitWhite,🇨🇳🤮🤮🤮🤮🤮,0,True
UgwxM0jgIQJ6dj0gXtB4AaABAg,comment,V0wtNI-rzSg,,False,@HandSolitude,Real luxury is no screens,0,True
UgxIc2Xhw8Cji92lKBt4AaABAg,comment,V0wtNI-rzSg,,False,@IAmTheHypnotist,This has definitely been done before! Fisker did it.,0,True
UgypIE3Ru4c72tAQOFl4AaABAg,comment,V0wtNI-rzSg,,False,@gibboireland,Strangest way I’ve ever heard “innovative” pronounced…. 😂,0,True
UgxO6Y01j5SQfsjV-yd4AaABAg,comment,V0wtNI-rzSg,,False,@timcarpenter2441,"Gimmick. 

I prefer physical buttons for more operations, except the sort of pre-drive configuration type things.",0,True
UgybNs5O434MAct9d3J4AaABAg,comment,V0wtNI-rzSg,,False,@wymanspace4173,Ha ha … you sounded so excited just because the tablet turns?,0,True
UgzQMjbGbsQ1cR7S39p4AaABAg,comment,V0wtNI-rzSg,,False,@snow86leopard,"Wow  omg the screen rotate omg omg.....driving ability, safety, ect,.. of the car who cars ...screen rotate and even obsteuct vision good.....take my money now 😂",0,True
UgytvPbdeO6NxuEYQht4AaABAg,comment,V0wtNI-rzSg,,False,@youquagmire,And being chinee rubbish it will stop working and continue to take your details and save it all on chinee servers,0,True
UgxQ_Q_RErV6KaYSKCR4AaABAg,comment,V0wtNI-rzSg,,False,@larrytaylor2692,And it just takes one kid grabbing that screen and it’s over,0,True
UgyRQGYxQb24akgxK5d4AaABAg,comment,V0wtNI-rzSg,,False,@andregant9980,As an American American… I love this!,0,True
UgwhIpbiNYqguA4kOMV4AaABAg,comment,V0wtNI-rzSg,,False,@Otterbruce,"Oh look, a working Fisker!  Haha",1,True
Ugyhn5ctyJLkwvi_zOp4AaABAg,comment,V0wtNI-rzSg,,False,@davida3126,sounds like a paid post to me.,0,True
Ugwxm0VrD60MDOrLoNB4AaABAg,comment,V0wtNI-rzSg,,False,@monster0_0,"There are plenty of videos from China on how trash these are... Also, you know they paid this CCP commie shill
https://m.youtube.com/@ChinaInsiderWithDavidZhang",0,True
Ugwgb3FhuQOBG2z5G3N4AaABAg,comment,V0wtNI-rzSg,,False,@FME20,which patrol head is interested in the size and orientation of a touch screen?,0,True
UgzuMuiZ9Lic7wQH9ol4AaABAg,comment,V0wtNI-rzSg,,False,@B3L13V3R,That UI looks like a cheap wireless router webpage from the mid-2000s,0,True
UgwJN_oI3pYqPHCaC3R4AaABAg,comment,V0wtNI-rzSg,,False,@toh3674,wow...,0,True
Ugy90XfiuYPeMaWVgBt4AaABAg,comment,V0wtNI-rzSg,,False,@nicoloincamicia3516,BELLA CAGATA💩,0,True
UgwBb0mcuCzFLb_eY6p4AaABAg,comment,V0wtNI-rzSg,,False,@koreymayo8884,Another useless car feature that will break...,1,True
Ugwn-NRRhZjfnP48iT14AaABAg,comment,V0wtNI-rzSg,,False,@jamessicat,Let us support the product of the communist regime. Yes sir!!!,0,True
UgyeMQdvkcXA4kCroAB4AaABAg,comment,V0wtNI-rzSg,,False,@NickVanos,"Shmee do you have a fire insurance? Hope so, else you will lose everything in your garage. Watch out",0,True
UgwNHnScE8Jo0Zt7I0t4AaABAg,comment,V0wtNI-rzSg,,False,@ChristianHalvorsen-g6o,The Fisker Ocean screen switches between landscape and portrait mode.,62,True
UgwNHnScE8Jo0Zt7I0t4AaABAg.AGJAU2_56k8AGNEErCvq4-,comment,V0wtNI-rzSg,UgwNHnScE8Jo0Zt7I0t4AaABAg,True,@royamoah8365,But does it drive?,6,True
UgwNHnScE8Jo0Zt7I0t4AaABAg.AGJAU2_56k8AGNhs6mR1gL,comment,V0wtNI-rzSg,UgwNHnScE8Jo0Zt7I0t4AaABAg,True,@sina841922817028990,"@royamoah8365 No, the display does not drive.",9,True
UgwNHnScE8Jo0Zt7I0t4AaABAg.AGJAU2_56k8AGOX4gb9DPI,comment,V0wtNI-rzSg,UgwNHnScE8Jo0Zt7I0t4AaABAg,True,@JohnSmith-rt5yq,"Yup, its been done before.... not sure what this guy is going on about",2,True
UgwNHnScE8Jo0Zt7I0t4AaABAg.AGJAU2_56k8AGRz5FC8IIz,comment,V0wtNI-rzSg,UgwNHnScE8Jo0Zt7I0t4AaABAg,True,@AlexSmith-nq6uc,"Yes, but the trade-off is having to drive a car that all your mates will call the “fister”…",0,True
UgwNHnScE8Jo0Zt7I0t4AaABAg.AGJAU2_56k8AGTJQ0a5jMn,comment,V0wtNI-rzSg,UgwNHnScE8Jo0Zt7I0t4AaABAg,True,@petertewilliger1052,"Yes, but all the bots refuse to acknowledge it.",0,True
UgwNHnScE8Jo0Zt7I0t4AaABAg.AGJAU2_56k8AGVMSHstrrc,comment,V0wtNI-rzSg,UgwNHnScE8Jo0Zt7I0t4AaABAg,True,@Jon77777,And the fact they’ve gone bust so you don’t have a warranty!,1,True
UgwNHnScE8Jo0Zt7I0t4AaABAg.AGJAU2_56k8AGW4kKLUekP,comment,V0wtNI-rzSg,UgwNHnScE8Jo0Zt7I0t4AaABAg,True,@HH-le1vi,Fisker is dead,1,True
Ugx_muJwiMbwNCLtXYN4AaABAg,comment,V0wtNI-rzSg,,False,@justinkoenig,Chinese crap.,0,True
UgzAVfzqKRofmfJIC0l4AaABAg,comment,V0wtNI-rzSg,,False,@dpajc056,Tesla is lucky they don't got this in North America,0,True
Ugz43eCP8G9S4D8KmzJ4AaABAg,comment,V0wtNI-rzSg,,False,@82Ku,I am a English speaking Russian guy. I don't understand why British accent sounds so disgusting to me.,0,True
UgwGIyigREDS8W0zsuV4AaABAg,comment,V0wtNI-rzSg,,False,@Voiceofreason99ify,I’m going to vomit - UNSUSCRIBED,0,True
UgyrIqJVFL_F7eWoJQl4AaABAg,comment,V0wtNI-rzSg,,False,@thecooljohn100,"How do all of these YouTubers continue to partner with the Chinese brands? Do they really not know that the Chinese Communist Government helps directly fund these EV companies so that they can operate at margins no free market companies can? They are banned from the US because they are literally CHEATING the market. China's goal with this is to push out the competition, starve them, bankrupt them, and then they'll have the entire global EV market to themselves, of which they already make something like 60%. It's incredibly irresponsible of this YouTubers to spread Chinese propaganda without a second thought.",0,True
UgzC4GXjtTxFlIhnHet4AaABAg,comment,V0wtNI-rzSg,,False,@elqord.1118,Keep your hands to yourself,0,True
Ugxb8ShHd4Jk_g1akuN4AaABAg,comment,V0wtNI-rzSg,,False,@BHommard,"Wow!? And why or for what do you need this, absolute senseless bs....",0,True
UgyDwUFvdJoPvr_jf5l4AaABAg,comment,V0wtNI-rzSg,,False,@SN-zb7ew,I remember going to the car dealership and thinking the salesman was a jerk because he always had to point out to me the vanity mirrors above the driver seat and extra cupholders…. Never even considering the fact that I was more concerned with the safety of the vehicle,0,True
UgxOuPWkLk4dt6xDSbl4AaABAg,comment,V0wtNI-rzSg,,False,@BogdanTataru-j6n,Good luck trying to fix it ...,0,True
UgzPkaRmDTtANeZXE4J4AaABAg,comment,V0wtNI-rzSg,,False,@NotoriousRawDogger,"I don't trust Chinese crap
..",0,True
Ugzt4RXAjvc5v9Wx01t4AaABAg,comment,V0wtNI-rzSg,,False,@seanelstob5922,In ovitive. Bless.,7,True
UgwY7kvzJ64jSaj1qYx4AaABAg,comment,V0wtNI-rzSg,,False,@MSMS-h9m,ccp make tofu dregs,0,True
UgzOVVYJDEailSOWuEl4AaABAg,comment,V0wtNI-rzSg,,False,@Billskdm,I wish we could get these in the states,1,True
UgzOr1GqS84HQYtCJBR4AaABAg,comment,V0wtNI-rzSg,,False,@deepapo,"Dude, it's just a rotation screen",0,True
Ugy9Zz8KW_-effbQ7xt4AaABAg,comment,V0wtNI-rzSg,,False,@wwt17,"Made in China is a warning, not a label. Give it 5 months it’ll break.",4,True
Ugy9Zz8KW_-effbQ7xt4AaABAg.AGIaqtvXxLdAGK6k6on2KI,comment,V0wtNI-rzSg,Ugy9Zz8KW_-effbQ7xt4AaABAg,True,@1988Beeni,"Like Tesla?

But i dont think so. The BYD is solide.",0,True
Ugy9Zz8KW_-effbQ7xt4AaABAg.AGIaqtvXxLdAGK9GFqoEoj,comment,V0wtNI-rzSg,Ugy9Zz8KW_-effbQ7xt4AaABAg,True,@williamzhang153,@wwt17 Lil bro is still living in the 90s 😂,0,True
UgzNdnIt8KJ2yoL1Bm94AaABAg,comment,V0wtNI-rzSg,,False,@EJH783,The steering wheel is in the wrong side WTF,0,True
UgyJCLXHyqw_KiuN0DF4AaABAg,comment,V0wtNI-rzSg,,False,@prajnasamadhi60,"What? 50K, that's a 15K auto in China.",0,True
Ugy9gWC2CedE8YQEHjp4AaABAg,comment,V0wtNI-rzSg,,False,@strawberrypieai,"This is incredible, it's like then you turn your iPad from horizontal to portrait! How did they think of that!?",0,True
UgxxrjXajiKzEDO5gU54AaABAg,comment,V0wtNI-rzSg,,False,@HughJass-313,❤❤,0,True
Ugz494xdVWJFH6R8TEF4AaABAg,comment,V0wtNI-rzSg,,False,@shenidan2025,wth is INORVATIVE cant even speak English properly for christs sake,0,True
UgyR8Lze79kY8zM8PTV4AaABAg,comment,V0wtNI-rzSg,,False,@GiovannaDeBiasi,"My stepmom had the Song Plus and it does this too, pretty cool!",1,True
UgyHcIiKpzd4Sh-Mjnp4AaABAg,comment,V0wtNI-rzSg,,False,@mocotter1991,"Fisker Ocean had this ages ago plus solar roof...... however Tesla must have been behind their downfall, unfortunately....",0,True
UgyT7DhA3KkG1_ulfZB4AaABAg,comment,V0wtNI-rzSg,,False,@filmagnoli,"The screen?
Really? That’s old already.
What about the other features?",0,True
UgweBu7dOfDgCW3gdfN4AaABAg,comment,V0wtNI-rzSg,,False,@alexmn00183,So you finally bought a silent vacuum cleaner. Good for you.,0,True
UgweBu7dOfDgCW3gdfN4AaABAg.AGIEDnVfHyOAGKN5z0zwDs,comment,V0wtNI-rzSg,UgweBu7dOfDgCW3gdfN4AaABAg,True,@oxaile4021,As opposed to the loud vacuum cleaners that actually suck in air?,0,True
UgxKzW34c6HiRiNV4Cd4AaABAg,comment,V0wtNI-rzSg,,False,@REDxFROG,I have never ever used my tablet vertical.,0,True
UgwRKmOqMWOmZnGzVbl4AaABAg,comment,V0wtNI-rzSg,,False,@hardy_,"The question, is it going to last?",0,True
Ugz3USs7BAdE6g_cn3Z4AaABAg,comment,V0wtNI-rzSg,,False,@theonlybantuh,Fisker Ocean also does it🥶,0,True
UgyyZ5zqJfLr9x_5RJ94AaABAg,comment,V0wtNI-rzSg,,False,@ethanrayner8408,The spinning screen will wobble after 5 years of Aussie roads,0,True
Ugz1GFK0aHsNdTLyFXd4AaABAg,comment,V0wtNI-rzSg,,False,@Lister88CZ,in this case landscape provides better view out of the car :-),0,True
Ugx6-_ifxgQiIBgFaSl4AaABAg,comment,V0wtNI-rzSg,,False,@Roq-stone,Where is the clutch?,0,True
UgyfAQn3afDCaLV8Vbl4AaABAg,comment,V0wtNI-rzSg,,False,@exley51,Sad is people thinking this is “innovation “,0,True
Ugwpk6V7Snq-klQIRsB4AaABAg,comment,V0wtNI-rzSg,,False,@liberzugno5967,Ah bhe allora,0,True
UgyNSMeAdiZEUEphFw94AaABAg,comment,V0wtNI-rzSg,,False,@oumuamua1963,New model Y is insane,0,True
UgyNSMeAdiZEUEphFw94AaABAg.AGI-4jRjwXeAGK75qJY_2Q,comment,V0wtNI-rzSg,UgyNSMeAdiZEUEphFw94AaABAg,True,@1988Beeni,"Hahahahahaha

No",0,True
UgygeLfBZWdBRwaXmIJ4AaABAg,comment,V0wtNI-rzSg,,False,@johnadams3038,How much you getting paid for this dumb AD? lol,0,True
Ugzos6NM8_zj3mQ3mEp4AaABAg,comment,V0wtNI-rzSg,,False,@johnadams3038,This is dumb and unnecessary TBH,0,True
UgxHlBVgN_Bhq9wv-w94AaABAg,comment,V0wtNI-rzSg,,False,@gagaxueguzheng,"I mean, yes, few cars do that. But there is also no need to do it. The buttons look cheap to me but I guess it's a decent car. And it costs half of my car so it has to be cheaper in some aspects. No hate but it's not for me. Wouldn't want to drive a BYD. At least not yet.",0,True
Ugw9z8BMPLO2s-mfH5B4AaABAg,comment,V0wtNI-rzSg,,False,@farodopi5170,"i,wish more car brands would do it. 
portait is much better for navigation. 
landscape is only useful for stationary use while charging for some entertainment but takes too much space during the drive and the extreme side of it is barely usable as it’s too far away from you. 
sure you can spli in two the landscape but yet the half that is,far away from you is useless",0,True
UgwLP8uWN5dx-mvZS8l4AaABAg,comment,V0wtNI-rzSg,,False,@nazarethpa1833,"You are supposed to concentrate on the road when driving, NOT playing with 'apps and things' on the cinema screen.",0,True
UgxzeTfEBgYAM_ENPax4AaABAg,comment,V0wtNI-rzSg,,False,@iwill2022,Innov-ative😂,0,True
UgxgS2oKz6ZthKeLQL54AaABAg,comment,V0wtNI-rzSg,,False,@rainerlubke3766,the cockpit is the only thing I do not like at BYD. completely overloaded,0,True
UgxNYcbZYr-9pZhltC14AaABAg,comment,V0wtNI-rzSg,,False,@maximvf,How else could a driver shoot tictoks while driving and dancing? Essential feature!,0,True
UgwUwrFszdWE4CcO0-x4AaABAg,comment,V0wtNI-rzSg,,False,@KikkelisKokkelis,So many vacuum cleaners in the garage??,0,True
Ugyign4BiOe6uNqAtf14AaABAg,comment,V0wtNI-rzSg,,False,@andrewjackson8089,A spinny screen 😮 what have we become as a species 🤦‍♂️,0,True
UgwpZMqebOs-RffLaYp4AaABAg,comment,V0wtNI-rzSg,,False,@zorglub667,"love BYD for their innovation in the EV sector in general, but thats the most pointless, ridiculous feature ive seen in a long time :-D",0,True
UgxOyfjtw_jQ-36kSA94AaABAg,comment,V0wtNI-rzSg,,False,@PhxFSD,"I appreciate what BYD is doing. I still prefer my Tesla , the tech is awesome and works seemless. I also love the minimalist design and having no buttons. This car is to cluttered. 
United States",0,True
UgxXWFvLpmnmxdzCq1x4AaABAg,comment,V0wtNI-rzSg,,False,@JoshuaUnknown-e6g,"Stupid feature to get excited about,  but hey,  when you're rich,  you don't need to be  anything else but a shill",0,True
Ugy6vChLhp2XQTS302d4AaABAg,comment,V0wtNI-rzSg,,False,@incognitotorpedo42,American here.  Glad I invested in BYD a couple years ago.  Glad I sold ALL my Tesla stocks.  F Elon.  I wish we could get  BYD cars here.,27,True
Ugy6vChLhp2XQTS302d4AaABAg.AGH2_uMqlGCAGKWsPBOa6z,comment,V0wtNI-rzSg,Ugy6vChLhp2XQTS302d4AaABAg,True,@jacksmith7726,"So you are for government wasteful spending, strange",7,True
Ugy6vChLhp2XQTS302d4AaABAg.AGH2_uMqlGCAGKq8GKFYeI,comment,V0wtNI-rzSg,Ugy6vChLhp2XQTS302d4AaABAg,True,@melone8833,@jacksmith7726 I think it's more that he is against Nazi's,7,True
Ugy6vChLhp2XQTS302d4AaABAg.AGH2_uMqlGCAGL442Q_rsL,comment,V0wtNI-rzSg,Ugy6vChLhp2XQTS302d4AaABAg,True,@davidlynch9049,​@jacksmith7726lol. Buying whatever comes out of Musk's lying mouth is pretty strange. 🙄,9,True
Ugy6vChLhp2XQTS302d4AaABAg.AGH2_uMqlGCAGL5h3Zf1vk,comment,V0wtNI-rzSg,Ugy6vChLhp2XQTS302d4AaABAg,True,@thanosianthemadtitanic,​@davidlynch9049  why be pro cheap chinesuim  junk?,0,True
Ugy6vChLhp2XQTS302d4AaABAg.AGH2_uMqlGCAGLAIG_KfJ9,comment,V0wtNI-rzSg,Ugy6vChLhp2XQTS302d4AaABAg,True,@edwardmitchellrealty4327,@melone8833what has he said that’s in support of Nazi ideology?,2,True
Ugy6vChLhp2XQTS302d4AaABAg.AGH2_uMqlGCAGLBCW2w0Zq,comment,V0wtNI-rzSg,Ugy6vChLhp2XQTS302d4AaABAg,True,@melone8833,@edwardmitchellrealty4327 Just about anything he said in his meetings with the AFD,0,True
Ugy6vChLhp2XQTS302d4AaABAg.AGH2_uMqlGCAGLBqGnJkGa,comment,V0wtNI-rzSg,Ugy6vChLhp2XQTS302d4AaABAg,True,@edwardmitchellrealty4327,"@davidlynch9049so Biden didn’t give Stacy Abrams $2 billion for her non profit that existed for less than a month and had $100 in their bank account before he sent her $2 billion? Musk didn’t actually uncover that? By the way how the $42 billion for rural broadband going in your area. They approved that 4 years ago, do you know of any new networks that have actually began installation? There’s plenty of lying and a lot of money disappearing under Biden’s leadership. That must make you furious because you hate lying right!?!",0,True
Ugy6vChLhp2XQTS302d4AaABAg.AGH2_uMqlGCAGLD3N8C7eX,comment,V0wtNI-rzSg,Ugy6vChLhp2XQTS302d4AaABAg,True,@motormaniac3203,"Io non sono per Musk, ma anche la dittatura orientale non mi pare un gran passo avanti.",0,True
Ugy6vChLhp2XQTS302d4AaABAg.AGH2_uMqlGCAGOcQ1pKPPx,comment,V0wtNI-rzSg,Ugy6vChLhp2XQTS302d4AaABAg,True,@jensgronning4436,@melone8833you need help.,0,True
Ugy6vChLhp2XQTS302d4AaABAg.AGH2_uMqlGCAGPDsuMqHrE,comment,V0wtNI-rzSg,Ugy6vChLhp2XQTS302d4AaABAg,True,@edwardfletcher7790,I'm glad the CCP let you invest in BYD. Which daughter of a CCP member did you marry ?,2,True
Ugy6vChLhp2XQTS302d4AaABAg.AGH2_uMqlGCAGPVBhXiG8R,comment,V0wtNI-rzSg,Ugy6vChLhp2XQTS302d4AaABAg,True,@darcgibson5099,"@jacksmith7726wasteful spending like subsidising Musk’s imagined corporate worth/valuation? The most wasteful spending is in defence, yet they’re cutting education, social security, healthcare, housing, investment in infrastructure and development, etc etc, the things that are actually in need?",0,True
Ugy6vChLhp2XQTS302d4AaABAg.AGH2_uMqlGCAGPVO3IHIAK,comment,V0wtNI-rzSg,Ugy6vChLhp2XQTS302d4AaABAg,True,@darcgibson5099,@edwardfletcher7790conveniently ignoring the “register to vote for trump/trump picks and Elon will put you in for a million dollars!”,0,True
Ugy6vChLhp2XQTS302d4AaABAg.AGH2_uMqlGCAGPwcwZ0d63,comment,V0wtNI-rzSg,Ugy6vChLhp2XQTS302d4AaABAg,True,@Jericho-pn3zi,​@melone8833 you know he is Jewish.,0,True
Ugy6vChLhp2XQTS302d4AaABAg.AGH2_uMqlGCAGR-zR-M_O5,comment,V0wtNI-rzSg,Ugy6vChLhp2XQTS302d4AaABAg,True,@ronaldsantosjapan,"​@jacksmith7726
No government in history has been perfectly without waste, fraud, or self dealing. Heck, Elon just stole Verizon's FAA contract when he found it in a DOGE investigation. The dude who made himself the judge of waste, fraud, and abuse 🙄 stole a contract.

 Perfection is enemy of the good. Elon's idea of government perfection seems to end up putting money in his pocket at the expense of others.",0,True
Ugy6vChLhp2XQTS302d4AaABAg.AGH2_uMqlGCAGSJS0VG7FA,comment,V0wtNI-rzSg,Ugy6vChLhp2XQTS302d4AaABAg,True,@zurageo8500,@darcgibson5099 So you think it’s ok to keep paying Social security funds to the people who died 150 years ago? Nobody who is alive will get it cut. Are you stupid or brainwashed?,0,True
Ugy6vChLhp2XQTS302d4AaABAg.AGH2_uMqlGCAGW54AR9iW8,comment,V0wtNI-rzSg,Ugy6vChLhp2XQTS302d4AaABAg,True,@HH-le1vi,"​@darcgibson5099  they're cutting things that either aren't a productive use of taxpayer money or are very clearly fraudulent. The department of education, has nothing to do with actual education and education has gone down since it's inception. If it was anything useful, it wouldn't be on the chopping block.",0,True
Ugy6vChLhp2XQTS302d4AaABAg.AGH2_uMqlGCAGW8ylc9NuF,comment,V0wtNI-rzSg,Ugy6vChLhp2XQTS302d4AaABAg,True,@ronaldsantosjapan,"@HH-le1vi Yeah.  Like all the stuff that goes to poor people, medical research,  and things private interests have wanted to grab for decades. 

Funny how Musk is not cutting anything that puts money in his own pockets. In fact, ask Verizon how they feel about his  stealing their FAA deal. A deal he found and stole only due to Doge's sniffing around the government.

Anyway, cutting off the poor while tanking the economy is a recipe for social disaster.  Property crime and violence tends to go up in times like that. BUT giving money to billionaires is the important thing I guess.",0,True
Ugy6vChLhp2XQTS302d4AaABAg.AGH2_uMqlGCAGZeBef2OcM,comment,V0wtNI-rzSg,Ugy6vChLhp2XQTS302d4AaABAg,True,@fishingfamilyuk,@jacksmith7726been on the Koolade?,0,True
Ugy6vChLhp2XQTS302d4AaABAg.AGH2_uMqlGCAGdYjjms796,comment,V0wtNI-rzSg,Ugy6vChLhp2XQTS302d4AaABAg,True,@MalcolmFMQ,"@jacksmith7726 There is none. If there is, we should have seen some evidence. Also, someone would have been sued for fraud, too. None of that happened. Oh, the Admin is being sued, instead.",0,True
UgzRi4I8DGg8vZ23tAF4AaABAg,comment,V0wtNI-rzSg,,False,@stevenj9970,"Thought Chinese were smart but they put the steering wheel on the WRONG side, DUH!!!!",0,True
Ugxb_N0KXf70snS9SDZ4AaABAg,comment,V0wtNI-rzSg,,False,@kennetkarlsson4834,"What about brakes, suspension, handling, safety who gives a s..t about a rotating screen.",0,True
Ugy8nnUDibRU0_FcOz94AaABAg,comment,V0wtNI-rzSg,,False,@ItaliansAreFromItaly,Yea that deff won’t break and become an annoyance quick,0,True
Ugwoq0oS-h9FawLsCrp4AaABAg,comment,V0wtNI-rzSg,,False,@WaffleCake-q7d,This was BYD's party trick about 3 years ago.,0,True
UgwBO9-pXw948NyAT654AaABAg,comment,V0wtNI-rzSg,,False,@michaelhigh3178,Looks great till it sets fire 🔥,0,True
UgwjcMTva4YhJNpGMpF4AaABAg,comment,V0wtNI-rzSg,,False,@UlyssesJF,Not the only car to do this,0,True
UgxyiVM9rowmqBVZgpB4AaABAg,comment,V0wtNI-rzSg,,False,@joemacleod-iredale2888,Advert,0,True
UgzGoNl6PYl6Jb4a0pJ4AaABAg,comment,V0wtNI-rzSg,,False,@ispitrealshyt,BYD gonna destroy their entire economy and they have no clue but I’m happy they now have cheap affordable nice cars.,0,True
UgwG1IxPP1XfXtQ8oN94AaABAg,comment,V0wtNI-rzSg,,False,@jean-gerarddelabat1898,Nice Chinese Tesla you have there,0,True
Ugw9xEKtgZ0cNcD0lFt4AaABAg,comment,V0wtNI-rzSg,,False,@Karyabs,A fight or play with your girlfriend and you'll need a new tablet that probably costs $1000s to fix,0,True
UgzjiChQi-QfRUazmfF4AaABAg,comment,V0wtNI-rzSg,,False,@andkipling,It's cheap chinese shit. Shmee taking that dirty chinese money.,1,True
Ugw3dS-t-HNv9RfZisN4AaABAg,comment,V0wtNI-rzSg,,False,@justyjust,Mind blowing 😂,1,True
UgzDZBFIKNGS639tSJR4AaABAg,comment,V0wtNI-rzSg,,False,@BaxterEvergreen,I want BYD in America just so that they can bury Tesla where they stand.,0,True
Ugw4soJBcBLj6CZHBpN4AaABAg,comment,V0wtNI-rzSg,,False,@Alex-w8b8x,They have most of their cars gathering dust and rust in China. Nobody buying them.,0,True
Ugzoma-jgQ43V_T27GJ4AaABAg,comment,V0wtNI-rzSg,,False,@philipphilop5199,"No, no, & hell no. Too many bloody screens. Swap all that crap out for some good old fashioned buttons. They're seriously distracting & not safe at all. It's a car, not a chuffing cinema room.",0,True
UgzoofHzo5LFLtywQeB4AaABAg,comment,V0wtNI-rzSg,,False,@kylmorevoss,"BYD makes good Rice Cookers, but cars.... 1/10",0,True
UgzHDdzc8oj-MFnBZN54AaABAg,comment,V0wtNI-rzSg,,False,@kylmorevoss,worth 5k max not 50k jesus,0,True
Ugw2bnog9OBpeYX89g54AaABAg,comment,V0wtNI-rzSg,,False,@turbofreddy,Effing screens... Can’t wait to get past this era. We have enough screens in our lives,0,True
Ugz7tDJNmeRvGspoBe14AaABAg,comment,V0wtNI-rzSg,,False,@t-rod9023,In nah va tive?,0,True
UgxWU74HXH46Bwi1Hvx4AaABAg,comment,V0wtNI-rzSg,,False,@MWariwolf,We want it in Canada,0,True
UgwWhrFsp6ioIxywuUt4AaABAg,comment,V0wtNI-rzSg,,False,@StefanBoogert,Look i dont really like new cars let alone electric bit europe and the US have some catching up to do with these new electric cars coming from China,0,True
UgypCFRrEYLHtI-X9Tp4AaABAg,comment,V0wtNI-rzSg,,False,@watupipo,Beautiful cars.,7,True
UgypCFRrEYLHtI-X9Tp4AaABAg.AGFR6KM6mA2AGcnFf0Ctq_,comment,V0wtNI-rzSg,UgypCFRrEYLHtI-X9Tp4AaABAg,True,@altspitfire,Give it a few weeks and it will start rusting,1,True
UgypCFRrEYLHtI-X9Tp4AaABAg.AGFR6KM6mA2AHDs6CJEzil,comment,V0wtNI-rzSg,UgypCFRrEYLHtI-X9Tp4AaABAg,True,@ariesamdr,​@altspitfirebuy the car before talk too much poor people,1,True
UgyChxs8rrzlSjkKITp4AaABAg,comment,V0wtNI-rzSg,,False,@sendmusktomars,It looks cheap and overloaded with the disgusting piano black elements 🤮,0,True
UgzZCfRo-0yccNKRvVp4AaABAg,comment,V0wtNI-rzSg,,False,@bajkaikaroly104,Ach their interface is sucks,0,True
UgwclEtqgYwqBIWPYop4AaABAg,comment,V0wtNI-rzSg,,False,@SteveChant-y8f,"Top notch interior ? Maybe For gen “I’ve had a iPad in my face since birth “ a 15 year old Lexus has a nicer higher quality interior than the byd’s i sat in at local dealer , I decided I’d build my dream elsewhere .  I do like the look of the car though so I’m not a hater ! Just a person that appreciates proper quality hence I’ll be heading to Lexus",0,True
Ugzy-NXpGf7cxJvE7894AaABAg,comment,V0wtNI-rzSg,,False,@GrantLylick,"From a vid from China from customers, byd is by far the worst quality ev. It's getting so bad that byd is suing yters reviewing and NOT recommending byd cars.",0,True
Ugzy-NXpGf7cxJvE7894AaABAg.AGEvUe0h3nnAGEw9acUDP-,comment,V0wtNI-rzSg,Ugzy-NXpGf7cxJvE7894AaABAg,True,@GrantLylick,https://youtu.be/9ZXlbFt2vvw?si=xrJeEhFxHECmGVPy,0,True
UgyA_aM_Z95QfSGhGUB4AaABAg,comment,V0wtNI-rzSg,,False,@Bez-z4e,BYD pisses all over a Tesla !,0,True
UgzUR-rcWcQpoj76K9F4AaABAg,comment,V0wtNI-rzSg,,False,@nothingsurprisesmeanymore,All the BYD's do that.,0,True
UgxERzU3LXRDLbIP2U14AaABAg,comment,V0wtNI-rzSg,,False,@NEOmnius,"Nooo, Shmee.... Et tu, Brute?
 I am European, and I believe promoting cheap Chinese car brands is not good for all of us. Yes, you might get something ""cheaper"", but is it really? I believe anyone who buys these Chinese brands is in a way a traitor to our way of life.",0,True
Ugw3qQWdmEfVXvWk7LF4AaABAg,comment,V0wtNI-rzSg,,False,@jebes909090,one thing i'll definitely give to the chinese ev makers over western ones is they're the only ones who seem to be able to make an electric car that doesnt look like crap.,2,True
Ugw3qQWdmEfVXvWk7LF4AaABAg.AGDiM0FZ5lQAGZe4xOzin0,comment,V0wtNI-rzSg,Ugw3qQWdmEfVXvWk7LF4AaABAg,True,@fishingfamilyuk,Nah - Renault 5 is one of the best looking cars out there,0,True
Ugw3qQWdmEfVXvWk7LF4AaABAg.AGDiM0FZ5lQAG_3qckYHn4,comment,V0wtNI-rzSg,Ugw3qQWdmEfVXvWk7LF4AaABAg,True,@jebes909090,@fishingfamilyuk ya look at thier older models.  they all look like hot garbage.,0,True
Ugw3qQWdmEfVXvWk7LF4AaABAg.AGDiM0FZ5lQAG_yQGgkBfS,comment,V0wtNI-rzSg,Ugw3qQWdmEfVXvWk7LF4AaABAg,True,@Cry_Like_A_Swamp_Puppy,The “Mustang” mach e looks great if you can get over the fact that it should have just been a ford. I’ve been loving the new electric Cadillac as well,1,True
Ugw3qQWdmEfVXvWk7LF4AaABAg.AGDiM0FZ5lQAGaH9Duiz3t,comment,V0wtNI-rzSg,Ugw3qQWdmEfVXvWk7LF4AaABAg,True,@jebes909090,"@Cry_Like_A_Swamp_Puppy i dont like it.     Its wierd looking,  like an aztec",0,True
Ugw3qQWdmEfVXvWk7LF4AaABAg.AGDiM0FZ5lQAGaHQys57_V,comment,V0wtNI-rzSg,Ugw3qQWdmEfVXvWk7LF4AaABAg,True,@Cry_Like_A_Swamp_Puppy,@jebes909090 which one?,0,True
Ugw3qQWdmEfVXvWk7LF4AaABAg.AGDiM0FZ5lQAGaI1RD4IEd,comment,V0wtNI-rzSg,Ugw3qQWdmEfVXvWk7LF4AaABAg,True,@jebes909090,@Cry_Like_A_Swamp_Puppy  the mach-e,0,True
Ugw3qQWdmEfVXvWk7LF4AaABAg.AGDiM0FZ5lQAGaIPaReeRX,comment,V0wtNI-rzSg,Ugw3qQWdmEfVXvWk7LF4AaABAg,True,@Cry_Like_A_Swamp_Puppy,"@ huh. I like it, and don’t really see any similarities to the Aztec other than them both being SUVs, but I can’t fault you for your taste",0,True
Ugw3qQWdmEfVXvWk7LF4AaABAg.AGDiM0FZ5lQAGaMRV-sQ_q,comment,V0wtNI-rzSg,Ugw3qQWdmEfVXvWk7LF4AaABAg,True,@_______________00,It looks very similar to Teslas design,0,True
UgyVO_lFcYEZ1GshsHR4AaABAg,comment,V0wtNI-rzSg,,False,@markharris8929,Perfect car for Democrats.,0,True
UgzmSzR6FK30VhnrchF4AaABAg,comment,V0wtNI-rzSg,,False,@captainchris1001,Steering wheel on the wrong side ;),2,True
Ugz9wANCm6FojT3VHwZ4AaABAg,comment,V0wtNI-rzSg,,False,@danl1924,Fisker had that. It's not new,0,True
Ugzmj5ViEnB5bALXKsN4AaABAg,comment,V0wtNI-rzSg,,False,@mike-mike-7,I hate living in America. I have a Tesla and wish I could get something like this instead.,0,True
UgzetyKKnErJ3FMnhnJ4AaABAg,comment,V0wtNI-rzSg,,False,@ap4610,Very Nice Automobile can't wait to they come to America  BYD aka as the Tesla killer which is a good thing,0,True
UgxTNN9w5kbpPOxFfB14AaABAg,comment,V0wtNI-rzSg,,False,@shakirdarius1772,Buy 1 for me please millionaire man,0,True
Ugz-Htsy9Qm3pK8YLul4AaABAg,comment,V0wtNI-rzSg,,False,@PlattLaneEnd,A useful feature for me as I'm a Portrait Gardener...,0,True
Ugxut2YBX_9u0mk_Xo54AaABAg,comment,V0wtNI-rzSg,,False,@THEAC83,A completely useless feature doesn’t make the car incredible,0,True
UgyuKxLL2h-kgxqUCvh4AaABAg,comment,V0wtNI-rzSg,,False,@Tadhgerr,The BYD shark has this and im typing this off the screen waitng in the car park,0,True
UgzH_AMasz-bFR4IQHt4AaABAg,comment,V0wtNI-rzSg,,False,@BlairSlavin,"Not the only car that does that. 
The Fisker did it.",0,True
UgxEy9_Vs8tMZKI0Ve14AaABAg,comment,V0wtNI-rzSg,,False,@lloydowen1977,"So its a performing seal
...belongs in a circus....",0,True
UgxB93TkRmBHIzE-fZV4AaABAg,comment,V0wtNI-rzSg,,False,@KingLutherQ,Just another thing uneeded that will break and cost money to repair,0,True
UgxzgrikohWc9VKfc614AaABAg,comment,V0wtNI-rzSg,,False,@jhytry,"BYD puts rotating screen in thier cars since like 5-6 years at least. The low cost versions of cheep models have rotating small screen that can be turned by hand only, so now every BYD model have it.",278,True
UgxzgrikohWc9VKfc614AaABAg.AGBwx88PD8JAGTDo6KE43e,comment,V0wtNI-rzSg,UgxzgrikohWc9VKfc614AaABAg,True,@gooddypm,And how long have BYD been on sale in the UK?,2,True
UgxzgrikohWc9VKfc614AaABAg.AGBwx88PD8JAGb4VTz1CYw,comment,V0wtNI-rzSg,UgxzgrikohWc9VKfc614AaABAg,True,@TomatoTomato911,make sure you have a window breaker before it becomes a widow maker.,0,True
UgxzgrikohWc9VKfc614AaABAg.AGBwx88PD8JAGuOzgnSoDg,comment,V0wtNI-rzSg,UgxzgrikohWc9VKfc614AaABAg,True,@StephenButlerOne,​@gooddypmmarch 2023,0,True
UgxzgrikohWc9VKfc614AaABAg.AGBwx88PD8JAVPA-57yw70,comment,V0wtNI-rzSg,UgxzgrikohWc9VKfc614AaABAg,True,@MyNameIsPetch,5-6 years and half of the software still doesn't support both portrait & landscape yet? how?,0,True
UgyoE-cPfrJnY2r-F254AaABAg,comment,V0wtNI-rzSg,,False,@TomDOnofrio-m5i,"Yay China. Yay..  not really. Regime? Yes it is

Not my dream",0,True
UgwM_aOHdpFtI_3jfut4AaABAg,comment,V0wtNI-rzSg,,False,@md.abdullaalwailykhanchowd3974,"It doesn't have a front camera, yet it has a hole punch cutout in software!",0,True
Ugzp58p-Gadh0dWsjft4AaABAg,comment,V0wtNI-rzSg,,False,@LightSpeed1983,Said it before and will say it again. All the new stuff looks rubbish. Electric cars look rubbish. Not interested at all. Looks like a toy I would buy my kid to play with.,0,True
Ugy1BhSx3TbReK3zvwB4AaABAg,comment,V0wtNI-rzSg,,False,@gilabola4642,Hows the driving? Isnt that what matters most in cars?,0,True
Ugy1BhSx3TbReK3zvwB4AaABAg.AGBZh4wpsecAGKMRdSOPZ1,comment,V0wtNI-rzSg,Ugy1BhSx3TbReK3zvwB4AaABAg,True,@oxaile4021,I've driven it and it's much better than any German car i've ever driven.,1,True
Ugya900An3vLVUYe4TN4AaABAg,comment,V0wtNI-rzSg,,False,@daniellarusso8012,BYD > Tesla,0,True
Ugyjyre0E91XlfRVMzx4AaABAg,comment,V0wtNI-rzSg,,False,@kristijandejanovic3861,"jesus ,being surrounded with all this screens everywhere is just insane. It doesn't look cool or classy it's just there in your face, huge screen in the middle of a car next to a smaller screen at steering wheel. Ridiculous that's what it is.",0,True
UgxtYaMl3_BHYOS6wad4AaABAg,comment,V0wtNI-rzSg,,False,@kamakrazy01,Still to big of a screen fkin watch a football match on that no issues,0,True
UgxT5CDut5qA6PLtGwp4AaABAg,comment,V0wtNI-rzSg,,False,@Iangdela,LG from almost a decade ago has entered the chat,0,True
Ugzflrn4Fo9P2KYpITp4AaABAg,comment,V0wtNI-rzSg,,False,@BoomsRiddico4868,IN -OVATIVE ??? strange pronunciation!!!,0,True
Ugz2CuN_HU6jQF4wTeB4AaABAg,comment,V0wtNI-rzSg,,False,@NDNstrength,Paid video,0,True
Ugz2CuN_HU6jQF4wTeB4AaABAg.AGBC9OyvTnOAGBGyDZk4v6,comment,V0wtNI-rzSg,Ugz2CuN_HU6jQF4wTeB4AaABAg,True,@Shmeebites,Nope,1,True
UgxJEMV2EBUo_dcH0IB4AaABAg,comment,V0wtNI-rzSg,,False,@TyTyMcGinty,Fisker Oceans have the same feature,0,True
Ugwob6y6IKvjQ_5r1LR4AaABAg,comment,V0wtNI-rzSg,,False,@Met.Photography,"Good ya found it, yet it is a wrong statement as most BYD vehicles shares that same 15.6 inch rotating Touch Screen.",1,True
UgxrHkAanccZxWGpfu54AaABAg,comment,V0wtNI-rzSg,,False,@PaulSamps-gf6yz,Piece of crap from china you can't get fixed..uk,0,True
UgwMj5jyuPohD8-YuLJ4AaABAg,comment,V0wtNI-rzSg,,False,@GeekGamer732,Can you dump the silly stuff at my place please 😄,0,True
UgxMNqfgTdux7E6HgvR4AaABAg,comment,V0wtNI-rzSg,,False,@williamgrey9499,I really hate all those screens. It looks like they forgot about it after designing the dashboard and then said hey we need a screen here. Really please bring buttons back.,0,True
UgyajZykU54Ok2gyVTZ4AaABAg,comment,V0wtNI-rzSg,,False,@keerpuntvlaanderen,"Whahahaha 350 miles range in reality that's gonna be 200 miles for a car made by 2 million slaves en millions other underpaid Chinese workers.
I would give 50.000 to a communist country if my life depends on it.",0,True
UgzVWXck74GWVq8kyWp4AaABAg,comment,V0wtNI-rzSg,,False,@Yellowandblack37,Isn’t it a button you’ll press maybe twice. Then decide you like landscape because it doesn’t block the view out and never touch it again?,0,True
UgxrZ4xY_14gr26My814AaABAg,comment,V0wtNI-rzSg,,False,@andypitchless,That's the time I've heard innovative pronounced like that.,1,True
UgwrMpG5ziKcjpe82Mp4AaABAg,comment,V0wtNI-rzSg,,False,@catherineburton195,"Trouble is, unless other reviewers are mistaken, Android Auto and Apple CarPlay only work in landscape? If so, rotation is a gimmick for many people.",0,True
UgwrMpG5ziKcjpe82Mp4AaABAg.AGA3JFFhOaRAGCZ1hfAWzD,comment,V0wtNI-rzSg,UgwrMpG5ziKcjpe82Mp4AaABAg,True,@RickRobinsonDonnellan,"Correct. When using android auto, mine says it doesn't support portrait.",1,True
Ugy7JKgcELykI6AayIF4AaABAg,comment,V0wtNI-rzSg,,False,@PippeML,"Model 3 killer. Hands down. Simply better tech, better bettery amd way way more secure battery.

Also, because is designed and manufactured in China is cheaper (not that money is an issue, at least fir me) bit is just a Better Car.

(That rotating screen it's ""meh"" for me tbh all BYDs do it... even the entry level one)",0,True
UgyjTN8cLMh7Si-NfOd4AaABAg,comment,V0wtNI-rzSg,,False,@WildBird-y9b,So?,0,True
Ugw-v-FldqLTC6BGq6B4AaABAg,comment,V0wtNI-rzSg,,False,@sidecarmisanthrope5927,"Wow, look at that. Even more things to go wrong and cost you money.",0,True
UgxXalvbEeSUcP9yK2R4AaABAg,comment,V0wtNI-rzSg,,False,@GoBeavsss,This looks like a Hyundai lol. No thanks.,0,True
UgwdSl4JOToTSJzo69l4AaABAg,comment,V0wtNI-rzSg,,False,@DutchManticore,What is BYD paying you Schmee?,0,True
UgyW5SrVMAPKI7CHmg54AaABAg,comment,V0wtNI-rzSg,,False,@BasherBond,The Fisker Ocean had this feature before BYD,0,True
Ugw6lOoBP6nnIGbHtU14AaABAg,comment,V0wtNI-rzSg,,False,@Incognito-turnip,Who says innovative like that?? Fuck sake,0,True
Ugy8iAMeg0-wIWQ7Wrx4AaABAg,comment,V0wtNI-rzSg,,False,@lucasbruunjohansen9092,Fisker Ocean did it before byd,0,True
UgwupVq67TxIk1uJo6R4AaABAg,comment,V0wtNI-rzSg,,False,@Incognito-turnip,Learn to say innovative properly plank,0,True
UgwYOMYLVJae9JPmRK14AaABAg,comment,V0wtNI-rzSg,,False,@bdk5503,looks like s*** 🤔,0,True
Ugy947sl4Y-VyfeSA5h4AaABAg,comment,V0wtNI-rzSg,,False,@schwembergergerald,sensless!,0,True
UgwTBeqq52jjnNejCOB4AaABAg,comment,V0wtNI-rzSg,,False,@mayormsuthu1465,I like what they did with the display its not fixed to one position cause some of us hates the portrait we prefer a landscape,2,True
Ugwf1SKZepcyVGviXzZ4AaABAg,comment,V0wtNI-rzSg,,False,@jfr89,Bad chinese software 🤣 one of the most important features for a electric vehicle...,0,True
UgyWzEwkwfCe1fi4G8l4AaABAg,comment,V0wtNI-rzSg,,False,@chiva9969,Front end looks beautiful,6,True
Ugx_PqEARiHkxaZKlXF4AaABAg,comment,V0wtNI-rzSg,,False,@nozopoke1782,we have these cars in mexico and they are utter crap. They breakdown easily and there’s no spare parts in months,0,True
Ugxp6iZkAzrCnubM2qp4AaABAg,comment,V0wtNI-rzSg,,False,@dunphyjp,Did BYD work with Hyundai? Because that instrument cluster looks to be a 1 to 1 for the Ionic 5 and 6 cluster,0,True
Ugxp6iZkAzrCnubM2qp4AaABAg.AG8PxYCg0YSAG8Q7_Y5OsE,comment,V0wtNI-rzSg,Ugxp6iZkAzrCnubM2qp4AaABAg,True,@dunphyjp,"Also, while not as affordable or available, the rotating screen is a few years behind Fiskers Ocean on that front.",0,True
Ugw5wE9NHPRs_w7bRWZ4AaABAg,comment,V0wtNI-rzSg,,False,@miguelmf001,"Oh gosh. We used to talk about horse power, and shit. Now, we are talking R O T A T I N G  T A B L E T S",1,True
Ugw5wE9NHPRs_w7bRWZ4AaABAg.AG8OEdWubIEAG9VmG8BEll,comment,V0wtNI-rzSg,Ugw5wE9NHPRs_w7bRWZ4AaABAg,True,@sidecarmisanthrope5927,They don't like to talk about depreciation though.,0,True
Ugw5wE9NHPRs_w7bRWZ4AaABAg.AG8OEdWubIEAGEbvu4b6LU,comment,V0wtNI-rzSg,Ugw5wE9NHPRs_w7bRWZ4AaABAg,True,@litesp,@sidecarmisanthrope5927  A Mercedes S-Class depreciates about 80% in 5 years.  American cars are just trash from the factory.,0,True
UgwU9JxZBIpWEJFCkKV4AaABAg,comment,V0wtNI-rzSg,,False,@LanEvo9Wagon,The question is would you buy it once the warranty runs out,1,True
UgwU9JxZBIpWEJFCkKV4AaABAg.AG83__gcknVAG9Vsk_sZmr,comment,V0wtNI-rzSg,UgwU9JxZBIpWEJFCkKV4AaABAg,True,@sidecarmisanthrope5927,"I seem to remember something about fools and money being soon parted. So, there will be some who fall into the trap.",1,True
UgwU9JxZBIpWEJFCkKV4AaABAg.AG83__gcknVAG9fr4hb-45,comment,V0wtNI-rzSg,UgwU9JxZBIpWEJFCkKV4AaABAg,True,@LanEvo9Wagon,@ shiny object syndrome my friend. If the whole world just stop buying and falling them. We would be living in a better place where car companies build cars people actually want.,0,True
UgzmQX9vum-QTKXNwf14AaABAg,comment,V0wtNI-rzSg,,False,@Cream-i5u,These americans here are not ready to be crushed by china in endless ways in the coming years. Usa lost,0,True
UgylRsHrB5aovcfxkxN4AaABAg,comment,V0wtNI-rzSg,,False,@tanupprasai9245,"Most ' Chinese garbage, it cant stand up to Tesla' comments coming from Americans who haven't seen or driven one. The positive comments from people who own/drive it .
Tells you a lot about the car.",0,True
UgwcA97j1THjGxUdyHR4AaABAg,comment,V0wtNI-rzSg,,False,@darrenjohnson1952,I hope you bought shares in them they are going to take over the world... Tesla is totally screwed now 😂,0,True
UgxvF2cZY4ofY8zYozl4AaABAg,comment,V0wtNI-rzSg,,False,@linkinpork-p9n,This is where you know shmee is corrupted like the Chinese government,0,True
UgxGgc_EJqgveO62Eox4AaABAg,comment,V0wtNI-rzSg,,False,@VBRO_Chief,So when are you getting yourself a Mahindra XEV 9e Pack 3?,0,True
UgxGgc_EJqgveO62Eox4AaABAg.AG7Hd2xPlcCAG8OMNfOvLG,comment,V0wtNI-rzSg,UgxGgc_EJqgveO62Eox4AaABAg,True,@MLuK4411,Who tf wants a mahindra?,2,True
UgxGgc_EJqgveO62Eox4AaABAg.AG7Hd2xPlcCAG9rz_ZDJqz,comment,V0wtNI-rzSg,UgxGgc_EJqgveO62Eox4AaABAg,True,@VBRO_Chief,"@MLuK4411  Okay, only one question : Have you seen the vehicle I'm talking about? Literally anything about it? Or are you just too blinded by hate? 
*Also, Mahindra's Electric Origin INGLO Platform eSUVs saw 30,179 bookings on the first day of opening, equalling to IN ₹8.47 Trillion in value, for only its Pack 1 edition. People are waiting for Pack 3. And these numbers are just a relatively modest domestic market. In CY2024, Mahindra and Mahindra sold 7,105 electric vehicles, representing a 66% year-on-year growth.* There's your answer, snob.",0,True
UgxGgc_EJqgveO62Eox4AaABAg.AG7Hd2xPlcCAGTHG5YdDYQ,comment,V0wtNI-rzSg,UgxGgc_EJqgveO62Eox4AaABAg,True,@JR-ut2ne,They don’t even sell them in europe. Not that anyone would buy them if they did lol.,0,True
UgxGgc_EJqgveO62Eox4AaABAg.AG7Hd2xPlcCAGTL5INixDL,comment,V0wtNI-rzSg,UgxGgc_EJqgveO62Eox4AaABAg,True,@MLuK4411,@VBRO_Chief so what's your point?,0,True
UgxGgc_EJqgveO62Eox4AaABAg.AG7Hd2xPlcCAGaVFUp4sjF,comment,V0wtNI-rzSg,UgxGgc_EJqgveO62Eox4AaABAg,True,@matthewbowen5841,"Hahaha I was expecting greatness since you so vehemently defend this Mahindra abomination. But, nope, just the (awkward) design of the Kia K4 lifted a few inches, with a much cheaper looking interior and some cheap screens glued on to span the dash. I'm not sure what's so exciting about it. They make excellent tractors.",0,True
UgxGgc_EJqgveO62Eox4AaABAg.AG7Hd2xPlcCAGcfdDxTBk6,comment,V0wtNI-rzSg,UgxGgc_EJqgveO62Eox4AaABAg,True,@VBRO_Chief,"After seeing the replies to my comment, I learnt that the masses are... Uniquely dumb. No surprise we live in such a f****d up world.",0,True
Ugzb6DC9ZtXtabFfA8h4AaABAg,comment,V0wtNI-rzSg,,False,@gemmamills3952,Not new or unique. The Fisker Ocean does this.,0,True
UgzjQIZnnBiUVJE_3qN4AaABAg,comment,V0wtNI-rzSg,,False,@whereisjustice5112,American is screaming for BYD.,0,True
Ugz_q1Edl8IsaZZ1K3R4AaABAg,comment,V0wtNI-rzSg,,False,@bttmfg7010,"Wow, the screen rotates. I’m sold. Who cares about not being able to escape a burning car or polluting the world with more unnecessary tech junk that we don’t need. A screen rotates because I press a button? I’ll have 10 please",2,True
Ugz_q1Edl8IsaZZ1K3R4AaABAg.AG7EedeiR-dAGDCJXnMxYe,comment,V0wtNI-rzSg,Ugz_q1Edl8IsaZZ1K3R4AaABAg,True,@n1kurd,You're a clown,0,True
UgzeBGine3Y0s7YgFX94AaABAg,comment,V0wtNI-rzSg,,False,@golbs7542,"Yeah nice looking car but if u watch the real reviews from china, the structural parts are made out of plastic and byd uses 0.3mm streel panels instead of 0.8mm like most european cars. Tbats why the cars are cheaper.",0,True
UgwUWJ0l6fnifCp_7ZN4AaABAg,comment,V0wtNI-rzSg,,False,@fieriawatyadhitio9680,😮😮😮😮,0,True
UgwXzhCWOLe31dWwKad4AaABAg,comment,V0wtNI-rzSg,,False,@bettermasteryi7043,you are telling me that rotating screen is enough of a function to sell these ?,2,True
UgwXzhCWOLe31dWwKad4AaABAg.AG6aA2ajcE6AG9VRvItqch,comment,V0wtNI-rzSg,UgwXzhCWOLe31dWwKad4AaABAg,True,@sidecarmisanthrope5927,"For some tossers, yes!  Just one more thing to go wrong.",0,True
Ugy1P-Cy0g66GIeEqEZ4AaABAg,comment,V0wtNI-rzSg,,False,@tadasblinda8370,Influences are paid to promote these crap Chinese cars.,0,True
UgxJkv5Adldfc_KmM5d4AaABAg,comment,V0wtNI-rzSg,,False,@flori5548,HiPhi anyone?,0,True
UgxD8rdpms7gjZrQxGV4AaABAg,comment,V0wtNI-rzSg,,False,@Bbill2k2,Wrong - Multiple BYD cars do this not just the Seal and have done for a few years,5,True
UgwBdo3dP0-2X-_aDg54AaABAg,comment,V0wtNI-rzSg,,False,@jonathongellibrand3632,Big fat woop,0,True
UgzRLjjV9B7G_zGPGlh4AaABAg,comment,V0wtNI-rzSg,,False,@ZZZ333,IN-NOV-ATIV???!!! Since when do we say it like that 😂,0,True
UgyxlPTcYsUwGggWSgF4AaABAg,comment,V0wtNI-rzSg,,False,@celxoirealyx,Where are them sinophobic merikkans at? 👀,0,True
UgxnSIodPSBecgSSrGl4AaABAg,comment,V0wtNI-rzSg,,False,@JimmyDorsaint,Didn't Bentley do this?,0,True
UgzE6qt0Obh-1x7F59x4AaABAg,comment,V0wtNI-rzSg,,False,@twfrogabuser4971,This car is already considered outdated in China,1,True
UgzE6qt0Obh-1x7F59x4AaABAg.AG4GHR7IKi6AGLlfyv9vxm,comment,V0wtNI-rzSg,UgzE6qt0Obh-1x7F59x4AaABAg,True,@suad01,In what ways?,0,True
Ugyk5IkH2Q660KNuWt94AaABAg,comment,V0wtNI-rzSg,,False,@cosmincosta8206,Car drives so Bad...,0,True
UgzWPZD1oLYWJZ0u3Ex4AaABAg,comment,V0wtNI-rzSg,,False,@swampthing20,"I've never heard the word innovative mispronounced like that before, that's a new one on me.",44,True
UgzWPZD1oLYWJZ0u3Ex4AaABAg.AG3a1CVoqQjAGMtZDCCDyf,comment,V0wtNI-rzSg,UgzWPZD1oLYWJZ0u3Ex4AaABAg,True,@mckendrick7672,I've heard it pronounced like that before here in the UK.,4,True
UgzWPZD1oLYWJZ0u3Ex4AaABAg.AG3a1CVoqQjAGP4y1uvt1M,comment,V0wtNI-rzSg,UgzWPZD1oLYWJZ0u3Ex4AaABAg,True,@agent0066,​@mckendrick7672 You have heard it pronounced wrong.,8,True
UgzWPZD1oLYWJZ0u3Ex4AaABAg.AG3a1CVoqQjAGPrH-uvt5z,comment,V0wtNI-rzSg,UgzWPZD1oLYWJZ0u3Ex4AaABAg,True,@mckendrick7672,"@agent0066 Probably, but it's a shorter distance from the typical UK pronunciation than from the American pronunciation.",1,True
UgzWPZD1oLYWJZ0u3Ex4AaABAg.AG3a1CVoqQjAGS4iNBBCgE,comment,V0wtNI-rzSg,UgzWPZD1oLYWJZ0u3Ex4AaABAg,True,@bolbatross,Two wrongs don't make a right​@mckendrick7672,0,True
UgzWPZD1oLYWJZ0u3Ex4AaABAg.AG3a1CVoqQjAGUP7MzZDXj,comment,V0wtNI-rzSg,UgzWPZD1oLYWJZ0u3Ex4AaABAg,True,@sanyk-t6c,"It's English language, not American language.",4,True
UgzWPZD1oLYWJZ0u3Ex4AaABAg.AG3a1CVoqQjAGYDzOxLSKm,comment,V0wtNI-rzSg,UgzWPZD1oLYWJZ0u3Ex4AaABAg,True,@protoman1214,"​@sanyk-t6c Americans speak an older style of English than the UK believe it or not.

The UK kept changing English language rules after the USA claimed it's independence.

Things like color vs colour, for example. Color is the older version 

And the international standard for English is ""American"" English.

So, you're sort of wrong...",1,True
UgzWPZD1oLYWJZ0u3Ex4AaABAg.AG3a1CVoqQjAGYW2SIvm-A,comment,V0wtNI-rzSg,UgzWPZD1oLYWJZ0u3Ex4AaABAg,True,@mckendrick7672,"@protoman1214 It's not ""older"" per se, it just developed more conservatively in some ways but not others. There are still many features of modern General American which give it a very different sound from older English pronunciations – notably the cot-caught merger, and the father-bother merger. There is also the phenomenon of flapping which occurs in words like ""latter"" which makes it homophonous with ""ladder"" (and neither technically use either a 't' or 'd' sound). Not to mention, most American English dialects have also developed their own shifting variety of vowel sounds, most notably in the South.

What gives people the impression that British English changed a huge amount is the fact that Standard British English no longer has rhoticity. That is really only one thing lost that happens to be particularly noticeable out of many changes that happened to both languages, and it must be noted that the type of rhoticity Americans have today is not the same kind that we had in the past – in the past we used trilled and tapped 'r' sounds, much like Scots still do. In fact, much of British English continued using tapped 'r' until quite recently, and this actually confused American soldiers during the war who perceived it as a 'd' sound because of American English's development of flapping.

Also no, ""colour"" is the older version, ""color"" was part of a half-hearted attempt at spelling revision by Webster which he never followed through on. When it comes to spelling British English is always the more conservative version.",0,True
UgzWPZD1oLYWJZ0u3Ex4AaABAg.AG3a1CVoqQjAGYjfR_SPnG,comment,V0wtNI-rzSg,UgzWPZD1oLYWJZ0u3Ex4AaABAg,True,@bolbatross,"@protoman1214 

No I'm not... And the bloke here is English. You're talking nonsense.",0,True
UgzWPZD1oLYWJZ0u3Ex4AaABAg.AG3a1CVoqQjAGYnUdyiRPY,comment,V0wtNI-rzSg,UgzWPZD1oLYWJZ0u3Ex4AaABAg,True,@protoman1214,"@mckendrick7672 thanks for the input. You make great pointa. You're right, my statement isn't true across every single word in the English Language.

But many are wrong saying our English is incorrect when in many cases, we follow standards that England themselves had set at one point in time.

But the English language has borrowed its words from others languages. Latin is a much older language and their spelling was Color, not colour...

I stand by statement that Americanized English is the international standard. 

Open up a manual for an electronic you recently brought and tell me which one is on there",0,True
UgzWPZD1oLYWJZ0u3Ex4AaABAg.AG3a1CVoqQjAG_-EUB7wkX,comment,V0wtNI-rzSg,UgzWPZD1oLYWJZ0u3Ex4AaABAg,True,@mckendrick7672,"@protoman1214 We did not borrow the word from Latin, we borrowed it from the Normans who spelled it ""colour"". There was some usage of ""color"" as re-borrowed directly from Latin later on, but ""colour"" was much more common already. If we had borrowed it from Latin directly the pronunciation would be far closer to the Latin – but it isn't, and many variant phonetically-based spellings from Middle English indicate it was pronounced more along the lines of ""culur"" as it was in French.

And you're right that American English is somewhat more internationalised today; however, there is no standard. In Europe the Oxford variant of British English is more conventionally used, as it is in most Scientific journals. Countries with lots of historic British influence like India by far primarily British English spelling, while even Canada, who sits on America's border, uses something closer to resembling Oxford British English with some American spelling affectations. Of course, if you looked at places like Japan, Taiwan, and Korea, who have had far more influence from America, you would be far more likely to see American English. China, as well, is more likely to cater to the American market because it is simply bigger, and with those three countries they by far make up the majority of the world's producers of electronics (to use your example).",0,True
UgzWPZD1oLYWJZ0u3Ex4AaABAg.AG3a1CVoqQjAG_pWQGvPGZ,comment,V0wtNI-rzSg,UgzWPZD1oLYWJZ0u3Ex4AaABAg,True,@protoman1214,"@mckendrick7672 of course British commonwealths would lean British. I said internationally… products sold internationally. Of course there is no global agreement to use Americanized English, so technically there is no standard. But the globe can’t agree on anything at all. It’s still the closest thing to an official standard. Airports, international agreements and treaties, etc….

There was lots of turmoil and disagreement even amongst linguists within England throughout history.

The French pronounce and spell color very differently, yet they indeed borrowed it from Latin. I don’t find the pronunciation to be definitive evidence of who it was borrowed from.",0,True
UgzWPZD1oLYWJZ0u3Ex4AaABAg.AG3a1CVoqQjAGaQujQ6KYH,comment,V0wtNI-rzSg,UgzWPZD1oLYWJZ0u3Ex4AaABAg,True,@mckendrick7672,"@protoman1214 What you're arguing is pointless. We have established that there is no standard, and that the Commonwealth (which is a huge number of countries) and the EU all use British spelling. That alone is a huge portion of the English speakers in the world.

We literally have historic documents from the Anglo-Norman period in which they spelled it as ""colour"", with the earliest attestation in English being from the Middle English story St Patrick's Purgatory. ""Colour"" is actually one of the few spellings of the time which survives to this day.

And yes, pronunciation is indicative of from whom it was borrowed. Most words borrowed directly from Latin developed from their original spelling/pronunciation with the English language in line with how English pronunciation as a whole developed. This is especially true for vowel sounds. If English had borrowed it from Latin we'd expect one of the two 'o's to be pronounced as it is in other words, but it isn't. The former vowel is pronounced /ʌ/ which is congruent with how words which developed from an /u/ sound, while the latter is unstressed. Pronunciation tends to change in regular, predictable ways, and based on the fact that many people in older forms of English would also write it as ""culur"", which is similar to the older French pronunciation *and* the modern French one, pre-standardization there is no reason to believe it was borrowed into English directly from Latin. If it were, we would expect something akin to /kɑlɚ/ and /kɔlə/ or /kəlo:r/ and /kəlɔ:/ rather than /kʌlɚ/ and /kʌlə/ after the Great Vowel Shift.",0,True
UgzWPZD1oLYWJZ0u3Ex4AaABAg.AG3a1CVoqQjAGaVjOciLjV,comment,V0wtNI-rzSg,UgzWPZD1oLYWJZ0u3Ex4AaABAg,True,@protoman1214,"@mckendrick7672  i wave my white flag.

According to you, pronunciation is proof of where the word was borrowed, the USA took it from it from England and said ""let's pronounce it differently"".",0,True
UgzWPZD1oLYWJZ0u3Ex4AaABAg.AG3a1CVoqQjAGaWFoR1cPT,comment,V0wtNI-rzSg,UgzWPZD1oLYWJZ0u3Ex4AaABAg,True,@mckendrick7672,"@protoman1214 Sure, just take what I said and misconstrue it.",0,True
UgzWPZD1oLYWJZ0u3Ex4AaABAg.AG3a1CVoqQjAGaYR0FUi8I,comment,V0wtNI-rzSg,UgzWPZD1oLYWJZ0u3Ex4AaABAg,True,@protoman1214,@mckendrick7672  it's what you said 😆. You're right. 100% right,0,True
UgzWPZD1oLYWJZ0u3Ex4AaABAg.AG3a1CVoqQjAGfvY19i7y8,comment,V0wtNI-rzSg,UgzWPZD1oLYWJZ0u3Ex4AaABAg,True,@RedSphericalUFO,"Have to love YouTube comments. Come here to watch something on a car, get a lesson on the origin of English instead!",0,True
UgzWPZD1oLYWJZ0u3Ex4AaABAg.AG3a1CVoqQjAGhw3WkxGJU,comment,V0wtNI-rzSg,UgzWPZD1oLYWJZ0u3Ex4AaABAg,True,@dave6445,"@protoman1214 I heard that Roosevelt, changed our English speaking language to suit the Americans. He removed the U out of colour, favour And the best one yet,  Aluminium! Aluminum, where did that come from, it's never been called Aluminum, unless from your side of the pond! Another fact Lara Croft, (Tomb Raider), she was original type cast as Laura Croft, but the Americans couldn't pronounce Laura, so the English writers, changed it to Lara!",0,True
UgzWPZD1oLYWJZ0u3Ex4AaABAg.AG3a1CVoqQjAHFkkiEIMap,comment,V0wtNI-rzSg,UgzWPZD1oLYWJZ0u3Ex4AaABAg,True,@TheProdCartel,"​@protoman1214no such thing as American English 😂
It's called simplified English, yano because yanks are simple 😂",0,True
UgynExVAuKe7s_pkHMF4AaABAg,comment,V0wtNI-rzSg,,False,@niallbuckley1,“In nov a tiv” ?,0,True
UgzngPY9G4m2W4dlPjx4AaABAg,comment,V0wtNI-rzSg,,False,@lestorhaslam,How much “under 50k”? For me it would have to be about 49k under. 😂.,0,True
Ugy_ojsQxlM-aED2Ult4AaABAg,comment,V0wtNI-rzSg,,False,@davi1,the BYD S1 pro also does it,1,True
UgwS4bYjInDi9DTXKtd4AaABAg,comment,V0wtNI-rzSg,,False,@825rpd,How long before that mechanism breaks,0,True
Ugw_Dbry5a2FW7QElBJ4AaABAg,comment,V0wtNI-rzSg,,False,@pb4012,It looks very inn-OVER-tive,579,True
Ugw_Dbry5a2FW7QElBJ4AaABAg.AG13xlLPd2nAGIyEv6eRC4,comment,V0wtNI-rzSg,Ugw_Dbry5a2FW7QElBJ4AaABAg,True,@Fallington,Was hoping someone would pick up on that 🤷🏼‍♂️,36,True
Ugw_Dbry5a2FW7QElBJ4AaABAg.AG13xlLPd2nAGOt1NaKuBR,comment,V0wtNI-rzSg,Ugw_Dbry5a2FW7QElBJ4AaABAg,True,@John-dd8kh,Think he was trying to pronounce it faster like how the word photography is pronounced but just sounds weird,6,True
Ugw_Dbry5a2FW7QElBJ4AaABAg.AG13xlLPd2nAGV8WlXSlOS,comment,V0wtNI-rzSg,Ugw_Dbry5a2FW7QElBJ4AaABAg,True,@BinaryBard64,"I wish I could in-NOV-ate some snacks, too.",7,True
Ugw_Dbry5a2FW7QElBJ4AaABAg.AG13xlLPd2nAGWtmnztFD2,comment,V0wtNI-rzSg,Ugw_Dbry5a2FW7QElBJ4AaABAg,True,@lemmetellyousomething679,I was stoned and thought i misheard it😂,2,True
Ugw_Dbry5a2FW7QElBJ4AaABAg.AG13xlLPd2nAGYOXvDwSSy,comment,V0wtNI-rzSg,Ugw_Dbry5a2FW7QElBJ4AaABAg,True,@cg1308,"Came to say this. Hard to believe he’s a born and bred Englishman isn’t it?

(I believe!!)",4,True
Ugw_Dbry5a2FW7QElBJ4AaABAg.AG13xlLPd2nAGYsK3jaVxt,comment,V0wtNI-rzSg,Ugw_Dbry5a2FW7QElBJ4AaABAg,True,@FreeBandz658,People need to realise this is the new gimmick for “content creators” they are either subtle or blatant with adding in things they know will drive up interactions. It’s all on purpose,6,True
Ugw_Dbry5a2FW7QElBJ4AaABAg.AG13xlLPd2nAGfG34C4vhv,comment,V0wtNI-rzSg,Ugw_Dbry5a2FW7QElBJ4AaABAg,True,@ravusursi893,Obviously not an Oxbridge graduate. The state of education today is so disheartening.,0,True
Ugw_Dbry5a2FW7QElBJ4AaABAg.AG13xlLPd2nAGpi_U97N1X,comment,V0wtNI-rzSg,Ugw_Dbry5a2FW7QElBJ4AaABAg,True,@MarkGodfrey73,"Also, unusual and unique? It can't be both.",2,True
Ugw_Dbry5a2FW7QElBJ4AaABAg.AG13xlLPd2nAHZCacXmlU2,comment,V0wtNI-rzSg,Ugw_Dbry5a2FW7QElBJ4AaABAg,True,@Squaresnow22,Never heard anyone else say it like that.,0,True
Ugw_Dbry5a2FW7QElBJ4AaABAg.AG13xlLPd2nAHhCNeVOYRR,comment,V0wtNI-rzSg,Ugw_Dbry5a2FW7QElBJ4AaABAg,True,@Jonthepolarbear_king,Bruh he pronounced it the exact same just putting the emphasis on a different syllable,0,True
UgwdWCS6WRsJ8e4Fpdx4AaABAg,comment,V0wtNI-rzSg,,False,@Paxmet,And it coasts 29000$,0,True
Ugy1odRZUzln_MFpDIp4AaABAg,comment,V0wtNI-rzSg,,False,@Chris_N3197,It’s stupid. Complicated to implement. Could have issue. And it only serves during … social network…,1,True
Ugy9asNG1ck802ltW0N4AaABAg,comment,V0wtNI-rzSg,,False,@V12BHP,The Chinese are well ahead now in the EV race.,0,True
UgxC0Y9DFBp0uBi3fQ94AaABAg,comment,V0wtNI-rzSg,,False,@yourclipdude,Inwhatative?,0,True
UgxqT-HAQbhRRVJ1PiN4AaABAg,comment,V0wtNI-rzSg,,False,@toobalkain,"wow, this is next level stuff, amazing innovation and level of technical sophistication not often seen",8,True
UgxqT-HAQbhRRVJ1PiN4AaABAg.AFzRRXPFBUTAGIDk4OKC2U,comment,V0wtNI-rzSg,UgxqT-HAQbhRRVJ1PiN4AaABAg,True,@REDxFROG,"Innovation? Any tablet can do it.
But what for?",4,True
UgxqT-HAQbhRRVJ1PiN4AaABAg.AFzRRXPFBUTAGTRNzMwA8e,comment,V0wtNI-rzSg,UgxqT-HAQbhRRVJ1PiN4AaABAg,True,@finestructureconstant3921,"You are too easily impressed by bells and whistles. Bing on cars does not age well.

My complaint about the control display is it looks like someone just stuck a tablet to the dash. Vert ugly.",0,True
UgxU1eutSwQYVffXgIp4AaABAg,comment,V0wtNI-rzSg,,False,@Oachkatzerl,"This is not a car, but an electronic toy on wheels for adults.",0,True
UgzTRlGlqMwXuDfvs-d4AaABAg,comment,V0wtNI-rzSg,,False,@trancendedmindpalace,A key? In 2025 ew,0,True
Ugy7a0QSkIeajRQ-d9J4AaABAg,comment,V0wtNI-rzSg,,False,@purplespark8,The problem with these types of screens is how easily they can be damaged. Imagine a toddler sitting in front and playing with this,0,True
Ugwlnrc4G25Psx4wsQF4AaABAg,comment,V0wtNI-rzSg,,False,@Xevetrium,The faulty Fiskers Ocean does that as well. It's so old that it doesn't get made anymore 😂😂,0,True
Ugz3juSNF87XEgZHTzl4AaABAg,comment,V0wtNI-rzSg,,False,@FawnPhilip,"No way would i buy this car. China has 1 billion people to take care of them.  Im going to take care of my western family always.  Whether its
USA,  Italy,  French,  Germany,  Canada 
British, I AM LOYAL AND SUPPORTING MY WESTERN FAMILY ALWAYS.",0,True
UgxBVabcRgXDzY_s-E14AaABAg,comment,V0wtNI-rzSg,,False,@gerardc6070,"I bought my lexus lc500h last year for about 115K. It has none of these features, lol. I'm starting to think I was duped 😂",0,True
UgxBVabcRgXDzY_s-E14AaABAg.AFxhqSodgyvAG1I1JYTk-u,comment,V0wtNI-rzSg,UgxBVabcRgXDzY_s-E14AaABAg,True,@825rpd,Im certain the lexus will be on the road for longer.,0,True
UgzGNXU8FezI0knWjdF4AaABAg,comment,V0wtNI-rzSg,,False,@djsiuk,Shmee Shilling for the CCP. The build quality is awful on base models make Temu items look high end.,0,True
Ugx7s3dE-7fhftctP854AaABAg,comment,V0wtNI-rzSg,,False,@mfkp,Fisker did it first. Then they went bankrupt 😂,0,True
UgwHT8cOpOD7RQiuMpF4AaABAg,comment,V0wtNI-rzSg,,False,@musicsnap10,Wonder what happens once we go to war,0,True
UgxvR9BcKmFvP9l84hF4AaABAg,comment,V0wtNI-rzSg,,False,@MardukTheSunGodInsideMe,CCP sent their bots to push fake info,0,True
Ugz-BbYbK9jKsz48Ytp4AaABAg,comment,V0wtNI-rzSg,,False,@Kiss_MyAss,"It's 0-100 acceleration might even beat all the cars, including those supercars, in the garage! 🤭",0,True
Ugw8N3r510LazzVtSIF4AaABAg,comment,V0wtNI-rzSg,,False,@BlueOrcX,"Seal only one do that? Well let me help you out of your dreams :), all BYD's do that. Also mine Atto 3",0,True
UgyyxXm7Qh8llk1FfPN4AaABAg,comment,V0wtNI-rzSg,,False,@azeemali7102,"wait for the future of race cars, formula 1",0,True
Ugxm4K9Nanp_1csojcl4AaABAg,comment,V0wtNI-rzSg,,False,@jessewhittemore784,"These things are junk, and anyone wasting money on them is a fool. But by all means, keep contributing to China's skyrocketing child cancer rate 😂",0,True
UgxR36WULL6dtLfrpGt4AaABAg,comment,V0wtNI-rzSg,,False,@BALAZSER1,"BYD,  better than tesla in every way!!!",14,True
UgxR36WULL6dtLfrpGt4AaABAg.AFwXmpw5-njAGPDiJcEtDq,comment,V0wtNI-rzSg,UgxR36WULL6dtLfrpGt4AaABAg,True,@edwardfletcher7790,"Unfortunately, that's not difficult...

There is however one major difference. Teslas have rust proofing, BYD don't....",0,True
UgxR36WULL6dtLfrpGt4AaABAg.AFwXmpw5-njAGV5T2O2Sig,comment,V0wtNI-rzSg,UgxR36WULL6dtLfrpGt4AaABAg,True,@graemelough7174,Time will tell...cybertruck?​@edwardfletcher7790,0,True
Ugz9UhTTp0hu55qZ09J4AaABAg,comment,V0wtNI-rzSg,,False,@MrHamibaloochi,This is an amazing car. You have no idea how good the SUV version of it is,29,True
Ugz9UhTTp0hu55qZ09J4AaABAg.AFwFaEmRrQ7AGPHmKERBd1,comment,V0wtNI-rzSg,Ugz9UhTTp0hu55qZ09J4AaABAg,True,@f.kieranfinney457,Eww. It looks like a cheap karaoke bar screwed a dying discotheque.,2,True
Ugz9UhTTp0hu55qZ09J4AaABAg.AFwFaEmRrQ7AGSmstAjWn9,comment,V0wtNI-rzSg,Ugz9UhTTp0hu55qZ09J4AaABAg,True,@k20dude41,​@f.kieranfinney457 get back in your f150 please......,0,True
Ugz9UhTTp0hu55qZ09J4AaABAg.AFwFaEmRrQ7AGVZUUCeRy6,comment,V0wtNI-rzSg,Ugz9UhTTp0hu55qZ09J4AaABAg,True,@utfigyii5987,"SUV will automatically be considered bad because... it's a SUV, a bad car type",0,True
Ugz9UhTTp0hu55qZ09J4AaABAg.AFwFaEmRrQ7AGYWPmObIhl,comment,V0wtNI-rzSg,Ugz9UhTTp0hu55qZ09J4AaABAg,True,@abacus7087,@f.kieranfinney457 better than tesla cope more,0,True
UgwrWo8sz25pM0X5XfV4AaABAg,comment,V0wtNI-rzSg,,False,@ndyoutube123,How much you get paid for ccp propaganda?,0,True
UgyIFvp2jdAv1hu-OwV4AaABAg,comment,V0wtNI-rzSg,,False,@chriswarren2599,Funding Communism.,0,True
UgzmxH0WB8o27ebuNv94AaABAg,comment,V0wtNI-rzSg,,False,@abd124-l2c,"I just bought the BYD HAN, and honestly, it's amazing it was a good choice.

Respect to all European car manufacturers, i personally used to choose and drive BMW on a daily basis, always. 

But now, with respect, i choose BYD because in terms of price, quality, and technology, it's much better as an electric car🤷🏻‍♂️

No one will ever know what I'm talking about until they try it themselves.

Im saying this because I used to be one until I tried it myself 😅",42,True
UgzmxH0WB8o27ebuNv94AaABAg.AFvg_uhFnpxAGESJQdrANC,comment,V0wtNI-rzSg,UgzmxH0WB8o27ebuNv94AaABAg,True,@NEOmnius,"Maybe we should all just wait to see how you feel about it in 3-4 years, when Chinese ""quality"" starts to show?",4,True
UgzmxH0WB8o27ebuNv94AaABAg.AFvg_uhFnpxAGEt0CNjuwb,comment,V0wtNI-rzSg,UgzmxH0WB8o27ebuNv94AaABAg,True,@abd124-l2c,"@NEOmnius  
It's already been 5 years for the BYD in our Middle Eastern markets.
Nothing happened! Even though, in the next 5 years, for us, it's more affordable than petrol🤷🏻‍♂️.

On a daily basis, for a small drive, we pay at least 12 USD for PETROL, so it's 360 USD monthly, 4320 USD yearly, so we take that amount 4320 USD x 5 years = 21,600 USD just for petrol for the next 5 years, without the other services expenses like oil change, filters, etc.

Now, with BYD, we pay on electricity only 50 USD monthly. On a yearly basis, it's 600 USD. We take that amount 600 USD x 5 years = 3000 USD.

Let's consider that the quality of the batteries gets lower by the next 5 years. But I can still have saved 21,600 USD in my pocket, which is the petrol expenses🤷🏻‍♂️

The BYD HAN price in my country is only 30,000 USD. Therefore, i can buy a brand new one when I resell my current BYD to BYD agent in my country and get a new one😇",16,True
UgzmxH0WB8o27ebuNv94AaABAg.AFvg_uhFnpxAGEwUB24Ys0,comment,V0wtNI-rzSg,UgzmxH0WB8o27ebuNv94AaABAg,True,@Sean-wz8xw,What country are you from​@abd124-l2c,1,True
UgzmxH0WB8o27ebuNv94AaABAg.AFvg_uhFnpxAGF4v-4RqdL,comment,V0wtNI-rzSg,UgzmxH0WB8o27ebuNv94AaABAg,True,@abd124-l2c,@Sean-wz8xw Jordan 🇯🇴,5,True
UgzmxH0WB8o27ebuNv94AaABAg.AFvg_uhFnpxAGKLa0K15Av,comment,V0wtNI-rzSg,UgzmxH0WB8o27ebuNv94AaABAg,True,@oxaile4021,"Yup, i've driven BMWs, Audis, Mercs. BYD beats them all and at a much lower price.",6,True
UgzmxH0WB8o27ebuNv94AaABAg.AFvg_uhFnpxAGMsvXgnPQy,comment,V0wtNI-rzSg,UgzmxH0WB8o27ebuNv94AaABAg,True,@mckendrick7672,​@NEOmnius The year is 2025. China makes everything already – the good and the bad. Harping on Chinese goods being bad quality is like harping on Japanese goods being bad in the 70s and 80s.,0,True
UgzmxH0WB8o27ebuNv94AaABAg.AFvg_uhFnpxAGSPr_-CsRs,comment,V0wtNI-rzSg,UgzmxH0WB8o27ebuNv94AaABAg,True,@djturbine7565,@NEOmnius The notion that all Chinese products are inferior to Western ones is no longer true. China has been refining and improving their products for years and now have many quality products that offer far better value than half the crap churned out by American conglomerates.,1,True
UgzmxH0WB8o27ebuNv94AaABAg.AFvg_uhFnpxAGSd14RPyun,comment,V0wtNI-rzSg,UgzmxH0WB8o27ebuNv94AaABAg,True,@NEOmnius,"@djturbine7565 of course they are, cheap labour, lousy QC, lower standards, and worst of all these are all basically made by stealing intellectual property from the west. I would never gave my money to Chinese communist party. Why would anyone in their right mind fund their enemies. China wants to dominate us, and they are doing it by CCP subsiding carmakers, electronics makers etc. which makes seems their products more competitive. I will never be a traitor and fund someone who wants me evil.",0,True
UgzmxH0WB8o27ebuNv94AaABAg.AFvg_uhFnpxAGUbT1Wmisz,comment,V0wtNI-rzSg,UgzmxH0WB8o27ebuNv94AaABAg,True,@zjeee,Chinese cars have always had decent chunk of markets in the third world due to their price point,0,True
UgzmxH0WB8o27ebuNv94AaABAg.AFvg_uhFnpxAG_-j0YhwFx,comment,V0wtNI-rzSg,UgzmxH0WB8o27ebuNv94AaABAg,True,@user-ml8tm5bi4e,"​@zjeee I've never thought that I would watch Brazilians trading in their European cars like Audi, BMW, Volvo and Land Rover for BYD cars. I was one of them! We've traded a BMW 328i and a Volvo V40 for 2 BYDs cars. 
There is no car brand that offers the same level of Technology that BYD offers for the Price it offers. 
Traditional car brands like Fiat, VW, GM etc are having a hard time here in Brazil, because their cars have aged poorly and fastly and no one wants to buy expensive garbage anymore! 😂",0,True
UgwGj1naDV1mjr4qxKN4AaABAg,comment,V0wtNI-rzSg,,False,@alastairjhunter3666,Under £50k 😂😂😂😂,0,True
UgyZbl4ah0kLbRNeMKh4AaABAg,comment,V0wtNI-rzSg,,False,@mattyguff1,"BYD are full of lies.
Any person with a brain will tell you 5 minute charge is garbage.

The amount of power needed could power hundreds of households.

Our current grids will not handle the power.

The heat created would be volcanic.

Lies.",0,True
UgyhL7PMcfF4H3YzFIl4AaABAg,comment,V0wtNI-rzSg,,False,@GoogleUserGmail,Americans crying on the comments I bet,0,True
UgwJ2S0isyodrONNmhB4AaABAg,comment,V0wtNI-rzSg,,False,@normhey6351,to much tech to go wrong in a year or so. bring back the robin R,0,True
UgyCocV5aPgx_-vTmUd4AaABAg,comment,V0wtNI-rzSg,,False,@DarsanUchiha,Fisker did this,0,True
UgxG7NjY_XeN-WHqnZN4AaABAg,comment,V0wtNI-rzSg,,False,@BakerySSK,Just bought the sea lion 7. The best ev vehicle I've ever driven.,6,True
UgxG7NjY_XeN-WHqnZN4AaABAg.AFuSKAOewtRAGTR5zp_FYg,comment,V0wtNI-rzSg,UgxG7NjY_XeN-WHqnZN4AaABAg,True,@finestructureconstant3921,Meaningless unless you state what you have driven before.,0,True
UgxG7NjY_XeN-WHqnZN4AaABAg.AFuSKAOewtRAGTSyL0cU5k,comment,V0wtNI-rzSg,UgxG7NjY_XeN-WHqnZN4AaABAg,True,@BakerySSK,@ your life is meaningless.,0,True
UgxG7NjY_XeN-WHqnZN4AaABAg.AFuSKAOewtRAGdYIWnoej0,comment,V0wtNI-rzSg,UgxG7NjY_XeN-WHqnZN4AaABAg,True,@MalcolmFMQ,"I have driven the Performance variant of this Sealion 7. Man, its accelerating power is phenomenal. I think this is probably the best model that came out from BYD thus far.",0,True
UgxG7NjY_XeN-WHqnZN4AaABAg.AFuSKAOewtRAHFl7YEh3jJ,comment,V0wtNI-rzSg,UgxG7NjY_XeN-WHqnZN4AaABAg,True,@TheProdCartel,Let me know if it still runs in 5 years 😂,0,True
UgxG7NjY_XeN-WHqnZN4AaABAg.AFuSKAOewtRAIGoxMtbmgx,comment,V0wtNI-rzSg,UgxG7NjY_XeN-WHqnZN4AaABAg,True,@mingc4698,"@TheProdCartel  i know u meant it sarcastically, truth is... reliability is the last unknown key factor for consumer BUT.. if they are proven even at 80% as reliable as japan giant like toyota.. (which rank 1 almost every year in reliability chart)  whole auto industry will be COOKED..  and again when u speak sarcastically.. did your phone broke down when u typing this? they most likely made in china.. and Toyota had 1.4 million car made in China YEARLY.. and u gonna bet their parts also made in China.. so I wont be surprise if BYD turned out to be better than expectation.. if your mind only can relate to china made = low quality.. u probably to cheapskate to pay for a good quality one..",1,True
UgxG7NjY_XeN-WHqnZN4AaABAg.AFuSKAOewtRAIGpfHR4jD1,comment,V0wtNI-rzSg,UgxG7NjY_XeN-WHqnZN4AaABAg,True,@TheProdCartel,"@mingc4698 nothing to do with China, I'd take Chinese quality over American quality, especially when it comes to tech. My issue is evs are crap, stick a steak on a grill then stick one in a microwave. The microwave will be done quicker but the grill will be 100 times more enjoyable. Think of it like that, you might get good acceleration with an ev but everything else is shite compared to any other car on the planet.
Sorry I hurt your gay little feelings because you have a shit car",0,True
UgxG7NjY_XeN-WHqnZN4AaABAg.AFuSKAOewtRASrhMl-gvpu,comment,V0wtNI-rzSg,UgxG7NjY_XeN-WHqnZN4AaABAg,True,@littlericeboy6187,"​@TheProdCartel the EV drive is way better than ICE vehicles of the same price range. Car feels way more solid and yet smooth a ride. Ain't nobody cares about a loud ass tractor sounding car going so slow you feel like it's breaking its back just trying to get off from a traffic stop.

Quiet, smooth and good acoustics from external noise. Passengers can literally sleep in the car soundly. Keep crying, sorry an EV costs way too much for you to afford it on a regular basis. Besides, who uses a car for more than 8 years lmao...unless you're too broke you can't afford to buy a brand new one every 5 years.",0,True
UgxG7NjY_XeN-WHqnZN4AaABAg.AFuSKAOewtRASrnBw4F335,comment,V0wtNI-rzSg,UgxG7NjY_XeN-WHqnZN4AaABAg,True,@TheProdCartel,​@littlericeboy6187bro wrote a whole paragraph for an old ass comment just simping over EVs 😂😂,0,True
UgxG7NjY_XeN-WHqnZN4AaABAg.AFuSKAOewtRAT3b97d4kaw,comment,V0wtNI-rzSg,UgxG7NjY_XeN-WHqnZN4AaABAg,True,@littlericeboy6187,@TheProdCartel It isn't simping when i'm riding it. Only people with class and taste know and appreciate quiet subtle luxury. Others are loud wannabe narcissists IYKYK.,0,True
UgxG7NjY_XeN-WHqnZN4AaABAg.AFuSKAOewtRAT3gIXrhR_2,comment,V0wtNI-rzSg,UgxG7NjY_XeN-WHqnZN4AaABAg,True,@TheProdCartel,​@littlericeboy6187whatever means you need to justify driving a glorified microwave lil fella 😂,0,True
UgxG7NjY_XeN-WHqnZN4AaABAg.AFuSKAOewtRAT3my8m8D2z,comment,V0wtNI-rzSg,UgxG7NjY_XeN-WHqnZN4AaABAg,True,@littlericeboy6187,@TheProdCartel Imagine still warming up your food using sticks and stones in 2026. Keep being a Neanderthal xD tell me you're broke without telling me you're brokie homeless.,0,True
UgxG7NjY_XeN-WHqnZN4AaABAg.AFuSKAOewtRAT3n5DIfvAO,comment,V0wtNI-rzSg,UgxG7NjY_XeN-WHqnZN4AaABAg,True,@littlericeboy6187,@TheProdCartel Imagine still warming up your food using sticks and stones these days like a caveman in 2026. Tell me you're broke without telling me you're broke.,0,True
UgymDpqA2Z3Qi4h94_V4AaABAg,comment,V0wtNI-rzSg,,False,@keegan773,Under £50K. You’ve been robbed.,1,True
Ugy2Z-SSWffwzqngAM94AaABAg,comment,V0wtNI-rzSg,,False,@tk89_ol,Most useless feature ever,0,True
UgzRzQffDPggznOlJGF4AaABAg,comment,V0wtNI-rzSg,,False,@mtom9267,The bluetooth device is ready to pair,0,True
Ugx86-TR1Ne3wYd6MC54AaABAg,comment,V0wtNI-rzSg,,False,@nigelnuj,You need to buy the rest of the ocean models so you can get an allocation for the YangWANG u9,0,True
