source_id,source_type,video_id,parent_id,is_reply,author,text,like_count,public
UgzHKvcxfFMwwaFrABJ4AaABAg,comment,w_tCOgxXKwA,,False,@nzbrent,"thanks for the mad review haha, all good",0,True
Ugyr7I1yA-AGQSiWnWZ4AaABAg,comment,w_tCOgxXKwA,,False,@drigon1630,I just don't fucking like the handle if electric stuff die than you are not fucking going on your car.,0,True
UgzUIcn-8QFAs0l2jMd4AaABAg,comment,w_tCOgxXKwA,,False,@keeganmurrell5638,"As a presenter, you are doing an incredible job. You are entertaining!",0,True
UgyBoTeyCgD9UtLqCMt4AaABAg,comment,w_tCOgxXKwA,,False,@peterreed3104,"The Irony Using a Mobile phone while driving is Illegal because it's Distracting. Now Every EV is a Mobile Phone Controlled with a Giant iPad! there's nothing like the Click of a Real Button! with no subscription charge And then there the Software that with one Upgrade turns into ransomware  Pay or we turn ""your Car"" Off! no more heated Seats!  EV's Lifetime Subscriptions to Drive!    Every EV has Followed the Greed Economics of Musk and Tesla!  Subscribe for Everything Except a Guaranteed No Questions Lifetime Battery Upgrade Replacement at No Cost! What Next EV Batteries not Included?",0,True
Ugytx0WcuOpj0ISDZKZ4AaABAg,comment,w_tCOgxXKwA,,False,@aymansyed1351,I had to comment. You're so funny. Can't wait to see more reviews,0,True
UgxPtcMGqMTM57jO7wd4AaABAg,comment,w_tCOgxXKwA,,False,@iainmclaughlan1557,"Thank you for the review. I see these on the road and thought they looked great. I have a 1999 Nissan Primera and I love the saloon shape. £48,695 is an interesting price.",0,True
Ugzpicndf7zTnnkk2ax4AaABAg,comment,w_tCOgxXKwA,,False,@sparkyUK,"It's not a looker, although looks nicer than Teslas.
Also do not damage them, it's a pain getting support/parts especially body panels.",1,True
Ugwk-Thar2uqz0jmLpl4AaABAg,comment,w_tCOgxXKwA,,False,@richardlphillips,😂,0,True
UgzfEDDODlftWoQjoR54AaABAg,comment,w_tCOgxXKwA,,False,@LaikaandDamo,'Indicators are a bit too ticky'... my god,0,True
UgxGiVBX1CLjbGEIJKN4AaABAg,comment,w_tCOgxXKwA,,False,@prickly-x7o,What I don't like about electric cars is all the bullshit tech. I just want to get in and drive the F@#KING thing.,0,True
Ugw2smovK47kgCGUEAp4AaABAg,comment,w_tCOgxXKwA,,False,@I-Am-The-Enemy-Within,"It sucks to live in a country where the government prevents its citizens from getting the vehicles we want. If our manufacturers are so great, they shouldn't be so worried about foreign competition.",1,True
Ugx1EHnX3bB3pMQjj4t4AaABAg,comment,w_tCOgxXKwA,,False,@lovejesus2644,Carry on buying Chinese to humankind’s detriment…millions lost jobs and unproven😢reliability,0,True
Ugy21-rcFzYGGThknr54AaABAg,comment,w_tCOgxXKwA,,False,@aakeister,"So, you care nothing that BYD use slave labour to build their cars, you care more about evs than people? Pathetic",0,True
UgwSrSeW7astA5mu4W94AaABAg,comment,w_tCOgxXKwA,,False,@uwegunther1176,"Here in Germany at the moment in a rental  I'm very impressed with the car and am only driving it on petrol E10 recommend looks goes style, but I'm six foot something and getting in needs a bit of work especially after disc removal and spacer implant, back to the car great car shit on German cars easily and handles like a dream BYDreams .",0,True
Ugy5cZ5fiYYazFItSwV4AaABAg,comment,w_tCOgxXKwA,,False,@galaxiedance3135,"There are a lot of problems with BYD vehicles, all types of issues, so I suggest that you really hunt around and find the truth before you go dropping money on this brand of vehicle.",0,True
Ugx8_or6Waq8qiqSOuJ4AaABAg,comment,w_tCOgxXKwA,,False,@pmborg994,"@Electrifying , The Spark to buy my BYD Seal was due to this video, thanks ;)",1,True
UgyzuohYRQQDm3hED3Z4AaABAg,comment,w_tCOgxXKwA,,False,@davesav1,didn't mention running costs eg cost to charge at a public charge point or did I miss that?[,0,True
UgzELlWcoC2heP1CjaN4AaABAg,comment,w_tCOgxXKwA,,False,@mikewang7955,Atto 3 from BYD saved a boy in New Zealand.,0,True
Ugy9CewV59nb3S61m4h4AaABAg,comment,w_tCOgxXKwA,,False,@glennjarvis2672,"Compared to North American vehicles, the quality is excellent. With the fast BYD chargers, it will be fully charged in about 5 minutes or so. About the same amount of time it takes to do a fill up of a gasoline powered vehicle, unlike North American electric cars that take 45 mins or even several  hours. As I've said on other channels directed to North American car makers who are screaming fear about BYD's.. either change with the market or go out of business. No bail outs. As well, most of the North American vehicles are overpriced, spy vehicles with lousy quality.",0,True
UgzD85I0y02t3SzhOJZ4AaABAg,comment,w_tCOgxXKwA,,False,@gavissing5225,Don’t they do a 3.6 now,1,True
Ugzj7R1MwtJkCQ6QkDl4AaABAg,comment,w_tCOgxXKwA,,False,@om6035,"Hi Nicola, the wireless charging in your car is not the issue, its the Iphone that can only receive 7.5whr. If you want to test this, get an andriod phone that is rated 50w wireless charging.

Iphones are prehistoric in 2026 fyi",2,True
UgyFQHwE-E3PN0rxL_d4AaABAg,comment,w_tCOgxXKwA,,False,@Top.VoltShift,Thank you for this helpful video.,0,True
UgxXmm4C76Y3KfbEdCN4AaABAg,comment,w_tCOgxXKwA,,False,@burningknuckle26,This car is awesome,0,True
UgzImahrfAfic5j8Cg94AaABAg,comment,w_tCOgxXKwA,,False,@aanjmoamoo,I just saw this is much helpful!! Actually you just did it so well. Thank you indeed!!,0,True
Ugz_KHFSyfx7U50C55J4AaABAg,comment,w_tCOgxXKwA,,False,@MartinCHorowitz,How do you open the Car doors if the batteries fail or disconnect in an accident? China had a rule update for emergency mechanical door openning recently.,1,True
UgyPSLt6otQuK5nzV7B4AaABAg,comment,w_tCOgxXKwA,,False,@robert3673-n1s,9:20 i feel sick when i see honeycomb holes,0,True
UgycbtzBwBzHa7UqEPp4AaABAg,comment,w_tCOgxXKwA,,False,@WairimuKiarie-my6mg,"holes make me so sick esp when I think about it. You mentioning wasn't so helpful, now I feel everypart of my body itchy and goosebumps",0,True
UgxEGknTGbPBDNt7IaN4AaABAg,comment,w_tCOgxXKwA,,False,@thegerman3480,I wanted an opening sunroof in my EV but BYD did not have such an option. So I went Geely EX5 MAX & so glad I did.,0,True
UgxdJ3GRFPCgvDanpIh4AaABAg,comment,w_tCOgxXKwA,,False,@karelsticka9137,yeah I will have whatever this lady is having,0,True
UgwmSCFs8UpwMd1V0cx4AaABAg,comment,w_tCOgxXKwA,,False,@SeanArcherXXX,"Had me until 48k pounds. I hope in Canada they'll be cheaper, as 48k pounds (90k cad), combined with the brand new car brand uncertainty ... these will collect dust in dealerships forever.",1,True
Ugyy2ev61q5wlFRxMMh4AaABAg,comment,w_tCOgxXKwA,,False,@Jack_cx,"So much for cheap Chinese - this is £50,000. This lass has money ;)",1,True
Ugyy2ev61q5wlFRxMMh4AaABAg.AXhfPK0sq0oAXoosLp7Yld,comment,w_tCOgxXKwA,Ugyy2ev61q5wlFRxMMh4AaABAg,True,@smallss6376,"""It only costs £25,000 in China.""😂",1,True
Ugyy2ev61q5wlFRxMMh4AaABAg.AXhfPK0sq0oAXq0LPv-HZ8,comment,w_tCOgxXKwA,Ugyy2ev61q5wlFRxMMh4AaABAg,True,@Jack_cx,@smallss6376 It costs DOUBLE that in the UK !!!!!,1,True
Ugy8c49uuXC4HRje1Kt4AaABAg,comment,w_tCOgxXKwA,,False,@3yar1983,"for those who test drove both, this and the Han L 509 hp .. which one is better ? driving experience wise",1,True
UgyFtxEeRqqzzs5HXHx4AaABAg,comment,w_tCOgxXKwA,,False,@mu9W0rt-i1d,"Many people believe ""Made in China"" is more competitive, and that the use of Chinese parts in foreign products seems unavoidable. But there is a fundamental economic difference between finished goods and components: finished goods bring higher profits, brand value, and export revenues. Those benefits ultimately accrue to the Chinese Communist Party, strengthening its economic and political influence. In other words, buying Chinese-made finished products directly channels money and market advantages to an authoritarian system.

In response to claims that ""Chinese goods are cheaper"" or ""unavoidable,"" we should reassess product choices and promotion strategies: avoid promoting or purchasing Chinese-made finished goods where possible to protect local supply chains, preserve economic autonomy, and align with long-term interests and democratic values.",1,True
Ugw3eTkJDk0ZDsu-TE54AaABAg,comment,w_tCOgxXKwA,,False,@MikefromMO,"I didn’t know that the hole pattern sickness was a thing.
    I have always been this way but never said anything… thought I was strange 😊 probably am… I would like a roof cover I don’t always like the sun on a trip.",0,True
Ugx5op97AbyK7m_Bmmp4AaABAg,comment,w_tCOgxXKwA,,False,@God-AllahLovesIsrael,You're adorable and your reviews are very entertaining.,0,True
UgyG6YyduPynvyWC8KN4AaABAg,comment,w_tCOgxXKwA,,False,@techbet7487,ask your byd to open your window half or 25% lets see how smart ur car is lol,0,True
UgySvEbcAJOivDC0MRZ4AaABAg,comment,w_tCOgxXKwA,,False,@RedHagar,Why are you using miles instead of KM?,0,True
Ugy1Axfe2fVe3DFEOcd4AaABAg,comment,w_tCOgxXKwA,,False,@tomhammer1784,"This car will,have tariffs applied to it for 30 years allowing Detroit to catch up with it if they are able to.",0,True
UgxaNL19sa0og4O-v2p4AaABAg,comment,w_tCOgxXKwA,,False,@alexwagstaff-iu9uj,my trichophobia just kicked in,0,True
UgzF1NnvL5Q5cXP3N5Z4AaABAg,comment,w_tCOgxXKwA,,False,@LucifersTear,"From this review I basically hear... Fix the holes, change anything piano black/shiny to a matte Silver, add one pedal and stronger regen and you got a brilliant car?",1,True
Ugx_LgBHocB9KhQJagF4AaABAg,comment,w_tCOgxXKwA,,False,@mungelomwaangasikateyo376,This is my dream car wth 😮,0,True
Ugw2Kf-DQV-ybCLvAPB4AaABAg,comment,w_tCOgxXKwA,,False,@mjangounchained,"Lovely vehicle, but if it needs a software update, I will not buy, and you shouldn't either. If you know the reasons why... then good for you.",1,True
Ugwuui4h52kvIkOvzIh4AaABAg,comment,w_tCOgxXKwA,,False,@Kushari,"The reason your phone isn't charging, is probably because your phone case is very thick.",0,True
Ugxv1LKwV8KLusf8gwF4AaABAg,comment,w_tCOgxXKwA,,False,@nr531,No thanks china making quick money and all you are buying this crap see how long they last,1,True
UgxOCVX5eVCA7FjP3DB4AaABAg,comment,w_tCOgxXKwA,,False,@decimal1815,"Would be good to know what Eco mode feels like in terms of drive experience, just for those of us who like to max-out our value for money.. ;)",0,True
Ugw7VsB5IlPcLzLQmFN4AaABAg,comment,w_tCOgxXKwA,,False,@decimal1815,"These long-term reviews are great. Really good to find out the complete story about these new EVs. Would be good to test parking and what it's like in heavy rain, etc.",0,True
Ugz7E43q0QFAy3ilP114AaABAg,comment,w_tCOgxXKwA,,False,@svenstefansson3088,Best car presenter!,0,True
UgylbenNzxVPtrDStrB4AaABAg,comment,w_tCOgxXKwA,,False,@starlxrd868,i'd buy one and lower it,0,True
UgxiHcDD-ATXV6d-Mtl4AaABAg,comment,w_tCOgxXKwA,,False,@charruaporelmundo,I still thinks they must have more buttons and less menues.,0,True
Ugz6C0uCTDYGZJofai54AaABAg,comment,w_tCOgxXKwA,,False,@JasonVenn-on4wp,thought Matt was funny...!,0,True
UgyL9ov1f32aN_ZJqMF4AaABAg,comment,w_tCOgxXKwA,,False,@rebeccaburton3520,Im so jealous your indicators click - ive just got mine and they beep! My only criticism up to now!,1,True
Ugyk75_OLfEtzRPb-jx4AaABAg,comment,w_tCOgxXKwA,,False,@DennisFahlstrom,Cute presenter but poor audio quality. A mic should make it easier to understand.,0,True
UgzgPNldeZyXBVXBke14AaABAg,comment,w_tCOgxXKwA,,False,@pw9805,"Aftermarket speaker covers can be purchased from Either Harry BYD, Top BYD or FANS BYD. Hopefuĺly then you won't feel icky or sick with newer very small hole speaker grills.",0,True
Ugxf6sojzewf5jRtWc14AaABAg,comment,w_tCOgxXKwA,,False,@bikeman123,"Unfortunately I'm not interested in fiddling with the entertainment screen. And even if byd are one of the Chinese manufacturers that stick around long term, the software won't be updated for more than a few years.",1,True
Ugzx79CIRCyVos0GlXp4AaABAg,comment,w_tCOgxXKwA,,False,@philip-pines9763,You didn't show the full self driving mode.,0,True
UgyaoeOHZ1z91r9dn0Z4AaABAg,comment,w_tCOgxXKwA,,False,@Som_moe,The road rage part 😂,0,True
UgxGoW8WFjqWCq3iXpZ4AaABAg,comment,w_tCOgxXKwA,,False,@Gaurav-cy5lu,"how does broken motorcycle sounds when it tries to go up a hill?
1:09",0,True
Ugzv-wZSgP6W_ErwRB94AaABAg,comment,w_tCOgxXKwA,,False,@cyberspooky,"Watched , test drive with Harry at byd Devonport Tasmania , ordered , pickup Friday 👍",0,True
UgzgP45IsVWLHo48QX14AaABAg,comment,w_tCOgxXKwA,,False,@danpedraza9586,This seems like a very nice vehicle too bad I'm in the United States we can't get these.,1,True
Ugyw2lEG2R_lCptRRrx4AaABAg,comment,w_tCOgxXKwA,,False,@soon-to-leave,"Ai.... ""you look tired and I will cut the power in 60 seconds""",1,True
UgwJhrgl2GIgl6YC_qt4AaABAg,comment,w_tCOgxXKwA,,False,@robinspat,"Fabulous review seemingly very good machine suffering from the same problem that the Tesla does and others like polestar, they all need to be under £30,000. The price structure is insane. Manufacturers need to stop justifying , Stop saying they are complex they don’t have 2000 parts like a BMW no need for stupid no need for hideous charges costs on a machine constantly requires maintenance and replacement parts. It is time these machines were under 30 K the batteries are dropping in price robots are building them governments need to get out of the way with taxes. Has BYD built out of national or Continental wide charging infrastructure like Tesla? Does they pay £90 to access the Tesla network still apply to these cars? Can have live updates on the availability of charges free and working like on the Tesla network with a Tesla? 

One still buys a Tesla or
 even used to access the charging network on a journey because all the rest of the charging networks in the UK and maybe Europe are diabolical appalling absolutely terrible making it a miserable experience where the Tesla simply works",0,True
UgxYDg7E5M3Iw6vQS9N4AaABAg,comment,w_tCOgxXKwA,,False,@A.Dude.,"With this purchase you funded, happily, I might say, the CCP! It's probably a few drones... Killer drones that is! Stay happy!",0,True
UgxYDg7E5M3Iw6vQS9N4AaABAg.AX98n9Z3hH9AXABKIv2fJc,comment,w_tCOgxXKwA,UgxYDg7E5M3Iw6vQS9N4AaABAg,True,@KMTmojo,你是說鴉片戰爭那件事嗎😂😂,0,True
Ugx9SLXXzAXzgytMp9J4AaABAg,comment,w_tCOgxXKwA,,False,@pjipjop,Well Nicola - if you like it so much - you should buy one - £48K !! Seriously ???........too much,0,True
Ugwm3eISR0GSXxafVOt4AaABAg,comment,w_tCOgxXKwA,,False,@thenerdyougoboy,Excellent tech,0,True
UgwT3V0iFDeNNrrsl_V4AaABAg,comment,w_tCOgxXKwA,,False,@Paul_Jefferies,Wish we had these in the us😢,0,True
UgxS_LqzSvt6TvgDg6J4AaABAg,comment,w_tCOgxXKwA,,False,@Pionxxr,First time here . I think she’s one of the best car reviewers out there male or female 💐,0,True
UgxmYQmVRSXwKhoC9nB4AaABAg,comment,w_tCOgxXKwA,,False,@lynteo2416,You're so entertaining.. 😊 good review..,0,True
UgyGEUqFZjEfbbgpyVN4AaABAg,comment,w_tCOgxXKwA,,False,@riskybusiness3413,"My friend invited me to Portugal to visit for a few days in Sept. Even though I haven't seen him in over 20 years, I'm really looking forward to driving this and a couple other Chinese/European brand cars. We can visit another time. Maybe if he comes to the US. Or perhaps we'll meet up on the other side of the rainbow. If I'm going to sit on a plane for hundreds of hours, it's exceptionally important to spend the majority of my time going to different showrooms in western Europe. Should I find a car I just can't live without, I may try to trade in my middle child + cash to cover those huge import taxes, fees and tariffs. It's ok, I never really liked that kid anyway. Having something like this parked on the driveway will definitely impress my neighbors.",0,True
Ugy6FwfPHeEHxT4lyqV4AaABAg,comment,w_tCOgxXKwA,,False,@joseramoncontreras6163,I'm going to guess you never were a MI6 agent that needed to find a button that was in front of your face. 😁,0,True
UgwOuZkMQI06Mp2ma-94AaABAg,comment,w_tCOgxXKwA,,False,@osmund10,Nicola has a way of noticing things that nobody ever thought about.,0,True
UgyaL1yjWKSyqb-Dsjh4AaABAg,comment,w_tCOgxXKwA,,False,@PhotosByMotaz,4.9m long? 😢,0,True
Ugy1lsogTeL-UwxCfAx4AaABAg,comment,w_tCOgxXKwA,,False,@HunzaiKing-n1x,Great Review❤,0,True
Ugy0_5Wx66espn6uyN94AaABAg,comment,w_tCOgxXKwA,,False,@CozNothingIsForever,"I got the same model, also black outside and interior. Here in Spain. Loving it so far.",1,True
UgxEKBf2tSj_1fs1-Hp4AaABAg,comment,w_tCOgxXKwA,,False,@JourneyOfLife777,"Tesla is better, but costs more as well...haha. BYD is good for budget minded people. Good for the price TBH",0,True
UgwZL7RU0TKUKfuQYLh4AaABAg,comment,w_tCOgxXKwA,,False,@advisorsandy2068,And how much do you think this unbiased and objective influencer paid for it??,0,True
UgxJpwg26_sWH9srhRF4AaABAg,comment,w_tCOgxXKwA,,False,@MaharlikaTV-gm7ry,HOW MUCH?,0,True
Ugxq3SCu38dwhg6nms14AaABAg,comment,w_tCOgxXKwA,,False,@博鈴木-f1q,昔、アメリカで有ったみたい、日本車をハンマーなどで壊しながらに抗議運動が世界中で勃発したりして！貿易赤字で失業者だらけになり日本車が標的にされた！中国EVもなるのでは？アメリカは早くから補助金停止してる、中国の場合はEVの開発製造に国家が補助金を出してる、それを輸出して輸出先でも補助金は二重補助金ではと指摘してるが？世界中がそ~なるのでは？これからインドスズキからEVでもハイブリットでも中国より安いのがどんどん出て来るから、慌てない♪日本国民は日本メーカーを信じてるから慌てない♪,0,True
Ugx054e6CAkVhwVH02B4AaABAg,comment,w_tCOgxXKwA,,False,@nextgensolar2026,"I don`t love Elon, ok? BUT, I would never take a BYD over a Tesla. Never.",0,True
UgxNT6BAkTcqs-9ot5p4AaABAg,comment,w_tCOgxXKwA,,False,@Ruinam-G.S,"Tesla 3 RWD premium is a much better deal imo.
750km instead of 570km for the seal. 230 liters of extra trunk/frunk room. And with the current 0% interest it is 2700€ cheaper than the seal... And you can get EAP or  soon also FSD in Europe. A massive upgrade Vs the seal.

I think the seal looks good, but for the money, it is hard to beat the Tesla.",0,True
Ugxs_UQivFaZMUDykGR4AaABAg,comment,w_tCOgxXKwA,,False,@johnchapman3980,Did you have your seat belt on when the car wouldn't move as some won't let you drive if it isn't clicked in,0,True
Ugy-2OE9IR-dr_4y3l54AaABAg,comment,w_tCOgxXKwA,,False,@zLuwi,"I have the exact same car year 2024 for over 2 years, I have no regrets, I love it",0,True
UgxhhbB3DIcWaldukBt4AaABAg,comment,w_tCOgxXKwA,,False,@muayadmuhamad1706,I ❤ BYD,0,True
Ugxz9sCYIatp5zooGiB4AaABAg,comment,w_tCOgxXKwA,,False,@dpfghela,What you got now? A xaomi su7?,0,True
UgzIoH97sj7Z0mro8CB4AaABAg,comment,w_tCOgxXKwA,,False,@alexgrazie93,What if door handles dont pop in case of fire?,0,True
UgwOtSttOFM32pQg8RZ4AaABAg,comment,w_tCOgxXKwA,,False,@Cartier_specialist,"It's much better looking than any Tesla I've seen also. Look out, world, here comes BYD.",0,True
Ugwk34wA7Wbh9NQxcsR4AaABAg,comment,w_tCOgxXKwA,,False,@M85Iroc,How do you get in the car in the winter when there is a sheet of ice frozen over the door handles?,0,True
Ugz0UomwIqyXyaAC4sp4AaABAg,comment,w_tCOgxXKwA,,False,@31276965lmm,I could see that button from here Nicola and I’m about 1200 miles from you. You’ll never lose a cup of coffee again 👌😉,0,True
Ugw__qrI-irwVRtBrbV4AaABAg,comment,w_tCOgxXKwA,,False,@TownOsteo,"Awesome review. 
It comes across genuine & for your average car user, not pretentious car critiquing.",0,True
UgymAiFCc3sT_sbJp6t4AaABAg,comment,w_tCOgxXKwA,,False,@rajendra-d4y,"I'm Indian Canadian and here's my perspective. TESLA MODEL Y is the best car in the world. 

And she's so excited to talk about Chinese cars and when we see the video of her MODEL Y, she's so dull and boring just as she doesn't want to be associated with TESLA. she is literally a left winger.",0,True
UgwSnEP2Jjy-N-KNXyV4AaABAg,comment,w_tCOgxXKwA,,False,@pawelodz8050,Giving two qi chargers without any ventilation is sooo stupid! Look at Toyota - perfect ventilation for your charger,0,True
UgweZxFyeHXdNU1KCMB4AaABAg,comment,w_tCOgxXKwA,,False,@matthew-b5m7z,i live in bangkok ive been in a few of these my only complaint and something i couldn't live with is the seat material feel like its made out of rubber,0,True
Ugz6I_vDAwiRciQcWRB4AaABAg,comment,w_tCOgxXKwA,,False,@SmrazagilaniMohammadraza,well how does it feel in below zero temp and 48 degrees Celsius  because of the glass roof the cold or heat coming through and whats the behavior of batteries in these kind of temp could you advise us,0,True
UgxYeDALJeAK1UKqxoF4AaABAg,comment,w_tCOgxXKwA,,False,@carelessmorning,"Don't say in miles, please. It's upsetting to us Amerifats that we can't get it here.",0,True
Ugxy1BklwU-MV6FEXRR4AaABAg,comment,w_tCOgxXKwA,,False,@suning2008,What she said is true. It's also one of the best selling models in China. I know Xiaomi is more sexy but Seal is much cheaper ..... money is money :D,0,True
Ugxy1BklwU-MV6FEXRR4AaABAg.AWMpKeUHCvXAWROYa6uQVm,comment,w_tCOgxXKwA,Ugxy1BklwU-MV6FEXRR4AaABAg,True,@naruoze,国内卖多少钱？,0,True
Ugxy1BklwU-MV6FEXRR4AaABAg.AWMpKeUHCvXAWS5CnVAnZC,comment,w_tCOgxXKwA,Ugxy1BklwU-MV6FEXRR4AaABAg,True,@suning2008,"@naruoze rmb 128,900 (standrad) / 139,900 (plus)",0,True
UgyXoUUMW45JREXtRuh4AaABAg,comment,w_tCOgxXKwA,,False,@Omar-lq5je,💯👍 Byd 👑,1,True
UgwF7AM18KP1lrs6Jfh4AaABAg,comment,w_tCOgxXKwA,,False,@neilchan1,The only thing that bugs me is the steering wheel with its big plastic circle for the badge.. They should have a similar wheel as the Sealion 7 instead.,0,True
UgyxWSAD3el5zIbeCal4AaABAg,comment,w_tCOgxXKwA,,False,@mpalaouros21,Βullshit.,0,True
UgzQROTwpKC4pSAxh314AaABAg,comment,w_tCOgxXKwA,,False,@RP-zm9kh,Silly review using childish words. Not a serious review.,0,True
Ugxxn4BQnGjahlglrBh4AaABAg,comment,w_tCOgxXKwA,,False,@DemonBungleindahouse,Knight Rider 2026?,0,True
UgxnqCKjDZTQx1CqEm94AaABAg,comment,w_tCOgxXKwA,,False,@sz1767,I wish I was a BYD Logo,0,True
UgzKtmq2B603rUmF3Kt4AaABAg,comment,w_tCOgxXKwA,,False,@AgustinLiden,"@Nicola Hume
Tesla only builds crap💩💩💩 cars💩💩💩💩",0,True
Ugw7BUXxJfORrfi3KvZ4AaABAg,comment,w_tCOgxXKwA,,False,@krim8295,Really electrifying review mam,0,True
UgzvUwzEsVkWqixyZpF4AaABAg,comment,w_tCOgxXKwA,,False,@krim8295,Your explanation is very nice,0,True
UgyxVP14BrKfhMwJLe54AaABAg,comment,w_tCOgxXKwA,,False,@Denis_of_Earth1,"Someone's been watching too much Richard Hammond, and is attempting to impersonate his style (not very successfully, mind).",0,True
UgwmR0PZnENJ1A4UTQN4AaABAg,comment,w_tCOgxXKwA,,False,@Freelancer604,Yeah 500+ HP is a stupid amount of power for this price range. Hopefully its a wake up call for the other companies,1,True
UgzkI_WdpXlmbJzPCAR4AaABAg,comment,w_tCOgxXKwA,,False,@parryyeo7766,Make a video on the 36mths,0,True
UgzGPNRJMblwD2fcSZF4AaABAg,comment,w_tCOgxXKwA,,False,@timothyshanks6799,Shame its a model.3 copy. Interior looks slightly better but still dont have the teska charge network. This looks better if you rarely supercharge. If you are doing a lot of miles on supercharging its tesla every time,0,True
UgzNq6xSpSinOU8JJDh4AaABAg,comment,w_tCOgxXKwA,,False,@TheFulcrum2010,"Full electric cars are not a good idea at the moment. I've never been in a car showroom to ask about fully electric cars and what happens to the distance given when fully charged but then you start using the comfort stuff. Radio, heating, aircon, heated seats and so on. 
Watch the mileage go down. I've driven a fully electric car. And from the start you see the distance from full on the dash. Drive off and you put the radio on you notice the distance changes. Put the heating on especially in winter conditions and watch the distance indicator go down. Now short journeys, no problem. Long distance journeys on the motorways big problem. Motorway stops with recharging points are great ways to waste time waiting your turn. This car is good at quick recharging but waiting in line to use the recharging points is a pain in the rectum. The  electric charging infrastructure in the UK is a joke. Personally I would go for a selfcharging hybrid. Makes more sense than fully electric",0,True
UgzNq6xSpSinOU8JJDh4AaABAg.AW2ns-1otjlAW3K2-teB-T,comment,w_tCOgxXKwA,UgzNq6xSpSinOU8JJDh4AaABAg,True,@Excell4nte,You’re an idiot if you think the radio is affecting the range…,0,True
UgxOBI5800SgjcAzAnN4AaABAg,comment,w_tCOgxXKwA,,False,@Press1ForSummon,All the evil leftist in the comments wanting to give their money to chinese oligarchs making billions off sweatshops.,0,True
UgwBl_5004mYHBPy4tt4AaABAg,comment,w_tCOgxXKwA,,False,@Jazzmaster71,Depreciation is brutal. Wait until you need service and spare parts.. everything is grand when new.,0,True
UgxjK314H_tWHMJM5PN4AaABAg,comment,w_tCOgxXKwA,,False,@janknaepen4360,She can pretty much sell me anything :) .. love her ‘review-style’ 💯,0,True
UgwPHFxHyu2Rj-RLXuV4AaABAg,comment,w_tCOgxXKwA,,False,@benjaminARG25,dam i really need an electric car for college,0,True
UgyoCsHJ3EIHru7LE0J4AaABAg,comment,w_tCOgxXKwA,,False,@iainatkins7683,Can you review the 2026 version please see if you feel the same,0,True
UgyutXDdRS2tCHuPaut4AaABAg,comment,w_tCOgxXKwA,,False,@X_DMND_X,I have watched  this twice for the entertainment value she is brilliant! Love her! Can’t wait to be my Atlantis blue Seal in a few days!!! 👏👏👏👏👏,0,True
UgwzvpO70cl6uP5hzzZ4AaABAg,comment,w_tCOgxXKwA,,False,@TuFacez,"I absolutely adore you. You are hilarious. Incredibly engaging and entertaining! I loved this video, especially when you consider how boring everyone else is. You and Jack from everything electric are national treasures. Don't change!!!! ❤",0,True
UgxhIBsUbmOay0SUMvd4AaABAg,comment,w_tCOgxXKwA,,False,@invictafilms2690,I’m about to get one on a Novated Lease,0,True
UgyAcv7H-WkxjnJ2Eh14AaABAg,comment,w_tCOgxXKwA,,False,@DonnyTrent5533,"For real, this chick is hilarious. Why am I only coming across her now?",0,True
UgwA8vT7iz4Nu9Gxa9Z4AaABAg,comment,w_tCOgxXKwA,,False,@oldpadawan,Great review thanks. Is this the old model?,0,True
UgxzjeXIyQj2_GglNll4AaABAg,comment,w_tCOgxXKwA,,False,@MB-ke9mi,Look aside from BYD's shenanigans they have some very innovative cars. They also copy many Tesla design cues.,0,True
UgyTJVuJzHa-YmnlK7l4AaABAg,comment,w_tCOgxXKwA,,False,@boola69,"My wife has recently taken delivery of hers and is initially very impressed with it.
One small problem is the O/S/R door won't open from the inside. (N/S is ok)
Has anyone had the same problem, and what was the solution?
Asking before she takes it to the dealer to resolve.",0,True
UgyUsulXHDmghCrFElp4AaABAg,comment,w_tCOgxXKwA,,False,@northernsamba7388,"Nicola, Doug Ford, our Canadian  Premier wants to block these cars from Ontario. He wants us to continue to pay off his political funders for the rest of our lives. Democracy eh!😮",0,True
Ugyz1j4eECnz0rlrLbV4AaABAg,comment,w_tCOgxXKwA,,False,@JustinBrown-j5v,Smart beautful verry nice cars not bad too.😂,0,True
UgxexXYtyHZaBACX7BR4AaABAg,comment,w_tCOgxXKwA,,False,@mahonjt,"You can increment cruise control by 1 with a long hold, and you can turn on a function now so the car starts and stops/parks with the driver door open / close and lock - so no need to ever touch the black glossy start button or the park button.",0,True
Ugwczs0i5L_UhymwC1B4AaABAg,comment,w_tCOgxXKwA,,False,@jinooo9874,I’ll get one of byd soon,0,True
Ugzt3EfphYAcBy1COfx4AaABAg,comment,w_tCOgxXKwA,,False,@mamarica-d3v,"Awesome, this cupholder thing I've wanted for a lifetime !",1,True
UgyBTqlZWCGoe27U8DV4AaABAg,comment,w_tCOgxXKwA,,False,@anthonyhill503,Great video,0,True
UgwlbI1T0gaSh23W0lh4AaABAg,comment,w_tCOgxXKwA,,False,@JayDeeKayaker,"One of your few complaints is the logo in the steering wheel, mirroring your chin in an unfortunate perspective.  Looks like that logo is nowhere to be seen in the entire video.  Am I missing something??",0,True
UgwIXoXGg79OcgxlJF14AaABAg,comment,w_tCOgxXKwA,,False,@goloth,"10:16 no, it's a touch of a screen, not a button. Why every car reviewer isn't putting every car company on blast for touch screens is beyond me.",0,True
UgyHfMGOqPzz7KZzBaV4AaABAg,comment,w_tCOgxXKwA,,False,@felixlians,"Black is so beautiful, love it.",0,True
Ugy90HpWCc2ZJfp0-Pp4AaABAg,comment,w_tCOgxXKwA,,False,@furefure6544,"""Aaaaa I'm going fast "" this is why I'm coming back to your reviews, 👍👍👍👍👍",0,True
UgyGq8ED93WlfP0wAyF4AaABAg,comment,w_tCOgxXKwA,,False,@petedavid5127,I just want to drive not sit in a data centre,0,True
UgwJFW-YCeDHBh8B4Dp4AaABAg,comment,w_tCOgxXKwA,,False,@bifscotsman2573,"Drive a BYD, you'll buy a BYD.",0,True
Ugz_m5ERrIOEk_KyNZh4AaABAg,comment,w_tCOgxXKwA,,False,@mrmycool99,"Hmmmm, user preference for screens is usually landsacpe, however, portrait is superior for aesthetics I think. PS: Don't be overly concerned about the double chin thing, we didn't notice it until you pointed it out. Floppy chins and bottoms are just a part of ageing.",0,True
Ugy7X6GTmo9vgDm_Gqp4AaABAg,comment,w_tCOgxXKwA,,False,@roadtrippingdrone5139,"thats a 45 series tire dear, no ""squish"" in those low profile tires",0,True
Ugw-pc4rKQXAWwBlOTd4AaABAg,comment,w_tCOgxXKwA,,False,@parkjeehooon,"i’d love a BYD unfortunately the US government is sucking elon musk’s dick and protecting tesla by hitting BYD with a 100% tariff. Musk knows if there were no tariffs, Tesla could not compete with BYD’s lower prices and by all accounts superior product",1,True
Ugwum4MS_QdWCV77u-B4AaABAg,comment,w_tCOgxXKwA,,False,@js5189,"That’s not a performance car, its an electric tin pot 😂",0,True
Ugxh-JLaK0g8CPs09b94AaABAg,comment,w_tCOgxXKwA,,False,@kennyhunter1864,Did BYD pay you enough you get what you pay for,0,True
UgymKhs0K_Y0Up9XM1Z4AaABAg,comment,w_tCOgxXKwA,,False,@James-nv1wf,2 door coupe then maybe.,0,True
Ugz4ixQrWDw19trJmrx4AaABAg,comment,w_tCOgxXKwA,,False,@vls3771,Im one a computer all day at work ...the last thing i need is to get in my car and have to play with a computer screen ..,0,True
Ugz4ixQrWDw19trJmrx4AaABAg.AVMHLdmRBJmAVNEVE6wH2L,comment,w_tCOgxXKwA,Ugz4ixQrWDw19trJmrx4AaABAg,True,@styx8383,you has physical button too screen is just there as option,0,True
Ugz0Qb7mHBWNAj26qw94AaABAg,comment,w_tCOgxXKwA,,False,@Traice007,Thanks for the review. I'm considering this one but the dashboard with all the lines etc. make it look way too distracting and busy. It's the only thing holding me off now.,0,True
UgwaaD6XOl_DxNJ3qWl4AaABAg,comment,w_tCOgxXKwA,,False,@Cryptic_Tibs,"As someone who is pro innovation and progress, this car definitely embodies that but my main concern is privacy & China... I have yet to see reports on privacy and how it's handled or monitored. I have a background in security, which is why I'm concerned about it. Otherwise looks promising!",0,True
UgzB3E-t5JNiXpAYNHl4AaABAg,comment,w_tCOgxXKwA,,False,@jfch9,So proud of…Chinese car😒,0,True
Ugznqa61Bs68ebuod_54AaABAg,comment,w_tCOgxXKwA,,False,@sifufresh,The best EV out,0,True
Ugznqa61Bs68ebuod_54AaABAg.AVHaKgCTB9RAVOY_vsp5qT,comment,w_tCOgxXKwA,Ugznqa61Bs68ebuod_54AaABAg,True,@js5189,"No such thing as a best ev, they’re all crap",0,True
UgxcI22W9Hcunvub0rN4AaABAg,comment,w_tCOgxXKwA,,False,@joeiee71,https://www.youtube.com/watch?v=kDLtnXUBAmU,0,True
UgwUkd6033BcYzPeDwt4AaABAg,comment,w_tCOgxXKwA,,False,@damecu16,"Just for how nice and funny she is, I needed to subscribe immediately 🫡😂",0,True
UgwqLfie8JsoVuJt2l54AaABAg,comment,w_tCOgxXKwA,,False,@Dyeueydhdbdbs,You should make an BYD ASMR vids .. i almost sleep while watching .. its so relaxing tho,0,True
Ugw9cY7r3U2UcfJm2pZ4AaABAg,comment,w_tCOgxXKwA,,False,@aelaan12,"I live in Canada, so we should theoretically be able to purchase these cars.  My wife drives a hamster mobile (Kia Soul) at the moment, and the car has been outstanding.  What would BYD's comparable model be for something like this?",0,True
UgzWZO8a03gdRtEMJpV4AaABAg,comment,w_tCOgxXKwA,,False,@Travel2Truth,How much is it in £ to charge it full,0,True
UgwrcM06hP0d3v9AqOJ4AaABAg,comment,w_tCOgxXKwA,,False,@andycole007,Does it make a noise like a car ?,0,True
Ugw_Qcam2zVWkb61p7h4AaABAg,comment,w_tCOgxXKwA,,False,@grahamcole4240,"Love this lady, a great presenter.",0,True
Ugyo0kSNsbhzDQJKGAt4AaABAg,comment,w_tCOgxXKwA,,False,@chrisdavies3394,How can they call them phone chargers if they dont charge a phone?,0,True
UgzSWSSMWezuUCUde4l4AaABAg,comment,w_tCOgxXKwA,,False,@danielschoch9604,2:36 You shouldn't have shown this. Everyone watches CSI nowadays.,0,True
UgycrmKPtWKe_9CukWV4AaABAg,comment,w_tCOgxXKwA,,False,@pfmorris66,"It looks like a slightly redesigned Tesla Model 3, almost as if they just ripped off Tesla's design.",0,True
Ugx6hrTUBZ79KOu_N214AaABAg,comment,w_tCOgxXKwA,,False,@carsonlydude,"Such a great car presenter you are, Nicola. I love how you bring so much energy on to the screen, you make me smile. I'm not going to deny that you are my biggest crush. I wish the best for you.

With love,
From India.",0,True
Ugy6xLItNSjS5TyJ94d4AaABAg,comment,w_tCOgxXKwA,,False,@ascorpio1,354 is the design range. The lower range is the AWD.,0,True
UgwkpGhP6U5uQfNlp-N4AaABAg,comment,w_tCOgxXKwA,,False,@Yujipro95,Favorite❤,0,True
Ugz6kxjB4sLkioWHeBp4AaABAg,comment,w_tCOgxXKwA,,False,@heliharris69,Great review... Very well presented... And Wow! what a personality you have... I've been to look at one purely on your review as  had never seen one on the road... Test drive arranged in two weeks time as i loved the look and build quality of it... I just know this will be way up there for my choice of next new car.,0,True
UgwPPOy_Fjw8mpS22Ap4AaABAg,comment,w_tCOgxXKwA,,False,@Taino871,"Nicola, WHY DO YOU NOT HAVE YOUR OWN CHANNEL? You are amazing and very good at reviewing these cars. Made me an instant sub. Could not stop laughing when I saw you in the trunk of the car. Excellent!",0,True
Ugw9Ev-T3k67_gMKrbt4AaABAg,comment,w_tCOgxXKwA,,False,@virginiachubo4245,How much is the car,0,True
Ugyav_K_bWq11ZREJuN4AaABAg,comment,w_tCOgxXKwA,,False,@skudlugs,My local garage would not even look at one of these.,0,True
UgwpYMT8yZGbiosmJ054AaABAg,comment,w_tCOgxXKwA,,False,@Renzillaaa,"The price there is so wild, east asia can get that at 31 to 33k depending on the variant. Damn tarrifs and shipping cost",0,True
Ugz3xsoBR2aWkDknDhR4AaABAg,comment,w_tCOgxXKwA,,False,@leopold7562,"I saw one of these a few months ago and wondered what it was. I caught up with it and was surprised to see it was a BYD. I've been contemplating getting one, but I'm supposed to be getting a cheaper lease than the steal I got on my Q4. But your review here is making me rethink. I do like the look of it",0,True
Ugx9YomErkYMBC5CyVN4AaABAg,comment,w_tCOgxXKwA,,False,@ozilmatrix6334,How’s the aircon 😊,0,True
UgwrVCxkrrz8bvJiL0F4AaABAg,comment,w_tCOgxXKwA,,False,@MultiliftA2,If only it didnt Semd every word u said inside it to China and didnt have a killswich connected to a  chinese Company which might have some ill intentions in a few years...,1,True
Ugzw2yRc5ZI-a3QuQsh4AaABAg,comment,w_tCOgxXKwA,,False,@da23ad,Still no One Pedal Driving....,0,True
UgwEddLkTN0WNdewZQp4AaABAg,comment,w_tCOgxXKwA,,False,@RichardHubbuck,8:23 that’s something I never would have admitted… …On camera 😂,0,True
UgwaqnvUi-i15pDq6mV4AaABAg,comment,w_tCOgxXKwA,,False,@RichardHubbuck,"CarPlay connectivity hasn’t been very successful in any of the three cars I owned - with wired connections and both an el cheapo and fairly expensive wireless dongle. Bit annoying really. 

Wireless phone chargers = phone warmers.",0,True
UgxIBNzSq47aP1jt5ix4AaABAg,comment,w_tCOgxXKwA,,False,@phils1773,"It's an electric EMF ridden, Chinese,  piece of crap. Buy internal combustion......",1,True
Ugxg1PkNBEvDWomeRIl4AaABAg,comment,w_tCOgxXKwA,,False,@mrkeopele,"something about old fossil fueled cars a lot of us don't think about is all that drilling rig, refineries, delivery systems involved all before we even buy that 1 time use fuel, and if i get a bunch of solar panels, i never buy fuel again, now that seems way better for our earth than i could ever imagine, am i old man stupid about this?",0,True
UgywtbmVy3ywIxyGWM94AaABAg,comment,w_tCOgxXKwA,,False,@Tachyonstorm,Nicola's enthusiasm is truly a wondrous thing!😊,0,True
UgyjDzSHcXktF3eeeT14AaABAg,comment,w_tCOgxXKwA,,False,@nick1635,They're cheap for a reason - cheap and nasty Chinese TEMU quality landfill.,0,True
Ugw-D6yRK7ySP8GZHDd4AaABAg,comment,w_tCOgxXKwA,,False,@michelleflynn7485,This Canadian can't wait to order a BYD.,13,True
Ugzjd137g6JOydSD-rh4AaABAg,comment,w_tCOgxXKwA,,False,@pragmatic4398,"the wording though  😅  ""19 inches"", ""sides are squishy""  , ""rides are easy """,0,True
UgzbqIxdEUKl54sBrP14AaABAg,comment,w_tCOgxXKwA,,False,@daveturner8918,one peddle driving is a deal breaker,1,True
UgyzhoEMR36uiXYW2Ch4AaABAg,comment,w_tCOgxXKwA,,False,@iryche865,I would buy one if it was permitted in the US..😢,0,True
UgysPcfspAKpst5wiHN4AaABAg,comment,w_tCOgxXKwA,,False,@saneman8147,Çentral screen that controls virtually everyone is an accident waiting to happen.,0,True
UgyRWkQxnWUGWM1fGHh4AaABAg,comment,w_tCOgxXKwA,,False,@DANIELOlsen-e8i,"Wer Chinesische Produkte bewirbt und zum Kauf animiert macht sich mitschuldig an Mord, Folter, Verfolgung, Gefangenenlager und hilft einer der schlimmsten Diktaturen im Kampf gegen Freiheit, Demokratie vor unserer Haustür, China kämpft mit Russland in der Ukraine mit Waffen, Drohnen und Soldaten gegen Europa. Du hast Deinen Kopf nicht nur zum Haareschneiden ? Dann boykottiere Made in China so wie Millionen es mit Dir tun. Für unsere Zukunft, Demokratie und Freiheit.",0,True
UgwMeh0lG2_xOzpJmvB4AaABAg,comment,w_tCOgxXKwA,,False,@jetliuinvestment,"I am having Mercedes E200 now, and went to test driving this BYD model a couple of weeks ago, then I made up my mind I gonna change my Mercedes to this, cuz BYD is another generation of car",1,True
Ugz-wvpm0CFSTMf5qnx4AaABAg,comment,w_tCOgxXKwA,,False,@Ahmad-Mounir44,Since when Europeans love Chinese cars? 😂,0,True
UgwHwmCtnTa6fA0sd4J4AaABAg,comment,w_tCOgxXKwA,,False,@edlinke2368,with a 1.93 lts for gas here in b c its hard not to like an electric car,1,True
UgzUjChtVw-KS4gzL754AaABAg,comment,w_tCOgxXKwA,,False,@Adam-lz6cr,Wonderful looking car.,0,True
UgyGtedhZ-xAceEQuzZ4AaABAg,comment,w_tCOgxXKwA,,False,@andrewgilmour6006,"Had this car for 3 months in Atlantis grey with tahiti blue interior, simply beautiful. Had so many comments asking what it is 😂.best car I've owned by a country mile, a joy to drive",0,True
UgxuAEV9JTkc6Tarkbl4AaABAg,comment,w_tCOgxXKwA,,False,@jakubblaha4904,"15:00 A car reviewer that doesnt know how WLTP is calculated (intervals of stop-go city traffic, local outer-urban roads, highway, stationary idling ""stuck in congestion""),  and is surprised her energy consumption for city driving/outer-urban without highways is better....bruh

In fact, Czech BYD brochure even includes city driving WLTP too. For 2WD model, its 570km for mixed WLTP and 690km for city WLTP. For AWD its 520km mixed and 600km city WLTP.

Mixed WLTP does 30minutes, 23,5km test lab drive of 4cycles, ""city"" at ~50km/h, suburban/outer-urban at ~75km/h, rural at ~95km/h and highway at ~130km/h and some ""stationary idling"" (red light, congenstion etc).  Ofcourse when you realistically only do city and suburban in your daily drives, you easily add 10-30% to your range as your energy consumption falls from 17+kwh/100km to 12-14kwh/100km...or atleast match ""on paper summer"" range during winters",0,True
Ugyk6vxUMCdRw1H8IK14AaABAg,comment,w_tCOgxXKwA,,False,@gr8_2_b_me,Living in Edmonton Alberta Canada and we get inches of snow sometimes... I wonder about the low undercarriage grinding/scraping up against the iced over snow. Could it get damaged by the deep ruts?,0,True
Ugyk6vxUMCdRw1H8IK14AaABAg.AUR18r812MpAV3CEsBQRs9,comment,w_tCOgxXKwA,Ugyk6vxUMCdRw1H8IK14AaABAg,True,@Andre-cj3ec,I'm in Montreal. Good point. Similar concern. I'd also be concerned about clearance in a Model 3.,0,True
UgwZwoY5h7yPdl2FA3F4AaABAg,comment,w_tCOgxXKwA,,False,@rcbmulder,Realise I’m late. I find that keeping a case on on car wireless chargers creates heating issues. It then stops charging. Try the case off. Not ideal I know. Other wireless chargers seem fine,0,True
UgxyQusJ94Veho7nY-l4AaABAg,comment,w_tCOgxXKwA,,False,@susannahskitchen,"Hi, I have bought an Xpeng G6 and it’s incredible BUT it’s giving me lower back pain which is awful. I think it’s the lumbar, even when fully in it’s quite pronounced for me. I know most people think it’s so comfortable. My question is do you find the seats comfortable? Flat lumbar area? Have you heard of anyone having an issue with the seats? I’m going to test drive next week and may make the change. Thanks so much",0,True
Ugyg8iwpkJble8G4U8R4AaABAg,comment,w_tCOgxXKwA,,False,@leeg713,"Finally, date for my collection of the 2026 plate, next week! Can't wait! Watched your video like 4 times 😂",0,True
UgzSyMQtct2Uqvt3j3l4AaABAg,comment,w_tCOgxXKwA,,False,@tutonreliablo2421,paid by the chinese to say good things,0,True
Ugwge1TBvxFKMDpvYC54AaABAg,comment,w_tCOgxXKwA,,False,@mikebutler9356,This is a great review!,0,True
UgzXhqNgIKH4WnvRgel4AaABAg,comment,w_tCOgxXKwA,,False,@GamingVet81,The Carplay issue is a normal issue for all cars. Happens to both my cars. (Not BYD),1,True
UgzXhqNgIKH4WnvRgel4AaABAg.AUKztBQgx8IAVklNWkMqkh,comment,w_tCOgxXKwA,UgzXhqNgIKH4WnvRgel4AaABAg,True,@HiruS22,"It isn't, my last 3 cars (Jaguar, BMW, Volvo) have all had Carplay boot up automatically on startup",0,True
Ugwmx4f5n4VARI-J4Ud4AaABAg,comment,w_tCOgxXKwA,,False,@GeorgeLuman-i3n,Thank you for the wonderful video! Your presentation is so bright and cheerful. Still waiting for my BYD Seal Premium 5.6 seconds. I have seen owners walk three rounds around their Seal and polish parts of it with their sleeve after breathing down on the spot. The suspension is very advanced as it uses electrical shock absorbers and not like the older ICE cars with spring based shock absorbers.,1,True
Ugwmx4f5n4VARI-J4Ud4AaABAg.AUI2gSYBeYeAVkmfA06UUL,comment,w_tCOgxXKwA,Ugwmx4f5n4VARI-J4Ud4AaABAg,True,@HiruS22,It still has springs,0,True
UgwOXW-W9atHt0ZWIuB4AaABAg,comment,w_tCOgxXKwA,,False,@dustym9610,Think its best you still need to brake as other cars that dont need braking usally have problems with brakes seizing up,0,True
Ugz83oTqNynHNJ4veRV4AaABAg,comment,w_tCOgxXKwA,,False,@Dystopiancircus,I am in the US under Donny Dinosaur so we will never have these wonderful cars.,0,True
UgzqGarKImmt9ywU2Rx4AaABAg,comment,w_tCOgxXKwA,,False,@urge_feelgoodclothing,i watched 2 ads just see her fart.,0,True
UgzU9v2AsgOvbUC30WR4AaABAg,comment,w_tCOgxXKwA,,False,@gyanprakash7445,"The best way to do Carplay on BYD cars is to just connect it wired. With that, you will be able to share your hotspot to the car (The included SIM suck ass.) If you sideload some apps on there, you can basically have streaming services on the go",2,True
UgxEdcLrDxtO0v9xeCx4AaABAg,comment,w_tCOgxXKwA,,False,@allcapsnocap,Chinese make the best products.  They understand what the customer wants and sells it for a really affordable price.,0,True
UgyoeNfa2pAfG4VGHCl4AaABAg,comment,w_tCOgxXKwA,,False,@chrisayres7974,Phone charge and heat issue is because you use car play,0,True
UgwBU31DiJyRRJITDhV4AaABAg,comment,w_tCOgxXKwA,,False,@maekailb,"I got this one too, I love it",0,True
Ugy7wTzo69iiDfMhpdB4AaABAg,comment,w_tCOgxXKwA,,False,@billarxis22,You can fit two bodies in there... 😂😂,0,True
Ugy63FSzedcHgF8B0094AaABAg,comment,w_tCOgxXKwA,,False,@santosh911,"Somehow, ive noticed that many english tests seem to use grey interior cars. Do you guys like dark, depressing interiors now? How about some tan interior cars? Not swatches of colour, the whole interior..",0,True
UgwzcrsH2DmqnryQGzJ4AaABAg,comment,w_tCOgxXKwA,,False,@puppetcorruption2357,BYD . stand for BE YOUR DISASTER 💥🧯,0,True
UgzAHQz-kwl8iKK9_G14AaABAg,comment,w_tCOgxXKwA,,False,@peterphoenix6471,im just happy China is leading the world in quality manufacturing. the west has collapsed and everybodys too busy buying chinese goods to notice 😂,1,True
UgzpvOmtOVcT07DXSgx4AaABAg,comment,w_tCOgxXKwA,,False,@Kurt013,"""Gentle"" on sport mode is not the correct term; it is more ""delay""",0,True
UgwcToEZeZGHkVcC-Ep4AaABAg,comment,w_tCOgxXKwA,,False,@kehbab,Ever felt annoyed with the person who tries so hard to be funny?,0,True
UgxvwoDB7dCo-q11AHB4AaABAg,comment,w_tCOgxXKwA,,False,@the.nordic.solace,I drive one since september 2024 and I love it too. Suprisingly well made car,1,True
UgyTI8gyZqXs23dPZtx4AaABAg,comment,w_tCOgxXKwA,,False,@MrTitleist,Have you still got your Kia sportage???,0,True
Ugwi_2Cz3zzdarCnt7t4AaABAg,comment,w_tCOgxXKwA,,False,@KuyaMagik,"If your a Tiktoker like me, the screen rotation is a daily habbit for me hahahah",0,True
UgxXXShLdLCiSoMV6Cd4AaABAg,comment,w_tCOgxXKwA,,False,@lindihoxhaj4095,"Affordable price and gorgeous car ,its taking over others cars already",0,True
UgzYwH4gSYc5UfwK47l4AaABAg,comment,w_tCOgxXKwA,,False,@QGTube,ooooohhhh just got mail my car is sitting at the shop waiting for me. sooonnnn,0,True
UgwjM6u62QCyFdU-PG94AaABAg,comment,w_tCOgxXKwA,,False,@thomaslenz8645,"While I have no doubt about the quality of the car, do we really want to support a country threatening it's neighbor militarily. I do not. Let's use our collective purchasing power to make a difference.",0,True
UgwktaMVaBWHlZXGcwZ4AaABAg,comment,w_tCOgxXKwA,,False,@şükrüaraf,Anyone had to wait decades for parts,0,True
UgxGlGXyauAi4m5KAQh4AaABAg,comment,w_tCOgxXKwA,,False,@dengist8172,"This is a nice model, but already considered very out-of-date in China. The model upgrade is so fast",1,True
UgyXxqaI1ymHti7YkPd4AaABAg,comment,w_tCOgxXKwA,,False,@masterofthepinkside,"wltp is based on 70% urban driving, so if you're doing only urban it should be a lot closer or even higher than wltp.",0,True
UgyyKXc0d_1AO2HoBKx4AaABAg,comment,w_tCOgxXKwA,,False,@masterofthepinkside,can you make the roof opaque? My gf has visual processing problems and the roof not being opaque makes cars unusable for her at night.,0,True
UgxS8T2HTzjslkLfY8h4AaABAg,comment,w_tCOgxXKwA,,False,@ewanstefani,Seal Excellent appears to be £40k new delivered in the UK at the moment. Seems good value for what you get compared to the other.. you know who.,0,True
UgxS8T2HTzjslkLfY8h4AaABAg.ATd_dHbAU8_ATyrRkxcLr1,comment,w_tCOgxXKwA,UgxS8T2HTzjslkLfY8h4AaABAg,True,@ztx-k4k,这车在中国只卖两万英镑,0,True
UgxCSEHjc5GsvREXPWB4AaABAg,comment,w_tCOgxXKwA,,False,@SoullessAbandon,What happens when all that tech starts to break? Going to be a pain and expensive to fix or replace? Just thinking long term.,0,True
UgyHxGVbojUAcFgQDsx4AaABAg,comment,w_tCOgxXKwA,,False,@fleabag12,I could do with some advice people..... I really want the BYD Seal and I think I'm still going to buy one in the future....but... I've got one friend keeps poo poo'ing Chinese vehicles saying there's kill switches in them and they've found out about kill switches in UK buses as well etc. I've tried to do my own research and googled the question but it's a grey area at best. Surely if this was the case then our government of the day or at least an 'official' body would make it 'common knowledge'.... or is it just haters gonna hate because it's from China?,0,True
UgyHxGVbojUAcFgQDsx4AaABAg.ATcBtCvX1_yATfLLJP72QL,comment,w_tCOgxXKwA,UgyHxGVbojUAcFgQDsx4AaABAg,True,@garyo475,Just a hater.,2,True
UgwxbnkGPPzrmxeZ5L94AaABAg,comment,w_tCOgxXKwA,,False,@Veederlicht,"Watched a video on youtube the other day of a family burning to death because of these kind of electric door locks, once malfunctioning nobody gets out.",1,True
UgwxbnkGPPzrmxeZ5L94AaABAg.AT_OhGHM9l_ATbl3g9dgLW,comment,w_tCOgxXKwA,UgwxbnkGPPzrmxeZ5L94AaABAg,True,@cool-0501,"After a collision, the mechanical lock gets damaged, and you also risk losing your life. Buddy, this is a modern product sold worldwide.",1,True
UgwxbnkGPPzrmxeZ5L94AaABAg.AT_OhGHM9l_ATcThuwHiv8,comment,w_tCOgxXKwA,UgwxbnkGPPzrmxeZ5L94AaABAg,True,@SoullessAbandon,I heard China are banning those types of door locks and instead to have the normal manual ones where you can pull on the handle.,1,True
UgwxbnkGPPzrmxeZ5L94AaABAg.AT_OhGHM9l_ATdmVobUfQc,comment,w_tCOgxXKwA,UgwxbnkGPPzrmxeZ5L94AaABAg,True,@cool-0501,@SoullessAbandon yep,0,True
Ugxiqg_e1H9PE-lU1NB4AaABAg,comment,w_tCOgxXKwA,,False,@emmaroid9460,I really want one of these cars so badly,1,True
UgyN4yXHF0Y4Q21Vg-V4AaABAg,comment,w_tCOgxXKwA,,False,@RahRan123,"Very enjoyable video, 8/10",0,True
UgzZDDNJZm-mWwJfhyp4AaABAg,comment,w_tCOgxXKwA,,False,@davidrikx9639,Annoying,1,True
Ugw8WIsTDtwXuiUdbXJ4AaABAg,comment,w_tCOgxXKwA,,False,@RohnnKostelecky,what was the price compared to the tesla,0,True
UgxYZctl6g1CxTlCeXx4AaABAg,comment,w_tCOgxXKwA,,False,@andrewvautour1795,"Sport mode: You can actually change the acceleration feel and responsiveness on the BYD Seal through built-in drive modes, but you can also change the feel by adjusting the throttle mapping and power output. So that polite feeling you get in Sport mode can be much more aggressive :)",0,True
UgxJeKVthV34BJ8Bwqx4AaABAg,comment,w_tCOgxXKwA,,False,@davemcdave2169,Stupid car.,0,True
UgwvmtvpwkA0nVKYUpR4AaABAg,comment,w_tCOgxXKwA,,False,@zubairbhatti8220,"Nicola I bought this car,   seal design indigo grey colour 4months ago on your advice and it’s the best decision I’ve ever made !! Honestly the best electric car ever,  absolutely  best luxury car at affordable price, thank-you for your videos !!!! I am a fan",7,True
UgweMmFQcvODkYS8RkF4AaABAg,comment,w_tCOgxXKwA,,False,@ruskokollektiv5457,"the cuplholder bit got my like, ngl. im cackling",0,True
UgxhNdWpxuUnxWfRnLZ4AaABAg,comment,w_tCOgxXKwA,,False,@danreg786,"If I pass my driving test today, I’m getting this.",1,True
UgynmctNlTXMlKuuWEJ4AaABAg,comment,w_tCOgxXKwA,,False,@liamodonnell5931,love love love the energy! so funny!!!,0,True
Ugznv4st1aApIcV2O7F4AaABAg,comment,w_tCOgxXKwA,,False,@Z_explorer007,Waiting in Canada to trade my V8 for an electric...,0,True
UgxjsDAIcT7oPLyuudJ4AaABAg,comment,w_tCOgxXKwA,,False,@arrjay2410,"I'm in Canada where we are (so they've told us) supposed to get a flood of Chinese EVs soon. I've noticed the fancy door handles on a number of them. Canadian road salt in winter can rack havoc with such things. I would insist on a keyed manual override (a lock) for the doors. I had a touch screen a 2018 Subaru I owned, until a 2X4 slid through the seats in a sudden stop. Cost a fortune to replace the screen, to the point that it put me off Subaru.",0,True
Ugx136sRSRVEbuixDGZ4AaABAg,comment,w_tCOgxXKwA,,False,@jeffmagic32,very annoying presenter,0,True
UgwzNIkG9Ok6a9l91qN4AaABAg,comment,w_tCOgxXKwA,,False,@whoisthispianist194,some of the money you spend on a BYD goes to the Chinese Communist Party and their military.,0,True
UgwzNIkG9Ok6a9l91qN4AaABAg.ATPSa4Rruk3ATblO7WYKAi,comment,w_tCOgxXKwA,UgwzNIkG9Ok6a9l91qN4AaABAg,True,@cool-0501,The money Chinese people spend on Apple phones flows to the U.S. military. The money people worldwide spend on YouTube videos flows to the U.S. military. The money Chinese people spend on Tesla vehicles flows to the U.S. military. The money Chinese people spend on Volkswagen cars flows to the German military. So what? What are you trying to say??,0,True
UgwzNIkG9Ok6a9l91qN4AaABAg.ATPSa4Rruk3ATcX0KJ0t-V,comment,w_tCOgxXKwA,UgwzNIkG9Ok6a9l91qN4AaABAg,True,@whoisthispianist194,@cool-0501if you don’t want to fund the CCP And the Chinese military don’t buy BYD.,0,True
UgwzNIkG9Ok6a9l91qN4AaABAg.ATPSa4Rruk3ATdmOH37kGd,comment,w_tCOgxXKwA,UgwzNIkG9Ok6a9l91qN4AaABAg,True,@cool-0501,"@whoisthispianist194  No, I buy whatever I want.",0,True
UgwzNIkG9Ok6a9l91qN4AaABAg.ATPSa4Rruk3ATdqHcmwxJs,comment,w_tCOgxXKwA,UgwzNIkG9Ok6a9l91qN4AaABAg,True,@whoisthispianist194,"@cool-0501 of course you will. All I’m saying is most BYD buyers don’t know they are funding the CCP - a potential enemy of America. If you want to do that go ahead. Nobody can stop you, apart from the US government if you live there because they wont let BYD sell their cars there.",0,True
UgwzNIkG9Ok6a9l91qN4AaABAg.ATPSa4Rruk3ATdr4_Gv-VB,comment,w_tCOgxXKwA,UgwzNIkG9Ok6a9l91qN4AaABAg,True,@cool-0501,"@whoisthispianist194 Most Apple sellers don't even realize they're supporting Israel. All the U.S. can do is protect you idiots with tariffs and fake news, ha ha ha.",0,True
UgwBPVE6MGe3eEox4ql4AaABAg,comment,w_tCOgxXKwA,,False,@josephtan2456,"Nicola Hume is funny, witty, and bloody entertaining to watch! Thank you for the awesome videos!",2,True
Ugx-zv4nYoNUJNMNv-V4AaABAg,comment,w_tCOgxXKwA,,False,@joeduffy3309,It's nice to see woman actually dressed for a change,0,True
UgwAduE5D3Iq22FxYt54AaABAg,comment,w_tCOgxXKwA,,False,@Sam-kj4kq,"Came for the car ... and then OMG!! Beautiful eyes, loves dobermans and cars PERFECT WOMAN LOL!!",0,True
UgyIyLM8LK1y_6RQ3el4AaABAg,comment,w_tCOgxXKwA,,False,@aguasanta,This is a really funny review. Subscribed,0,True
UgxfgVGDTqhAu4_JLbN4AaABAg,comment,w_tCOgxXKwA,,False,@OGSuperDirty,Looks like a copy of the Model 3 but better features,0,True
UgyU7YRgpXK6LBlrXdR4AaABAg,comment,w_tCOgxXKwA,,False,@healthandhydration3767,Looks like they copied the Model 3,0,True
UgyU7YRgpXK6LBlrXdR4AaABAg.ATLe8-YBshbATblUaw1h0p,comment,w_tCOgxXKwA,UgyU7YRgpXK6LBlrXdR4AaABAg,True,@cool-0501,"Blah blah blah, plagiarism... Yes, it has four wheels.",0,True
Ugy6qxb2PQrz_waM04V4AaABAg,comment,w_tCOgxXKwA,,False,@Uk..gamer..72,Try getting a replacement for your cracked light.😂😮,0,True
UgzhCvjZdiBr_zIo8IV4AaABAg,comment,w_tCOgxXKwA,,False,@ChingasoClown,So is this a typical chinese product or is it good  ?  So lots of useless stuff that nobody will use but cool to have. how is the battery degradation and how much is a new one? How long does it last?  Everything is nice when new,0,True
UgzhCvjZdiBr_zIo8IV4AaABAg.ATJ41PtQDIoATblk5fGIj6,comment,w_tCOgxXKwA,UgzhCvjZdiBr_zIo8IV4AaABAg,True,@cool-0501,"As the world's factory producing Apple iPhones and Teslas, high-quality products have always been a given. Not to mention we have aircraft carriers, space stations, and fifth- and sixth-generation fighter jets. Oh, and a year after Huawei unveiled its horizontal foldable screen, Apple is rumored to be launching one too. Well then, go drive your horse-drawn carriage—after all, not everyone can keep up with the age of steam locomotives.",0,True
Ugy-l8yZFCXJxAZNKEN4AaABAg,comment,w_tCOgxXKwA,,False,@majorconfucius3937,hello michelle obama,0,True
UgxERLHMPlnTzcdJ6Lt4AaABAg,comment,w_tCOgxXKwA,,False,@pipedreamfretworks,"“Maths aren’t quite mathing”. 😂. Sadly, I live in USA so BYD not an option for me. 😢 very fun video though! Thx",0,True
Ugxn5I1daIDHagSeTKh4AaABAg,comment,w_tCOgxXKwA,,False,@LiberateThePlanet-v9j,It's Chinese and has a massive carbon footprint before a wheel is turned.     Buying one helps no-one but the Chinese profit margin.   Stick with an existing ICE vehicle and save the planet.,0,True
UgwP_uPcdRTMGnQyJAZ4AaABAg,comment,w_tCOgxXKwA,,False,@seveglider8406,Informative review of a great car! Thank You for posting!,0,True
UgzTY9aVeA34pAB1OvF4AaABAg,comment,w_tCOgxXKwA,,False,@ASD-Ch1,You're very annoying 🥴 I couldn't finish the video.,0,True
Ugy-bbZHshlZHcdJgFh4AaABAg,comment,w_tCOgxXKwA,,False,@S0me0ne_S0meWhere_SaysHi,"If you love it so much then you love supporting the dea*h of Ukrainians!
When are you reviewers going to wake up to reality!",0,True
Ugy-bbZHshlZHcdJgFh4AaABAg.ATDQCPWGJ4QATblri-Zuh5,comment,w_tCOgxXKwA,Ugy-bbZHshlZHcdJgFh4AaABAg,True,@cool-0501,"If you support Apple, you're supporting the destruction of Palestine!!! What are you thinking?",0,True
Ugy-bbZHshlZHcdJgFh4AaABAg.ATDQCPWGJ4QATcW234L7d-,comment,w_tCOgxXKwA,Ugy-bbZHshlZHcdJgFh4AaABAg,True,@S0me0ne_S0meWhere_SaysHi,​@cool-0501I don't support apple. That is your assumption.,0,True
Ugy-bbZHshlZHcdJgFh4AaABAg.ATDQCPWGJ4QATdmTC4Fcgm,comment,w_tCOgxXKwA,Ugy-bbZHshlZHcdJgFh4AaABAg,True,@cool-0501,"@S0me0ne_S0meWhere_SaysHi  If you use YouTube, you're supporting Israel.",0,True
Ugy-bbZHshlZHcdJgFh4AaABAg.ATDQCPWGJ4QATeofSpKttQ,comment,w_tCOgxXKwA,Ugy-bbZHshlZHcdJgFh4AaABAg,True,@S0me0ne_S0meWhere_SaysHi,​@cool-0501regardless. One has to make a stand somewhere.,0,True
Ugy-bbZHshlZHcdJgFh4AaABAg.ATDQCPWGJ4QATg1b5loxjz,comment,w_tCOgxXKwA,Ugy-bbZHshlZHcdJgFh4AaABAg,True,@cool-0501,"@S0me0ne_S0meWhere_SaysHi  Yes, what I buy has nothing to do with this. Extremists.",0,True
Ugy-bbZHshlZHcdJgFh4AaABAg.ATDQCPWGJ4QATjHm14rYx2,comment,w_tCOgxXKwA,Ugy-bbZHshlZHcdJgFh4AaABAg,True,@S0me0ne_S0meWhere_SaysHi,​@cool-0501Good!,0,True
Ugy9D1UNXCGe6y3BvmB4AaABAg,comment,w_tCOgxXKwA,,False,@Raymond-mk8cb,I wish we could get BYD in the states.,1,True
UgzN2l1oHDhFsz-vYzR4AaABAg,comment,w_tCOgxXKwA,,False,@naorl8866,This review was great I like your opinions 😅 and no wonder BYD is such a success,0,True
UgymnQTqXEgrIwcy5pV4AaABAg,comment,w_tCOgxXKwA,,False,@billzi7001,i also squish the pads on the door xD wasnt expecting that to be mentioned,0,True
Ugz3h0kq9QPBpfcUkdF4AaABAg,comment,w_tCOgxXKwA,,False,@ricardolopezjr8602,Byd EV car better than tesla crap car i love my byd,0,True
UgyscwWCitynO3UawwB4AaABAg,comment,w_tCOgxXKwA,,False,@MadawaskaObservatory,"If it has Li-Ion batteries then there is a real danger with these batteries. DO NOT park this car indoors. The fires they generate burn extremely hot, are un-extinguishable as they generate their own oxygen. The gases they generate are extremely toxic and explosive. The door handles are electrically operated and when the electrical system fails or the wires get damaged you CAN""t Open the door. Extremely dangerous in an accident as you can't get out of the car. These observations apply to ALL EV's. EV = Exploding Vehicle.",0,True
UgyscwWCitynO3UawwB4AaABAg.AT5yoPt89a4ATbm3VPl92h,comment,w_tCOgxXKwA,UgyscwWCitynO3UawwB4AaABAg,True,@cool-0501,"Yes, steam locomotives do have many issues. Electric vehicles have been evolving in China for nearly a decade now... Country folk, buckle up in your horse-drawn carriages and wait for the steam locomotive era to arrive.",0,True
UgygsFtt-l2fVhfzpm14AaABAg,comment,w_tCOgxXKwA,,False,@MandelloUK,Don't  park it in the garage overnight it case it catches fire...and check out the built-in Chinese listening devices,0,True
UgygsFtt-l2fVhfzpm14AaABAg.AT5Ll3AqHTeATbm84pf37f,comment,w_tCOgxXKwA,UgygsFtt-l2fVhfzpm14AaABAg,True,@cool-0501,"Blah blah blah, your phone's recording feature is your closest companion.",0,True
UgzoNCSVSDADjonBJAZ4AaABAg,comment,w_tCOgxXKwA,,False,@Zaio22ar,You lost all credit after cupholder button thing 😂,0,True
Ugyh6xmS1CKD_O-CqGN4AaABAg,comment,w_tCOgxXKwA,,False,@drazenmiskovic4952,"6.500 miles is nothing. Come back at 65.000 and tell us if you're still happy.

Everything is still new and fun at just 6500.",0,True
UgznPfsgYIlyg-f8yaF4AaABAg,comment,w_tCOgxXKwA,,False,@cindy-loub4387,"Did I miss how long it takes for a full charge, or the cost of charging?",0,True
Ugx7G8QuIkdaTgocOtF4AaABAg,comment,w_tCOgxXKwA,,False,@CockpitScenes,Those door handles are stupid and very dangerous. They have killed many people.  And what is a saloon car?,0,True
UgzF61dxdzFNeQGfwKF4AaABAg,comment,w_tCOgxXKwA,,False,@tusker4954,"As always I love your reviews… I even like this car but I have one massive problem. It’s Chinese. Stolen IP, slave labour, a deliberate under pricing strategy to kill the European competition and killing employment in the West. We shouldn’t be buying Chinese products.",0,True
UgyPHf4hwPqOCYWSEBF4AaABAg,comment,w_tCOgxXKwA,,False,@maereanm,"19:10 so that's why you're wearing a high turtleneck :D doesn't it get hot in the summer? :D just kidding. my lovely lady has the same ""phobia"". you know how women think they are always right? they're not right about the ""chins"" :D",1,True
UgxHs_p96ib-yEt0gqp4AaABAg,comment,w_tCOgxXKwA,,False,@弃方得,自从中国收购了saab 所有中国汽车的安全性能都是极高水准 这点我真的很欣慰,2,True
UgxHs_p96ib-yEt0gqp4AaABAg.AT1egrnRXYsAVoKji9CJDU,comment,w_tCOgxXKwA,UgxHs_p96ib-yEt0gqp4AaABAg,True,@moxbrut,Volvo you mean?,0,True
UgzBKVKwryo_rfC262x4AaABAg,comment,w_tCOgxXKwA,,False,@AlpiFirat,"The biggest disappointment with this vehicle, and the BYD Han, is the boot capacity. 400 liters of boot space is very poor for a 5-meter vehicle. I don't think the rear legroom needed to be this spacious.",1,True
UgzBKVKwryo_rfC262x4AaABAg.AT181LZ2KVzATbmDRjAdFv,comment,w_tCOgxXKwA,UgzBKVKwryo_rfC262x4AaABAg,True,@cool-0501,My trunk doesn't need to hold a fridge or washing machine—it's plenty big enough.,0,True
UgzwRvkBS15Ntq2qNdN4AaABAg,comment,w_tCOgxXKwA,,False,@thefilthelement,"This is why there are banned in the US, US companies can’t compete and it’s easier than making a better car",1,True
UgzsrM1N5qfHfz9aG-Z4AaABAg,comment,w_tCOgxXKwA,,False,@laloajuria4678,not sold in the US so doesnt matter.,0,True
Ugx5h1lgEGH0Cm5F6iN4AaABAg,comment,w_tCOgxXKwA,,False,@sphinxter25,I would definately buy one if these are avsilable from where im at :) 😊,0,True
Ugz2250JcptheH6Yfvt4AaABAg,comment,w_tCOgxXKwA,,False,@happycamper3455,Can you open the doors if your under water or on fire?,0,True
Ugz2250JcptheH6Yfvt4AaABAg.AT-2fwO8afQAVkojOvShMU,comment,w_tCOgxXKwA,Ugz2250JcptheH6Yfvt4AaABAg,True,@HiruS22,This happens to me all the time,0,True
Ugy_YZt-JMAv4T2F7z94AaABAg,comment,w_tCOgxXKwA,,False,@OmmerSyssel,"Teenie on speed? It's about the car, not you 🤷🏼😴",0,True
UgzX5OcfJQz0rv0Dd9B4AaABAg,comment,w_tCOgxXKwA,,False,@north_42,"For those that like BYD so much why not move to china, such lovely country and social system and your lovely BYD.",0,True
UgzURRlzjNnSkYodYbl4AaABAg,comment,w_tCOgxXKwA,,False,@PSF1,"I will never drive a car from a communist government that uses facial recognition.

Think before you buy from the CCP.",0,True
UgwBXw2QnSM3fOuLwdR4AaABAg,comment,w_tCOgxXKwA,,False,@S.L.S-407,BYD is NOT available for people who live in apartment buildings which is approximately 30% of the people living in Toronto Canada. PLUS there are videos on YT showing BYD catching fire for absolutely no reason what so ever. DO YOUR OW HONEWORK ❗,0,True
Ugw7xbDsWz5XTaKwgNN4AaABAg,comment,w_tCOgxXKwA,,False,@ronchaput5636,That looks like nothing but problems,0,True
UgzF8aZcG4-pDIwIOxp4AaABAg,comment,w_tCOgxXKwA,,False,@SparkySven,"I'm stil in my VW Polo 1.4 9N petrrol (private) and do love my previous EV company cars the Renault Megane E-Tech Iconic and did test drive the R5 Techno+ for a week and wateched your VW.ID Polo video and that's what I'm the market for but now also thise BYD Seal that I want to go out and test now also. Which one would be te winner? Renault R5, Alpine A290, VW.ID Polo or this Seal?",0,True
UgwyqNg4llgXcEM6U1R4AaABAg,comment,w_tCOgxXKwA,,False,@HowlBack,Awesome review. I have been looking for my next car and the Sealion 7 is on my list. I'm assuming the Seal is the same as the Sealion 7 in a different form factor... Is that correct? If anyone can tell me that would be great.,0,True
Ugy4QBeWe2Osnuh87014AaABAg,comment,w_tCOgxXKwA,,False,@The88Nomad,"Marry me? Maybe? Please?... No, in all seriousness, I love her enthusiasm!
I've driven the car for about 4 hours, and I absolutely loved it. Charging was so easy, too. 20 minutes charge to 80% charge.
That being said, I would still prefer it being a hybrid just in case I need a little bit less... range anxiety.",2,True
Ugy2CDHRV1rDzmU4KTh4AaABAg,comment,w_tCOgxXKwA,,False,@naughtysauce4323,"Elon better thank his Daddy Trump because if these were ever to hit foot in the USA, they would be out of business within 5 years.",1,True
Ugwc7_8QmIBEmX2HMKN4AaABAg,comment,w_tCOgxXKwA,,False,@RFW1979,"Great video, you are my go to for electric car reviews.....😊",4,True
UgyH4Q4f6ta-TEd4Ufp4AaABAg,comment,w_tCOgxXKwA,,False,@luigifranceschi2350,Nice to know that a cinese made car is able to listen and understand everything of what you say. And is also so practical that being always connected to internet through the built in GSM it can download updates by itself by being connected constantly to the HQ in China.,0,True
UgwC1ESiYleTJdQIlBx4AaABAg,comment,w_tCOgxXKwA,,False,@Diesel-ER899,Is this in the UK?,0,True
UgygpWFV2MA5JqIXA0J4AaABAg,comment,w_tCOgxXKwA,,False,@simonking3949,"Ok, this got to be the best car review ever!",1,True
UgxvMIyHPDzZbnKuNJJ4AaABAg,comment,w_tCOgxXKwA,,False,@jsmith508,"""BYD Seal 3.8s: £48k in the UK & Germany, but only £32k in Australia and £26k in China. Even with higher safety standards and taxes, an 80%+ markup is staggering.
We’re being asked for 'BMW money' for a brand with zero UK pedigree and no 5-10 year track record for reliability. I expected a £30k price tag, at £50k, it's a massive gamble on a new entrant.""",1,True
UgzdoW7JseehhIHNq7p4AaABAg,comment,w_tCOgxXKwA,,False,@DuncanGriffiths,They need to give it one pedal drive . Love everything else about it,1,True
UgzH9RfZuJjf9wMucg14AaABAg,comment,w_tCOgxXKwA,,False,@davidlang1125,Musk scoffed at BYD. His disdain for Chinese ev’s will doom Tesla to a limited future.,1,True
UgxCkrWnV_y50sSW-414AaABAg,comment,w_tCOgxXKwA,,False,@art333-dg8dd,"i am not buying any car with door handles disappear; china just banned disapering door handle , it kills people.",0,True
Ugyh5l-YKd0aVJvYYJ54AaABAg,comment,w_tCOgxXKwA,,False,@Slynell1,RIP Tesla,1,True
UgwrljKPAiFlYntBGtV4AaABAg,comment,w_tCOgxXKwA,,False,@Druze_Tito,1:00 Why aren't the two pieces of the taillight aligned? What's the matter with CHINA? Still not being able to handle panels alignment properly after so many years.,3,True
UgwrljKPAiFlYntBGtV4AaABAg.ASqLObWY9puAVknySzhOZr,comment,w_tCOgxXKwA,UgwrljKPAiFlYntBGtV4AaABAg,True,@HiruS22,You should have seen the state of the Merc E class I test drove today!,1,True
UgxHLLoD9rcoBpVYfN94AaABAg,comment,w_tCOgxXKwA,,False,@Doodledoo92,Think this is the best review of a car I have seen. Can you guys do the seal u phev when you guys get a chance pretty please Top gear or grand tour producers hear me out,0,True
UgynNs8k30Yu9kuvBxZ4AaABAg,comment,w_tCOgxXKwA,,False,@bkhau,"BYD compared to Toyota. Toyota high quality metal no rust after 10 years. BYD metal rusty after couple years. Toyota long terms and last forever...... BYD need to learn from TOYOTA, how to use quality metal to build cars....and so on............",0,True
Ugyv38c9Jl1la8motFZ4AaABAg,comment,w_tCOgxXKwA,,False,@davidbrace7712,Tinted windows so you don't have to run the electric battery draining A/C compressor all the time.,0,True
Ugz6jQK2rDuoCjLSvAV4AaABAg,comment,w_tCOgxXKwA,,False,@jimondang6067,"OK, she has me sold on the car. Too bad I can't get one because I live in the U.S., where it isn't sold, mainly due to the tariff situation. I've been watching several videos on BYD vehicles. I have to say, that they are very impressive! This has nothing to do with the car, but Nicola would be dangerous as a sales woman for BYD, LOL! When people finish listening to her, they would ask which desk to sit at and sign the paperwork for the car hehe! Her enthusiasm is just amazing. 😍😍😍❤❤❤",6,True
UgxzTWgmrlx_DEfTdV14AaABAg,comment,w_tCOgxXKwA,,False,@mr3745,"Trump thinks he's going to stop this global onslaught by pushing more expensive, 19th-century car technology.",1,True
Ugy5Y4lGiWCJQ2f2FR94AaABAg,comment,w_tCOgxXKwA,,False,@15MFinance,I see many traitors in the comments.,2,True
UgxDMeTbiB3cKrTfwGx4AaABAg,comment,w_tCOgxXKwA,,False,@TheCaniblcat,"I got my BYD Dolphin about 5 months ago. I put it into eco mode and left it there since I drive mostly in urban areas.
The only thing I don't like about my car is that while the seats are comfortable enough for short drives (and hour or less), after three hours, I felt like my backside was about to fall off.
Hopefully the seats on the Seal are far better than those on the Dolphin or Atto3.",1,True
Ugw5bMkuRgarmaD6xqt4AaABAg,comment,w_tCOgxXKwA,,False,@PierreVilleneuve88,"Since when 45 tire profile is considered fat 🤔 Dynaudio audio system? Noice. This car doesn't have one pedal driving??? In 2025? That's a deal breaker. What a shame, it's just a firmware update away.",0,True
Ugx794cGTGxgsScibq94AaABAg,comment,w_tCOgxXKwA,,False,@rivierapalms6485,I only watch your videos because you’re lush 😂,0,True
UgyA5-c1KT5nNxP5-hR4AaABAg,comment,w_tCOgxXKwA,,False,@IamIndridCold,"Sexy and fun, I like the car too 😅",0,True
UgyqYwrjEOtA8JXKMMl4AaABAg,comment,w_tCOgxXKwA,,False,@hectorheath9742,"Typical woman's review that addresses things that aren't important. I DON'T CARE if it 'turns heads'. And it's electric, with all the downsides that that brings. And who needs retractable handles? Spoken with the enthusiasm of a reviewer who doesn't live in the real world.",0,True
UgzWAlE0NX6iAvJovFt4AaABAg,comment,w_tCOgxXKwA,,False,@tankliluchuck,China is the future!,0,True
Ugw3wV5cjLsPWwUL-554AaABAg,comment,w_tCOgxXKwA,,False,@mauriceldisgreecanadahaspr9560,SHE BEAUTIFUL WOMAN NICE NICE CHINESE 🇨🇳 CAR 🚗 NICE DESIGN 😮😮😮🎉🎉🎉,1,True
UgzO6jGJdKI8sIhtr2l4AaABAg,comment,w_tCOgxXKwA,,False,@ryanm0ttz,8:10 women...,0,True
Ugw6mxTxaPElb6LlaFR4AaABAg,comment,w_tCOgxXKwA,,False,@beachcaster56,wait till you try and sell it. BS propaganda,0,True
UgzLhkSkdu9N_kSnm0h4AaABAg,comment,w_tCOgxXKwA,,False,@jimmyholster,I want this new UI update!!,0,True
Ugyvxx0we2EYN27D3UZ4AaABAg,comment,w_tCOgxXKwA,,False,@singng4100,我开唐，但是这车好像外面不卖，国内就随眼都见,0,True
UgxYJLuPB6XnQ0f98ut4AaABAg,comment,w_tCOgxXKwA,,False,@Bragg-WRC123,"I have a pretty good idea what a trolley is, but what is a welly?",0,True
UgwKs9W449BAKl618EJ4AaABAg,comment,w_tCOgxXKwA,,False,@sis-l1i,"Daddy, is our car a Chinese car? I'm not going to school.",0,True
UgzpLifa2JefpDhrWpV4AaABAg,comment,w_tCOgxXKwA,,False,@gingerbread6134,"Women are users ; they value cars on colors and seats, they have no clue about data collection...
Regrets will come later ladies...
Remembers peoples who sign for America Great Again ???",0,True
UgxLg_j-L1qL0aEVVDB4AaABAg,comment,w_tCOgxXKwA,,False,@doranhamilton7075,No spare?,0,True
UgzukpV6gWFllqmC29V4AaABAg,comment,w_tCOgxXKwA,,False,@advisorsandy2068,I thought  that  it would be (KNOCK-OFF CHEAP).I was so disappointed that you had to win the lottery to afford it.,0,True
UgyuP0L2cOIxQ-PJRdF4AaABAg,comment,w_tCOgxXKwA,,False,@bjcarew,"Lesson learned play with everything, thats what guys do",0,True
UgwYxTmhCoX3jZU2cyJ4AaABAg,comment,w_tCOgxXKwA,,False,@petergarver9152,"Great car especially in the cold -1 --3 degree. On a 550km trip trough Germany I got 200 - 250km on a charge with 130 km/h, and even with preheat of the batteries for 40 mins I topped the chargingspeed at 72kWh. Loking forward when my lease is out, then I will never get a car which can´t get atleast 400kWh charging speed under ideal conditions = (maybe 250kWh in the cold). It sucks so much sitting and waiting 40-50 mins for the charge to complete before I can continue. Zeeker or Xpeng do the job",1,True
Ugy9eRfCJ-UCGIO0fEV4AaABAg,comment,w_tCOgxXKwA,,False,@kh7736,My uber driver rocked up in this car I was pleasantly surprised extremely impressive car.,1,True
UgyHY-lyeeWs16iasCp4AaABAg,comment,w_tCOgxXKwA,,False,@ismailraja8734,BYD seal is super car..❤,0,True
Ugx3CadcnHn3-ZxPWQJ4AaABAg,comment,w_tCOgxXKwA,,False,@wallace6228,https://youtube.com/shorts/7xoD6hZZA2g?si=Dh9dmDArRcQ_KK7U,0,True
Ugyw0ZReYTSmIhXVSI14AaABAg,comment,w_tCOgxXKwA,,False,@jean-sebastienrichard7564,"World class channel, great review , excellent delivery and production.
You and your team are awesome!
Bravo!!!",1,True
UgxemKM-_o-0Z7J7tEV4AaABAg,comment,w_tCOgxXKwA,,False,@gabrielzhu,Voice control 😮,0,True
UgxrUuNqYkviWjdAdk94AaABAg,comment,w_tCOgxXKwA,,False,@hashgo-d7k,EV is future,0,True
Ugw7_FejdwQC9NPp7sJ4AaABAg,comment,w_tCOgxXKwA,,False,@qaching,"the shape is nice
but the headlights are so fugly
all of byd headlights are ugly as hell",2,True
UgwlPQSkiUiI6ww_XFR4AaABAg,comment,w_tCOgxXKwA,,False,@danryan4137,"Well, Well we get 50,000 Chinese e.v. Cars coming here to Canada. I am happy with This.I think it’s a good start. They make polestars in China and I’ve driven a 2 model and loved it tons,
This car looks awesome, great review.",0,True
UgyJmdkLcePL33uPuIZ4AaABAg,comment,w_tCOgxXKwA,,False,@NotInVegasMike,"The software is already laggy.. what's it going to look like 5-10 years from now? When your car is an iPhone on wheels, software updates are going to be more important than they are on traditional cars.",0,True
UgyCOddKZTs8b4Y7mWp4AaABAg,comment,w_tCOgxXKwA,,False,@louisds5509,Those seats look really comfortable and inviting.,0,True
UgzqNUZbESQF0qEu9il4AaABAg,comment,w_tCOgxXKwA,,False,@rosecityrollersband8644,Chairman Xi thanks you for your support.,0,True
UgzKvtPKcHtJuaewZsp4AaABAg,comment,w_tCOgxXKwA,,False,@rogerhampton2844,I booked a Grab taxi in Bangkok last year and one of these turned up! It instantly changed my opinions of Chinese cars. I love it.,6,True
Ugy0kfm5q2bcYAUuN054AaABAg,comment,w_tCOgxXKwA,,False,@youruiz,The phone charging issue is because you have a case on the phone. Take the case off and it will charge normally. I have the same problem in a Prius.,0,True
UgywBkr63Miw0ZIQxJl4AaABAg,comment,w_tCOgxXKwA,,False,@thisisthetruth-f6w,Looks like an EV6 from the front.,0,True
UgwNcWqbJPdVywF31194AaABAg,comment,w_tCOgxXKwA,,False,@billted3323,21:00      $48K   ?      HECCK NOOOOOOOOOO.       WHAT !       Way way too much.   Get a Kia for like $20K with 10 warrenty,0,True
UgzURhlEONQY_duJOM54AaABAg,comment,w_tCOgxXKwA,,False,@freshday777,lol good luck,0,True
UgzskDgojLhQIU59QzJ4AaABAg,comment,w_tCOgxXKwA,,False,@becoolenough,"It's so funny—among the Five Eyes, the US is the only one left that doesn't have Chinese EVs.",1,True
UgzskDgojLhQIU59QzJ4AaABAg.ASYn5jdwcRtAS_GjOYQWoI,comment,w_tCOgxXKwA,UgzskDgojLhQIU59QzJ4AaABAg,True,@billted3323,never knew about five eyes.,0,True
UgzcM7y2Rfailp-QQGZ4AaABAg,comment,w_tCOgxXKwA,,False,@xieulong,I'm more interested in the cheaper hatchbacks like the Dolphin.,0,True
UgzefDJpLqtQ-0CPOQl4AaABAg,comment,w_tCOgxXKwA,,False,@elijahyourdad3937,The car looks cool except the BYD logo.,0,True
Ugw3E2EzPqDtif25mYh4AaABAg,comment,w_tCOgxXKwA,,False,@damikco1,Nice knock off Tesla,0,True
Ugznd5vwIITZP147spJ4AaABAg,comment,w_tCOgxXKwA,,False,@iknowu9967,"It was because of Apple wireless charging technology, not compatible with BYD, if you try it with a Chinese smartphone, it is way faster than this.",0,True
UgyEWla8r-Q5BB7Bnv54AaABAg,comment,w_tCOgxXKwA,,False,@sab7tona,After sales customer service is terrible had so many problems with this piece of crap    STEER CLEAR,0,True
UgwJMHR2JPSC5aQ4rVt4AaABAg,comment,w_tCOgxXKwA,,False,@Wwareagle,Horrible audio quality,0,True
Ugyml8eZdCvm9qOlKYF4AaABAg,comment,w_tCOgxXKwA,,False,@dammitjim9131,You had me at 1:09 😂,0,True
UgzZGFd4HyTdoRdxhWJ4AaABAg,comment,w_tCOgxXKwA,,False,@TrafficTrainer-p9y,I think the only thing holding me down in buying Chinese cars is the spare parts availability and after sale services which very few people talk about.,0,True
UgwMu6jRrXjfIb0XrM94AaABAg,comment,w_tCOgxXKwA,,False,@pcmason,"In Australia we have the Essential, Premium and Performance models, I picked up a Premium 2024 with 20K on the ODO for $46K AUD!!! love it",2,True
UgxU-q782d26HP8qgO94AaABAg,comment,w_tCOgxXKwA,,False,@phcalama,I'm guessing your phone wasn't charging and getting hot because you weren't placing it in the proper area of the charging pad,0,True
UgyXDeGeVQfyGi3H65p4AaABAg,comment,w_tCOgxXKwA,,False,@thomascurran3687,How much did she pay for the car?,0,True
UgxMMhrIWzlXxZat0Jd4AaABAg,comment,w_tCOgxXKwA,,False,@pb8569,Good review but bad quality sound,0,True
UgwQhGyS6Wmc46uGV8p4AaABAg,comment,w_tCOgxXKwA,,False,@sdeee3842,Got a Seal  suv got on Saturday,0,True
UgxEXD0beIMGn9NBtEd4AaABAg,comment,w_tCOgxXKwA,,False,@PeloquinDavid,"No knobs (just a screen?) for climate controls?

No thanks!",0,True
UgyBtcqCmwiIlLD7dCN4AaABAg,comment,w_tCOgxXKwA,,False,@Anti-Spiral-Noticer,I skipped through this video and my god you need to make out of context compilations because nearly every skip was comedy gold,0,True
UgzEsYX3K17CYgbQjTR4AaABAg,comment,w_tCOgxXKwA,,False,@soijiro666,"what would you expect!? it is a f chinese car it a lot of flaws and craps. Never go chinese, europeans still do the best cars on market, chinese are just bad copies you dummy.",0,True
UgyrL66G3sv0oevzZMt4AaABAg,comment,w_tCOgxXKwA,,False,@pierred3348,Great honest review. Love the comments on details nobody else bothers to mention.,0,True
UgxHKyi3_JKBtBpxmNh4AaABAg,comment,w_tCOgxXKwA,,False,@stewart8737,I would never buy a panzer wagon from Tesla but the BYD is the one I'm looking forward to,1,True
UgzwMqfxcsq2_EAXKZl4AaABAg,comment,w_tCOgxXKwA,,False,@ProductionsPlus,"There is no single perfect car on the market, every brand make and model has there pro's and con's that said this video seems more of a sales pitch or influencer's paid advert. How about talking about unforeseen problems like what is happening in Australia for repair and parts availability, long wait times for repairs and spare parts, inconsistent customer service experiences, and reported software failures not to mention crazy prices on replacement parts..",0,True
Ugxpdqy9rxIH4E7SO_N4AaABAg,comment,w_tCOgxXKwA,,False,@JoshxDarnxIt,No One-Peddle driving is crazy. It's an EV. How are they missing that?,0,True
Ugy1_ZJ_z3Q0QNzJgjp4AaABAg,comment,w_tCOgxXKwA,,False,@johnnguyen699,Why can't we get these extreme Chinese EVs in California..... Sick and tired of Cheap boring Teslas........,1,True
UgzHfFDVb9uC_j-pj6x4AaABAg,comment,w_tCOgxXKwA,,False,@Justoneopinion1967,"Thanks for the review interesting car, with respect to the review content and its technical comparative value, don’t give up your day job",0,True
UgxrVFuW3oScOmghpbt4AaABAg,comment,w_tCOgxXKwA,,False,@frankieatworld7321,"If you are a HUGE person, you do not fit in the driver seat. BUT in the extreme smaller Dolphin you can. The Dolphin has still some physical buttons, while the Seal has just a laptop screen. Off topic: I stick to my Jeep 2016, I love it.",0,True
UgxFOiymos1R0wNd8al4AaABAg,comment,w_tCOgxXKwA,,False,@lefty-r6p,Anyone that owns an auto realizes it will get dirty and need to be washed. Majority of people are aware enough to know that black requires more washing as does any dark vehicle. Hilarious.,0,True
Ugzig5wBewNyd_qs8fx4AaABAg,comment,w_tCOgxXKwA,,False,@rewind1960,"Wow, 5 months.  What new car isn’t wonderful for 5 months.  Make another video in 5 years.  BYD doesn’t make cars to last that long.  Also, supporting a product from communist China which is destroying our automotive industry is horrible.  Guess you don’t care about your fellow citizens, only yourself.",0,True
Ugz0Oiz68i-UmsEHnId4AaABAg,comment,w_tCOgxXKwA,,False,@Secondwind2010,What is a trolley?   Shopping kart?,1,True
UgzRLds9AGm5dgfBHIp4AaABAg,comment,w_tCOgxXKwA,,False,@Secondwind2010,Looks like a Model 3.,0,True
UgxaiYXIerjppiXOhUJ4AaABAg,comment,w_tCOgxXKwA,,False,@JajobaGasoil,Beautiful car!,0,True
UgxL3sxKomczfFvG6y54AaABAg,comment,w_tCOgxXKwA,,False,@jimrotharmel,Voice control is cool.,0,True
UgzJoHxYZeIpRTeUoZB4AaABAg,comment,w_tCOgxXKwA,,False,@Dammit-Dawg,"I'm glad that we don't have those things over her in 'Merikkka.

Oh...",0,True
Ugwz34VOHsGTb1lTJWN4AaABAg,comment,w_tCOgxXKwA,,False,@mev202,"I really like the byd sealion 7, but I wish they'd made a smaller version of. The Atto's are too basic, I like the luxury feel of the 7, but in a smaller package.",0,True
Ugwz34VOHsGTb1lTJWN4AaABAg.ASKNLDVBdZeASKyGynnf6p,comment,w_tCOgxXKwA,Ugwz34VOHsGTb1lTJWN4AaABAg,True,@招兵买马-s6b,有sealion 06，但是没出口,0,True
Ugwz34VOHsGTb1lTJWN4AaABAg.ASKNLDVBdZeASL4Err8nD3,comment,w_tCOgxXKwA,Ugwz34VOHsGTb1lTJWN4AaABAg,True,@mev202,@招兵买马-s6b in the UK the Sealion 6 will be a plug in hybrid only when it launches,0,True
Ugwz34VOHsGTb1lTJWN4AaABAg.ASKNLDVBdZeASVLBXyFM7I,comment,w_tCOgxXKwA,Ugwz34VOHsGTb1lTJWN4AaABAg,True,@招兵买马-s6b,​@mev202在中国以外卖的sealion 6其实在中国国内叫宋plus，这款车2025年停产了只用来出口，真正的sealion 6是另一款外观完全不同的车，它有dmi和ev两种款式，如果你搜索中文的“海豹06”应该能看到,0,True
Ugzarqq-YGX1cva0gJB4AaABAg,comment,w_tCOgxXKwA,,False,@001sander2,"Seems odd that it doesn't have 1 pedal drive, a firmware update should do it 🤓",0,True
UgxweMmzc66J9j_tuTh4AaABAg,comment,w_tCOgxXKwA,,False,@RylanStorm,"2:20 ICE car owners: ""See? Completely cheap? Smash a supermarket trolley into them and they get damaged right away!""",1,True
UgwIksTyGmTbq_ADNP14AaABAg,comment,w_tCOgxXKwA,,False,@RylanStorm,"I had a very honest conversation with the dealer after purchasing my Seal AWD Excellence. In the UK, BYDs are typically co-located with Peugeot or Vauxhall dealerships and he was coming from the Peugeot dealership next door.  His main comment was that the biggest hurdle with the BYD cars is the fact it's a Chinese car and there are a lot of people who just cannot get over the idea that it's a cheap knock-off of a Tesla.  The result is that they get far less visitors than the Peugeot but sales are higher because the conversion rate is much higher.  Once people get into the showroom they've already moved past that ""Chinese Car Stigma"" and the car just sells itself. 

I got a pre-reg car registered in November. It was £10k lower than list price and is costing me less than £400 a month including maintenance.",0,True
UgwIksTyGmTbq_ADNP14AaABAg.ASK0zxT8H7XAVkn78OSfjY,comment,w_tCOgxXKwA,UgwIksTyGmTbq_ADNP14AaABAg,True,@HiruS22,Many Ford dealers are now converting to BYD,0,True
Ugwt1Pa10Vb9F1VEHHZ4AaABAg,comment,w_tCOgxXKwA,,False,@dabruinz,one pedal driving is not a good thing...what if you need to really stop and stop quickly?,0,True
Ugz0Plpb2_E0BI3mCuB4AaABAg,comment,w_tCOgxXKwA,,False,@HerbertLin-y2l,i love the quality,0,True
Ugy0o_YQl5cwGKEpfA14AaABAg,comment,w_tCOgxXKwA,,False,@nancylove8360,"Beautiful car, I want one!",0,True
UgwiNKrVMUbg0xuPkux4AaABAg,comment,w_tCOgxXKwA,,False,@Tvo-R,its weird to push forward to reverse and pull back to go forward lol,0,True
UgwiNKrVMUbg0xuPkux4AaABAg.ASJCVlCQyQ7AVkp2UVC5IB,comment,w_tCOgxXKwA,UgwiNKrVMUbg0xuPkux4AaABAg,True,@HiruS22,It's always been the norm in auto gearboxes for decades,0,True
UgyfQ4rem121nBOGMFN4AaABAg,comment,w_tCOgxXKwA,,False,@KowalBryon,"The shortcoming of byd is the chassis.Just like the Japanese car super weak,light,unstable.When you ride in a high speed,you're feel the vibrate and shaking just like boating make you pretty dizzy and the water of  stomach's gonna spurt out😂.That's so sucked,You should choose a expensive one not for cheaper.Germany and US car own the firm chassis",0,True
UgwHxOOuADKiTcooO4R4AaABAg,comment,w_tCOgxXKwA,,False,@SirRav73,"You are funny, thank you for this",0,True
Ugz9U-S3F9e1LuTgbd54AaABAg,comment,w_tCOgxXKwA,,False,@JohnChristopher-k7u,The first time I’ e ever been jealous……..of a car.🤢,0,True
UgxcYnQduW7gthJ7pcx4AaABAg,comment,w_tCOgxXKwA,,False,@PorkBellyFutures,"It's a great car but Amdroid Auto does not stay connected was up and running. It continually drops out. The music you are listening to stops as Bluetooth disconnects and then 10 seconds later restarts. It's absolutely sh1te. You have had this car for 6 months, you know this. Please be honest",0,True
Ugx0-VTu1mWTsO24RJF4AaABAg,comment,w_tCOgxXKwA,,False,@Truthbomb918,"Trump literally emphasised the word Iceland multiple times and Caroline gobbles, his propaganda clown, lied and expected people to not believe what they heard multiple times",0,True
UgzCPOI93E3gZVO3hsN4AaABAg,comment,w_tCOgxXKwA,,False,@meagainandagain5756,"What a beautiful car. Maybe the phone charger needs repair, or resetting, or rebooted?",0,True
UgzOzKxJEtq_7LBvjXh4AaABAg,comment,w_tCOgxXKwA,,False,@InterestRateCoaster,"Nice ride, changed my view about electric cars.",0,True
UgzL76rGDLEOBdpG8AR4AaABAg,comment,w_tCOgxXKwA,,False,@jackhuynh2489,Remove your phone case and your phone should charge faster,0,True
UgxRchV2RsRHnWTLi_N4AaABAg,comment,w_tCOgxXKwA,,False,@eye615x9,Look at all the positive comments I'm starting to get mad at my own government for being f****** b******,0,True
UgxLjdfPBc9WZePA1394AaABAg,comment,w_tCOgxXKwA,,False,@Blaze1204,"No one pedal driving, no heat pump, no pre conditioning, 150kwh charging. Why does this car get any attention? A used Tesla is better then this.",0,True
UgzwJsy48ZASEjI-sfp4AaABAg,comment,w_tCOgxXKwA,,False,@HighlandFace94,I can see your electrifying love with your BYD car. it is a great car really.,0,True
Ugz7GMuFq5ZLNe2h2Rd4AaABAg,comment,w_tCOgxXKwA,,False,@jiankang7261,"you can fit a adult women in the trunk, perfect for a murder haha xD",0,True
Ugzsq1hQRAiOIG-CWYN4AaABAg,comment,w_tCOgxXKwA,,False,@kindface,"Wow, high praise.
(And I could see you had no reservations about it, none, wow.)",0,True
Ugw98Wgxmo3DL3_FA_l4AaABAg,comment,w_tCOgxXKwA,,False,@babjikarri4432,"You're bonkers, you, Nicola 😆",0,True
UgyRlnPt4J_3fajRYKV4AaABAg,comment,w_tCOgxXKwA,,False,@TrueJustice-b1f,Is it seal 5 2025 model,0,True
UgzmH2t8hkJin1-UIlF4AaABAg,comment,w_tCOgxXKwA,,False,@interiorsretailfacts,Welcome BYD to Canada soon! Can't wait to buy one!,1,True
Ugz61Ca-7cyBdyC_ft54AaABAg,comment,w_tCOgxXKwA,,False,@fisher8321,"take my money, and get out of my car!😂",0,True
UgxxWtIaatQ_aX6rqGJ4AaABAg,comment,w_tCOgxXKwA,,False,@robertclark5930,You are a hoot!   What a wonderful review..thanks,1,True
UgxRMTX9bTyqTqP1frN4AaABAg,comment,w_tCOgxXKwA,,False,@mcakey1648,Great review. You are delightful.,0,True
UgxSwTqVOs0nDdfeCgh4AaABAg,comment,w_tCOgxXKwA,,False,@johnpatrick4706,Buy one and sell your soul and country down the primrose path!,0,True
UgxcpmWynRAG8ORzYhx4AaABAg,comment,w_tCOgxXKwA,,False,@ramblerandy2397,"I hear that Jeremy Clarkson called the Seal as boring as wallpaper [paste?] He's always been a pillock. No change there, except he's older and even more of a pillock [if that's possible]. Not everyone wants to have their hair standing on end 100% of the time. Comfort, ease, features, count for a lot.",0,True
UgzLArN4NtQi7m1g8Bl4AaABAg,comment,w_tCOgxXKwA,,False,@loztbwoi1358,Being interested by a basic android setup interface is hilarious. Iphone people stay cracking me up😂,0,True
UgzHMv_vetT62twkJF14AaABAg,comment,w_tCOgxXKwA,,False,@bergkampmagoo5964,What a crying shame that 🇺🇸 consumers will never have the opportunity to buy a BYD  .,0,True
Ugxch7H16Kerv-p-S0B4AaABAg,comment,w_tCOgxXKwA,,False,@osuan9,BYD Seal yesss..,0,True
UgzKrhCchtAcu9qcJ1x4AaABAg,comment,w_tCOgxXKwA,,False,@alanclarke2503,"Nicola, is a real professional, love all her vlogs , they are soooo good, what a bundle of fun you really are.",5,True
Ugzcm87TcVxv5dG4uHF4AaABAg,comment,w_tCOgxXKwA,,False,@lauronyungwirth8065,"I have seen literally hundreds of byd vehicle haters- starting on fire, breaking down, rusting  problems, extremely bad service and NO warranty.",0,True
UgzFUNq19xp33wuNN_94AaABAg,comment,w_tCOgxXKwA,,False,@lauronyungwirth8065,"Do not comment after 6 months- lets hear reviews from 5 yr,10 yr,15 yr owners that recommend the byd.",1,True
Ugx0BWRoqPxJC8A0zUp4AaABAg,comment,w_tCOgxXKwA,,False,@1uglyfokker,The big question...How much does it cost to replace the battery when it wears out?,0,True
Ugx0BWRoqPxJC8A0zUp4AaABAg.ASBdn5onZv7ASFmUForwy6,comment,w_tCOgxXKwA,Ugx0BWRoqPxJC8A0zUp4AaABAg,True,@Anonymous------,By the time the battery needs to be replaced the price will be the same as a brand new model better car. 😂,0,True
UgyOiwHMEEDvoLRArN54AaABAg,comment,w_tCOgxXKwA,,False,@bobshaw2232,i don't trust paid influencers,0,True
UgyOiwHMEEDvoLRArN54AaABAg.ASBRvgQcX4-ASFm_gvjt_Z,comment,w_tCOgxXKwA,UgyOiwHMEEDvoLRArN54AaABAg,True,@Anonymous------,I don't trust paid trolls.,1,True
Ugz97DOzjX6Xpx8NXLJ4AaABAg,comment,w_tCOgxXKwA,,False,@Skyhawk1480,Canadian here. I'm looking forward to the freedom of buying these vehicles here soon.,13,True
Ugz97DOzjX6Xpx8NXLJ4AaABAg.ASBGlqurkZHASCc6ji_7N6,comment,w_tCOgxXKwA,Ugz97DOzjX6Xpx8NXLJ4AaABAg,True,@powerrising4933,"4.9k is not a large number,you'd better be quick",0,True
Ugz97DOzjX6Xpx8NXLJ4AaABAg.ASBGlqurkZHASChqjUaW0f,comment,w_tCOgxXKwA,Ugz97DOzjX6Xpx8NXLJ4AaABAg,True,@Skyhawk1480,"@powerrising4933 It's 49k, and represents about 50% of EVs sold in Canada in our best year. EVs still aren't very popular here, and Canada's population is small in comparison to its geography.",3,True
Ugz97DOzjX6Xpx8NXLJ4AaABAg.ASBGlqurkZHASFmkKjz_HZ,comment,w_tCOgxXKwA,Ugz97DOzjX6Xpx8NXLJ4AaABAg,True,@Anonymous------,"​@powerrising4933
49,000 cars already sold out, now taking orders for next year. 😂",1,True
UgwSzclNWAq8_hevc894AaABAg,comment,w_tCOgxXKwA,,False,@garyo475,"Beautiful car, I want one so bad in the USA",1,True
UgyjnUPgoTbHeOFyIqB4AaABAg,comment,w_tCOgxXKwA,,False,@Tbcp1313,Should see this soon in Canada. Looking forward to a test drive.🇨🇦🇬🇧,1,True
UgyjnUPgoTbHeOFyIqB4AaABAg.ASB0v4134K7ASBYVuXNAfy,comment,w_tCOgxXKwA,UgyjnUPgoTbHeOFyIqB4AaABAg,True,@wonmoreminute,I think preorders will hit the 49K limit on China’s EVs within a day or two. It’ll probably be another year or two before most people can get their hands on one.,1,True
UgwYedrXzXiT737ye6J4AaABAg,comment,w_tCOgxXKwA,,False,@Avarua59,I laughed at the bit about using the door handle as a stress ball.,0,True
UgyeUyriLhKTQXCJWhx4AaABAg,comment,w_tCOgxXKwA,,False,@jaysonrt9546,Have you tried autopilot on it?,0,True
UgwuHt0_HFZX0zPCLqR4AaABAg,comment,w_tCOgxXKwA,,False,@ben0nib0y,But made by serfs of the CCP,0,True
UgwuHt0_HFZX0zPCLqR4AaABAg.AS9crKqcGMlASBKlihFQAh,comment,w_tCOgxXKwA,UgwuHt0_HFZX0zPCLqR4AaABAg,True,@YXZ-ry3kr,"I guarantee that if you have anything made in China on you or in your home, please throw it away immediately.",2,True
UgwuHt0_HFZX0zPCLqR4AaABAg.AS9crKqcGMlASBNZfeFf-A,comment,w_tCOgxXKwA,UgwuHt0_HFZX0zPCLqR4AaABAg,True,@ben0nib0y,"​@YXZ-ry3krwith many things there is often no choice but to buy CCP-made. With cars there most definitely is. Personally, I go out of my way to not buy CCP-made (admittedly, not always possible), whatever the cost.",0,True
UgwuHt0_HFZX0zPCLqR4AaABAg.AS9crKqcGMlASBOvYGaWRy,comment,w_tCOgxXKwA,UgwuHt0_HFZX0zPCLqR4AaABAg,True,@YXZ-ry3kr,"@ben0nib0y What does ""no choice"" mean? Does it mean you have to buy ""Made in China""? Can't you live a simpler life? If a non-Chinese pot is three times more expensive than a Chinese pot, you should buy it. If only Chinese pots are available and there are no other options, then you shouldn't cook. It's a pity that you've bowed to lofty ideals for the sake of reality!",1,True
UgwuHt0_HFZX0zPCLqR4AaABAg.AS9crKqcGMlASBPX6V4PpW,comment,w_tCOgxXKwA,UgwuHt0_HFZX0zPCLqR4AaABAg,True,@ben0nib0y,​@YXZ-ry3krrelax. I do pay more to buy non CCP-made - sometimes a lot more. I don't care. There are occasions where the only option is CCP-made. Then I'll buy that product.,0,True
UgxUerWGVtM56MYY4dF4AaABAg,comment,w_tCOgxXKwA,,False,@garyunis,"For your phone charging, try removing the case and see if that helps. I had a similar issue with a wireless charger on my iPhone, the fix was a magsafe case.",1,True
Ugx4KGuLOPriPDh2OA14AaABAg,comment,w_tCOgxXKwA,,False,@TratzPatratz,Watching this video in anticipation as Canada just dropped tariffs and we'll be getting BYD cars.  OH YA BUD!,1,True
Ugyd3SHUxJdjS7KIeSt4AaABAg,comment,w_tCOgxXKwA,,False,@andrestamour9110,"They are finally coming to Canada thanks to our Prime Minister Mark Carney 49, 000 are being sent for now . But Conservative Primer Doug Ford and Pierre Poilievre both crying like a baby.",2,True
UgxUodFOM9W0hbXvSPV4AaABAg,comment,w_tCOgxXKwA,,False,@paulnapier2636,"I love this review... might be you, you're hilarious 😊",1,True
Ugxk8myiSAobPQLI85V4AaABAg,comment,w_tCOgxXKwA,,False,@shadowlessbeam8124,"When is winter and icy, would the door handle stills function ?",0,True
UgxtdLLYOK-MfwK5v754AaABAg,comment,w_tCOgxXKwA,,False,@Kwippy,"So you can get one of these at a price subsidised by Chinese tax payers, or you can give your money to Elon Musk, get a Tesla and drive around looking like a knobhead",0,True
UgySCCGbZd4YR1Ij15Z4AaABAg,comment,w_tCOgxXKwA,,False,@chao-k7t,看你们介绍时都没提到外放电功能，是平常都没用到还是不知道有这功能,0,True
UgwCD6CVWAZNd8t7GcF4AaABAg,comment,w_tCOgxXKwA,,False,@jessedanieljames,Handles do they freeze shut in cold weather?,0,True
UgzdPzhPhkekl0w-Uol4AaABAg,comment,w_tCOgxXKwA,,False,@Habs4life41,"These should be easily available in Canada by...2028?

Just hope my 07 Honda CRV holds up a few more years lol I definitely want one of these.",3,True
UgxM4yEwp6xf1jZj8JZ4AaABAg,comment,w_tCOgxXKwA,,False,@toli2270,the car so low makes me worried i will scratch the bumper easily,0,True
UgxkQJwm8JzgFlr3Zz54AaABAg,comment,w_tCOgxXKwA,,False,@fedup-j8i,Wish we could have it here too in Canada !,20,True
UgxkQJwm8JzgFlr3Zz54AaABAg.AS3aCBso1fNAS4DixHfjQb,comment,w_tCOgxXKwA,UgxkQJwm8JzgFlr3Zz54AaABAg,True,@FayfayJu,"we most likely would, but it would likely be sold out within a day, if i am being generous.",6,True
UgxkQJwm8JzgFlr3Zz54AaABAg.AS3aCBso1fNAS4ztvuJckA,comment,w_tCOgxXKwA,UgxkQJwm8JzgFlr3Zz54AaABAg,True,@airth999,Canada will be soon! Say thanks to Carney!),7,True
Ugwi2T3xuwpRlbPVlfl4AaABAg,comment,w_tCOgxXKwA,,False,@jesuschrist-ig2zz,"It's chinese, and that basically covers the fact it's not going to last,   just because it looks cool and you might get a fast 0 to sixty with a brilliant spec does not mean it's going to manage high mileage  without any problems,   please check all reviews before buying any Chinese car,  you will surprised with all the problems Chinese cars have,  stick with Japanese or Korean cars for trouble free mileage  you've been warned 😉",1,True
Ugwi2T3xuwpRlbPVlfl4AaABAg.AS3LVsx_BA5AS7bxcL4f6J,comment,w_tCOgxXKwA,Ugwi2T3xuwpRlbPVlfl4AaABAg,True,@アーロン亭ジャッジ,7年の保証があるよ,0,True
UgwGCNkyh6ZqXQf1XRh4AaABAg,comment,w_tCOgxXKwA,,False,@hugolizard,48k pounds? It costs half of that where I live…,0,True
Ugw51VK-Q_gyhsM5qPV4AaABAg,comment,w_tCOgxXKwA,,False,@Shadowboxer2001,"I like the BYD. Security folks in the USA tell us there are security concerns. (part of China's grand plan?) Not a concern with me here in California. But-alas-I live in Trumpville. 100% tariff. I bought 1000 shares of BYDFF, which is the ADR equivalent of the Chinese shares.  I can at least let BYD's European and Asian success work for me. Too bad we can't have it. Very nice ride indeed.",1,True
UgyDtXdaELZ9aYZ_dkx4AaABAg,comment,w_tCOgxXKwA,,False,@gazmania6752,Great video Nicola. My friend has the same car and loves it. Did yours come standard with the blade battery. I don't think his car has that. You are fun and interesting! Keep up the good work 😄,0,True
UgzCT4enfi-VkiffL_54AaABAg,comment,w_tCOgxXKwA,,False,@Gts2pro,Presenting is great … seen lots of car vids and this is very professional in my opinion…. Cool. I have subscribed,1,True
UgzCT4enfi-VkiffL_54AaABAg.ARyxPLOdcKMAS-LDfx79C1,comment,w_tCOgxXKwA,UgzCT4enfi-VkiffL_54AaABAg,True,@Electrifyingcom,Thank you! And thanks for subscribing 🙏🏻⚡️,0,True
UgzJm5WeSGkO0y32V854AaABAg,comment,w_tCOgxXKwA,,False,@juancarloarce2335,Any spare tire?,0,True
UgwBiZM8vmKvvpvO_9l4AaABAg,comment,w_tCOgxXKwA,,False,@ParetoEmperor-jp6ke,"affordable powerful EV in the market, but need longer distance in the future of models, but the current models are great looking",0,True
UgxBcwcJuOzFgXXkDTZ4AaABAg,comment,w_tCOgxXKwA,,False,@cal87249,"hey 🤣 im italian 38 years old guy, watching you from italy, you are so funny and also beautiful 😊",0,True
UgzgjQTfbf3VTKiCsWV4AaABAg,comment,w_tCOgxXKwA,,False,@SantinoTrackmania,"Love your reviews. Professional and funny at the same time, Thank you. I have a Pug 2008 and its up for renewal, and I'm looking for a replacement. Not sure about the boot space, but other than that, it looks super. You kissed the car.  That was funny.",1,True
UgwXcb2dSUTsJ3LAXX14AaABAg,comment,w_tCOgxXKwA,,False,@jonekone3769,Feedback: In these long-term reviews. Could you also review any Mobile app related to the car? Its a big part of living with an ev. Also. Please state 10-80 % average kWh. Charging curve is more important than the peak kW.,0,True
UgyXOiaXmicoSaqFf8h4AaABAg,comment,w_tCOgxXKwA,,False,@domualex,300km range on motorway...no thank you,0,True
UgyXOiaXmicoSaqFf8h4AaABAg.ARqGDmCNHaFAS8EyyREoVy,comment,w_tCOgxXKwA,UgyXOiaXmicoSaqFf8h4AaABAg,True,@TheCarAnalysis,😂,0,True
Ugzepj6tcH5ahI1GVj54AaABAg,comment,w_tCOgxXKwA,,False,@matklm,Would be nice to know how much it cost to repair the broken rear light,0,True
UgwnavXfyWBDzt9qne14AaABAg,comment,w_tCOgxXKwA,,False,@stubborn.turtle,"Quick note. You might want to check your audio quality. In some sections it is muffled, low volume, and crackled.",0,True
Ugx3RCzY6R3uB7s3cnF4AaABAg,comment,w_tCOgxXKwA,,False,@seanbeaney2929,Great Review and Mine arrives next week so excciiiiitteddddddd,0,True
Ugxd-HWS4usvR5u4Z_N4AaABAg,comment,w_tCOgxXKwA,,False,@ricosebeke1105,Just watched the ioniq 6 n review and now this and I luuuuuv ur style of reviewing. it has so much energy,0,True
Ugwuofgck6jtmJKn4aR4AaABAg,comment,w_tCOgxXKwA,,False,@sunx2024,"I believe the ""ticky"" turning signal can be customised too. I remember I saw it in the manual. Great review!",0,True
UgzuIzR8strNc6tAHAt4AaABAg,comment,w_tCOgxXKwA,,False,@yusufbhaimia1987,I think Top Gear has just found its new presenter! 🙌🏽,0,True
UgwSc4VciBzxYdKZ6Sl4AaABAg,comment,w_tCOgxXKwA,,False,@redstrat1234,"Imagine on a busy motorway, traffic all over the place, trying to find your heater settings on a touchscreen ? 
No thanks, give me knobs and switches. I don't even have to take my eyes off the road to adjust aircon, heater, airflow, demist etc, try that with a touchscreen...",0,True
UgwSc4VciBzxYdKZ6Sl4AaABAg.ARbQdootAhQAVkph_DCw5w,comment,w_tCOgxXKwA,UgwSc4VciBzxYdKZ6Sl4AaABAg,True,@HiruS22,"Never understand why some people change their heater settings while on the move. If your car has climate control, set the temperature you want to be and it will cool or heat to maintain that temperature. I set the temperature to 19º in my Volvo when I bought it and haven't touched it in 2 years",0,True
UgzoMlvpSuvuvtSijyh4AaABAg,comment,w_tCOgxXKwA,,False,@MrPalmersong,"Great review. Other reviewers should watch this and see how to give a real life enjoyable informative review. I’m considering this car as a future option, influenced by this review. Well done Nicola, keep up the good presenting. 👍🏾",0,True
Ugwv911HribLGVSJY9x4AaABAg,comment,w_tCOgxXKwA,,False,@ME13RIC,"Buying it is the best part, everything after is suffering.",0,True
UgzvKMuwum3r1FM5n-d4AaABAg,comment,w_tCOgxXKwA,,False,@oinamronenzaaa4923,Byd❤❤❤,1,True
UgyrPhxQAA_S_D7Q85V4AaABAg,comment,w_tCOgxXKwA,,False,@kevinjones7732,It may be great car when it leaves the showroom but trying to get spare parts for Chinese cars is impossible.,0,True
Ugxu27Y5hnMAEWQkDSJ4AaABAg,comment,w_tCOgxXKwA,,False,@roboksroboks,"Nice commercial BYD. The truth is different because, apart from the excellent materials inside, the BYD Seal is starting to fall behind the competition technologically because it has high energy consumption, DC charging is not fast, it doesn't even have matrix lights, and it costs as much as premium brands. Tesla Xpeng, VW or Mercedes, and recently BMW are economical, charge quickly, have matrix lights, and a great finish.",0,True
UgyT8gAMdNtlcW5qGFN4AaABAg,comment,w_tCOgxXKwA,,False,@madmad932,i like chrome for windows,0,True
UgwF8BpLSsAa17sWY714AaABAg,comment,w_tCOgxXKwA,,False,@mijbril8330,"Coming on 2 years with my Performance Seal now, love it. I chose to get it as a novated leave here in Australia just to see where batteries go over the next few years, the car itself is superb. Something ike the Xiaomi SU7 might be available here by the end of the lease, but I'll certainly look at what BYD have on offer as well. The wireless charger works fine for my partners mobile by the way.",1,True
Ugzce-7SYLSrliA-1kR4AaABAg,comment,w_tCOgxXKwA,,False,@DonKerleone1,"Hi Nicola, watched this video twice and convinced to order one until I seen your other video on the MG IM5. So, of the two, which would u go for based on having driven both and got to play with all the tech. Thanks",0,True
UgxH-wjk7uX2wXOkWXt4AaABAg,comment,w_tCOgxXKwA,,False,@b2unoo7,The cupholder one was cringe... I found that on car test in seconds 🫣😂,0,True
UgxbPMz8oi9Hal_cihR4AaABAg,comment,w_tCOgxXKwA,,False,@rogerfroud300,"Something about those range numbers doesn't make sense. The Kia EV3 has an 81.4KWh battery and WLTP range of 375miles. That's a lot more than the Seal, yet it's a chunkier car. Maybe the BYD drive train isn't that efficient, or those good looks don't acutally deliver a very low Cd.",0,True
UgzjoZ7VZu1zsf7XidN4AaABAg,comment,w_tCOgxXKwA,,False,@whitewatercsgo,"I have a mild form of the same phobia. But I do wanna buy BYD as well. Though, I'm thinking of going with the Design instead 🥲",0,True
UgykMsQN9jrnBq9rjZ14AaABAg,comment,w_tCOgxXKwA,,False,@Paulssock,its nice apart from that interior.,0,True
UgxQVpXqkpsN2tOHnlZ4AaABAg,comment,w_tCOgxXKwA,,False,@chaneesahmed7851,What mileage do you get on full charge,0,True
Ugx0orrAj7m6pdJCfSN4AaABAg,comment,w_tCOgxXKwA,,False,@BigLew-q4d1h,Way too small.,0,True
UgwvdErCr9Mftn4Ws0h4AaABAg,comment,w_tCOgxXKwA,,False,@BigLew-q4d1h,It looks like China copied the rear end of the Tesla model Y. Why do Chinese steal everything ?,0,True
UgwU3owQST4isvcGM2F4AaABAg,comment,w_tCOgxXKwA,,False,@RichardWilliams-u3s,"Paid promotion. Outside nice property. Reality would be. Council estate, on Mobility contract. No one is going to pay with their own money. Private buyers rarly purchase BYD.",0,True
UgwuZjueXmogwl66J_t4AaABAg,comment,w_tCOgxXKwA,,False,@kristoffergo6973,I test drove this car. Man what a shitty steering this has.,0,True
Ugw_VU08JJH09DO0tOV4AaABAg,comment,w_tCOgxXKwA,,False,@florflor-i5h,do the world a favour and move to china,0,True
UgxTi0nsUpOtJFEV7-p4AaABAg,comment,w_tCOgxXKwA,,False,@peterlee-vw7kt,It's too big fot our roads. How about making a beatiful 4 meter car. Much more difficult!,0,True
Ugzodg4R66cSbrZzG9l4AaABAg,comment,w_tCOgxXKwA,,False,@fungooloo12,"Jeepers, why is this so expensive in the UK? Here in Australia this is equivalent to 32000 pounds, just $63000 AUD drive away.",0,True
UgyHTjDiuOnd8zfkuYF4AaABAg,comment,w_tCOgxXKwA,,False,@RMLorex,Amazig presentation! You are lovely!!,0,True
UgyVj3jXDW5otgV5gdJ4AaABAg,comment,w_tCOgxXKwA,,False,@huwgrossmith9555,Where's the spare,0,True
Ugx1JxRqqlVfPxXQu3F4AaABAg,comment,w_tCOgxXKwA,,False,@alionachertash9103,Love this woman 🎉,0,True
Ugwgir35b53gy80HbDJ4AaABAg,comment,w_tCOgxXKwA,,False,@mofya_gabriel,Gotta love bloppers😂,0,True
Ugxy_t5vl0EYIP5UeVx4AaABAg,comment,w_tCOgxXKwA,,False,@keirbarber5202,Cover the holes with speaker foam covers,0,True
Ugw2W4pHsjJTyllxx354AaABAg,comment,w_tCOgxXKwA,,False,@charliespring,Why BYD seal aboard has a better looking than in China.,0,True
Ugx1_-pmJMXyV-BTCIF4AaABAg,comment,w_tCOgxXKwA,,False,@Trackcar-ing,"I watch sooo many reviews and rarely stay; get bored, but here I am right to the end, and don’t even need an EV, nice work there Nic.",1,True
Ugy2sKPCD0fnb_UnRMB4AaABAg,comment,w_tCOgxXKwA,,False,@GulfOfMexico-efDT,How much did BYD pay you to speak highly of their car?,0,True
UgzXZ2_cQlkRdC8rCJF4AaABAg,comment,w_tCOgxXKwA,,False,@蘑菇头-v4h,What? Has BYD already started selling cars in the UK? Is it because the UK left the European Union that BYD can now sell there?,0,True
UgwZnk82-MlWj6wKUmR4AaABAg,comment,w_tCOgxXKwA,,False,@gyujiko,Battery life is a big lie.,0,True
UgyxWqEPn6mB00R3N6l4AaABAg,comment,w_tCOgxXKwA,,False,@KevsArtStuff,"I got a Tesla but my lease runs out soon and I am defo getting rid of it. I don’t like HIM. Any way, I want one of these… I’m excited… it even looks better ✌️",0,True
UgwvWEdwlFWhF5VaJBx4AaABAg,comment,w_tCOgxXKwA,,False,@gsnyder2007,"Oh, making me wish I had one. Damn you!!!",0,True
UgxRuPQ4XqXBIwgosdt4AaABAg,comment,w_tCOgxXKwA,,False,@bojanvukobradovic2504,Whats the price of that car?,0,True
UgwPce64wDMYEhy1t8Z4AaABAg,comment,w_tCOgxXKwA,,False,@bojanvukobradovic2504,Everyone finds some flaws in the cars 😂😂😂😂Fingerpts😂😂😂But for that price ....Cheap crap Chinese car😂😂😂,0,True
UgwD6_KgQ2Tzs59b6np4AaABAg,comment,w_tCOgxXKwA,,False,@Jrb_Chef,Wow 48K! I live in Thailand and I just bought one last week and they are 24K here,0,True
UgzoNyDyHquEyacoY6h4AaABAg,comment,w_tCOgxXKwA,,False,@c_a_l_i_n8712,do you choose a car for having some themes on a screen or for the pleasure of driving? for gimmick just buy a laptop. peace,0,True
Ugz_bHZeKDT-l0hcqJ94AaABAg,comment,w_tCOgxXKwA,,False,@calnononsense,Waffle waffle waffle,0,True
UgzTrwLVfuVE8fneFfV4AaABAg,comment,w_tCOgxXKwA,,False,@kapucheen,"All I could think of when you mentioned the reflection in the badge was ""is that what my 'on top' face looks like?""  🙂",0,True
UgynVEohVCWTB1a4W894AaABAg,comment,w_tCOgxXKwA,,False,@zlatko60,"I watched this, test drive it! Now I have it on order!!!",41,True
UgzVdJvewAXv3lCBv1V4AaABAg,comment,w_tCOgxXKwA,,False,@Elliot-io4li,I daily in this to feed my v8 and v6 jags for the weekend. Ironically the seal is the fastest car in the fleet.,0,True
UgyiMCpFZ8gmcZB4gIZ4AaABAg,comment,w_tCOgxXKwA,,False,@ivansa9669,"The sound is different, new mic?",0,True
Ugxk_z0dYJ1ALItp21F4AaABAg,comment,w_tCOgxXKwA,,False,@shen7256,The styling on the front isn’t great imo. A bit fussy.,0,True
UgzOb2NNPyz4MpM7nXd4AaABAg,comment,w_tCOgxXKwA,,False,@supagirusupagiru9932,I think black is the best color for seal,0,True
UgzblILjlCvVyxZpDgd4AaABAg,comment,w_tCOgxXKwA,,False,@muratozioz,Talk to me in a few years when reliability can truly be judged.,0,True
Ugz8Ytuqs7N1-jJ5UlB4AaABAg,comment,w_tCOgxXKwA,,False,@greami,Chinese cars collect your information,0,True
Ugz8Ytuqs7N1-jJ5UlB4AaABAg.AQUBZFbn6fjAQWMjtRZWFr,comment,w_tCOgxXKwA,Ugz8Ytuqs7N1-jJ5UlB4AaABAg,True,@rajeshVengadesan,So does american ones,1,True
Ugz44Y1g9eyZUIby8UF4AaABAg,comment,w_tCOgxXKwA,,False,@LifeWithSander-xc5jq,"All of you car testers listen up!!! Not one of you tests a car under bad driving conditions. Meaning not the roads but the weather. Let's see some tests under a rainy, foggy, day, mostly a hard rain. I'd like to see how the interior handles the moisture on the windows. Let's see how the defrosters work!! These are important safety factors. Let's see how the windows remain clear and dry inside the car when an awful rain is coming down.",0,True
UgzyntuCSPHE_1U72hR4AaABAg,comment,w_tCOgxXKwA,,False,@jackoneil3933,"Hopefully your experience will be better than a couple of BYD ownership videos that appeared next to yours... 
- '18-Month-Old BYD Seal Becomes Undriveable'
- 'Top 5 BYD SEAL Problems After 20 Months – One Issue Emptied My Wallet'",0,True
UgxI5TPb8xSTI24nZ-t4AaABAg,comment,w_tCOgxXKwA,,False,@ConeDaRagusa,"and is the ""bad quality of car sheet metal"" a bs ?",0,True
Ugyu7ySt-ROLiSKO9i54AaABAg,comment,w_tCOgxXKwA,,False,@chalesmeyers2727,Kinda ugly,0,True
Ugz5yrq55kxVmwa279Z4AaABAg,comment,w_tCOgxXKwA,,False,@vitalish.3116,"Still very old specs. ( must sell old stock from 2 years old, dash in China already changed more then a year ago ) not so efficient and less suspension then a Model 3, tested in Europ).",1,True
UgxzndYEmyGBnrpxfK94AaABAg,comment,w_tCOgxXKwA,,False,@mikefoley360,How much ate the communists paying for this shite,0,True
Ugx83ArPmRavwg8stFN4AaABAg,comment,w_tCOgxXKwA,,False,@donlow7036,"I love my 2025 Australian model Seal. The best car I've ever owned. You can change the noise of the turn signal in one of the menus. 
The automatic voice activated sliding panoramic sunroof sunshade is Australian is a blessing, it can cancels out the heat in summer. 
Great car.",54,True
Ugx83ArPmRavwg8stFN4AaABAg.AQOagy65DmZAUq0YuLwJZs,comment,w_tCOgxXKwA,Ugx83ArPmRavwg8stFN4AaABAg,True,@mrkeopele,that outside noise for pedestrians was a surprise i hadn't thought of but totally understandable in the transition,0,True
Ugx83ArPmRavwg8stFN4AaABAg.AQOagy65DmZAVdR553XTeR,comment,w_tCOgxXKwA,Ugx83ArPmRavwg8stFN4AaABAg,True,@sealjune,"슬라이딩 파노라마 썬루프는 seal 페이스 리프트 모델에만 있는 사양입니다
BYD 에서는 공식적으로 아직 해외에 페이스 리프트 차량을 판매할 계획이 없다고 발표 했었습니다 

당신은 어떻게 그 모델을 가지고 있나요 😮😮",1,True
Ugy0RAu89Zub7lxoIvV4AaABAg,comment,w_tCOgxXKwA,,False,@xecty2155,Feels like I am watching a paid ad...,1,True
Ugz0NRolV1273WI7VrB4AaABAg,comment,w_tCOgxXKwA,,False,@VillasViaLactea,"I have a Byd seal U design in Spain, since 7 months,
Love the SUV very smooth , no issues at all, people think it’s a German brand by the ones who don’t know much about cars , it’s very impressive, I pay for a lease here, 4 years, 550€ all inclusive, no deposit 15000km PA included, once you get one of these you’ll never go back to gasoline, by the way , this is fully electric, so no paying for fuel, just charge every 5 days, very low tariff at night, about 45€ a month v gasoline 230€ a month",0,True
UgyS383qBd9OgniRCCl4AaABAg,comment,w_tCOgxXKwA,,False,@akaoveve,"Thank you! Can you also test the BYD seal 6 dm-i touring, please?",0,True
Ugx0mF8cMQ1pVVZUy6d4AaABAg,comment,w_tCOgxXKwA,,False,@yungwill9179,"Cupholder in GWM Bakkie is the same😢 hate it and the wireless charger did the same for my iphone, hit nothing",0,True
Ugx7RZTArWRen9XcUD94AaABAg,comment,w_tCOgxXKwA,,False,@scrimsmustang,"BYD seal, one of the worst unreliable EV ever made. BYD after sales and service are unbelievable bad. Having said that what do you expect from an Ali express car lol. Be worth at least 40 quid in a few years time",1,True
Ugwz-wV-0fd1y6VQ0p14AaABAg,comment,w_tCOgxXKwA,,False,@bumblerbumble9843,"Half that price at the moment in Thailand. About £23,000.",4,True
Ugwk-eHeM9F2gu8SnRN4AaABAg,comment,w_tCOgxXKwA,,False,@Skiridr22,That frunk can only hold a six pack of beer 😂😂,0,True
UgyD0KeZcPXovNhUP8J4AaABAg,comment,w_tCOgxXKwA,,False,@Skiridr22,Dang! She’s a beauty 😢,0,True
UgwvHaYV68UQfOcU0Rt4AaABAg,comment,w_tCOgxXKwA,,False,@elysian-creation,try to remove your phone case when you charge your phone.,0,True
UgwX1U9zySk6NxGOWx94AaABAg,comment,w_tCOgxXKwA,,False,@randomviewer2679,"Just a tip for byd owners:
Three fingers swipe to the left/right adjusts ac fan speed
Three fungers swipe up/down adjusts ac temps",4,True
UgwMalbPidH1ypc464F4AaABAg,comment,w_tCOgxXKwA,,False,@bige8549,Sounds like an amazing alternative to the Model 3. Thanks for the detailed and entertaining review!,7,True
Ugxmiz1WcGiJbBab9Zd4AaABAg,comment,w_tCOgxXKwA,,False,@Justice-Zcjh,Very nice car you have. I envy you 😄,0,True
Ugwdw2rs1DgBZuOByTV4AaABAg,comment,w_tCOgxXKwA,,False,@andysutton558,"Hi Nicola, fabulous review. I was persuaded and then looked at the insurance group…50D! Worth potential buyers being aware of.",0,True
UgybTnNvuXWnDzHIIq94AaABAg,comment,w_tCOgxXKwA,,False,@HenryDjunaediOnline,"My company chose the lower version for executives, so I see them every day in the parking lot. The design never bores me, I love it. Although personally I like the Sealion 7 more, it may suit your dogs better too. Once I was told a story about this car, when it had an unfortunate crash. My boss had to wait for 3 months to get a Door Replacement, because the local shop didn't want to repair it. 
Cheers, from Indonesia",0,True
UgwojfhJyT0G1PKaAON4AaABAg,comment,w_tCOgxXKwA,,False,@georgejesson1944,"It's banned in the US, no need to watch your video.",0,True
UgwojfhJyT0G1PKaAON4AaABAg.AQ7vY9qaHxbAQ9u82-KoM6,comment,w_tCOgxXKwA,UgwojfhJyT0G1PKaAON4AaABAg,True,@busylivingnotdying,"I’m sure Americans don’t need to eliminate the competition to succeed. If challenged by a car brand doing something innovative, the American automakers could just pick up the new tricks and enhance their own products. It’s just that the American politicians seem to fear ""communists"" more than necessary.",2,True
Ugwo_f9MexdNki0bFNp4AaABAg,comment,w_tCOgxXKwA,,False,@chrisweza,"had mine 4 weeks now, no complaints at all love the car, although my display is showing im getting 44kwh/100miles maybe im enjoying it too much. overall great car",0,True
UgwpyUV5NGl0Ez-Cuqp4AaABAg,comment,w_tCOgxXKwA,,False,@aleksandarberic6875,"The car is absolutely top,top...only what is missing a solid state bateries, maybe 1-2 years from now...and wee need two doors model so badly, there is nothing on the market now in that type...!!!. BYD please let's make nice coupe...we know you can do that...!!!..it will sale like a honey...",1,True
UgzC7o3fPMphZiyldBB4AaABAg,comment,w_tCOgxXKwA,,False,@MistrzGolara,"Nicola, would you choose again Seal or Xpeng G6 is a better choice in your opinion?",0,True
UgxIfoxUFtjfLCTl-2x4AaABAg,comment,w_tCOgxXKwA,,False,@chipchiperson679,Tesla model 3 ripoff Chinese imitation,0,True
UgyJn0mLJqRYxQGhTct4AaABAg,comment,w_tCOgxXKwA,,False,@KangoV,"It's come to light that BYD do not use an acid etch primer as it's expensive. Back to1980s rust. Also, on UK Autotrader a 2025 BYD Seal with 4K miles is going for £29K. That's £17K of depreciation in 8 months. Bloody hell.",0,True
UgyBRzBM1vhheMyRNBt4AaABAg,comment,w_tCOgxXKwA,,False,@darrylgidharry5921,I have auto power on/off enabled so I don’t use the start/stop button.,1,True
Ugzv0xMytByqXAAvZ0B4AaABAg,comment,w_tCOgxXKwA,,False,@gentoffire,"Ngl, it's a beautiful car. Aethetically, the appearance if just top level.",1,True
UgyU2xbAmalQ8koMcgx4AaABAg,comment,w_tCOgxXKwA,,False,@ehsanyousaf9166,Now that's a great review,0,True
UgymN9Qv3TeThRpC--x4AaABAg,comment,w_tCOgxXKwA,,False,@danstenis660,"That car in China is roughly half the price.  Imagine being able to buy that car in the UK for half the price plus 5% markup for shipping and handling.  Unfortunately, the UK government mandates that buyers subsidize all Western and Japanese and Korean car manufacturers so they can compete with Chinese cars, and thus your BYD Seal now costs double its price.  Don't like it?  Tough luck.  Cry some more.",1,True
UgxMeiIa1kEnYXIfWsl4AaABAg,comment,w_tCOgxXKwA,,False,@MrOP66,"I am sure this is a fine car, but when watching the video, I felt that you were selling this real hard.",0,True
UgwHUr1vqj8nMx4wW4B4AaABAg,comment,w_tCOgxXKwA,,False,@吃西瓜不吐籽-f5j,海豹在国外卖得真挺好的，但是在国内卖得很一般，但是真的是一台很不错的车,0,True
UgybximnnG7G1D7HCfJ4AaABAg,comment,w_tCOgxXKwA,,False,@grahamrussell6709,"Don't buy Chinese, don't buy electric, pay road tax like everyone else.",0,True
UgwCK58wV-pqUhnDo0J4AaABAg,comment,w_tCOgxXKwA,,False,@yangcao4722,"I don't understand why so many people dislike China. Isn't it a good thing that it allows everyone to use affordable, durable electric cars?
Would you rather pay a high price for a car with outdated features?",17,True
UgwCK58wV-pqUhnDo0J4AaABAg.APzIKIZHzlTASOONzlDUFJ,comment,w_tCOgxXKwA,UgwCK58wV-pqUhnDo0J4AaABAg,True,@walteralton6450,50m 6,0,True
UgwCK58wV-pqUhnDo0J4AaABAg.APzIKIZHzlTASs_1aBC0GQ,comment,w_tCOgxXKwA,UgwCK58wV-pqUhnDo0J4AaABAg,True,@richardvash,"When all the car industry has gone in Europe you’ll realise.
Europe was built on industry. Soon it will have none. The service jobs will go to AI.
Who will have jobs, who will pay tax, the list goes on. 
But if you trust the Chinese government good luck.",2,True
UgwCK58wV-pqUhnDo0J4AaABAg.APzIKIZHzlTASzKQX3VB06,comment,w_tCOgxXKwA,UgwCK58wV-pqUhnDo0J4AaABAg,True,@OmmerSyssel,One corrupt dictatorship or the other.. Who cares🤷🏼,1,True
Ugz6j1HwrmsHyOjhVdN4AaABAg,comment,w_tCOgxXKwA,,False,@tjw52x,"Some people should really not attempt humour! What an awful presenter, totally embarrassing!",0,True
UgzYvB9MVoCp_opatqd4AaABAg,comment,w_tCOgxXKwA,,False,@hatham1980,"I always watch car videos, its my first time watching this channel but i loved the way she present. ❤",3,True
UgxbUYZCVjlcDEWU1BZ4AaABAg,comment,w_tCOgxXKwA,,False,@plbtennismethod,Cost of running this thing? Thanks,0,True
Ugyy6hCJGxeagOml6cl4AaABAg,comment,w_tCOgxXKwA,,False,@azeemubarak,if BYD to come up with a plug-in-hybrid seal. it would shake the car market,0,True
UgwOkfJpsDGBYRZdKjd4AaABAg,comment,w_tCOgxXKwA,,False,@terrankhol6638,"16:53 the ""politeness"" is modern EV ""how"" is right. Hagerty Lucid Gravity",0,True
UgydECA7_pDVrFvuSSJ4AaABAg,comment,w_tCOgxXKwA,,False,@terrankhol6638,I think optional turn signal sounds/levels would be v.nice for everybody...,1,True
UgwHIm4fvysuDO73Uoh4AaABAg,comment,w_tCOgxXKwA,,False,@AhmedTesjeel,I s this Seal 6 ?,0,True
UgwUY9v9z0qRVJHIoJJ4AaABAg,comment,w_tCOgxXKwA,,False,@yurimiyake,"In China, many BYD Seagull cars have a rear sticker saying, ""Going to the pier to grab some fries."" In a playful pun, the BYD Seal hits back with a sticker that says, ""Going to the pier to grab a seagull.""😊",11,True
UgwUY9v9z0qRVJHIoJJ4AaABAg.APv7n7ZghbUAXV-2RHhPCW,comment,w_tCOgxXKwA,UgwUY9v9z0qRVJHIoJJ4AaABAg,True,@4li444,hahaha this made my day,0,True
Ugz2xpJ3E2OeE0mV7pt4AaABAg,comment,w_tCOgxXKwA,,False,@cravarc,"Nice car.
But I don't want a Chinese brand.",1,True
UgyuIVDDHGYQkm_I4eF4AaABAg,comment,w_tCOgxXKwA,,False,@MrTurboRotary,"Looking at the back, It reminds me of the last gen Ford Fusion",0,True
Ugz8YSr6dg0SFkxhsmZ4AaABAg,comment,w_tCOgxXKwA,,False,@beastieboy3926,"Wonderful. Have BYD declared how many have caught fire in China? No, thought not.Also have you seen the reports of serios rust underneath on 2 yr old BYD`s. HMM",0,True
UgxEPGiLiHuzJ0zGLaF4AaABAg,comment,w_tCOgxXKwA,,False,@janpetersen976,Love your sense of humour. Oh yes and the info.,0,True
UgyMTuqj20LJvXsriSl4AaABAg,comment,w_tCOgxXKwA,,False,@xiuChang,比亚迪海外的电动车、混动这车累计保有量超过500万了，刀片电池充分证明了其安全性。,0,True
Ugz8qDkIeWTTQWBAv4d4AaABAg,comment,w_tCOgxXKwA,,False,@epoliv,"The phone probably doesn't charge more and stays warm because of the use of CarPlay for maps. Both Waze and Google Maps use a lot of battery, so the charging just keeps it form getting lower.",1,True
Ugz8qDkIeWTTQWBAv4d4AaABAg.APry2_yHJL2AVknRXt_p0C,comment,w_tCOgxXKwA,Ugz8qDkIeWTTQWBAv4d4AaABAg,True,@HiruS22,"Nah, my Volvo and campervan both have wireless chargers that charge my iPhone up fine, it's probably just getting too hot in the enclosure and the thermal cutoff in the phone is triggering",0,True
UgwXHmVxE2MIPLEji-F4AaABAg,comment,w_tCOgxXKwA,,False,@ShaamoneHeeHee,"By the way, as a car owner of a quiet ticking indicator, thanks Mitsubishi, you will never complain again about an intrusive ticker when you realise you have went past 3 junctions with your indicator still on and other road users are rightly RAGING at you when they catch you up at the next set of traffic light.  I am now paranoid about checking my indicators are cancelling ALL the time.",1,True
UgzSEP1w_IEbFSzDFz14AaABAg,comment,w_tCOgxXKwA,,False,@techclipzgo,If you still using apple car play that's proof the software isn't good enough. I haven't used car play once since I sat in my tesla,0,True
Ugyghldd-0-JAl0wKfN4AaABAg,comment,w_tCOgxXKwA,,False,@rhysgarland9295,"I've had mine for 8 months now, absolutely love it. I also consistently get asked about it! So many people compliment it and ask if it's any good.",5,True
Ugx3M5coA8a8-ZXnXJF4AaABAg,comment,w_tCOgxXKwA,,False,@daanrdl,"For the wireless charges, try turning off the one you don't use. My phone gets a nice charge everytime",1,True
UgyZ-VRh2REAmW4M64J4AaABAg,comment,w_tCOgxXKwA,,False,@capitanandy2535,6 months????😂😅😂.....you can wait....After 3 years rust and no One replace parts!!!!!,0,True
UgwJH4rdpQPMYox26zZ4AaABAg,comment,w_tCOgxXKwA,,False,@Sly_Wolf_1,"""it's not what you think"" oh😮 is it petrol?... No, oh goodbye.",0,True
UgxJYUbZLrRpnl-qnZN4AaABAg,comment,w_tCOgxXKwA,,False,@Unexpected3251,I’ve been a long term investor in BYD. I keep adding shares ❤,0,True
UgzK2u3rmZH5sNYpyV94AaABAg,comment,w_tCOgxXKwA,,False,@anthonyvincent42,"Man, I wish we could get these in America. I’ve seen some impressive stuff. I don’t think it’ll ever happen.",0,True
UgwnQxq_R0HLq0vydDV4AaABAg,comment,w_tCOgxXKwA,,False,@TheVirtualAirlinePilot,"Wow!   Don't really know how I landed on this video, but as a person who has received specialist training and loves to drive anywhere and everywhere (can't remember when I last took a bus or train!), I decided to watch your review all the way through.  I actually never knew that BYD was  car maker!!

Ok, my thoughts . . . as a Mercedes C Class petrol C180 Elegance driver (it's 20 years old, Petrol with 185,000 on the clock, but it goes so well), I have always said no to electric cars.   Why?  Ok I would want one that fulfils certain conditions that not one EV comes close to - yet.;   At least a 420 mile range with a 15 mile reliable reserve (note that ALL manufacturers overstate their vehicle ranges !!).   Milage - yeah, 323 miles, I don't think so.   I wonder what the driving conditions and speeds were for you to get 200 miles out of it? A decent cockpit too!   Having just returned from a holiday in the US, my rental car was like driving the bloody Space Shuttle!   Why can't manufacturers just do a good, simple instrument panel?   It took me ages to figure out how to start the car, select the lights, wipers and Air Con - and I never worked out the cruise control!   All this on a normal petrol car, just so much easier on the Merc!   

And I am dead against having a bloody laptop in the front driving area!!    Yes, all those fancy things are all well and good, but IMHO dangerous!   There was a time when having a ""screen"" in front was illegal!   If they are going to encourage people to switch to EV's then this sort of vehicle could really confuse the older generation who can still drive well and safely.   Lane assist?   Terrible idea!   I want to have a car that ""I"" drive, not have it drive for me.   As a specialist trained driver, I want to be in full control.   I had this on the US Rental car and it was a nightmare on the freeways!  I am happy to have things that are useful to me.   One really great utility on the rental car, was that it had small lights in the wing mirrors that alerted you when a car was really close (they pass on both sides on the freeways in the US!)  

Ok, don't get me wrong.   If I could find a car that meets all my wants then I would happily switch!   Maybe this car is a candidate?   But I would want to make sure that certain ""assists"" could be disabled before I took delivery.   I am very glad you are happy with this car.   The driving seat position also looks really good.   But I'm not sure I would be tempted to buy this yet.   I am waiting for seriously big improvements in range, battery life and overall usefulness, since in these cars, the battery powers everything;  Lights, Music, Air Con and all things electric - and it also has to power the drive train.   My Merc has a battery for all these electrical things and petrol drives the engine, so the engine can still run if the battery suddenly dies.

And £45700 for this?  Well surprise, surprise for an EV, I was quite astonished as it's a really competitive price for this vehicle!   EV's over 50 grand are not as feature rich as this car appears to be.   Oh, one other matter.   Keyless entry?  No thanks!   Real security risk!   Thieves now have the ability to electronically get into a keyless car and steal it away in under 15 seconds.   Coming from 38 years in the Security industry, I know how bad this is getting to be.

So, you got my attention and thanks for the review.   Very glad you possibly found the car you really want?   Let's hope they give you a good deal.   I will get rid of the Merc one day and I will look more closely at BYD.   All the best to you.   Lee (virtualairlinepilot.org)",0,True
UgwMpHDMPK4XGjyW-jl4AaABAg,comment,w_tCOgxXKwA,,False,@t5jerry,"Nicola darling, I expect men NOT To know where the "" button "" is, but a female should ALWAYS know where that particular button is....😊😊😊",0,True
UgwVPIUnlJbpTcp5vCR4AaABAg,comment,w_tCOgxXKwA,,False,@1001001a,you must remember to breath my dear,0,True
Ugxb1MiOiBOK4FMEWIJ4AaABAg,comment,w_tCOgxXKwA,,False,@SusanBarber-su3ms,"We need these in Canada ASAP.  Our Prime Minister is talking to the Chinese so hopefully things are changing. 

One bit of info we Canadians need on EVs is how cold or heat affects range. I live in Calgary and sometimes drive to Edmonton, about 300KM (186 miles) away.  Things are so spread out in Western Canada. Vancouver is 1100KM away. At -25C (-13F) what is the range of this car with heat and defrost on?  Making a purchase without this info is foolish here.  It can also get quite hot in the summer. It was only a handful of years ago it hit 49.6C (123F) at Litton British Columbia. How does having the AC on full blast affect range?",0,True
UgwOuehmkI71DJop3b94AaABAg,comment,w_tCOgxXKwA,,False,@DanielDable-s5x,We just watched this video my wife and I have a great laugh and took some serious notes great honest view luv your work cheers from Australia,0,True
UgwOuehmkI71DJop3b94AaABAg.APp2fsMX80dAPp32fnYI54,comment,w_tCOgxXKwA,UgwOuehmkI71DJop3b94AaABAg,True,@DanielDable-s5x,Especially the bottle holder button hilarious,0,True
Ugy154EjcDc5ChgEHuN4AaABAg,comment,w_tCOgxXKwA,,False,@FaycalFellag,Camera every were😂u don't need a fast car😂🎉,1,True
UgxeTnDirUV5cQKzzY14AaABAg,comment,w_tCOgxXKwA,,False,@Q8Patriot,"Great review, defintely consedring the car now after this 😂",0,True
UgwCrmMCFsa3cWNaOJZ4AaABAg,comment,w_tCOgxXKwA,,False,@cooper505s,"You don't need to use the start stop button anymore with the update. Just turn on auto start stop in the settings. Can't remember what it's actually called but something like that. 
Just open the car and it's ready to go and get out and lock it it turns off 👍
Indication noise you can change, change the sound settings to ""Brand"", however when you are driving slowly it will sound like a ice-cream van 😂",2,True
UgxDV_ZpfpFJN76zHPZ4AaABAg,comment,w_tCOgxXKwA,,False,@halukyildiz4126,You should try <>Togg one day....,0,True
Ugxm5BMuY6wWepc7RR54AaABAg,comment,w_tCOgxXKwA,,False,@waynebailey8796,"With cruise, you can adjust in 1mph intervals by holding the adjust button rather than just pushing it.",3,True
Ugyb8osFikGpEOr4jWJ4AaABAg,comment,w_tCOgxXKwA,,False,@riogorgos,I like the gear selector because it’s really sparkly and diamondy. Oh come on!,0,True
UgykYiDd2HLeEbj3qcx4AaABAg,comment,w_tCOgxXKwA,,False,@telmo6777,"BYD Seal is an mazing car, and the Excelence version is even more Top. Byd cars are great.",0,True
UgyoiyTZPw8XbqyYlNF4AaABAg,comment,w_tCOgxXKwA,,False,@hughmac7423,Looks cool.,0,True
Ugytt_HBkKTlzIn-EOJ4AaABAg,comment,w_tCOgxXKwA,,False,@jyrkiandelin2833,"That's not good car , it has wheel wrong side of car, it's very difficult to drive hahahah. I don't ever understand why English so stupid!",1,True
UgyZGYFb1kcQGUPBnzx4AaABAg,comment,w_tCOgxXKwA,,False,@ralphzoombeenie2330,"I often wonder if the ICE car owners actually know the range of their cars, the capacity of the gas tank and the range decrease with use of the gas pedal and load carried as well as traffic c conditions. Just EVs are subject to the paranoid range attention",0,True
UgyAG0_kRHhbTXkGLSl4AaABAg,comment,w_tCOgxXKwA,,False,@ambydaly5713,Check your handbook for the cup holders,0,True
Ugyi6eQ1dn3272jyHzV4AaABAg,comment,w_tCOgxXKwA,,False,@juki0h391,"If they sold these cars in the US, I would get one as my next car.",0,True
UgwS6VMedQxT7Ngy1rx4AaABAg,comment,w_tCOgxXKwA,,False,@UgglemannenFTW,You can change adaptive cruisecontrol to go up by 1s if you simply hold the button up or down.,0,True
UgyW88phIIZ1oJ_Agv94AaABAg,comment,w_tCOgxXKwA,,False,@OhFookinELL,"Love the car, love the review. Subscribed.",0,True
Ugxsrx0fJP_kNwt36Kh4AaABAg,comment,w_tCOgxXKwA,,False,@tmc1999,Made in China ,0,True
Ugz3NVGLUz07Qkycd_F4AaABAg,comment,w_tCOgxXKwA,,False,@ThePrimateKing,"I've had mine about a year and a half, not experienced any Android Auto connection issues. You can also remap the monitor party trick button on the starting wheel to something else by holding it for a while.",0,True
Ugyw2RvmXYgYeZnAAwd4AaABAg,comment,w_tCOgxXKwA,,False,@talhaazizakkus,"who ıs the she , ı  wanna learn englsıh and for listening exercise ı need listen this woman please share with me her name thanks",0,True
UgzHVIKf6VGaXc_y3w14AaABAg,comment,w_tCOgxXKwA,,False,@catalinfloroiu8084,"❤ big fan of BYD, of NIO, of Xpeng, of Lynk and Zeekr. So many pretty, sexy, atractive cars with incredible level of quality.",0,True
UgwnNJqZ7KU6Uth_RTF4AaABAg,comment,w_tCOgxXKwA,,False,@kokovin6808,"And most importantly, it's supposed to be cheaper compared to other cars with the same feature if not because of the tariffs?",0,True
UgxWOU-5g96Cz06sqLV4AaABAg,comment,w_tCOgxXKwA,,False,@kevanswift7797,"My Peugoet e208 did the same, selected drive didn’t more powered down then all good.",1,True
UgwftXPr4b2UtHb-qw14AaABAg,comment,w_tCOgxXKwA,,False,@Pedro_Pete74,And no one will buy EV’s in the UK when Rachel thieves pay per mile come in 2028,1,True
UgyG5Oa3AFDanYjlzUV4AaABAg,comment,w_tCOgxXKwA,,False,@klausadrift7568,"Glad to hear that you love your BYD. It has been projected that by 2050 about 70% of all cars in the world would have been made by China. I ditched my BMW X1 for a Jaecoo 7 SUV and I love every minute of driving this car. All the luxury, comfort and innovative safety features would have cost me a fortune if I would have opted for another BMW. Plus I got a 10 year warranty and 5 year free service with the Jaecoo 7. Beat this.",2,True
UgyG5Oa3AFDanYjlzUV4AaABAg.APk9tel9FXkAS-wLsSQGXD,comment,w_tCOgxXKwA,UgyG5Oa3AFDanYjlzUV4AaABAg,True,@ducatidave.b,"It will be interesting to see how these new Chinese cars age, and how good the warranties are when things start to go wrong in 4 - 5 years' time (which they will eventually). I own a Porsche Taycan which has had a few problems, but when it does go wrong, the Porsche Centres customer service is amazing. Also, Porsche themselves offer financial compensation without even moaning. My wife has had MINIs for the past 12 years and she's also had excellent customer service from the BMW dealers. I think this BYD looks great, offers superb value for money and incredible performance for the price, but there must be a catch! I've also heard that the ride on the Jaecoo 7 isn't great, which for me is where the Chinese don't have the depth of engineering that the Germans do. But I guess it's only a matter of time....... Also, Google MG3 seat latch failure - safety worries me with the Chinese brands.",0,True
UgyG5Oa3AFDanYjlzUV4AaABAg.APk9tel9FXkAS1Di2fgKDg,comment,w_tCOgxXKwA,UgyG5Oa3AFDanYjlzUV4AaABAg,True,@klausadrift7568,"@ducatidave.b Yeah, I take your point. I'm living in SE Asia and all our roads are in very well maintained condition, so there are no problems with regard to ride comfort, suspension  or other problems people have complained about in Europe.
If I'm not mistaken the Jaecoo J7 had recently won in the UK  the car of the year 2026 award. Australia and NZ have also started the import and so far customers are happy with their purchase.
The J7 is being assembled in my own country (not China) and there are no problems with available spare parts and servicing. In case of a prolonged stay in the workshop I am being offered a car FOC in the meantime. Owned Porsche, BMW and VW before and I can live without lengthy stays in the workshop, because every damn part needs to be imported first, not to mention the exorbitant costs for maintenance.",0,True
UgzJn02oeSdHkK65r_d4AaABAg,comment,w_tCOgxXKwA,,False,@fredsaad3492,I was dedset on buying a tesla. A  BYD dealership opened up across the road from work. i spent some time looking at there cars.The seal blew me away. ive never looked back. Great car.  The only problem is that i cannot sign my car up on the App and BYD have been useless.,1,True
UgwHWzvxmR8RFGV0Fu14AaABAg,comment,w_tCOgxXKwA,,False,@grasspitchstreet6675,"I finish watching this one, and I even don't considering buying any car... Wonderful presentation skill and lovely channel❤",0,True
UgyPvCy6O3s-RrFOVzV4AaABAg,comment,w_tCOgxXKwA,,False,@conernedcitizen2898,Must have been born yesterday - it's a piece of crap!,2,True
UgzQImXgvPgPf0HA8iR4AaABAg,comment,w_tCOgxXKwA,,False,@sentenialxmen3227,Nice looking car. How much is it cost for BYD Seal?,0,True
Ugy2iF5aTqJ4lRIAYtp4AaABAg,comment,w_tCOgxXKwA,,False,@Armaanmalilkk,"About the cup holding button, hahahhahahah",0,True
UgyeZ4pH8PA516DJhQB4AaABAg,comment,w_tCOgxXKwA,,False,@jamiefarrell4425,My Seal Design in black will be on my drive in 2 weeks time and I can’t wait to have it. I’m trading in a BMW i4 so it’s got a lot to live up to but I think it will compete well.,0,True
UgyeZ4pH8PA516DJhQB4AaABAg.APjJKhsKQxkAQV_aTg3fRZ,comment,w_tCOgxXKwA,UgyeZ4pH8PA516DJhQB4AaABAg,True,@jamiefarrell4425,"Had the car for 5 days now, so far so good!",0,True
Ugzjp_mxmfF9JUWOp414AaABAg,comment,w_tCOgxXKwA,,False,@ahmeds606,I saw the car many times on the streets and really its beautiful and has its aura,0,True
UgxmNFtq1Qrz3uruvOZ4AaABAg,comment,w_tCOgxXKwA,,False,@jamesxiang5807,I wish the BYD cars in Chinese market are this good and they don’t slave their employees as hard.,0,True
UgyeESGYFm6ZYbNvofR4AaABAg,comment,w_tCOgxXKwA,,False,@ChristopherVenables-e3n,My wife has one and would agree with every word - and me likewise over my EQE - it's a great car .,0,True
UgxBLQjeIZelV_bhKLp4AaABAg,comment,w_tCOgxXKwA,,False,@KokowaSarunoKuniDesu,"Keyless entry is a pain, as whenever the key comes within 3 metres of the car it (a) unlocks, and/or (b) interrupts charging, and (c) if you store the key in that range inside the house, it drains the key battery.. Not good when the car is parked right in front of the house.  So we disabled that on day one.

Numbers:  What about the consumption in the Winter at 1 degree C, with lights and wipers on, and maybe the heated seat (at least for the first 5-10 minutes)?",0,True
UgzYxBOGuJS1-evSAAR4AaABAg,comment,w_tCOgxXKwA,,False,@imacmill,"Ummm, somebody installed the steering wheel on the wrong side of the car. Is it still under warranty?",1,True
UgwkIvylU-IbQfRp-0h4AaABAg,comment,w_tCOgxXKwA,,False,@bertseverijnen1793,"Nice review. 
About the ICC: instead of steps of 5 km/h by flipping the lever, hold the lever a bit longer and you'll have 1 km/h (or 2, or 3, ...). My oldest son - owning a new Dolphin - discovered it. My youngest son - owning a Seal Excellence as in the test - and me myself - owning a new Tang Flagship can confirm that. But it's not in the manual of the cars.
Enjoy.",0,True
UgzvkKi2oh5fDn_-qCN4AaABAg,comment,w_tCOgxXKwA,,False,@kmah1974,"I’ve had my BYD seal excellence since May. Found a few glitches with the software which affected CarPlay and parking sensors. After about 2 months of back and forth with some dealers dismissing my concerns as normal, one of the dealers finally replicated the fault on all the BYD seals in their showroom, but couldn’t replicate it on other BYD models. They then proceeded to inform BYD and the problem was finally resolved in the latest OTA update. I liked the car before, now I love the car!

Some room for improvement though. I’d like them to add electric adjustable steering wheel which is memorised in the seat memory function. I’d also like to see the navigation function in the HUD. I don’t like taking my eye off the road to read maps. Apart from these upgrades I’d like to see in the next model (or software update for HUD), it’s a perfect car. ❤",7,True
UgzvkKi2oh5fDn_-qCN4AaABAg.APiEHrkIiOjATofOAi29lV,comment,w_tCOgxXKwA,UgzvkKi2oh5fDn_-qCN4AaABAg,True,@龙龍龍,😂这车的价格那么便宜，它如果有那些功能，就不会卖这个价格了,0,True
UgwxOAaSWjRA9HEuRPN4AaABAg,comment,w_tCOgxXKwA,,False,@justinobyrne4143,Get a handbag,0,True
UgwLUzjoDLzcPP_4Eo54AaABAg,comment,w_tCOgxXKwA,,False,@MrTpain1945,"Real test is what is it like after 10 years or 20 years, what are the running costs , How does it stack up against a petrol or diesel for running costs , what is the resale value after say 5 years . If it costs more to run and maintain and it isn’t reliable, what is the range , what will the range be in 5 years",0,True
UgxxAQSgWrzcmV1NGtB4AaABAg,comment,w_tCOgxXKwA,,False,@whatzupdudes7,Way better than overrated junk Tesla. BYD will dominate. Its the best EV hands down,1,True
Ugy79k09YbQXV7sIZcx4AaABAg,comment,w_tCOgxXKwA,,False,@ultravern,Well I hope all the child slaves that built it are very proud.,0,True
Ugy79k09YbQXV7sIZcx4AaABAg.APi29gVemQZAPn0h6Cvq8z,comment,w_tCOgxXKwA,Ugy79k09YbQXV7sIZcx4AaABAg,True,@logant6490,"Yeah, child slaves are compulsory with every purchase",0,True
UgzKby9qYhHfKav0Yqh4AaABAg,comment,w_tCOgxXKwA,,False,@Yarrow54,The wireless charging issue is the same with a lot of cars when using android auto or car play. I prefer to use the cars native systems and my phone as data hotspot... Then the phone charges just fine,0,True
UgwbmqIEMBqi4thAD_J4AaABAg,comment,w_tCOgxXKwA,,False,@RetireesHelpingRetirees,Wish I could but my country is run by total morons...  America is losing out of so many great products due to our idiots in charge.,1,True
UgzhpWLmKiMjCUiSGwp4AaABAg,comment,w_tCOgxXKwA,,False,@jamesl.o.h.6000,It really is a stunning car. It's a handsome car too. Very good review I like it. Thank you.,0,True
UgxRk4_MsWddKPE_TGp4AaABAg,comment,w_tCOgxXKwA,,False,@jonathanfields4ever,"I got a Sealion 7 here in Japan a couple of months ago. It was the equivalent of 27,700USD out the door with a small subsidy that came later. I’m absolutely blown away by how good it is. I don’t know how much I would pay for the car, but at the price they were offering, I can’t imagine anything better. The warranty is kind of insane, too.",6,True
UgxRk4_MsWddKPE_TGp4AaABAg.APhi6NEJdk9APjuAwDfr_o,comment,w_tCOgxXKwA,UgxRk4_MsWddKPE_TGp4AaABAg,True,@eliotness4029,Sealion 7 here in Japan? is it not banned?,1,True
UgxRk4_MsWddKPE_TGp4AaABAg.APhi6NEJdk9APjyIbYcugz,comment,w_tCOgxXKwA,UgxRk4_MsWddKPE_TGp4AaABAg,True,@jonathanfields4ever,@eliotness4029Why would it be? They have competitive car companies that actually make nice products rather than rely on government to protect their entrenched profits.,1,True
UgxRk4_MsWddKPE_TGp4AaABAg.APhi6NEJdk9APk5x9pMJgs,comment,w_tCOgxXKwA,UgxRk4_MsWddKPE_TGp4AaABAg,True,@eliotness4029,@jonathanfields4ever  do they have competitive car companies ?? that actually make nice products ?? don't they prohibit Korean and Chinese cars inside Japan? as well as Korea prohibits Japanise and Chinese in Korea?,0,True
UgxRk4_MsWddKPE_TGp4AaABAg.APhi6NEJdk9APkFMsMCi0N,comment,w_tCOgxXKwA,UgxRk4_MsWddKPE_TGp4AaABAg,True,@jonathanfields4ever,@eliotness4029no. They don’t even have tariffs. They sell Hyundai cars here too. And Zeekr just announced that they plan to sell the 7X and 009 here. wtf are you talmbout 😂,1,True
UgxRk4_MsWddKPE_TGp4AaABAg.APhi6NEJdk9APkIQBKfB3W,comment,w_tCOgxXKwA,UgxRk4_MsWddKPE_TGp4AaABAg,True,@eliotness4029,@jonathanfields4ever Japan don't have import tariffs? and Korea too? recycling fee ?,0,True
UgxRk4_MsWddKPE_TGp4AaABAg.APhi6NEJdk9APkJ9Izc5Ik,comment,w_tCOgxXKwA,UgxRk4_MsWddKPE_TGp4AaABAg,True,@jonathanfields4ever,"@eliotness4029they do not tariffs cars, no. The most expensive recycling fee possible is only like 115USD, and it’s imposed on domestic vehicles as well. There are virtually no trade barriers beyond Japanese preference for gas-burning domestics.",0,True
UgxRk4_MsWddKPE_TGp4AaABAg.APhi6NEJdk9APkNlOGEgTz,comment,w_tCOgxXKwA,UgxRk4_MsWddKPE_TGp4AaABAg,True,@eliotness4029,@jonathanfields4ever so u r lucky. not as americans. not as europians.,1,True
UgxRk4_MsWddKPE_TGp4AaABAg.APhi6NEJdk9APnL19XvD1B,comment,w_tCOgxXKwA,UgxRk4_MsWddKPE_TGp4AaABAg,True,@MineFullStop,​@jonathanfields4ever Great to hear. I would have thought Japan didn't sell Chinese cars but how unfair would that be since China has been selling Japanese cars and imagine how much Japanese carmakers have made off of a big market like China. China should do the same to any country not selling their cars.,1,True
Ugy_roafqeazSYPFffl4AaABAg,comment,w_tCOgxXKwA,,False,@steverobinson2389,Great review but seriously you don’t have double chins,0,True
UgwzIVXGhnRUnvyO0ap4AaABAg,comment,w_tCOgxXKwA,,False,@philipPervan-w9f,"Yeah it's a good looking car
 But you don't look at it when you're driving
The interior is overblown in a blingy Asian way, 
They'll get the whole package right as the years go buy
Not at all practical 
Please note these are my opinions, if you reply back make it more than you're a dick, I seem to get snarky replies when commenting on these BYDs.",0,True
UgxaG575UaicauQivTV4AaABAg,comment,w_tCOgxXKwA,,False,@yonghuachen7075,great car,0,True
Ugw-jKNeaEDd7B8bYUt4AaABAg,comment,w_tCOgxXKwA,,False,@船长-v9h,people always talk byd with politics,1,True
UgwPsoPKbuFy1FNnO-d4AaABAg,comment,w_tCOgxXKwA,,False,@monkeyjadeJ,you need to try the midsize SUV of BYD,0,True
UgxcVFhrx8zoBW7lLDh4AaABAg,comment,w_tCOgxXKwA,,False,@zaneverovati,"150kW DC charging for a car with 80+ kW battery capacity in 2025...

Should be at 250 at the very least.",1,True
Ugw6kMwJVEOjdu3uaqJ4AaABAg,comment,w_tCOgxXKwA,,False,@nobodyXme,I always wander what happens if the whole system crashes while driving,0,True
UgyqYjehyQS1mV3FQwJ4AaABAg,comment,w_tCOgxXKwA,,False,@geztaylor,"Nice to know I can fit a couple of dead bodies in the boot, and space for my wellies for when I chop them up 😂",0,True
Ugxz9LrPmqibpQr8BHJ4AaABAg,comment,w_tCOgxXKwA,,False,@ernestasb.8475,Funny see apple users finding stuff useful and neat using android and making half a vid just about that 😂 why not just use android instead 😅,1,True
UgyGtle0PiQAI_JG0rV4AaABAg,comment,w_tCOgxXKwA,,False,@amuthanshan,"BYD are 1 of 5 Chinese manufacturers accused of failing to disclose to independent car mechanics information needed to carry out repairs and maintenance on their vehicles - core technical data, diagnostic software, and parameters required for maintenance. As a result, when a vehicle breaks down, consumers must send their cars to manufacturer authorized stores instead of choosing independent repair shops that are often cheaper and closer. (the other 4 Chinese manufacturers are Zeekr, XPeng, Smart, and Leapmotor). When reviewing cars, please also review reliability and typical repair costs and the manufacturer's attitude to monopolising repairs which is an increasing problem in the EV market.",1,True
UgyGtle0PiQAI_JG0rV4AaABAg.APgANo4Qol_APgb2RsM3wH,comment,w_tCOgxXKwA,UgyGtle0PiQAI_JG0rV4AaABAg,True,@absolutium,"Right now don't care.. won't trust a local shop to repair this vehicle even less if it was a Denza or Yangwang..
Yet by 2030 I see that being an issue",0,True
UgyGtle0PiQAI_JG0rV4AaABAg.APgANo4Qol_APh--gMDY39,comment,w_tCOgxXKwA,UgyGtle0PiQAI_JG0rV4AaABAg,True,@amuthanshan,​@absolutium Louis Rossmann exposes authorised repair stores provide worse quality repairs than independents because they have a captive customer base and don't have to make an effort.😊,0,True
UgyGtle0PiQAI_JG0rV4AaABAg.APgANo4Qol_APh4ap_H62K,comment,w_tCOgxXKwA,UgyGtle0PiQAI_JG0rV4AaABAg,True,@absolutium,"​​​@amuthanshanSure.. in the US..
Yet not even German brands can keep up with BYD.. even Toyota asked for partnership for the hybrid drivetrain in future models.",0,True
Ugx5Am9s3X3qD-mkoPd4AaABAg,comment,w_tCOgxXKwA,,False,@adamknight5089,Do you need to install a charging station in your home to use this?,0,True
UgxfXyff7QhYivUkXpZ4AaABAg,comment,w_tCOgxXKwA,,False,@bigmalcvids,"Great review Nicola,& you are great as well,funny & original.I am after one & they are coming down in price.I have seen pre-reg 2025 for £36,000 so I’m gonna get a Light Blue one with the light interior , ‘cause I have a light blue XF Jag,& it never looks dirty! The performance figures on the excellence are  excellent  😂 Thanks❤️👊👏🚙",1,True
UgzJun0dBE0PDekyz2d4AaABAg,comment,w_tCOgxXKwA,,False,@sspicyyful,"So an adult person fits in the boot. OK, OK... good to know.",1,True
UgxLyOY2x87hgtCWem54AaABAg,comment,w_tCOgxXKwA,,False,@jamesdawson3123,I've had my Seal Performance for a year now and it still puts a big smile on my face 😊 great car to drive,41,True
Ugz2ewGdUa_XkS-MpSl4AaABAg,comment,w_tCOgxXKwA,,False,@CHINAxiaobei,Highway driving consumes more electricity. Fuel vehicles also consume more fuel on highways than during low-speed driving,1,True
Ugz2ewGdUa_XkS-MpSl4AaABAg.APfVVAqJ9UpARRq-bI7PQ2,comment,w_tCOgxXKwA,Ugz2ewGdUa_XkS-MpSl4AaABAg,True,@sean.butterworth,"Actually, you're wrong. Internal combustion engines are almost always more fuel efficient on highways than in stop/start driving",0,True
UgyQQm-1693diOKvbEx4AaABAg,comment,w_tCOgxXKwA,,False,@mako9673,I would like if China sold cars in the US. They have some nice EVs.,0,True
Ugw7fRWSgUZS6ROZDaZ4AaABAg,comment,w_tCOgxXKwA,,False,@robert4you,"The interior in almost all electric cars is a total disaster. One or two ugly flat screens and an extremely minimalist design. Looks and feels so damn cheap in every possible way. I can honestly say that there are few things I hate more than electric cars... may they all discharge, die and travel to electric car heaven... and never be reincarnated.

Edit: You said you found ""a button"" on the screen... No, you didn't! There are _icons_ on a tablet, not buttons. This is one more minimalist flaw in electric cars: they got rid of almost all buttons... Electric cars are designed by very evil forces in the Universe.",0,True
UgxZoC4ZIUzGIrMUd354AaABAg,comment,w_tCOgxXKwA,,False,@ilovebarcelona9256,"The BYD Seal is a very good car. I had mine for 1 year and 10 months. I drove 20,000 km. I just traded it in for a Zeekr 7X. And the 7X is an absolutely wonderful car.",14,True
UgyLSxl9tWOve00EODt4AaABAg,comment,w_tCOgxXKwA,,False,@matthewellis7672,"Never ever trust any chinese product.  By plugging their vehicles, you are supporting the Chinese spy agencies.

How/why?  Under Chinese Law, any Chinese company or individual anywhere in the world must assist the Chinese security services when asked.  They have no choice.

So by plugging Chinese vehicles (with all the known sensors and likely a few unknown ones) you are encouraging people to pay the Chinese state to spy on them and everyone who comes within range of their vehicle.

Also you can be sure these vehicles (likely in the most inconvenient places) will 'just stop' when the Chinese go to war with Taiwan.  See the Norwegian public bus services for further details on that one.",0,True
UgyLSxl9tWOve00EODt4AaABAg.APfJKkJNqVdAPfOfBrSyMH,comment,w_tCOgxXKwA,UgyLSxl9tWOve00EODt4AaABAg,True,@ilovebarcelona9256,"Okay, you're saying Chinese cars are spies. But look what GM is doing with the data leaks of drivers who drive the cars GM produces. But the Chinese are the spies?😂😂😂😂😂😂😂",2,True
UgzER2mGSDz_DV9pCUF4AaABAg,comment,w_tCOgxXKwA,,False,@nirmal_kujur,In India we have this beauty but at a 100% import duty... :(,3,True
UgzwxgE-fISfMqRv7wR4AaABAg,comment,w_tCOgxXKwA,,False,@alfie7564,AAARGHHH..... why does this woman reviews cars???  SOOOO ANNOYING !!!  Bet she can't drive fast...  Women !! paaaahhhh....,0,True
Ugya5EJB_zsDJdL38Ux4AaABAg,comment,w_tCOgxXKwA,,False,@SprintlifeLiu,"As a Chinese , I want to tell you that seal don't actually sell very well in China; there are too many competitors at that price. But it's great to see such an interesting and honest review.",0,True
Ugya5EJB_zsDJdL38Ux4AaABAg.APfAZJr8e7fAPiH14XA8M_,comment,w_tCOgxXKwA,Ugya5EJB_zsDJdL38Ux4AaABAg,True,@lengerer,"That’s very interesting. Here in Australia we don’t have many medium size sedan EVs. Thinking about it now, we really only have the BYD Seal and Tesla model 3. 
The biggest sellers are SUvs and Utes",0,True
UgxUIpRyny4-1QoZ8Z54AaABAg,comment,w_tCOgxXKwA,,False,@petecroxford3277,You done well hasn’t burned your house down yet then I wouldn’t keep it much longer how much was it to ensure? That thing and your house. 🤣😂🤣😂,0,True
UgyDcF01pbpTDwYlHo94AaABAg,comment,w_tCOgxXKwA,,False,@IcemanTS1,Nicola….blonde by heart…. 😂 (cup holder…),0,True
UgzRC-vc0qMobT6Xocp4AaABAg,comment,w_tCOgxXKwA,,False,@jesalp,This woman is hilarious but it also helps make the review realistic!,2,True
UgwRAK7qfLlg0AtH5mt4AaABAg,comment,w_tCOgxXKwA,,False,@abchessmaster,..΄. that's quite a different attitude compared to when you reviewed the BYD Sealion 7 awd,0,True
Ugz7Dzlo4lhiAYrryfp4AaABAg,comment,w_tCOgxXKwA,,False,@tonytony8736,"Nicola has put assessment of a new car into a review as pure and as entertaining as she is, with the car in review a perfect match of style and beauty and smart comfort and amazing performance. She has unwittingly raised the bar for presenters as well the profile of the EV in question!❤",3,True
UgxRk0EdhgvajJtsgzV4AaABAg,comment,w_tCOgxXKwA,,False,@stuartkennedy4202,This is more of an advert than a review. Towards the end it was more of a sales pitch.,1,True
UgzsC_4OGH5rkRHUqhV4AaABAg,comment,w_tCOgxXKwA,,False,@GrumpyBulb,"I changed from a Tesla M3 LR to a BYD Seal Excellence 5k miles ago & few observations:

Negatives:
I've never seen the claimed 0-60 in 3.8s, it is always, always, always 4.2s regardless of soc or weather conditions. 0.4s is quite a big difference from the claimed performance which is disappointing.
The accelerator pedal feels muted, even in Sport. You mash the pedal & it feels like an internal combustion engine rising in revs & torque. The Tesla (& Polestar) I've previously owned had instant response to pedal inputs, ultimately that's not really an issue but the real issue is when you lift off the accelerator pedal, it doesn't stop accelerating at the same time as you lift your foot, it will continue to accelerate for a fraction of a second longer than you want. That fraction of a second feels longer when you're expecting the car to slow as soon as you lift your foot.
The front parking sensors are a waste of time. They only actually work if you drive forwards towards the object then select reverse to activate the front sensors. I've reported this to BYD & apparently this is a feature which is working as intended - total waste of time! Every car I've had for the last 15 years at least had front parking sensors that activated automatically when driving forwards slowly.
The latest UI update is much better except now on the main screen there is so much wasted space that could be filled with widgets / tiles
A/C in the summer isnt as cold as any other car I've owned since I can remember
On average for mixed m/way (70mph) & city driving I struggle to get 3miles/kW - the Tesla returned 4.2m/kW & was regulary drove at 80+mph on m/ways (I cant drive at that speed now because my range in the BYD falls off a cliff!
The drivers seat is not very comfy - under leg support needs increasing & the seat length needs increasing slightly to provide support to the lower part of my thighs (I'm only 5' 8"")
The volume of the stereo is woefully low - I can have a conversation with my passenger whilst talking loudly (not shouting) when the volume is at 39 (max). For a claimed 750W system it is appalling, I cant understand why Dynaudio would allow their name to be associated with a poorly performing product
Rear view camera is pointless when driving in the wet, it is positioned to collect all the spray & crap off the road perfectly

Positives:
Build quality & materials are much better than most vehicles especially considering the price of the Seal
The interior of the Seal is a very nice place to be (with exception of the drivers seat on longer journeys) - very very quiet even at m/way speeds
The driver aids are not very intrusive & are easily turned off (speed limit warning) if you prefer. The Lane Departure Warning is probably the best designed on the Seal, it is probably the best version I have experienced in any other car
It looks pretty (in my opinion)
It has a relaxed but responsive chassis (not as hard / twitchy as the Tesla), it reminds me a lot of my old Volvo S90 for ride quality (that is a compliment)",1,True
Ugy51HDy4oLCGsLaen94AaABAg,comment,w_tCOgxXKwA,,False,@mnmsauce,"That widget control thingy is lowkey pretty amazing, Tesla updates always do something that makes you have to relearn stuff on your infotainment, they should take a leaf from BYD and make it more customisable like this. Especially the pinning options. Right now they're like the Apple of cars where they tell you how it should look and how you should use it.",0,True
UgwQ2UuF6_DP_0vSxYB4AaABAg,comment,w_tCOgxXKwA,,False,@M.U.N.T.A.S.I.R,"if you think this good, the, you should have a look at the Xiaomi YU7 and Denza D9 GT",0,True
Ugw_xaiGUPFuhzEVn_N4AaABAg,comment,w_tCOgxXKwA,,False,@GregoryGlynn,The access to the boot is the only downside for me.,0,True
UgyHeDf4cG05ISgzTt54AaABAg,comment,w_tCOgxXKwA,,False,@ulyssesgunt,"🤔…. You had to close the window as it was too chilly outside , yet your screen is showing 22 degrees … somethings not right . Great video , thank ..almost convincing me ..",0,True
UgyHeDf4cG05ISgzTt54AaABAg.APe14PQAcBAAPeYV-LjlRL,comment,w_tCOgxXKwA,UgyHeDf4cG05ISgzTt54AaABAg,True,@dawasf394,That's the AC temp set point...,1,True
UgyHeDf4cG05ISgzTt54AaABAg.APe14PQAcBAAPgN9AveIMM,comment,w_tCOgxXKwA,UgyHeDf4cG05ISgzTt54AaABAg,True,@ulyssesgunt,"@dawasf394ok , cheers 👍",0,True
Ugzw7n4jtei9QxYVc4x4AaABAg,comment,w_tCOgxXKwA,,False,@marty1035,No buttons? No sale.,1,True
Ugx-kP0rd_9FGF5hLQp4AaABAg,comment,w_tCOgxXKwA,,False,@andymayhew710,"Had my performance model for a year now, much fun!",1,True
UgwWL-bo3qpZnLx5PqN4AaABAg,comment,w_tCOgxXKwA,,False,@molojohn2228,Electric innit?,0,True
UgzMcGw190_9yjbp3Wl4AaABAg,comment,w_tCOgxXKwA,,False,@jhewitthunt,"Your tip top Nicola. You are the female carwow Matt, who I also think is brilliant. Your soooooo genuine and authentic, and funny and pretty, which lets be honest does help keep us blokes hooked. Seriously though, keep it up, you really are bloody brilliant!",2,True
Ugw7iutVvik_c0016RZ4AaABAg,comment,w_tCOgxXKwA,,False,@sosijiz1971,"Pretty interesting and curvaceous car...but, if I'm being honest, I'm only here for those glorious curves that are not inanimate... (judge me, ridicule me - up yer bum; don't give a flying fek. Truth is truth, mate. Xx)",0,True
UgwJjPc_arWvUgS2zKp4AaABAg,comment,w_tCOgxXKwA,,False,@WesleyAgostini,Had the excellence version for 2 weeks and my word a car. It’s mouth watering. I miss it every time I don’t drive it,32,True
UgzID9qL9ADMdUz2lKp4AaABAg,comment,w_tCOgxXKwA,,False,@puntuated7647,But it's 50% owned by the CCP & who is China funding? Russia. Big ticket items like this should be avoided. Will we ever learn!,0,True
UgzID9qL9ADMdUz2lKp4AaABAg.APdd_qaeRGVAPeYgsPSiiB,comment,w_tCOgxXKwA,UgzID9qL9ADMdUz2lKp4AaABAg,True,@dawasf394,AND the US funds the genocide in Gaza... will we ever learn!,3,True
UgxKLRd08bbzgjnaHM14AaABAg,comment,w_tCOgxXKwA,,False,@andersnielsen6044,"You also looks like you would fit very well into the communism and your children will do a fantastic job in the cobolt mines of Africa, working from the age of 4 - on 16 hours shift..",1,True
UgykqZGj_1PD2zAMbu14AaABAg,comment,w_tCOgxXKwA,,False,@vhol93,Nice !,1,True
UgxfEJCxPQ4kzR8Acil4AaABAg,comment,w_tCOgxXKwA,,False,@goregogi7571,Little pink.,0,True
UgxkhhZAgXaLSCJQiyx4AaABAg,comment,w_tCOgxXKwA,,False,@johnbentley6925,The top third of the brake pedal travel is regen ….. ByD has the same characteristics as Porsche who has this regen philosophy ….. I prefer it as an old school driving ‘feel’,0,True
UgxRlpuMpL5YdgVpwF14AaABAg,comment,w_tCOgxXKwA,,False,@johnbentley6925,Can change the indicator volume down …,0,True
UgwcV8JyGZ_BzvaXE4Z4AaABAg,comment,w_tCOgxXKwA,,False,@johnbentley6925,Can add voice trigger to match your car name to match your car … mines. ‘ whoo Casper’!,0,True
Ugy7U1eouMwP_U7efFp4AaABAg,comment,w_tCOgxXKwA,,False,@xusiaxod6255,Looks like every other milk float. It's Chinese so far more dangerous. Make sure you tell your house insurance company.,0,True
UgxyuBFAggqcAS2nBLV4AaABAg,comment,w_tCOgxXKwA,,False,@khayasontsele8984,The range difference you mentioned between the quoted factory range and your real life experience is interesting. Your specific set of tyres may have something to do with the extra performance you experienced. You probably have a set of low rolling resistance tyres on the car.,0,True
Ugzi8l48fN3XS6n3FOx4AaABAg,comment,w_tCOgxXKwA,,False,@MisterForYaSister,I hope someone does a two-year review on electric suv's from china,0,True
Ugx7Zco9rjvn2d5XvhV4AaABAg,comment,w_tCOgxXKwA,,False,@OmegakThao,Is this brand BYD better than Toyota? That’s the question,0,True
Ugxb_HB-wqhHxZHeMhN4AaABAg,comment,w_tCOgxXKwA,,False,@olehangaard3805,Nicola. You're weird!      I   110%   approve. 😂,0,True
Ugxe1mZQ4yFUlofj4dR4AaABAg,comment,w_tCOgxXKwA,,False,@saint8257,"Chinese EVs have had huge demands wherever they're available e.g Asia, Africa, some parts of EU. Too bad capitalist ""free market"" USA and Western Europe don't allow it.",1,True
UgzfbBtMq7KrZbqR-dF4AaABAg,comment,w_tCOgxXKwA,,False,@Ayra84678,I drive them at work off the car ships they only thing I hate is the driver alert thing where it says keep ur eyes on the road when ur looking around like looking out the window but I would buy when one if I had the money,0,True
UgxMcuZkqHyCH_67Ov94AaABAg,comment,w_tCOgxXKwA,,False,@tillabakos2248,Hey! Let's review this car. Now for the next 6 hours I will give you a short overview of the software.,0,True
Ugzdsxl1JaKZbqC5DtB4AaABAg,comment,w_tCOgxXKwA,,False,@peterdebel7379,"Are you single or in a relationship, Nicola 🤔 ??

Must be a lucky man.... 




....or girl ?",0,True
Ugwl-p_2TI4tcL7KttN4AaABAg,comment,w_tCOgxXKwA,,False,@kevindennis8190,It's looks great wish the the steering wheel was on the left side.😢,0,True
UgzCzMB9dIp6Nb8gtIV4AaABAg,comment,w_tCOgxXKwA,,False,@Yanquetino,"Too bad we will not get them on this side of the pond because of the Orange Felon. Still, I prefer a hatchback over a saloon, and black is the worst color to keep a car clean.",1,True
Ugw1EhZkEyz-QcsM0e14AaABAg,comment,w_tCOgxXKwA,,False,@scienceguo,"a nice car, an affordable car.",0,True
UgwbQqvwwzwFZrNqKk14AaABAg,comment,w_tCOgxXKwA,,False,@BrianDear79,We need more ticky indicators.  Too many people drive around with their signals just blinking away.  At least in the US.,0,True
UgycZP_4Z6ea6toUoix4AaABAg,comment,w_tCOgxXKwA,,False,@王班超,dm版本的更好，无里程焦虑。,0,True
UgwZIG4-MEfy-9qVgmF4AaABAg,comment,w_tCOgxXKwA,,False,@Mel_Gerrard,BYD is excellent,0,True
Ugw2ujC5ph6cSysM63p4AaABAg,comment,w_tCOgxXKwA,,False,@yukisuzuki9468,I’m driving a VW ID.4 here in China and this car is piece of shxt. I regret buying it😂I should have bought one from byd or any other homemade brands😢,0,True
Ugwnvcz-qa6xBlsd0b14AaABAg,comment,w_tCOgxXKwA,,False,@AmelieZh,We have a seal and my hubby loves it,0,True
UgxcqSOX_xswzYX7Iw94AaABAg,comment,w_tCOgxXKwA,,False,@CBGX,In the Dolphin we dont have Digital key on the phone while the technology is there... It is a shame because the car is fantastic!,0,True
UgyksiGiUN_rbedc7yt4AaABAg,comment,w_tCOgxXKwA,,False,@stuartdavidson162,Can anyone take a BYD review seriously when they threaten legal action against negative reviews?,0,True
UgyksiGiUN_rbedc7yt4AaABAg.APcZOZNSpIsAPccMqUlbzr,comment,w_tCOgxXKwA,UgyksiGiUN_rbedc7yt4AaABAg,True,@AmelieZh,Source?,0,True
UgzwxzR_ldY2pnb2o0N4AaABAg,comment,w_tCOgxXKwA,,False,@noobemu,Indicator saound can be modified on the car settings..,0,True
UgzKK2TpBTmvEXKUvdt4AaABAg,comment,w_tCOgxXKwA,,False,@zephyr-v8k,"Loved this review, the presenter is very informative and entertaining. Subscribed.",3,True
UgwtB04WYP3t59Wl-n14AaABAg,comment,w_tCOgxXKwA,,False,@Theo-u7x4k,What an annoying woman,1,True
Ugw2-c3OEpFE33dy4Ap4AaABAg,comment,w_tCOgxXKwA,,False,@ivecounijet,", Why is She is promoting another pile of Chinese junk?. She must be getting something from the EV manufacturers.",1,True
UgxDHo8E8bKx2uona8t4AaABAg,comment,w_tCOgxXKwA,,False,@okcidokcid,The cruise control speed can be adjust in 5mph increments if you push the toggle switch up/down. It can be adjusted in 1mph increments if you hold the button up/down 👍,0,True
UgzkD7XQA9scMebYEv14AaABAg,comment,w_tCOgxXKwA,,False,@heinzmeyer8888,"Nice car, but the charging speed is rather disappointing: at 150 kW DC charging stations it takes at least 26 minutes to go from 30% to 80% SOC and then only 11kW instead of 22 kW are available at the wallbox.",1,True
Ugw-UClHC381MBT53LV4AaABAg,comment,w_tCOgxXKwA,,False,@Albert-o7f2b,"Make that a long roof/touring or a hatch/liftback and it would earn my cash in a nano second, if...it was available here. In my dreams.😢",0,True
UgytFo4iXfmRqYadU_Z4AaABAg,comment,w_tCOgxXKwA,,False,@Albert-o7f2b,"I  hate watching vids of cars i can't get here in the retarded USA. 

But, I just love your reviews ❤",0,True
Ugx7GYuvcrDY2wVBsCd4AaABAg,comment,w_tCOgxXKwA,,False,@robmurray6676,I suppose you could buy one,0,True
UgzkrZ3VMWtYCo1KSyt4AaABAg,comment,w_tCOgxXKwA,,False,@birdyashiro1226,腊肠狗太萌了。。。,0,True
Ugz93bjUwcFpzCZBj6F4AaABAg,comment,w_tCOgxXKwA,,False,@Aussie-Greg,"I’ve had mine for several months here in Australia, it really is a well made car, it’s quiet with no rattles unlike my c class Merc and plenty of performance",0,True
UgzZIRE1kns3PoE6Z294AaABAg,comment,w_tCOgxXKwA,,False,@leegoodman7760,"for the phone charger, if you put a andorid(chinese andorid) phone, it's a fast charger. Apple just doesn't have fast charging function. I think that's why. 😅",0,True
UgwnZ4IXTIBsdc7X6-h4AaABAg,comment,w_tCOgxXKwA,,False,@northernsamba7388,"Great mate! But we can't get it in C-A-N-A-D-A. Because these idiot politicians won't let us have it. Democracy eh, Freedom eh!",1,True
UgwZHa1VpC3qfB9dnz54AaABAg,comment,w_tCOgxXKwA,,False,@FleetAdmiral215,"The indicator noise reminded me of my Dad's Ford Cortina in the 70's, Great video, as always",1,True
UgwZHa1VpC3qfB9dnz54AaABAg.APbZm8KRMZxAPcAt6RnPRp,comment,w_tCOgxXKwA,UgwZHa1VpC3qfB9dnz54AaABAg,True,@Electrifyingcom,Ha! Glad we could bring back some fond memories for you. 😊,0,True
Ugy_zUtFpai1tXlbpLh4AaABAg,comment,w_tCOgxXKwA,,False,@kslam2546,"Of course it is a national security threat. You should never have allowed that over the air software update. They could just stop your car on demand, thereby endangering your life. Listen to Norway. Return that seal.",0,True
Ugy_zUtFpai1tXlbpLh4AaABAg.APbQK4RNyfyAPccSNfvwGo,comment,w_tCOgxXKwA,Ugy_zUtFpai1tXlbpLh4AaABAg,True,@AmelieZh,Norway is shit,0,True
UgxTDJPTr95X0su0sPZ4AaABAg,comment,w_tCOgxXKwA,,False,@AndyFarrell008,"Push button, wait for door handle to pop out, open door Vs just open the door. I do not get pop-out handles. They sound annoying. Most of the rest sounds very appealing.",1,True
UgwcFCqoQ3O1EkoGoHB4AaABAg,comment,w_tCOgxXKwA,,False,@jb_buri,what's with all this gluing laptops to the dash......,0,True
UgxmDQc4DIxLleY3kMR4AaABAg,comment,w_tCOgxXKwA,,False,@TomE-g1z,Chinese. Automatic NO,0,True
UgyssTYG6klFm3ZLxth4AaABAg,comment,w_tCOgxXKwA,,False,@michaellazarevski5614,"you are all fools playing to the masters tune. The product is rubbish. It's ruining your countries livelihood. Stealing your hard earned money. Most of all, destroying the earths resources!",0,True
UgxqKSALR_vBmMru79B4AaABAg,comment,w_tCOgxXKwA,,False,@arthurkingii2476,"Thank you for your very informative video.  I'm expiating to a Caribbean island that has no fear of Chinese EVs dismantling their EV market making BYD, MG and a ton of other Chinese EV auto brands readily available.  Given your review and some comments below, I will definitely check out BYD.  BTW, when you were telling your cupholder story, I was thinking to myself, then what the hell is that shinny button for.  Seconds later you pressed it, and sure enough, POP!  LOL!  I'm IT.  That's how we troubleshoot.  Just start clicking random stuff.  Thanks again.",2,True
UgzjhkODxf5RcvoXIdp4AaABAg,comment,w_tCOgxXKwA,,False,@RK77789O,Beautiful vehicle.❤,1,True
UgxMnj3s_sywgZQEsrV4AaABAg,comment,w_tCOgxXKwA,,False,@Karyabs,Looks great except for the English people's obsession with black car interiors,0,True
UgzDH6rqFpb24MBwLPJ4AaABAg,comment,w_tCOgxXKwA,,False,@Joey-z9t9j,God how annoying is she!,0,True
UgwBq_UfXB0R39j20Wt4AaABAg,comment,w_tCOgxXKwA,,False,@Paul-c5x7t,I completely agree with you on tyre profiles. I have a Mazda 6 running on factory OEM 235/45 R19 rims and tyres. It's nowhere near forgiving enough for Britain's smashed up roads. Your BYD will have active suspension which helps massively. My car doesn't.,0,True
UgzprNW45Sf73y-YY4d4AaABAg,comment,w_tCOgxXKwA,,False,@PatricksFinanzen,"I had to comment, this review was great. Funny and informative. Thanks for that.",1,True
UgzprNW45Sf73y-YY4d4AaABAg.APatJlsxGstAPcApGR13qV,comment,w_tCOgxXKwA,UgzprNW45Sf73y-YY4d4AaABAg,True,@Electrifyingcom,You're very welcome! We're happy you liked it. 😊,0,True
UgzOGPw21WNjY7Y7l3J4AaABAg,comment,w_tCOgxXKwA,,False,@yudhabagaskara98,World's most successful and popular sedan right now. Let that sink in,0,True
UgwnuOVnV_iE477KW8l4AaABAg,comment,w_tCOgxXKwA,,False,@johnsimpson1574,Fantastic car and great review. BYD are destroying legacy motor manufacturers.  Great new world,0,True
UgxlzNqZhS0M-87SmCh4AaABAg,comment,w_tCOgxXKwA,,False,@jakepeters4337,"Best reviewer, informative and entertaining.",1,True
UgxlzNqZhS0M-87SmCh4AaABAg.APahhSYtQLgAPcAoUMBurW,comment,w_tCOgxXKwA,UgxlzNqZhS0M-87SmCh4AaABAg,True,@Electrifyingcom,Glad you enjoyed it!,0,True
UgyvdIYy2n0ullnBE5x4AaABAg,comment,w_tCOgxXKwA,,False,@fnumasnaga8327,"I want to buy it. But, it is not available in the USA.",0,True
Ugw2shf9EyZ3Ir19Pyx4AaABAg,comment,w_tCOgxXKwA,,False,@mmzheng,Tesla’s stock price will be wiped out 90% if this car allows to be sold in the US,0,True
Ugw4PCw8a2Tt6g-Gv514AaABAg,comment,w_tCOgxXKwA,,False,@soniatg1,"I drove a BYD and it is indeed really nice car. When and if I buy newer car, it will be BYD next I think. Esp the blade batteries are very safe.",0,True
UgxVSCWoi2Q2K6o9e094AaABAg,comment,w_tCOgxXKwA,,False,@twenty-twenty,She’s so good. The car I mean. No Nicolas’s good too.,0,True
Ugwrxq1mws1L-4wgEeR4AaABAg,comment,w_tCOgxXKwA,,False,@Mr.HarryWild,BYD is even taking over Hyundai/Kia EVs!  Wow!,0,True
UgxlLu20t9mJcRXiH1V4AaABAg,comment,w_tCOgxXKwA,,False,@dagispappan,"Or you can have ""bad luck"" like the colleague in Finland and need to replace all the brakes at the 30,000-mile service. The BYD Seal is far from an okay car. It performs quite poorly in winter since it takes forever to warm up, leaks cold air into the cabin, and you can't defrost the windows from the mobile app, so you end up sitting in a cold car to heat the windows. The battery is cooled with AC gas, which is basically worthless but the cheapest solution. The UI is horrible, and after 1.5 years with several updates, it's no better. I've replaced all the door handles because they stop working, the frunk—after 8 trips to the workshop—still can't be opened properly, the charging port has been replaced, special software was needed to get the DC charger working normally again (though it's crap again after the latest update), preheating the cabin turns on the low beams, the tires the car came with have really poor grip, starting Spotify adds a warning notification that can't be removed and it overlays other warnings that you then miss, the rotating screen is fun for the first week, the car is far from efficient, ADAS can't handle cold and shuts down all assist systems (including regular cruise control), the accelerator pedal has a 1-2 second lag, comfort braking doesn't stop the car completely even if you stomp on the brake, like in a panic situation, the autopilot is super nervous and crap, the steering wheel buttons are mushy and don't always work, the sound system is ""meh"" at best, the AC can't clear fog in winter/autumn, to get 21 degrees in the car you need to set it to 28-29 degrees, the fan speed is super erratic now, the front dampers are ridiculously spongy (think old police car bounce), the front parking sensors aren't on the EU model but only angled forward, which means when you park against a wall, the car thinks something is coming from the side and switches from the front camera to the side cameras... and these side cameras are rotated 90 degrees, making them almost completely unusable... but it looks good from the back at least ^^ /Seal 2024 AWD owner with 44,000 miles on the odometer.",0,True
UgycAdBBnnihttxTbAB4AaABAg,comment,w_tCOgxXKwA,,False,@dagispappan,https://www.youtube.com/watch?v=FZMOa14hfRs,0,True
UgxJZrFqrLfipMlu7fR4AaABAg,comment,w_tCOgxXKwA,,False,@Schwingi,I love it!,1,True
Ugy9bfMqqIplpfeEfQ14AaABAg,comment,w_tCOgxXKwA,,False,@kibbles5724,"Of course you do, look at the rims on that sexy beast 😍""teslar"" could never 😂",0,True
UgxcsRjMIQO9cOd7f8R4AaABAg,comment,w_tCOgxXKwA,,False,@scottshepherd8266,Excellent review,1,True
UgxcsRjMIQO9cOd7f8R4AaABAg.APaE5OSUQllAPcAqy3Wi1c,comment,w_tCOgxXKwA,UgxcsRjMIQO9cOd7f8R4AaABAg,True,@Electrifyingcom,Glad you thought so too!,0,True
UgwFr6dSuwoSrhe-SHF4AaABAg,comment,w_tCOgxXKwA,,False,@jamiewalton666,"I have the exact same car except it is in Atlantis Grey which is definately my favourite colour,its more of a bluey grey.Everyone comments on how nice it is.
I bought it in March and it is an amazing car.",0,True
Ugy5uvn6k-8b3wLHuE54AaABAg,comment,w_tCOgxXKwA,,False,@heldawowiling,driving byd seal for 11 months now.. 26km already.. and i loveeeee it! ❤,19,True
UgxzTU9GWUoBCLCCZEd4AaABAg,comment,w_tCOgxXKwA,,False,@fwd79,"Not bad for a Tesla copycat I mean ""inspiration"" haha",1,True
Ugz_YK8v8xOXHGx7lBx4AaABAg,comment,w_tCOgxXKwA,,False,@NickWainwright6970,Could be bust in 2 years,0,True
UgyiMAdJGL1UHG5c30p4AaABAg,comment,w_tCOgxXKwA,,False,@rod2508,"I have owned the perfoirmance for roughly 2 months, aside from the battery/distance milage (I came from a standard ICE car with nearly 800km range), its an amazingly good car.
The performance has insane levels of torque, great to leaving people at traffic lights in the dust (without even breaking speed limits). I typically run the car in ECO but the sports mode is next level sports car enthusiast.
The interior is great. Highly reccomend the full leather. The boot space is great. The new sunroof has an electric shade so you dont have to worry about heat.
I heard a lot of people complain about the sound system but it just required a few tweaks and I still cant play it at full volume without hurting my ears. 
Recharge on 7kw single phase takes about 8 hours from 30% to 100% (assuming you run it down like I do and thats almost a week of to and from work). From 30% to 100% on 75kw at the local DC charging station is about 30min. This would be substantially less if there was a local DC charger that could do 150kw but I live in a more regional area and not in the city. I guess eventually the infrastructure will catch up. I just use the time to go shopping and come back to a full car.
Prices? Well I went from a petrol  v6 that was costing me around $100-$120 a week. Now I'm pulling around $30 a week on the public charger (which would be less half that if I had a  7kw charge port installed at house). The price goes up to about $45 at a DC charger (higher fees per kW). Needless to say that for a car that weighs over 500kg more than the previous petrol sedan, I'm very impressed.
Oh I live in Australia too.",1,True
UgyiMAdJGL1UHG5c30p4AaABAg.AP_xjWRbOR9APaRhOPIQCV,comment,w_tCOgxXKwA,UgyiMAdJGL1UHG5c30p4AaABAg,True,@QingYuan-vw4pc,我也非常喜欢电车的运动模式，推背感太强烈了，如果电池续航可以大幅增加，我就不会因为需要长途行驶而选择油车了,0,True
UgztqgKcAlRC11V4muJ4AaABAg,comment,w_tCOgxXKwA,,False,@ravenmax,The most funniest car introduction i've watched.😀Thank you.,5,True
UgySaiNdmVgkmF1jY054AaABAg,comment,w_tCOgxXKwA,,False,@tom-xf9xs,"Spontaneous combustion, spyware, kill switches.... no thanks.",0,True
UgwgzKBms15eC-m9vNp4AaABAg,comment,w_tCOgxXKwA,,False,@emil-ingeren7830,Good and funny presentation,1,True
Ugyn0qg6bc7mgS0Cnrt4AaABAg,comment,w_tCOgxXKwA,,False,@danflowers3701,"Love your videos! Had the car since March and its so impressive. Couple of bits...
You can change the indicator sound. 
You can change cruise control in single values, just hold the button, dont press. 
You can make unlock/lock turn your car on and off, so never need to touch the stop/start.",3,True
Ugyn0qg6bc7mgS0Cnrt4AaABAg.AP_reTFQ110APcAybEq8M4,comment,w_tCOgxXKwA,Ugyn0qg6bc7mgS0Cnrt4AaABAg,True,@Electrifyingcom,So glad you're enjoying the car and the videos!,2,True
UgyJtZdel2mbtXUB8814AaABAg,comment,w_tCOgxXKwA,,False,@FajnyLuki79,"I love this review! And a car too, despite never drove it so far 😅",2,True
UgwlKwDgdHmdd10U2jl4AaABAg,comment,w_tCOgxXKwA,,False,@chidiebere6131,Nice design,0,True
UgwAmlqeeq-k1BODMnN4AaABAg,comment,w_tCOgxXKwA,,False,@lhyhaarlem,"Firsrly watch Mat to see how to drive a car, then follow Nicola to learn how to live with this car 😂🎉",0,True
UgwLbC0vwJF-mk2fDmp4AaABAg,comment,w_tCOgxXKwA,,False,@Ghosn,Not one shot of the steering wheel 👎,0,True
UgxrKuLRoa-GQ2ahQLZ4AaABAg,comment,w_tCOgxXKwA,,False,@Kuntakinte-p3v,"Let the west talk shit what they want, but Byd Yangwin whatffr China is coming no matter what and am happy",0,True
Ugx-gq0Ry6CQO41T7-h4AaABAg,comment,w_tCOgxXKwA,,False,@kimhansen2712,Got one and I LOVE IT ❤,1,True
Ugzz_dLjyAWxuZrbv2N4AaABAg,comment,w_tCOgxXKwA,,False,@_CasualJan,"Great review. We own a Seal Performance here in Australia - with the same 3.8s badge on the bootlid. 

I had a bit of a double take though when you mentioned the price of your Seal in the UK. Here in Aus, it is around A$65,000 drive away. Which converts to £32,208 based on today's exchange rate.

We've had it for about 6 months, and like you, have loved our time with it, and have zero regrets in choosing the Seal. 

The biggest minor annoyance for me is the ""design"" (?) of the front and rear cameras. I find the vision from them obscured too easily when it is raining. Maybe if the design/placement of them protected them a bit better from rain..? 

Like you, I haven't really used the Eco mode. Here in Australia, I use Sport mode to leave bros in modified Rangers and Hiluxes in the dust.",4,True
Ugzz_dLjyAWxuZrbv2N4AaABAg.AP_HQM7d10aAPfUbVa0LC6,comment,w_tCOgxXKwA,Ugzz_dLjyAWxuZrbv2N4AaABAg,True,@CHINAxiaobei,Tax differences result in price disparities.,0,True
Ugzz_dLjyAWxuZrbv2N4AaABAg.AP_HQM7d10aAPgHvOLtKRq,comment,w_tCOgxXKwA,Ugzz_dLjyAWxuZrbv2N4AaABAg,True,@janeth.3283,Great to know from a fellow Aussie. I’ve heard so many negative comments about Chinese EV’s.,0,True
Ugzz_dLjyAWxuZrbv2N4AaABAg.AP_HQM7d10aAPgwGnEn-s4,comment,w_tCOgxXKwA,Ugzz_dLjyAWxuZrbv2N4AaABAg,True,@_CasualJan,​@janeth.3283 Happy to answer any questions you might have!,1,True
UgwuE2Lovox4dxRWipF4AaABAg,comment,w_tCOgxXKwA,,False,@pt020,Looks to me a bit cheap quality.,0,True
UgzML--m_bvOdkDzz3t4AaABAg,comment,w_tCOgxXKwA,,False,@nhs2288,Nice car❤,0,True
Ugx402Q-sV5MBDjo7KB4AaABAg,comment,w_tCOgxXKwA,,False,@DANIELULTRA-DEEP,great to see British like Chinese made car! win-win!,1,True
UgxEZYe1RGiwJBgyq_R4AaABAg,comment,w_tCOgxXKwA,,False,@perlkingneo,"523 hp you think it's stupid powerful, then what U9 2000hp feels like? We are not allowed to own this stood stuff in Canada, unfortunately.",0,True
UgxvRxsHY6d2hlSErYN4AaABAg,comment,w_tCOgxXKwA,,False,@MrBillyLondon,"Nicola not using Tesla?
Nicola Tesla",0,True
UgzGjzBBy4JF_nukGcZ4AaABAg,comment,w_tCOgxXKwA,,False,@Taiwalaier,"I have driven both the Model 3 and this BYD Seal, and both have excellent handling. However, the comfort of BYD is better, the handling of vibration is softer, and the space is larger. Interestingly, Chinese consumers do not like the single-pedal mode very much because it does not conform to traditional car usage habits. Later, BYD specially made a traditional mode for this, and also added a mode to prevent car sickness.",0,True
Ugwni5LaeslkXdA4uwB4AaABAg,comment,w_tCOgxXKwA,,False,@kazraj3591,"I put this video on for about three or four minutes after that turned it off. I like going through the car reviews but I hate this comedy that is in there just do a car review. No one gives a fuck about the comedy. We are watching a car review for a car review, we don’t need to hear you blowing raspberries And we don’t need you running from one of the other end when you’re telling us the length not everyone wants to be entertained. We are not going to some kind of comedy show if we want that we will watch a video of some kind of comedian. Just stick to reviewing the cars.",0,True
UgwoUR8N0j6h8lsSrip4AaABAg,comment,w_tCOgxXKwA,,False,@Low.Level.Fugazi,She definitely likes the traffic light grand prix,0,True
UgwNXxDhoc1ye5aopGd4AaABAg,comment,w_tCOgxXKwA,,False,@seanbramble4649,That is so sweet. I wish I had the money to buy you your own BYD Seal.,0,True
Ugyr4bCulkVE4ZuRN8J4AaABAg,comment,w_tCOgxXKwA,,False,@parisparaskevopoulos3069,The flight management computer of a comercial airplane is easier to set up.,0,True
UgxyagCc92ifQcffhId4AaABAg,comment,w_tCOgxXKwA,,False,@MelonBwead,who did the audio checks in this video....?,0,True
UgwroDoYx7zt1WJLFWJ4AaABAg,comment,w_tCOgxXKwA,,False,@gazhodge99,It's a brilliant car,2,True
Ugw78vmnJ8_4ApKMXrN4AaABAg,comment,w_tCOgxXKwA,,False,@1xXNimrodXx1,Would love to see a Version where the boot opening lid includes the rear window. I hate those small lids.,0,True
UgygLz1y8uvY0C7m3K14AaABAg,comment,w_tCOgxXKwA,,False,@ourcolonel1685,I asked this one person about BYD cars.  He claimed the cars fall apart after one year or 20k or 12k miles.  Is that accurate or is he blowing hot air?,0,True
UgygLz1y8uvY0C7m3K14AaABAg.APZKSiGcjSTAPZWCpmUhIP,comment,w_tCOgxXKwA,UgygLz1y8uvY0C7m3K14AaABAg,True,@supernovaHZ,BYD has 8 years warranty.  Go book a test drive.,1,True
UgwuEZ2GNRWpKn6vgB94AaABAg,comment,w_tCOgxXKwA,,False,@뉴욕형_1981,Just like Hyundai sold more than anyone in US because they decided to make affordable cars and great services for people.,2,True
UgyQyUDb7F8c6yLixIp4AaABAg,comment,w_tCOgxXKwA,,False,@Class60,Thanks.,0,True
UgyyOBOtB7g_t54NZE54AaABAg,comment,w_tCOgxXKwA,,False,@Leithyl,"Man you bits pay a lot for Chinese EV's. Ouch! Top of the line seal in NZ is 33,228 GBP. Buy one from NZ and import it!",1,True
UgzsNqdpIycO_pgbZbh4AaABAg,comment,w_tCOgxXKwA,,False,@alko_xo,"Isn’t it like any British woman can afford a British £200,000 Range Rover just because they're both great?",0,True
UgygRIx6OGbJ15Phbpx4AaABAg,comment,w_tCOgxXKwA,,False,@MrHejnis,THE EXELENT!! The Chinese has put it in to production!!,0,True
UgyqTCnJuKwlfXYSbh94AaABAg,comment,w_tCOgxXKwA,,False,@indiavan7986,"Can anyone tell how if your holding your phone your breaking the law. Yet your expected to use a 15"" tablet whilst driving? And thats fine.?   Also its your car yet at the whim of whom?  one day you need to relearn how to use it.  What happens when they remove support for your hardware or software .   It listens to you, really ... better not get road rage then.  When you reach the age you need readers, distance is fine ? How the bloody hell do you operate a touch screen whilst driving.  This is a computer on a pcp. Oh and for an average driver 3.8secs    0-62mph  is quite simply maddness.  Wow it made it to north wales .... fab must buy one then.   Or maybe not don't like Wales although 20mph helps range a little.  But basically she has had a free car for a few months and you should buy one.",0,True
UgwVPaA_xpFXHtQxOH14AaABAg,comment,w_tCOgxXKwA,,False,@neuroatypicO,Is this car allowed in UK? 🤣😂,1,True
UgxVP3Trlm7C1Wb37014AaABAg,comment,w_tCOgxXKwA,,False,@MrDabadabadu,4.8 not 4.9m,0,True
UgzqFeFQtzr7qUqjkRt4AaABAg,comment,w_tCOgxXKwA,,False,@chavotuxtla,"Funniest  car review ive ever watches 😂....the holes-fobia and ""squishy ball"" made lmafo.  Excellent  review also....!",0,True
UgwgxCAifT2B_wOnHz14AaABAg,comment,w_tCOgxXKwA,,False,@dtongo,"That's a great review, thanks",1,True
UgwgxCAifT2B_wOnHz14AaABAg.APZ-QxivEQEAPcAwwOf7IZ,comment,w_tCOgxXKwA,UgwgxCAifT2B_wOnHz14AaABAg,True,@Electrifyingcom,So glad you enjoyed it!,0,True
Ugxj4OvtDPZSe0-Df8B4AaABAg,comment,w_tCOgxXKwA,,False,@Jaw0lf,"I tried a BYD seal and at 6'2"" with a bad neck I found it very difficult to get into. So, it was no good for me to use, but quality and the car itself looked great. I ended up going with a Model 3 and absolutely love it. 
Glad you enjoyed the car, living with it for 5 months.",0,True
UgzF6u_AZ1jKpLZY40N4AaABAg,comment,w_tCOgxXKwA,,False,@Commentariat-t1f,"Wait until China begins hostilities in SEA, then you will have zero technical support or spare parts. Bad car choice!",0,True
UgyOzWAshst5WHxWxZB4AaABAg,comment,w_tCOgxXKwA,,False,@leejones3377,"Small problem, they weigh that much that you can't use the meet and greet at Manchester Airport, they'll cancel your booking and move you to another car park. I think the gross weight is over 2500kg, the model 3 isn't as heavy.",0,True
Ugyy-IowaoV0yJP7Idl4AaABAg,comment,w_tCOgxXKwA,,False,@stepheng8779,Overpriced.,0,True
Ugyy-IowaoV0yJP7Idl4AaABAg.APYjh2-2sydAPbtElxT1fI,comment,w_tCOgxXKwA,Ugyy-IowaoV0yJP7Idl4AaABAg,True,@Aussie-Greg,Not in Australia,0,True
UgzGj00TleyjEBAyDXp4AaABAg,comment,w_tCOgxXKwA,,False,@rickyzmkuo,indeed some parts of what you introduced were REALLY NICHE lol,0,True
Ugyo_DgkmiQkR1k09-R4AaABAg,comment,w_tCOgxXKwA,,False,@nbktube1171,Doesn't it have sentry mode like tesla?... you need to name and shame the tesco culprit!,0,True
UgyvYBEYhwIaJshEX1h4AaABAg,comment,w_tCOgxXKwA,,False,@brandstof6601,Except your sponsoring the CCP and the death of the UK car industry ....shame on you 🤮,0,True
Ugw73wqBDWT-nUozWud4AaABAg,comment,w_tCOgxXKwA,,False,@kenny32vr77,The new ui looks beautiful. Much better than the old one. To old one looked a bit like a tablet from Temu 😂,0,True
UgwTsz1aoPtqZFDl94t4AaABAg,comment,w_tCOgxXKwA,,False,@charlesren4408,"I'm the very first batch owner of the BYD Seal in China back at the end of 2022. It literally shocked me when I did the first test drive; it was not like any Chinese car I've driven before. The performance, handling, design—everything is perfect! And a fun fact: the first generation of Seal was equipped with the latest performance tire from Continental, the SC7. It's a wonderful combination. Sadly, they stopped using that tire ever since the second generation.",6,True
UgwzIEPQ4bsNypCaQct4AaABAg,comment,w_tCOgxXKwA,,False,@SeegillGambia,Chinese are giving away cash to motor analysts  to sell in the west. Ofcourse they won't say the bad things but follow chinese cash.,0,True
UgzcJqYW9IO9DRm_jOJ4AaABAg,comment,w_tCOgxXKwA,,False,@Najeebster,Shame it’s not a hatchback style boot. But at least we’ll likely get the Seal 06 GT here next year,0,True
UgzMpI7hrlxdNldrgWN4AaABAg,comment,w_tCOgxXKwA,,False,@bobbyjones2112,Too bad we don’t get these in the US.,0,True
Ugz6sH5eCwOCh2fV4314AaABAg,comment,w_tCOgxXKwA,,False,@themightyjuju,I would like to have seen the back seats?,0,True
UgzRp5B8I34oo-RsluJ4AaABAg,comment,w_tCOgxXKwA,,False,@chaozi6688,Haven't you thought that Apple phones don't support fast charging?,0,True
UgzOyLFLQXCGtvG1fm94AaABAg,comment,w_tCOgxXKwA,,False,@xiaowuxu7020,口红在英国很贵吗？,0,True
Ugz0-v7kmjG-XFVsrG54AaABAg,comment,w_tCOgxXKwA,,False,@alloygold,Women 😂,0,True
Ugz0-v7kmjG-XFVsrG54AaABAg.APYOedZMN1mAPYTzbbaEWb,comment,w_tCOgxXKwA,Ugz0-v7kmjG-XFVsrG54AaABAg,True,@nicolahume,I know right?🙄,1,True
UgyixGbhY3nm_h_UjvR4AaABAg,comment,w_tCOgxXKwA,,False,@stevegeek,I'm sure the supermarket trolley incident was no accident. I had something similar happen to my EV (Honda e:Ny1) a few days after I got it. Like to catch the buggers doing it.,0,True
UgxsicA0ppVfJqm5T7x4AaABAg,comment,w_tCOgxXKwA,,False,@JamesHardiman99,妮可拉，你真可爱！(that's Mandarin for you are very cute!),0,True
UgyzmTrjtkotOw6ymhN4AaABAg,comment,w_tCOgxXKwA,,False,@GrahamReid34,"3 years with 15,000 miles a year, £1500 deposit is £483 a month 👍🏼",0,True
UgzOlbJ_C6_16Z-jKrN4AaABAg,comment,w_tCOgxXKwA,,False,@robinxiang333,"The cup holder story is so funny, but it also shows your review is 100% authentic.",211,True
UgzOlbJ_C6_16Z-jKrN4AaABAg.APYKscre_xWAPYU1OKIcdX,comment,w_tCOgxXKwA,UgzOlbJ_C6_16Z-jKrN4AaABAg,True,@nicolahume,Always,5,True
UgwaFA_u9bVuNv5ne7h4AaABAg,comment,w_tCOgxXKwA,,False,@Chocola8efactory,Would you say it's same performance expectation for Sealion 7?,0,True
UgwLcTQhgagzlWqh3zd4AaABAg,comment,w_tCOgxXKwA,,False,@chilllytube,What an annoying presenter. Focus on all the tacky shite that real people don't care about. Waste of the 10 minutes I watched it for.,0,True
UgysW_MHVUnURqungL14AaABAg,comment,w_tCOgxXKwA,,False,@EChid,The lack of one pedal driving is a deal breaker for me with EVs. Its one of the best aspects of them.,1,True
UgysW_MHVUnURqungL14AaABAg.APYJHpYihgOAPbhQW86T80,comment,w_tCOgxXKwA,UgysW_MHVUnURqungL14AaABAg,True,@alexj2869,how is it best?  and how is it safer than traditional 2 pedels?,0,True
UgysW_MHVUnURqungL14AaABAg.APYJHpYihgOAPc0Wufk_zJ,comment,w_tCOgxXKwA,UgysW_MHVUnURqungL14AaABAg,True,@EChid,"​@alexj2869Yes, I'd say it is since it makes the transition from accelrate to brake faster. Beyond that, for people who love manuals because you feel more connected and in control, one pedal driving is the closest I've experienced to that. It's great on twisty B roads because it makes all the speeding up and down effectively one smooth foot motion.",0,True
UgysW_MHVUnURqungL14AaABAg.APYJHpYihgOAPcBl9giFns,comment,w_tCOgxXKwA,UgysW_MHVUnURqungL14AaABAg,True,@alexj2869,@EChid how to stop suddenly when needed?,0,True
UgysW_MHVUnURqungL14AaABAg.APYJHpYihgOAPcDaSa_UJo,comment,w_tCOgxXKwA,UgysW_MHVUnURqungL14AaABAg,True,@EChid,"​@alexj2869There is still a brake pedal and actual brakes on the car, and it would have started braking several milliseconds earlier as soon as you started lifting off the accelerator pedal.",0,True
UgysW_MHVUnURqungL14AaABAg.APYJHpYihgOAPcDqrS3o-6,comment,w_tCOgxXKwA,UgysW_MHVUnURqungL14AaABAg,True,@EChid,"​​@alexj2869 to clarify, 'one pedal driving' doesn't mean there's only one pedal. There are still two as with any automatic car. It's called 'one pedal driving' because you spend the vast majority of your time driving using only one pedal, with much less switching between.",0,True
UgysW_MHVUnURqungL14AaABAg.APYJHpYihgOAPcZK7FZyX3,comment,w_tCOgxXKwA,UgysW_MHVUnURqungL14AaABAg,True,@alexj2869,@EChid might be a hazzard when too used to 1 pedal,0,True
UgysW_MHVUnURqungL14AaABAg.APYJHpYihgOAPcc9ViwPO6,comment,w_tCOgxXKwA,UgysW_MHVUnURqungL14AaABAg,True,@EChid,"​@alexj2869No, I've driven EVs like this over long distances. You don't forget where the door handle is just because you use it once, and its like that with the brake pedal. Plus, if you don't like it you can just turn it off.",0,True
UgysW_MHVUnURqungL14AaABAg.APYJHpYihgOAPeFYk1GGzD,comment,w_tCOgxXKwA,UgysW_MHVUnURqungL14AaABAg,True,@alexj2869,"@EChid when ingrained to 2 pedal theres no fail. when ingrained in 1 pedal....     then, i think might be problems",0,True
UgysW_MHVUnURqungL14AaABAg.APYJHpYihgOAPeay7QuhSA,comment,w_tCOgxXKwA,UgysW_MHVUnURqungL14AaABAg,True,@EChid,​@alexj2869I think you should just try it before you look for problems with it. You still use the brake pedal regularly and the car is much more responsive to your inputs. Its not remotely dangerous.,0,True
UgytLiAG4V-qLlEkKCl4AaABAg,comment,w_tCOgxXKwA,,False,@mickymost8887,Great presentation….,0,True
Ugy09eF5AP7i5OfZ2Xh4AaABAg,comment,w_tCOgxXKwA,,False,@alexpan8138,"Greetings from China, nice video. Btw the price of this car AWD performance version is 250000CNY or 25k British pound in China. 😊😊",0,True
Ugx0p2HApMHEOAQ2J2N4AaABAg,comment,w_tCOgxXKwA,,False,@pkerry12,"byd software is terriable, doesn't have sentry mode doesn't have a 8 camera dashcam system, doesnt' have FSD. its basically a ice car but insead of an engine they put a ev motor in it. If you are someone that doesnt' want to embarse the future then buy a byd.",0,True
UgwUE49HuNq2-uPDRLN4AaABAg,comment,w_tCOgxXKwA,,False,@CookingwithYarda,"Thank you rich girl, now move on ",1,True
Ugyd9bgyAazblbolrXN4AaABAg,comment,w_tCOgxXKwA,,False,@pgilb70,Gd cars but not as efficient as the model 3,0,True
UgwHf31uXiJ8DVl3wcd4AaABAg,comment,w_tCOgxXKwA,,False,@christopherj2231,"A black car on a black road is a bad idea.

Thank you.",0,True
UgxFH2PfoLI2iG6TYHF4AaABAg,comment,w_tCOgxXKwA,,False,@Isclachau,WTF People are not looking because it’s stylish 😂😂 it’s hideously ugly. Damn girl buy some glasses 👓,1,True
UgxFH2PfoLI2iG6TYHF4AaABAg.APY9i4Mwn5oAXRooBnxXW7,comment,w_tCOgxXKwA,UgxFH2PfoLI2iG6TYHF4AaABAg,True,@oddjobsandrandomprojects,Another worthless comment from the person who fears reality.,0,True
UgyLuyQ8WdNgMyijK-54AaABAg,comment,w_tCOgxXKwA,,False,@supercarMOMcbrtkk,I have been having this one for a year now. I drove it in China 🇨🇳 first thing in 2023.after 5 months BYD give me one. I love it,8,True
UgxdVNG0OiwVOqqAXgh4AaABAg,comment,w_tCOgxXKwA,,False,@TeaVR,Be great to see you review some internal combustion cars!,0,True
UgynaLwHUsHNmUhgS1V4AaABAg,comment,w_tCOgxXKwA,,False,@jakl399,"Subsidized Chinese electric car. It's not a fair trade. I've bought a used European electric car, because I will support European car makers, it's sustainable and last but not least it secures jobs.",1,True
UgynaLwHUsHNmUhgS1V4AaABAg.APY6Md8bvBvAPe489ccl4z,comment,w_tCOgxXKwA,UgynaLwHUsHNmUhgS1V4AaABAg,True,@Riannu-i8x,Lol. Look how europeans have the nerve to mouth subsidies as if they habe not pioneered it. Or another moronic word like overcapacity. Like when Germany with just 80m people dominated the chinese market of 1.3b people for nearly 2 decades but pissed away the trillions they earned there,1,True
Ugx-P5Dqw0HpR8DBncN4AaABAg,comment,w_tCOgxXKwA,,False,@makesomething8854,"Thank you for review really nice. As far as i know about Android system that install in BYD, it is open to install any program from play store( should be installed from USB storage), so you can use it as a tablet.",0,True
Ugzkz3xxYV0aoGKEMp94AaABAg,comment,w_tCOgxXKwA,,False,@cristianmorar5558,"I hear a bark from somewhere: ""China, China, China !""",0,True
UgxcVjQrcQH28N9Pt814AaABAg,comment,w_tCOgxXKwA,,False,@tooflesstesla,"Great long-term review ... aside from 21:18 when you talk about price. You drove it 6,500 miles in 5 months but then quoted for 8,000 miles a year at GBP432 per month. What would you really have to pay?",0,True
UgxSzJxi64CpOGYW7G94AaABAg,comment,w_tCOgxXKwA,,False,@robinfrost5561,"6:15, Oh she is always listening. LOL, that's what Chinese dictatorship is all about - paranoia and insecurity that you use private enterprises for global surveillance.....",0,True
Ugx0KY26z1-hN9Zx-ht4AaABAg,comment,w_tCOgxXKwA,,False,@totalsubmition,Crap presenter. Wannabe Davina McCall.,0,True
Ugw9CI4F_APYNUS28n54AaABAg,comment,w_tCOgxXKwA,,False,@Damonpuss,"She was right about the test drive. I went, I drove, I said ""take my money"" 😄 Australia, no regrets at all.",931,True
Ugw9CI4F_APYNUS28n54AaABAg.APY0g0MLbuTAPYisGyPdgl,comment,w_tCOgxXKwA,Ugw9CI4F_APYNUS28n54AaABAg,True,@jimi-w,Same here! 18 months and 26000+km later I'm still happy I did,72,True
Ugw9CI4F_APYNUS28n54AaABAg.APY0g0MLbuTAPljbaOoS-K,comment,w_tCOgxXKwA,Ugw9CI4F_APYNUS28n54AaABAg,True,@ralphzoombeenie2330,"100% happy with my Seal now approaching 2yrs. Zero faults. Previously owned an ATTO3, no faults in 3 yrs, sold as i needed a sedan and couldnt resist more power.",42,True
Ugw9CI4F_APYNUS28n54AaABAg.APY0g0MLbuTAQ6p2UaeI8U,comment,w_tCOgxXKwA,Ugw9CI4F_APYNUS28n54AaABAg,True,@azwads5126,Until it burns your house down 🔥🔥🔥!,4,True
Ugw9CI4F_APYNUS28n54AaABAg.APY0g0MLbuTAQ6zDhK_9J5,comment,w_tCOgxXKwA,Ugw9CI4F_APYNUS28n54AaABAg,True,@ralphzoombeenie2330,@azwads5126 You've fallen for  bs as BYD uses LFP blade batteriesproven to be a very stable chemistry no more likely to catch fire than bananas.,47,True
Ugw9CI4F_APYNUS28n54AaABAg.APY0g0MLbuTAQkni_VfK02,comment,w_tCOgxXKwA,Ugw9CI4F_APYNUS28n54AaABAg,True,@Jrb_Chef,I did exactly the same thing last week.,4,True
Ugw9CI4F_APYNUS28n54AaABAg.APY0g0MLbuTARCMNSmJwee,comment,w_tCOgxXKwA,Ugw9CI4F_APYNUS28n54AaABAg,True,@l806m,I’m doing the same 😅 test drive a Seal and I’m now waiting mine,6,True
Ugw9CI4F_APYNUS28n54AaABAg.APY0g0MLbuTARGIRywdWce,comment,w_tCOgxXKwA,Ugw9CI4F_APYNUS28n54AaABAg,True,@djinghiskhan9199,@azwads5126 Are you getting confused with combustible engines? you know? the things that use a highly flammable liquid and rely on explosions to turn energy into forward momentum.,23,True
Ugw9CI4F_APYNUS28n54AaABAg.APY0g0MLbuTARUwKkyZ1UX,comment,w_tCOgxXKwA,Ugw9CI4F_APYNUS28n54AaABAg,True,@b2unoo7,"​@jimi-wI loved both, Seal and SL7 the moment I tried them, i was blown away... great cars!",14,True
Ugw9CI4F_APYNUS28n54AaABAg.APY0g0MLbuTAS3kD6eSEtf,comment,w_tCOgxXKwA,Ugw9CI4F_APYNUS28n54AaABAg,True,@ebitda8611,"@jimi-w it's crazy cuz if u want a entry level car like camry with similar feature here in US, it would cost you probably 50k.",7,True
Ugw9CI4F_APYNUS28n54AaABAg.APY0g0MLbuTAS3kQUU17NJ,comment,w_tCOgxXKwA,Ugw9CI4F_APYNUS28n54AaABAg,True,@ebitda8611,@azwads5126 you do know even tesla uses BYD's battery right? Lmao... look at the label of your tesla's battery.,24,True
Ugw9CI4F_APYNUS28n54AaABAg.APY0g0MLbuTASXs3JsT8bh,comment,w_tCOgxXKwA,Ugw9CI4F_APYNUS28n54AaABAg,True,@magnusgreel275,"The boot was one of the reasons I decided against the Seal. I went for an Atto 3 instead as my first SUV ever, and it's really nice :) They make good cars.",2,True
Ugw9CI4F_APYNUS28n54AaABAg.APY0g0MLbuTAShtjQviNeY,comment,w_tCOgxXKwA,Ugw9CI4F_APYNUS28n54AaABAg,True,@jimmyholster,"@azwads5126 Petroleum companies will try and put out stuff about EVs being a fire hazard, but they aren't, even less so the BYD ones. Look at the tests they do with the batteries.",3,True
Ugw9CI4F_APYNUS28n54AaABAg.APY0g0MLbuTATZp-A1c9ms,comment,w_tCOgxXKwA,Ugw9CI4F_APYNUS28n54AaABAg,True,@차주식-t9h,"@ralphzoombeenie2330 Could you explain why a Chinese battery vehicle caught fire during a crash test between a Korean ternary battery and a Chinese iron phosphate battery? Several Chinese people died in the Xiaomi car fire incident and other fires in China. Why was the media silenced? Iron phosphate batteries are relatively safe and easy to manufacture, so why do they catch fire when manufactured in China? You've only highlighted the advantages of iron phosphate batteries. Could you also explain their disadvantages? Please don't ignore consumers' right to know.",1,True
Ugw9CI4F_APYNUS28n54AaABAg.APY0g0MLbuTATatwOIjtbW,comment,w_tCOgxXKwA,Ugw9CI4F_APYNUS28n54AaABAg,True,@dennismky,"@차주식-t9h Then you go for your fcking broken korean car, that's all.🤭",0,True
Ugw9CI4F_APYNUS28n54AaABAg.APY0g0MLbuTATnKmQFpwkI,comment,w_tCOgxXKwA,Ugw9CI4F_APYNUS28n54AaABAg,True,@Karlprp,@ebitda8611 nah only model Y use it,0,True
Ugw9CI4F_APYNUS28n54AaABAg.APY0g0MLbuTAUaFTaRlAQH,comment,w_tCOgxXKwA,Ugw9CI4F_APYNUS28n54AaABAg,True,@Poszlivynahuj,Course u are for 48k spend on this car u wont admit was crapy choice where did u service it after 26k milage in friends garage next door.Im sure u love noises by the interior alredy and hows is the range from when u bot untill now im sure it didnt drop down 😂All good u just have to be careful to dont get in to accident most defenetly will catch fire airbags wont deploy I personaly think u part of this stupid Karen comercial where did u even buy this car in UK,0,True
Ugw9CI4F_APYNUS28n54AaABAg.APY0g0MLbuTAUtcZxtOjKB,comment,w_tCOgxXKwA,Ugw9CI4F_APYNUS28n54AaABAg,True,@srlong3067,@차주식-t9h 高丽棒子你在撒谎,0,True
Ugw9CI4F_APYNUS28n54AaABAg.APY0g0MLbuTAUys369QxNj,comment,w_tCOgxXKwA,Ugw9CI4F_APYNUS28n54AaABAg,True,@Luna-dc5yh,LFP batteries are incredibly stable ​compared to NMC...,1,True
Ugw9CI4F_APYNUS28n54AaABAg.APY0g0MLbuTAV8pIobvJGI,comment,w_tCOgxXKwA,Ugw9CI4F_APYNUS28n54AaABAg,True,@JUJU-zv1qe,"@차주식-t@차주식-t9h am not sure if you were trying to do a gotcha moment with your comment, but BYD and Xiaomi uses two different battery technology in their vehicles. Whilst the SU7 focuses on power delivery by prioritising NMC, BYD uses its LFP which provides more security and safety as it can provide 100% full charge without battery degradation. They literally tested their batteries by putting a massive nail through it and crashing it, also what do you mean the media was silent on the crash, it was all over Chinese social media. I think you are just racist",11,True
Ugw9CI4F_APYNUS28n54AaABAg.APY0g0MLbuTAVT5E9d-Hjl,comment,w_tCOgxXKwA,Ugw9CI4F_APYNUS28n54AaABAg,True,@DesignVisStudios,same,1,True
Ugw9CI4F_APYNUS28n54AaABAg.APY0g0MLbuTAVm0xE3foVQ,comment,w_tCOgxXKwA,Ugw9CI4F_APYNUS28n54AaABAg,True,@RylanStorm,"​@차주식-t9h That's called anecdotal evidence. ICE cars also catch fire and people die in those also. 

The statistics show that an ICE car is 8 times more likely to catch fire than an EV",3,True
Ugw9CI4F_APYNUS28n54AaABAg.APY0g0MLbuTAXT0x772sU0,comment,w_tCOgxXKwA,Ugw9CI4F_APYNUS28n54AaABAg,True,@Chris-b1n9c,i did the same,0,True
Ugw9CI4F_APYNUS28n54AaABAg.APY0g0MLbuTAXT18Kkuzwh,comment,w_tCOgxXKwA,Ugw9CI4F_APYNUS28n54AaABAg,True,@Chris-b1n9c,"@azwads5126 in australia , its more common to get a violent home invasion followed by your car getting taken the the theives",0,True
Ugw9CI4F_APYNUS28n54AaABAg.APY0g0MLbuTAXdVyBYKqBy,comment,w_tCOgxXKwA,Ugw9CI4F_APYNUS28n54AaABAg,True,@drjamesallen6012,"With a few solar panels installed, it’s pretty much self sufficient! Amazing eh ❤️🏖️",1,True
Ugw9CI4F_APYNUS28n54AaABAg.APY0g0MLbuTAXhf_kcEGiS,comment,w_tCOgxXKwA,Ugw9CI4F_APYNUS28n54AaABAg,True,@Jack_cx,Until something goes wrong. Beware of 'shiny new things'  ;),0,True
Ugw9CI4F_APYNUS28n54AaABAg.APY0g0MLbuTAYNOPBdpJK4,comment,w_tCOgxXKwA,Ugw9CI4F_APYNUS28n54AaABAg,True,@MAVERICK-tc2vw,Yep the test drive in the seal and sealion 8 is crazy yes take my money. Was test the sealion suspension around the round about a few times super low both roll if anything didn’t realise is was round and round at 65km with ease. Anyways way better to drive than my X5 XM 2022,0,True
Ugx0qrAsgpeVH8UldeR4AaABAg,comment,w_tCOgxXKwA,,False,@wakeywarrior,"Probably using wireless Apple CarPlay and charging? They all do the same, need to plug it in with a wire if using CarPlay. The new Ford Explorer I drove recently, my Renault Scenic, none of them can reliably wirelessly charge and use wireless Apple CarPlay.",0,True
UgxJlxFIEnKgIUv0F2F4AaABAg,comment,w_tCOgxXKwA,,False,@blobstrom,On the centre armrest what is that symbol/square edge design for?,0,True
UgxJlxFIEnKgIUv0F2F4AaABAg.APY-M0vo451APav7NuJgA6,comment,w_tCOgxXKwA,UgxJlxFIEnKgIUv0F2F4AaABAg,True,@Joe-ud2hb,U place the key card on it to start the car if just using that afaik,1,True
UgzHy34AJ9gw_ygm79d4AaABAg,comment,w_tCOgxXKwA,,False,@pokeken,All YouTube car reviews should be in this format.....so that it's actually useful for buying a car or not,123,True
UgzHy34AJ9gw_ygm79d4AaABAg.APY-5q08LPAAPdNzwzqSbZ,comment,w_tCOgxXKwA,UgzHy34AJ9gw_ygm79d4AaABAg,True,@rerikm,"a privileged middle age white woman with no knowledge about cars, safety, mechanics??  fuck no",0,True
UgzHy34AJ9gw_ygm79d4AaABAg.APY-5q08LPAAVL1sIdrzGw,comment,w_tCOgxXKwA,UgzHy34AJ9gw_ygm79d4AaABAg,True,@Madflapjack113,@Judep4237then they dump them in a garage to rot.,0,True
UgzHy34AJ9gw_ygm79d4AaABAg.APY-5q08LPAAVL1vHKUcgz,comment,w_tCOgxXKwA,UgzHy34AJ9gw_ygm79d4AaABAg,True,@Madflapjack113,And they all think we shit money 💀,0,True
UgzHy34AJ9gw_ygm79d4AaABAg.APY-5q08LPAAXdwUJ3Vq_w,comment,w_tCOgxXKwA,UgzHy34AJ9gw_ygm79d4AaABAg,True,@majinraptor,I see a comment like this on every car review video 😂,0,True
UgzHy34AJ9gw_ygm79d4AaABAg.APY-5q08LPAAXepRZ0awlN,comment,w_tCOgxXKwA,UgzHy34AJ9gw_ygm79d4AaABAg,True,@pokeken,@majinraptorsure you do…..get a life and stop reading comments on EVERY car video on YouTube…or just try to contribute to such content creators with useful feedback instead of trying to make yourself sound like a gate keeper of car video comments….how freaking sad is that 😂,0,True
UgzPBsGac1EKUPMvZsl4AaABAg,comment,w_tCOgxXKwA,,False,@Hahah-g7w,Got to 😂 at 08:20ish. Only human!,0,True
UgyGZ3tw1dCVf5iZ2fR4AaABAg,comment,w_tCOgxXKwA,,False,@boxscorewatcher413,All the gangsters in my city drive a BYD and they love it.,0,True
UgyCHGSkhlodgBkpKjd4AaABAg,comment,w_tCOgxXKwA,,False,@centralkingdom8141,BYD is cheap in Global South but not so cheap in Europe.,0,True
UgxkNuOwmLS_wb5tOSB4AaABAg,comment,w_tCOgxXKwA,,False,@lexxxx2,"In terms of in-vehicle infotainment systems, BYD is somewhat like a traditional gasoline car manufacturer, rather conservative, and lags far behind other emerging Chinese electric vehicle manufacturers.",0,True
UgwCpnenxaKZD44xVix4AaABAg,comment,w_tCOgxXKwA,,False,@louisemann3306,This is the most entertaining car review I've ever seen.,232,True
UgwCpnenxaKZD44xVix4AaABAg.APXtbSylSwRAPfMEGsIgdO,comment,w_tCOgxXKwA,UgwCpnenxaKZD44xVix4AaABAg,True,@zoltankecskemeti1653,She puts real effort in it. Gotta respect that with most of the people half assing everything.,5,True
UgwCpnenxaKZD44xVix4AaABAg.APXtbSylSwRATILztcrWOp,comment,w_tCOgxXKwA,UgwCpnenxaKZD44xVix4AaABAg,True,@soueu-w6q,It's like you got the information on the car and you had a talk with a good friend. ...that you just met.,2,True
UgwCpnenxaKZD44xVix4AaABAg.APXtbSylSwRAUlAqTbl8pr,comment,w_tCOgxXKwA,UgwCpnenxaKZD44xVix4AaABAg,True,@mc_6yn,cringe..trying too hard,1,True
UgwCpnenxaKZD44xVix4AaABAg.APXtbSylSwRAXdMqh6X1fh,comment,w_tCOgxXKwA,UgwCpnenxaKZD44xVix4AaABAg,True,@MikefromMO,And the car is nice too 😊,0,True
UgwIhSb4t11LnFGdjdl4AaABAg,comment,w_tCOgxXKwA,,False,@batia0121,"I LOVE, LOVE the reviewer, auto-like every video she's in.",0,True
UgwjCDrGt2RjD6rGtpF4AaABAg,comment,w_tCOgxXKwA,,False,@HongYe-o7m,"There are many choices in China, and I dont like  BYD. 14:48",0,True
Ugy5cZOytZE57VgmWSp4AaABAg,comment,w_tCOgxXKwA,,False,@3weewi,The Green version of this car is beautiful!,0,True
Ugw6CNl0xZfZKyZkE_x4AaABAg,comment,w_tCOgxXKwA,,False,@stelp7617,"The UK version has the indicators on the opposite side to the Australia model? Why would they do this? 
Seal owner myself, about a year and a half now, 24000km. LOVE it. and I know others have mentioned it too, but you can change the indicator sound via the main settings menu, although it will also change the pedestrian warning sound to a musical chime, making your car sound like an ice-cream van.",0,True
Ugw6CNl0xZfZKyZkE_x4AaABAg.APXiNXaU8hVAPgI8zu3Ht2,comment,w_tCOgxXKwA,Ugw6CNl0xZfZKyZkE_x4AaABAg,True,@janeth.3283,Where to do take it for and if repairs needed?,0,True
UgxgBDeSalzrTbK8Bit4AaABAg,comment,w_tCOgxXKwA,,False,@mazilys,"Yes, the reason to watch the video is the car lol",0,True
Ugz8XAMJOWCv1ls7jGp4AaABAg,comment,w_tCOgxXKwA,,False,@mikemartin5018,BYD的国外海洋系列版本的比国内海洋版本好看,0,True
UgyIPfuraqe_SneLZ954AaABAg,comment,w_tCOgxXKwA,,False,@lilth501,When I see one of these cars on the road it's a damn stunning car it looks super sleek and very fast. It reeks of style and quality,1,True
Ugw9GvWVHw76tUz-bVt4AaABAg,comment,w_tCOgxXKwA,,False,@youngpan2434,比亚迪出息了，海豹是不错，但是国内越卖越拉😂,0,True
UgwWB14xVmugzVnl5GZ4AaABAg,comment,w_tCOgxXKwA,,False,@abul9052,7:52 can you turn off the wireless charging and use a cable instead?,1,True
UgzVnw-7lw8M7V8Fqod4AaABAg,comment,w_tCOgxXKwA,,False,@roastpork5437,"""It's just a great car.""",0,True
Ugy1HUabMDO7vHWj1tt4AaABAg,comment,w_tCOgxXKwA,,False,@mikeliu4261,"Sadly, the newly revised China's safety regulations for cars in China ( to be enforced in a year) has deemed many fancy EV features such as popup door handles, one paddle, 0-100km time display on car body etc, to be unsafe thus will be prohibited. Not sure whether exported cars will be affected by the new regulations, but if OEMs have to produce two different versions, the cost may be high.",1,True
UgwXSaFvht3G7UtD3gp4AaABAg,comment,w_tCOgxXKwA,,False,@bevant8275,Hold the button down when adjusting speed with ACC and it will go in 1mph increments.,0,True
Ugwkuas_Nj9FURUzE0h4AaABAg,comment,w_tCOgxXKwA,,False,@geraldkohar,You are soo funny! I love your review and have a good laugh while watching 😂😂😂,0,True
Ugwf9mkJoSXQ18WblOF4AaABAg,comment,w_tCOgxXKwA,,False,@AJames-jr8kw,"Thank you for the heads up, Nicola. I was thinking about getting a Dolphin. Will now watch your long term review first.",0,True
Ugxas_n8rf1zA6iNETB4AaABAg,comment,w_tCOgxXKwA,,False,@vetex007,"Hi Nicola, if you long press the cruise control speed toggle it changes the speed in single digits. Not intuitive but try it.",1,True
UgyH0mDmWEWpq_Q1qtF4AaABAg,comment,w_tCOgxXKwA,,False,@sv4527,"They come up with do many models , do they plan like japanese car companies to ensure parts are available ..? I think cars will be like phones , dispose them after s few years .",0,True
Ugz6Gy0stLBw7BGWLrB4AaABAg,comment,w_tCOgxXKwA,,False,@ME10920,The adaptive cruise control constantly pulls left and right it's very annoying. Can that part be switched off?,0,True
UgxVvnJeQFFIyz4kwr54AaABAg,comment,w_tCOgxXKwA,,False,@andrewareva4605,"BBC: She loves the vehicle, but at what cost? Communism. Socialism. Marxism.",0,True
UgzFm6v11-u72MR1SlF4AaABAg,comment,w_tCOgxXKwA,,False,@mikewhitehead50,Yeah trypophobia.... lotus seed pods and the surinam frog.  Don't do it.,0,True
Ugyp0vt2i2Qrz_8elA54AaABAg,comment,w_tCOgxXKwA,,False,@AKA001,"7:44 and guess what, if you’re using wireless mirroring. It won’t actually maintain it’s charge… guess what you’ll resort to then? A cable. Guess what happens then? It completely mucks up the mirroring connection for next time…",1,True
UgxQpFfzHe_Mr-jHaa94AaABAg,comment,w_tCOgxXKwA,,False,@AKA001,1:32 I love how everyone complains about not seeing Tesla doorhandles in the dark. Try finding that little button in pitch black. Why don’t they proximity pop out?! Typical  BYD imperfections.,0,True
UgxQpFfzHe_Mr-jHaa94AaABAg.APWzWhYOTgAAPY5l8XLSlu,comment,w_tCOgxXKwA,UgxQpFfzHe_Mr-jHaa94AaABAg,True,@carevicdejan9022,When you approach BYD it turn on lights under side mirrors and you see it  without any problems.,5,True
UgwNfy5trT1DWlvXu0p4AaABAg,comment,w_tCOgxXKwA,,False,@Lucpol1986,"Other than range, efficiency, slower charging than some offerings the direct competitors, the UI and the road noise at times, It’s a great motor 👍🏾",1,True
UgzUK4kvXdLoF3n5VvJ4AaABAg,comment,w_tCOgxXKwA,,False,@russellmoore1533,Surely in the UK a frunk would be a froot.,2,True
Ugxd0tNR9aopv8_P05Z4AaABAg,comment,w_tCOgxXKwA,,False,@蒋介龟的石头,如果我告诉你这款车在中国售价大约25K美元，你们可能会觉得更具有性价比！,0,True
UgxIbMhfWXpwt0x1Y-x4AaABAg,comment,w_tCOgxXKwA,,False,@mdf2mdf2,"Oh my giddy aunt, the evangelist sycophants are all at it again.......this time it's the BYD junk, (Blindingly Yuge Depreciation). No matter how fantastic you think it may well be the practicality of owning one for the average Joseph and Josephine with 2 kids is....well you work it out for yourself. Between them they earn £48k disposable, (£4k pm [with that they are in the UK top 5% of disposable income earners]). They have a £250 mortgage (£1500 pm), household bills and insurances £650 pm, childcare cost £450 pm, monthly running cost of a vehicles, £200 pm and from the remaining £1200 to cover groceries, drinks, kids clubs etc........ And the virtue signalling mortgage-less, childless, Middle Englander's are saying they would look great in a £48,500 car that costs them £498 pm on PCP with a £21,500 balloon payment at the end, or trade in their perfectly serviceable £10k car and have a bank loan payment of only £786 pm........all for a vehicle that will have the value of sweet fuck all squared at the end of the 5 years, just to keep up with the other virtue signalling turnips. What could go wrong with financial advice like this from the galactically stupid. I await the evangelist fraternity's scorn with gleeful anticipation.",0,True
UgzqK2wGefQHXLbDaYR4AaABAg,comment,w_tCOgxXKwA,,False,@Rundismutti2001,"Congrats, but it is still a shitty car",0,True
UgwGmXhKXP9gXrqt2YN4AaABAg,comment,w_tCOgxXKwA,,False,@gpcmlin,400l boot is ridiculous for a 4.9 m car,0,True
UgwuH2TJna3umBKAz3l4AaABAg,comment,w_tCOgxXKwA,,False,@pupacila26,"Ok, nice review...BUT, please please stop buying chinesse cars, you are taking away food from your own mouths 😢",0,True
UgzhHxLuOfqCZwa1IiR4AaABAg,comment,w_tCOgxXKwA,,False,@VickersDoorter,"I hate these massive iPad-style centre screens. It shows a lack of style and design maturity. Great if you're wanting it as an UBER, but most of us don't. Also having virtually no tactile controls which you can control without having to spend time looking at them is a big safety advantage. Nice-looking car externally, but the dash/console design is nil point.",0,True
UgzGN7RzdHA5X7LWH2N4AaABAg,comment,w_tCOgxXKwA,,False,@nfzeta128,"So, in conclusion. The car is attacking her visual sensibilities from almost all angles (the trypophobia and the horn reflection) and tactile sensibilities from no one pedal but she still likes it enough due to everything elese to forgive those things.",0,True
Ugwt9kov8AR-2VHpmjh4AaABAg,comment,w_tCOgxXKwA,,False,@ins344,It's so nice to see an honest review of a great normal car from a lovely person *without* the thinly veiled bigotry & arrogance.,1,True
Ugw4H6i0SZzjdFF7D6t4AaABAg,comment,w_tCOgxXKwA,,False,@ethanguo5708,One of the best car reviewers ever.,0,True
Ugw4H6i0SZzjdFF7D6t4AaABAg.APWhUvTeMt1APWpv9LmeHP,comment,w_tCOgxXKwA,Ugw4H6i0SZzjdFF7D6t4AaABAg,True,@Electrifyingcom,We agree!,0,True
UgwOu5Y4Y1HC2hrstp14AaABAg,comment,w_tCOgxXKwA,,False,@shaniamonde7341,"6,000 miles in 6 months.... so a little over 1000 miles a month? you are certainly not commuting in that, I consider my milage low yet I am doing 3 times that!
An electric car only becomes economicaly viable when you do enough miles to counter the high fixed costs of purchase and insurance/tax for luxuary (£50K+) vehicles.
You are 'living' with this as a toy for a review, not as a nessesity of a 9-5 job.

The other problem is the persistance of these electric cars to have all the controls on those god-awful touchscreens... critical car functions deserve buttons! touchscreens fail very frequently!
Without tactile response you have to look at the screen to go through menus, this is not safe whilst driving.

Not sponsered by BYD... so who gave you the car to review then?",0,True
UgwOu5Y4Y1HC2hrstp14AaABAg.APWgPrDkn4AAPWmVrWQhhU,comment,w_tCOgxXKwA,UgwOu5Y4Y1HC2hrstp14AaABAg,True,@nicolahume,Being a reviewer means we get given press cars from different manufacturers. It never means ‘I’m giving you a car to be nice about it’. It’s give to be reviewed. This is 100% honest. I’ve had long term cats in the past where I haven’t been so nice because I’m always honest. Also 6000 miles in 5 months (if you watched the start of the video where I said it) is a lot of miles compared to most. I average around 15000 a year,1,True
UgwwGJ5lUeSla5ZZSxl4AaABAg,comment,w_tCOgxXKwA,,False,@cholomondeleybiscuitt,"As a slave to three mini-Daxis myself (and a super-chilled jack russell), I am now happy to consider this as a future transport for their pleasure, even if I shall be thinking about crumpets during every drive ...",1,True
UgyV7or_xUt4jG8h37x4AaABAg,comment,w_tCOgxXKwA,,False,@The1314Radders,1:07 Me when I've eaten some beans 😂😂,3,True
UgzR1MiSJ6QPdnWaZEF4AaABAg,comment,w_tCOgxXKwA,,False,@kristijan417,Nicola is claustrofobic. Again she is pushing the boundaries in honest car jurnalism.,0,True
Ugx1O3_EiaVrlCR_D_14AaABAg,comment,w_tCOgxXKwA,,False,@anihcgno,"I am particularly proud when I'm on the road accompanied by my BYD Tang, which I've been driving for two years. Comfort, Power and elegance are combined with real savings thanks to 100% electric power. ❤ BYD",11,True
Ugx1O3_EiaVrlCR_D_14AaABAg.APWdUhus-jNAPYiorSd3Rx,comment,w_tCOgxXKwA,Ugx1O3_EiaVrlCR_D_14AaABAg,True,@haowu2002,那是一辆大车,1,True
UgxI8qadlx44sTPupuh4AaABAg,comment,w_tCOgxXKwA,,False,@Popdog76,I seem to recall someone saying that the efficiency calculation is calculated even when you are not moving so it is way out,0,True
UgzXCSHFaopSOe6R1PJ4AaABAg,comment,w_tCOgxXKwA,,False,@Wavewatcher1699,"I love it, when I bought my Atto 3 I sat in a Seal and said I wished I could afford it, but hopefully next time it's replacement time I will be able to.",19,True
UgzXCSHFaopSOe6R1PJ4AaABAg.APWaDpVI1WCAPWq46G0sJf,comment,w_tCOgxXKwA,UgzXCSHFaopSOe6R1PJ4AaABAg,True,@Electrifyingcom,Fingers crossed for you!,1,True
UgzXCSHFaopSOe6R1PJ4AaABAg.APWaDpVI1WCAPjVCr0mR47,comment,w_tCOgxXKwA,UgzXCSHFaopSOe6R1PJ4AaABAg,True,@Terry-q7y,@Electrifyingcom Cheap Chinese rubbish that spies on us,0,True
UgzXCSHFaopSOe6R1PJ4AaABAg.APWaDpVI1WCAQVlLiNWKxF,comment,w_tCOgxXKwA,UgzXCSHFaopSOe6R1PJ4AaABAg,True,@ayooyooayooyoo4635,"@Terry-q7y I'm glad to know that you ate garlic bread in the morning, farted twice in the car, flirted with the lady by the roadside and killed a stray dog. We'll keep this on record. Wish you a wonderful day.",0,True
UgzXCSHFaopSOe6R1PJ4AaABAg.APWaDpVI1WCASJcavrnW9W,comment,w_tCOgxXKwA,UgzXCSHFaopSOe6R1PJ4AaABAg,True,@annoyed707,Posted from a device that spies on you?,1,True
UgysKo_y7tWAKjMz3vN4AaABAg,comment,w_tCOgxXKwA,,False,@foxyfox5,Still prefer Tesla. This looks like an inferior copy to me (cue rage replies) 😂,0,True
Ugxvfwq_Vs2ZewtZMU94AaABAg,comment,w_tCOgxXKwA,,False,@f1eng,"I am bored rigid by the ubiquitous black interiors and ""drug dealer"" back windows that are foisted on us nowadays.",0,True
UgwEPbdIWl0IjZVyzIl4AaABAg,comment,w_tCOgxXKwA,,False,@Tesmond256,"No mention of what the lights are like at night...do reviewers never drive at night? Different cars have massive differences in the quality and capability of light it would be nice to know how well they work!

I drove a Land Rover with the same bong at speed changes and it triggered 3 times at the end of my road erroneously every time because it managed to see 3 different speed signs none of which were related to the road I was on. Can you turn them off in the BYD?",0,True
Ugz0kVfx1hofeb438bp4AaABAg,comment,w_tCOgxXKwA,,False,@hughmarcus1,"They are a handsome car. I’m beginning to see a few on the roads. At first glance you think “Model 3” & then you realise is a BYD. It’s the first time I ever heard anyone saying 45 profile tyres helped the ride quality. 😂
Genuine question on the adaptive cruise, does it ever do stupid stuff (like some cars I’ve driven) you’re on the motorway doing 70 mph & go over a bridge, the road underneath is 30 mph & the silly cruise wants to slow you instantly to 30, then it realises you’re past the road & resumes speed. Dear help anyone following you when that happens.",1,True
UgwMrQscodp9taTGIQB4AaABAg,comment,w_tCOgxXKwA,,False,@alrestauro,"08:13 LOL! That was so funny! It's a shame that people who damage your taillights don't fess up for what they've done to your car, or they're just jealous! Hopefully, it won't be a problem with repairs. That would be an interesting segment! Since it's a Chinese car, how available are replacement parts? Fantastic review! 🙂👍❤💫",2,True
UgzrypbyLh6_8X7CW-N4AaABAg,comment,w_tCOgxXKwA,,False,@theratslayer9635,"Love your reviews, the hole phobia is worrying, trypophobia (thanks chatGPT) I’m the opposite I love um 🤣. Looks like a pretty solid and honest car.",1,True
UgxkQUQX0r24TdzzY7d4AaABAg,comment,w_tCOgxXKwA,,False,@doors2manual,Comedy value is good but its just a little too much!!,0,True
Ugx7GNcetbiVfdb5AWF4AaABAg,comment,w_tCOgxXKwA,,False,@dangnu100,"Great review, I've had the exact same model for a 3 weeks now. Nicest car I've owned, and through salary sacrifice costs me less than the base level Cupra Formentor PHEV I had previously on contract hire.

Only negative for me so far would be the lack of one pedal driving, everything else about the car is such a level up that I'm finding it hard to pick fault with it which is why these long term reviews are so handy.

Also, I have an android phone and the wireless charging in this car is absolutely brilliant! Must be an apple car play thing.",12,True
UgyOqKTdmLc9ohm5f5B4AaABAg,comment,w_tCOgxXKwA,,False,@richiegraham4243,"There are some huge issues with that software for any potential buyers btw... 

Heated seats are buried 5 menus deep. 

The adjustable seats are the same so if your sharing the car get used to licking  the windscreen whilst you change it. 

The radio station can't be changed via the wheel 

Sounds like small issues but as a daily driver there are stupid annoying things that could be fixed in minutes and REALLY detract from the car as a whole. 

Just imagine how many times you turn your Heated seats on during the winter or flick through a radio station and you'll hopefully understand the annoyance.",0,True
UgyOqKTdmLc9ohm5f5B4AaABAg.APWQZV5TtCXAPX9uji7iQJ,comment,w_tCOgxXKwA,UgyOqKTdmLc9ohm5f5B4AaABAg,True,@azzanz,"Completely incorrect so you obviously dont own the vehicle. 

Preset seat: press the seat adjust button that is on front display, then Seletct 1 or 2. That makes 2 button pressed.

Heating: press the Seat button then select heating 1 or 2, that's 2 presses, or zero if you use your voice.

Radio station change: this is new technology at its best(sic) but press the left and right arrow on the steering wheel to change station...amazing huh?",1,True
Ugxfx-74rImoIl6A8hB4AaABAg,comment,w_tCOgxXKwA,,False,@stickleback73,"The holes in the dash 🤮🤮
Yup! I have that too! Thanks for the warning!! Made me feel itchy and hairs go on end!! Yup its a thing, niche, but definitely a thing 😅",0,True
UgyFkKwbE4J5OnP5vzt4AaABAg,comment,w_tCOgxXKwA,,False,@genkakuzaii,Really good looking car too.,0,True
UgwhgFc_OiDCjvvc5UB4AaABAg,comment,w_tCOgxXKwA,,False,@simno44,A Design with a 3.8 badge. That doesn’t make sense 🤔,0,True
UgwJ_MocSWTeWeRcn714AaABAg,comment,w_tCOgxXKwA,,False,@FancyaBevMate,"Mum that reliability issue not going into drive..,my E niro hasn't once not gone into drive in 155,000 miles and as a taxi driver that selects reverse and drive tons of times speaks volumes Kia 4TW Cheers",1,True
UgyGTiVhxTwYENinx6p4AaABAg,comment,w_tCOgxXKwA,,False,@josimues4629,And how much did BYD pay you?,1,True
UgzSJrOgwS_0QV4S2H14AaABAg,comment,w_tCOgxXKwA,,False,@benedictmarshall7031,Appalling audio on this video.,0,True
Ugzy19QUHF0ZNFj6dY14AaABAg,comment,w_tCOgxXKwA,,False,@kelvinkelvin1335,"True enough, i have own the performance version for a year, it really will not cause motion sickness as some other EV does, still loving it till now. As for the hp charging just remove the hp cover and it works fine. Love your channel always.",2,True
UgxqggiLBYUlkswR9FV4AaABAg,comment,w_tCOgxXKwA,,False,@_MANASYt,"Cool, now waiting for a 10 year review. I live in China, I have access to all the EVs in the world, and I still drive a Mazda 2 😍",9,True
UgxqggiLBYUlkswR9FV4AaABAg.APWJE3fxrPiAPYcXvSOUc3,comment,w_tCOgxXKwA,UgxqggiLBYUlkswR9FV4AaABAg,True,@tonycanton5611,"Understood, electric cars have nothing to do with you, and you don't need to wait ten years either~",2,True
UgxqggiLBYUlkswR9FV4AaABAg.APWJE3fxrPiAPZg562C0yc,comment,w_tCOgxXKwA,UgxqggiLBYUlkswR9FV4AaABAg,True,@_MANASYt,​@tonycanton5611It's like riding in a boat,0,True
UgzfyqzfRHq6EKIcodx4AaABAg,comment,w_tCOgxXKwA,,False,@Nam3Iess,Nicola is my fave person at Electrifying.,1,True
Ugwyexi0C5PMejZbt_t4AaABAg,comment,w_tCOgxXKwA,,False,@christopher-levin,"But, the sport mode should be aggressive, ergo sport mode. Sounds like this car doesn’t really have a sport mode.",0,True
UgwRCtI6cXJpvDU1jVJ4AaABAg,comment,w_tCOgxXKwA,,False,@Rianewjob01,"It's a low car, not suitable for older folk.",0,True
UgzPFEEJPwIZdHKlrzp4AaABAg,comment,w_tCOgxXKwA,,False,@markymarkreviews,Audio a bit off. Again..,0,True
UgwJOa0v_U5c8LDo2ix4AaABAg,comment,w_tCOgxXKwA,,False,@markbate5583,"The only big thing that I don’t like is the radio reception. Did you find the same? Wonder if way to improve? Fine when strong signal, but as soon as anything less than 100% tends to cut out 😔",0,True
UgyXJ_YYd6bEloEqbMd4AaABAg,comment,w_tCOgxXKwA,,False,@shehzad99i,I wantttttttt.................................... the girl,0,True
UgwJXhxT3bmfWJI5aad4AaABAg,comment,w_tCOgxXKwA,,False,@AV-hx1bm,Enlish people in supermakets is so idiots about other people cars,0,True
UgxMsBLtXnpnlOqI56R4AaABAg,comment,w_tCOgxXKwA,,False,@examinerian,"Agh, that hole phobia thing. Do NOT look up the bit from David Attenborough's Life on Earth where the frog basically grew a backpack to carry its tadpoles safely. RESIST looking it up! Holy Zits, Batman, that gave me nightmares. Shuddering already 🤮",0,True
UgxaNxwxO_ZMxmiy-d54AaABAg,comment,w_tCOgxXKwA,,False,@MRVSKIN,Always love the videos with Nichola. She is the best,2,True
Ugyz6Dq3Xr2q0-JQgER4AaABAg,comment,w_tCOgxXKwA,,False,@dann5515,Climate control... how can u forget that on BYD screen you just need 3 fingers touch the screen up or down for tempurature left to right for fan speed.,0,True
Ugw1v1TC4EJqgQ3CN7x4AaABAg,comment,w_tCOgxXKwA,,False,@MrCoppaz,"at the speed china is moving, this is already an obsolete model, so bet no one will be interested in this model as of now",0,True
UgwdQ84pC0rLady1jNV4AaABAg,comment,w_tCOgxXKwA,,False,@heybee72,You can change the indicator volume in a BYD Seal. I believe its through the infotainment system,0,True
UgyWyMV9zxr_DpqariF4AaABAg,comment,w_tCOgxXKwA,,False,@AutowAG,"The more I look into this car, the more I see how much the Chinese auto industry copies designs from the rest of the world",1,True
UgyWyMV9zxr_DpqariF4AaABAg.APW94D3kjGKAPWGm01D8bE,comment,w_tCOgxXKwA,UgyWyMV9zxr_DpqariF4AaABAg,True,@autodigitvlogs,"They just hire designers from German, French, Italian manufacturers thats why they look similar. The guy in MG was in Volkswagen before helped design the Veyron. His current company SAIC work with Audi in China.",2,True
UgyWyMV9zxr_DpqariF4AaABAg.APW94D3kjGKAPXHX48qk44,comment,w_tCOgxXKwA,UgyWyMV9zxr_DpqariF4AaABAg,True,@jplin888,Some top  European car designers are working with some of the Chinese EV industries. So what to expect? Of course it will be a bit similar but with more technologies inside.,2,True
UgzLt_AA2FAMTvAexWd4AaABAg,comment,w_tCOgxXKwA,,False,@alanwayte1688,"Such a shame she is not on a higher profile channel, excellent presentation skill",0,True
UgzLt_AA2FAMTvAexWd4AaABAg.APW7shEFvngAPWGxIOiM8A,comment,w_tCOgxXKwA,UgzLt_AA2FAMTvAexWd4AaABAg,True,@autodigitvlogs,Maybe her company treat her good. Grass isnt always greener 😂,1,True
UgwJMTDFuAjxZRssKaJ4AaABAg,comment,w_tCOgxXKwA,,False,@taketwo-e5u,"Don't buy any Chinese car. You are supporting a totalitarian military run dictatorship like Russia and N. Korea. There people have no rights or freedoms and they are a nuclear superpower. Mainly though, we are all getting poorer and China is getting bigger and richer.",0,True
UgwvU6V19wBMdf93ufp4AaABAg,comment,w_tCOgxXKwA,,False,@catherineburton195,"Brilliant review, Nicola. As always, so engaging.",0,True
UgzftJBCbAaODvaWvW14AaABAg,comment,w_tCOgxXKwA,,False,@markuslc1888,"i like the BYD seal u, sealion 7, han and tang more :)",12,True
Ugzmh_bLV06l4HwhpUx4AaABAg,comment,w_tCOgxXKwA,,False,@Hhc-j8r,Nice review,0,True
Ugx2TO5DmJwoNIJJThJ4AaABAg,comment,w_tCOgxXKwA,,False,@passby8070,The all black exterior is my fav... Would be great if they have brighter interior though,0,True
UgwzNU2M90MuLwuIPDV4AaABAg,comment,w_tCOgxXKwA,,False,@michaelolsson7010,"Love to see your reviews. 
But i think  that you should take up used ev cars, and also their achilles heel - the depreciation.",4,True
UgwzNU2M90MuLwuIPDV4AaABAg.APW2ixabQt9AVkmYi1R21f,comment,w_tCOgxXKwA,UgwzNU2M90MuLwuIPDV4AaABAg,True,@HiruS22,"Vast majority of EVs are leased, so depreciation is irrelevant",0,True
Ugyfj3AEIJQjMO8EN8N4AaABAg,comment,w_tCOgxXKwA,,False,@andreamanconi6023,"you can change the sound of the engine at low speed and of the indicators (that will be ""softer"") inside via a menu in the infotainment screen",32,True
UgyUyMQ9_RVtW5Q9_dR4AaABAg,comment,w_tCOgxXKwA,,False,@FormulaWhine,6:31 = immediate evidence why it’s much quicker and easier to push a button to achieve a goal than it is to use voice control…,0,True
UgyfQCst6ymn7RViM214AaABAg,comment,w_tCOgxXKwA,,False,@jonathanwarne3480,be interesting to know how those door handles function in the bleak winter. will they still pop out or get stuck? no good using a lighter like we used to have to do to defrost the key hole 😃,0,True
Ugy72LiwwQ5aWh0LOHt4AaABAg,comment,w_tCOgxXKwA,,False,@tusker4954,Interesting car and seems pretty good. My only problem is its Chinese and geopolitically we shouldn't be supporting the Chinese economy...,0,True
Ugy_cxFIbzhQKoAiAjh4AaABAg,comment,w_tCOgxXKwA,,False,@RishiGudka,"Good review but i dont think you touched on how the BYD app is as the tesla phone app is absolutely brilliant and even acts as your car key. 
Also can you charge the Seal at a tesla supercharger?",1,True
UgzMSm8fYDtpmEVr2Jl4AaABAg,comment,w_tCOgxXKwA,,False,@eliotness4029,"The BYD Seal 05 DM-i is a new plug-in hybrid sedan from BYD, launched in 2025. It is an updated version of the Destroyer 05 and is part of the company's Ocean Series lineup. The vehicle combines a gasoline engine and an electric motor, providing high fuel efficiency and a long driving range, including on electric power alone.",0,True
Ugy5L0T5rPWnvpMryBN4AaABAg,comment,w_tCOgxXKwA,,False,@ottot3221,"Indicators' sound can be changed and speed limit changes can be selected off. Both are permanent. Maybe this ""reviewer"" should put a bit more time in the thing she bought to get more out of it. I have a BYD Seal U and am extremely happy with it.",0,True
Ugy5L0T5rPWnvpMryBN4AaABAg.APVvGoFUxGIAPZcOc23aum,comment,w_tCOgxXKwA,Ugy5L0T5rPWnvpMryBN4AaABAg,True,@harishpurmah9366,Where please ?,0,True
UgyslXPNsVxTKi-2IGt4AaABAg,comment,w_tCOgxXKwA,,False,@phizicks,Burn Your Driveway.,1,True
UgwxVyyixaM4y3bPpAB4AaABAg,comment,w_tCOgxXKwA,,False,@spaceiabox4685,How common are service centers for these cars? I mean every car works great when it's brand new. It's what happens after 3 years that worries me a bit.,0,True
Ugywib9XrSGUcNH_vrd4AaABAg,comment,w_tCOgxXKwA,,False,@markrozee,"The grill on Omeda cars, looks like tearing  skin, makes me feel ill😂😂😂😂",0,True
UgwoHrorSSNeeYus7ul4AaABAg,comment,w_tCOgxXKwA,,False,@smokalot6663,Looks good in black.,0,True
Ugw3laRv1da4-h3vFld4AaABAg,comment,w_tCOgxXKwA,,False,@RichBradshaw1,"Hi Nic, great review as always. I've got the same model in white, had it for about a year. I love mine too. Loving the other comments - didn't realise that you could increment the cruise control in single digits - thanks to @vrome8 for the tip. Glad you found the drinks bottle size reset button on the video - that was funny. There's a launch control on the drivers display that pre-charges the battery if you're into that kind of thing, the symbol looks like a flag. Temperature and fan speed can be set using the steering wheel buttons (symbols are thermometer and fan), plus three-finger swipe on the display up/down and left/right too. The saloon boot is the biggest negative for me, but that's no fault of the car, its big enough for a family of 4 most of the time. Love the fact the child-locks are controllable from the drivers door too, very handy. Also, eco mode can be useful - not just to extend the range, it dampens the throttle response (nothing you can't do in 'Normal'), but has been useful if ferrying people around that are more sensitive to faster acceleration. Makes it easier to have a lighter foot. Great review of a great car.",0,True
UgyOdE-tZ_nSiDJO7WF4AaABAg,comment,w_tCOgxXKwA,,False,@barnoslogik,"This would be so much better if it was a proper hatchback boot, as would be so much more practical. I've never understood the appeal of a saloon car/boot, aesthetically they don't look as good as a hatchback, nor are they as practical.
I think when using the map apps, I think the portrait mode is better than the landscape, as you can see further on the route.",0,True
UgyCLPIeOMTwodhA-1Z4AaABAg,comment,w_tCOgxXKwA,,False,@nivrerabliv759,I had this car in the Philippines last year. I'm just wondering wondering why you're not annoyed with the headrests that can't be adjusted..,0,True
Ugxa_Sp3IxLe98E2OH94AaABAg,comment,w_tCOgxXKwA,,False,@InBodWeTrust,"ACC in 1 mph steps is better ... long press/hold for 5 mph steps. The MG4 used to be 5 & 1 (like you describe for the Seal) but an update changed it to 1 & 5, and that is much better to use.",0,True
UgwQ3WihC9uhe8ioCd54AaABAg,comment,w_tCOgxXKwA,,False,@D-YBrews,"I do love these new videos where Nicola is being less ""professional"" if that makes sense? - just letting her wonderful, funny, charming self come out in the videos. A car review can get a bit prosaic, but she makes it feel like a fun conversation with your funny, chatty friend. 10/10.",3,True
UgwDlZriOBK5OSX3vH54AaABAg,comment,w_tCOgxXKwA,,False,@chengwahong9465,Piano black start/stop button? Collecting finger prints? That's exactly how the Chinese spy on u! So say the Americans..  🤣,1,True
UgxcvRRg3BbFCWeRvSF4AaABAg,comment,w_tCOgxXKwA,,False,@stephen300o6,It looks like a tesla with some Kylo Ren stripes on.,0,True
UgwNm9PZyyH4LML5Bvh4AaABAg,comment,w_tCOgxXKwA,,False,@martingill6996,"So good looking on the outside, not so keen on the inside and no one pedal drive is a red line for me.. but do love looking at it ❤",1,True
UgxhRYara9YWmFwiAgF4AaABAg,comment,w_tCOgxXKwA,,False,@Tom-jm9zv,"All the beauty you ever wanted to have in a trunk 😉 and yes, a good car as well!",1,True
UgznNfJ6ck_4D9OB5kl4AaABAg,comment,w_tCOgxXKwA,,False,@marvinsamuels1237,"I've had a RWD Design model since July and got it through my work's Salary Sacrifice scheme and I love it.  Yeah, it's not perfect (no car is), but it really suits me.  I've done over 7k very comfortable miles in it and have no regrets.  The performance in the base model is more that sufficient, Sport mode makes it so quick, overtakes are done quicker than expected, has good space in the rear seats (my teens love the space after our Ioniq electric), and it looks great; I had a Tesla driver stop me at a Supercharger location on the outskirts of Glasgow asking what I thought about it and he said he absolutely loves it and is thinking of getting one as his next company car when the lease on his Tesla ends.
Great review as always Nicola, you really know how to engage with the audience. 👍🏾",71,True
UgznNfJ6ck_4D9OB5kl4AaABAg.APVjgaaZEXaAPWmKuLaZWF,comment,w_tCOgxXKwA,UgznNfJ6ck_4D9OB5kl4AaABAg,True,@thedreamfactory6964,"I test drove the Seal rwd. It feels slow and heavy, also in sport.",2,True
UgznNfJ6ck_4D9OB5kl4AaABAg.APVjgaaZEXaAPWv3KLuGMG,comment,w_tCOgxXKwA,UgznNfJ6ck_4D9OB5kl4AaABAg,True,@Lucpol1986,It wasn’t one of the quicker Teslas then 👍🏾,2,True
UgznNfJ6ck_4D9OB5kl4AaABAg.APVjgaaZEXaAPX5fABaPoO,comment,w_tCOgxXKwA,UgznNfJ6ck_4D9OB5kl4AaABAg,True,@marvinsamuels1237,@thedreamfactory6964it depends on what you’re comparing it to or used to I suppose.,3,True
UgznNfJ6ck_4D9OB5kl4AaABAg.APVjgaaZEXaAPYUn7O-xq_,comment,w_tCOgxXKwA,UgznNfJ6ck_4D9OB5kl4AaABAg,True,@ws1814,@thedreamfactory6964Slow compared to what??? 😂,2,True
UgznNfJ6ck_4D9OB5kl4AaABAg.APVjgaaZEXaAPY_SqdFoyG,comment,w_tCOgxXKwA,UgznNfJ6ck_4D9OB5kl4AaABAg,True,@MrAHD-g9y,How much EV tax you have to pay a year? Have you done any servicing yet? How the battery degradation?,0,True
UgznNfJ6ck_4D9OB5kl4AaABAg.APVjgaaZEXaAPYaOIJYomQ,comment,w_tCOgxXKwA,UgznNfJ6ck_4D9OB5kl4AaABAg,True,@marvinsamuels1237,"@MrAHD-g9ythis my 2nd EV.  I pay VED just like everyone else. Servicing was cheaper than my previous petrol and diesels and over 4 years it’s lost around 2 miles of range. 
The Seal has a service schedule of 24k so considering I’ve only had it a few months it’s not even close to requiring its first service. Either way, as I said I’ve got it in salary sacrifice which means VED, servicing, tyres and insurance (for me and my wife) is included in the amount I pay each month. As for battery degradation, unless I act like a complete tool and mistreat it, it will last longer than the rest of the car.",1,True
UgznNfJ6ck_4D9OB5kl4AaABAg.APVjgaaZEXaAPYzSz6B-Oh,comment,w_tCOgxXKwA,UgznNfJ6ck_4D9OB5kl4AaABAg,True,@MrAHD-g9y,"​@marvinsamuels1237 Thanks for helpful info. I was thinking of getting a BYD Seal Design, it's an impressive and very comfy car to drive and feels solid. I was asking how much VED costs, found the info.

Electric, zero or low emission cars registered between 1 April 2017 and 31 March 2025. The standard rate of £195. 

Additional rate (expensive car supplement)

New electric and zero emission vehicles registered on or after 1 April 2025 with the list price exceeding £40,000 attract the standard rate, plus the expensive car supplement for the first 5 years from the start of the second licence.

I think if I remember rightly it's something like £600 for a new BYD Seal.",0,True
UgznNfJ6ck_4D9OB5kl4AaABAg.APVjgaaZEXaAPeoCpbCPiB,comment,w_tCOgxXKwA,UgznNfJ6ck_4D9OB5kl4AaABAg,True,@lijackson-x6r,"Tesla also has the great quality, made in Shanghai, China.  it is the 2nd best selling EVs in 2024 in Chinese market , 675,000 units were sold (excluding exports).From January to October 2025, Tesla's total sales in the Chinese market were approximately 434,000 vehicles (excluding exports). This figure represents a decline compared to the same period last year, a decrease of approximately 7%. Tesla relies excessively on the Model 3 and Model Y (accounting for over 95% of total sales), but these two models have been on the market for a long time, with limited adjustments to their core configurations, making it difficult to meet consumers' demands for ""novelty"" and ""intelligent upgrades."" The suspension of supply of high-end models Model S/X due to the trade war further weakens the product's competitiveness.",2,True
UgznNfJ6ck_4D9OB5kl4AaABAg.APVjgaaZEXaAPepJ6erxaF,comment,w_tCOgxXKwA,UgznNfJ6ck_4D9OB5kl4AaABAg,True,@lijackson-x6r,"BYD seal costs 98000 yuan (basic edition),  and premium edition is 130,000 yuan ( FSD, massage chairs); while Tesla cost 260,000 yuan, a double price of BYD seal.  So they are very different.",2,True
UgznNfJ6ck_4D9OB5kl4AaABAg.APVjgaaZEXaAPj_szTw2zS,comment,w_tCOgxXKwA,UgznNfJ6ck_4D9OB5kl4AaABAg,True,@thedreamfactory6964,@ws1814Model 3 LR RWD. Weights a few 100 kg less and reacts properly on that  pedal on the right side. Steers way better also.,0,True
UgznNfJ6ck_4D9OB5kl4AaABAg.APVjgaaZEXaAPkBN-R4rd-,comment,w_tCOgxXKwA,UgznNfJ6ck_4D9OB5kl4AaABAg,True,@ws1814,@t@thedreamfactory6964But it looks like a vacuum cleaner on wheels and has a cheap interior with no gauge cluster even.,1,True
UgznNfJ6ck_4D9OB5kl4AaABAg.APVjgaaZEXaAQaTYm3E1Lf,comment,w_tCOgxXKwA,UgznNfJ6ck_4D9OB5kl4AaABAg,True,@Joshifi3d,When you say base model do you mean the dynamic or the premium? The dynamic seems quite sluggish but the jump between premium and performance is much more minimal.,0,True
UgznNfJ6ck_4D9OB5kl4AaABAg.APVjgaaZEXaAQalKlJlLQC,comment,w_tCOgxXKwA,UgznNfJ6ck_4D9OB5kl4AaABAg,True,@marvinsamuels1237,"@Joshifi3din the UK the base model is the Design with RWD and 309BHP, the Excellence has AWD and 523BHP. 
In ECO mode the Design is very relaxed in its feel, but in Sport it feels quicker than the quoted 5.9 secs 0-62mph time.
I feel that’s more than quick enough for day to day driving.",1,True
UgxUyRh1-CJgBBPaJ2N4AaABAg,comment,w_tCOgxXKwA,,False,@mattiasefternamn8906,"As many have said earlier: I see Nicola, I click. Pro. 👍🏻",1,True
UgzhbkMpBuGppOH__lB4AaABAg,comment,w_tCOgxXKwA,,False,@ManfredvonHolstein,"Test driving the Seal for a long weekend right now. Agree with everything. One more thing though: the pedal control could be better. If you are coming from an engine car, you won’t notice, but it isn’t anywhere as good as Hyundai or Tesla. Otherwise personally I find the efficiency disappointing. LFP batteries have a high resistance when it gets colder. With an NMC battery, this car would have a much bigger range with the same battery, at least in cold weather. Also battery heating and cooling is weak, though maybe this will be fixed with the new version which gets stronger cabin heating and cooling.",0,True
Ugy_DglLt7Ml5e39yCd4AaABAg,comment,w_tCOgxXKwA,,False,@noname128,The adaptive CC goes up in 1mph if you press and hold the up and down button,0,True
Ugx9bO2iPWeoianskVx4AaABAg,comment,w_tCOgxXKwA,,False,@GFDiablos1984,Obviously Your phone does not charge fast it's probably an iPhone 😆,0,True
UgztAapAVK7ugil3hT54AaABAg,comment,w_tCOgxXKwA,,False,@livethink1625,"6 months are too short to decide your destiny. At least 6 years are required.
European is too naive to doubt what real CCP is. You will be electrocuted by unfair CCP.",1,True
UgztAapAVK7ugil3hT54AaABAg.APVfDJYGfRdAPWMdXKBjOH,comment,w_tCOgxXKwA,UgztAapAVK7ugil3hT54AaABAg,True,@tedhansolo,"Sorry we're not as ""smart"" and ""visonary"" as you, so we chose something that electrocutes us, you are a very smart person and you should stay away from these cpp cars for sure, good for you!",0,True
UgwR2FJib66EM_x-M6d4AaABAg,comment,w_tCOgxXKwA,,False,@johnmcmahon440,"Great review, and you’re so enthusiastic and engaging. Brilliant 

I have the RWD seal for 18months now, and I absolutely love it. I have the Tahiti blue interior, which I think is so much better than the black.  ‘Only’ 308hp (in the RWD) is more than enough imo. 
The cars inbuilt Sat Nav now has google search integrated into it, so although it’s not quite as good as Google Maps, it looks awesome in portrait mode. Also, many of the cars other menus (such as the media center for radio, dab, std card, Bluetooth, and the inbuilt Spotify, look to be optimized for portrait mode. Therefore I love the fact that you can use portrait or landscape mode for the screen. 

I agree that the wireless charging isn’t that powerful, and if you’re using CarPlay, it only just keeps up with the current charge level (because CarPlay is such a heavy user of power). If you just use the car’s native system, then the phone charges quite fast. 

If you open BYD assistant, you can set your own wake word for voice control (in addition to “Hi BYD”). Also, you can enable wake word free commands (where you don’t need to say any wake word). These include ‘next track’, ‘previous track’, ‘turn on ac’, ‘turn off ac’, ‘rotate screen’, ‘route overview’, ‘end navigation’ etc. Extremely useful and more natural than having to say a wake word.",33,True
UgwR2FJib66EM_x-M6d4AaABAg.APVebd3PnuqAU2U_-aLWRs,comment,w_tCOgxXKwA,UgwR2FJib66EM_x-M6d4AaABAg,True,@Norp-i7m,I think you're the only commenter to explain why her phone got so hot.  Thank you.,0,True
UgxT6s4Lr6cxjvl7tZ14AaABAg,comment,w_tCOgxXKwA,,False,@bfvader,"Hopefully these will be available in Canada soon, if our gov't decides to finally drop the 100% tariff on Chines EVs. It's one of the few cars I'd trade my EV6 for!",289,True
UgxT6s4Lr6cxjvl7tZ14AaABAg.APVcBfhrC0eAPXwEU8GZxw,comment,w_tCOgxXKwA,UgxT6s4Lr6cxjvl7tZ14AaABAg,True,@centralkingdom8141,Canadian need approval from the American next door 😂😂😂,33,True
UgxT6s4Lr6cxjvl7tZ14AaABAg.APVcBfhrC0eAPYKbWeV5-F,comment,w_tCOgxXKwA,UgxT6s4Lr6cxjvl7tZ14AaABAg,True,@Sunnysky-643,"I hope Canadian government can drop EV tariffs from 100% EV to more managed level, China can drop retaliatory tariffs on Canada",9,True
UgxT6s4Lr6cxjvl7tZ14AaABAg.APVcBfhrC0eAPYPksW-G2a,comment,w_tCOgxXKwA,UgxT6s4Lr6cxjvl7tZ14AaABAg,True,@xiaowuxu7020,是的 我们也需要你们的菜籽油,3,True
UgxT6s4Lr6cxjvl7tZ14AaABAg.APVcBfhrC0eAPYaT58PA17,comment,w_tCOgxXKwA,UgxT6s4Lr6cxjvl7tZ14AaABAg,True,@centralkingdom8141,​@taketwo-e5ucan you speak English properly? 😊,2,True
UgxT6s4Lr6cxjvl7tZ14AaABAg.APVcBfhrC0eAPYesvNBymz,comment,w_tCOgxXKwA,UgxT6s4Lr6cxjvl7tZ14AaABAg,True,@Sunnysky-643,​@taketwo-e5uYou got brainwashed so well,0,True
UgxT6s4Lr6cxjvl7tZ14AaABAg.APVcBfhrC0eAPYhVxOdCUJ,comment,w_tCOgxXKwA,UgxT6s4Lr6cxjvl7tZ14AaABAg,True,@Sunnysky-643,​@taketwo-e5u You got brainwashed so well,5,True
UgxT6s4Lr6cxjvl7tZ14AaABAg.APVcBfhrC0eAPYnmKd1YtX,comment,w_tCOgxXKwA,UgxT6s4Lr6cxjvl7tZ14AaABAg,True,@taketwo-e5u,"​@Sunnysky-643Nope, do some reading pal.",0,True
UgxT6s4Lr6cxjvl7tZ14AaABAg.APVcBfhrC0eAPZCroFB_-M,comment,w_tCOgxXKwA,UgxT6s4Lr6cxjvl7tZ14AaABAg,True,@alko_xo,@taketwo-e5u “Make stupidity great again!”,7,True
UgxT6s4Lr6cxjvl7tZ14AaABAg.APVcBfhrC0eAPZDSufvSl5,comment,w_tCOgxXKwA,UgxT6s4Lr6cxjvl7tZ14AaABAg,True,@wei7095,@taketwo-e5u都 2025 年了，睁开眼看看世界吧，或者买张机票来中国看看,2,True
UgxT6s4Lr6cxjvl7tZ14AaABAg.APVcBfhrC0eAPZzMXiuROd,comment,w_tCOgxXKwA,UgxT6s4Lr6cxjvl7tZ14AaABAg,True,@Ozen-y7q,@taketwo-e5u Hello CIA Bot,6,True
UgxT6s4Lr6cxjvl7tZ14AaABAg.APVcBfhrC0eAP_ADyZ-zLt,comment,w_tCOgxXKwA,UgxT6s4Lr6cxjvl7tZ14AaABAg,True,@wuhanjinjian4973,@taketwo-e5u no freedom for its people? Are you sure that you know China or just make a rumor?,1,True
UgxT6s4Lr6cxjvl7tZ14AaABAg.APVcBfhrC0eAP_JbPFrulS,comment,w_tCOgxXKwA,UgxT6s4Lr6cxjvl7tZ14AaABAg,True,@dennismky,@taketwo-e5u 被你这句多读点书笑了，有钱出国吗？如果有钱出国那就去中国亲眼看看中国现在的发展，还有就是如果中国人没有任何自由，中国人民早就反了，你以为只有你们西方人才有脑才有思想吗？中国人比你们聪明和好多了。最后，如果你没有钱出国，那你就继续在网上发表你的愚蠢穷人留言吧。😉,0,True
UgxT6s4Lr6cxjvl7tZ14AaABAg.APVcBfhrC0eAPaMEZlElvP,comment,w_tCOgxXKwA,UgxT6s4Lr6cxjvl7tZ14AaABAg,True,@dagispappan,Don't buy it. It's not a good wintercar.,2,True
UgxT6s4Lr6cxjvl7tZ14AaABAg.APVcBfhrC0eAPaNurw4DbS,comment,w_tCOgxXKwA,UgxT6s4Lr6cxjvl7tZ14AaABAg,True,@chumpthetraitor7331,"​​@taketwo-e5u look who are sending their soldiers to occupy their own cities 😂😂😂
Propaganda much?",2,True
UgxT6s4Lr6cxjvl7tZ14AaABAg.APVcBfhrC0eAPaObiDVVx5,comment,w_tCOgxXKwA,UgxT6s4Lr6cxjvl7tZ14AaABAg,True,@wuhanjinjian4973,@dagispappan Do you know plug-in hybrid EV? Search online to read BYD PHEV.,0,True
UgxT6s4Lr6cxjvl7tZ14AaABAg.APVcBfhrC0eAPaTHW3uTp1,comment,w_tCOgxXKwA,UgxT6s4Lr6cxjvl7tZ14AaABAg,True,@taketwo-e5u,"​​@chumpthetraitor7331If you're referring to the US its a democracy with a Congress, the complete opposite of a totalitarian military run regime that you cannot criticise, read some history and politics.",0,True
UgxT6s4Lr6cxjvl7tZ14AaABAg.APVcBfhrC0eAPaTUy5Rl7e,comment,w_tCOgxXKwA,UgxT6s4Lr6cxjvl7tZ14AaABAg,True,@taketwo-e5u,​@alko_xoMy comment has nothing to do with the US or Donald Trump.,0,True
UgxT6s4Lr6cxjvl7tZ14AaABAg.APVcBfhrC0eAPaTZvvijWj,comment,w_tCOgxXKwA,UgxT6s4Lr6cxjvl7tZ14AaABAg,True,@taketwo-e5u,"​@Ozen-y7qHilarious, I'm not American.",0,True
UgxT6s4Lr6cxjvl7tZ14AaABAg.APVcBfhrC0eAPaTbnezM86,comment,w_tCOgxXKwA,UgxT6s4Lr6cxjvl7tZ14AaABAg,True,@taketwo-e5u,"​@centralkingdom8141Yes, can you?",0,True
UgxT6s4Lr6cxjvl7tZ14AaABAg.APVcBfhrC0eAPaTjIBNaJm,comment,w_tCOgxXKwA,UgxT6s4Lr6cxjvl7tZ14AaABAg,True,@taketwo-e5u,"​@wuhanjinjian4973Absolutely my friend, read some books and history.",0,True
UgxT6s4Lr6cxjvl7tZ14AaABAg.APVcBfhrC0eAPaTq0PpOO-,comment,w_tCOgxXKwA,UgxT6s4Lr6cxjvl7tZ14AaABAg,True,@taketwo-e5u,​@wei7095I have been to China.,0,True
UgxT6s4Lr6cxjvl7tZ14AaABAg.APVcBfhrC0eAPau5LoydwN,comment,w_tCOgxXKwA,UgxT6s4Lr6cxjvl7tZ14AaABAg,True,@leonluo4061,"​@taketwo-e5uJudging from the way you are talking, you have not been to China. In addition, BYD is a private listed company. There are no subsidies from the government.",2,True
UgxT6s4Lr6cxjvl7tZ14AaABAg.APVcBfhrC0eAPb0lnMbcBZ,comment,w_tCOgxXKwA,UgxT6s4Lr6cxjvl7tZ14AaABAg,True,@taketwo-e5u,​​@leonluo4061It might be 'privately listed' but in a totalitarian military regime thats not the same as in a democracy.,0,True
UgxT6s4Lr6cxjvl7tZ14AaABAg.APVcBfhrC0eAPb1t9cv_5l,comment,w_tCOgxXKwA,UgxT6s4Lr6cxjvl7tZ14AaABAg,True,@leonluo4061,​@taketwo-e5udelusional. You obviously have not been to China to see what it is like. Keep your head in the sand as you choose to do.,0,True
UgxT6s4Lr6cxjvl7tZ14AaABAg.APVcBfhrC0eAPbCW53Id0W,comment,w_tCOgxXKwA,UgxT6s4Lr6cxjvl7tZ14AaABAg,True,@Ozen-y7q,​@taketwo-e5uCIA bots don’t need to be American.,0,True
UgxT6s4Lr6cxjvl7tZ14AaABAg.APVcBfhrC0eAPbU0QRPN8Y,comment,w_tCOgxXKwA,UgxT6s4Lr6cxjvl7tZ14AaABAg,True,@zuriyel5368,"@taketwo-e5u Well, you've done a good job sounding as dumb as one. It's crazy how many false statements you've spouted.",0,True
UgxT6s4Lr6cxjvl7tZ14AaABAg.APVcBfhrC0eAPbYv7E42ZY,comment,w_tCOgxXKwA,UgxT6s4Lr6cxjvl7tZ14AaABAg,True,@龙南,@taketwo-e5u 没有自由的中国人可以买特斯拉，买福特，买通用，享有自由的美国人买不了中国车， 没有自由的中国人可以买苹果手机，有自由的美国人不能买华为手机，好滑稽,4,True
UgxT6s4Lr6cxjvl7tZ14AaABAg.APVcBfhrC0eAPc5v74mTxh,comment,w_tCOgxXKwA,UgxT6s4Lr6cxjvl7tZ14AaABAg,True,@birdyashiro1226,@dagispappan 给出理由，而不是结论,5,True
UgxT6s4Lr6cxjvl7tZ14AaABAg.APVcBfhrC0eAPd7eBBkCb9,comment,w_tCOgxXKwA,UgxT6s4Lr6cxjvl7tZ14AaABAg,True,@yamahkogribbis6212,"​@taketwo-e5ueven as a non-American, you have adopted the propaganda put forth by the American government. It happens.",2,True
UgxT6s4Lr6cxjvl7tZ14AaABAg.APVcBfhrC0eAPdG2BhZ-WH,comment,w_tCOgxXKwA,UgxT6s4Lr6cxjvl7tZ14AaABAg,True,@taketwo-e5u,"​​@yamahkogribbis6212No I'm not influenced, I'm 66 and seen a lot and read a lot, history tells us a lot. Just watching how China dealt with students in Hong Kong after they had agreed not to impose martial law and allow democracy to prevail when the British handed it back. Some managed to flee to Britain to escape. Then there is Putin murdering children.....",0,True
UgxT6s4Lr6cxjvl7tZ14AaABAg.APVcBfhrC0eAPdcN7oFgpw,comment,w_tCOgxXKwA,UgxT6s4Lr6cxjvl7tZ14AaABAg,True,@yamahkogribbis6212,"​@taketwo-e5u the main part of being ""influenced"" is that the person that has been indoctrinated is NOT AWARE of how they've been programmed. They might see themselves as mere spectators who are naturally picking up real information, even though they are being manipulated. 

If you've seen that both China and Russia have been authoritarian in how they govern, great. We all can see examples through our history.

But if you can not see how the American empire has been waging war on the world itself for years, and has been willing to use its power/influence to keep authoritarianism running strongly throughout the world, then you might be missing the big picture.

This assumption, that you have more freedom because you're American... Wait are you a white male?",0,True
UgxT6s4Lr6cxjvl7tZ14AaABAg.APVcBfhrC0eAPdcWxHjxpf,comment,w_tCOgxXKwA,UgxT6s4Lr6cxjvl7tZ14AaABAg,True,@yamahkogribbis6212,"I take it back, I see you're Canadian. How'd you soak up all our propaganda way up there?",2,True
UgxT6s4Lr6cxjvl7tZ14AaABAg.APVcBfhrC0eAPfVRqPVugw,comment,w_tCOgxXKwA,UgxT6s4Lr6cxjvl7tZ14AaABAg,True,@seya_eury,Not happening without the approval of your big brother southern neighbor.,1,True
UgxT6s4Lr6cxjvl7tZ14AaABAg.APVcBfhrC0eAPhwH-IsFlH,comment,w_tCOgxXKwA,UgxT6s4Lr6cxjvl7tZ14AaABAg,True,@thisisthetruth-f6w,"@centralkingdom8141 Umm....no, we don't.  Canadian's have already stopped buying U.S. built crap.  We  have Toyota's and Honda's built at home that are already better.  And we have full access to Japanese and Korean built cars.  BYD will be next. Remember,  Diaper Donnie brainwashed you into thinking you don't need Canadian's money, and we're fine with that.",7,True
UgxT6s4Lr6cxjvl7tZ14AaABAg.APVcBfhrC0eAPhwNbVEdCE,comment,w_tCOgxXKwA,UgxT6s4Lr6cxjvl7tZ14AaABAg,True,@thisisthetruth-f6w,"@taketwo-e5u  Ya, instead buy a fat lazy American line-worker car that has brutal resale.  Thanks, but no thanks.",1,True
UgxT6s4Lr6cxjvl7tZ14AaABAg.APVcBfhrC0eAPiH0l4nuFa,comment,w_tCOgxXKwA,UgxT6s4Lr6cxjvl7tZ14AaABAg,True,@taketwo-e5u,Don't buy a people's republic of China car. Its a totalitarian military dictatorship with no freedoms for its people. Their car industry is heavily subsidised to falsely make their cars look cheap in the world market and consequently putting Canadians out of work,2,True
UgxT6s4Lr6cxjvl7tZ14AaABAg.APVcBfhrC0eAQaPf1QLQLK,comment,w_tCOgxXKwA,UgxT6s4Lr6cxjvl7tZ14AaABAg,True,@Ethanroger-b6r,Your government needs to follow Washington's arrangements,1,True
UgxT6s4Lr6cxjvl7tZ14AaABAg.APVcBfhrC0eAQaS7LkN3T4,comment,w_tCOgxXKwA,UgxT6s4Lr6cxjvl7tZ14AaABAg,True,@thisisthetruth-f6w,"@Ethanroger-b6r  No, we don't.  Canada is done with the U.S. dictator wannabe.",6,True
UgxT6s4Lr6cxjvl7tZ14AaABAg.APVcBfhrC0eAQem7EpDqL3,comment,w_tCOgxXKwA,UgxT6s4Lr6cxjvl7tZ14AaABAg,True,@bfvader,"​@taketwo-e5ulaughs in $90 billion spent bailing out the big 3 in 2008, and $30-40 billion PER YEAR going back decades spent on oil subsidies in the USA. 😅",5,True
UgxT6s4Lr6cxjvl7tZ14AaABAg.APVcBfhrC0eAQgVGt47s9m,comment,w_tCOgxXKwA,UgxT6s4Lr6cxjvl7tZ14AaABAg,True,@yinghannong,"@taketwo-e5u You must one of those older humans that run on cable tvs. Not us, we've seen IShowSpeed's stream of him having fun during his tour in China.

Roger roger roger roger",3,True
UgxT6s4Lr6cxjvl7tZ14AaABAg.APVcBfhrC0eAQgWKzGetaI,comment,w_tCOgxXKwA,UgxT6s4Lr6cxjvl7tZ14AaABAg,True,@taketwo-e5u,"​@yinghannongI couldn't live under a totalitarian military regime my friend, you go ahead.",1,True
UgxT6s4Lr6cxjvl7tZ14AaABAg.APVcBfhrC0eAQgeaveougF,comment,w_tCOgxXKwA,UgxT6s4Lr6cxjvl7tZ14AaABAg,True,@thisisthetruth-f6w,@taketwo-e5u  We can buy their cars without buying their life.  Where the hell do you think 50% of the crap in your house came from?,2,True
UgxT6s4Lr6cxjvl7tZ14AaABAg.APVcBfhrC0eARNvcyxEmCH,comment,w_tCOgxXKwA,UgxT6s4Lr6cxjvl7tZ14AaABAg,True,@BigLew-q4d1h,yep....I'm looking forward to being communist too!,1,True
UgxT6s4Lr6cxjvl7tZ14AaABAg.APVcBfhrC0eARVBy5JgMaF,comment,w_tCOgxXKwA,UgxT6s4Lr6cxjvl7tZ14AaABAg,True,@unclesquidy285,​@thisisthetruth-f6w Chinese companies that make cheap and very poorly made stuff 😄,0,True
UgxT6s4Lr6cxjvl7tZ14AaABAg.APVcBfhrC0eAS2p8hkRuHw,comment,w_tCOgxXKwA,UgxT6s4Lr6cxjvl7tZ14AaABAg,True,@larsen7682,"Congrats, your wish came true",13,True
UgxT6s4Lr6cxjvl7tZ14AaABAg.APVcBfhrC0eAS2prT9VaDD,comment,w_tCOgxXKwA,UgxT6s4Lr6cxjvl7tZ14AaABAg,True,@bfvader,"​@larsen7682unfortunately the quota is only 49,000 units with no real commitment to a dealer network or local manufacturing. Tesla alone sold 55,000 units in Canada in 2024 (though less than 20,000 in 2025 😂) - I'd hoped for a bigger commitment but even baby steps in the right direction are good!",11,True
UgxT6s4Lr6cxjvl7tZ14AaABAg.APVcBfhrC0eAS4aPNoZgbt,comment,w_tCOgxXKwA,UgxT6s4Lr6cxjvl7tZ14AaABAg,True,@rohitpatel-gm9fz,It's on way..they are paking  them for Canada,3,True
UgxT6s4Lr6cxjvl7tZ14AaABAg.APVcBfhrC0eAS8ybys0ll_,comment,w_tCOgxXKwA,UgxT6s4Lr6cxjvl7tZ14AaABAg,True,@reallee24,Goodnews now u can buy🎉,0,True
UgxT6s4Lr6cxjvl7tZ14AaABAg.APVcBfhrC0eAS952rQwNvR,comment,w_tCOgxXKwA,UgxT6s4Lr6cxjvl7tZ14AaABAg,True,@bfvader,"​@rohitpatel-gm9fzI don't see BYD selling their own branded cars right away. My guess is it'll let Western brands leverage their dealer networks to sell EVs from Chinese joint-ventures in Canada.

Honda/Nissan/Stellantis with Dongfeng 
Toyota with FAW and GAC
VW with SAIC
BMW with GWM
Mercedes with Geely and BAIC
Volvo & Polestar with Geely

Lots of other JVs too. The Western brands basically just provide the English translations and the dealerships for sales & service.",1,True
UgxT6s4Lr6cxjvl7tZ14AaABAg.APVcBfhrC0eASAz52mC7uA,comment,w_tCOgxXKwA,UgxT6s4Lr6cxjvl7tZ14AaABAg,True,@zbzxatgmail4947,"@dagispappan true ,winter is the killer on current ev battery, hev might be the best for the time being,, looking forward solid state battery",0,True
UgxT6s4Lr6cxjvl7tZ14AaABAg.APVcBfhrC0eASDj6a6wDDw,comment,w_tCOgxXKwA,UgxT6s4Lr6cxjvl7tZ14AaABAg,True,@Kennynbay,​@BigLew-q4d1hyou should. That's the way going forward instead of the democracy lies we've been fed all our lives.,5,True
UgxT6s4Lr6cxjvl7tZ14AaABAg.APVcBfhrC0eASGXfMgi_gm,comment,w_tCOgxXKwA,UgxT6s4Lr6cxjvl7tZ14AaABAg,True,@gerrysuggitt8666,​@taketwo-e5utotalitarian military dictatorship? Are you talking about the current USA?,5,True
UgxT6s4Lr6cxjvl7tZ14AaABAg.APVcBfhrC0eASHFIEdasOw,comment,w_tCOgxXKwA,UgxT6s4Lr6cxjvl7tZ14AaABAg,True,@taketwo-e5u,"​@gerrysuggitt8666No, the USA is a democracy..",0,True
UgxT6s4Lr6cxjvl7tZ14AaABAg.APVcBfhrC0eASN6QrCZ82D,comment,w_tCOgxXKwA,UgxT6s4Lr6cxjvl7tZ14AaABAg,True,@richardmichael59,Nope,2,True
UgxT6s4Lr6cxjvl7tZ14AaABAg.APVcBfhrC0eASXYhs0d3JN,comment,w_tCOgxXKwA,UgxT6s4Lr6cxjvl7tZ14AaABAg,True,@elijahyourdad3937,@xiaowuxu7020 哈哈哈,0,True
UgxT6s4Lr6cxjvl7tZ14AaABAg.APVcBfhrC0eASbTXwnmo8X,comment,w_tCOgxXKwA,UgxT6s4Lr6cxjvl7tZ14AaABAg,True,@RuickyYu-tb6sy,"@bfvader Either way, it’s a solid start. Bringing in Chinese EVs, even in small numbers, is good for consumers whether you want a BYD or a Tesla.
More competition can only be a positive thing.",3,True
UgxT6s4Lr6cxjvl7tZ14AaABAg.APVcBfhrC0eAT5btZxNp2C,comment,w_tCOgxXKwA,UgxT6s4Lr6cxjvl7tZ14AaABAg,True,@jjkrt12345,​@bfvaderThey will bring in more.  The local car manufacturers have to be able to adjust.,0,True
UgxT6s4Lr6cxjvl7tZ14AaABAg.APVcBfhrC0eATAHd-QUDVN,comment,w_tCOgxXKwA,UgxT6s4Lr6cxjvl7tZ14AaABAg,True,@dmckoy357,This aged well.,1,True
UgxT6s4Lr6cxjvl7tZ14AaABAg.APVcBfhrC0eATKgaFVgiNg,comment,w_tCOgxXKwA,UgxT6s4Lr6cxjvl7tZ14AaABAg,True,@Depressionsux1,Wow you are behind the times. It’s already happening and only a 6.5 percent tariff.,0,True
UgxT6s4Lr6cxjvl7tZ14AaABAg.APVcBfhrC0eATKvqnx9xr3,comment,w_tCOgxXKwA,UgxT6s4Lr6cxjvl7tZ14AaABAg,True,@bfvader,"@Depressionsux1 This was posted last year, my guy.",1,True
UgxT6s4Lr6cxjvl7tZ14AaABAg.APVcBfhrC0eAVd_i8BzcE2,comment,w_tCOgxXKwA,UgxT6s4Lr6cxjvl7tZ14AaABAg,True,@skyemac8,@seya_eury That’s gone. Bye Scump.,0,True
UgxT6s4Lr6cxjvl7tZ14AaABAg.APVcBfhrC0eAWOJQj5c_C2,comment,w_tCOgxXKwA,UgxT6s4Lr6cxjvl7tZ14AaABAg,True,@Yu_0110,"@bfvader Because the U.S. is the biggest variable in the North American market, I don’t think this is the best time or the right choice for China to build factories in Canada.",0,True
UgxT6s4Lr6cxjvl7tZ14AaABAg.APVcBfhrC0eAWOh3r8wUbA,comment,w_tCOgxXKwA,UgxT6s4Lr6cxjvl7tZ14AaABAg,True,@bfvader,"@Yu_0110 Luckily administrations change faster than auto sector planning cycles, so hopefully it's worth it for them to get their foot in the door early for the time when North American consumers become more amenable to the idea of EVs... 
After a long period of high gas prices and oil wars, maybe it won't be long before they realize that local energy security and cleaner/ faster /more efficient EVs are a better idea.",0,True
UgxT6s4Lr6cxjvl7tZ14AaABAg.APVcBfhrC0eAX1ufnDFHCv,comment,w_tCOgxXKwA,UgxT6s4Lr6cxjvl7tZ14AaABAg,True,@XRay-x2h,"BYD are smarter than that, they will just build a manufacturing facility in your country and no tariffs.",0,True
UgxT6s4Lr6cxjvl7tZ14AaABAg.APVcBfhrC0eAX1wHZUGurs,comment,w_tCOgxXKwA,UgxT6s4Lr6cxjvl7tZ14AaABAg,True,@bfvader,"​@XRay-x2hI think the problem is that BYD would prefer to build assembly plants where they reassemble knock-down-kits in Canada; while North Americans would prefer a full factory with local component and mineral suppliers in order to comply with the Canada/USA/Mexico (CUSMA) free trade agreement.

That said, BYD's ""dark factories"" are highly automated and would not provide the local economic boost that people may expect from an auto manufacturing factory",0,True
Ugw_vnxJdjNG0qobiR54AaABAg,comment,w_tCOgxXKwA,,False,@voongnz,"I love blacked out cars and tint. Almost doesn’t matter what the car is, I like that aesthetic. But this byd is real nice.",2,True
UgyDJapiI-Afv7CE4xZ4AaABAg,comment,w_tCOgxXKwA,,False,@alesh-cz,"BYD is too expensive here in Europe because the tariffs and BYD's European pricing. If we got closer to the Chinese prices, I'd be standing in line to buy it. Nevertheless, I enjoyed the video mainly because of the way Nicola presents it. Funny moments and relatable.",1,True
UgyDJapiI-Afv7CE4xZ4AaABAg.APV_F5bXo0HAPe4HW37URA,comment,w_tCOgxXKwA,UgyDJapiI-Afv7CE4xZ4AaABAg,True,@Riannu-i8x,"Its your own government who negotiated floor price. They dont want you to be ""cheapskate"" 😅😅😅😅😅",0,True
UgzCR6p6GdFVvVP0xpJ4AaABAg,comment,w_tCOgxXKwA,,False,@leoethio4150,YOU ARE JUST GOOD,0,True
Ugzu9LhypM4nO1kwpCB4AaABAg,comment,w_tCOgxXKwA,,False,@dal2258,"Very usefull review, thank you Nicola 🙂",1,True
Ugzu9LhypM4nO1kwpCB4AaABAg.APVYeF5sV_8APWptRWR6FR,comment,w_tCOgxXKwA,Ugzu9LhypM4nO1kwpCB4AaABAg,True,@Electrifyingcom,You're welcome! Glad you enjoyed it.,0,True
Ugzu9LhypM4nO1kwpCB4AaABAg.APVYeF5sV_8APYcrIH7Y2b,comment,w_tCOgxXKwA,Ugzu9LhypM4nO1kwpCB4AaABAg,True,@dal2258,​@ElectrifyingcomNow a Polestar 5 as your long term testcar? 😌,0,True
Ugx7IXvBTst4ilr7VLp4AaABAg,comment,w_tCOgxXKwA,,False,@xyredmax,"Another great review, I was sold until the lack of OPD. I laughed, Nicola having road rage is like a puppy chewing your jumper 🤭🤭",4,True
UgyZGynQ-BX1odmzIah4AaABAg,comment,w_tCOgxXKwA,,False,@Smith_Tech_70,"Shame about the one pedal driving. My i4 has it, and I love it. All the way down to a standstill, is great.",6,True
UgyZGynQ-BX1odmzIah4AaABAg.APVYXiOSvV9APbhKaNMed9,comment,w_tCOgxXKwA,UgyZGynQ-BX1odmzIah4AaABAg,True,@alexj2869,"so what do you do if need to stop afap?   like a dog suddenly run in front of you,",0,True
UgyZGynQ-BX1odmzIah4AaABAg.APVYXiOSvV9AVklx5_iVkr,comment,w_tCOgxXKwA,UgyZGynQ-BX1odmzIah4AaABAg,True,@HiruS22,"@alexj2869  They've fitted it with a clever new feature, a brake pedal",0,True
UgxkI9Wpy48k4FGcrbN4AaABAg,comment,w_tCOgxXKwA,,False,@manoman0,Heading towards 30k km with my MG4. Brilliant car.,0,True
UgxAzTcHGS0YdhPz6dR4AaABAg,comment,w_tCOgxXKwA,,False,@Thor-f3c,I’ve seen a few SEALs on the road but why the front bumper LED panel strips never light up like they suppose to???,0,True
UgyBL-dYvu_gnlIhiqV4AaABAg,comment,w_tCOgxXKwA,,False,@BS25999,The screen function you are describing is pure Android. I'm surprised that it was not there in the first place.,0,True
Ugw9sTQRl3UFvBESAX54AaABAg,comment,w_tCOgxXKwA,,False,@BeatAI-c6l,Wow!🥰😍🥰😍🤩,0,True
UgysRyIP9lZgTjsEPgN4AaABAg,comment,w_tCOgxXKwA,,False,@abrahamgillesdejager6852,"Very pretty Nicola with a very pretty good car, but no fifth door is a dealbreaker for me.",1,True
UgwoCjxtI60Zds2BLf14AaABAg,comment,w_tCOgxXKwA,,False,@minosquared,"08:30, I was told people read manuals, apparently not everybody. lol.",0,True
Ugy5SFk9lEVhiAckGXN4AaABAg,comment,w_tCOgxXKwA,,False,@MANOSTAROT,"Nice review. Im watching you from Greece. You are so good on that. 
I drove this car as test drive before a year. I Was so impressed from this car. 
But I chose the model 3 highland for 4 reasons. 
Byd it hasn’t got one pedal driving. When you drive a tesla you cant live without it. 
It hasn’t got sentry mode. 
It hasn’t got the back screen. 
And the trunk is way smaller than the M3. 
But as a quality,performance,and beauty is such a nice car.",0,True
Ugy5SFk9lEVhiAckGXN4AaABAg.APVO_MkcqJtAPWveZ6VZ1T,comment,w_tCOgxXKwA,Ugy5SFk9lEVhiAckGXN4AaABAg,True,@TheEletricboy,"I really enjoyed the video and it brings me joy to know the EV market is growing and increasing in quality, variety is great. 
I drive a Model 3 Highland as well and I also share your views, I felt the boot was too small, not bad but smaller than the M3. Then the software, Tesla's software is honestly unbeatable in terms of connectivity, performance and UX. I've never felt a more smooth experience in any car, it truly feels like a top of the line smartphone, and the BYD I tried had certain scenarios where it lagged a bit, just my preference because other than that the BYD's system is great.
No one-pedal driving really did it for me, once you try it on the tesla (or any EV) you just can't even fathom not having it.
Other small cool features like outside speakers and other gimicky stuff is also a bonus, I've used them more than I initially thought.
People say ""oh when you're driving you can't find the button for the seats and AC etc"", you can just drop shortcuts into the bottom or use the quick gestures like swiping left/right on the temperature without having to look away. Also if you want to change the position of the mirror or steering column it's 2 clicks and they're massive buttons which are always in the same position so just memorize it it's not hard.",1,True
Ugzd9cDpVPqsREigUER4AaABAg,comment,w_tCOgxXKwA,,False,@curseknight5,"If only Canada wasn't so stuck up US' rear, we could have affordable Chinese and other Euro cars.",1275,True
Ugzd9cDpVPqsREigUER4AaABAg.APVMgTNBBW8APVV6JBNL8z,comment,w_tCOgxXKwA,Ugzd9cDpVPqsREigUER4AaABAg,True,@manoman0,"You don't want Euro-cars. They don't hold up under canadian conditions all that well. They're too filigrane.

I would know.",31,True
Ugzd9cDpVPqsREigUER4AaABAg.APVMgTNBBW8APVX7Ol13lD,comment,w_tCOgxXKwA,Ugzd9cDpVPqsREigUER4AaABAg,True,@tsubadaikhan6332,"Canada's an important part of the North American supply chain for vehicles. I'm Australian. We get cheap Chinese Vehicles, but we lost our entire automobile industry first. As long as there's never a War we're OK. If there ever is a War, we can't build a lot. But, realistically, if we get in a War with China, we could well end up back in the Stone Age afterwards. So perhaps I'm worried for nothing. Just being in the Southern Hemisphere might be our only saving grace. Drive one cheap Chinese Car and Tesla's Share price makes zero sense at all. Tesla have nothing on the cheaper BYD version of anything.",48,True
Ugzd9cDpVPqsREigUER4AaABAg.APVMgTNBBW8APVZiDEjjIO,comment,w_tCOgxXKwA,Ugzd9cDpVPqsREigUER4AaABAg,True,@manoman0,"@tsubadaikhan6332 Indeed, a real fight for markets going on now and China does not want war. You'll just be fine, man.",35,True
Ugzd9cDpVPqsREigUER4AaABAg.APVMgTNBBW8APVdJisFDYz,comment,w_tCOgxXKwA,Ugzd9cDpVPqsREigUER4AaABAg,True,@modready9603,@tsubadaikhan6332 China will not initiate a war unless Australians fight for the United States.,73,True
Ugzd9cDpVPqsREigUER4AaABAg.APVMgTNBBW8APWBqTQ5lXF,comment,w_tCOgxXKwA,Ugzd9cDpVPqsREigUER4AaABAg,True,@tsubadaikhan6332,"@modready9603  Traditionally, we follow them like puppies. Our big issue is we kinda need to talk about the unique issue of Taiwan. The West and China view Taiwan completely differently. Something like Vietnam is a different Country, and a different circumstance. Our 'Leaders' have effectively told China Taiwan is Chinese for the last 75 years. That is going to be a problem soon.",8,True
Ugzd9cDpVPqsREigUER4AaABAg.APVMgTNBBW8APWEhy9bx-t,comment,w_tCOgxXKwA,Ugzd9cDpVPqsREigUER4AaABAg,True,@modready9603,"@tsubadaikhan6332 China will resolve the Taiwan issue in a moderate way, it is just a small island. China only needs to blockade the island for a month, and the matter will be over. American aircraft carriers can no longer approach here.",32,True
Ugzd9cDpVPqsREigUER4AaABAg.APVMgTNBBW8APWGRP2_o6t,comment,w_tCOgxXKwA,Ugzd9cDpVPqsREigUER4AaABAg,True,@喜欢-w9q,"@tsubadaikhan6332  I am Chinese, and I am extremely confused as to why Australia thinks it needs to go to war with China? I am extremely confused, to the extent that I don't even understand why Indians drink cow urine and throw cow dung at each other—I'm just giving an example of how confused I am about this matter.",1,True
Ugzd9cDpVPqsREigUER4AaABAg.APVMgTNBBW8APWGwbgVBAo,comment,w_tCOgxXKwA,Ugzd9cDpVPqsREigUER4AaABAg,True,@喜欢-w9q,"@tsubadaikhan6332  From the Cairo Declaration, the Potsdam Declaration, the Instrument of Surrender of Japan, to UN Resolution 2758 and the joint communiques of countries establishing diplomatic relations, they all collectively establish a principle — Taiwan is a part of Chinese territory, and the China-Taiwan issue belongs to China's internal affairs.
The United States merely needs a pretext to interfere in China's internal affairs. The prerequisite for all countries to establish diplomatic relations with China is the One China principle, so it always uses the Taiwan issue to cause trouble for China, which has already become somewhat tiresome to the Chinese.",37,True
Ugzd9cDpVPqsREigUER4AaABAg.APVMgTNBBW8APWLGBexnYc,comment,w_tCOgxXKwA,Ugzd9cDpVPqsREigUER4AaABAg,True,@nsebast,Your job is to make American billionaires rich not China. Are you a commie???,0,True
Ugzd9cDpVPqsREigUER4AaABAg.APVMgTNBBW8APWWBrNm-1t,comment,w_tCOgxXKwA,Ugzd9cDpVPqsREigUER4AaABAg,True,@hughmarcus1,@manoman0it’s not like there’s no snow in Europe. 😉,9,True
Ugzd9cDpVPqsREigUER4AaABAg.APVMgTNBBW8APXIQEAnXhr,comment,w_tCOgxXKwA,Ugzd9cDpVPqsREigUER4AaABAg,True,@loooongtimeago,"@tsubadaikhan6332 I am just curious how many Australians know Taiwan being a geographic name, its official name is Republic Of China.",12,True
Ugzd9cDpVPqsREigUER4AaABAg.APVMgTNBBW8APXL7KKuCi2,comment,w_tCOgxXKwA,Ugzd9cDpVPqsREigUER4AaABAg,True,@dearcoolz,​@tsubadaikhan6332and America is pulling it's supply chains back from Canada,3,True
Ugzd9cDpVPqsREigUER4AaABAg.APVMgTNBBW8APXZXkY0ECc,comment,w_tCOgxXKwA,Ugzd9cDpVPqsREigUER4AaABAg,True,@L.k.586,@manoman0 A war between Australia and China sounds so unrealistic. Are Australians seriously considering this possibility?,8,True
Ugzd9cDpVPqsREigUER4AaABAg.APVMgTNBBW8APXbjlgEAuF,comment,w_tCOgxXKwA,Ugzd9cDpVPqsREigUER4AaABAg,True,@tsubadaikhan6332,"@L.k.586  A War between the USA and China with Taiwan in middle feels imminent. There are thousands of US Troops and Bases in Australia and all around the region. They're not here because anyone's worried about the Civil War in Myanmar, or intending to suffer through another Vietnam.",3,True
Ugzd9cDpVPqsREigUER4AaABAg.APVMgTNBBW8APXcPsnByrd,comment,w_tCOgxXKwA,Ugzd9cDpVPqsREigUER4AaABAg,True,@tsubadaikhan6332,"@loooongtimeago  Are you looking for a prize for the stupidest question? Do you know North Korea's official name is the Democratic Peoples Republic of Korea? Does that make it Democratic, or representative of all Korea?",5,True
Ugzd9cDpVPqsREigUER4AaABAg.APVMgTNBBW8APXdcqlNhKd,comment,w_tCOgxXKwA,Ugzd9cDpVPqsREigUER4AaABAg,True,@paxmaniac1,"​@tsubadaikhan6332Tesla's share price is entirely based on Elon's ability to spin imaginary future markets in robotics, AI and robotaxis. It's why they have to pay him a trillion dollars, because as a car company, it's value is maybe 10% of its current price.",12,True
Ugzd9cDpVPqsREigUER4AaABAg.APVMgTNBBW8APXgua3DTAJ,comment,w_tCOgxXKwA,Ugzd9cDpVPqsREigUER4AaABAg,True,@ling-y7l,"@tsubadaikhan6332In those days, China's legitimacy to Taiwan Province was recognized, and the war ended. The problem was very serious. One third of Taiwan Province was of Japanese origin. They said that they were the Republic of China outside, and Sun Yat-sen's head inside said that Japan was the mother country. At that time, there were a large number of Japanese surrender soldiers inside the Kuomintang. They failed to go to Taiwan Province and killed all the real Taiwan Province people and replaced them.",6,True
Ugzd9cDpVPqsREigUER4AaABAg.APVMgTNBBW8APXijVRjo5-,comment,w_tCOgxXKwA,Ugzd9cDpVPqsREigUER4AaABAg,True,@zimuli3549,"@tsubadaikhan6332 Taiwan and mainland China remain locked in an ongoing civil war between two regimes, a situation stemming from the US naval intervention over 70 years ago, which has prevented China from achieving complete reunification. China, as a major world power, will never allow foreign military intervention to lead to permanent division.",9,True
Ugzd9cDpVPqsREigUER4AaABAg.APVMgTNBBW8APXy5zOYUcM,comment,w_tCOgxXKwA,Ugzd9cDpVPqsREigUER4AaABAg,True,@irritatedanglosaxon1705,@tsubadaikhan6332 so dont wages wars and dont threatening,9,True
Ugzd9cDpVPqsREigUER4AaABAg.APVMgTNBBW8APY1SE03zb-,comment,w_tCOgxXKwA,Ugzd9cDpVPqsREigUER4AaABAg,True,@limitedmark,​@hughmarcus1exactly. Volvo was born in the harsh Scandinavian environment.,5,True
Ugzd9cDpVPqsREigUER4AaABAg.APVMgTNBBW8APYD76FtRP1,comment,w_tCOgxXKwA,Ugzd9cDpVPqsREigUER4AaABAg,True,@torginus,enjoy your cybertrucks,14,True
Ugzd9cDpVPqsREigUER4AaABAg.APVMgTNBBW8APYDIwjqZay,comment,w_tCOgxXKwA,Ugzd9cDpVPqsREigUER4AaABAg,True,@manoman0,"@L.k.586 
Is it possible? Yes.
 Is it probable? NO. 

Chinese are not belligerent and they have no intention to wage wars. They seize power in very different ways. See, the Chinese don't have that traditional western notion of a nation-state with borders. That's a relatively new concept to the Chinese. China is where Chinese are. Over time. They are just too knowledgeable to enter wars for ideology.
 You might not like them and they have some awkward traits but a war CN-AUS? They'd be fools to even shoot a single bullet. 'Stra-ians, on the other hand, have been massaged by US/Western media to maybe believe that. I don't know. I don't read 'stra-ian media.


It's always better do wheel-and-deal with whoever comes across your path in life.

That's the Chinese take. 

I would know.",4,True
Ugzd9cDpVPqsREigUER4AaABAg.APVMgTNBBW8APYEQ8PK9Wp,comment,w_tCOgxXKwA,Ugzd9cDpVPqsREigUER4AaABAg,True,@manoman0,@hughmarcus1 I know. Our mountains are already whitened by global warming dust.,4,True
Ugzd9cDpVPqsREigUER4AaABAg.APVMgTNBBW8APYFmDnB3bM,comment,w_tCOgxXKwA,Ugzd9cDpVPqsREigUER4AaABAg,True,@hughmarcus1,@manoman0😂😂,3,True
Ugzd9cDpVPqsREigUER4AaABAg.APVMgTNBBW8APYKdToIax0,comment,w_tCOgxXKwA,Ugzd9cDpVPqsREigUER4AaABAg,True,@tsubadaikhan6332,"@ling-y7l  So... Your theory is Taiwan is now full of Japanese people? Gotta admit, I haven't heard that one before.",3,True
Ugzd9cDpVPqsREigUER4AaABAg.APVMgTNBBW8APYN8qnUODP,comment,w_tCOgxXKwA,Ugzd9cDpVPqsREigUER4AaABAg,True,@goldriverbank6647,​@tsubadaikhan6332You should worry about Japan definitely not China. History repeats.!! Japan showed aggressiveness for hundreds of years,7,True
Ugzd9cDpVPqsREigUER4AaABAg.APVMgTNBBW8APYPbLITuOd,comment,w_tCOgxXKwA,Ugzd9cDpVPqsREigUER4AaABAg,True,@xiaowuxu7020,​@tsubadaikhan6332只要你们卖给我们铁矿石，我们没有理由战争,5,True
Ugzd9cDpVPqsREigUER4AaABAg.APVMgTNBBW8APYlfGSSXck,comment,w_tCOgxXKwA,Ugzd9cDpVPqsREigUER4AaABAg,True,@colingoldthorpe5918,@manoman0you are full of sh$$ I live in Alberta and European cars are fine here 🤷‍♂️🤷‍♂️ I got 2 minis and they run all winter long in -40c with no issues whatsoever 🙄🙄🙄,0,True
Ugzd9cDpVPqsREigUER4AaABAg.APVMgTNBBW8APYvVCoO8wb,comment,w_tCOgxXKwA,Ugzd9cDpVPqsREigUER4AaABAg,True,@tsubadaikhan6332,"@xiaowuxu7020  And we have no wish or reason for conflict with China. The USA drags us into things, and the USA has a lunatic for a President. The USA's positions worry me more than China's.",8,True
Ugzd9cDpVPqsREigUER4AaABAg.APVMgTNBBW8APZBaA_qiXw,comment,w_tCOgxXKwA,Ugzd9cDpVPqsREigUER4AaABAg,True,@alko_xo,You are just North America.,1,True
Ugzd9cDpVPqsREigUER4AaABAg.APVMgTNBBW8APZCEhHcSbz,comment,w_tCOgxXKwA,Ugzd9cDpVPqsREigUER4AaABAg,True,@alko_xo,"@tsubadaikhan6332 
Historical Documents:
	•	In the Shanghai Communiqué (1972), the United States stated: “The United States Government does not challenge” China’s position that “there is but one China and Taiwan is part of China.”
	•	In the 1978 Communiqué (when the U.S. established diplomatic relations with the PRC), the U.S. likewise said that it “acknowledges” China’s position regarding Taiwan.",3,True
Ugzd9cDpVPqsREigUER4AaABAg.APVMgTNBBW8APZWMo_NkQA,comment,w_tCOgxXKwA,Ugzd9cDpVPqsREigUER4AaABAg,True,@lopesh.4431,"@modready9603 You're right!  Don't be a fool like Zelenskyy, fighting America's proxy war.",6,True
Ugzd9cDpVPqsREigUER4AaABAg.APVMgTNBBW8APZYY_aZ8Ch,comment,w_tCOgxXKwA,Ugzd9cDpVPqsREigUER4AaABAg,True,@geoffreyjones6019,"@lopesh.4431 Amazing how many people find it such a difficult concept to grasp, but Russia invaded Ukraine (as Putin wants the Soviet Empire back), which is now fighting for its survival as an independent state, it‘s not fighting a proxy war for anyone.",4,True
Ugzd9cDpVPqsREigUER4AaABAg.APVMgTNBBW8APZaCGk8GcP,comment,w_tCOgxXKwA,Ugzd9cDpVPqsREigUER4AaABAg,True,@TheRandomness-k8k,​@tsubadaikhan6332China ain't attacking yall. Stop thinking so highly of yourselves.,2,True
Ugzd9cDpVPqsREigUER4AaABAg.APVMgTNBBW8AP_1NzZ0UST,comment,w_tCOgxXKwA,Ugzd9cDpVPqsREigUER4AaABAg,True,@lopesh.4431,@geoffreyjones6019 Please find out the true cause why Russia is fighting inside Ukraine.  I am sure you know it!,1,True
Ugzd9cDpVPqsREigUER4AaABAg.APVMgTNBBW8AP_3EKphvOL,comment,w_tCOgxXKwA,Ugzd9cDpVPqsREigUER4AaABAg,True,@greyareaexist,"​@tsubadaikhan6332 I’m Australian too, but facts are facts—the automobile industry shutdown has nothing to do with Chinese EVs. It’s worth looking into the details yourself before jumping to conclusions, otherwise it might just come across as propaganda. You wouldn’t want to end up being part of the US propaganda machine. Below are some timeline given by ChatGPT for your reference.

 ✅ Timeline comparison
Automotive industry shutdown

Mitsubishi stopped production: 2008
Ford announced shutdown: 2013 → closed 2016
Holden announced shutdown: 2013 → closed 2017
Toyota closed manufacturing: 2017
All major closures happened before 2017.

Chinese EV entry into Australia

Almost no Chinese EVs in Australia before 2020.
Major growth only started in 2022–2024 (BYD, MG, GWM).
As of 2024, China is now the #1 source of EV imports, but this is long after local manufacturing ended.",3,True
Ugzd9cDpVPqsREigUER4AaABAg.APVMgTNBBW8AP_3KhtlQ0r,comment,w_tCOgxXKwA,Ugzd9cDpVPqsREigUER4AaABAg,True,@bobsmith3983,@xiaowuxu7020 As long as the Aussies accept RMB for payment there will be no problems.,0,True
Ugzd9cDpVPqsREigUER4AaABAg.APVMgTNBBW8AP_3Rrp1hpj,comment,w_tCOgxXKwA,Ugzd9cDpVPqsREigUER4AaABAg,True,@bobsmith3983,@alko_xo Part of North America as Canada is the top half.,3,True
Ugzd9cDpVPqsREigUER4AaABAg.APVMgTNBBW8AP_aMr-T1Ta,comment,w_tCOgxXKwA,Ugzd9cDpVPqsREigUER4AaABAg,True,@xiaowuxu7020,​@bobsmith3983人民币可以卖到世界上所有的东西，从袜子衬衫到电脑汽车，为什么不呢！,0,True
Ugzd9cDpVPqsREigUER4AaABAg.APVMgTNBBW8AP_bni9Ym3O,comment,w_tCOgxXKwA,Ugzd9cDpVPqsREigUER4AaABAg,True,@frankr4038,@L.k.586you are aware of the Taiwan conflict … its a real issue. Of course no one wants war but China wants Taiwan. Here we are.,0,True
Ugzd9cDpVPqsREigUER4AaABAg.APVMgTNBBW8AP_lBPgIWYL,comment,w_tCOgxXKwA,Ugzd9cDpVPqsREigUER4AaABAg,True,@Peaceppl,"@frankr4038 They don’t need to want one as it belongs to Chinese, like it or not.",0,True
Ugzd9cDpVPqsREigUER4AaABAg.APVMgTNBBW8AP_omYwIlI8,comment,w_tCOgxXKwA,Ugzd9cDpVPqsREigUER4AaABAg,True,@L.k.586,@frankr4038Taiwan is a province of China. Does it have anything with Australia or any other countries?,2,True
Ugzd9cDpVPqsREigUER4AaABAg.APVMgTNBBW8APaIXryQSwu,comment,w_tCOgxXKwA,Ugzd9cDpVPqsREigUER4AaABAg,True,@frankr4038,"@L.k.586 PRC Position: The government of the PRC views Taiwan as a ""rebel region"" or ""province"" that must be reunified with the mainland, by force if necessary. Beijing uses its international influence to pressure other countries and international organizations, such as the United Nations, not to treat Taiwan as an independent nation.",0,True
Ugzd9cDpVPqsREigUER4AaABAg.APVMgTNBBW8APaR5zn4mmd,comment,w_tCOgxXKwA,Ugzd9cDpVPqsREigUER4AaABAg,True,@QingYuan-vw4pc,@tsubadaikhan6332 放心，中国绝对不会先开第一枪，如果你的政府不愿意发动战争，那战争就不会发生❤,2,True
Ugzd9cDpVPqsREigUER4AaABAg.APVMgTNBBW8APb51qalIUV,comment,w_tCOgxXKwA,Ugzd9cDpVPqsREigUER4AaABAg,True,@one-yydd,@tsubadaikhan6332只要澳大利亚不跟在美国身后不停挑衅中国，中国和澳大利亚之间就不可能发生战争😂。,1,True
Ugzd9cDpVPqsREigUER4AaABAg.APVMgTNBBW8APbtqMISMnV,comment,w_tCOgxXKwA,Ugzd9cDpVPqsREigUER4AaABAg,True,@leegoodman7760,"​@tsubadaikhan6332no offence mate, but Australia never had Automobile industry ar the first place....",2,True
Ugzd9cDpVPqsREigUER4AaABAg.APVMgTNBBW8APc6doV4bNZ,comment,w_tCOgxXKwA,Ugzd9cDpVPqsREigUER4AaABAg,True,@vvittsteen,@manoman0 local weather is not evidence of climate change dufus,0,True
Ugzd9cDpVPqsREigUER4AaABAg.APVMgTNBBW8APcf4pnyQWa,comment,w_tCOgxXKwA,Ugzd9cDpVPqsREigUER4AaABAg,True,@manoman0,@RasMag-l4j yes,0,True
Ugzd9cDpVPqsREigUER4AaABAg.APVMgTNBBW8APe5nDcnO5G,comment,w_tCOgxXKwA,Ugzd9cDpVPqsREigUER4AaABAg,True,@gsys770,​@tsubadaikhan6332 My question is why you think you will have a war with China.  May be simply you want the War.  It's not China.,0,True
Ugzd9cDpVPqsREigUER4AaABAg.APVMgTNBBW8APeQkk05oUU,comment,w_tCOgxXKwA,Ugzd9cDpVPqsREigUER4AaABAg,True,@BLACK-138-HAO,@tsubadaikhan6332 放心吧，中国从元朝开始 就没有没有入侵别国的传统，基本都是都是反击，反击完了就会退回来，因为中国的土地已经足够大，没必要需要更多的地方,0,True
Ugzd9cDpVPqsREigUER4AaABAg.APVMgTNBBW8APjV-_84dPM,comment,w_tCOgxXKwA,Ugzd9cDpVPqsREigUER4AaABAg,True,@Terry-q7y,Cheap Chinese rubbish that spies on us,1,True
Ugzd9cDpVPqsREigUER4AaABAg.APVMgTNBBW8APk6yoG9HNq,comment,w_tCOgxXKwA,Ugzd9cDpVPqsREigUER4AaABAg,True,@manoman0,"@Terry-q7y LOL. I'm very glad that the Americans do not spy on every ally they have through microsoft windows, iphones and clouds. LOL",3,True
Ugzd9cDpVPqsREigUER4AaABAg.APVMgTNBBW8APk7wQUO7RY,comment,w_tCOgxXKwA,Ugzd9cDpVPqsREigUER4AaABAg,True,@clif1969,​@Terry-q7yGave the Chinese one inch of the market and they will flood your country with their products without taking yours,1,True
Ugzd9cDpVPqsREigUER4AaABAg.APVMgTNBBW8APk8GTDZfB9,comment,w_tCOgxXKwA,Ugzd9cDpVPqsREigUER4AaABAg,True,@clif1969,"​@RasMag-l4jChinese have nothing to lose by Jamming every tech into their vehicles, that's what makes them competitive",0,True
Ugzd9cDpVPqsREigUER4AaABAg.APVMgTNBBW8APkDdJDuQyY,comment,w_tCOgxXKwA,Ugzd9cDpVPqsREigUER4AaABAg,True,@Terry-q7y,@clif1969 They could turn there EVs in to useless scrap if they wanted to,0,True
Ugzd9cDpVPqsREigUER4AaABAg.APVMgTNBBW8APkDjTzinJ1,comment,w_tCOgxXKwA,Ugzd9cDpVPqsREigUER4AaABAg,True,@Terry-q7y,@manoman0 They could turn there EVs in to useless scrap if they wanted to,0,True
Ugzd9cDpVPqsREigUER4AaABAg.APVMgTNBBW8APmKdQCUln0,comment,w_tCOgxXKwA,Ugzd9cDpVPqsREigUER4AaABAg,True,@edwardk75,"@t@tsubadaikhan6332  even if we assume war is imminent as you say, it’s not a war where Australia is defending itself. We would be choosing to actively go with the Americans to fight China on THEIR doorstep over Taiwan.",0,True
Ugzd9cDpVPqsREigUER4AaABAg.APVMgTNBBW8APmdZPV1aO_,comment,w_tCOgxXKwA,Ugzd9cDpVPqsREigUER4AaABAg,True,@Grego_P,"You don't want Chinese cars, nobody does. They are absolute garbage. Look at what happened in Russia. When the sanctions hit China moved in and started selling cars en masse. Only 2 years later they completely withdrew because Russians realized what kind of garbage they were buying. Imagine, too bad for Russians, that's saying something. EU cars, on the other hand are more expensive, but you get quality for your money.",0,True
Ugzd9cDpVPqsREigUER4AaABAg.APVMgTNBBW8APn9eJxybcj,comment,w_tCOgxXKwA,Ugzd9cDpVPqsREigUER4AaABAg,True,@chingtuckmeng1122,@tsubadaikhan6332 told China Taiwan is Chinese for the last 75 years? CN doesnt need saxons approval.,0,True
Ugzd9cDpVPqsREigUER4AaABAg.APVMgTNBBW8APnJOdYXMo2,comment,w_tCOgxXKwA,Ugzd9cDpVPqsREigUER4AaABAg,True,@tsubadaikhan6332,"@chingtuckmeng1122  China's needed USA's approval to go to Taiwan since Truman parked the 7th Fleet in the Taiwan Strait in the 1950's mate. I can say I'm King of the Moon, and that doesn't mean shit either. I don't need an Anglo's approval for that.",0,True
Ugzd9cDpVPqsREigUER4AaABAg.APVMgTNBBW8APnLXAKy-AZ,comment,w_tCOgxXKwA,Ugzd9cDpVPqsREigUER4AaABAg,True,@royrong1376,​@tsubadaikhan6332 Where do you get the ideal that we Chinese would like to have a war with you?,0,True
Ugzd9cDpVPqsREigUER4AaABAg.APVMgTNBBW8APsC2SwzSLp,comment,w_tCOgxXKwA,Ugzd9cDpVPqsREigUER4AaABAg,True,@grahamlee688,This car  just is 20，000 USDs in China.,2,True
Ugzd9cDpVPqsREigUER4AaABAg.APVMgTNBBW8APsFYZyHQ72,comment,w_tCOgxXKwA,Ugzd9cDpVPqsREigUER4AaABAg,True,@xdragus,@clif1969so what you’re saying is free market and your own countries products aren’t competitive that they don’t want to buy,2,True
Ugzd9cDpVPqsREigUER4AaABAg.APVMgTNBBW8AQ45tIh1oJX,comment,w_tCOgxXKwA,Ugzd9cDpVPqsREigUER4AaABAg,True,@qsteven1262,@tsubadaikhan6332 单纯的从两个国家的角度来说，我看不出中国和澳大利亚有发生战争的必要，中国能生产澳大利亚需要的一切，澳大利亚也有中国需要的钢铁、煤矿.......;两个国家彼此都很互补。,1,True
Ugzd9cDpVPqsREigUER4AaABAg.APVMgTNBBW8AQCLYvHDTXW,comment,w_tCOgxXKwA,Ugzd9cDpVPqsREigUER4AaABAg,True,@esaedvik,@manoman0 How would you know?,0,True
Ugzd9cDpVPqsREigUER4AaABAg.APVMgTNBBW8AQCf3eTxFXy,comment,w_tCOgxXKwA,Ugzd9cDpVPqsREigUER4AaABAg,True,@manoman0,"@esaedvik Have had premium german cars. They are too filigrane to hold up. Always some stupid shit breaks down, doesn't work.",0,True
Ugzd9cDpVPqsREigUER4AaABAg.APVMgTNBBW8AQM6eQvYUoT,comment,w_tCOgxXKwA,Ugzd9cDpVPqsREigUER4AaABAg,True,@VillasViaLactea,"US Trump did the bad deeds and is almost banning all EV’s ++ for gasoline, it’s costing US billions in over priced gasoline and Electric cars, as no exterior competition",0,True
Ugzd9cDpVPqsREigUER4AaABAg.APVMgTNBBW8AQWKdxjdxJ3,comment,w_tCOgxXKwA,Ugzd9cDpVPqsREigUER4AaABAg,True,@KhunYasoboyYaso-i5c,"Here in Thailand. I first bought the BYD Atto 2. After driving for 2 months I told my brother that it is a fantastic car. Then he tried it and drove around on one weekend with me. A month later. he changed his Toyota trash to BYD Atto 3. Now he said all his future cars will be Chinese car EV. His workplace is 40 km away from his house and now with his BYD EV, he save more than 70% every month on gasoline. Big saving and better car too.",35,True
Ugzd9cDpVPqsREigUER4AaABAg.APVMgTNBBW8AQWLji5uNpP,comment,w_tCOgxXKwA,Ugzd9cDpVPqsREigUER4AaABAg,True,@KhunYasoboyYaso-i5c,"​@L.k.586 , China was never an enemy of Australia ever since Europeans set foots on Australia soil and colonized Australia. Or ever fire a shot on Australia before. The was only one country in Asia that ever air raided and bombed Darwin, Australia on the February 19, 1942. That was Japan. Killing thousands of Australians. But that Japan today Australians have treated them as one of the best allies but see China as the worst enemy. It is really a joke if we sit down and think about Australia people mentality.",1,True
Ugzd9cDpVPqsREigUER4AaABAg.APVMgTNBBW8AQf6_A8NGw9,comment,w_tCOgxXKwA,Ugzd9cDpVPqsREigUER4AaABAg,True,@donlod322,"​@tsubadaikhan6332... Why would China enter a war that offers no benefit to its people? Taiwan is viewed by China as a rebel province whose leaders must be taught a lesson. China’s primary focus is to produce (high) quality goods at affordable prices for people around the world to enjoy ... without greed attached. If you can’t compete, then work with them.”",0,True
Ugzd9cDpVPqsREigUER4AaABAg.APVMgTNBBW8AQgcdAocMGZ,comment,w_tCOgxXKwA,Ugzd9cDpVPqsREigUER4AaABAg,True,@tsubadaikhan6332,"@donlod322  President Xi has told the PLA to be prepared to retake Taiwan by force by 2027. And the entire Chinese school system has been telling Chinese students Taiwan is China's and was stolen from them 70 years ago, and the 'West' keeps it off them for humiliation purposes(?) or some weird stuff I don't understand.
Wars rarely start for rational reasons.",0,True
Ugzd9cDpVPqsREigUER4AaABAg.APVMgTNBBW8AQifJ8A_YzS,comment,w_tCOgxXKwA,Ugzd9cDpVPqsREigUER4AaABAg,True,@donlod322,​@tsubadaikhan6332 .... You are fear mongering!!! Xi said that in your dream....😂,0,True
Ugzd9cDpVPqsREigUER4AaABAg.APVMgTNBBW8AQxxms9eOP8,comment,w_tCOgxXKwA,Ugzd9cDpVPqsREigUER4AaABAg,True,@蘑菇头-v4h,"@grahamlee688 This is the price in China, and purchasing this car is not easy. Our average monthly income is 1,200 USD (for 20-30 year olds), and the reason you think it's cheap is because your currency has stronger purchasing power.",4,True
Ugzd9cDpVPqsREigUER4AaABAg.APVMgTNBBW8ARNv8oVWru1,comment,w_tCOgxXKwA,Ugzd9cDpVPqsREigUER4AaABAg,True,@BigLew-q4d1h,"@VillasViaLactea If you had a brain you'd be a threat to yourself. Trump isn't banning EV's....he is giving everyone a choice instead of forcing EV's down the peoples throats. Our gas is cheap and in some cases gas is less expensive than electric. So with that, get over it.",0,True
Ugzd9cDpVPqsREigUER4AaABAg.APVMgTNBBW8ARNvKXlvOpz,comment,w_tCOgxXKwA,Ugzd9cDpVPqsREigUER4AaABAg,True,@BigLew-q4d1h,@tsubadaikhan6332 Really.......I mean are you being pretty honest since you've sold your soul to Communists? You are looking at dollar amounts vs morals.,0,True
Ugzd9cDpVPqsREigUER4AaABAg.APVMgTNBBW8ARNxMOh-md0,comment,w_tCOgxXKwA,Ugzd9cDpVPqsREigUER4AaABAg,True,@BigLew-q4d1h,"If Canadians are so smart WHY don't you build your own cars? Why not a Canadian car maker? It won't be long before Toyota moves out of Canada just like so many other companies. BTW....Canada has been charging the USA Tariffs for decades and when the Americans wanted fair trade instead of being charged over 200% tariffs on dairy (that's just an example"" all you Canucks did was cry. You even used the Americans for your military protection all the while you wouldn't pay your fair share to NATO. Losers.",0,True
Ugzd9cDpVPqsREigUER4AaABAg.APVMgTNBBW8AROESSOQ8FB,comment,w_tCOgxXKwA,Ugzd9cDpVPqsREigUER4AaABAg,True,@tsubadaikhan6332,"@BigLew-q4d1h  I never sold my soul to communists mate. USA Mega Corporations like Apple, Amazon, Tesla, General Motors, General Electric and General Dynamic all moved to China to build cheap factories to build their Products.
That wasn't me selling anyone out for Shareholder Profit mate. Morals haven't existed in the US Corporate Model since - When? Ever?
Australia might sell Iron Ore to China, but Corporate USA taught them how to manufacture stuff with it.",0,True
Ugzd9cDpVPqsREigUER4AaABAg.APVMgTNBBW8ARdTpk0wYEx,comment,w_tCOgxXKwA,Ugzd9cDpVPqsREigUER4AaABAg,True,@evilbred974,"@manoman0Ah yes, because Europe has such vastly different conditions than Canada, especially Norway that has a huge number of EVs.",1,True
Ugzd9cDpVPqsREigUER4AaABAg.APVMgTNBBW8ARfdTXLy7Ld,comment,w_tCOgxXKwA,Ugzd9cDpVPqsREigUER4AaABAg,True,@freakincrod,"@lopesh.4431 go ahead and tell us, genius.",0,True
Ugzd9cDpVPqsREigUER4AaABAg.APVMgTNBBW8AS30gUQnt0z,comment,w_tCOgxXKwA,Ugzd9cDpVPqsREigUER4AaABAg,True,@alfred493,You can buy Chinese cars now.,106,True
Ugzd9cDpVPqsREigUER4AaABAg.APVMgTNBBW8AS3czfxduho,comment,w_tCOgxXKwA,Ugzd9cDpVPqsREigUER4AaABAg,True,@bizophone,IT'S HAPPENING!!!,11,True
Ugzd9cDpVPqsREigUER4AaABAg.APVMgTNBBW8AS3iVuj3t2C,comment,w_tCOgxXKwA,Ugzd9cDpVPqsREigUER4AaABAg,True,@shihabrashid1,ur wish has been granted,14,True
Ugzd9cDpVPqsREigUER4AaABAg.APVMgTNBBW8AS46Yx0tlwB,comment,w_tCOgxXKwA,Ugzd9cDpVPqsREigUER4AaABAg,True,@SpyOnTheWeb,Now you have these,4,True
Ugzd9cDpVPqsREigUER4AaABAg.APVMgTNBBW8AS4P8WPgdS_,comment,w_tCOgxXKwA,Ugzd9cDpVPqsREigUER4AaABAg,True,@BigLennyTan1010,"Spoken too soon lol, got a deal done today.",0,True
Ugzd9cDpVPqsREigUER4AaABAg.APVMgTNBBW8AS4S3IYm4cf,comment,w_tCOgxXKwA,Ugzd9cDpVPqsREigUER4AaABAg,True,@jws5871,Canadian PM in China now. A win-win deal was made. Chinese EVs now coming to Canada! 🎉,58,True
Ugzd9cDpVPqsREigUER4AaABAg.APVMgTNBBW8AS4V_qZ7gGP,comment,w_tCOgxXKwA,Ugzd9cDpVPqsREigUER4AaABAg,True,@aminatmustapha9287,Do I have news for you 😅,13,True
Ugzd9cDpVPqsREigUER4AaABAg.APVMgTNBBW8AS4yLsNt6uA,comment,w_tCOgxXKwA,Ugzd9cDpVPqsREigUER4AaABAg,True,@rforracing,Say no more. They are coming to Canada but unfortunately EVs only. Their Plug-ins are not which is such a shame.,18,True
Ugzd9cDpVPqsREigUER4AaABAg.APVMgTNBBW8AS81HRnO6mf,comment,w_tCOgxXKwA,Ugzd9cDpVPqsREigUER4AaABAg,True,@buckw65,Well hopefully this has all changed now eh,9,True
Ugzd9cDpVPqsREigUER4AaABAg.APVMgTNBBW8AS8BK8sZ023,comment,w_tCOgxXKwA,Ugzd9cDpVPqsREigUER4AaABAg,True,@KevvWuu,"Congrats Canadians, now you’re able to buy Chinese EVs 🎉",5,True
Ugzd9cDpVPqsREigUER4AaABAg.APVMgTNBBW8AS8BVnsPKQH,comment,w_tCOgxXKwA,Ugzd9cDpVPqsREigUER4AaABAg,True,@rauland,@irritatedanglosaxon1705Canada’s not the one waging war or threatening anything.,3,True
Ugzd9cDpVPqsREigUER4AaABAg.APVMgTNBBW8AS8lM0nl5yI,comment,w_tCOgxXKwA,Ugzd9cDpVPqsREigUER4AaABAg,True,@zahidalam3988,Two months later.. we're getting this in Canada🎊,3,True
Ugzd9cDpVPqsREigUER4AaABAg.APVMgTNBBW8AS8lvOgpMAE,comment,w_tCOgxXKwA,Ugzd9cDpVPqsREigUER4AaABAg,True,@SteveHiemstraAKAspeg,Your wish has come true!,3,True
Ugzd9cDpVPqsREigUER4AaABAg.APVMgTNBBW8AS8ySBQu3Xq,comment,w_tCOgxXKwA,Ugzd9cDpVPqsREigUER4AaABAg,True,@reallee24,Goodnews now you can Ibuy❤,3,True
Ugzd9cDpVPqsREigUER4AaABAg.APVMgTNBBW8AS9KmnSbWH6,comment,w_tCOgxXKwA,Ugzd9cDpVPqsREigUER4AaABAg,True,@curseknight5,@reallee24 Yesssss it became a reality!!,3,True
Ugzd9cDpVPqsREigUER4AaABAg.APVMgTNBBW8AS9sVnknprc,comment,w_tCOgxXKwA,Ugzd9cDpVPqsREigUER4AaABAg,True,@xiwang9560,"Wow, someone heard your wish😮 49000.Chinese cars will be shipped to Canada soon.",4,True
Ugzd9cDpVPqsREigUER4AaABAg.APVMgTNBBW8ASAzSBumJem,comment,w_tCOgxXKwA,Ugzd9cDpVPqsREigUER4AaABAg,True,@reallee24,@curseknight5Christmas wish  haha,1,True
Ugzd9cDpVPqsREigUER4AaABAg.APVMgTNBBW8ASBKrQth2vl,comment,w_tCOgxXKwA,Ugzd9cDpVPqsREigUER4AaABAg,True,@realemonful,We are now! lol,0,True
Ugzd9cDpVPqsREigUER4AaABAg.APVMgTNBBW8ASKkw4eGWr3,comment,w_tCOgxXKwA,Ugzd9cDpVPqsREigUER4AaABAg,True,@ReichsKebab,"@The_Void_Deck Well, 35kUSD or 250kCNY in China is not considered as affordable cars for commuting. But of course, as consumers who all would like to have better trading agreements between our countries, like people in China would like to buy BRZ or MD5 if they were to be as cheap as they are in Japan.",4,True
Ugzd9cDpVPqsREigUER4AaABAg.APVMgTNBBW8ASN404aB8Sp,comment,w_tCOgxXKwA,Ugzd9cDpVPqsREigUER4AaABAg,True,@richardmichael59,"Fast forward two months and voila, Carney is allowing a very small amount of Chinese EVs to enter Canada. And Trump…..still the same idiot.",0,True
Ugzd9cDpVPqsREigUER4AaABAg.APVMgTNBBW8ASN68Anmqu5,comment,w_tCOgxXKwA,Ugzd9cDpVPqsREigUER4AaABAg,True,@richardmichael59,And there it is…..politics in a vehicle review. Why? If it was a German car would we be talking about Hitler?,0,True
Ugzd9cDpVPqsREigUER4AaABAg.APVMgTNBBW8ASNMp5Er8U6,comment,w_tCOgxXKwA,Ugzd9cDpVPqsREigUER4AaABAg,True,@Ali_ON3,@The_Void_Deck 50% of 49K EVs per year need to be below $36K.,10,True
Ugzd9cDpVPqsREigUER4AaABAg.APVMgTNBBW8ASYp92xM339,comment,w_tCOgxXKwA,Ugzd9cDpVPqsREigUER4AaABAg,True,@zzz7zzz9,"um, what?",0,True
Ugzd9cDpVPqsREigUER4AaABAg.APVMgTNBBW8ASbZJg9t3Nr,comment,w_tCOgxXKwA,Ugzd9cDpVPqsREigUER4AaABAg,True,@borreLore,Your wish is now granted.,0,True
Ugzd9cDpVPqsREigUER4AaABAg.APVMgTNBBW8ASfZB6ahI9R,comment,w_tCOgxXKwA,Ugzd9cDpVPqsREigUER4AaABAg,True,@caribbeanchild,You do now thanks to Carney.,0,True
Ugzd9cDpVPqsREigUER4AaABAg.APVMgTNBBW8ASga-n2rbhr,comment,w_tCOgxXKwA,Ugzd9cDpVPqsREigUER4AaABAg,True,@sis-l1i,"Daddy, is our car a Chinese car? I'm not going to school.",0,True
Ugzd9cDpVPqsREigUER4AaABAg.APVMgTNBBW8ASlu2Phx46P,comment,w_tCOgxXKwA,Ugzd9cDpVPqsREigUER4AaABAg,True,@crcurran,Canada is allowing I think 49k Chinese cars per year and likely that will increase over time.  Mexico is the country in the world with the largest purchasing of Chinese BYD's in the world by country.,1,True
Ugzd9cDpVPqsREigUER4AaABAg.APVMgTNBBW8ASpc61d844o,comment,w_tCOgxXKwA,Ugzd9cDpVPqsREigUER4AaABAg,True,@Internal_Sight,Congrats Canadians! I live in the US so there's no hope for us 😂,0,True
Ugzd9cDpVPqsREigUER4AaABAg.APVMgTNBBW8ASs7ESKUy82,comment,w_tCOgxXKwA,Ugzd9cDpVPqsREigUER4AaABAg,True,@switchmuso,congratulations,0,True
Ugzd9cDpVPqsREigUER4AaABAg.APVMgTNBBW8ASy2pntHQkA,comment,w_tCOgxXKwA,Ugzd9cDpVPqsREigUER4AaABAg,True,@felinius7143,its time to join the EU :D,0,True
Ugzd9cDpVPqsREigUER4AaABAg.APVMgTNBBW8AT5bbIsSz-d,comment,w_tCOgxXKwA,Ugzd9cDpVPqsREigUER4AaABAg,True,@jjkrt12345,​@rforracing They will.  They have to take it slow to let the car market adjust.  The US is rightly terrified that these cars will kill the monopoly given to the US vehicles.  People will be coming across the border to buy them.,6,True
Ugzd9cDpVPqsREigUER4AaABAg.APVMgTNBBW8ATEMhDSRSqC,comment,w_tCOgxXKwA,Ugzd9cDpVPqsREigUER4AaABAg,True,@chrisgraham2904,"Yep, Canada has now pulled its head out of the U.S.'s ass and Chinese EVs should be available in March 2026.",1,True
Ugzd9cDpVPqsREigUER4AaABAg.APVMgTNBBW8ATbeYv-usAL,comment,w_tCOgxXKwA,Ugzd9cDpVPqsREigUER4AaABAg,True,@alexnick4996,"yall gon' get 4,9000 Chinese EV cars per year now buddy",0,True
Ugzd9cDpVPqsREigUER4AaABAg.APVMgTNBBW8ATw7Z3Su_v1,comment,w_tCOgxXKwA,Ugzd9cDpVPqsREigUER4AaABAg,True,@user-ew7sn3gh8p,​@rforracing不是这样的，我查看了加拿大进口车商选定的车，各种类型都有。,0,True
Ugzd9cDpVPqsREigUER4AaABAg.APVMgTNBBW8AU0B8nZBxTb,comment,w_tCOgxXKwA,Ugzd9cDpVPqsREigUER4AaABAg,True,@kevinrushmere,"You can now due to Canada-China trade deal, Donald Trump  a gift that keeps giving 😂",0,True
Ugzd9cDpVPqsREigUER4AaABAg.APVMgTNBBW8AUE7JKddgtM,comment,w_tCOgxXKwA,Ugzd9cDpVPqsREigUER4AaABAg,True,@gyanprakash7445,@KhunYasoboyYaso-i5c จีนมาแบบนี้ยังไงญี่ปุ่นก็ตายถ้ายังโง่ไม่ปรับตัว,0,True
Ugzd9cDpVPqsREigUER4AaABAg.APVMgTNBBW8AUH2mCfpdW6,comment,w_tCOgxXKwA,Ugzd9cDpVPqsREigUER4AaABAg,True,@汪斌-k2c,混动汽车在中国即将逐渐淘汰了，大概还有五年​,0,True
Ugzd9cDpVPqsREigUER4AaABAg.APVMgTNBBW8AV2pIIlKxdu,comment,w_tCOgxXKwA,Ugzd9cDpVPqsREigUER4AaABAg,True,@Taino871,Canada is not stuck up the USA’s bottom. Our President wants Canada to be. But Canada HAS a back bone. Trust me you will see this car WAY before the U.S. will. I am American and really wish I was Canadian born. This President is an embarrassment.,0,True
Ugzd9cDpVPqsREigUER4AaABAg.APVMgTNBBW8AWQsGFoccKz,comment,w_tCOgxXKwA,Ugzd9cDpVPqsREigUER4AaABAg,True,@Brad-v2w2l,BYD has already procured sites for Canadian dealerships.,1,True
Ugzd9cDpVPqsREigUER4AaABAg.APVMgTNBBW8AWQucXFt4JD,comment,w_tCOgxXKwA,Ugzd9cDpVPqsREigUER4AaABAg,True,@NightingalePrime,"Without America, there is no Canada.",0,True
Ugzd9cDpVPqsREigUER4AaABAg.APVMgTNBBW8AW_Yrlcfopw,comment,w_tCOgxXKwA,Ugzd9cDpVPqsREigUER4AaABAg,True,@ZedBeiFeng,@alfred493 They set a limit I bet it’s sold out already,1,True
Ugzd9cDpVPqsREigUER4AaABAg.APVMgTNBBW8AWfzveLAbxb,comment,w_tCOgxXKwA,Ugzd9cDpVPqsREigUER4AaABAg,True,@cloverazar5315,This aged like fine wine 😊,0,True
Ugzd9cDpVPqsREigUER4AaABAg.APVMgTNBBW8AWjAsMf65qO,comment,w_tCOgxXKwA,Ugzd9cDpVPqsREigUER4AaABAg,True,@MrAkaacer,"Typical. Short term gain for long term pain. So stupid that you can't see 5-10 years down the road when China controls all the production. China is not our friend and they have a powerful tool in that they don't give a crap how many Chinese people are in economic distress which puts them in a unique position to wage economic war with the West. We can already see signs of them trying to throw their economic weight around, but they're not quite there yet. The West has only one true competitive EV car company in Tesla, the rest is Chinese. If we keep down this road, the only car manufacturers will be China, and when that happens support for your EV will be the least of your problems.",0,True
Ugzd9cDpVPqsREigUER4AaABAg.APVMgTNBBW8AWjHFPBzDUS,comment,w_tCOgxXKwA,Ugzd9cDpVPqsREigUER4AaABAg,True,@ZedBeiFeng,@MrAkaacer Are you serious China’s economy is the most unprecedented thing happening in the history of the world. They actually hold their politicians accountable if someone is below the poverty line they will they will assign a politician to them and if they don’t get them out of poverty no raise no promotion even salary decrease and fired. Bro your completely mislead about what is going on in China.,0,True
Ugzd9cDpVPqsREigUER4AaABAg.APVMgTNBBW8AXKAIex12Dt,comment,w_tCOgxXKwA,Ugzd9cDpVPqsREigUER4AaABAg,True,@markbaguley4560,@jjkrt12345 Trump will not allow them across the border,0,True
Ugzd9cDpVPqsREigUER4AaABAg.APVMgTNBBW8AXRLNV1D35z,comment,w_tCOgxXKwA,Ugzd9cDpVPqsREigUER4AaABAg,True,@The_Red_Squirrel,"​​@MrAkaacer The West currently has one economic and political enemy, and that is the US under Trump.
He has imposed unilateral tariffs, threatened to invade other countries (Greenland and Canada), and tried to bully NATO allies into joining a war of his making.
The West has had enough, and is looking to find more reliable partners to do business with.
As for your comment about Tesla, perhaps you are not aware that over 50% of its production is based in China. Tesla is as much a Chinese company as Apple is from the perspective of where they manufacture their products.",0,True
Ugzd9cDpVPqsREigUER4AaABAg.APVMgTNBBW8AXfMfsPC0Jk,comment,w_tCOgxXKwA,Ugzd9cDpVPqsREigUER4AaABAg,True,@hlg6420,@markbaguley4560true. Hybrid byd are already a common sight in Mexico. Technically you can’t bring one across the border and register it in the US.,0,True
Ugzd9cDpVPqsREigUER4AaABAg.APVMgTNBBW8AXvxFToneNz,comment,w_tCOgxXKwA,Ugzd9cDpVPqsREigUER4AaABAg,True,@thepeterokereke,​@KhunYasoboyYaso-i5cThis is amazing!,0,True
Ugzd9cDpVPqsREigUER4AaABAg.APVMgTNBBW8AYD5NKafwla,comment,w_tCOgxXKwA,Ugzd9cDpVPqsREigUER4AaABAg,True,@Loyee2525,"Till today, he's licking the orange a$$:((",0,True
Ugzd9cDpVPqsREigUER4AaABAg.APVMgTNBBW8AYN4cXjrPKP,comment,w_tCOgxXKwA,Ugzd9cDpVPqsREigUER4AaABAg,True,@joeizchaki,thsi car is actually coming in,0,True
Ugzd9cDpVPqsREigUER4AaABAg.APVMgTNBBW8AYTZBKQB8Ep,comment,w_tCOgxXKwA,Ugzd9cDpVPqsREigUER4AaABAg,True,@AARONJONES-u2k,"At least you will be getting them soon, down here in the US we can't get them at all.",0,True
Ugzd9cDpVPqsREigUER4AaABAg.APVMgTNBBW8AYbHef2H90X,comment,w_tCOgxXKwA,Ugzd9cDpVPqsREigUER4AaABAg,True,@Syae55a,100%,0,True
UgyB2q4ah-ZsWIC7BOV4AaABAg,comment,w_tCOgxXKwA,,False,@Vale741000,"It's the Model 3,  cmon",0,True
UgwOlT2nyWHiAPIEzJ54AaABAg,comment,w_tCOgxXKwA,,False,@harmymd,"I just love how she reviews cars, so goofy and yet so informative...this is such a brilliant car, so many similarities to mine. Battery stays at same level of charge because wireless car play consumes so much power and your phone can't take more than 15w...even though the charger gives 50w...for quicker charge, plug it in",1,True
UgyLI421abDdjM4biBJ4AaABAg,comment,w_tCOgxXKwA,,False,@wo-olf,09:47 😂,0,True
Ugw4I-i2oSRf4ApJF1Z4AaABAg,comment,w_tCOgxXKwA,,False,@Luke-PlanesTrainsDogsnCars,You always park uphill from rolling trolleys and away from maniac door openers & if possible in a bay protected by raised gutters...It should be like common logic Nicola!,0,True
UgzTqWHhqYWikiNBUIx4AaABAg,comment,w_tCOgxXKwA,,False,@jussikoskela9850,I love my wife and our kids but I do not understand how someone can love his/her car!,0,True
UgwkmX-esfwqe_OLoq14AaABAg,comment,w_tCOgxXKwA,,False,@lesvassallo5760,"Nicola and the BYD Seal which I think looks good although I would get it de-badged.
Everyday is a school day Nicola even if it is about a button on the cup holders 😅
Squish road rage handles every car should have them.
Ticky indicators😊
Brilliant review Nicola",0,True
UgyU4Wgf_cGaV98-TbJ4AaABAg,comment,w_tCOgxXKwA,,False,@SunshineShane,"Funny, interesting and what I was looking for. Thx for the BYD review.",9,True
Ugw9H3miFpQLWDBX9bR4AaABAg,comment,w_tCOgxXKwA,,False,@mikees60,"FFS, press the button",0,True
UgxLy1f6sRSDpqIJrPl4AaABAg,comment,w_tCOgxXKwA,,False,@SirHackaL0t.,What about the front boot?,0,True
UgwQvnlBVvTKRrMW5Bp4AaABAg,comment,w_tCOgxXKwA,,False,@SirHackaL0t.,You can also turn off the speed change bong noise.,1,True
UgyxDYxCQOvnbRzjiyF4AaABAg,comment,w_tCOgxXKwA,,False,@SirHackaL0t.,You can also change the indicator sounds in settings.,12,True
Ugy7F0Yp13fTiUzklhR4AaABAg,comment,w_tCOgxXKwA,,False,@SirHackaL0t.,Did you notice that the lane keeping silently turns off at 76mph?,0,True
UgzkArJLKHweM5wP4ix4AaABAg,comment,w_tCOgxXKwA,,False,@SirHackaL0t.,You can change the settings so it auto stops and starts. Removes the need to press the piano black button.,3,True
Ugw2oExw_VhO1tjBkR14AaABAg,comment,w_tCOgxXKwA,,False,@JürgHölzle,We own a BYD Dolphin and Atto 3 since more than 2 year and are quite satisfied with the brand. BYD has improved the system a lot since 2 years. Unfortunately we not yet got the latest version like in your Seal.,133,True
Ugw2oExw_VhO1tjBkR14AaABAg.APUvykCL8HMAPgG-1wPXYe,comment,w_tCOgxXKwA,Ugw2oExw_VhO1tjBkR14AaABAg,True,@janeth.3283,Good to know as we are looking at buying one and all the negative comments I’ve heard about the cars catching fire and that they will be worth nothing in 5 years.,3,True
Ugw2oExw_VhO1tjBkR14AaABAg.APUvykCL8HMAPgXoOL03cq,comment,w_tCOgxXKwA,Ugw2oExw_VhO1tjBkR14AaABAg,True,@JürgHölzle,"@janeth.3283 There are BYD owners in Thailand who have reached more than 200,000 kilometres with less than 3 years without any issue.
BYD has one of the safest batteries on the market. EV fires are very present in the media but this is false balance because the risk is lower than in a fossil car.
The worth decline is a kind of problem but not only for EVs. The problem is the price war (in some markets) and that 2nd hand cars need a battery health certificate.

In Thailand, BYD has lowered the prices of new cars up to 35%. I bough at the original price. So I will keep it longer than originally planned.
I think the best option is the subscription model for a car where you don't have to care about the resell or trade-in value.",0,True
Ugw2oExw_VhO1tjBkR14AaABAg.APUvykCL8HMAPkMXP-Ik6t,comment,w_tCOgxXKwA,Ugw2oExw_VhO1tjBkR14AaABAg,True,@qiangqiangzhang8320,"@janeth.3283 Fires only appear in the news because the probability is extremely low; otherwise, they wouldn't make the news. Also, rapid depreciation is a fact, but if you look at it from another angle, you're also saving fuel. Besides, why would you sell a car that drives well?",6,True
Ugw2oExw_VhO1tjBkR14AaABAg.APUvykCL8HMAQ4SdLxd8gE,comment,w_tCOgxXKwA,Ugw2oExw_VhO1tjBkR14AaABAg,True,@TheGenerationGapPodcast,Canada might be having a change of mind on China,1,True
Ugw2oExw_VhO1tjBkR14AaABAg.APUvykCL8HMAQxwZ6fzR04,comment,w_tCOgxXKwA,Ugw2oExw_VhO1tjBkR14AaABAg,True,@蘑菇头-v4h,"@janeth.3283 Electric vehicles (EVs) are a relatively new type of automobile, so they certainly can't compare with fuel-powered cars. After all, fuel-powered cars have undergone such a long period of development and are now very stable and mature. However, EVs truly excel in comfort, intelligence, exterior design, and interior quality—and that's the truth. Today, at least 60% of the vehicles on our streets are EVs. If you prefer quiet operation, fast acceleration, smart features, elegance, sleek looks, or a luxurious interior and exterior, EVs are definitely the top choice. They are also cost-effective for daily commuting (though their resale value is indeed not as good as that of fuel-powered cars).",1,True
Ugw2oExw_VhO1tjBkR14AaABAg.APUvykCL8HMAS_aecdTQR4,comment,w_tCOgxXKwA,Ugw2oExw_VhO1tjBkR14AaABAg,True,@youruiz,"@janeth.3283 BYD uses Lithium Iron Phosphate battery chemistry batteries (LFP) which do not catch fire. Only chemistries with cobalt in them catch fire (like NCM). The LFP batteries are cheaper and last longer but have slightly lower kWh capacity by weight. It's also a newer chemistry than the colbalt ones which is why older EVs used to use a chemistry that caught fire when damaged or overcharged. They only lose value more than ICE cars on average in the US. In China and Norway, it's the opposite. China exports more used ICE cars than new because the domestic used market is so crap due to the popularity of EVs",2,True
Ugw2oExw_VhO1tjBkR14AaABAg.APUvykCL8HMAYLm3BtlZ1_,comment,w_tCOgxXKwA,Ugw2oExw_VhO1tjBkR14AaABAg,True,@阿基米德的杠杆,"@janeth.3283 Just Google the advantages of BYD’s Blade Battery, and you’ll see it powers the safest electric vehicles on the market.",0,True
UgzgJn4d8RKadrY-tyB4AaABAg,comment,w_tCOgxXKwA,,False,@wass006,I reckon Nicola is 32 years old at best 33,0,True
UgwHlUkC_UcmtlqZhWB4AaABAg,comment,w_tCOgxXKwA,,False,@vbmdsm,Yeah I've had the turn on; go nowhere fast issue several times...turns out the dog in the passenger front foot well has pressed the Snow mode button...located on the passenger side of the Drive mode selector in our Seal Premium.,1,True
UgzJMCCTDZKVRY5mvbJ4AaABAg,comment,w_tCOgxXKwA,,False,@DonLee1980,BYD Seal >> Model 3 without a doubt,2,True
UgzJMCCTDZKVRY5mvbJ4AaABAg.APUuntm82i1APUyYa6w9c5,comment,w_tCOgxXKwA,UgzJMCCTDZKVRY5mvbJ4AaABAg,True,@KP-xi4bj,"Yes, Seal has shitty range per charge and shitty energy usage efficiency.  Watch direct Seal/M3 comparison range tests from Carwow or What Car.  LMFAO  SMH",0,True
UgzJMCCTDZKVRY5mvbJ4AaABAg.APUuntm82i1APV73_xGvzs,comment,w_tCOgxXKwA,UgzJMCCTDZKVRY5mvbJ4AaABAg,True,@DonLee1980,@KP-xi4bj range isn't the only thing that matters in a car.,1,True
UgzJMCCTDZKVRY5mvbJ4AaABAg.APUuntm82i1APVZ7WNbO7Z,comment,w_tCOgxXKwA,UgzJMCCTDZKVRY5mvbJ4AaABAg,True,@KP-xi4bj,@DonLee1980 In an EV it is.,0,True
UgzJMCCTDZKVRY5mvbJ4AaABAg.APUuntm82i1APVaHRrDIL8,comment,w_tCOgxXKwA,UgzJMCCTDZKVRY5mvbJ4AaABAg,True,@DonLee1980,@KP-xi4bj lmao!,0,True
UgzJMCCTDZKVRY5mvbJ4AaABAg.APUuntm82i1APVd6YvX9P-,comment,w_tCOgxXKwA,UgzJMCCTDZKVRY5mvbJ4AaABAg,True,@KP-xi4bj,@DonLee1980 Keep coping.,0,True
UgygxDDzueHrldIlY254AaABAg,comment,w_tCOgxXKwA,,False,@ruelempuerto5529,lets go byd ...,0,True
UgwAS_dp2_Hy8MNEKtF4AaABAg,comment,w_tCOgxXKwA,,False,@vasil7410,"Thanks for the video, we have had the AWD model for two years and love it.

Just some things to note:
1. You can turn on auto start, so the car starts automatically after pressing the brake pedal, no need to press the glossy start/stop button. Likewise, you can enable auto stop, so the car automatically turns off when locking the car.

2. You can reduce the indicator volume, there are three settings: low, mid and high.

3. The adaptive speed can be changed in 1mph increments by holding the toggle up or down, instead of pressing it briefly.",38,True
UgwAS_dp2_Hy8MNEKtF4AaABAg.APUqWg3ciooAPZt1T5_HRZ,comment,w_tCOgxXKwA,UgwAS_dp2_Hy8MNEKtF4AaABAg,True,@Low.Level.Fugazi,"I admit Auto start is a good feature most of the time, but once I unlocked the car, it auto stated and the wipers splashed my face as it was raining heavily. 🤣",1,True
UgwAS_dp2_Hy8MNEKtF4AaABAg.APUqWg3ciooAP_Dis-VMA9,comment,w_tCOgxXKwA,UgwAS_dp2_Hy8MNEKtF4AaABAg,True,@vasil7410,​@Low.Level.Fugazi I think I've had the same thing happen once. But it only auto starts once you open the door - so you have to be quick!,0,True
UgyNjI4lvpApdiYtlTR4AaABAg,comment,w_tCOgxXKwA,,False,@glennmckenzie1096,Folks your sound has always been rubbish - poor level matching etc etc. Today's video sound is very distorted. 2025 is almost over  - the tech required for professional sound has been around for almost 2 decades. Please consider some form of upgrade!,0,True
UgxQJ9ZHuKNmyEY2P_V4AaABAg,comment,w_tCOgxXKwA,,False,@robertbruce2182,I would love if they could make a liftback of the seal! I love the saloon shape but need more vertical boot space,0,True
Ugy3mH9iTI6kWZKZMjl4AaABAg,comment,w_tCOgxXKwA,,False,@pcr8918,So how much will the trolley ding cost to repair.. for those of us parting with our own cash?,0,True
Ugy1sjUOPlSrz6AMkKB4AaABAg,comment,w_tCOgxXKwA,,False,@kevinblyth6549,"I wish manufacturers would drop the whole EPA, WLTP, CLTP thing, probably required by regulations, and go to similar to I.C.E. cars. City and highway range/consumption. Yes there will still be variables like speed limits in country of manufacture etc and then when you get it your own driving style, etc. Personally I only really care about the highway range. Around the city I am always near a charger and wont ever come close to the full range in a day. As an Australian I often drive 300km for a job, fully loaded and with a trailer. I also drive 475km quite regularly to visit friends in Perth. Those are the times it all counts.",2,True
Ugy1sjUOPlSrz6AMkKB4AaABAg.APUi_haBLGNAPaDcGTz8rp,comment,w_tCOgxXKwA,Ugy1sjUOPlSrz6AMkKB4AaABAg,True,@brandonokeeffe1193,"Or people need to learn that it was never designed as a guaranteed range, it is done in a lab under specific conditions so as to remove outside variables such as temp/weather/speed/driving style, it is purely as a comparison tool to compare the range of car A to car B
If car A has a WLTP of 400km and Car B has a WLTP of 500km, car B will drive further than car A

WLTP is also not an EV thing, it was designed for comparing ranges of ICE cars, which is also where the test is flawed as it is run from 100% till the EV stops, which is often below 0% and that buffer varies from car to car

My thought is that they should have done EVs with maybe 90% highway, 10% city so as to understate range, people will be happy if they buy a car expecting 400km but get 500km, falls under the saying under promise over deliver",0,True
Ugy1sjUOPlSrz6AMkKB4AaABAg.APUi_haBLGNAVkmy03etvB,comment,w_tCOgxXKwA,Ugy1sjUOPlSrz6AMkKB4AaABAg,True,@HiruS22,@brandonokeeffe1193  A good rule of thumb for EVs is 75% of the WLTP is your average range,0,True
UgzoviA2QCo-fsw-ocp4AaABAg,comment,w_tCOgxXKwA,,False,@androidone4808,Its a shame that byd UK can't do their prices around the same or just 10% more than the Australian prices.,0,True
UgwAUsgxv6fqOXgsCoR4AaABAg,comment,w_tCOgxXKwA,,False,@EnzroGreenidge,thanks,0,True
Ugw-NvcJ2RX7HFmZwDJ4AaABAg,comment,w_tCOgxXKwA,,False,@yr6sport418,Seal AWD is too much for me; the RWD version is just enough. Even I prefer Seal styling better than Tesla.,0,True
UgyTQ_QbYnVoBBX_ZKN4AaABAg,comment,w_tCOgxXKwA,,False,@EcoHouseThailand,"I have owned this AWD performance version for over 2 years now and it still puts a smile on my face every time I drive it. I love that it has perfect 50:50 weight distribution; the adaptive suspension; that the battery pack is a structural component, increasing torsional stiffness and so increasing handling limits; the Torque vectoring which sends power to which wheel needs it most and that it has a very long wheel base.",514,True
UgyTQ_QbYnVoBBX_ZKN4AaABAg.APUaHEy1hZbAPYLmvfjSZJ,comment,w_tCOgxXKwA,UgyTQ_QbYnVoBBX_ZKN4AaABAg,True,@GrahamReid34,"What's the real range like in winter, be nice to hear it from someone who's experienced it first hand.",11,True
UgyTQ_QbYnVoBBX_ZKN4AaABAg.APUaHEy1hZbAPYRM6xi0_u,comment,w_tCOgxXKwA,UgyTQ_QbYnVoBBX_ZKN4AaABAg,True,@tandoriowatches,no wonder i felt seal most comfortable,4,True
UgyTQ_QbYnVoBBX_ZKN4AaABAg.APUaHEy1hZbAPYWyrSN1En,comment,w_tCOgxXKwA,UgyTQ_QbYnVoBBX_ZKN4AaABAg,True,@EcoHouseThailand,"​@GrahamReid34 I live in the tropics we don’t have winter. If long range is your top requirement, then don’t buy this car. It's just too much fun driving it ""enthusiastically""",10,True
UgyTQ_QbYnVoBBX_ZKN4AaABAg.APUaHEy1hZbAPZVkavbUtC,comment,w_tCOgxXKwA,UgyTQ_QbYnVoBBX_ZKN4AaABAg,True,@franksun4017,"@GrahamReid34What kind of winter? 0 to 5C or sub -10 C? Makes a huge difference. If you live outside the comfort zone of the heat pump system, range suffers greatly. If not, it would be nice, not too far from what you get in summer.",3,True
UgyTQ_QbYnVoBBX_ZKN4AaABAg.APUaHEy1hZbAPZsFvJE5ie,comment,w_tCOgxXKwA,UgyTQ_QbYnVoBBX_ZKN4AaABAg,True,@Low.Level.Fugazi,"I own the same version the presenter is driving, are you sure its 50:50. I wouldn't have guessed",1,True
UgyTQ_QbYnVoBBX_ZKN4AaABAg.APUaHEy1hZbAP_XyycmwYx,comment,w_tCOgxXKwA,UgyTQ_QbYnVoBBX_ZKN4AaABAg,True,@EcoHouseThailand,@Low.Level.Fugazi try asking Google,1,True
UgyTQ_QbYnVoBBX_ZKN4AaABAg.APUaHEy1hZbAPbTqy2-8ZM,comment,w_tCOgxXKwA,UgyTQ_QbYnVoBBX_ZKN4AaABAg,True,@zuriyel5368,"@GrahamReid34  If you're worried about cold weather, I recommend that you wait/check out the models with CATL's 5th gen battery, which uses sodium. They've been confirmed to do much better in low temp environments than lithium-based ones.",10,True
UgyTQ_QbYnVoBBX_ZKN4AaABAg.APUaHEy1hZbAPcoGnQ4MLw,comment,w_tCOgxXKwA,UgyTQ_QbYnVoBBX_ZKN4AaABAg,True,@9y2bgy,"Why, why, why does Canada have a 100% tariff on Chinese EVs?  I want to own one so badly!!!!!!!",5,True
UgyTQ_QbYnVoBBX_ZKN4AaABAg.APUaHEy1hZbAPf14deeI78,comment,w_tCOgxXKwA,UgyTQ_QbYnVoBBX_ZKN4AaABAg,True,@amanfromhere,@EcoHouseThailand A ton at each end,0,True
UgyTQ_QbYnVoBBX_ZKN4AaABAg.APUaHEy1hZbAPf49eu3K94,comment,w_tCOgxXKwA,UgyTQ_QbYnVoBBX_ZKN4AaABAg,True,@EcoHouseThailand,"@amanfromhere The battery weighs 560 kg and that weight is set between the wheels and a few inches from the ground creating an amazingly low center of gravity, which helps the car feel incredibly planted. Did you really think the motors weighed more than the battery?",0,True
UgyTQ_QbYnVoBBX_ZKN4AaABAg.APUaHEy1hZbAPfVAMRtmvG,comment,w_tCOgxXKwA,UgyTQ_QbYnVoBBX_ZKN4AaABAg,True,@seya_eury,@9y2bgythat’s lame 100% tariff. Canada should get its head out of Uncle Sam’s rear end.,2,True
UgyTQ_QbYnVoBBX_ZKN4AaABAg.APUaHEy1hZbAPfW942MyMw,comment,w_tCOgxXKwA,UgyTQ_QbYnVoBBX_ZKN4AaABAg,True,@9y2bgy,@seya_eury What do you mean?  Please elaborate,0,True
UgyTQ_QbYnVoBBX_ZKN4AaABAg.APUaHEy1hZbAPljlJPMJ5f,comment,w_tCOgxXKwA,UgyTQ_QbYnVoBBX_ZKN4AaABAg,True,@ralphzoombeenie2330,@GrahamReid34 I'll never find out here in OZ,0,True
UgyTQ_QbYnVoBBX_ZKN4AaABAg.APUaHEy1hZbAPsKkLlgbmu,comment,w_tCOgxXKwA,UgyTQ_QbYnVoBBX_ZKN4AaABAg,True,@taketwo-e5u,You are supporting a military dictatorship.,1,True
UgyTQ_QbYnVoBBX_ZKN4AaABAg.APUaHEy1hZbAPtKNihsH4p,comment,w_tCOgxXKwA,UgyTQ_QbYnVoBBX_ZKN4AaABAg,True,@EcoHouseThailand,@taketwo-e5u It's not made in America,23,True
UgyTQ_QbYnVoBBX_ZKN4AaABAg.APUaHEy1hZbAQ39Ex3so-5,comment,w_tCOgxXKwA,UgyTQ_QbYnVoBBX_ZKN4AaABAg,True,@chasss1111,"Would like to know how it would be after 3/4 years of our salted gritted roads ! 
Like to know if airbags would work and if the door locks would work in an emergency 
Is the rest of the world wrong as to reliability ?",1,True
UgyTQ_QbYnVoBBX_ZKN4AaABAg.APUaHEy1hZbAQ3CPwC-89Y,comment,w_tCOgxXKwA,UgyTQ_QbYnVoBBX_ZKN4AaABAg,True,@EcoHouseThailand,"@chasss1111 I have several videos on my channel and I will do an update when I have owned it for a bit longer. We don't salt the roads, but many BYD owner live near the sea and have not reported any issues. Here in Thailand over 26% of all vehicle sales are full EVs and BYD is by far the most popular brand. I am very active on the forums and haven't seen  any comments about poor reliability. I own 2 BYD and they have been  faultless over 3 years of ownership.",5,True
UgyTQ_QbYnVoBBX_ZKN4AaABAg.APUaHEy1hZbARn7JZrg6Kd,comment,w_tCOgxXKwA,UgyTQ_QbYnVoBBX_ZKN4AaABAg,True,@awyatt61,​@EcoHouseThailand😂😂😂,2,True
UgyTQ_QbYnVoBBX_ZKN4AaABAg.APUaHEy1hZbASHSQmONkgd,comment,w_tCOgxXKwA,UgyTQ_QbYnVoBBX_ZKN4AaABAg,True,@jackhuynh2489,"@taketwo-e5u idk, my dictator recently bombed Venezuela and kidnapped its President.  Would you prefer to support or military instead?",1,True
UgyTQ_QbYnVoBBX_ZKN4AaABAg.APUaHEy1hZbASHfOFWAlUw,comment,w_tCOgxXKwA,UgyTQ_QbYnVoBBX_ZKN4AaABAg,True,@taketwo-e5u,​@jackhuynh2489To be fair to DT he is defending US democracy and his people from drug barons and illegal immigrants unlike Europe.,1,True
UgyTQ_QbYnVoBBX_ZKN4AaABAg.APUaHEy1hZbAShtv42XMCL,comment,w_tCOgxXKwA,UgyTQ_QbYnVoBBX_ZKN4AaABAg,True,@jimmyholster,@taketwo-e5u Bought it second hand bro. China MIGHT get $125 per year for servicing if anything lol,0,True
UgyTQ_QbYnVoBBX_ZKN4AaABAg.APUaHEy1hZbASiczWiso92,comment,w_tCOgxXKwA,UgyTQ_QbYnVoBBX_ZKN4AaABAg,True,@taketwo-e5u,​@jackhuynh2489DT is not a dictator.,0,True
UgyTQ_QbYnVoBBX_ZKN4AaABAg.APUaHEy1hZbAT_3q5ITuvL,comment,w_tCOgxXKwA,UgyTQ_QbYnVoBBX_ZKN4AaABAg,True,@puzzlite,how much did ya pay 4 it?,0,True
UgyTQ_QbYnVoBBX_ZKN4AaABAg.APUaHEy1hZbAT_5k-RYVFW,comment,w_tCOgxXKwA,UgyTQ_QbYnVoBBX_ZKN4AaABAg,True,@EcoHouseThailand,​@puzzlite​ £28k for the AWD Seal in Thailand,1,True
UgyTQ_QbYnVoBBX_ZKN4AaABAg.APUaHEy1hZbAT_dtpt0XVJ,comment,w_tCOgxXKwA,UgyTQ_QbYnVoBBX_ZKN4AaABAg,True,@taketwo-e5u,​@EcoHouseThailandStupid comment. Trump is not a dictator.,0,True
UgyTQ_QbYnVoBBX_ZKN4AaABAg.APUaHEy1hZbATaK7k0YlnM,comment,w_tCOgxXKwA,UgyTQ_QbYnVoBBX_ZKN4AaABAg,True,@EcoHouseThailand,​@taketwo-e5uThe rest of the world disagrees with you,2,True
UgyTQ_QbYnVoBBX_ZKN4AaABAg.APUaHEy1hZbATbB78qvAni,comment,w_tCOgxXKwA,UgyTQ_QbYnVoBBX_ZKN4AaABAg,True,@taketwo-e5u,​@EcoHouseThailand😂😂😂,0,True
UgyTQ_QbYnVoBBX_ZKN4AaABAg.APUaHEy1hZbATbBExp_jvK,comment,w_tCOgxXKwA,UgyTQ_QbYnVoBBX_ZKN4AaABAg,True,@taketwo-e5u,​@EcoHouseThailandHow do you know that? You did a survey? 😂😂😂,0,True
UgyTQ_QbYnVoBBX_ZKN4AaABAg.APUaHEy1hZbAU_bjk3Me3C,comment,w_tCOgxXKwA,UgyTQ_QbYnVoBBX_ZKN4AaABAg,True,@刘進,"@9y2bgy Canada followed its big brother, the United States, like an obedient little boy, only to be slapped in the face by the US!",0,True
UgyTQ_QbYnVoBBX_ZKN4AaABAg.APUaHEy1hZbAU_eVVure1a,comment,w_tCOgxXKwA,UgyTQ_QbYnVoBBX_ZKN4AaABAg,True,@9y2bgy,"@刘進 Is that a good thing, do ya think?",0,True
UgyTQ_QbYnVoBBX_ZKN4AaABAg.APUaHEy1hZbAUaHOg3Rst_,comment,w_tCOgxXKwA,UgyTQ_QbYnVoBBX_ZKN4AaABAg,True,@Poszlivynahuj,Drops adlist 40% per charge from promise 300miles to 150miles without heating on radio and all that.So it means u have to be driving in freezing cold car just to safe on baterry range pretty stupid huh not for this stupid people owners u buy it so drive u idiot dont tray to conviced people how good they are when they dont dumbars,0,True
UgyTQ_QbYnVoBBX_ZKN4AaABAg.APUaHEy1hZbAYKTRnj6bdP,comment,w_tCOgxXKwA,UgyTQ_QbYnVoBBX_ZKN4AaABAg,True,@Island_Bag,@9y2bgyUncle Sam is basically the tax collector/s,0,True
Ugwzn7uzTt4OZgizo9B4AaABAg,comment,w_tCOgxXKwA,,False,@AbdulAlim-cg4yq,Argggghh the over-acting,0,True
UgyOJyo0vO5ZwIc1m9h4AaABAg,comment,w_tCOgxXKwA,,False,@bmc8195,I've been considering one of these.  A long-term review like this is really helpful.  Thanks!,27,True
UgyOJyo0vO5ZwIc1m9h4AaABAg.APUXLDHsvsdAPWpvduvo4K,comment,w_tCOgxXKwA,UgyOJyo0vO5ZwIc1m9h4AaABAg,True,@Electrifyingcom,So glad it was helpful!,1,True
UgyOJyo0vO5ZwIc1m9h4AaABAg.APUXLDHsvsdAPbgtKA6ukh,comment,w_tCOgxXKwA,UgyOJyo0vO5ZwIc1m9h4AaABAg,True,@alexj2869,old byd used as taxi over 500k miles. search youtube.,1,True
UgzWflSQ9DDY0il_xrx4AaABAg,comment,w_tCOgxXKwA,,False,@bmc8195,"""Indicators are too ticky"".

If it's like the Atto 3, you can switch between ""tick tick"" and ""boop boop"" in the settings menu.",17,True
UgwpYetAIwWrx0jbWUl4AaABAg,comment,w_tCOgxXKwA,,False,@SebNutter,She's quite banal.,1,True
Ugydqktbv3GMkVICJjB4AaABAg,comment,w_tCOgxXKwA,,False,@James-BB70,Maybe ur next long term could be the IM5 and you could compare them?,4,True
Ugydqktbv3GMkVICJjB4AaABAg.APUW6LS0PWCAPWvVzr4UZi,comment,w_tCOgxXKwA,Ugydqktbv3GMkVICJjB4AaABAg,True,@Lucpol1986,Or the new CLA 👍🏾,1,True
UgxY33HPKRV94w0J6c54AaABAg,comment,w_tCOgxXKwA,,False,@Batoboy85,"Cool car,like the designe of it!..BUT the color always makes the car look dirty 24/7..",0,True
UgzwfbwubgcLex_eMel4AaABAg,comment,w_tCOgxXKwA,,False,@douglas724,I'd buy it over a Tesla any day!,0,True
Ugw3Jc2r07QG5x0pyed4AaABAg,comment,w_tCOgxXKwA,,False,@Henderson10102,"Nicola - do you know about using three fingers on the screen for the climate controls? Three then swipe up or down and it changes the temperature. Same again but right or left changes the fan speed (if you don't want auto). Really useful.

Leased one of these for the last 15 months and put some 23k on the clock. Does everything I want, plus it can genuinely be engaging to drive, even if it doesn't measure up to my previous Alfa Giulia, which was better to drive enthusiastically but not as good in any other measure (other than range, I guess, but you can't really compare the two).",0,True
Ugz993usR18J3xme6Qt4AaABAg,comment,w_tCOgxXKwA,,False,@petercrawford3370,"It's a computer on wheels, occasionally it might need the 3 finger salute - CONTROL -ALT-DELETE",0,True
UgxY3FU_JRehCuAPAK14AaABAg,comment,w_tCOgxXKwA,,False,@iainf6,Nicola No 1 road tester in my view. Fantastic video 👏🏻👏🏻👏🏻👏🏻👏🏻🫂,2,True
UgxY3FU_JRehCuAPAK14AaABAg.APUTONZuZ5FAPWpx04CFLx,comment,w_tCOgxXKwA,UgxY3FU_JRehCuAPAK14AaABAg,True,@Electrifyingcom,We agree! So glad you enjoyed the video. 😊,0,True
UgwnMxCqpfatUiItN214AaABAg,comment,w_tCOgxXKwA,,False,@alex.hansford,"I have the Polestar 2 and love it. This sounds like a better version of that... But with more range and squishier seats.
Better indicator sounds though! 😂",0,True
UgxEttlUVi682BdzjV14AaABAg,comment,w_tCOgxXKwA,,False,@bubandit06,"The thing with BYD is the hatchbacks and saloon models are really good looking, but the SUVs are so ugly. We need a Seal SUV which actually looks like it's related to this one",0,True
Ugyt8CkdN_bDWLVJnCN4AaABAg,comment,w_tCOgxXKwA,,False,@justinschultz4325,We need cars like this in USA.,0,True
Ugyt8CkdN_bDWLVJnCN4AaABAg.APUSPOp9_pZAPUvGCjljGS,comment,w_tCOgxXKwA,Ugyt8CkdN_bDWLVJnCN4AaABAg,True,@captives6479,Your country is not free enough for its citizens to purchase this car.,0,True
Ugyt8CkdN_bDWLVJnCN4AaABAg.APUSPOp9_pZAPVyrwe3Dbb,comment,w_tCOgxXKwA,Ugyt8CkdN_bDWLVJnCN4AaABAg,True,@justinschultz4325,@captives6479 USA politics is best viewed as comedy.  I'm politically neutral.,0,True
UgxB-gLR6h-0dM4WJb54AaABAg,comment,w_tCOgxXKwA,,False,@gordonheazlewood3067,"I have owned the Premium rwd for 11 months in white which also gathers dirt, in that time I have test driven several other evs and when I get back in the Seal it is obviously a better drive feel. Wish there was stronger regen/ one pedal drive and slightly better efficiency as does the Xpeng G6 and Model 3, but over all it is a very good, stylish, well built sedan 😊",63,True
Ugzc3kpGuUYLJturh_B4AaABAg,comment,w_tCOgxXKwA,,False,@muppet_magnet,"Great long term review, glad you liked it! I've had my Seal Excellence for over 3 months now and really enjoying it. The one thing I miss is a speed limiter setting - where you set a maximum speed and still have accelerator control below that speed, but it won't go above that set speed unless you mash the accelerator. BMWs have had this as standard for years. Cruise control with it's lack of control is just too lazy for me and my right foot doesn't know what to do! My few small negatives would be -  I wish the door pockets where lined so that stuff in them didn't slide around when accelerating. The centre storage lid is a bit awkward to open while driving so get your sunglasses and sweets out before you start moving! Everything else about the car is great so I get over the little first world problems 😁. One last one - the latest update to 2.0 failed on my Seal and it does nothing when I request an update, still waiting. I would go to a dealer but it's a 300 mile round trip, so yeah, I'll wait a bit longer.",3,True
UgyQYNUNlL3NU9GOJOl4AaABAg,comment,w_tCOgxXKwA,,False,@conspicuousziggz,"Had the byd seal excellence for 2 months now. An amazing car, previously had the Ioniq 5 and jaguar xf. Also own a model 3. This is by far the best car I’ve had. A couple things to point out in response to this vid. You can change the indicator noise in the settings. You can also set the car up so that as soon as you unlock it the car starts and is ready to go and the same for when you lock the car it will power off the car. Getting familiar with this sort of thing in my Tesla was a nice addition for BYD. Only gripe is that infotainment system has freezed up on me on several occasions. The user interface seem like a cheap generic system in comparison to a Tesla for example. But still very good. The update has also improved it a lot.",195,True
UgyQYNUNlL3NU9GOJOl4AaABAg.APUQokeq7D3APY9wPvf5Pw,comment,w_tCOgxXKwA,UgyQYNUNlL3NU9GOJOl4AaABAg,True,@kenho-wr5ul2rh7m,BYD Seal is actually regarded as low quality car in terms of price in BYD whole series,4,True
UgyQYNUNlL3NU9GOJOl4AaABAg.APUQokeq7D3APY_08SKS_K,comment,w_tCOgxXKwA,UgyQYNUNlL3NU9GOJOl4AaABAg,True,@conspicuousziggz,@kenho-wr5ul2rh7mdo you mean like their entry level car or bad value for money in comparison?,3,True
UgyQYNUNlL3NU9GOJOl4AaABAg.APUQokeq7D3APYaGzhqRZF,comment,w_tCOgxXKwA,UgyQYNUNlL3NU9GOJOl4AaABAg,True,@conspicuousziggz,@taketwo-e5uif one was to worry about the background of every company. You would end up being a consumer of nothing including the food you eat. I buy what I like it keeps life simple.,8,True
UgyQYNUNlL3NU9GOJOl4AaABAg.APUQokeq7D3APYr0jcjVpp,comment,w_tCOgxXKwA,UgyQYNUNlL3NU9GOJOl4AaABAg,True,@kenho-wr5ul2rh7m,"@conspicuousziggz I mean BYD Seal is entry level, extreme good value car. But low quality compared to other medium /high end BYD",4,True
UgyQYNUNlL3NU9GOJOl4AaABAg.APUQokeq7D3APYsWqgNEvS,comment,w_tCOgxXKwA,UgyQYNUNlL3NU9GOJOl4AaABAg,True,@curtisgrindahl446,@taketwo-e5u Don't know much about China do you.  Perhaps you should stop reading Western media who are mimicking US talking points about the horror of communism.  The Chinese people are very happy with the government and their quality of life.  Can you say the same about your life?,17,True
UgyQYNUNlL3NU9GOJOl4AaABAg.APUQokeq7D3APYuFmfYce4,comment,w_tCOgxXKwA,UgyQYNUNlL3NU9GOJOl4AaABAg,True,@taketwo-e5u,"​​​@curtisgrindahl446Yes some of them are but a lot are not the idea of being imprisoned if you speak against your dictator is not the kind of country I would want to live in, I cherish my freedom. Yes i have had a good free life thanks. I like the way you speak on behalf of 1 and half billion people 😂😂",0,True
UgyQYNUNlL3NU9GOJOl4AaABAg.APUQokeq7D3APZrHcfeMPC,comment,w_tCOgxXKwA,UgyQYNUNlL3NU9GOJOl4AaABAg,True,@Liboch,"​@taketwo-e5u I guess if I spread the idea of communism in my country I would end up in jail too. Not to say that I know much of communism, but after having visited China several times since 1990s, I guess communism has done good thing to China, better than most ""liberal democratic"" countries, whatever it means.",10,True
UgyQYNUNlL3NU9GOJOl4AaABAg.APUQokeq7D3APaNhLq16Jb,comment,w_tCOgxXKwA,UgyQYNUNlL3NU9GOJOl4AaABAg,True,@chumpthetraitor7331,​@taketwo-e5uand you prefer supporting baby killers in Gaza,0,True
UgyQYNUNlL3NU9GOJOl4AaABAg.APUQokeq7D3APc5jr4yIIH,comment,w_tCOgxXKwA,UgyQYNUNlL3NU9GOJOl4AaABAg,True,@zhaoxi-i2z,"@taketwo-e5u Some young people here do say the same things you do in their twenties and thirties, until they actually visit a so-called free country and discover the hypocrisy of freedom under capitalism. They realize that a system like the one in the US cannot provide good infrastructure or a universal healthcare and education system; all systemic flaws can be excused with the word ""freedom."" To view the world with past prejudices is like being trapped in a shell.",5,True
UgyQYNUNlL3NU9GOJOl4AaABAg.APUQokeq7D3APcQmpcCS3S,comment,w_tCOgxXKwA,UgyQYNUNlL3NU9GOJOl4AaABAg,True,@taketwo-e5u,"​​@zhaoxi-i2zI do agree there is a price to pay for freedom and democracy. Looking at China they have done well for themselves and you could say for them communism works. For me, I would rather that China with its nuclear power and mite didn't grow any further as I don't want to live under a military run totalitarian regime with no freedom to express yourself. I'm 66 btw and seen a lot of destruction and killing around the world and it would not be good for China to grow anymore. Putin has certainly not helped the communist cause.",0,True
UgyQYNUNlL3NU9GOJOl4AaABAg.APUQokeq7D3APdBbIBUjh1,comment,w_tCOgxXKwA,UgyQYNUNlL3NU9GOJOl4AaABAg,True,@lhz4244,"@curtisgrindahl446 yes,我是中国人，我的国家很安全，消费也低。",0,True
UgyQYNUNlL3NU9GOJOl4AaABAg.APUQokeq7D3APeoenAz7t0,comment,w_tCOgxXKwA,UgyQYNUNlL3NU9GOJOl4AaABAg,True,@Adiyan669,"​​@taketwo-e5u sharing a personal experience of a good value for money car the person's been using = supporting a military dictatorship, that's your thought process ?? I wonder how you made it to 66 with a empty skull and the cognitive abilities of a toddler.",0,True
UgyQYNUNlL3NU9GOJOl4AaABAg.APUQokeq7D3APeyCjcU53n,comment,w_tCOgxXKwA,UgyQYNUNlL3NU9GOJOl4AaABAg,True,@nihalnoufel-lp6sg,Can you tell me what you liked over the ioniq 5. How’s the driver assist features compared to Ioniq 5,0,True
UgyQYNUNlL3NU9GOJOl4AaABAg.APUQokeq7D3APgezBhg5ku,comment,w_tCOgxXKwA,UgyQYNUNlL3NU9GOJOl4AaABAg,True,@qicongliu-y5g,"​@taketwo-e5u Wow, such a “beautiful” misunderstanding! I guess living in your own bubble is easier than facing the real China, right?",1,True
UgyQYNUNlL3NU9GOJOl4AaABAg.APUQokeq7D3APhCCgVDb1l,comment,w_tCOgxXKwA,UgyQYNUNlL3NU9GOJOl4AaABAg,True,@zhaoxi-i2z,@taketwo-e5u  你的言论首先就有一个错误，我们不是完全的共产主义，而是社会主义，我们的军人是人民子弟兵，不是所谓自由政权下的战争机器，我们的口号是保家卫国，不是征服世界，当霸主豪强和世界话事人。拥有核力量的国家不算少，为什么明面上武器最多的美国没有受到制约？你和那些西方政客一样，觉得我们就应该受制于人，但我们不认同这个观点，安全不是靠献媚得来的，那样的我们只会成为下一个日本和韩国。如果双方有同等的武器和国家实力，战争的可能性就会下降到最低，这就是为什么今年中美关税战，即便双方利益对冲如此之大，美国也不像往常一样发动武力制裁的原因。总有人喜欢把自己的惯性思维强加到不了解的其他个体和群体上，实在是可笑。,2,True
UgyQYNUNlL3NU9GOJOl4AaABAg.APUQokeq7D3APhPqq3dapQ,comment,w_tCOgxXKwA,UgyQYNUNlL3NU9GOJOl4AaABAg,True,@taketwo-e5u,"​@zhaoxi-i2zIt seems you have been spying on the UK government, why would you do that?",0,True
UgyQYNUNlL3NU9GOJOl4AaABAg.APUQokeq7D3APjMPx_ID9i,comment,w_tCOgxXKwA,UgyQYNUNlL3NU9GOJOl4AaABAg,True,@user-ci9pu4zz3t,"@curtisgrindahl446 I'm from China, and your comments make me think you're incredibly ignorant. China is rotten to the core; it's just superficially glamorous.",0,True
UgyQYNUNlL3NU9GOJOl4AaABAg.APUQokeq7D3APkMykX2iXr,comment,w_tCOgxXKwA,UgyQYNUNlL3NU9GOJOl4AaABAg,True,@qiangqiangzhang8320,"@taketwo-e5u I've worked in China for 15 years, and I love China. I'd love to go back if I had the chance. You've probably never been to China, so your information comes from the media. But the media isn't your opinion; it's what others have instilled in you.",1,True
UgyQYNUNlL3NU9GOJOl4AaABAg.APUQokeq7D3APkRYSU38f8,comment,w_tCOgxXKwA,UgyQYNUNlL3NU9GOJOl4AaABAg,True,@taketwo-e5u,"​@qiangqiangzhang8320No absolutely not, I know how a socialist republic totalitarian military regime works, for example what they did to the people of Hong Kong when handed back was on film and they are spying on the UK government. You are likely imprisoned if you criticise the government. I don't wish to live like that and certainly wouldn't want to support them by buying Chinese cars.",0,True
UgyQYNUNlL3NU9GOJOl4AaABAg.APUQokeq7D3APn5-1O_m_w,comment,w_tCOgxXKwA,UgyQYNUNlL3NU9GOJOl4AaABAg,True,@xiaosongyu2926,@taketwo-e5u 已经在第二个留言下面看到你的评论了，难道这是你的工作，需要这么勤劳的在各个留言下面抹黑中国？你说自己66岁，读了很多书，来过中国（虽然不知道你是哪年去了哪个城市，中国非常大），在这个前提下，你还能得出这种充满了误解和仇恨的言论，还是挺不可思议的。很多人对你的言论表达了反对，但我看你还是坚持自己那一套扭曲的结论，所以可能你也不想接受现实吧，只想停留在自己想象中的那个你仇恨的中国。,0,True
UgyQYNUNlL3NU9GOJOl4AaABAg.APUQokeq7D3APn7gcfYByh,comment,w_tCOgxXKwA,UgyQYNUNlL3NU9GOJOl4AaABAg,True,@taketwo-e5u,​@qicongliu-y5gNope.,0,True
UgyQYNUNlL3NU9GOJOl4AaABAg.APUQokeq7D3APn87AtVuw1,comment,w_tCOgxXKwA,UgyQYNUNlL3NU9GOJOl4AaABAg,True,@taketwo-e5u,"​@xiaosongyu2926I do not hate China or the Chinese people, please do not speak for me, I just disagree with totalitarianism.",0,True
UgyQYNUNlL3NU9GOJOl4AaABAg.APUQokeq7D3APn93TZ7y1_,comment,w_tCOgxXKwA,UgyQYNUNlL3NU9GOJOl4AaABAg,True,@taketwo-e5u,"​@conspicuousziggzUnfortunately it doesn't keep things simple if the country you are supporting is like Russia for example, where they are on the brink of starting ww3 with NATO and spy ships in UK waters  and currently murdering children in Ukraine and China spying on the UK government etc.",0,True
UgyQYNUNlL3NU9GOJOl4AaABAg.APUQokeq7D3APnHnVsRkNi,comment,w_tCOgxXKwA,UgyQYNUNlL3NU9GOJOl4AaABAg,True,@xiaosongyu2926,@taketwo-e5u 我也在中国，我对你描述的中国并不认同。在我看来，你是在表达，你比很多中国人更了解中国，虽然我们都觉着你陷入了意识形态的陷阱。,0,True
UgyQYNUNlL3NU9GOJOl4AaABAg.APUQokeq7D3APnIHNUnkrN,comment,w_tCOgxXKwA,UgyQYNUNlL3NU9GOJOl4AaABAg,True,@MineFullStop,"​@taketwo-e5u I see the media has brainwashed you to the point of no return. When you said your age I rolled my eyes because it makes sense. Russia killing children? Now that's a new one or have you got it mixed up with Israel maybe? Did you know the UK media came out with an article about how Russia has run out of weapons and is fighting with shovels? My point I'm trying to make is when they are writing flat out lies trying to make Russia look bad don't you maybe question the rest of their reporting. Anyway I'm not here trying to make a car review political but I can see the hatred you have for everything Chinese when I can bet that probably 70% or more of the stuff in your household was either made in China or has components that were made in China including the device you're using right now to reply to this so I guess you should throw away your computer,phone,microwave,kettle,washing machine,dryer,TV,modem etc throw it all away because of ""Your views"" which are wrong anyway.",1,True
UgyQYNUNlL3NU9GOJOl4AaABAg.APUQokeq7D3APnINc6Hrt6,comment,w_tCOgxXKwA,UgyQYNUNlL3NU9GOJOl4AaABAg,True,@taketwo-e5u,​@xiaosongyu2926You might well be happy with your military leadership and it works for you but the people of Hong Kong were not when the UK handed it back to China.,0,True
UgyQYNUNlL3NU9GOJOl4AaABAg.APUQokeq7D3APnKRlbTULY,comment,w_tCOgxXKwA,UgyQYNUNlL3NU9GOJOl4AaABAg,True,@taketwo-e5u,"​​​@MineFullStopFirstly I do not hate Chinese people so do not speak for me. Secondly, yes the Russians are killing innocent civilians that includes women and children in Ukraine. Make Russia look bad? Their dictator is doing just that. No media brain washing these are not my 'views' just fact.",0,True
UgyQYNUNlL3NU9GOJOl4AaABAg.APUQokeq7D3APnUPvBU3Cl,comment,w_tCOgxXKwA,UgyQYNUNlL3NU9GOJOl4AaABAg,True,@xiaosongyu2926,@taketwo-e5u 谁代表香港人民？你做了调查还是读了西方媒体的报道？你怎么知道你看到的媒体报道是真实和全面的？美国南北战争时，南方对统一到联邦这件事并不满意，然后爆发了南北战争，所以美国历史会写林肯是错误的？简单讲，1.你如何确保你的信息是全面又准确的；2.满意不满意能说明什么问题。,0,True
UgyQYNUNlL3NU9GOJOl4AaABAg.APUQokeq7D3APnWbYZk7MV,comment,w_tCOgxXKwA,UgyQYNUNlL3NU9GOJOl4AaABAg,True,@taketwo-e5u,​@xiaosongyu2926It was filmed for all to see.,0,True
UgyQYNUNlL3NU9GOJOl4AaABAg.APUQokeq7D3APoxTrqLk31,comment,w_tCOgxXKwA,UgyQYNUNlL3NU9GOJOl4AaABAg,True,@zhaoxi-i2z,@taketwo-e5u 简单的常识问题不要上升层面，显得你很幼稚，老不死的,0,True
UgyQYNUNlL3NU9GOJOl4AaABAg.APUQokeq7D3APs77HDRaTM,comment,w_tCOgxXKwA,UgyQYNUNlL3NU9GOJOl4AaABAg,True,@NEAAFFAIRS,"@taketwo-e5u They actually have an app for that. You can tell them how bad a job they are doing on the civil service, policies on top of the usual fix the street lamps, potholes. All with response/resolution KPI.",1,True
UgyQYNUNlL3NU9GOJOl4AaABAg.APUQokeq7D3APsIlBYc0_Z,comment,w_tCOgxXKwA,UgyQYNUNlL3NU9GOJOl4AaABAg,True,@taketwo-e5u,​@qicongliu-y5gA communist dictatorship is not me.,0,True
UgyQYNUNlL3NU9GOJOl4AaABAg.APUQokeq7D3APsJLSCUmul,comment,w_tCOgxXKwA,UgyQYNUNlL3NU9GOJOl4AaABAg,True,@taketwo-e5u,​@zhaoxi-i2zI fully understand the China regime as a 66 year old I have seen many political views. Your 'peoples army' is looking to invade Taiwan next.,0,True
UgyQYNUNlL3NU9GOJOl4AaABAg.APUQokeq7D3APsJ_ihcCgn,comment,w_tCOgxXKwA,UgyQYNUNlL3NU9GOJOl4AaABAg,True,@taketwo-e5u,"​@qiangqiangzhang8320Not at all, I have read many books. Do you think all media write untruths and rubbish. History is history mate.",0,True
UgyQYNUNlL3NU9GOJOl4AaABAg.APUQokeq7D3APsJnlFg8tT,comment,w_tCOgxXKwA,UgyQYNUNlL3NU9GOJOl4AaABAg,True,@taketwo-e5u,"​@xiaosongyu2926Don't comment for me, I don't hate China.",0,True
UgyQYNUNlL3NU9GOJOl4AaABAg.APUQokeq7D3APtyeqdC6os,comment,w_tCOgxXKwA,UgyQYNUNlL3NU9GOJOl4AaABAg,True,@xiaosongyu2926,@taketwo-e5u 回复你不是因为你恨或者不恨中国，而是你对中国的观点，和我们看到的现实并不一样。而且你输出的多是观点，也没有什么事实。这也是为什么很多人会回复你。,0,True
UgyQYNUNlL3NU9GOJOl4AaABAg.APUQokeq7D3APuKq-QEb7N,comment,w_tCOgxXKwA,UgyQYNUNlL3NU9GOJOl4AaABAg,True,@qiangqiangzhang8320,"@taketwo-e5u It's essentially a matter of values. The West is extremely hypocritical. For example, Chinese law prohibits inciting or splitting China, but if you do, you'll be arrested, and Westerners will say China lacks freedom of speech. Similarly, in Europe, if you say ""Heil Hitler,"" you'll face imprisonment, and no one will say Europe lacks freedom of speech. Imagine if the German Chancellor visited a Hitler memorial (even though it no longer exists)—would the EU view it so easily? This kind of thing is happening in China, with Japan visiting the Yasukuni Shrine, a site of atrocities that brought about the massacre of 25 million people.",0,True
UgyQYNUNlL3NU9GOJOl4AaABAg.APUQokeq7D3APuLMqi0aNh,comment,w_tCOgxXKwA,UgyQYNUNlL3NU9GOJOl4AaABAg,True,@qiangqiangzhang8320,"@taketwo-e5u Please don't believe the media reports; they are written with emotions in mind. In fact, Xinjiang is home to ethnic minorities in China, and they enjoy privileges. If an ethnic minority commits a crime in China, a Han Chinese citizen might be sentenced to 5 years, while an ethnic minority citizen would only be sentenced to 2 years. Ethnic minorities in China live happier lives than in most Western countries. They don't need to pay for medical insurance but enjoy free healthcare. China now has a visa-free policy. If you don't go to China and see for yourself, it will be the biggest regret of your life.",0,True
UgyQYNUNlL3NU9GOJOl4AaABAg.APUQokeq7D3APuOqNmF3Aw,comment,w_tCOgxXKwA,UgyQYNUNlL3NU9GOJOl4AaABAg,True,@taketwo-e5u,"​​@qiangqiangzhang8320I don't get my studies from media reports. Tell me, how does China produce everything so cheaply?",0,True
UgyQYNUNlL3NU9GOJOl4AaABAg.APUQokeq7D3APuQ9bYN-1d,comment,w_tCOgxXKwA,UgyQYNUNlL3NU9GOJOl4AaABAg,True,@qiangqiangzhang8320,"@taketwo-e5u Thank you for your trust. There are many reasons why China can make its goods so cheap, the most important being large-scale manufacturing. For example, if the cost of producing 10,000 cars is $100,000, but if you produce 1 million cars at once, then due to economies of scale, the cost can be as low as $50,000. Once you reach a certain scale, you have the power to negotiate prices with all suppliers, including mineral and energy companies, and you can even build your own power plants.",0,True
UgyQYNUNlL3NU9GOJOl4AaABAg.APUQokeq7D3APuQyvpPjXt,comment,w_tCOgxXKwA,UgyQYNUNlL3NU9GOJOl4AaABAg,True,@taketwo-e5u,"​@qiangqiangzhang8320Every modern country uses economies of scale for manufacturing so that's not the complete answer. The question is why can China produce so much and western countries cannot? China sells steel much less than everyone else as well, how is this.",0,True
UgyQYNUNlL3NU9GOJOl4AaABAg.APUQokeq7D3APuR3bWlWsL,comment,w_tCOgxXKwA,UgyQYNUNlL3NU9GOJOl4AaABAg,True,@qiangqiangzhang8320,"@taketwo-e5u Let me tell you a real case, using Australian iron ore as an example. Originally, there were only three iron ore producers worldwide, while China had 100. With fewer sellers and more buyers, there was no pricing power for the ore. Therefore, Australia manipulated iron ore prices, causing them to double in 2021. At this point, the Chinese government established a state-owned enterprise, requiring all mineral transactions to be handled by this Chinese mineral resources group. This changed the situation to more sellers than buyers, causing iron ore prices to plummet to 2019 levels. Furthermore, China is also helping other countries compete in the global iron ore mining market. This is the wisdom of the Chinese people, accumulated over 5000 years.",0,True
UgyQYNUNlL3NU9GOJOl4AaABAg.APUQokeq7D3APuRw9h-5OE,comment,w_tCOgxXKwA,UgyQYNUNlL3NU9GOJOl4AaABAg,True,@Surstromming22,@taketwo-e5u you are 66 and still so ignorant and lacking of real perspective. such a shame.,1,True
UgyQYNUNlL3NU9GOJOl4AaABAg.APUQokeq7D3APuSxMTseC1,comment,w_tCOgxXKwA,UgyQYNUNlL3NU9GOJOl4AaABAg,True,@qiangqiangzhang8320,"@taketwo-e5u China's scale advantage is comprehensive, with its greatest strength lying in education. China began planning and improving its education system 30 years ago, and today 15 million university students graduate annually. This means a large influx of talented individuals into the labor market each year. Imagine you are a businessman: would you choose to hire a group of highly obedient, intelligent Chinese university graduates earning only $500 a month, or a rebellious American worker with only basic education earning $3,000 a month? Furthermore, China's electricity, infrastructure, and internet communication costs are extremely low. A 100MB fiber optic connection costs only $2.50 per month, a one-hour bus ride costs only $0.50, and electricity costs just $0.05 per kilowatt-hour.",0,True
UgyQYNUNlL3NU9GOJOl4AaABAg.APUQokeq7D3APuVybg-PGU,comment,w_tCOgxXKwA,UgyQYNUNlL3NU9GOJOl4AaABAg,True,@qiangqiangzhang8320,"@taketwo-e5u Westerners' constant inflation is a fatal mistake for their national economies. Higher prices lead to higher living costs, which in turn drive up wages, creating a vicious cycle. The best way for the West to cripple China's chip industry is through low-price dumping. Coca-Cola sells for only $0.30 in China, where it has achieved a complete monopoly with no competitors. If the sale of ASML lithography machines is banned, a Chinese official might ask, ""Was this made by humans?"" If so, China can also manufacture them; it's just a matter of time.",1,True
UgyQYNUNlL3NU9GOJOl4AaABAg.APUQokeq7D3APz71QjFAF8,comment,w_tCOgxXKwA,UgyQYNUNlL3NU9GOJOl4AaABAg,True,@qicongliu-y5g,"@taketwo-e5u Oh, how clever of you!",0,True
UgyQYNUNlL3NU9GOJOl4AaABAg.APUQokeq7D3AXhhlN8kz3x,comment,w_tCOgxXKwA,UgyQYNUNlL3NU9GOJOl4AaABAg,True,@Jack_cx,We're in the money! 🎵🎵,0,True
UgwnELUQXsIzifA6XDx4AaABAg,comment,w_tCOgxXKwA,,False,@Mububban23,"Anyone not taking the threat of Chinese cars to legacy auto seriously by now is definitely fooling themselves.  Each generation tends to be a big leap forward over the previous one, so even if a manufacturer makes a dud, the enxt one will be vastly improved.  And their good ones will be great ones in 2 years' time.",1,True
Ugw3MHNMILfxk7TmvmF4AaABAg,comment,w_tCOgxXKwA,,False,@Handled-x2n,"If this was a real review, nicola would tell us the cost to fix that light...",0,True
UgxgLMXFJ0ze5lLK1xl4AaABAg,comment,w_tCOgxXKwA,,False,@ashleymathers7226,You are class! Love these videos 🙌🏻,2,True
UgxgLMXFJ0ze5lLK1xl4AaABAg.APUPTz-DFXOAPWpteu1b_z,comment,w_tCOgxXKwA,UgxgLMXFJ0ze5lLK1xl4AaABAg,True,@Electrifyingcom,So glad you're enjoying them! 🙌,0,True
UgzcNItPX_UZsi-_LGl4AaABAg,comment,w_tCOgxXKwA,,False,@nickfarrington2390,"OK, you've upset me now.  Car journalists need to stop being mean to Tesla about the instant acceleration.  It's a good thing, trust me.  If you only drive a Tesla for a few days, it might feel a bit 'sudden', but you get used to it.  And when  you're used to it, it's great.  If the car can react instantly when you want it to, why the heck would you make a software change that acts like a  turbo, with old-school turbo lag?  Madness.

Journos spent years evangelising throttle response and praising V-Tecs and Mezger flat 6's. Now suddenly, maybe because it's EVs, throttle response is a bad thing?  It's not, it's great, every EV should have an 'instant throttle response' setting.  There we go - campaign for that instead.",0,True
UgyiB5BQgzbq2hsp7UV4AaABAg,comment,w_tCOgxXKwA,,False,@iamdc1970,Maybe a long term IM5?,0,True
UgwOXAAJlccd3p28sZl4AaABAg,comment,w_tCOgxXKwA,,False,@forbiddenracer2056,Not your fault but amount of ads utube now puts into videos is very annoying,0,True
UgwOXAAJlccd3p28sZl4AaABAg.APUO-3b--IAAPV9O6WIHpH,comment,w_tCOgxXKwA,UgwOXAAJlccd3p28sZl4AaABAg,True,@ch-kaoz,Use Chrome with a YT ad blocker to get rid of all the ads,0,True
UgwzRdKCkgpsDMYgNM54AaABAg,comment,w_tCOgxXKwA,,False,@forbiddenracer2056,You can change the noise of indicators in the menus.,3,True
UgzdBEIy2maqVwwKutF4AaABAg,comment,w_tCOgxXKwA,,False,@JonathanPorterfield,Great review 👏 👌,1,True
Ugz8s4Em-JuTHbC80LJ4AaABAg,comment,w_tCOgxXKwA,,False,@vrome8,"13:16 You can change the cruise control speed in 1 mile increments by pressing and holding the button up or down. It's the same with the button in the driver's door, you pull it to open the boot and you pull and hold it and I'll close the boot again. You do need to keep holding it untill the boot is fully closed though.",55,True
Ugwc6TRPEYDLTP9jcbN4AaABAg,comment,w_tCOgxXKwA,,False,@cookedfruit,I look forward to your reviews! they're thorough and much more fun,4,True
UgwUeEm07JopCZuvHSd4AaABAg,comment,w_tCOgxXKwA,,False,@racztamaska,"I would go and buy it, but you said in another video, that the Mazda E6 is better! Is it?",0,True
Ugw_ZmDYUgwnkZaJkHp4AaABAg,comment,w_tCOgxXKwA,,False,@craigmerkey8518,I saw a fre BYD SUV cars (not this particular model) when I was in Sau Paulo. I wish they were comming to the U.S.! With the fratures price and range I understand why they are being blodked! BYD would kick the current models a**es!!!,0,True
Ugy9WnF2BvPBoH-ljqt4AaABAg,comment,w_tCOgxXKwA,,False,@fixajo,"Great review. What about the road noise in the cabin, is it nice?",1,True
UgyGPpQvGdqpQJ0jT5F4AaABAg,comment,w_tCOgxXKwA,,False,@kimarefall,Very nice BYD Seal. Good video! 👍,5,True
Ugy7jw3TyX4IkPvMU5N4AaABAg,comment,w_tCOgxXKwA,,False,@pragmaticfilmmaking,I’m here waiting for one of these manufacturers to be brave enough to make a sleek estate.,7,True
Ugy7jw3TyX4IkPvMU5N4AaABAg.APUFcV-2HBpAPVKkEmTZEW,comment,w_tCOgxXKwA,Ugy7jw3TyX4IkPvMU5N4AaABAg,True,@paulforster2684,Audi A6 etron estate.,1,True
Ugy7jw3TyX4IkPvMU5N4AaABAg.APUFcV-2HBpAPVPY6PPnri,comment,w_tCOgxXKwA,Ugy7jw3TyX4IkPvMU5N4AaABAg,True,@pragmaticfilmmaking,"⁠@paulforster2684To me it looks more like a shrunken down SUV, than a sleek elongated sport saloon, but admittedly I’ve never seen one on the road.",0,True
UgwtTn3YE7N61j2Ucs94AaABAg,comment,w_tCOgxXKwA,,False,@AK-dl8bc,Great video. I wish you would do more long term reviews on European EVs.,0,True
UgygYrRtZier2Dxlhb94AaABAg,comment,w_tCOgxXKwA,,False,@recumbentrocks2929,"Proper review, brilliant!",0,True
Ugzsw-UNIkBecEfTXQx4AaABAg,comment,w_tCOgxXKwA,,False,@orion789,"Youre lovely, by the way. Amazing presenter. Anyway, find it odd you didnt really mention the lack of one pedal driving. That is the biggest negative imo.",2,True
Ugzsw-UNIkBecEfTXQx4AaABAg.APUEFjt3u_7APUEWTSEGho,comment,w_tCOgxXKwA,Ugzsw-UNIkBecEfTXQx4AaABAg,True,@nicolahume,"Hey, I mentioned it twice😅",2,True
Ugwuimvvj6kIjvtXgPt4AaABAg,comment,w_tCOgxXKwA,,False,@frankquednau889,EV manufacturers should be forced by law to provide 1 pedal driving mode,0,True
UgyWyTjDnzJTr4eCkH14AaABAg,comment,w_tCOgxXKwA,,False,@peterpodgorski,"4:05 As a software engineer, having this much software and relying this much on software in a car is absolutely terrifying, horrible, unthinkable, and just nope. And that's not even accounting for internet connection and OTA updates which literally make me wish I was living in the 1990s.",18,True
UgyWyTjDnzJTr4eCkH14AaABAg.APUDz345cRMAPUFV0l8yad,comment,w_tCOgxXKwA,UgyWyTjDnzJTr4eCkH14AaABAg,True,@josefv-y8m,"Hmm, im in the IT over 30 years and Cars had already about 150 Mio Lines of Code 10 years ago...complete Windows about 50 Mio.
Now they have some more Lines, but driving any car relies heavily on Software.
If you ever have seen the Engine Programming Software from AVL (used for ANY ICE of any OEM!!!) , controlling several thousands of Values for an ICE, you will understand that any car without software is just dead and would not drive one cm.",7,True
UgyWyTjDnzJTr4eCkH14AaABAg.APUDz345cRMAPWMtvk4rrm,comment,w_tCOgxXKwA,UgyWyTjDnzJTr4eCkH14AaABAg,True,@tedhansolo,"Gosh, you are a living proof of how Europeans lost their software industry to Americans and Chinese. (I am a SDE and I worked for Tesla)",6,True
UgyWyTjDnzJTr4eCkH14AaABAg.APUDz345cRMAPYiknP5-8p,comment,w_tCOgxXKwA,UgyWyTjDnzJTr4eCkH14AaABAg,True,@haowu2002,现在流行“软件定义汽车”😊,1,True
UgyWyTjDnzJTr4eCkH14AaABAg.APUDz345cRMAQ70J_pQpWO,comment,w_tCOgxXKwA,UgyWyTjDnzJTr4eCkH14AaABAg,True,@azwads5126,EVs are just computers on wheels! Too easy to be prone to bricking. There is s reason European manufacturers are struggling to shift EVs! Now UK budget has just nuked EVs!,1,True
UgyWyTjDnzJTr4eCkH14AaABAg.APUDz345cRMATyCa1NnJ-0,comment,w_tCOgxXKwA,UgyWyTjDnzJTr4eCkH14AaABAg,True,@jonathanball4933,"Best you avoid flying in a modern airliner then, you would be truly horrified by the amount of software running those things.  Maybe the engineers at BYD write better code than you?  Also pretty well every single car now relies on a lot f software just to run and change gear.  The thing is, whatever their bugs, computerised driving aides are for more reliable and safer than humans, yes they may fail, but humans fail at a far higher rate.",0,True
UgyWyTjDnzJTr4eCkH14AaABAg.APUDz345cRMAWmNa7bPLri,comment,w_tCOgxXKwA,UgyWyTjDnzJTr4eCkH14AaABAg,True,@connie2202002,​@haowu2002there's a reason some countries still stick to the otherwise,0,True
UgyMguctUj_bfgXQz0l4AaABAg,comment,w_tCOgxXKwA,,False,@LewieMac,Most honest long term reviews ever! Without chopping the video duration down to an inch of its life - keep up the good videos :),30,True
Ugw8mfIJAEwjmNkYJUV4AaABAg,comment,w_tCOgxXKwA,,False,@TrumanBurbankFE,"Well, most of us don't. And you haven't even considered value degradation and parts access in the future",1,True
Ugy0qJXwi4hye1gyULV4AaABAg,comment,w_tCOgxXKwA,,False,@IB-x7s,Can we really trust Chinese cars?!🤔👎👎,0,True
UgxqRng0so4cnY_oBYx4AaABAg,comment,w_tCOgxXKwA,,False,@mcaddc,Have you checked underneath the vehicle for rust setting in the chassis? Huge problem with BYD’s in China completely rotting away even after only 2 years.,2,True
UgyvfRfX7Vpyl7PaxWB4AaABAg,comment,w_tCOgxXKwA,,False,@James-BB70,"Great review, glad you love the BYD! I got the Dolphin not long after you reviewed it, that wasn't the kindest review but I saw others. I drove the Seal and Dolphin back to back and you can tell the difference the extra £17k makes, I loved the Seal too but needed to keep the monthly's reasonable seeing as I am now approaching 17k miles with it.",15,True
UgyvfRfX7Vpyl7PaxWB4AaABAg.APUBeskkYl3AQPpGvWeiQB,comment,w_tCOgxXKwA,UgyvfRfX7Vpyl7PaxWB4AaABAg,True,@codeinehq,How are you finding the dolphin. I’ve also test driven both and now need to decide,0,True
UgyvfRfX7Vpyl7PaxWB4AaABAg.APUBeskkYl3AQQR88JGX4R,comment,w_tCOgxXKwA,UgyvfRfX7Vpyl7PaxWB4AaABAg,True,@James-BB70,"​@codeinehqSwitching from ICE to EV has been fantastic, saved a fortune compared to buying diesel, the tech levels are better plus all the other benefits of switching. The Dolphin is the smallest car I have had but still has a usable boot, has plenty of room for rear passengers, perfectly well built, fun to drive and is quick, I also prefer a hatch to a saloon. Ive had the seats down and can then easily fit in a wheelchair. However, if you have the budget, the Seal is bigger still and even better made.",0,True
UgxdH_jm9HQD2-8hUId4AaABAg,comment,w_tCOgxXKwA,,False,@sengamine1442,"Why is the boot so small, thw car's almost 5 metres long. And  a tiny frunk. The model 3 is more practical, none of these dodgy bugs, and 500kg lighter. Be honest: model 3 is just  a better car.",0,True
UgxdH_jm9HQD2-8hUId4AaABAg.APUAoOGvIUWAPUes0Xyz5W,comment,w_tCOgxXKwA,UgxdH_jm9HQD2-8hUId4AaABAg,True,@KalleKilponen,"I was seriously considering the Seal a while back, but went for the Mach-E instead mainly for that reason. The small boot opening was just a dealbreaker for me, since I often need to haul larger items.",0,True
UgwQ9kkGBMTfNR4XmON4AaABAg,comment,w_tCOgxXKwA,,False,@johnhumphreys9887,"I do like it's looks, but I think I'd rather have the Ioniq 6 Ultimate AWD. Ok, the Hyundai isn't the best looking thing on the road, but when your sitting inside it, you don't really see the outside.",0,True
Ugx5uNqN06Sf6xR3WGF4AaABAg,comment,w_tCOgxXKwA,,False,@davidpearn5925,In Australia - our indicator stalk is on the CORRECT SIDE.,0,True
Ugx5uNqN06Sf6xR3WGF4AaABAg.APUAQLdpE_EAPUryYmoz0x,comment,w_tCOgxXKwA,Ugx5uNqN06Sf6xR3WGF4AaABAg,True,@stuartirwin3779,Not on my MG4 sadly.,0,True
UgwlW8UZsvfoBy74Wsl4AaABAg,comment,w_tCOgxXKwA,,False,@davidpearn5925,If you don't change from android to Apple regularly (like us) it always connects instantly.......if not - you have to pair the 'change' each time.,0,True
UgzHF5eqxIZc_qSQUpp4AaABAg,comment,w_tCOgxXKwA,,False,@josm1982,"I love your energy and humor, makes the reviews great to watch!

For cruise control drivers: You can actually increase the cruise control with 1 instead of 5 by holding the increase button, after a little pause it will increase by 1 😃",106,True
UgzHF5eqxIZc_qSQUpp4AaABAg.APU9ty7ywLQASAyTtnn04d,comment,w_tCOgxXKwA,UgzHF5eqxIZc_qSQUpp4AaABAg,True,@DonRua,This is a professional “walk around” what car salesmen do to sell cars.,0,True
Ugx88SvpibFAgub83rJ4AaABAg,comment,w_tCOgxXKwA,,False,@KeliK1,I love her! 🙃,1,True
Ugzq3qp5pmgpk9VraA14AaABAg,comment,w_tCOgxXKwA,,False,@c.brinker4387,"Great presentation🙏🏼, I had the possibility to check the interior of the seal at the next dealer and the Seal has a really impressive quality. One annoying point is the charging speed that seems to be not the quickest one",0,True
Ugzq3qp5pmgpk9VraA14AaABAg.APU9mp7eeheAPUAVjE51pU,comment,w_tCOgxXKwA,Ugzq3qp5pmgpk9VraA14AaABAg,True,@KeliK1,"About the slower charging, it's because they prioritized safety and longevity over faster charging. I think the charging time is more than decent.",0,True
Ugzq3qp5pmgpk9VraA14AaABAg.APU9mp7eeheAPUB8m6Egff,comment,w_tCOgxXKwA,Ugzq3qp5pmgpk9VraA14AaABAg,True,@c.brinker4387,@KeliK1it‘s a good point to think about it,0,True
UgwPJPbWDLjWKS9RnNZ4AaABAg,comment,w_tCOgxXKwA,,False,@alexsam2630,Driving animals is stupid.,0,True
UgwPJPbWDLjWKS9RnNZ4AaABAg.APU9gI9gtAvAPX_07-PD-r,comment,w_tCOgxXKwA,UgwPJPbWDLjWKS9RnNZ4AaABAg,True,@VincentYan,I like my mustung tho.,0,True
UgwdSSBlv2nJ1u3n6dl4AaABAg,comment,w_tCOgxXKwA,,False,@markdance574,Each to their own but I’m sorry most BYD’s look like an MG crashed into a Vauxhall- I honestly couldn’t imagine owning one .,0,True
Ugxmd9LmNE3oefmnWDx4AaABAg,comment,w_tCOgxXKwA,,False,@MortenPejterRoitmann,😅😅😅😅 the button 😂😂😂😂,1,True
Ugy2HzQP3YngLiEZiKJ4AaABAg,comment,w_tCOgxXKwA,,False,@johnkellett7797,"It is NOT a frunk. In English it is a Froot. Nobody gives a flying fart what the bastardised American English call it, that is just one nation out of nearly 200!

I have a similar issue with car journalists demanding rear wipers. Why if a car is well enough designed as to not need one (my A2 at 225,000 hasn't needed one) why have one? Also if it's your car (as an ordinary human) the temperature and fan speed etc etc are set up on day one say in the car whilst stationary and left like that for as many years as you own it. OK it's a problem if you are in and out of different cars many many times in any one year, that is not a problem for the rest of us! If a car is to be used all finishes need to be long lasting.

Would there be any interest in coverage of the fact that in the UK it is inadvisable, and sometimes illegal, to drive for more than 4 or 5 hours without a break (my 22 year old car tells me off after 2 hours of driving, to take a break). Therefore an EV doesn't need a range of over 300 miles before any driver ought to be needing a food, drink and toilet intermission. Or is there a breed of super-human car journalists who need to drive 600 miles without stopping? I suspect that is actually the case and most have a name like 'Jeremy'!",0,True
Ugy2HzQP3YngLiEZiKJ4AaABAg.APU8BkyysfAAPUQ6Dd1Zpp,comment,w_tCOgxXKwA,Ugy2HzQP3YngLiEZiKJ4AaABAg,True,@johnkellett7797,"@Wdf-76, it’s late, I’ve had too much of this crap from some journalists for decades 😻 Then you find a bunch of reasonable ones, and then they start!",0,True
UgzOUJEz8HgihGBwXNV4AaABAg,comment,w_tCOgxXKwA,,False,@richardjackson139,My VW 1D7 much nicer 😊,1,True
Ugyl_E6_GsXxKKUbZXB4AaABAg,comment,w_tCOgxXKwA,,False,@SecretOfMonkeyIsland784,"I am really excited for the BYD Walrus, it has a 0-60 time of 2.8 seconds and its only £32k",4,True
Ugyl_E6_GsXxKKUbZXB4AaABAg.APU6vqrS6MMAPYARdRwfu1,comment,w_tCOgxXKwA,Ugyl_E6_GsXxKKUbZXB4AaABAg,True,@Isclachau,And will depreciate faster 😂😂,1,True
Ugyl_E6_GsXxKKUbZXB4AaABAg.APU6vqrS6MMAPYSLg595zg,comment,w_tCOgxXKwA,Ugyl_E6_GsXxKKUbZXB4AaABAg,True,@Isclachau,@S@SecretOfMonkeyIsland784I was correct then 🙏,0,True
Ugyl_E6_GsXxKKUbZXB4AaABAg.APU6vqrS6MMAT516b72Rhx,comment,w_tCOgxXKwA,Ugyl_E6_GsXxKKUbZXB4AaABAg,True,@MikeBurgandy,Walrus is a peculiar name for a car. Let alone a quick one.,0,True
Ugyl_E6_GsXxKKUbZXB4AaABAg.APU6vqrS6MMAT53XwG93eW,comment,w_tCOgxXKwA,Ugyl_E6_GsXxKKUbZXB4AaABAg,True,@SecretOfMonkeyIsland784,@MikeBurgandy Just wait to they release the BYD Swordfish then ...,0,True
UgyEpAic0TFHmnVYsep4AaABAg,comment,w_tCOgxXKwA,,False,@LaurencioLB,Bet it stinks,0,True
UgyMxjBYKZECwfetlj54AaABAg,comment,w_tCOgxXKwA,,False,@NEWBURYWAY,"You said the cruise added 5mph, do you know with most car manufacturers if you tap the button or long press it instead you get either 5mph or 1mph",0,True
UgxI7-VkmFz4EKwYNsx4AaABAg,comment,w_tCOgxXKwA,,False,@lg.studio,"~16"" screen and you are watching a background picture on the 80% area, and all the function buttons are miniscule on the bottom. It shoud be a car, not a laptop or a phone. Just use the damn screen for stuff you actually need while driving/navigating. That user interface is awful!",1,True
UgxI7-VkmFz4EKwYNsx4AaABAg.APU6cmDM6OVAPVc08SfTSB,comment,w_tCOgxXKwA,UgxI7-VkmFz4EKwYNsx4AaABAg,True,@voongnz,"She was obviously parked up while showing menu/widget customizations, so there was no need to have any maps or camera views or anything else up on the screen.",0,True
Ugzx21Zo1HhNqpYICc94AaABAg,comment,w_tCOgxXKwA,,False,@michaelhortin,"i’ve had my BYD for four days. I love it! Can’t wait for my first proper road trip next month.

Thanks for the tip off of how to rearrange the screen and where you have the right buttons that you want to press more regularly.

It wasn’t mentioned on the video where to find the button to clear the back screen. Any ideas? Thanks",26,True
UgwTOECB-14wU-gkYNV4AaABAg,comment,w_tCOgxXKwA,,False,@marcakko2010,Top review as always. Car looks amazing I'll keep my eye out on one in 2 years time to see if I can grab a second hand bargain.,1,True
UgwTOECB-14wU-gkYNV4AaABAg.APU5MVu3I9RAPYABo-JuzO,comment,w_tCOgxXKwA,UgwTOECB-14wU-gkYNV4AaABAg,True,@Isclachau,Amazing is not a word I would associate with this car.,0,True
UgwVTgzgJ4ciQ6RioDF4AaABAg,comment,w_tCOgxXKwA,,False,@alanc2k1,"i enjoyed your video however i do wish you, and other similar presenters, would not drive constantly taking your eyes of the road to look into the camera  hands off steering wheel waving about. I know i sound boring but this is potentially dangerous",0,True
Ugz8I-jfJcRUA4ILzQB4AaABAg,comment,w_tCOgxXKwA,,False,@RamonGT,"The indicators' sound can be changed, Vehicle Settings --> Turn Signals",558,True
Ugz8I-jfJcRUA4ILzQB4AaABAg.APU1j4R6kLLAPWaKF1GeQS,comment,w_tCOgxXKwA,Ugz8I-jfJcRUA4ILzQB4AaABAg,True,@Wavewatcher1699,Problem is that also changes the outside low speed sound to something akin to an ice cream van 🤣,17,True
Ugz8I-jfJcRUA4ILzQB4AaABAg.APU1j4R6kLLAPY9sQQXYTd,comment,w_tCOgxXKwA,Ugz8I-jfJcRUA4ILzQB4AaABAg,True,@the_amazing_adventures_of_andy,"@Wavewatcher1699 After the last update, I was able to keep the indicator sounds and turn off the icecream truck music. I can't remember how i did it, though. It would be awesome to replace that music with music/sounds of our own choice.",35,True
Ugz8I-jfJcRUA4ILzQB4AaABAg.APU1j4R6kLLAPZlcZ0JbFp,comment,w_tCOgxXKwA,Ugz8I-jfJcRUA4ILzQB4AaABAg,True,@wwbren,"About time, all these new cars need to learn this trick. ALL.",13,True
Ugz8I-jfJcRUA4ILzQB4AaABAg.APU1j4R6kLLAPe3nMuDliC,comment,w_tCOgxXKwA,Ugz8I-jfJcRUA4ILzQB4AaABAg,True,@freefree1219,People may then change the music to their own yells 😅,7,True
Ugz8I-jfJcRUA4ILzQB4AaABAg.APU1j4R6kLLAPs5oGGw0HD,comment,w_tCOgxXKwA,Ugz8I-jfJcRUA4ILzQB4AaABAg,True,@NEAAFFAIRS,@freefree1219 gtf out of my way on repeat?😁,1,True
Ugz8I-jfJcRUA4ILzQB4AaABAg.APU1j4R6kLLAQIqy9mwAxE,comment,w_tCOgxXKwA,Ugz8I-jfJcRUA4ILzQB4AaABAg,True,@bumblerbumble9843,"Wouldn't it be neat if there was an option for it to say right, right right etc or left, left, left etc.",2,True
Ugz8I-jfJcRUA4ILzQB4AaABAg.APU1j4R6kLLARpRfK4cCwm,comment,w_tCOgxXKwA,Ugz8I-jfJcRUA4ILzQB4AaABAg,True,@turingleonhard5743,"For sure， there are many minor adjustments hidden in second settings, but most people forget to explore.",0,True
Ugz8I-jfJcRUA4ILzQB4AaABAg.APU1j4R6kLLAS532Aiy-c0,comment,w_tCOgxXKwA,Ugz8I-jfJcRUA4ILzQB4AaABAg,True,@vjthemad4852,Can we customize the sound? I want  President Trump’s voice,3,True
Ugz8I-jfJcRUA4ILzQB4AaABAg.APU1j4R6kLLASD2iWOLreg,comment,w_tCOgxXKwA,Ugz8I-jfJcRUA4ILzQB4AaABAg,True,@robinsonshawqx,@vjthemad4852 so turning left is Venezuela and right is Greenland,14,True
Ugz8I-jfJcRUA4ILzQB4AaABAg.APU1j4R6kLLASWD7HVCVYL,comment,w_tCOgxXKwA,Ugz8I-jfJcRUA4ILzQB4AaABAg,True,@MarkMa1979,@vjthemad4852 哈哈，你品味独 特,0,True
Ugz8I-jfJcRUA4ILzQB4AaABAg.APU1j4R6kLLATA2hzoaGh9,comment,w_tCOgxXKwA,Ugz8I-jfJcRUA4ILzQB4AaABAg,True,@TerryJackson-o5u,and thus the question........ did she really own this car? being a car pro reviewer?,1,True
Ugz8I-jfJcRUA4ILzQB4AaABAg.APU1j4R6kLLAVYEY3Az_N7,comment,w_tCOgxXKwA,Ugz8I-jfJcRUA4ILzQB4AaABAg,True,@petedavid5127,Wide tyres will reduce ride comfort,0,True
Ugz8I-jfJcRUA4ILzQB4AaABAg.APU1j4R6kLLAVkkAdA-mer,comment,w_tCOgxXKwA,Ugz8I-jfJcRUA4ILzQB4AaABAg,True,@HiruS22,"@petedavid5127  No it's the profile of the tyre that affects ride comfort, not the width",1,True
Ugz8I-jfJcRUA4ILzQB4AaABAg.APU1j4R6kLLAVkkHSrhsGy,comment,w_tCOgxXKwA,Ugz8I-jfJcRUA4ILzQB4AaABAg,True,@HiruS22,"@TerryJackson-o5u  Of course not, she makes clear it was a long term loan like any other car journalist",1,True
Ugz8I-jfJcRUA4ILzQB4AaABAg.APU1j4R6kLLAVkkOFLGi0R,comment,w_tCOgxXKwA,Ugz8I-jfJcRUA4ILzQB4AaABAg,True,@HiruS22,"@vjthemad4852  ""Warning - peedo approaching!""",0,True
Ugz8I-jfJcRUA4ILzQB4AaABAg.APU1j4R6kLLAVm1GL6feRf,comment,w_tCOgxXKwA,Ugz8I-jfJcRUA4ILzQB4AaABAg,True,@RylanStorm,​@vjthemad4852They considered it briefly but then decided they didn't want their car to sound like an 80 year old smoker mouth-sexing a helium balloon.,2,True
Ugz8I-jfJcRUA4ILzQB4AaABAg.APU1j4R6kLLAXgJ29eXdam,comment,w_tCOgxXKwA,Ugz8I-jfJcRUA4ILzQB4AaABAg,True,@davidbaughman6242,"@vjthemad4852
🙄 🤮",0,True
Ugz8I-jfJcRUA4ILzQB4AaABAg.APU1j4R6kLLAYKU3dhuYK8,comment,w_tCOgxXKwA,Ugz8I-jfJcRUA4ILzQB4AaABAg,True,@Island_Bag,@RylanStormgood one😂.,0,True
Ugz8I-jfJcRUA4ILzQB4AaABAg.APU1j4R6kLLAYKU7AktueU,comment,w_tCOgxXKwA,Ugz8I-jfJcRUA4ILzQB4AaABAg,True,@Island_Bag,@davidbaughman6242it would give me a good laugh,0,True
UgxXLRA95qp_4ggUvTp4AaABAg,comment,w_tCOgxXKwA,,False,@crm114.,"So, no one pedal driving mode.  Silly and a deal breaker for me.",0,True
UgxXLRA95qp_4ggUvTp4AaABAg.APU1997Lhf0APUgV9cW21s,comment,w_tCOgxXKwA,UgxXLRA95qp_4ggUvTp4AaABAg,True,@RalphLearmont,Applying the brake when cruising activates regenerative breaking in the same way as one pedal driving does.  The brake pedal then resorts to friction braking once the speed is quite slow.   Meaning efficiency-wise there's no difference.,0,True
UgxXLRA95qp_4ggUvTp4AaABAg.APU1997Lhf0APYwk2UVUKh,comment,w_tCOgxXKwA,UgxXLRA95qp_4ggUvTp4AaABAg,True,@crm114.,"@RalphLearmontBut it’s just a lot less convenient having to touch the brake pedal constantly in, for example, queuing traffic.",1,True
UgwfphMvG_L_ES79GvZ4AaABAg,comment,w_tCOgxXKwA,,False,@therealb4nd1t4,"You can adjust the indicator sound by navigating to the ""Vehicle Settings"" on the infotainment system, finding the ""Turn Signals"" or ""Vehicle Prompt Volume"" option, and then selecting a lower volume level.",50,True
UgwfphMvG_L_ES79GvZ4AaABAg.APU1-d1shJbAPVV0ejVF-o,comment,w_tCOgxXKwA,UgwfphMvG_L_ES79GvZ4AaABAg,True,@manoman0,At BMW you can pay a monthly subscription for seat heating.,8,True
UgwfphMvG_L_ES79GvZ4AaABAg.APU1-d1shJbAPYLOHnC7Hp,comment,w_tCOgxXKwA,UgwfphMvG_L_ES79GvZ4AaABAg,True,@GrahamReid34,​@manoman0same with Audi,2,True
UgyqSJzJ8TL5vFP2ouJ4AaABAg,comment,w_tCOgxXKwA,,False,@mrp5169,Do they charge extra for 5 chins?,0,True
UgyJQssXDwwQVLFBz-R4AaABAg,comment,w_tCOgxXKwA,,False,@SavvyProgress,"As a BYD Seal U owner, who test drove and didn't care for the Seal, your review makes me want to go back and do another test drive. Main complaints back then was: The lack of a proper instrument cluster, middle armrest was poor build quality and the massive box around the rearview mirror impeded vision too much. Also the ride was really firm, but perhaps squishy tires are the answer.",1,True
UgzUnsHFxLnH_3I93Vl4AaABAg,comment,w_tCOgxXKwA,,False,@L-am-Ch0p,"Had mine a month, love it. All black is the best colour. Launching from 10mph is when it gets your tummy and the blood in your head ends up in the back of your skull! 😊",4,True
UgzUnsHFxLnH_3I93Vl4AaABAg.APU0e9XfB5iAPWwKTRuyrt,comment,w_tCOgxXKwA,UgzUnsHFxLnH_3I93Vl4AaABAg,True,@Lucpol1986,Never had that feeling in the Model X P (which is much faster)…. Glad you are enjoying it 👍🏾,1,True
UgzUnsHFxLnH_3I93Vl4AaABAg.APU0e9XfB5iAPYA5pTVwdB,comment,w_tCOgxXKwA,UgzUnsHFxLnH_3I93Vl4AaABAg,True,@Isclachau,It looks awful in black.. Are you viewing it at night.	😂,0,True
UgxCYdN4cQjtJi3AgEx4AaABAg,comment,w_tCOgxXKwA,,False,@adyb5438,"I don't know if it's my age but I spend 99% of my time in Eco as the car (was Smart#1, now Genesis GV60) is still plenty fast enough when joining fast A road/motorway. The only time I put it (briefly) in Sport mode was on the test drive!",0,True
Ugyrodg3XltnYWeOXeN4AaABAg,comment,w_tCOgxXKwA,,False,@petersort2192,its a Tesla modle 3,1,True
UgxHusWXxRqbcwXViq94AaABAg,comment,w_tCOgxXKwA,,False,@reonbarrett5546,These in NZ are 80 which is 40 in England,0,True
UgxuVVOwOD2PPMVY3TV4AaABAg,comment,w_tCOgxXKwA,,False,@Whoracle8531,Pretty sure this version is already outdated. There is a 800V charging newer version that is even better..,0,True
UgwE7Oj3xaC4GBGaBJV4AaABAg,comment,w_tCOgxXKwA,,False,@dr_electrick,"The Brits were known for their honest car reviews; unfortunately, even they’ve become money’s bitch.",0,True
UgwwJKmh4M4bCSegVHN4AaABAg,comment,w_tCOgxXKwA,,False,@pauljarman7452,How does someone have so much energy every time see @nicolahume your buzzing think them redbulls work 😂! Love the reviews funny but informative,1,True
UgzxIpzDDtCruxZFsmZ4AaABAg,comment,w_tCOgxXKwA,,False,@HarryJamesBooks,There's cheap ones in Australia - BYD dumped thousands of them they couldn't sell in a country car park to rot. Don't believe me? Google it.,0,True
Ugy6gNOhUU0i594lPQ94AaABAg,comment,w_tCOgxXKwA,,False,@USUG0,"14:35 the math is indeed mathing. Most EVs exceed the wltp range when driven at moderate speed like in the countryside. In this case, the Seal, that has an estimated usable battery of about 81kWh, returns a range of about 348 miles. And, using about 20% more energy than a M3P in same driving conditions, though.
A BYD Sealion with same battery, driven in Thailand at mostly constant speeds of 70-80km/h, 30celsius, exceeded its wltp range of a whopping 40%!",2,True
UgxK1AdXrvRlAUHZ-RF4AaABAg,comment,w_tCOgxXKwA,,False,@jamesengland7461,Fun video! As always,2,True
UgyrbGeiqFbRnEZG3Z94AaABAg,comment,w_tCOgxXKwA,,False,@mrpullafastone,She claustrophobic lol,0,True
UgyMYJPpnhNYWdFJ_1F4AaABAg,comment,w_tCOgxXKwA,,False,@IanWestwood-b4g,"Hello Nicola, it is annoying when someone hits your car with a trolley, so your rear glass light is to be fixed, it's bad people that do it. Any way I have seen the new NIO cars from China the ES7is a nice car & the ES6 SUVS they are very nice in hope you can look at them the range is 6 cars the is a new ES8 long SUV coming to the UK end of December or January, do look at them see what you think.",1,True
UgxNueZauImGCotRqHh4AaABAg,comment,w_tCOgxXKwA,,False,@EliotHochberg,"at the end of the day, I don't want my car to be a phone. Why? Because smart phones can really suck, and when something goes wrong, it ruins your day. When that happens with a car? It might ruin your week.

That said, if you're going to make a car be a phone, why doesn't every car allow you to customize the screen?

I should be able to put my most used functions where I can see and reach them most easily.

And while we're at it, if you're gonna just stick a tablet onto the car, let me put it where I want to.

I think maybe slate is starting to do something like this, but I also should be able to buy third-party devices that give me physical buttons to activate my most common functions.

Why isn't this a thing?",0,True
UgzRCPbgkjj-Ayg7RxZ4AaABAg,comment,w_tCOgxXKwA,,False,@antwango,"these will only get better.... theyve knocked it out of the park tbf considering their first foray internationally! Essentially the UX UI stuff will just update over time just like your phone and youll just get used to it and love it like your phone.... now imagine all of that with bells and whistles like mood lighting and recognising which driver is in the seat! etc

In China these are just normal cars, once you get into their mid range premium probably our high premium stuff..... theyll have massaging seats and what not..... in the UK theyll probably seperate all the extras to nickel and dime you so you end up paying 4x for a car you can get for 1/4 of the price!

This is their entry level stuff! Look at their Yangwangs, Denza's, Zeekrs, Xpengs! I so want a robot girl friend!!!! And a flying car that plops out the back!!!! 

i never want to visit a frikking garage again and be told this and this is abit dodgy and needs looking at knowing theyre taking the P! Or wheel alignments dodgy, needs something a nut replacing £500 please! and 2 days! We need to book you in!

Yup i hate humans XDDD",0,True
UgzTjCNyb3DcLHTNebF4AaABAg,comment,w_tCOgxXKwA,,False,@midlifecrisistheportugalye6682,I will never buy this car but I think your reviews are hilarious 😂,6,True
UgyHaBcN_XI7hqSm1-B4AaABAg,comment,w_tCOgxXKwA,,False,@planetfall-0_0,"Mine arrives next week. Can't wait! Atlantis Grey (blue).
Great lease deals at the moment.",36,True
UgyHaBcN_XI7hqSm1-B4AaABAg.APTyD2I6I0UAPU0vc-T_wA,comment,w_tCOgxXKwA,UgyHaBcN_XI7hqSm1-B4AaABAg,True,@mrp5169,Can I ask what your Deal was please?,1,True
UgyHaBcN_XI7hqSm1-B4AaABAg.APTyD2I6I0UAPU61kvxB4Y,comment,w_tCOgxXKwA,UgyHaBcN_XI7hqSm1-B4AaABAg,True,@zog97xy,A fool and his money...............................................,3,True
UgyHaBcN_XI7hqSm1-B4AaABAg.APTyD2I6I0UAPU9eLM6jeK,comment,w_tCOgxXKwA,UgyHaBcN_XI7hqSm1-B4AaABAg,True,@johnhumphreys9887,​@mrp5169the best I've seen was £299/month for this 4wd model over 36 months with 12 months down.  I was tempted until I got an insurance quote and soon started looking at the Ioniq 6 AWD.,0,True
UgyHaBcN_XI7hqSm1-B4AaABAg.APTyD2I6I0UAPVc06TTxW-,comment,w_tCOgxXKwA,UgyHaBcN_XI7hqSm1-B4AaABAg,True,@planetfall-0_0,"@mrp5169 3 years, 8k/yr, £450.94/month no upfront. Works out cheaper than the MG4 that I'm replacing.",0,True
UgyHaBcN_XI7hqSm1-B4AaABAg.APTyD2I6I0UAPYYb34btxq,comment,w_tCOgxXKwA,UgyHaBcN_XI7hqSm1-B4AaABAg,True,@planetfall-0_0,​@mrp5169 £450/month no upfront 3 years 8k miles. Works out cheaper than the MG4 lease that I'm replacing.,0,True
UgyHaBcN_XI7hqSm1-B4AaABAg.APTyD2I6I0UAPZbvJx2YQ8,comment,w_tCOgxXKwA,UgyHaBcN_XI7hqSm1-B4AaABAg,True,@harishpurmah9366,@planetfall-0_0where from please?,0,True
UgyHaBcN_XI7hqSm1-B4AaABAg.APTyD2I6I0UAPddFv7iEpF,comment,w_tCOgxXKwA,UgyHaBcN_XI7hqSm1-B4AaABAg,True,@topfuelteddy,​@zog97xyBut it's only 450 quid a month and his neighbours will be so impressed with him.,0,True
UgyHaBcN_XI7hqSm1-B4AaABAg.APTyD2I6I0UAPi9M7ELPN0,comment,w_tCOgxXKwA,UgyHaBcN_XI7hqSm1-B4AaABAg,True,@jdmguy44,​@zog97xyThey live amongst us...,0,True
UgyHaBcN_XI7hqSm1-B4AaABAg.APTyD2I6I0UAVCyBldgPeN,comment,w_tCOgxXKwA,UgyHaBcN_XI7hqSm1-B4AaABAg,True,@NightingalePrime,@zog97xy Projection.,2,True
UgzFauIpnb6zR_Wa4T54AaABAg,comment,w_tCOgxXKwA,,False,@stephenhall5112,Great honest review. I have owned same for two months only white in colour. Paid 35k for 25 plate ex demonstrator with 2k miles. Absolutely amazing car.,8,True
UgzFauIpnb6zR_Wa4T54AaABAg.APTyAoa-gh5APTzsuD16lw,comment,w_tCOgxXKwA,UgzFauIpnb6zR_Wa4T54AaABAg,True,@HarryJamesBooks,4 digit username chinkybot,0,True
UgxAzysW74JVPKN6f8d4AaABAg,comment,w_tCOgxXKwA,,False,@sammy0084,"Did you try the optional turning signal sounds? I don’t like them much, but your own sound demonstration reminded me of those :D",1,True
UgysTNx-H5z5KGml_ZB4AaABAg,comment,w_tCOgxXKwA,,False,@Sjalabais,"Love the adaptive widgets. Can you have two profiles for two drivers? I haven't driven a BYD which I really liked yet, feels like they all wallow a little.",1,True
UgxQFlnBTg8mwpPxB5x4AaABAg,comment,w_tCOgxXKwA,,False,@PThree-ru7gl,"Nicola, I am a mid fifties bloke, I have seen all the presenters and honestly you are a breath of fresh air. Absolutely brilliant and I love it.",795,True
UgxQFlnBTg8mwpPxB5x4AaABAg.APTwc0Z6DqwAPU4Ngd364F,comment,w_tCOgxXKwA,UgxQFlnBTg8mwpPxB5x4AaABAg,True,@Riccardo_Mori,Came here to say exactly this.,14,True
UgxQFlnBTg8mwpPxB5x4AaABAg.APTwc0Z6DqwAPUE9hSMC97,comment,w_tCOgxXKwA,UgxQFlnBTg8mwpPxB5x4AaABAg,True,@orion789,She really is adorable. Totally attractive as a result too.,18,True
UgxQFlnBTg8mwpPxB5x4AaABAg.APTwc0Z6DqwAPUHv2nDmOm,comment,w_tCOgxXKwA,UgxQFlnBTg8mwpPxB5x4AaABAg,True,@princesspooch3,​@ArmMon10000that is exactly what 99.9% of the dullard cohort have been saying too! 👏👏👏,0,True
UgxQFlnBTg8mwpPxB5x4AaABAg.APTwc0Z6DqwAPUHvMl4VbM,comment,w_tCOgxXKwA,UgxQFlnBTg8mwpPxB5x4AaABAg,True,@Truthbomb918,I find her utterly annoying,27,True
UgxQFlnBTg8mwpPxB5x4AaABAg.APTwc0Z6DqwAPUMaPiyeKH,comment,w_tCOgxXKwA,UgxQFlnBTg8mwpPxB5x4AaABAg,True,@princesspooch3,​@Truthbomb918you already said you were a dullard! Heard you the 1st time!!!,0,True
UgxQFlnBTg8mwpPxB5x4AaABAg.APTwc0Z6DqwAPUPSO3dBDL,comment,w_tCOgxXKwA,UgxQFlnBTg8mwpPxB5x4AaABAg,True,@Nickbaldeagle02,I'm also a mid fifties bloke and I reckon Nicola would be too much for both of us.,13,True
UgxQFlnBTg8mwpPxB5x4AaABAg.APTwc0Z6DqwAPVUPDXk_c-,comment,w_tCOgxXKwA,UgxQFlnBTg8mwpPxB5x4AaABAg,True,@adriancarey7848,"Stop objectifying Nicola, she is gorgeous, love to have a ride in it, Nicola not bad either😅",0,True
UgxQFlnBTg8mwpPxB5x4AaABAg.APTwc0Z6DqwAPVjsDPr1FY,comment,w_tCOgxXKwA,UgxQFlnBTg8mwpPxB5x4AaABAg,True,@cheungchingtong,"I do think through this video, I do get to know her way more, especially all those little strange habits she got, hole phobia and road rage.😅",8,True
UgxQFlnBTg8mwpPxB5x4AaABAg.APTwc0Z6DqwAPVmYKLrb_j,comment,w_tCOgxXKwA,UgxQFlnBTg8mwpPxB5x4AaABAg,True,@borjastick,@Truthbomb918 Trying to be a modern day Top Gear presenter and failing epically. Not funny and very easy to switch off which I am doing right now.,13,True
UgxQFlnBTg8mwpPxB5x4AaABAg.APTwc0Z6DqwAPWGAUcGJFb,comment,w_tCOgxXKwA,UgxQFlnBTg8mwpPxB5x4AaABAg,True,@autodigitvlogs,​@borjastick you switch off and many more switch on. All the Top Gear dreamers need to realize its not coming back. Online generates more money!,6,True
UgxQFlnBTg8mwpPxB5x4AaABAg.APTwc0Z6DqwAPWIyOxpaOt,comment,w_tCOgxXKwA,UgxQFlnBTg8mwpPxB5x4AaABAg,True,@Nam3Iess,Same :),7,True
UgxQFlnBTg8mwpPxB5x4AaABAg.APTwc0Z6DqwAPXrTjKyNK5,comment,w_tCOgxXKwA,UgxQFlnBTg8mwpPxB5x4AaABAg,True,@richgl31,@Nickbaldeagle02made it a little bit weird….,10,True
UgxQFlnBTg8mwpPxB5x4AaABAg.APTwc0Z6DqwAPY6k62xv8c,comment,w_tCOgxXKwA,UgxQFlnBTg8mwpPxB5x4AaABAg,True,@TeaVR,Yep - love the dry sense of humour.,9,True
UgxQFlnBTg8mwpPxB5x4AaABAg.APTwc0Z6DqwAPY9rl3WHOD,comment,w_tCOgxXKwA,UgxQFlnBTg8mwpPxB5x4AaABAg,True,@Isclachau,Sounds like a pervert,0,True
UgxQFlnBTg8mwpPxB5x4AaABAg.APTwc0Z6DqwAPZ3QNqACjH,comment,w_tCOgxXKwA,UgxQFlnBTg8mwpPxB5x4AaABAg,True,@carps194,Such an energetic review.  Thank you !,10,True
UgxQFlnBTg8mwpPxB5x4AaABAg.APTwc0Z6DqwAPcYjTC_t7o,comment,w_tCOgxXKwA,UgxQFlnBTg8mwpPxB5x4AaABAg,True,@charaznable1131,Keep it in your pants mate,0,True
UgxQFlnBTg8mwpPxB5x4AaABAg.APTwc0Z6DqwAPe1BmCx3M-,comment,w_tCOgxXKwA,UgxQFlnBTg8mwpPxB5x4AaABAg,True,@ulyssesgunt,@richgl31certainly uncalled for …,5,True
UgxQFlnBTg8mwpPxB5x4AaABAg.APTwc0Z6DqwAPetM3Bl9xV,comment,w_tCOgxXKwA,UgxQFlnBTg8mwpPxB5x4AaABAg,True,@Sulu-d4r,Same. This is a *brilliant* review. Well done!,6,True
UgxQFlnBTg8mwpPxB5x4AaABAg.APTwc0Z6DqwAPiNcpBKakO,comment,w_tCOgxXKwA,UgxQFlnBTg8mwpPxB5x4AaABAg,True,@PThree-ru7gl,@Nickbaldeagle02 🤣🤣,3,True
UgxQFlnBTg8mwpPxB5x4AaABAg.APTwc0Z6DqwAQN7Bjl7Nac,comment,w_tCOgxXKwA,UgxQFlnBTg8mwpPxB5x4AaABAg,True,@HannahsFlipflop,"Definitely need more of Nic, loving the sense of humour.",6,True
UgxQFlnBTg8mwpPxB5x4AaABAg.APTwc0Z6DqwAQWO9X2FywA,comment,w_tCOgxXKwA,UgxQFlnBTg8mwpPxB5x4AaABAg,True,@smokytoji,Ok simp,0,True
UgxQFlnBTg8mwpPxB5x4AaABAg.APTwc0Z6DqwARVIqKiKB-B,comment,w_tCOgxXKwA,UgxQFlnBTg8mwpPxB5x4AaABAg,True,@nicholasguthaux4668,"Hello, Nicola here, thanks for the comment",6,True
UgxQFlnBTg8mwpPxB5x4AaABAg.APTwc0Z6DqwARcpTnDxTwu,comment,w_tCOgxXKwA,UgxQFlnBTg8mwpPxB5x4AaABAg,True,@luciasattzs3484,Love your stylish presentation and  personality and atd,2,True
UgxQFlnBTg8mwpPxB5x4AaABAg.APTwc0Z6DqwAS17QXpadfO,comment,w_tCOgxXKwA,UgxQFlnBTg8mwpPxB5x4AaABAg,True,@gazmania6752,"Agree completely. Nice to see someone with personality, fun and enthusiasm presenting instead of some boring old guy with no personality talking specs  😅",5,True
UgxQFlnBTg8mwpPxB5x4AaABAg.APTwc0Z6DqwAS9RZ51Ycjo,comment,w_tCOgxXKwA,UgxQFlnBTg8mwpPxB5x4AaABAg,True,@muramasa010,unc stop gooning to young women😂,0,True
UgxQFlnBTg8mwpPxB5x4AaABAg.APTwc0Z6DqwASI0Tdg1GOP,comment,w_tCOgxXKwA,UgxQFlnBTg8mwpPxB5x4AaABAg,True,@meagainandagain5756,"@Tru@Truthbomb918 Why would that be?  Being 🇨🇦, the accent is so interesting to me. I will remember this review.",0,True
UgxQFlnBTg8mwpPxB5x4AaABAg.APTwc0Z6DqwASbEc5-_xvr,comment,w_tCOgxXKwA,UgxQFlnBTg8mwpPxB5x4AaABAg,True,@Iamppp,"She won’t let you smash bro, chill",0,True
UgxQFlnBTg8mwpPxB5x4AaABAg.APTwc0Z6DqwAT5FNk8n4HN,comment,w_tCOgxXKwA,UgxQFlnBTg8mwpPxB5x4AaABAg,True,@ScottKelly-i3i,"Funny, I was just thinking the same. Love the stress ball idea, using the door handle. Never herd another presenter mention that 😂",1,True
UgxQFlnBTg8mwpPxB5x4AaABAg.APTwc0Z6DqwATCK0eY9rmd,comment,w_tCOgxXKwA,UgxQFlnBTg8mwpPxB5x4AaABAg,True,@Tinker1950,"Oo no, I'm not keen on girls with trypophobia. 😆",0,True
UgxQFlnBTg8mwpPxB5x4AaABAg.APTwc0Z6DqwATe8uAJTMIx,comment,w_tCOgxXKwA,UgxQFlnBTg8mwpPxB5x4AaABAg,True,@dannydoorod,Horny goat weed + Mid life crisis....,1,True
UgxQFlnBTg8mwpPxB5x4AaABAg.APTwc0Z6DqwAUlR54OCxN8,comment,w_tCOgxXKwA,UgxQFlnBTg8mwpPxB5x4AaABAg,True,@beri232,I’m in my mid fifties also. I would also give her a poke! 1:07 her fart noises really stand me up at full-attention!,2,True
UgxQFlnBTg8mwpPxB5x4AaABAg.APTwc0Z6DqwAUvry4oS5AE,comment,w_tCOgxXKwA,UgxQFlnBTg8mwpPxB5x4AaABAg,True,@kennethcoughlan,"Ya test drove it yesterday, it's a beauty to be honest well finished and well priced and looks sleak too",0,True
UgxQFlnBTg8mwpPxB5x4AaABAg.APTwc0Z6DqwAUvt4fkEjhy,comment,w_tCOgxXKwA,UgxQFlnBTg8mwpPxB5x4AaABAg,True,@dannydoorod,​@kennethcoughlanpicked mine up 2 days ago... Not disappointed. Go get one lad.,1,True
UgxQFlnBTg8mwpPxB5x4AaABAg.APTwc0Z6DqwAV8eL66AxpD,comment,w_tCOgxXKwA,UgxQFlnBTg8mwpPxB5x4AaABAg,True,@MaxBorge,I want a coffee with her,0,True
UgxQFlnBTg8mwpPxB5x4AaABAg.APTwc0Z6DqwAVHya-MkKyv,comment,w_tCOgxXKwA,UgxQFlnBTg8mwpPxB5x4AaABAg,True,@otisbiz,​@beri232oh my god haha 😂,0,True
UgxQFlnBTg8mwpPxB5x4AaABAg.APTwc0Z6DqwAWq0GD_2qhM,comment,w_tCOgxXKwA,UgxQFlnBTg8mwpPxB5x4AaABAg,True,@UKbiker73,"I’m 53, I felt compelled to comment which is something I rarely do. I was delighted to see your comment as I felt exactly the same. Bring back Top Gear and hire Nicola for all ev reviews. Always delivers the info you want in a real world situation in an entertaining way, perfect.",1,True
UgxQFlnBTg8mwpPxB5x4AaABAg.APTwc0Z6DqwAXXiRsV8VaH,comment,w_tCOgxXKwA,UgxQFlnBTg8mwpPxB5x4AaABAg,True,@playmoments4672,"So, are you going to propose to her or not? Jezzzz",0,True
UgxQFlnBTg8mwpPxB5x4AaABAg.APTwc0Z6DqwAYVDVg4sqXw,comment,w_tCOgxXKwA,UgxQFlnBTg8mwpPxB5x4AaABAg,True,@michaeldoherty4221,I bet she is nutter when she had a bevvy.   errr her laugh when in the boot was mental...😂😂   Great presenter❤,0,True
UgxQFlnBTg8mwpPxB5x4AaABAg.APTwc0Z6DqwAYX2HqQMl99,comment,w_tCOgxXKwA,UgxQFlnBTg8mwpPxB5x4AaABAg,True,@UKbiker73,"@Truthbomb918so does my wife, that’s why I watch all her reviews streamed on the big tv to annoy her.",0,True
UgxQFlnBTg8mwpPxB5x4AaABAg.APTwc0Z6DqwAYZIwfhrMPd,comment,w_tCOgxXKwA,UgxQFlnBTg8mwpPxB5x4AaABAg,True,@Truthbomb918,​@UKbiker73I like how you think,0,True
UgywPWn1ylbxoNGA7Od4AaABAg,comment,w_tCOgxXKwA,,False,@charleshulsey3103,Bring back sedans!!!!!❤,1,True
UgwBl6DrrPREwaYFPiJ4AaABAg,comment,w_tCOgxXKwA,,False,@mikadavies660,"Sorry BYD, not interested. I will be holding onto my current car UNTIL Tesla have their FSD approved in UK/Europe. 
Then any brand that is not Tesla will not have FSD and will not have any residual value.",0,True
UgwBl6DrrPREwaYFPiJ4AaABAg.APTw3lQNoypAPTxkE2_i2f,comment,w_tCOgxXKwA,UgwBl6DrrPREwaYFPiJ4AaABAg,True,@Jacob_Tulipa,LOL,4,True
UgwYu59VZsB8-HzLZvp4AaABAg,comment,w_tCOgxXKwA,,False,@misreb1,Looks good indeed. One of the most good looking sedan in the ev market. I must say the one pedal driving is a disappointing omission. Definitely a more special interior than the Tesla. Model 3 though seems more airy (basically it is all glass somehow). Still BMW i4 40 is the best choice in my personal opinion,1,True
UgwYu59VZsB8-HzLZvp4AaABAg.APTvvxCwhFFAPTzgDiB3_k,comment,w_tCOgxXKwA,UgwYu59VZsB8-HzLZvp4AaABAg,True,@Lewis_Standing,Tesla gets 25% better mpg though,0,True
UgwYu59VZsB8-HzLZvp4AaABAg.APTvvxCwhFFAPU3zJVxilV,comment,w_tCOgxXKwA,UgwYu59VZsB8-HzLZvp4AaABAg,True,@HiruS22,@Lewis_StandingThere are petrol Teslas??,0,True
UgzwEZ_Bo5hr6zRIMpN4AaABAg,comment,w_tCOgxXKwA,,False,@mikadavies660,"First thing first.... It looks generic! 👎
Secondly, the Government has just screwed ALL new  BEV purchases.... with their 3p per mile ON TOP OF ROAD TAX and luxury car tax...👎👎👎
Why buy anything NEW, when you can hold onto your 10yr old diesel for another 5 or 10 years.",0,True
UgxM-Ed-ZnFg47UNDht4AaABAg,comment,w_tCOgxXKwA,,False,@Andy-zi1wj,Just need to remember those range figures are from warmer weather as we haven't had any cold weather in the last 5 months expect around 200 miles motorway when  cold.,0,True
UgxM-Ed-ZnFg47UNDht4AaABAg.APTvQDolPEqAPTyieZSh2C,comment,w_tCOgxXKwA,UgxM-Ed-ZnFg47UNDht4AaABAg,True,@stephenhall5112,243 miles in winter. Whatcar and Carwow range tests on youtube,1,True
UgxM-Ed-ZnFg47UNDht4AaABAg.APTvQDolPEqAPZ8RpVBs0R,comment,w_tCOgxXKwA,UgxM-Ed-ZnFg47UNDht4AaABAg,True,@Andy-zi1wj,​@stephenhall5112were they not the rwd seal not the awd,0,True
UgwSIzO1WLZ2Rgf9T-p4AaABAg,comment,w_tCOgxXKwA,,False,@andrecrawford7720,If you didn't know you can double press a comment to like and triple press to reply.... Your welcome,30,True
UgwSIzO1WLZ2Rgf9T-p4AaABAg.APTvLs-DFW-APUBgTxZfH1,comment,w_tCOgxXKwA,UgwSIzO1WLZ2Rgf9T-p4AaABAg,True,@TerryJackson-o5u,nob ed,0,True
UgzRxtXnQpHUFfdnPTF4AaABAg,comment,w_tCOgxXKwA,,False,@robsmith1a,"I find it odd that journalists make such a thing about climate controls not being easily accessible. I bought my car in March, set it then and haven't touched it since other than putting the demister on and that's a voice command anyway although in my car there's also a button",1,True
UgwsvrtUPUZYCojGYL94AaABAg,comment,w_tCOgxXKwA,,False,@Mr.SneakyShadow,"Really... a tesco car park and the car gets damaged at the back....

Honestly that's the most accurate thing I've heard, 

When I had my first car in the uk, Went to tesco parked a huge distance with no one next to me, 

Was in tesco for 10 minutes and got back to my car and someone cracked my bumper, 

Now in 2025 the issue is every car is an Suv, So the damage will be higher up on the back, 

Does that byd have any camera sentry mode to fine out who hit the car?,",0,True
UgwsvrtUPUZYCojGYL94AaABAg.APTupmSoQ-wAPTvYeoYl4O,comment,w_tCOgxXKwA,UgwsvrtUPUZYCojGYL94AaABAg,True,@jamesengland7461,30 odd years ago someone hit our driver's side door with their car so hard it moved the car sideways in the grocery car park space.,0,True
UgwsvrtUPUZYCojGYL94AaABAg.APTupmSoQ-wAPUA-C_mI60,comment,w_tCOgxXKwA,UgwsvrtUPUZYCojGYL94AaABAg,True,@johnhumphreys9887,Order home delivery. Hopefully the food truck won't crash into your car.,0,True
UgzEv0DbIcKqAc_2pfR4AaABAg,comment,w_tCOgxXKwA,,False,@michaellord2844,Seal or the MG IM5 Nicola??,1,True
UgzEv0DbIcKqAc_2pfR4AaABAg.APTumAtwSVlAPTy-69HMJT,comment,w_tCOgxXKwA,UgzEv0DbIcKqAc_2pfR4AaABAg,True,@Jacob_Tulipa,BYD.,0,True
UgzEv0DbIcKqAc_2pfR4AaABAg.APTumAtwSVlAPTzse3qYDh,comment,w_tCOgxXKwA,UgzEv0DbIcKqAc_2pfR4AaABAg,True,@Lewis_Standing,Boots better in the IM5,0,True
UgweIYh8N5T35xAntNl4AaABAg,comment,w_tCOgxXKwA,,False,@coldfire30,"Sorry bust fast charging is NOT decent in this car. Although the numbers look alright on paper, it takes almost 40 minutes for 10 - 80% this is no longer competitive in year 2025.",1,True
UgweIYh8N5T35xAntNl4AaABAg.APTuk8nLCZ6APU-X24IhWY,comment,w_tCOgxXKwA,UgweIYh8N5T35xAntNl4AaABAg,True,@Whoracle8531,"I don't really understand, there is a newer version of this car available with 800V charging that does it insanely fast. The tested version is outdated.",0,True
UgweIYh8N5T35xAntNl4AaABAg.APTuk8nLCZ6APU3cMzMZoV,comment,w_tCOgxXKwA,UgweIYh8N5T35xAntNl4AaABAg,True,@Icefeldt,​@Whoracle8531The 800V version you mention is only available in China (for over a year now). So this version here is the only relevant one for us.,0,True
UgweIYh8N5T35xAntNl4AaABAg.APTuk8nLCZ6APVcPdS0Vcn,comment,w_tCOgxXKwA,UgweIYh8N5T35xAntNl4AaABAg,True,@coldfire30,@Whoracle8531 Really? Never saw a review of that. A Seal with with 800V would my top target as new car for next year.,0,True
UgzlgHQF6Cs7Jh7M72B4AaABAg,comment,w_tCOgxXKwA,,False,@matobi91,"Had one for 8 months. Did a journey from just below Newcastle to Cornwall and back, one charge stop needed each way (tho I have the RW version). Wish full one peddle was a thing apart from that no real complaints. (Also you can change the cruise speed individually if you hold up or down on the change speed button)",42,True
UgzlgHQF6Cs7Jh7M72B4AaABAg.APTucLxCxvLAPVNpKMmBcx,comment,w_tCOgxXKwA,UgzlgHQF6Cs7Jh7M72B4AaABAg,True,@cliveharrington1553,Can you advise the average efficiency over that time?,1,True
UgzzL5DysosMj060ZHJ4AaABAg,comment,w_tCOgxXKwA,,False,@MartinzW,"Likely wireless charging is 10w. And you said you use Carplay religiously. Iphones and many Android phones are not thermally well designed to handle Carplay/AA while wireless charging. So you end up not seeing your phone charged and it heating up like coal. Try putting your phone on the wireless charger without carplay turned on (disable it from phone) and you will see that it slowly charges.

Same issue is for many car manufacturers as the old wireless standard is 10w.",5,True
UgzzL5DysosMj060ZHJ4AaABAg.APTuXvxEa4sAPUyDC6uYeu,comment,w_tCOgxXKwA,UgzzL5DysosMj060ZHJ4AaABAg,True,@tommilk4888,50W,0,True
UgzzL5DysosMj060ZHJ4AaABAg.APTuXvxEa4sAPVAL4I--wD,comment,w_tCOgxXKwA,UgzzL5DysosMj060ZHJ4AaABAg,True,@MartinzW,"​@tommilk4888if it's really 50w then iPhone's cooling simply can't handle it and it stops charging when overheating while Carplay is in use. And it seems iphones only support 15w at most so even if it's charging, it's slow. Should have bought Xiaomi - ever since switching to Xiamoi 15T Pro, I haven't had any cooling issues even with AA and it can take 50w wireless charging.",0,True
UgzzL5DysosMj060ZHJ4AaABAg.APTuXvxEa4sASZIUmJ9PSA,comment,w_tCOgxXKwA,UgzzL5DysosMj060ZHJ4AaABAg,True,@Nauticalimage,No the problem is it charges at 50w and iPhone won’t accept a 50w it needs to be lower than 25 watts to work,0,True
UgzzL5DysosMj060ZHJ4AaABAg.APTuXvxEa4sASZJ5LaRWnc,comment,w_tCOgxXKwA,UgzzL5DysosMj060ZHJ4AaABAg,True,@MartinzW,"​@Nauticalimageiphone can and will take the maximum it can which is 10w. Rest of the power does not get transformed in heat. Fault is in how modern phones cool themselves. 10 years ago wireless charging was not a problem, phones did not overheat from it, it's today when every phone company wants maximum performance numbers sacrificing cooling.",0,True
Ugy50bCkkh5morVS98Z4AaABAg,comment,w_tCOgxXKwA,,False,@antoniopalmero4063,"Nicola is clearly nuts , but in the nicest way possible .😂",4,True
UgzDnpZISHIYif4Y_ih4AaABAg,comment,w_tCOgxXKwA,,False,@larsnrregaard6610,"ADHD,,,,,,,",0,True
UgybijNv2ja-rWfhiEF4AaABAg,comment,w_tCOgxXKwA,,False,@paulfrost3501,"I did spot a sleek black something parked up a few months ago & when I passed it the following day, I realised it was a Seal. A head turner for sure in black.",16,True
UgybijNv2ja-rWfhiEF4AaABAg.APTtATDKEezAPUTSHCVSEd,comment,w_tCOgxXKwA,UgybijNv2ja-rWfhiEF4AaABAg,True,@mistermister1140,It's possibly even more striking in the white as the black accents stand out more,3,True
UgybijNv2ja-rWfhiEF4AaABAg.APTtATDKEezAPV8HavWAs5,comment,w_tCOgxXKwA,UgybijNv2ja-rWfhiEF4AaABAg,True,@steelnutsack84,"Did you have to hit it with the trolley though, Paul?",3,True
UgybijNv2ja-rWfhiEF4AaABAg.APTtATDKEezAPfZcKL8Ikg,comment,w_tCOgxXKwA,UgybijNv2ja-rWfhiEF4AaABAg,True,@zargsch,@steelnutsack84 🤣,0,True
Ugyt6-Om48AyPX8l4-x4AaABAg,comment,w_tCOgxXKwA,,False,@urbanstrencan,"To me in this class is still the best now actually old Polestar 2, I love the design and actually it's just good to drive and the new Hyundai Ioniq 6 (when is test drive coming?)
But otherwise BYD is really pushing right now with the new models, new battery tech,.. their Denza brands Z9 GT is just awesome.
Electrifying team when are you getting your hands on new XPeng P7 ⚡⚡😍😍",0,True
UgxoUQf75415He7vKAp4AaABAg,comment,w_tCOgxXKwA,,False,@Neronlux,Love mine as well Nic,0,True
UgxRPMxQGD0saopA3JV4AaABAg,comment,w_tCOgxXKwA,,False,@rmc6935,When are you going to review the Xpeng G6. I love mine. They have a couple of developers travelling around the UK speaking with customers to see what we like and would want changed. I think that’s great. Also it has macros that you can create on the app to do many things like change regen depending on your speed.,2,True
UgwV4eqXC8KESt430Zd4AaABAg,comment,w_tCOgxXKwA,,False,@xboxgameplays533,is this paid review?,2,True
Ugxa7xQi5x0x9mHJdjV4AaABAg,comment,w_tCOgxXKwA,,False,@martinwray7001,"If Nicola's got extra chins then I'm actually Jabba the Hut.
Great fun review as always.",1,True
Ugxqzhe6lpjcXOOYDCN4AaABAg,comment,w_tCOgxXKwA,,False,@Peepeh,"Thank you Nicola, great content as always, loved having your very personal perspective on this specific model.",2,True
UgyZRJ_gx3TeyEasXQl4AaABAg,comment,w_tCOgxXKwA,,False,@PaulMeier-cu3ds,"Long term reviews are really useful, so pleased to see this one. I would have liked reminding whether it was 2WD or 4WD, especially with that much power.",12,True
UgyZRJ_gx3TeyEasXQl4AaABAg.APTqmOkc3AzAPTzMNtpPMM,comment,w_tCOgxXKwA,UgyZRJ_gx3TeyEasXQl4AaABAg,True,@Lewis_Standing,4wd the excellence only difference to the comfort is 2 vs 4wd,2,True
UgyZRJ_gx3TeyEasXQl4AaABAg.APTqmOkc3AzAPaBl3DQTzC,comment,w_tCOgxXKwA,UgyZRJ_gx3TeyEasXQl4AaABAg,True,@jamiewalton666,"​@Lewis_StandingIt is also duel motor giving it more power,also has adaptive suspension and head up display,the cheaper RWD has none of these.",0,True
Ugx0L8vU1UGUxpK3aA54AaABAg,comment,w_tCOgxXKwA,,False,@rtfazeberdee3519,Shame it wasn't a hatchback.,2,True
Ugxp3Sq8d6jdhklUsPN4AaABAg,comment,w_tCOgxXKwA,,False,@wilrivera2668,".. Nik, you can never leave this channel.  Took me too long to find you again :)",100,True
Ugxp3Sq8d6jdhklUsPN4AaABAg.APTqTSAx1lCAPTyrkvPEKN,comment,w_tCOgxXKwA,Ugxp3Sq8d6jdhklUsPN4AaABAg,True,@ChrisHaupt,where was she before?,4,True
Ugxp3Sq8d6jdhklUsPN4AaABAg.APTqTSAx1lCAPUWPKAzUZn,comment,w_tCOgxXKwA,Ugxp3Sq8d6jdhklUsPN4AaABAg,True,@wilrivera2668,"​@ChrisHaupt ... Auto express, I believe ...",5,True
Ugxp3Sq8d6jdhklUsPN4AaABAg.APTqTSAx1lCAPVP5SHMg76,comment,w_tCOgxXKwA,Ugxp3Sq8d6jdhklUsPN4AaABAg,True,@nicolahume,@carlishigginsthe way this made me choke on my coffee😅😅😅 brilliant🤣,9,True
UgyjOetdfeg8UZPPXHB4AaABAg,comment,w_tCOgxXKwA,,False,@mikeberry5584,"I love watching her reviews, truthful, entertaining and skilful 😊",1,True
UgzGpioAnpeO0VdeGaF4AaABAg,comment,w_tCOgxXKwA,,False,@leswhitehouse,Is there a ski hatch?,0,True
UgzGpioAnpeO0VdeGaF4AaABAg.APTq7rg-GKVAPTrdWMfsEi,comment,w_tCOgxXKwA,UgzGpioAnpeO0VdeGaF4AaABAg,True,@Icefeldt,"No, sadly there isn't",1,True
UgzGpioAnpeO0VdeGaF4AaABAg.APTq7rg-GKVAPU2-Q1oMYZ,comment,w_tCOgxXKwA,UgzGpioAnpeO0VdeGaF4AaABAg,True,@leswhitehouse,​​@IcefeldtTricky when buying that curtain pole then 🤣,0,True
UgzGpioAnpeO0VdeGaF4AaABAg.APTq7rg-GKVAPU2tpKlSzk,comment,w_tCOgxXKwA,UgzGpioAnpeO0VdeGaF4AaABAg,True,@Icefeldt,​@leswhitehousejust fold down the back seat then. Or do you simoultaniously need to carry 2 passengers in the back? 😊,0,True
UgxjiggS5zlfvaAvrUt4AaABAg,comment,w_tCOgxXKwA,,False,@robsawalker,What's the sound system like?  Did I miss thatr bit?!,0,True
UgxjiggS5zlfvaAvrUt4AaABAg.APTpndAVYynAPTrX8YXqtH,comment,w_tCOgxXKwA,UgxjiggS5zlfvaAvrUt4AaABAg,True,@flacosounds,Its great,0,True
UgxSE0O9tpx-GCCK2L54AaABAg,comment,w_tCOgxXKwA,,False,@ciaran_socal,"It does sound like a great car in just about every way, but wouldn’t an R5 match your personality better?

I find this car looks stylish, but rather boring, just like every Tesla is boring, and you are never boring! 😂",0,True
Ugw8wTrk14NAL-UGdzB4AaABAg,comment,w_tCOgxXKwA,,False,@mrsln2478,nicola you are great ! 🤣,1,True
Ugx6wIqVJHBCHG4EZqh4AaABAg,comment,w_tCOgxXKwA,,False,@joolsmorgan7032,Tesla Model 3 RWD is almost identical and nearly £10K less. So lower road tax. Cue the Elon comments which I’d counter with Taiwan comments.,2,True
Ugx6wIqVJHBCHG4EZqh4AaABAg.APTpaAWq1gtAPTqZLI5rwr,comment,w_tCOgxXKwA,Ugx6wIqVJHBCHG4EZqh4AaABAg,True,@joolsmorgan7032,Looks good though.,0,True
Ugx6wIqVJHBCHG4EZqh4AaABAg.APTpaAWq1gtAPTrjNolXOc,comment,w_tCOgxXKwA,Ugx6wIqVJHBCHG4EZqh4AaABAg,True,@FishAndChippery,I would say the difference being is that this is more like a normal car. I test drive a model 3 and it drives great but so bare inside. I then proceeded to track down a Seal and sit in it and it feels like such an upgrade inside it since you got everything in the right places and seats are much more comfortable. Didn't test drive it though,0,True
Ugx6wIqVJHBCHG4EZqh4AaABAg.APTpaAWq1gtAPTs4W6Z0i6,comment,w_tCOgxXKwA,Ugx6wIqVJHBCHG4EZqh4AaABAg,True,@Icefeldt,"Why do you compare a Seal AWD with a Tesla RWD? 
Either also choose a Seal RWD or compare it to a Tesla Dual Motor/Performance.",1,True
Ugx6wIqVJHBCHG4EZqh4AaABAg.APTpaAWq1gtAPTsUvIKLMp,comment,w_tCOgxXKwA,Ugx6wIqVJHBCHG4EZqh4AaABAg,True,@joolsmorgan7032,@FishAndChipperyI haven’t been in a Seal but from that review it’s lack of buttons etc is very similar to the sparseness of the Tesla,0,True
Ugx6wIqVJHBCHG4EZqh4AaABAg.APTpaAWq1gtAPTsiAIMcw8,comment,w_tCOgxXKwA,Ugx6wIqVJHBCHG4EZqh4AaABAg,True,@joolsmorgan7032,@Icefeldt The WLTP range is similar as is the efficiency. I grant you the 0 to 60 is different.,0,True
Ugx6wIqVJHBCHG4EZqh4AaABAg.APTpaAWq1gtAPTv1r2n7Pv,comment,w_tCOgxXKwA,Ugx6wIqVJHBCHG4EZqh4AaABAg,True,@joolsmorgan7032,@IcefeldtI suspect most people will drive the BYD like Nichola does and not use the “performance” features. In which case go for the M3 RWD,0,True
Ugx6wIqVJHBCHG4EZqh4AaABAg.APTpaAWq1gtAPTvQc6W5vZ,comment,w_tCOgxXKwA,Ugx6wIqVJHBCHG4EZqh4AaABAg,True,@Icefeldt,​@joolsmorgan7032in that case you can also choose the BYD Seal RWD Model with 313HP,1,True
Ugx6wIqVJHBCHG4EZqh4AaABAg.APTpaAWq1gtAPU3-fqMr2Y,comment,w_tCOgxXKwA,Ugx6wIqVJHBCHG4EZqh4AaABAg,True,@FishAndChippery,"​@joolsmorgan7032I would say it's a ""need to get used to it"" vs ""don't need to get used to it"" type of situation. In a Seal the most important parts (HUD, convenient steering wheel buttons, driver's display) are present, which is something that already exists in a lot of cars. With Tesla you need to spend some time just familiarising yourself with how the car works. From my limited 1-hour experience, I haven't managed to figure out how cruise control works, for example. But it is possible, since I now see a lot of elderly drivers in teslas. There were a few other things that made me prefer a Seal instead of a model 3, even with a higher price, but that would be more personal preferences. These two cars should definitely be compared when make a choice for either one of them",0,True
Ugxh5EHr01hV3d9TjcJ4AaABAg,comment,w_tCOgxXKwA,,False,@leswhitehouse,323 miles WLTP is a lot less than the Renault Scenic e-tech,0,True
Ugxh5EHr01hV3d9TjcJ4AaABAg.APTpZahXleKAPTqzCM1vil,comment,w_tCOgxXKwA,Ugxh5EHr01hV3d9TjcJ4AaABAg,True,@stuartheydon6323,So?,0,True
Ugxh5EHr01hV3d9TjcJ4AaABAg.APTpZahXleKAPU29NtPw-s,comment,w_tCOgxXKwA,Ugxh5EHr01hV3d9TjcJ4AaABAg,True,@leswhitehouse,​@stuartheydon6323So I would get Renault. It also has proper buttons and a much bigger boot,0,True
Ugxh5EHr01hV3d9TjcJ4AaABAg.APTpZahXleKAPU3KtBRHv0,comment,w_tCOgxXKwA,Ugxh5EHr01hV3d9TjcJ4AaABAg,True,@stuartheydon6323,@leswhitehouseand has no relevance to this video.,1,True
Ugxh5EHr01hV3d9TjcJ4AaABAg.APTpZahXleKAPU8IuOoXLg,comment,w_tCOgxXKwA,Ugxh5EHr01hV3d9TjcJ4AaABAg,True,@leswhitehouse,​@stuartheydon6323So you never compare cars? What are you watching this for?🤣,0,True
UgyfHgY1eNXWnAfdz3V4AaABAg,comment,w_tCOgxXKwA,,False,@BobTheBlue,How much did BYD pay you to say nice things about this turd?,0,True
UgwoyVIA-iEG6TW09Jx4AaABAg,comment,w_tCOgxXKwA,,False,@dronedad5784,What’s the road noise like inside the car?,5,True
UgwoyVIA-iEG6TW09Jx4AaABAg.APTouqwPcsLAPTr4_g0Rup,comment,w_tCOgxXKwA,UgwoyVIA-iEG6TW09Jx4AaABAg,True,@flacosounds,Absolutely silent mate havent had a car so quiet. Just a beautiful cockpit to be in,2,True
UgwoyVIA-iEG6TW09Jx4AaABAg.APTouqwPcsLAPTy8we-pem,comment,w_tCOgxXKwA,UgwoyVIA-iEG6TW09Jx4AaABAg,True,@planetfall-0_0,Apparently pretty good. Double glazed,1,True
UgwGeLu24gSa9wgfWF54AaABAg,comment,w_tCOgxXKwA,,False,@andrewmalyon5699,"I looked at a Seal.in a local showroom,interior quality is not good,reminded me of a 80 's mitsubishi, hopefully the novelty of chinese stuff will wear off soon ,theres going to be a lot of it worthless in 4 years time when pcp deals are up.",2,True
UgwGeLu24gSa9wgfWF54AaABAg.APToeIrxezVAPTrZFKKu93,comment,w_tCOgxXKwA,UgwGeLu24gSa9wgfWF54AaABAg,True,@flacosounds,behave yourself,0,True
UgwGeLu24gSa9wgfWF54AaABAg.APToeIrxezVAPUCWKmYr4b,comment,w_tCOgxXKwA,UgwGeLu24gSa9wgfWF54AaABAg,True,@ensteffo,Hopefully you grow out of your bigotry induced delusion.,0,True
Ugwpt4yqnJ6brhdZHql4AaABAg,comment,w_tCOgxXKwA,,False,@tonybarton3746,"Hello Nikki reference your phone not charging, a lot of new mobiles phone turn of the charging if they get to hot , could that be your charging problem.  , my iPhone 16 does it after the latest update to protect the battery 😊👍",7,True
Ugwpt4yqnJ6brhdZHql4AaABAg.APToeAV0XV_APTsh0cdfuP,comment,w_tCOgxXKwA,Ugwpt4yqnJ6brhdZHql4AaABAg,True,@rogerfinch7651,"I suspect she’s using CarPlay and Apple Maps / GPS which will heat it up, then adding a charge makes it worse (she said she always links CarPlay). Won’t increase the % much doing that",3,True
Ugwpt4yqnJ6brhdZHql4AaABAg.APToeAV0XV_APTzjTrCeCx,comment,w_tCOgxXKwA,Ugwpt4yqnJ6brhdZHql4AaABAg,True,@Lewis_Standing,"That's still a problem, it's a useless feature therefore",2,True
Ugwpt4yqnJ6brhdZHql4AaABAg.APToeAV0XV_APU5c37uhgP,comment,w_tCOgxXKwA,Ugwpt4yqnJ6brhdZHql4AaABAg,True,@davidm8394,it could also be the case sometimes.. some case are not the best for wireless charging,1,True
Ugw5rA_yla3z8rrLgPZ4AaABAg,comment,w_tCOgxXKwA,,False,@FreezerSIG,Jak ja lubię Twoje recenzje. Namówiłaś mnie na BYD Dolphin :),7,True
Ugw5rA_yla3z8rrLgPZ4AaABAg.APTobpJc0a_APTrCVNLq9p,comment,w_tCOgxXKwA,Ugw5rA_yla3z8rrLgPZ4AaABAg,True,@James-BB70,Helped me too (with those puns 😅) and now love my 🐬,2,True
UgyogcukNxVszR0zMrl4AaABAg,comment,w_tCOgxXKwA,,False,@DougHolmes,"Isn't it odd that manufacturers spend millions on the infotainment systems, then you just use Carplay or Android Auto. Here's an idea for car makers... do a version of the car *without* any of your infotainment stuff in, and pass the savings onto us.",3,True
UgyogcukNxVszR0zMrl4AaABAg.APToQtF32Q0APTqHiDLOui,comment,w_tCOgxXKwA,UgyogcukNxVszR0zMrl4AaABAg,True,@ciaran_socal,"They have all decided that they want the recurring monthly subscription fee from as many drivers as possible, something Tesla figured out ten years ago, which is why they will never add CarPlay, nor will Rivian. CarPlay is completely free for the owner of the phone.

There’s a race to the bottom on this, and it’s not obvious who will win.",1,True
UgyogcukNxVszR0zMrl4AaABAg.APToQtF32Q0APTu7JbaSfG,comment,w_tCOgxXKwA,UgyogcukNxVszR0zMrl4AaABAg,True,@MartinzW,"No, I would rather have a really good infotainment system. I would consider BYD because it's decent. I would not if it didn't. Android Auto or Carplay I don't like using versus good native system.",0,True
Ugyvbl6ypUAoPuMaCkJ4AaABAg,comment,w_tCOgxXKwA,,False,@elmajack35,I would never carry my family around in a Chinese vehicle. Would you Nicola?,3,True
Ugyvbl6ypUAoPuMaCkJ4AaABAg.APToC7jH3fDAPTsfTN1zVl,comment,w_tCOgxXKwA,Ugyvbl6ypUAoPuMaCkJ4AaABAg,True,@TMan786,The BYD Seal has a 5 star Euro NCAP safety rating.  Lots of people use the car with their families.,4,True
Ugyvbl6ypUAoPuMaCkJ4AaABAg.APToC7jH3fDAPTtgLzw9Ci,comment,w_tCOgxXKwA,Ugyvbl6ypUAoPuMaCkJ4AaABAg,True,@angela1984a,"Apparently Tiananmen Square, Ukraine, Hong Kong and Taiwan doesn't matter. The Brits fighting in WW2 would spin in their graves for sure if it was possible.",0,True
Ugyvbl6ypUAoPuMaCkJ4AaABAg.APToC7jH3fDAPTukbwYaUV,comment,w_tCOgxXKwA,Ugyvbl6ypUAoPuMaCkJ4AaABAg,True,@TMan786,​​@angela1984aSo you obviously don't drive around in any German or Japanese car. Which make of car do you drive?,4,True
Ugyvbl6ypUAoPuMaCkJ4AaABAg.APToC7jH3fDAPTxcFzFpMW,comment,w_tCOgxXKwA,Ugyvbl6ypUAoPuMaCkJ4AaABAg,True,@angela1984a,@TMan786 OF COURSE I can drive a German or Japanese car! Germany and Japan are DEMOCRACIES! And they have been for more than 75 years! China on the other hand is not a Democracy!,0,True
UgyBP-FYkmB_53n4smF4AaABAg,comment,w_tCOgxXKwA,,False,@BlarryOfficial,"The ""it's turning heads"" thing is more people being surprised that someone actually bought one of these.",6,True
UgyBP-FYkmB_53n4smF4AaABAg.APTo2ggh_sUAPTuhAQi9Le,comment,w_tCOgxXKwA,UgyBP-FYkmB_53n4smF4AaABAg,True,@MartinzW,"""look at me, I have no taste in cars"" - BlarryOfficial",0,True
UgyBP-FYkmB_53n4smF4AaABAg.APTo2ggh_sUAPUDx_PkbBQ,comment,w_tCOgxXKwA,UgyBP-FYkmB_53n4smF4AaABAg,True,@LittleBoobsLover,@MartinzW what? xd show me nicer looking front of car! BYD created the best looking sedan.,0,True
UgyBP-FYkmB_53n4smF4AaABAg.APTo2ggh_sUAPUJgQVj76N,comment,w_tCOgxXKwA,UgyBP-FYkmB_53n4smF4AaABAg,True,@BlarryOfficial,​@MartinzWpretty much what you say about yourself when you're being seen in one of those,0,True
UgycIzO_Z-Cp_NubyAJ4AaABAg,comment,w_tCOgxXKwA,,False,@James-BB70,"I'll watch this with interest later (when I'm not queueing in the fish n chips shop). Hope u liked it more than the Sealion 7, you were out for blood with than 1",12,True
UgzhWqt7HO4fiMIJJqR4AaABAg,comment,w_tCOgxXKwA,,False,@zahabimandegi7129,BYD is the only Chinese EV that make sense.,4,True
UgzhWqt7HO4fiMIJJqR4AaABAg.APTmi64xcmDAPTpMIb0jvB,comment,w_tCOgxXKwA,UgzhWqt7HO4fiMIJJqR4AaABAg,True,@michelebm,Not really. In my opinion this is the only BYD with good specs and design.,4,True
UgzhWqt7HO4fiMIJJqR4AaABAg.APTmi64xcmDAPTqcmK5-LS,comment,w_tCOgxXKwA,UgzhWqt7HO4fiMIJJqR4AaABAg,True,@aye3678,Zeekr is good but not sure if they're in the UK.,0,True
UgzhWqt7HO4fiMIJJqR4AaABAg.APTmi64xcmDAPTsEdhgDeA,comment,w_tCOgxXKwA,UgzhWqt7HO4fiMIJJqR4AaABAg,True,@geoffhaylock6848,Mazda6e is also another nice Chinese made EV,0,True
UgzhWqt7HO4fiMIJJqR4AaABAg.APTmi64xcmDAPUPzIDBaXp,comment,w_tCOgxXKwA,UgzhWqt7HO4fiMIJJqR4AaABAg,True,@kennyg-888,I'm holding out for the Xiaomi YU7 which is coming to Europe and UK in 2027. I saw the car in China and it's absolutely gorgeous.,1,True
